state,district,year,sugarcane_whole_year_yield_tonne_per_hectare
Andaman and Nicobar Islands,Nicobars,2000 - 2001,2.0
,,2001 - 2002,1.0
,,2002 - 2003,8.0
,,2006 - 2007,2.5
,,2010 - 2011,
,,2011 - 2012,
,,2012 - 2013,
,,2013 - 2014,
,,2014 - 2015,
,,2015 - 2016,
,,2016 - 2017,
,,2017 - 2018,
,,2018 - 2019,
,,2019 - 2020,
,,2020 - 2021,
,,2021 - 2022,
,North and middle andaman,2000 - 2001,26.5
,,2001 - 2002,29.37
,,2006 - 2007,21.04
,,2010 - 2011,
,,2011 - 2012,
,,2012 - 2013,
,,2013 - 2014,
,,2014 - 2015,
,,2015 - 2016,
,,2016 - 2017,
,,2017 - 2018,
,,2018 - 2019,
,,2019 - 2020,
,,2020 - 2021,
,,2021 - 2022,
,,2022 - 2023,
,South andamans,2002 - 2003,30.24
,,2003 - 2004,10.74
,,2004 - 2005,10.74
,,2005 - 2006,19.12
,,2006 - 2007,18.68
,,2010 - 2011,
,,2011 - 2012,
,,2012 - 2013,
,,2013 - 2014,
,,2014 - 2015,
,,2015 - 2016,
,,2016 - 2017,
,,2017 - 2018,
,,2018 - 2019,
,,2019 - 2020,
,,2020 - 2021,
,,2021 - 2022,
,,2022 - 2023,
Andhra Pradesh,Alluri sitharama raju,2022 - 2023,
,Anakapalli,2022 - 2023,
,Anantapur,2000 - 2001,89.42
,,2001 - 2002,86.67
,,2002 - 2003,68.33
,,2003 - 2004,71.33
,,2004 - 2005,85.18
,,2005 - 2006,90.8
,,2006 - 2007,91.26
,,2008 - 2009,93.93
,,2009 - 2010,89.0
,,2010 - 2011,89.28
,,2011 - 2012,95.58
,,2013 - 2014,94.32
,,2014 - 2015,81.87
,,2015 - 2016,82.58
,,2016 - 2017,100.0
,,2017 - 2018,104.43
,,2018 - 2019,
,,2019 - 2020,
,,2020 - 2021,
,,2021 - 2022,
,,2022 - 2023,
,Annamayya,2022 - 2023,
,Bapatla,2022 - 2023,
,Chittoor,2000 - 2001,91.21
,,2001 - 2002,86.04
,,2002 - 2003,68.08
,,2003 - 2004,70.1
,,2004 - 2005,85.07
,,2005 - 2006,87.85
,,2006 - 2007,92.11
,,2007 - 2008,93.97
,,2008 - 2009,84.11
,,2009 - 2010,83.15
,,2010 - 2011,83.38
,,2011 - 2012,90.73
,,2012 - 2013,89.0
,,2013 - 2014,91.04
,,2014 - 2015,79.05
,,2015 - 2016,80.76
,,2016 - 2017,87.83
,,2017 - 2018,95.58
,,2018 - 2019,
,,2019 - 2020,
,,2020 - 2021,
,,2021 - 2022,
,,2022 - 2023,
,East godavari,2000 - 2001,88.93
,,2001 - 2002,89.98
,,2002 - 2003,82.31
,,2003 - 2004,85.83
,,2004 - 2005,84.99
,,2005 - 2006,79.57
,,2006 - 2007,89.04
,,2007 - 2008,87.53
,,2008 - 2009,85.28
,,2009 - 2010,93.54
,,2010 - 2011,83.25
,,2011 - 2012,84.76
,,2012 - 2013,79.36
,,2013 - 2014,84.1
,,2014 - 2015,85.16
,,2015 - 2016,89.1
,,2016 - 2017,89.72
,,2017 - 2018,88.42
,,2018 - 2019,
,,2019 - 2020,
,,2020 - 2021,
,,2021 - 2022,
,,2022 - 2023,
,Eluru,2022 - 2023,
,Guntur,2000 - 2001,79.85
,,2001 - 2002,81.81
,,2002 - 2003,66.13
,,2003 - 2004,71.47
,,2004 - 2005,76.41
,,2005 - 2006,71.06
,,2006 - 2007,78.98
,,2007 - 2008,58.5
,,2008 - 2009,75.33
,,2009 - 2010,100.74
,,2010 - 2011,85.28
,,2011 - 2012,104.0
,,2013 - 2014,102.86
,,2014 - 2015,98.09
,,2015 - 2016,103.19
,,2016 - 2017,106.15
,,2017 - 2018,106.59
,,2018 - 2019,
,,2019 - 2020,
,,2020 - 2021,
,,2021 - 2022,
,,2022 - 2023,
,Kadapa,2000 - 2001,92.36
,,2001 - 2002,93.11
,,2002 - 2003,73.86
,,2003 - 2004,72.49
,,2004 - 2005,89.03
,,2005 - 2006,95.8
,,2006 - 2007,97.8
,,2007 - 2008,82.0
,,2008 - 2009,75.0
,,2009 - 2010,87.63
,,2010 - 2011,90.31
,,2011 - 2012,81.39
,,2013 - 2014,64.4
,,2014 - 2015,82.09
,,2015 - 2016,74.66
,,2016 - 2017,77.57
,,2017 - 2018,97.29
,,2018 - 2019,
,,2019 - 2020,
,,2020 - 2021,
,,2021 - 2022,
,,2022 - 2023,
,Kakinada,2022 - 2023,
,Krishna,2000 - 2001,109.22
,,2001 - 2002,104.04
,,2002 - 2003,100.98
,,2003 - 2004,75.44
,,2004 - 2005,100.77
,,2005 - 2006,83.49
,,2006 - 2007,91.4
,,2007 - 2008,103.44
,,2008 - 2009,95.37
,,2009 - 2010,87.36
,,2010 - 2011,94.63
,,2011 - 2012,101.21
,,2012 - 2013,85.88
,,2013 - 2014,89.8
,,2014 - 2015,83.79
,,2015 - 2016,102.48
,,2016 - 2017,90.47
,,2017 - 2018,92.19
,,2018 - 2019,
,,2019 - 2020,
,,2020 - 2021,
,,2021 - 2022,
,,2022 - 2023,
,Kurnool,2000 - 2001,71.89
,,2001 - 2002,86.98
,,2002 - 2003,73.83
,,2003 - 2004,72.5
,,2004 - 2005,87.52
,,2005 - 2006,96.66
,,2006 - 2007,93.8
,,2007 - 2008,71.5
,,2008 - 2009,89.84
,,2009 - 2010,82.62
,,2010 - 2011,97.19
,,2011 - 2012,101.79
,,2012 - 2013,69.0
,,2013 - 2014,107.08
,,2014 - 2015,116.79
,,2015 - 2016,99.6
,,2016 - 2017,105.19
,,2017 - 2018,130.81
,,2018 - 2019,
,,2019 - 2020,
,,2020 - 2021,
,,2021 - 2022,
,,2022 - 2023,
,Nandyal,2022 - 2023,
,Ntr,2022 - 2023,
,Palnadu,2022 - 2023,
,Parvathipuram manyam,2022 - 2023,
,Prakasam,2000 - 2001,80.28
,,2001 - 2002,81.75
,,2002 - 2003,65.0
,,2003 - 2004,71.01
,,2004 - 2005,74.42
,,2005 - 2006,71.96
,,2006 - 2007,79.47
,,2008 - 2009,80.0
,,2009 - 2010,74.0
,,2010 - 2011,82.0
,,2011 - 2012,81.0
,,2012 - 2013,51.0
,,2013 - 2014,78.95
,,2014 - 2015,72.0
,,2015 - 2016,79.53
,,2016 - 2017,78.0
,,2017 - 2018,71.1
,,2018 - 2019,
,,2019 - 2020,
,,2020 - 2021,
,,2021 - 2022,
,,2022 - 2023,
,Spsr nellore,2000 - 2001,80.44
,,2001 - 2002,88.32
,,2002 - 2003,104.19
,,2003 - 2004,96.1
,,2004 - 2005,94.53
,,2005 - 2006,93.97
,,2006 - 2007,114.44
,,2007 - 2008,94.6
,,2008 - 2009,87.81
,,2009 - 2010,100.77
,,2010 - 2011,91.87
,,2011 - 2012,107.76
,,2012 - 2013,97.3
,,2013 - 2014,104.37
,,2014 - 2015,98.43
,,2015 - 2016,103.29
,,2016 - 2017,96.64
,,2017 - 2018,103.0
,,2018 - 2019,
,,2019 - 2020,
,,2020 - 2021,
,,2021 - 2022,
,Sri sathya sai,2022 - 2023,
,Srikakulam,2000 - 2001,75.8
,,2001 - 2002,81.44
,,2002 - 2003,65.79
,,2003 - 2004,71.29
,,2004 - 2005,76.13
,,2005 - 2006,72.87
,,2006 - 2007,76.09
,,2007 - 2008,70.73
,,2008 - 2009,76.77
,,2009 - 2010,71.41
,,2010 - 2011,56.96
,,2011 - 2012,69.82
,,2012 - 2013,70.29
,,2013 - 2014,69.66
,,2014 - 2015,68.31
,,2015 - 2016,77.41
,,2016 - 2017,78.75
,,2017 - 2018,84.11
,,2018 - 2019,
,,2019 - 2020,
,,2020 - 2021,
,,2021 - 2022,
,,2022 - 2023,
,Tirupati,2022 - 2023,
,Visakhapatanam,2000 - 2001,60.77
,,2001 - 2002,59.99
,,2002 - 2003,36.04
,,2003 - 2004,50.92
,,2004 - 2005,51.04
,,2005 - 2006,49.21
,,2006 - 2007,58.5
,,2007 - 2008,62.29
,,2008 - 2009,56.45
,,2009 - 2010,46.1
,,2010 - 2011,57.23
,,2011 - 2012,56.86
,,2012 - 2013,54.53
,,2013 - 2014,55.94
,,2014 - 2015,48.33
,,2015 - 2016,56.06
,,2016 - 2017,58.96
,,2017 - 2018,57.46
,,2018 - 2019,
,,2019 - 2020,
,,2020 - 2021,
,,2021 - 2022,
,,2022 - 2023,
,Vizianagaram,2000 - 2001,73.65
,,2001 - 2002,68.98
,,2002 - 2003,43.25
,,2003 - 2004,49.54
,,2004 - 2005,62.02
,,2005 - 2006,49.42
,,2006 - 2007,55.18
,,2007 - 2008,56.64
,,2008 - 2009,52.64
,,2009 - 2010,50.9
,,2010 - 2011,63.95
,,2011 - 2012,65.29
,,2012 - 2013,62.31
,,2013 - 2014,62.87
,,2014 - 2015,60.52
,,2015 - 2016,64.61
,,2016 - 2017,66.81
,,2017 - 2018,64.6
,,2018 - 2019,
,,2019 - 2020,
,,2020 - 2021,
,,2021 - 2022,
,,2022 - 2023,
,West godavari,2000 - 2001,72.45
,,2001 - 2002,93.45
,,2002 - 2003,83.33
,,2003 - 2004,91.42
,,2004 - 2005,90.09
,,2005 - 2006,89.84
,,2006 - 2007,91.56
,,2007 - 2008,95.17
,,2008 - 2009,101.42
,,2009 - 2010,99.75
,,2010 - 2011,95.88
,,2011 - 2012,92.66
,,2012 - 2013,90.63
,,2013 - 2014,92.15
,,2014 - 2015,90.74
,,2015 - 2016,92.57
,,2016 - 2017,88.52
,,2017 - 2018,106.84
,,2018 - 2019,
,,2019 - 2020,
,,2020 - 2021,
,,2021 - 2022,
,,2022 - 2023,
Arunachal Pradesh,Anjaw,2004 - 2005,10.0
,,2005 - 2006,10.0
,,2006 - 2007,1.0
,,2007 - 2008,6.0
,,2008 - 2009,5.43
,,2009 - 2010,5.17
,Changlang,2000 - 2001,3.01
,,2001 - 2002,2.75
,,2002 - 2003,3.0
,,2003 - 2004,6.72
,,2004 - 2005,16.0
,,2005 - 2006,7.0
,,2006 - 2007,7.09
,,2007 - 2008,11.5
,,2008 - 2009,12.94
,,2009 - 2010,13.01
,,2010 - 2011,13.01
,,2011 - 2012,13.22
,,2013 - 2014,12.65
,,2014 - 2015,12.99
,,2015 - 2016,13.84
,,2016 - 2017,14.1
,,2017 - 2018,14.61
,,2018 - 2019,14.68
,,2019 - 2020,14.72
,,2020 - 2021,14.77
,,2021 - 2022,14.77
,,2022 - 2023,14.77
,Dibang valley,2000 - 2001,20.0
,,2001 - 2002,21.0
,,2012 - 2013,6.52
,East kameng,2008 - 2009,7.48
,East siang,2000 - 2001,40.67
,,2001 - 2002,40.0
,,2002 - 2003,40.63
,,2003 - 2004,39.59
,,2004 - 2005,10.0
,,2005 - 2006,40.63
,,2006 - 2007,40.63
,,2007 - 2008,40.67
,,2008 - 2009,33.94
,,2009 - 2010,39.25
,,2010 - 2011,39.31
,,2011 - 2012,40.17
,,2012 - 2013,10.0
,,2013 - 2014,36.5
,,2014 - 2015,35.21
,,2015 - 2016,46.73
,,2016 - 2017,44.55
,,2017 - 2018,38.68
,,2018 - 2019,38.89
,,2019 - 2020,38.79
,,2020 - 2021,38.42
,,2021 - 2022,38.42
,,2022 - 2023,38.43
,Kamle,2018 - 2019,29.69
,,2019 - 2020,29.53
,,2020 - 2021,29.72
,,2021 - 2022,29.72
,,2022 - 2023,29.72
,Kra daadi,2015 - 2016,9.76
,,2016 - 2017,11.52
,,2017 - 2018,12.05
,,2018 - 2019,12.5
,,2019 - 2020,12.58
,,2020 - 2021,12.67
,,2021 - 2022,12.67
,,2022 - 2023,12.68
,Kurung kumey,2002 - 2003,13.2
,,2003 - 2004,12.9
,,2004 - 2005,16.63
,,2012 - 2013,29.56
,,2015 - 2016,9.03
,,2016 - 2017,11.91
,,2017 - 2018,12.74
,,2018 - 2019,13.35
,,2019 - 2020,13.46
,,2020 - 2021,13.46
,,2021 - 2022,13.46
,,2022 - 2023,13.46
,Leparada,2019 - 2020,28.16
,,2020 - 2021,28.16
,,2021 - 2022,28.16
,,2022 - 2023,28.16
,Lohit,2000 - 2001,6.88
,,2001 - 2002,10.0
,,2002 - 2003,10.0
,,2003 - 2004,10.0
,,2004 - 2005,20.0
,,2005 - 2006,11.0
,,2006 - 2007,6.65
,,2007 - 2008,6.5
,,2008 - 2009,6.38
,,2009 - 2010,6.33
,,2010 - 2011,6.52
,,2011 - 2012,6.74
,,2013 - 2014,6.59
,,2014 - 2015,13.37
,,2015 - 2016,21.43
,,2016 - 2017,24.33
,,2017 - 2018,24.33
,,2018 - 2019,25.73
,,2019 - 2020,25.58
,,2020 - 2021,25.58
,,2021 - 2022,25.58
,,2022 - 2023,25.59
,Lower dibang valley,2002 - 2003,20.43
,,2003 - 2004,20.0
,,2004 - 2005,6.67
,,2005 - 2006,20.0
,,2006 - 2007,10.0
,,2007 - 2008,10.0
,,2008 - 2009,10.0
,,2009 - 2010,10.0
,,2010 - 2011,10.0
,,2011 - 2012,10.3
,,2013 - 2014,7.0
,,2014 - 2015,9.74
,,2015 - 2016,17.18
,,2016 - 2017,18.11
,,2017 - 2018,18.91
,,2018 - 2019,19.22
,,2019 - 2020,19.24
,,2020 - 2021,19.31
,,2021 - 2022,19.31
,,2022 - 2023,19.31
,Lower siang,2018 - 2019,36.39
,,2019 - 2020,36.42
,,2020 - 2021,36.5
,,2021 - 2022,36.5
,,2022 - 2023,36.5
,Lower subansiri,2000 - 2001,10.0
,,2001 - 2002,10.0
,,2002 - 2003,13.38
,,2003 - 2004,13.49
,,2004 - 2005,7.1
,,2005 - 2006,14.52
,,2006 - 2007,14.5
,,2007 - 2008,14.5
,,2008 - 2009,14.5
,,2009 - 2010,14.55
,,2010 - 2011,30.1
,,2011 - 2012,30.56
,,2012 - 2013,30.56
,,2013 - 2014,30.56
,,2014 - 2015,28.41
,,2015 - 2016,28.37
,,2016 - 2017,28.56
,,2017 - 2018,28.56
,,2018 - 2019,29.1
,,2019 - 2020,29.0
,,2020 - 2021,29.12
,,2021 - 2022,29.12
,,2022 - 2023,29.13
,Namsai,2015 - 2016,22.58
,,2016 - 2017,24.5
,,2017 - 2018,24.5
,,2018 - 2019,25.55
,,2019 - 2020,25.44
,,2020 - 2021,25.68
,,2021 - 2022,25.68
,,2022 - 2023,25.69
,Papum pare,2000 - 2001,14.78
,,2001 - 2002,15.58
,,2002 - 2003,14.54
,,2003 - 2004,15.36
,,2004 - 2005,39.59
,,2005 - 2006,16.7
,,2007 - 2008,16.5
,,2008 - 2009,16.0
,,2009 - 2010,17.0
,,2010 - 2011,16.8
,,2011 - 2012,17.0
,,2012 - 2013,18.9
,,2013 - 2014,19.2
,,2014 - 2015,18.57
,,2015 - 2016,20.3
,,2016 - 2017,20.71
,,2017 - 2018,20.95
,,2018 - 2019,21.12
,,2019 - 2020,21.12
,,2020 - 2021,21.16
,,2021 - 2022,21.16
,,2022 - 2023,21.17
,Shi yomi,2019 - 2020,22.29
,,2020 - 2021,22.29
,,2021 - 2022,22.29
,,2022 - 2023,22.29
,Siang,2015 - 2016,16.38
,,2016 - 2017,17.39
,,2017 - 2018,17.84
,,2018 - 2019,18.16
,,2019 - 2020,18.18
,,2020 - 2021,18.26
,,2021 - 2022,18.26
,,2022 - 2023,18.26
,Tirap,2000 - 2001,10.5
,,2001 - 2002,17.35
,,2002 - 2003,12.56
,,2004 - 2005,12.9
,,2006 - 2007,25.05
,,2012 - 2013,12.65
,Upper siang,2005 - 2006,4.71
,,2006 - 2007,5.0
,,2007 - 2008,5.0
,,2008 - 2009,8.0
,,2009 - 2010,8.5
,,2010 - 2011,8.5
,,2011 - 2012,8.7
,,2012 - 2013,37.54
,,2013 - 2014,9.63
,,2014 - 2015,11.08
,,2015 - 2016,16.53
,,2016 - 2017,17.19
,,2017 - 2018,17.72
,,2018 - 2019,17.93
,,2019 - 2020,17.95
,,2020 - 2021,18.0
,,2021 - 2022,18.0
,,2022 - 2023,18.0
,Upper subansiri,2001 - 2002,13.5
,,2002 - 2003,9.53
,,2003 - 2004,7.4
,,2004 - 2005,28.49
,,2006 - 2007,25.05
,,2007 - 2008,25.2
,,2008 - 2009,24.96
,,2009 - 2010,25.11
,,2010 - 2011,32.43
,,2011 - 2012,24.84
,,2012 - 2013,26.51
,,2013 - 2014,27.16
,,2014 - 2015,24.59
,,2015 - 2016,28.57
,,2016 - 2017,28.89
,,2017 - 2018,28.89
,,2018 - 2019,29.33
,,2019 - 2020,29.19
,,2020 - 2021,29.35
,,2021 - 2022,29.35
,,2022 - 2023,29.35
,West siang,2000 - 2001,29.24
,,2001 - 2002,29.47
,,2002 - 2003,28.43
,,2003 - 2004,28.43
,,2004 - 2005,5.0
,,2005 - 2006,28.49
,,2006 - 2007,28.65
,,2007 - 2008,28.95
,,2008 - 2009,28.97
,,2009 - 2010,28.99
,,2010 - 2011,29.01
,,2011 - 2012,29.22
,,2012 - 2013,9.5
,,2013 - 2014,29.57
,,2014 - 2015,27.76
,,2015 - 2016,32.05
,,2016 - 2017,31.97
,,2017 - 2018,31.97
,,2018 - 2019,22.03
,,2019 - 2020,22.06
,,2020 - 2021,22.36
,,2021 - 2022,22.36
,,2022 - 2023,22.36
Assam,Baksa,2005 - 2006,37.03
,,2006 - 2007,39.64
,,2007 - 2008,38.07
,,2008 - 2009,38.39
,,2009 - 2010,39.11
,,2010 - 2011,23.5
,,2011 - 2012,29.65
,,2012 - 2013,20.98
,,2013 - 2014,18.79
,,2014 - 2015,24.41
,,2015 - 2016,29.51
,,2016 - 2017,29.77
,,2017 - 2018,28.9
,,2018 - 2019,21.68
,,2019 - 2020,25.24
,,2020 - 2021,21.3
,,2021 - 2022,20.89
,,2022 - 2023,36.76
,Barpeta,2000 - 2001,36.9
,,2001 - 2002,37.23
,,2002 - 2003,36.42
,,2003 - 2004,38.59
,,2004 - 2005,36.92
,,2005 - 2006,37.19
,,2006 - 2007,39.64
,,2007 - 2008,38.08
,,2008 - 2009,38.39
,,2009 - 2010,39.11
,,2010 - 2011,36.19
,,2011 - 2012,37.06
,,2012 - 2013,35.61
,,2013 - 2014,36.97
,,2014 - 2015,36.76
,,2015 - 2016,35.24
,,2016 - 2017,38.47
,,2017 - 2018,37.4
,,2018 - 2019,35.06
,,2019 - 2020,41.01
,,2020 - 2021,35.85
,,2021 - 2022,38.97
,,2022 - 2023,44.56
,Biswanath,2020 - 2021,33.74
,,2021 - 2022,32.96
,,2022 - 2023,33.66
,Bongaigaon,2000 - 2001,36.9
,,2001 - 2002,37.23
,,2002 - 2003,36.42
,,2003 - 2004,38.59
,,2004 - 2005,36.92
,,2005 - 2006,37.19
,,2006 - 2007,39.63
,,2007 - 2008,38.08
,,2008 - 2009,38.39
,,2009 - 2010,39.11
,,2010 - 2011,36.19
,,2011 - 2012,37.05
,,2012 - 2013,35.61
,,2013 - 2014,36.97
,,2014 - 2015,36.76
,,2015 - 2016,35.24
,,2016 - 2017,38.47
,,2017 - 2018,37.4
,,2018 - 2019,35.06
,,2019 - 2020,41.01
,,2020 - 2021,35.85
,,2021 - 2022,38.97
,,2022 - 2023,44.57
,Cachar,2000 - 2001,15.6
,,2001 - 2002,36.95
,,2002 - 2003,43.8
,,2003 - 2004,40.47
,,2004 - 2005,36.92
,,2005 - 2006,37.91
,,2006 - 2007,43.06
,,2007 - 2008,43.14
,,2008 - 2009,42.74
,,2009 - 2010,43.12
,,2010 - 2011,41.16
,,2011 - 2012,37.05
,,2012 - 2013,35.61
,,2013 - 2014,33.83
,,2014 - 2015,35.42
,,2015 - 2016,31.87
,,2016 - 2017,32.64
,,2017 - 2018,30.8
,,2018 - 2019,29.08
,,2019 - 2020,41.01
,,2020 - 2021,30.9
,,2021 - 2022,38.78
,,2022 - 2023,44.56
,Charaideo,2020 - 2021,35.84
,,2021 - 2022,38.96
,,2022 - 2023,44.57
,Chirang,2005 - 2006,37.19
,,2006 - 2007,39.64
,,2007 - 2008,38.08
,,2008 - 2009,38.39
,,2009 - 2010,39.11
,,2010 - 2011,36.2
,,2011 - 2012,37.05
,,2012 - 2013,35.61
,,2013 - 2014,36.97
,,2014 - 2015,36.76
,,2015 - 2016,35.25
,,2016 - 2017,38.47
,,2017 - 2018,37.4
,,2018 - 2019,35.06
,,2019 - 2020,41.01
,,2020 - 2021,35.84
,,2021 - 2022,38.96
,,2022 - 2023,44.56
,Darrang,2000 - 2001,30.11
,,2001 - 2002,31.62
,,2002 - 2003,34.37
,,2003 - 2004,40.69
,,2004 - 2005,34.61
,,2005 - 2006,28.24
,,2006 - 2007,31.64
,,2007 - 2008,34.7
,,2008 - 2009,38.66
,,2009 - 2010,39.53
,,2010 - 2011,38.43
,,2011 - 2012,42.04
,,2012 - 2013,40.48
,,2013 - 2014,41.77
,,2014 - 2015,43.47
,,2015 - 2016,40.13
,,2016 - 2017,45.92
,,2017 - 2018,39.91
,,2018 - 2019,40.1
,,2019 - 2020,41.1
,,2020 - 2021,43.3
,,2021 - 2022,39.93
,,2022 - 2023,39.74
,Dhemaji,2000 - 2001,36.89
,,2001 - 2002,37.23
,,2002 - 2003,36.42
,,2003 - 2004,38.59
,,2004 - 2005,36.94
,,2005 - 2006,37.19
,,2006 - 2007,39.63
,,2007 - 2008,38.08
,,2008 - 2009,38.39
,,2009 - 2010,39.11
,,2010 - 2011,36.2
,,2011 - 2012,37.06
,,2012 - 2013,35.61
,,2013 - 2014,36.97
,,2014 - 2015,36.76
,,2015 - 2016,35.25
,,2016 - 2017,38.47
,,2017 - 2018,37.4
,,2018 - 2019,35.06
,,2019 - 2020,41.01
,,2020 - 2021,35.84
,,2021 - 2022,38.97
,,2022 - 2023,44.56
,Dhubri,2000 - 2001,36.9
,,2001 - 2002,37.23
,,2002 - 2003,36.42
,,2003 - 2004,38.58
,,2004 - 2005,36.91
,,2005 - 2006,37.19
,,2006 - 2007,39.64
,,2007 - 2008,38.08
,,2008 - 2009,38.39
,,2009 - 2010,39.11
,,2010 - 2011,36.2
,,2011 - 2012,37.06
,,2012 - 2013,35.61
,,2013 - 2014,36.97
,,2014 - 2015,36.76
,,2015 - 2016,35.24
,,2016 - 2017,38.47
,,2017 - 2018,37.4
,,2018 - 2019,35.06
,,2019 - 2020,41.01
,,2020 - 2021,35.84
,,2021 - 2022,38.97
,,2022 - 2023,44.57
,Dibrugarh,2000 - 2001,36.9
,,2001 - 2002,37.23
,,2002 - 2003,36.42
,,2003 - 2004,38.59
,,2004 - 2005,36.91
,,2005 - 2006,37.18
,,2006 - 2007,39.63
,,2007 - 2008,38.67
,,2008 - 2009,38.39
,,2009 - 2010,39.11
,,2010 - 2011,36.2
,,2011 - 2012,37.05
,,2012 - 2013,35.61
,,2013 - 2014,36.97
,,2014 - 2015,36.76
,,2015 - 2016,35.24
,,2016 - 2017,38.47
,,2017 - 2018,37.4
,,2018 - 2019,35.06
,,2019 - 2020,41.01
,,2020 - 2021,35.85
,,2021 - 2022,38.97
,,2022 - 2023,44.56
,Dima hasao,2000 - 2001,31.6
,,2001 - 2002,33.25
,,2002 - 2003,33.91
,,2003 - 2004,31.15
,,2004 - 2005,32.56
,,2005 - 2006,31.91
,,2006 - 2007,28.35
,,2007 - 2008,29.61
,,2008 - 2009,31.47
,,2009 - 2010,28.59
,,2010 - 2011,35.26
,,2011 - 2012,31.39
,,2012 - 2013,30.06
,,2013 - 2014,36.3
,,2014 - 2015,39.49
,,2015 - 2016,53.32
,,2016 - 2017,50.25
,,2017 - 2018,50.24
,,2018 - 2019,35.06
,,2019 - 2020,50.02
,,2020 - 2021,51.46
,,2021 - 2022,41.04
,,2022 - 2023,35.49
,Goalpara,2000 - 2001,47.67
,,2001 - 2002,37.23
,,2002 - 2003,36.42
,,2003 - 2004,38.59
,,2004 - 2005,36.92
,,2005 - 2006,37.19
,,2006 - 2007,39.63
,,2007 - 2008,38.07
,,2008 - 2009,38.39
,,2009 - 2010,39.11
,,2010 - 2011,36.2
,,2011 - 2012,37.06
,,2012 - 2013,35.61
,,2013 - 2014,36.97
,,2014 - 2015,36.76
,,2015 - 2016,35.24
,,2016 - 2017,38.46
,,2017 - 2018,37.4
,,2018 - 2019,35.06
,,2019 - 2020,41.01
,,2020 - 2021,35.84
,,2021 - 2022,38.97
,,2022 - 2023,44.57
,Golaghat,2000 - 2001,41.26
,,2001 - 2002,36.53
,,2002 - 2003,37.52
,,2003 - 2004,40.77
,,2004 - 2005,40.2
,,2005 - 2006,39.12
,,2006 - 2007,42.81
,,2007 - 2008,36.76
,,2008 - 2009,33.3
,,2009 - 2010,36.92
,,2010 - 2011,33.56
,,2011 - 2012,35.83
,,2012 - 2013,34.2
,,2013 - 2014,35.06
,,2014 - 2015,34.09
,,2015 - 2016,26.62
,,2016 - 2017,26.8
,,2017 - 2018,27.34
,,2018 - 2019,25.48
,,2019 - 2020,25.78
,,2020 - 2021,26.6
,,2021 - 2022,27.33
,,2022 - 2023,50.3
,Hailakandi,2000 - 2001,47.45
,,2001 - 2002,28.8
,,2002 - 2003,21.4
,,2003 - 2004,19.6
,,2004 - 2005,41.4
,,2005 - 2006,39.0
,,2006 - 2007,39.63
,,2007 - 2008,38.08
,,2008 - 2009,27.0
,,2009 - 2010,39.1
,,2010 - 2011,36.2
,,2011 - 2012,37.06
,,2012 - 2013,35.61
,,2013 - 2014,36.97
,,2014 - 2015,36.76
,,2015 - 2016,35.24
,,2016 - 2017,38.46
,,2017 - 2018,37.4
,,2018 - 2019,35.06
,,2019 - 2020,41.01
,,2020 - 2021,35.85
,,2021 - 2022,38.97
,,2022 - 2023,44.57
,Hojai,2020 - 2021,17.43
,,2021 - 2022,43.25
,,2022 - 2023,43.87
,Jorhat,2000 - 2001,33.78
,,2001 - 2002,34.35
,,2002 - 2003,32.95
,,2003 - 2004,34.22
,,2004 - 2005,32.39
,,2005 - 2006,32.51
,,2006 - 2007,33.41
,,2007 - 2008,33.33
,,2008 - 2009,30.89
,,2009 - 2010,33.25
,,2010 - 2011,27.57
,,2011 - 2012,31.92
,,2012 - 2013,27.8
,,2013 - 2014,28.7
,,2014 - 2015,29.67
,,2015 - 2016,30.76
,,2016 - 2017,33.6
,,2017 - 2018,32.94
,,2018 - 2019,31.51
,,2019 - 2020,32.84
,,2020 - 2021,35.85
,,2021 - 2022,38.97
,,2022 - 2023,44.55
,Kamrup,2000 - 2001,36.9
,,2001 - 2002,43.38
,,2002 - 2003,43.43
,,2003 - 2004,41.26
,,2004 - 2005,40.31
,,2005 - 2006,48.43
,,2006 - 2007,48.69
,,2007 - 2008,34.55
,,2008 - 2009,36.5
,,2009 - 2010,35.07
,,2010 - 2011,38.48
,,2011 - 2012,39.55
,,2012 - 2013,39.82
,,2013 - 2014,40.46
,,2014 - 2015,40.51
,,2015 - 2016,31.94
,,2016 - 2017,27.92
,,2017 - 2018,32.44
,,2018 - 2019,28.4
,,2019 - 2020,29.72
,,2020 - 2021,30.43
,,2021 - 2022,57.36
,,2022 - 2023,79.98
,Kamrup metro,2005 - 2006,55.03
,,2006 - 2007,53.73
,,2007 - 2008,38.08
,,2008 - 2009,38.38
,,2009 - 2010,39.11
,,2010 - 2011,36.2
,,2011 - 2012,37.06
,,2012 - 2013,35.61
,,2013 - 2014,36.97
,,2014 - 2015,36.76
,,2015 - 2016,35.25
,,2016 - 2017,38.46
,,2017 - 2018,37.41
,,2018 - 2019,35.06
,,2019 - 2020,41.01
,,2020 - 2021,35.84
,,2021 - 2022,38.97
,,2022 - 2023,44.56
,Karbi anglong,2000 - 2001,41.25
,,2001 - 2002,44.16
,,2002 - 2003,39.38
,,2003 - 2004,44.15
,,2004 - 2005,41.16
,,2005 - 2006,40.58
,,2006 - 2007,46.62
,,2007 - 2008,47.22
,,2008 - 2009,45.8
,,2009 - 2010,45.88
,,2010 - 2011,36.2
,,2011 - 2012,36.18
,,2012 - 2013,39.04
,,2013 - 2014,39.51
,,2014 - 2015,37.72
,,2015 - 2016,30.89
,,2016 - 2017,40.22
,,2017 - 2018,35.32
,,2018 - 2019,39.39
,,2019 - 2020,44.12
,,2020 - 2021,35.85
,,2021 - 2022,30.67
,,2022 - 2023,44.61
,Karimganj,2000 - 2001,35.74
,,2001 - 2002,44.07
,,2002 - 2003,48.21
,,2003 - 2004,37.18
,,2004 - 2005,45.54
,,2005 - 2006,33.43
,,2006 - 2007,32.6
,,2007 - 2008,23.41
,,2008 - 2009,26.19
,,2009 - 2010,38.99
,,2010 - 2011,28.72
,,2011 - 2012,34.87
,,2012 - 2013,36.42
,,2013 - 2014,35.67
,,2014 - 2015,28.97
,,2015 - 2016,37.05
,,2016 - 2017,36.9
,,2017 - 2018,36.3
,,2018 - 2019,36.21
,,2019 - 2020,35.28
,,2020 - 2021,36.31
,,2021 - 2022,34.63
,,2022 - 2023,34.1
,Kokrajhar,2000 - 2001,36.88
,,2001 - 2002,37.24
,,2002 - 2003,36.41
,,2003 - 2004,38.6
,,2004 - 2005,36.92
,,2005 - 2006,37.19
,,2006 - 2007,39.64
,,2007 - 2008,38.08
,,2008 - 2009,38.38
,,2009 - 2010,39.11
,,2010 - 2011,36.2
,,2011 - 2012,37.05
,,2012 - 2013,35.61
,,2013 - 2014,36.97
,,2014 - 2015,36.76
,,2015 - 2016,35.25
,,2016 - 2017,38.47
,,2017 - 2018,37.38
,,2018 - 2019,35.06
,,2019 - 2020,41.01
,,2020 - 2021,35.84
,,2021 - 2022,38.97
,,2022 - 2023,44.57
,Lakhimpur,2000 - 2001,35.1
,,2001 - 2002,38.56
,,2002 - 2003,38.23
,,2003 - 2004,33.51
,,2004 - 2005,37.66
,,2005 - 2006,38.96
,,2006 - 2007,38.15
,,2007 - 2008,33.4
,,2008 - 2009,36.06
,,2009 - 2010,37.33
,,2010 - 2011,45.85
,,2011 - 2012,61.53
,,2012 - 2013,49.68
,,2013 - 2014,46.75
,,2014 - 2015,47.51
,,2015 - 2016,44.13
,,2016 - 2017,45.39
,,2017 - 2018,43.63
,,2018 - 2019,35.06
,,2019 - 2020,41.01
,,2020 - 2021,48.1
,,2021 - 2022,47.4
,,2022 - 2023,49.41
,Majuli,2020 - 2021,30.45
,,2021 - 2022,38.97
,,2022 - 2023,34.78
,Marigaon,2000 - 2001,42.16
,,2001 - 2002,39.93
,,2002 - 2003,41.16
,,2003 - 2004,35.46
,,2004 - 2005,37.72
,,2005 - 2006,38.28
,,2006 - 2007,36.06
,,2007 - 2008,36.87
,,2008 - 2009,39.49
,,2009 - 2010,38.01
,,2010 - 2011,37.23
,,2011 - 2012,39.97
,,2012 - 2013,34.47
,,2013 - 2014,33.3
,,2014 - 2015,39.88
,,2015 - 2016,39.95
,,2016 - 2017,37.64
,,2017 - 2018,31.51
,,2018 - 2019,29.02
,,2019 - 2020,35.88
,,2020 - 2021,37.21
,,2021 - 2022,35.98
,,2022 - 2023,52.08
,Nagaon,2000 - 2001,34.93
,,2001 - 2002,34.31
,,2002 - 2003,33.28
,,2003 - 2004,36.15
,,2004 - 2005,33.0
,,2005 - 2006,33.6
,,2006 - 2007,35.04
,,2007 - 2008,35.18
,,2008 - 2009,36.53
,,2009 - 2010,37.59
,,2010 - 2011,35.54
,,2011 - 2012,36.73
,,2012 - 2013,33.57
,,2013 - 2014,35.79
,,2014 - 2015,33.54
,,2015 - 2016,30.58
,,2016 - 2017,35.78
,,2017 - 2018,37.31
,,2018 - 2019,34.95
,,2019 - 2020,39.6
,,2020 - 2021,36.62
,,2021 - 2022,32.53
,,2022 - 2023,50.92
,Nalbari,2000 - 2001,38.43
,,2001 - 2002,37.23
,,2002 - 2003,37.68
,,2003 - 2004,39.9
,,2004 - 2005,38.35
,,2005 - 2006,39.34
,,2006 - 2007,37.8
,,2007 - 2008,38.08
,,2008 - 2009,39.06
,,2009 - 2010,39.0
,,2010 - 2011,39.09
,,2011 - 2012,34.28
,,2012 - 2013,33.52
,,2013 - 2014,34.03
,,2014 - 2015,33.57
,,2015 - 2016,34.5
,,2016 - 2017,35.38
,,2017 - 2018,33.47
,,2018 - 2019,33.27
,,2019 - 2020,32.91
,,2020 - 2021,34.37
,,2021 - 2022,38.97
,,2022 - 2023,44.56
,Sivasagar,2000 - 2001,36.9
,,2001 - 2002,37.23
,,2002 - 2003,36.42
,,2003 - 2004,38.59
,,2004 - 2005,36.92
,,2005 - 2006,37.19
,,2006 - 2007,39.63
,,2007 - 2008,38.07
,,2008 - 2009,38.39
,,2009 - 2010,39.11
,,2010 - 2011,36.21
,,2011 - 2012,37.05
,,2012 - 2013,35.62
,,2013 - 2014,36.98
,,2014 - 2015,36.76
,,2015 - 2016,35.24
,,2016 - 2017,38.47
,,2017 - 2018,37.4
,,2018 - 2019,35.07
,,2019 - 2020,41.01
,,2020 - 2021,35.85
,,2021 - 2022,38.97
,,2022 - 2023,44.56
,Sonitpur,2000 - 2001,40.13
,,2001 - 2002,37.78
,,2002 - 2003,38.4
,,2003 - 2004,39.12
,,2004 - 2005,36.32
,,2005 - 2006,38.51
,,2006 - 2007,39.09
,,2007 - 2008,35.24
,,2008 - 2009,35.67
,,2009 - 2010,39.03
,,2010 - 2011,39.54
,,2011 - 2012,42.97
,,2012 - 2013,36.43
,,2013 - 2014,38.04
,,2014 - 2015,38.86
,,2015 - 2016,38.15
,,2016 - 2017,38.71
,,2017 - 2018,36.35
,,2018 - 2019,36.5
,,2019 - 2020,45.45
,,2020 - 2021,33.68
,,2021 - 2022,39.5
,,2022 - 2023,30.58
,South salmara mancachar,2020 - 2021,35.86
,,2021 - 2022,38.95
,,2022 - 2023,44.58
,Tinsukia,2000 - 2001,30.78
,,2001 - 2002,37.23
,,2002 - 2003,36.42
,,2003 - 2004,38.59
,,2004 - 2005,36.92
,,2005 - 2006,37.19
,,2006 - 2007,39.63
,,2007 - 2008,38.07
,,2008 - 2009,38.39
,,2009 - 2010,39.11
,,2010 - 2011,36.2
,,2011 - 2012,37.06
,,2012 - 2013,35.61
,,2013 - 2014,36.97
,,2014 - 2015,36.77
,,2015 - 2016,35.25
,,2016 - 2017,38.47
,,2017 - 2018,37.4
,,2018 - 2019,35.06
,,2019 - 2020,41.01
,,2020 - 2021,35.84
,,2021 - 2022,38.97
,,2022 - 2023,44.56
,Udalguri,2005 - 2006,42.08
,,2006 - 2007,33.22
,,2007 - 2008,33.08
,,2008 - 2009,46.27
,,2009 - 2010,32.02
,,2010 - 2011,44.93
,,2011 - 2012,39.02
,,2012 - 2013,45.09
,,2013 - 2014,37.08
,,2014 - 2015,39.91
,,2015 - 2016,37.96
,,2016 - 2017,40.28
,,2017 - 2018,39.9
,,2018 - 2019,35.21
,,2019 - 2020,38.79
,,2020 - 2021,36.59
,,2021 - 2022,37.06
,,2022 - 2023,37.64
,West karbi anglong,2020 - 2021,46.08
,,2021 - 2022,43.13
,,2022 - 2023,50.45
Bihar,Araria,2000 - 2001,38.92
,,2001 - 2002,46.32
,,2002 - 2003,41.19
,,2003 - 2004,39.7
,,2004 - 2005,36.49
,,2010 - 2011,50.18
,Arwal,2003 - 2004,42.15
,,2004 - 2005,35.96
,,2005 - 2006,26.31
,,2007 - 2008,37.08
,,2008 - 2009,35.0
,,2009 - 2010,48.78
,,2010 - 2011,67.13
,,2012 - 2013,60.47
,,2013 - 2014,24.74
,,2014 - 2015,113.29
,,2015 - 2016,110.5
,,2016 - 2017,122.5
,,2017 - 2018,40.71
,,2018 - 2019,94.47
,,2019 - 2020,60.6
,,2020 - 2021,54.79
,Aurangabad,2000 - 2001,45.02
,,2001 - 2002,44.49
,,2002 - 2003,46.15
,,2003 - 2004,42.67
,,2004 - 2005,35.96
,,2005 - 2006,26.3
,,2007 - 2008,36.52
,,2008 - 2009,38.51
,,2009 - 2010,48.6
,,2010 - 2011,67.12
,,2012 - 2013,60.46
,,2013 - 2014,24.73
,,2014 - 2015,112.85
,,2015 - 2016,101.74
,,2016 - 2017,122.5
,,2017 - 2018,40.7
,,2018 - 2019,94.49
,,2019 - 2020,60.67
,,2020 - 2021,54.78
,,2021 - 2022,57.25
,Banka,2000 - 2001,30.16
,,2001 - 2002,48.64
,,2002 - 2003,51.0
,,2003 - 2004,35.91
,,2004 - 2005,41.49
,,2005 - 2006,38.5
,,2007 - 2008,49.74
,,2008 - 2009,38.36
,,2009 - 2010,72.69
,,2010 - 2011,71.54
,,2012 - 2013,57.24
,,2013 - 2014,73.61
,,2014 - 2015,68.55
,,2015 - 2016,56.74
,,2016 - 2017,69.5
,,2017 - 2018,58.78
,,2018 - 2019,88.42
,,2019 - 2020,67.1
,,2020 - 2021,69.97
,,2021 - 2022,42.0
,,2022 - 2023,51.13
,Begusarai,2000 - 2001,40.28
,,2001 - 2002,46.38
,,2002 - 2003,39.54
,,2003 - 2004,43.71
,,2004 - 2005,27.04
,,2005 - 2006,38.22
,,2007 - 2008,0.64
,,2008 - 2009,16.94
,,2009 - 2010,32.09
,,2010 - 2011,81.49
,,2012 - 2013,90.23
,,2013 - 2014,72.39
,,2014 - 2015,60.62
,,2015 - 2016,59.91
,,2016 - 2017,56.9
,,2017 - 2018,64.03
,,2018 - 2019,61.3
,,2019 - 2020,79.04
,,2020 - 2021,64.34
,,2021 - 2022,41.65
,,2022 - 2023,85.35
,Bhagalpur,2000 - 2001,35.21
,,2001 - 2002,46.91
,,2002 - 2003,44.23
,,2003 - 2004,49.93
,,2004 - 2005,36.11
,,2005 - 2006,40.26
,,2007 - 2008,47.9
,,2008 - 2009,36.02
,,2009 - 2010,39.01
,,2010 - 2011,98.58
,,2012 - 2013,68.82
,,2013 - 2014,71.83
,,2014 - 2015,67.32
,,2015 - 2016,56.7
,,2016 - 2017,55.52
,,2017 - 2018,55.1
,,2018 - 2019,56.59
,,2019 - 2020,56.61
,,2020 - 2021,60.35
,,2021 - 2022,41.6
,,2022 - 2023,39.53
,Bhojpur,2000 - 2001,23.08
,,2001 - 2002,39.73
,,2002 - 2003,37.03
,,2003 - 2004,35.97
,,2004 - 2005,41.04
,,2005 - 2006,41.89
,,2007 - 2008,38.29
,,2008 - 2009,46.2
,,2009 - 2010,44.75
,,2010 - 2011,45.93
,,2012 - 2013,39.53
,,2013 - 2014,52.06
,,2014 - 2015,66.64
,,2015 - 2016,47.1
,,2016 - 2017,54.36
,,2017 - 2018,63.81
,,2018 - 2019,59.5
,,2019 - 2020,61.0
,,2021 - 2022,57.5
,,2022 - 2023,69.0
,Buxar,2000 - 2001,23.08
,,2001 - 2002,37.05
,,2002 - 2003,31.94
,,2003 - 2004,34.39
,,2004 - 2005,41.91
,,2005 - 2006,42.11
,,2007 - 2008,51.73
,,2008 - 2009,49.3
,,2009 - 2010,28.71
,,2010 - 2011,24.76
,,2012 - 2013,36.86
,,2013 - 2014,58.96
,,2014 - 2015,66.64
,,2015 - 2016,43.63
,,2016 - 2017,53.67
,,2017 - 2018,64.44
,,2018 - 2019,59.0
,,2019 - 2020,60.59
,,2020 - 2021,54.86
,,2021 - 2022,57.26
,,2022 - 2023,73.66
,Darbhanga,2000 - 2001,46.91
,,2001 - 2002,35.67
,,2002 - 2003,35.35
,,2003 - 2004,44.42
,,2004 - 2005,13.32
,,2005 - 2006,29.22
,,2007 - 2008,19.2
,,2008 - 2009,35.39
,,2009 - 2010,39.05
,,2010 - 2011,43.45
,,2012 - 2013,46.5
,,2013 - 2014,52.6
,,2014 - 2015,41.16
,,2015 - 2016,47.8
,,2016 - 2017,57.58
,,2017 - 2018,59.28
,,2018 - 2019,38.38
,,2019 - 2020,58.67
,,2020 - 2021,19.91
,,2021 - 2022,50.71
,,2022 - 2023,46.32
,Gaya,2000 - 2001,45.02
,,2001 - 2002,44.49
,,2002 - 2003,46.07
,,2003 - 2004,42.01
,,2004 - 2005,35.96
,,2005 - 2006,26.94
,,2007 - 2008,37.0
,,2008 - 2009,35.3
,,2009 - 2010,48.75
,,2010 - 2011,48.65
,,2012 - 2013,60.86
,,2013 - 2014,28.63
,,2014 - 2015,79.15
,,2015 - 2016,109.07
,,2016 - 2017,68.39
,,2017 - 2018,54.75
,,2018 - 2019,68.36
,Gopalganj,2000 - 2001,42.23
,,2001 - 2002,46.43
,,2002 - 2003,33.41
,,2003 - 2004,39.39
,,2004 - 2005,39.71
,,2005 - 2006,48.21
,,2007 - 2008,36.26
,,2008 - 2009,44.15
,,2009 - 2010,46.61
,,2010 - 2011,40.0
,,2012 - 2013,49.46
,,2013 - 2014,54.4
,,2014 - 2015,57.78
,,2015 - 2016,56.84
,,2016 - 2017,53.7
,,2017 - 2018,56.93
,,2018 - 2019,56.97
,,2019 - 2020,66.35
,,2020 - 2021,56.98
,,2021 - 2022,75.13
,,2022 - 2023,63.33
,Jamui,2000 - 2001,46.91
,,2001 - 2002,52.23
,,2002 - 2003,48.09
,,2003 - 2004,46.17
,,2004 - 2005,47.17
,,2005 - 2006,16.54
,,2007 - 2008,14.23
,,2008 - 2009,16.2
,,2009 - 2010,37.53
,,2010 - 2011,67.61
,,2012 - 2013,65.36
,,2013 - 2014,48.66
,,2014 - 2015,57.0
,,2015 - 2016,66.36
,,2016 - 2017,56.66
,,2017 - 2018,53.07
,,2018 - 2019,45.72
,,2019 - 2020,58.68
,,2020 - 2021,61.04
,,2021 - 2022,42.0
,Jehanabad,2000 - 2001,45.01
,,2001 - 2002,44.49
,,2002 - 2003,46.15
,,2003 - 2004,42.52
,,2004 - 2005,35.96
,,2005 - 2006,26.31
,,2007 - 2008,37.08
,,2008 - 2009,35.0
,,2009 - 2010,48.78
,,2010 - 2011,86.74
,,2012 - 2013,60.46
,,2013 - 2014,24.73
,,2014 - 2015,113.28
,,2015 - 2016,110.5
,,2016 - 2017,122.53
,,2017 - 2018,40.69
,,2019 - 2020,60.59
,Kaimur (bhabua),2000 - 2001,23.08
,,2001 - 2002,36.48
,,2002 - 2003,41.1
,,2003 - 2004,35.29
,,2004 - 2005,41.91
,,2005 - 2006,42.11
,,2007 - 2008,27.03
,,2008 - 2009,44.0
,,2009 - 2010,28.18
,,2010 - 2011,24.76
,,2012 - 2013,48.93
,,2013 - 2014,39.15
,,2014 - 2015,66.63
,,2015 - 2016,43.55
,,2016 - 2017,53.68
,,2017 - 2018,64.45
,,2018 - 2019,59.43
,,2019 - 2020,60.58
,,2020 - 2021,54.8
,,2021 - 2022,57.14
,,2022 - 2023,68.96
,Katihar,2000 - 2001,42.14
,,2001 - 2002,46.0
,,2002 - 2003,40.0
,,2003 - 2004,39.7
,,2004 - 2005,36.49
,,2005 - 2006,40.88
,,2007 - 2008,41.54
,,2008 - 2009,45.25
,,2009 - 2010,43.59
,,2010 - 2011,44.84
,,2012 - 2013,56.73
,,2013 - 2014,53.14
,,2014 - 2015,58.61
,,2015 - 2016,51.09
,,2016 - 2017,56.05
,,2018 - 2019,56.69
,Khagaria,2000 - 2001,40.22
,,2001 - 2002,46.33
,,2002 - 2003,39.44
,,2003 - 2004,43.68
,,2004 - 2005,26.62
,,2005 - 2006,39.08
,,2008 - 2009,17.0
,,2009 - 2010,31.0
,,2010 - 2011,84.22
,,2012 - 2013,99.85
,,2013 - 2014,74.3
,,2014 - 2015,55.54
,,2015 - 2016,53.57
,,2019 - 2020,61.09
,,2020 - 2021,60.2
,,2021 - 2022,54.4
,,2022 - 2023,75.0
,Kishanganj,2000 - 2001,29.0
,,2001 - 2002,46.32
,,2007 - 2008,35.64
,,2008 - 2009,44.0
,,2009 - 2010,48.03
,,2010 - 2011,50.19
,,2012 - 2013,64.68
,,2013 - 2014,57.21
,,2014 - 2015,55.54
,,2015 - 2016,53.56
,,2016 - 2017,57.56
,,2017 - 2018,59.52
,,2018 - 2019,56.68
,,2019 - 2020,61.12
,,2020 - 2021,54.56
,,2021 - 2022,54.41
,,2022 - 2023,67.02
,Lakhisarai,2010 - 2011,84.22
,Madhepura,2000 - 2001,40.7
,,2001 - 2002,48.01
,,2002 - 2003,40.55
,,2003 - 2004,39.7
,,2004 - 2005,36.49
,,2005 - 2006,41.59
,,2007 - 2008,35.65
,,2008 - 2009,43.99
,,2009 - 2010,48.03
,,2010 - 2011,50.18
,,2012 - 2013,64.68
,,2013 - 2014,57.22
,,2014 - 2015,60.41
,,2015 - 2016,85.46
,,2016 - 2017,66.68
,,2017 - 2018,61.05
,,2018 - 2019,67.27
,,2019 - 2020,61.05
,,2020 - 2021,29.6
,,2021 - 2022,54.57
,Madhubani,2000 - 2001,38.67
,,2001 - 2002,36.2
,,2002 - 2003,17.81
,,2003 - 2004,18.39
,,2004 - 2005,13.18
,,2005 - 2006,31.39
,,2007 - 2008,33.63
,,2008 - 2009,35.39
,,2009 - 2010,39.05
,,2010 - 2011,54.57
,,2012 - 2013,48.3
,,2013 - 2014,56.77
,,2014 - 2015,35.76
,,2015 - 2016,44.49
,,2016 - 2017,52.91
,,2017 - 2018,57.13
,,2018 - 2019,59.5
,,2019 - 2020,84.44
,,2020 - 2021,43.17
,,2021 - 2022,48.43
,,2022 - 2023,107.04
,Munger,2007 - 2008,14.44
,,2010 - 2011,67.61
,,2012 - 2013,69.13
,,2013 - 2014,48.66
,,2014 - 2015,60.13
,,2015 - 2016,61.54
,,2016 - 2017,57.25
,,2017 - 2018,56.8
,,2018 - 2019,60.98
,,2019 - 2020,80.04
,,2020 - 2021,64.47
,,2021 - 2022,85.6
,,2022 - 2023,84.35
,Muzaffarpur,2000 - 2001,48.77
,,2001 - 2002,44.93
,,2002 - 2003,43.46
,,2003 - 2004,39.96
,,2004 - 2005,38.38
,,2005 - 2006,39.6
,,2007 - 2008,37.98
,,2008 - 2009,17.64
,,2009 - 2010,28.9
,,2010 - 2011,50.56
,,2012 - 2013,77.76
,,2013 - 2014,38.47
,,2014 - 2015,50.4
,,2015 - 2016,34.54
,,2016 - 2017,36.55
,,2017 - 2018,35.32
,,2018 - 2019,33.89
,,2019 - 2020,31.39
,,2020 - 2021,34.12
,,2021 - 2022,35.99
,,2022 - 2023,34.87
,Nalanda,2000 - 2001,32.76
,,2001 - 2002,40.35
,,2002 - 2003,37.56
,,2003 - 2004,34.76
,,2004 - 2005,41.54
,,2005 - 2006,42.04
,,2007 - 2008,42.4
,,2008 - 2009,54.94
,,2009 - 2010,30.66
,,2010 - 2011,24.76
,,2012 - 2013,49.76
,,2013 - 2014,52.82
,,2014 - 2015,65.55
,,2015 - 2016,44.53
,,2016 - 2017,54.23
,,2017 - 2018,63.48
,,2018 - 2019,58.99
,,2020 - 2021,54.7
,,2021 - 2022,54.44
,,2022 - 2023,73.63
,Nawada,2000 - 2001,45.02
,,2001 - 2002,44.52
,,2002 - 2003,46.15
,,2003 - 2004,42.59
,,2004 - 2005,35.95
,,2005 - 2006,27.05
,,2007 - 2008,36.99
,,2008 - 2009,35.0
,,2009 - 2010,48.78
,,2010 - 2011,50.18
,,2012 - 2013,60.46
,,2013 - 2014,24.74
,,2014 - 2015,113.26
,,2015 - 2016,110.48
,,2016 - 2017,97.39
,,2017 - 2018,48.97
,,2018 - 2019,78.3
,,2019 - 2020,60.8
,,2020 - 2021,54.68
,,2021 - 2022,55.95
,Pashchim champaran,2000 - 2001,49.06
,,2001 - 2002,51.21
,,2002 - 2003,48.45
,,2003 - 2004,43.41
,,2004 - 2005,42.47
,,2005 - 2006,42.46
,,2007 - 2008,40.52
,,2008 - 2009,46.22
,,2009 - 2010,31.69
,,2010 - 2011,38.92
,,2012 - 2013,46.33
,,2013 - 2014,48.59
,,2014 - 2015,64.26
,,2015 - 2016,49.41
,,2016 - 2017,52.14
,,2017 - 2018,60.36
,,2018 - 2019,109.61
,,2019 - 2020,61.68
,,2020 - 2021,54.9
,,2021 - 2022,59.15
,,2022 - 2023,66.9
,Patna,2000 - 2001,28.12
,,2001 - 2002,40.13
,,2002 - 2003,37.91
,,2003 - 2004,37.71
,,2004 - 2005,37.96
,,2005 - 2006,41.34
,,2007 - 2008,35.65
,,2008 - 2009,44.0
,,2009 - 2010,43.95
,,2010 - 2011,36.74
,,2012 - 2013,55.14
,,2013 - 2014,56.66
,,2014 - 2015,58.4
,,2015 - 2016,50.78
,,2016 - 2017,56.75
,,2017 - 2018,60.68
,,2018 - 2019,57.15
,,2019 - 2020,61.13
,,2020 - 2021,54.61
,,2021 - 2022,54.42
,,2022 - 2023,73.63
,Purbi champaran,2000 - 2001,33.49
,,2001 - 2002,36.26
,,2002 - 2003,35.62
,,2003 - 2004,44.0
,,2004 - 2005,40.06
,,2005 - 2006,33.08
,,2007 - 2008,36.82
,,2008 - 2009,44.6
,,2009 - 2010,129.23
,,2010 - 2011,40.64
,,2012 - 2013,47.57
,,2013 - 2014,41.9
,,2014 - 2015,50.81
,,2015 - 2016,18.41
,,2016 - 2017,54.48
,,2017 - 2018,43.32
,,2018 - 2019,45.19
,,2019 - 2020,53.07
,,2020 - 2021,44.73
,,2021 - 2022,41.67
,,2022 - 2023,80.95
,Purnia,2000 - 2001,28.85
,,2001 - 2002,46.33
,,2002 - 2003,40.14
,,2005 - 2006,41.0
,,2010 - 2011,43.56
,,2012 - 2013,46.68
,,2013 - 2014,48.0
,,2014 - 2015,62.35
,,2015 - 2016,47.63
,,2016 - 2017,53.69
,,2017 - 2018,59.08
,,2018 - 2019,94.45
,,2019 - 2020,60.5
,,2020 - 2021,55.0
,,2021 - 2022,57.3
,,2022 - 2023,69.0
,Rohtas,2000 - 2001,23.08
,,2001 - 2002,37.41
,,2002 - 2003,31.01
,,2003 - 2004,34.3
,,2004 - 2005,41.93
,,2005 - 2006,42.05
,,2009 - 2010,30.96
,,2010 - 2011,28.47
,,2012 - 2013,42.89
,,2013 - 2014,52.08
,,2014 - 2015,66.05
,,2015 - 2016,43.56
,Saharsa,2000 - 2001,40.5
,,2001 - 2002,46.33
,,2002 - 2003,43.1
,,2003 - 2004,40.79
,,2004 - 2005,48.0
,,2005 - 2006,44.52
,,2007 - 2008,45.59
,,2008 - 2009,43.95
,,2009 - 2010,48.0
,,2010 - 2011,50.25
,,2012 - 2013,54.46
,,2013 - 2014,50.02
,,2014 - 2015,62.35
,,2015 - 2016,54.72
,,2016 - 2017,55.34
,,2017 - 2018,59.32
,,2018 - 2019,89.84
,,2019 - 2020,60.67
,,2020 - 2021,50.17
,,2021 - 2022,56.8
,,2022 - 2023,68.87
,Samastipur,2000 - 2001,38.57
,,2001 - 2002,35.67
,,2002 - 2003,40.19
,,2003 - 2004,34.93
,,2004 - 2005,13.37
,,2005 - 2006,28.97
,,2007 - 2008,16.47
,,2008 - 2009,35.79
,,2009 - 2010,39.05
,,2010 - 2011,48.95
,,2012 - 2013,46.58
,,2013 - 2014,57.07
,,2014 - 2015,36.0
,,2015 - 2016,44.8
,,2016 - 2017,53.17
,,2017 - 2018,59.28
,,2018 - 2019,48.17
,,2019 - 2020,82.42
,,2020 - 2021,48.6
,,2021 - 2022,53.29
,,2022 - 2023,105.37
,Saran,2000 - 2001,27.02
,,2001 - 2002,50.75
,,2002 - 2003,39.72
,,2003 - 2004,40.49
,,2004 - 2005,36.87
,,2005 - 2006,42.28
,,2007 - 2008,34.4
,,2009 - 2010,46.49
,,2010 - 2011,41.69
,,2012 - 2013,48.09
,,2013 - 2014,54.41
,,2014 - 2015,57.43
,,2015 - 2016,51.44
,,2016 - 2017,52.87
,,2017 - 2018,53.13
,,2018 - 2019,68.7
,,2019 - 2020,62.7
,,2020 - 2021,55.73
,,2021 - 2022,66.15
,,2022 - 2023,80.76
,Sheikhpura,2000 - 2001,46.83
,,2001 - 2002,52.23
,,2002 - 2003,40.69
,,2003 - 2004,46.15
,,2004 - 2005,48.0
,,2005 - 2006,13.0
,,2007 - 2008,1.38
,,2008 - 2009,16.17
,,2009 - 2010,40.74
,,2010 - 2011,67.81
,,2012 - 2013,65.78
,,2013 - 2014,48.66
,,2014 - 2015,60.44
,,2015 - 2016,53.57
,,2016 - 2017,55.63
,,2017 - 2018,56.0
,,2018 - 2019,56.75
,,2019 - 2020,61.12
,,2020 - 2021,64.45
,,2021 - 2022,54.4
,,2022 - 2023,74.75
,Sheohar,2000 - 2001,33.64
,,2001 - 2002,47.15
,,2002 - 2003,21.31
,,2003 - 2004,18.11
,,2004 - 2005,34.15
,,2005 - 2006,39.6
,,2007 - 2008,43.1
,,2008 - 2009,57.37
,,2009 - 2010,51.04
,,2010 - 2011,21.22
,,2012 - 2013,116.53
,,2013 - 2014,92.39
,,2014 - 2015,64.57
,,2015 - 2016,102.73
,,2016 - 2017,54.17
,,2017 - 2018,102.28
,,2018 - 2019,99.7
,,2019 - 2020,69.63
,,2020 - 2021,53.67
,,2021 - 2022,53.46
,,2022 - 2023,67.44
,Sitamarhi,2000 - 2001,34.13
,,2001 - 2002,47.26
,,2002 - 2003,31.81
,,2003 - 2004,39.53
,,2004 - 2005,34.71
,,2005 - 2006,53.92
,,2007 - 2008,28.56
,,2008 - 2009,45.56
,,2009 - 2010,33.65
,,2010 - 2011,82.37
,,2012 - 2013,53.62
,,2013 - 2014,48.41
,,2014 - 2015,58.63
,,2015 - 2016,56.57
,,2016 - 2017,58.46
,,2017 - 2018,66.5
,,2018 - 2019,53.21
,,2019 - 2020,53.62
,,2020 - 2021,64.19
,,2021 - 2022,56.78
,,2022 - 2023,68.87
,Siwan,2000 - 2001,35.89
,,2001 - 2002,47.16
,,2002 - 2003,35.34
,,2003 - 2004,38.63
,,2004 - 2005,35.72
,,2005 - 2006,35.87
,,2007 - 2008,32.39
,,2008 - 2009,44.15
,,2009 - 2010,46.54
,,2010 - 2011,46.23
,,2012 - 2013,35.81
,,2013 - 2014,54.42
,,2014 - 2015,55.13
,,2015 - 2016,66.1
,,2016 - 2017,127.99
,,2017 - 2018,61.25
,,2018 - 2019,54.24
,,2019 - 2020,49.11
,,2020 - 2021,39.83
,,2021 - 2022,53.84
,,2022 - 2023,58.72
,Supaul,2010 - 2011,50.18
,,2013 - 2014,48.9
,,2014 - 2015,60.0
,,2015 - 2016,85.1
,,2016 - 2017,62.09
,Vaishali,2000 - 2001,41.27
,,2001 - 2002,47.14
,,2002 - 2003,44.0
,,2003 - 2004,39.96
,,2004 - 2005,37.78
,,2005 - 2006,39.6
,,2007 - 2008,37.98
,,2008 - 2009,45.56
,,2009 - 2010,51.03
,,2010 - 2011,46.79
,,2012 - 2013,77.76
,,2013 - 2014,52.21
,,2014 - 2015,50.4
,,2015 - 2016,45.9
,,2016 - 2017,52.63
,,2017 - 2018,60.67
,,2018 - 2019,63.67
,,2019 - 2020,48.94
,,2020 - 2021,47.67
,,2021 - 2022,46.51
Chhattisgarh,Balod,2011 - 2012,12.0
,,2012 - 2013,2.61
,,2013 - 2014,2.56
,,2014 - 2015,3.25
,,2015 - 2016,2.47
,,2016 - 2017,0.71
,,2017 - 2018,1.3
,,2018 - 2019,2.49
,,2019 - 2020,0.53
,,2020 - 2021,27.43
,,2021 - 2022,16.12
,,2022 - 2023,2.94
,Baloda bazar,2011 - 2012,7.68
,,2012 - 2013,3.35
,,2013 - 2014,3.52
,,2014 - 2015,3.58
,,2015 - 2016,2.75
,,2016 - 2017,2.7
,,2017 - 2018,0.62
,,2018 - 2019,0.19
,,2019 - 2020,0.0
,,2020 - 2021,0.42
,,2021 - 2022,0.0
,,2022 - 2023,1.7
,Balrampur,2011 - 2012,13.12
,,2012 - 2013,3.6
,,2013 - 2014,2.5
,,2014 - 2015,4.45
,,2015 - 2016,2.56
,,2016 - 2017,0.91
,,2017 - 2018,1.2
,,2018 - 2019,0.48
,,2019 - 2020,1.15
,,2020 - 2021,11.58
,,2021 - 2022,12.02
,,2022 - 2023,1.17
,Bastar,2000 - 2001,2.99
,,2001 - 2002,3.34
,,2002 - 2003,2.99
,,2003 - 2004,3.34
,,2004 - 2005,3.29
,,2005 - 2006,3.09
,,2006 - 2007,3.52
,,2007 - 2008,3.39
,,2008 - 2009,3.24
,,2009 - 2010,6.19
,,2010 - 2011,2.49
,,2011 - 2012,6.03
,,2012 - 2013,3.49
,,2013 - 2014,2.79
,,2014 - 2015,5.3
,,2015 - 2016,2.99
,,2016 - 2017,2.23
,,2017 - 2018,1.53
,,2018 - 2019,2.4
,,2019 - 2020,1.08
,,2020 - 2021,19.93
,,2021 - 2022,16.01
,,2022 - 2023,1.92
,Bemetara,2011 - 2012,3.03
,,2012 - 2013,2.95
,,2013 - 2014,3.3
,,2014 - 2015,7.88
,,2015 - 2016,3.53
,,2016 - 2017,1.97
,,2017 - 2018,7.29
,,2018 - 2019,5.78
,,2019 - 2020,5.95
,,2020 - 2021,28.79
,,2021 - 2022,22.59
,,2022 - 2023,2.59
,Bijapur,2006 - 2007,0.0
,,2007 - 2008,4.0
,,2008 - 2009,3.0
,,2009 - 2010,0.0
,,2010 - 2011,2.0
,,2011 - 2012,4.0
,,2018 - 2019,0.0
,,2019 - 2020,4.0
,Bilaspur,2000 - 2001,3.13
,,2001 - 2002,3.08
,,2002 - 2003,3.03
,,2003 - 2004,3.13
,,2004 - 2005,3.13
,,2005 - 2006,3.08
,,2006 - 2007,3.08
,,2007 - 2008,3.18
,,2008 - 2009,3.08
,,2009 - 2010,4.93
,,2010 - 2011,3.08
,,2011 - 2012,26.67
,,2012 - 2013,3.17
,,2013 - 2014,3.06
,,2014 - 2015,3.35
,,2015 - 2016,3.19
,,2016 - 2017,2.83
,,2017 - 2018,0.75
,,2018 - 2019,0.23
,,2019 - 2020,1.8
,,2020 - 2021,1.24
,,2021 - 2022,35.58
,,2022 - 2023,1.24
,Dantewada,2000 - 2001,3.22
,,2001 - 2002,3.36
,,2002 - 2003,2.5
,,2003 - 2004,2.5
,,2004 - 2005,2.0
,,2005 - 2006,2.44
,,2006 - 2007,3.07
,,2007 - 2008,3.8
,,2008 - 2009,3.21
,,2009 - 2010,0.0
,,2010 - 2011,2.55
,Dhamtari,2000 - 2001,3.0
,,2002 - 2003,4.0
,,2003 - 2004,4.0
,,2004 - 2005,3.74
,,2005 - 2006,3.0
,,2006 - 2007,3.0
,,2007 - 2008,3.0
,,2008 - 2009,3.0
,,2009 - 2010,5.43
,,2010 - 2011,3.2
,,2011 - 2012,20.5
,,2012 - 2013,3.23
,,2013 - 2014,3.0
,,2014 - 2015,7.8
,,2015 - 2016,3.25
,,2016 - 2017,2.45
,,2017 - 2018,2.26
,,2018 - 2019,1.25
,,2019 - 2020,2.74
,,2020 - 2021,12.73
,,2021 - 2022,17.14
,,2022 - 2023,2.36
,Durg,2000 - 2001,1.43
,,2001 - 2002,1.69
,,2002 - 2003,1.6
,,2003 - 2004,1.89
,,2004 - 2005,1.8
,,2005 - 2006,1.83
,,2006 - 2007,1.83
,,2007 - 2008,2.03
,,2008 - 2009,1.89
,,2009 - 2010,4.9
,,2010 - 2011,3.08
,,2011 - 2012,11.98
,,2012 - 2013,2.95
,,2013 - 2014,3.04
,,2014 - 2015,5.09
,,2015 - 2016,3.09
,,2016 - 2017,1.03
,,2017 - 2018,0.01
,,2018 - 2019,3.39
,,2019 - 2020,2.17
,,2020 - 2021,16.63
,,2021 - 2022,10.84
,,2022 - 2023,1.67
,Gariyaband,2011 - 2012,4.97
,,2012 - 2013,3.36
,,2013 - 2014,3.51
,,2014 - 2015,3.91
,,2015 - 2016,3.01
,,2016 - 2017,2.54
,,2017 - 2018,0.0
,,2018 - 2019,2.59
,,2019 - 2020,2.32
,,2020 - 2021,21.25
,,2021 - 2022,29.26
,,2022 - 2023,0.88
,Gaurella-pendra-marwahi,2019 - 2020,0.0
,,2020 - 2021,7.5
,,2021 - 2022,0.0
,Janjgir-champa,2000 - 2001,2.82
,,2001 - 2002,3.12
,,2002 - 2003,3.07
,,2003 - 2004,3.08
,,2004 - 2005,3.59
,,2005 - 2006,3.08
,,2006 - 2007,3.25
,,2007 - 2008,3.18
,,2008 - 2009,3.08
,,2009 - 2010,7.62
,,2010 - 2011,3.08
,,2011 - 2012,6.13
,,2012 - 2013,3.27
,,2013 - 2014,3.49
,,2014 - 2015,7.41
,,2015 - 2016,3.58
,,2016 - 2017,3.3
,,2017 - 2018,2.78
,,2018 - 2019,2.38
,,2019 - 2020,1.5
,,2020 - 2021,25.0
,,2021 - 2022,10.56
,,2022 - 2023,0.6
,Jashpur,2000 - 2001,3.02
,,2001 - 2002,2.57
,,2002 - 2003,2.96
,,2003 - 2004,2.62
,,2004 - 2005,2.87
,,2005 - 2006,2.92
,,2006 - 2007,3.11
,,2007 - 2008,2.77
,,2008 - 2009,2.87
,,2009 - 2010,3.35
,,2010 - 2011,2.91
,,2011 - 2012,5.16
,,2012 - 2013,2.95
,,2013 - 2014,3.03
,,2014 - 2015,4.57
,,2015 - 2016,2.94
,,2016 - 2017,2.61
,,2017 - 2018,2.44
,,2018 - 2019,2.27
,,2019 - 2020,2.36
,,2020 - 2021,22.66
,,2021 - 2022,30.32
,,2022 - 2023,3.03
,Kabirdham,2000 - 2001,1.95
,,2001 - 2002,1.95
,,2002 - 2003,2.04
,,2003 - 2004,2.15
,,2004 - 2005,2.15
,,2005 - 2006,2.15
,,2006 - 2007,2.15
,,2007 - 2008,2.15
,,2008 - 2009,2.15
,,2009 - 2010,6.64
,,2010 - 2011,1.86
,,2011 - 2012,6.66
,,2012 - 2013,2.15
,,2013 - 2014,2.15
,,2014 - 2015,5.9
,,2015 - 2016,2.15
,,2016 - 2017,4.5
,,2017 - 2018,1.13
,,2018 - 2019,1.89
,,2019 - 2020,1.8
,,2020 - 2021,23.77
,,2021 - 2022,18.05
,,2022 - 2023,4.59
,Kanker,2002 - 2003,3.0
,,2003 - 2004,4.0
,,2004 - 2005,4.0
,,2005 - 2006,4.0
,,2010 - 2011,2.67
,,2011 - 2012,7.67
,,2012 - 2013,2.4
,,2013 - 2014,2.0
,,2014 - 2015,6.67
,,2015 - 2016,2.5
,,2016 - 2017,0.0
,,2017 - 2018,1.0
,,2018 - 2019,0.0
,,2019 - 2020,0.38
,,2020 - 2021,11.43
,,2021 - 2022,0.0
,,2022 - 2023,0.38
,Khairgarh chhuikhadan gandai,2022 - 2023,2.53
,Kondagaon,2011 - 2012,7.55
,,2012 - 2013,3.5
,,2013 - 2014,2.86
,,2014 - 2015,8.86
,,2015 - 2016,3.0
,,2016 - 2017,1.25
,,2017 - 2018,1.67
,,2018 - 2019,1.75
,,2019 - 2020,1.44
,,2020 - 2021,11.11
,,2021 - 2022,180.0
,,2022 - 2023,1.5
,Korba,2000 - 2001,2.63
,,2001 - 2002,3.33
,,2002 - 2003,2.56
,,2003 - 2004,2.5
,,2004 - 2005,2.0
,,2005 - 2006,3.0
,,2006 - 2007,3.25
,,2007 - 2008,3.2
,,2008 - 2009,3.0
,,2009 - 2010,0.0
,,2010 - 2011,3.0
,,2011 - 2012,3.33
,Korea,2000 - 2001,3.0
,,2001 - 2002,3.0
,,2005 - 2006,3.5
,,2010 - 2011,3.0
,,2020 - 2021,0.0
,Mahasamund,2000 - 2001,3.0
,,2001 - 2002,3.02
,,2002 - 2003,3.02
,,2003 - 2004,2.67
,,2004 - 2005,2.68
,,2005 - 2006,2.52
,,2006 - 2007,1.68
,,2007 - 2008,2.9
,,2008 - 2009,2.63
,,2009 - 2010,4.5
,,2010 - 2011,2.6
,,2011 - 2012,9.33
,,2012 - 2013,3.0
,,2013 - 2014,3.0
,,2014 - 2015,6.0
,,2015 - 2016,3.0
,,2016 - 2017,0.55
,,2017 - 2018,1.2
,,2018 - 2019,1.4
,,2019 - 2020,0.9
,,2020 - 2021,16.43
,,2021 - 2022,17.5
,,2022 - 2023,1.13
,Mohla manpur ambagarh chouki,2022 - 2023,0.0
,Mungeli,2011 - 2012,5.59
,,2012 - 2013,3.59
,,2013 - 2014,3.34
,,2014 - 2015,10.87
,,2015 - 2016,3.33
,,2016 - 2017,1.22
,,2017 - 2018,0.87
,,2018 - 2019,1.77
,,2019 - 2020,2.61
,,2020 - 2021,32.02
,,2021 - 2022,5.79
,,2022 - 2023,2.8
,Narayanpur,2006 - 2007,0.0
,,2007 - 2008,3.5
,,2008 - 2009,3.0
,,2009 - 2010,0.0
,,2010 - 2011,1.8
,,2011 - 2012,4.33
,,2012 - 2013,3.67
,,2013 - 2014,3.0
,,2014 - 2015,4.75
,,2015 - 2016,2.33
,,2016 - 2017,1.5
,,2017 - 2018,1.33
,,2018 - 2019,1.67
,,2019 - 2020,1.5
,,2020 - 2021,0.0
,,2021 - 2022,420.0
,,2022 - 2023,1.5
,Raigarh,2000 - 2001,2.92
,,2001 - 2002,2.92
,,2002 - 2003,2.91
,,2003 - 2004,2.86
,,2004 - 2005,2.92
,,2005 - 2006,2.96
,,2006 - 2007,3.41
,,2007 - 2008,3.06
,,2008 - 2009,2.96
,,2009 - 2010,3.68
,,2010 - 2011,2.91
,,2011 - 2012,5.7
,,2012 - 2013,3.11
,,2013 - 2014,2.96
,,2014 - 2015,5.09
,,2015 - 2016,3.21
,,2016 - 2017,1.56
,,2017 - 2018,1.93
,,2018 - 2019,0.81
,,2019 - 2020,0.0
,,2020 - 2021,0.0
,,2021 - 2022,0.0
,,2022 - 2023,0.0
,Raipur,2000 - 2001,2.91
,,2001 - 2002,2.92
,,2002 - 2003,2.66
,,2003 - 2004,2.77
,,2004 - 2005,2.52
,,2005 - 2006,2.77
,,2006 - 2007,2.76
,,2007 - 2008,2.76
,,2008 - 2009,2.76
,,2009 - 2010,0.0
,,2010 - 2011,3.52
,,2011 - 2012,3.33
,,2012 - 2013,3.35
,,2013 - 2014,3.52
,,2014 - 2015,8.81
,,2015 - 2016,3.02
,,2016 - 2017,1.75
,,2017 - 2018,2.22
,,2018 - 2019,1.93
,,2019 - 2020,1.42
,,2020 - 2021,22.87
,,2021 - 2022,18.86
,,2022 - 2023,2.32
,Rajnandgaon,2000 - 2001,1.94
,,2001 - 2002,1.8
,,2002 - 2003,1.85
,,2003 - 2004,2.0
,,2004 - 2005,1.88
,,2005 - 2006,2.16
,,2006 - 2007,2.17
,,2007 - 2008,2.14
,,2008 - 2009,1.7
,,2009 - 2010,2.53
,,2010 - 2011,1.88
,,2011 - 2012,3.03
,,2012 - 2013,1.92
,,2013 - 2014,1.97
,,2014 - 2015,2.45
,,2015 - 2016,1.72
,,2016 - 2017,3.59
,,2017 - 2018,2.7
,,2018 - 2019,1.71
,,2019 - 2020,3.19
,,2020 - 2021,29.81
,,2021 - 2022,23.5
,,2022 - 2023,1.43
,Sakti,2022 - 2023,2.5
,Sarangarh bilaigarh,2022 - 2023,3.0
,Sukma,2011 - 2012,8.5
,,2012 - 2013,3.0
,,2013 - 2014,3.0
,,2014 - 2015,9.0
,,2016 - 2017,3.33
,Surajpur,2011 - 2012,6.18
,,2012 - 2013,3.61
,,2013 - 2014,2.79
,,2014 - 2015,6.97
,,2015 - 2016,3.37
,,2016 - 2017,1.6
,,2017 - 2018,3.37
,,2018 - 2019,1.72
,,2019 - 2020,2.02
,,2020 - 2021,19.19
,,2021 - 2022,25.51
,,2022 - 2023,1.68
,Surguja,2000 - 2001,3.13
,,2001 - 2002,3.18
,,2002 - 2003,3.08
,,2003 - 2004,3.13
,,2004 - 2005,2.89
,,2005 - 2006,3.28
,,2006 - 2007,3.13
,,2007 - 2008,3.18
,,2008 - 2009,2.89
,,2009 - 2010,4.46
,,2010 - 2011,2.84
,,2011 - 2012,5.05
,,2012 - 2013,3.08
,,2013 - 2014,3.13
,,2014 - 2015,6.98
,,2015 - 2016,3.08
,,2016 - 2017,1.13
,,2017 - 2018,2.51
,,2018 - 2019,1.72
,,2019 - 2020,2.15
,,2020 - 2021,24.48
,,2021 - 2022,20.36
,,2022 - 2023,3.24
Dadra and Nagar Haveli,Dadra and Nagar Haveli,2000 - 2001,
,,2001 - 2002,
,,2002 - 2003,
,,2003 - 2004,
,,2004 - 2005,
,,2005 - 2006,
,,2006 - 2007,
,,2010 - 2011,
,,2011 - 2012,
,,2012 - 2013,
,,2015 - 2016,
,,2016 - 2017,
,,2017 - 2018,
,,2018 - 2019,
,,2019 - 2020,
Delhi,Delhi_total,2008 - 2009,75.33
,,2009 - 2010,75.33
,,2010 - 2011,75.33
,,2011 - 2012,75.33
,,2012 - 2013,75.33
,,2013 - 2014,75.33
Goa,North goa,2004 - 2005,57.98
,,2005 - 2006,58.15
,,2006 - 2007,61.52
,,2007 - 2008,63.67
,,2008 - 2009,52.21
,,2009 - 2010,39.93
,,2010 - 2011,42.08
,,2011 - 2012,41.97
,,2012 - 2013,38.47
,,2013 - 2014,38.33
,,2014 - 2015,44.71
,,2015 - 2016,56.14
,,2016 - 2017,36.94
,,2017 - 2018,36.46
,,2018 - 2019,26.62
,,2019 - 2020,74.98
,,2020 - 2021,69.14
,,2021 - 2022,62.5
,,2022 - 2023,65.24
,South goa,2004 - 2005,47.52
,,2005 - 2006,48.17
,,2006 - 2007,49.39
,,2007 - 2008,51.56
,,2008 - 2009,46.83
,,2009 - 2010,61.97
,,2010 - 2011,55.35
,,2011 - 2012,52.59
,,2012 - 2013,57.06
,,2013 - 2014,57.79
,,2014 - 2015,63.99
,,2015 - 2016,50.39
,,2016 - 2017,46.11
,,2017 - 2018,54.36
,,2018 - 2019,42.14
,,2019 - 2020,65.25
,,2020 - 2021,65.01
,,2021 - 2022,66.44
,,2022 - 2023,61.95
Gujarat,Ahmadabad,2000 - 2001,73.75
,,2001 - 2002,76.0
,,2002 - 2003,64.0
,,2003 - 2004,73.33
,,2004 - 2005,50.0
,,2005 - 2006,90.0
,,2007 - 2008,50.0
,,2008 - 2009,40.0
,,2009 - 2010,50.0
,,2010 - 2011,70.0
,,2020 - 2021,70.0
,Amreli,2000 - 2001,27.5
,,2002 - 2003,70.51
,,2003 - 2004,70.0
,,2004 - 2005,80.0
,,2005 - 2006,90.0
,,2006 - 2007,70.0
,,2007 - 2008,80.0
,,2008 - 2009,80.0
,,2009 - 2010,60.0
,,2010 - 2011,70.0
,,2013 - 2014,70.0
,,2014 - 2015,70.35
,,2015 - 2016,68.91
,,2016 - 2017,71.86
,,2017 - 2018,62.0
,,2018 - 2019,72.7
,,2019 - 2020,72.0
,,2020 - 2021,71.0
,,2021 - 2022,71.0
,Anand,2016 - 2017,71.88
,Banas kantha,2000 - 2001,30.0
,Bharuch,2000 - 2001,70.54
,,2001 - 2002,64.31
,,2002 - 2003,61.84
,,2003 - 2004,65.0
,,2004 - 2005,70.18
,,2005 - 2006,73.68
,,2006 - 2007,72.13
,,2007 - 2008,74.82
,,2008 - 2009,71.0
,,2009 - 2010,72.61
,,2010 - 2011,72.79
,,2011 - 2012,61.86
,,2012 - 2013,6.45
,,2013 - 2014,74.6
,,2014 - 2015,65.79
,,2015 - 2016,66.4
,,2016 - 2017,65.61
,,2017 - 2018,62.5
,,2018 - 2019,70.0
,,2019 - 2020,70.0
,,2020 - 2021,71.0
,,2021 - 2022,70.36
,,2022 - 2023,67.8
,Bhavnagar,2000 - 2001,70.0
,,2001 - 2002,80.0
,,2002 - 2003,80.0
,,2003 - 2004,70.0
,,2007 - 2008,30.0
,,2008 - 2009,85.0
,,2009 - 2010,70.0
,,2010 - 2011,70.0
,,2011 - 2012,52.5
,,2012 - 2013,7.0
,,2013 - 2014,70.0
,,2014 - 2015,70.37
,,2015 - 2016,68.91
,,2016 - 2017,71.9
,,2017 - 2018,62.0
,,2018 - 2019,70.0
,,2019 - 2020,70.0
,,2020 - 2021,70.0
,,2021 - 2022,70.2
,,2022 - 2023,70.0
,Botad,2014 - 2015,70.36
,,2015 - 2016,68.92
,,2016 - 2017,71.88
,,2017 - 2018,62.05
,,2018 - 2019,66.67
,,2019 - 2020,65.0
,Dang,2006 - 2007,40.0
,,2007 - 2008,50.0
,,2008 - 2009,110.0
,,2009 - 2010,60.0
,,2011 - 2012,50.0
,,2014 - 2015,70.24
,,2015 - 2016,68.91
,,2016 - 2017,0.0
,,2017 - 2018,62.05
,,2018 - 2019,68.0
,,2019 - 2020,68.0
,,2020 - 2021,68.0
,,2021 - 2022,65.65
,,2022 - 2023,65.6
,Gir somnath,2017 - 2018,62.0
,,2018 - 2019,71.5
,,2020 - 2021,69.0
,,2021 - 2022,83.86
,,2022 - 2023,94.93
,Jamnagar,2000 - 2001,73.33
,,2001 - 2002,55.0
,,2002 - 2003,50.0
,,2003 - 2004,73.33
,,2004 - 2005,70.0
,,2005 - 2006,93.33
,,2006 - 2007,85.0
,,2007 - 2008,74.29
,,2008 - 2009,66.0
,,2009 - 2010,70.0
,,2010 - 2011,72.0
,,2013 - 2014,69.98
,,2014 - 2015,70.36
,,2017 - 2018,62.0
,Junagadh,2000 - 2001,63.75
,,2001 - 2002,78.75
,,2002 - 2003,92.46
,,2003 - 2004,94.09
,,2004 - 2005,99.64
,,2005 - 2006,94.44
,,2006 - 2007,103.04
,,2007 - 2008,89.83
,,2008 - 2009,66.92
,,2009 - 2010,68.32
,,2010 - 2011,77.16
,,2011 - 2012,72.11
,,2012 - 2013,7.43
,,2013 - 2014,69.98
,,2015 - 2016,69.0
,,2017 - 2018,62.06
,,2018 - 2019,72.37
,,2019 - 2020,71.8
,,2020 - 2021,77.0
,,2021 - 2022,72.5
,,2022 - 2023,72.14
,Kachchh,2001 - 2002,55.0
,,2002 - 2003,76.67
,,2003 - 2004,70.0
,,2005 - 2006,50.0
,,2006 - 2007,74.0
,,2007 - 2008,90.0
,,2008 - 2009,80.0
,,2009 - 2010,60.0
,,2010 - 2011,70.0
,,2012 - 2013,5.0
,,2014 - 2015,70.36
,Kheda,2000 - 2001,80.0
,,2001 - 2002,30.0
,,2012 - 2013,7.33
,,2013 - 2014,0.0
,,2014 - 2015,70.5
,,2015 - 2016,69.0
,Mahisagar,2015 - 2016,68.9
,,2017 - 2018,62.05
,Morbi,2014 - 2015,70.36
,,2015 - 2016,78.8
,,2016 - 2017,78.5
,,2017 - 2018,62.05
,,2018 - 2019,74.0
,,2019 - 2020,85.0
,,2020 - 2021,77.73
,,2021 - 2022,78.0
,Narmada,2003 - 2004,71.79
,,2004 - 2005,73.56
,,2005 - 2006,73.95
,,2006 - 2007,71.86
,,2007 - 2008,70.67
,,2008 - 2009,68.09
,,2009 - 2010,70.51
,,2010 - 2011,76.84
,,2011 - 2012,70.4
,,2012 - 2013,7.65
,,2013 - 2014,67.92
,,2014 - 2015,76.6
,,2015 - 2016,75.0
,,2016 - 2017,70.0
,,2017 - 2018,67.0
,,2018 - 2019,75.8
,,2019 - 2020,70.0
,,2020 - 2021,71.5
,,2021 - 2022,72.6
,,2022 - 2023,79.84
,Navsari,2003 - 2004,67.67
,,2004 - 2005,64.19
,,2005 - 2006,68.8
,,2006 - 2007,73.38
,,2007 - 2008,66.55
,,2008 - 2009,67.24
,,2009 - 2010,70.31
,,2010 - 2011,72.0
,,2011 - 2012,63.19
,,2012 - 2013,7.23
,,2013 - 2014,58.17
,,2014 - 2015,68.89
,,2015 - 2016,68.1
,,2016 - 2017,67.15
,,2017 - 2018,68.6
,,2018 - 2019,63.77
,,2019 - 2020,63.77
,,2020 - 2021,63.77
,,2021 - 2022,74.69
,,2022 - 2023,68.1
,Panch mahals,2002 - 2003,40.0
,,2005 - 2006,50.0
,,2006 - 2007,40.0
,,2007 - 2008,90.0
,,2008 - 2009,40.0
,,2009 - 2010,60.0
,,2010 - 2011,70.0
,,2020 - 2021,68.0
,,2021 - 2022,65.45
,,2022 - 2023,68.0
,Rajkot,2000 - 2001,100.0
,,2001 - 2002,40.0
,,2002 - 2003,60.0
,,2005 - 2006,100.0
,,2006 - 2007,90.0
,,2007 - 2008,90.0
,,2008 - 2009,85.0
,,2009 - 2010,70.0
,,2010 - 2011,70.0
,,2011 - 2012,50.0
,,2013 - 2014,69.98
,,2014 - 2015,70.35
,,2015 - 2016,68.91
,,2016 - 2017,71.88
,,2017 - 2018,62.05
,,2018 - 2019,67.56
,,2019 - 2020,71.91
,,2020 - 2021,75.0
,,2021 - 2022,78.0
,,2022 - 2023,90.0
,Sabar kantha,2000 - 2001,70.0
,,2001 - 2002,85.0
,,2002 - 2003,70.0
,Surat,2000 - 2001,74.68
,,2001 - 2002,75.01
,,2002 - 2003,70.19
,,2003 - 2004,75.14
,,2004 - 2005,77.86
,,2005 - 2006,90.0
,,2006 - 2007,76.48
,,2007 - 2008,71.64
,,2008 - 2009,70.94
,,2009 - 2010,69.1
,,2010 - 2011,74.93
,,2011 - 2012,65.55
,,2012 - 2013,7.24
,,2013 - 2014,71.09
,,2014 - 2015,72.05
,,2015 - 2016,76.99
,,2016 - 2017,74.17
,,2017 - 2018,68.0
,,2018 - 2019,75.0
,,2019 - 2020,73.5
,,2020 - 2021,85.0
,,2021 - 2022,86.56
,,2022 - 2023,74.42
,Surendranagar,2000 - 2001,72.5
,,2001 - 2002,50.0
,,2002 - 2003,65.0
,,2004 - 2005,70.0
,,2005 - 2006,50.0
,,2006 - 2007,70.0
,,2007 - 2008,73.33
,,2008 - 2009,60.0
,,2009 - 2010,70.0
,,2010 - 2011,70.0
,,2011 - 2012,60.0
,,2013 - 2014,69.98
,,2016 - 2017,71.85
,,2021 - 2022,70.0
,Tapi,2008 - 2009,72.82
,,2009 - 2010,71.01
,,2010 - 2011,51.09
,,2011 - 2012,44.36
,,2012 - 2013,7.47
,,2013 - 2014,56.0
,,2014 - 2015,58.83
,,2015 - 2016,55.34
,,2016 - 2017,55.0
,,2017 - 2018,52.0
,,2018 - 2019,78.0
,,2019 - 2020,76.0
,,2020 - 2021,80.0
,,2021 - 2022,84.2
,,2022 - 2023,85.23
,Vadodara,2000 - 2001,76.0
,,2001 - 2002,71.67
,,2002 - 2003,71.11
,,2003 - 2004,71.85
,,2004 - 2005,73.04
,,2005 - 2006,64.58
,,2006 - 2007,69.69
,,2007 - 2008,71.54
,,2008 - 2009,69.85
,,2009 - 2010,72.14
,,2010 - 2011,61.04
,,2011 - 2012,45.29
,,2012 - 2013,6.11
,,2013 - 2014,61.0
,,2014 - 2015,61.0
,,2015 - 2016,67.5
,,2016 - 2017,65.0
,,2017 - 2018,63.0
,,2018 - 2019,6.5
,,2019 - 2020,63.9
,,2020 - 2021,66.0
,,2021 - 2022,65.7
,,2022 - 2023,63.43
,Valsad,2000 - 2001,58.48
,,2001 - 2002,57.92
,,2002 - 2003,69.54
,,2003 - 2004,56.96
,,2004 - 2005,59.64
,,2005 - 2006,65.66
,,2006 - 2007,69.57
,,2007 - 2008,66.36
,,2008 - 2009,67.71
,,2009 - 2010,71.51
,,2010 - 2011,67.95
,,2011 - 2012,70.0
,,2012 - 2013,7.62
,,2013 - 2014,43.7
,,2014 - 2015,74.0
,,2015 - 2016,60.0
,,2016 - 2017,60.0
,,2017 - 2018,52.0
,,2018 - 2019,67.0
,,2019 - 2020,67.1
,,2020 - 2021,67.5
,,2021 - 2022,67.8
,,2022 - 2023,67.6
Haryana,Ambala,2000 - 2001,58.5
,,2001 - 2002,57.25
,,2002 - 2003,60.79
,,2003 - 2004,61.31
,,2004 - 2005,64.72
,,2005 - 2006,64.33
,,2006 - 2007,63.44
,,2007 - 2008,67.68
,,2008 - 2009,55.49
,,2009 - 2010,74.07
,,2010 - 2011,6.97
,,2011 - 2012,7.47
,,2012 - 2013,78.83
,,2013 - 2014,71.2
,,2014 - 2015,70.6
,,2015 - 2016,67.5
,,2016 - 2017,78.16
,,2017 - 2018,81.2
,,2018 - 2019,72.14
,,2019 - 2020,79.79
,,2020 - 2021,77.64
,,2021 - 2022,81.18
,Bhiwani,2000 - 2001,46.77
,,2001 - 2002,32.2
,,2002 - 2003,50.86
,,2003 - 2004,61.99
,,2004 - 2005,35.09
,,2005 - 2006,71.94
,,2006 - 2007,59.36
,,2007 - 2008,64.55
,,2008 - 2009,50.12
,,2009 - 2010,91.31
,,2010 - 2011,8.6
,,2011 - 2012,6.5
,,2012 - 2013,51.97
,,2013 - 2014,75.5
,,2014 - 2015,76.0
,,2015 - 2016,72.0
,,2016 - 2017,62.5
,,2017 - 2018,76.75
,,2018 - 2019,73.96
,,2019 - 2020,79.17
,,2020 - 2021,73.19
,,2021 - 2022,65.51
,Charki dadri,2017 - 2018,76.54
,,2018 - 2019,92.31
,,2019 - 2020,80.27
,,2020 - 2021,86.18
,,2021 - 2022,94.92
,Faridabad,2000 - 2001,48.53
,,2001 - 2002,56.09
,,2002 - 2003,51.59
,,2003 - 2004,47.39
,,2004 - 2005,49.72
,,2005 - 2006,46.3
,,2006 - 2007,49.22
,,2007 - 2008,60.17
,,2008 - 2009,59.6
,,2009 - 2010,67.42
,,2010 - 2011,6.18
,,2011 - 2012,13.82
,,2012 - 2013,110.78
,,2015 - 2016,72.0
,,2016 - 2017,80.67
,,2017 - 2018,92.0
,,2018 - 2019,55.0
,,2019 - 2020,67.5
,,2020 - 2021,60.79
,,2021 - 2022,81.93
,Fatehabad,2000 - 2001,57.42
,,2001 - 2002,59.29
,,2002 - 2003,55.64
,,2003 - 2004,49.31
,,2004 - 2005,91.53
,,2005 - 2006,0.0
,,2006 - 2007,100.93
,,2007 - 2008,55.83
,,2008 - 2009,86.39
,,2009 - 2010,0.0
,,2010 - 2011,0.0
,,2011 - 2012,0.0
,,2012 - 2013,0.0
,,2016 - 2017,62.0
,,2017 - 2018,85.0
,,2018 - 2019,78.27
,,2019 - 2020,87.36
,,2020 - 2021,71.72
,,2021 - 2022,77.02
,Gurgaon,2000 - 2001,0.0
,,2001 - 2002,0.0
,,2002 - 2003,0.0
,,2003 - 2004,0.0
,,2004 - 2005,0.0
,,2005 - 2006,0.0
,,2006 - 2007,0.0
,,2007 - 2008,0.0
,,2008 - 2009,0.0
,,2009 - 2010,0.0
,,2010 - 2011,0.0
,,2011 - 2012,0.0
,,2012 - 2013,0.0
,,2018 - 2019,78.0
,,2021 - 2022,0.0
,Hisar,2000 - 2001,52.57
,,2001 - 2002,50.19
,,2002 - 2003,57.27
,,2003 - 2004,54.41
,,2004 - 2005,35.49
,,2005 - 2006,62.48
,,2006 - 2007,56.99
,,2007 - 2008,63.69
,,2008 - 2009,37.29
,,2009 - 2010,72.66
,,2010 - 2011,6.25
,,2011 - 2012,5.87
,,2012 - 2013,57.97
,,2013 - 2014,88.0
,,2014 - 2015,70.0
,,2015 - 2016,64.0
,,2016 - 2017,67.06
,,2017 - 2018,75.17
,,2018 - 2019,77.67
,,2019 - 2020,73.15
,,2020 - 2021,76.75
,,2021 - 2022,83.55
,Jhajjar,2000 - 2001,44.89
,,2001 - 2002,58.21
,,2002 - 2003,44.39
,,2003 - 2004,54.11
,,2004 - 2005,37.93
,,2005 - 2006,64.62
,,2006 - 2007,75.03
,,2007 - 2008,72.76
,,2008 - 2009,31.07
,,2009 - 2010,88.5
,,2010 - 2011,7.1
,,2011 - 2012,7.64
,,2012 - 2013,64.31
,,2013 - 2014,82.0
,,2014 - 2015,71.33
,,2015 - 2016,76.33
,,2016 - 2017,75.67
,,2017 - 2018,66.59
,,2018 - 2019,79.68
,,2019 - 2020,75.63
,,2020 - 2021,80.87
,,2021 - 2022,67.51
,Jind,2000 - 2001,53.72
,,2001 - 2002,56.81
,,2002 - 2003,51.2
,,2003 - 2004,56.7
,,2004 - 2005,64.82
,,2005 - 2006,74.83
,,2006 - 2007,87.58
,,2007 - 2008,60.07
,,2008 - 2009,55.56
,,2009 - 2010,51.62
,,2010 - 2011,6.78
,,2011 - 2012,7.46
,,2012 - 2013,57.57
,,2013 - 2014,79.5
,,2014 - 2015,67.75
,,2015 - 2016,71.33
,,2016 - 2017,75.43
,,2017 - 2018,79.92
,,2018 - 2019,78.53
,,2019 - 2020,80.15
,,2020 - 2021,91.8
,,2021 - 2022,73.09
,Kaithal,2000 - 2001,61.93
,,2001 - 2002,56.02
,,2002 - 2003,58.52
,,2003 - 2004,46.81
,,2004 - 2005,51.84
,,2005 - 2006,44.09
,,2006 - 2007,52.25
,,2007 - 2008,56.15
,,2008 - 2009,81.47
,,2009 - 2010,76.9
,,2010 - 2011,7.57
,,2011 - 2012,6.11
,,2012 - 2013,99.4
,,2013 - 2014,84.0
,,2014 - 2015,71.33
,,2015 - 2016,91.67
,,2016 - 2017,95.0
,,2017 - 2018,90.46
,,2018 - 2019,96.22
,,2019 - 2020,93.76
,,2020 - 2021,106.65
,,2021 - 2022,91.7
,Karnal,2000 - 2001,64.51
,,2001 - 2002,65.12
,,2002 - 2003,64.28
,,2003 - 2004,63.48
,,2004 - 2005,69.6
,,2005 - 2006,68.47
,,2006 - 2007,70.37
,,2007 - 2008,67.32
,,2008 - 2009,66.38
,,2009 - 2010,79.63
,,2010 - 2011,7.85
,,2011 - 2012,8.2
,,2012 - 2013,81.25
,,2013 - 2014,78.83
,,2014 - 2015,85.0
,,2015 - 2016,85.82
,,2016 - 2017,93.56
,,2017 - 2018,93.13
,,2018 - 2019,83.98
,,2019 - 2020,84.23
,,2020 - 2021,104.88
,,2021 - 2022,91.76
,Kurukshetra,2000 - 2001,65.22
,,2001 - 2002,65.62
,,2002 - 2003,66.42
,,2003 - 2004,68.7
,,2004 - 2005,77.17
,,2005 - 2006,73.61
,,2006 - 2007,68.08
,,2007 - 2008,69.21
,,2008 - 2009,60.71
,,2009 - 2010,75.04
,,2010 - 2011,7.45
,,2011 - 2012,7.76
,,2012 - 2013,80.64
,,2013 - 2014,75.5
,,2014 - 2015,81.64
,,2015 - 2016,80.9
,,2016 - 2017,85.6
,,2017 - 2018,92.43
,,2018 - 2019,81.09
,,2019 - 2020,84.6
,,2020 - 2021,87.64
,,2021 - 2022,87.25
,Mahendragarh,2000 - 2001,0.0
,,2001 - 2002,0.0
,,2006 - 2007,0.0
,,2007 - 2008,0.0
,,2011 - 2012,0.0
,Mewat,2005 - 2006,74.52
,,2006 - 2007,56.72
,,2007 - 2008,70.67
,,2008 - 2009,0.0
,,2009 - 2010,0.0
,,2010 - 2011,0.0
,,2011 - 2012,9.86
,,2012 - 2013,86.12
,,2013 - 2014,73.0
,,2016 - 2017,80.0
,,2017 - 2018,84.0
,,2018 - 2019,78.25
,,2019 - 2020,80.25
,,2020 - 2021,86.19
,,2021 - 2022,81.91
,Palwal,2008 - 2009,69.3
,,2009 - 2010,48.69
,,2010 - 2011,5.64
,,2011 - 2012,5.25
,,2012 - 2013,52.05
,,2013 - 2014,52.5
,,2014 - 2015,43.5
,,2015 - 2016,68.0
,,2016 - 2017,50.45
,,2017 - 2018,58.91
,,2018 - 2019,50.83
,,2019 - 2020,56.08
,,2020 - 2021,63.52
,,2021 - 2022,79.7
,Panchkula,2000 - 2001,72.29
,,2001 - 2002,54.25
,,2002 - 2003,50.13
,,2003 - 2004,66.01
,,2004 - 2005,70.84
,,2005 - 2006,52.68
,,2006 - 2007,92.39
,,2007 - 2008,45.45
,,2008 - 2009,106.54
,,2009 - 2010,0.0
,,2010 - 2011,0.0
,,2011 - 2012,0.0
,,2012 - 2013,113.68
,,2015 - 2016,64.0
,,2016 - 2017,90.0
,,2017 - 2018,84.4
,,2018 - 2019,78.2
,,2019 - 2020,84.6
,,2020 - 2021,86.19
,,2021 - 2022,81.66
,Panipat,2000 - 2001,65.99
,,2001 - 2002,62.09
,,2002 - 2003,51.71
,,2003 - 2004,61.37
,,2004 - 2005,68.94
,,2005 - 2006,62.77
,,2006 - 2007,77.37
,,2007 - 2008,70.08
,,2008 - 2009,59.01
,,2009 - 2010,78.54
,,2010 - 2011,7.89
,,2011 - 2012,8.5
,,2012 - 2013,91.55
,,2013 - 2014,76.86
,,2014 - 2015,83.5
,,2015 - 2016,82.0
,,2016 - 2017,83.38
,,2017 - 2018,85.09
,,2018 - 2019,95.46
,,2019 - 2020,85.13
,,2020 - 2021,89.77
,,2021 - 2022,93.58
,Rewari,2000 - 2001,0.0
,,2001 - 2002,0.0
,,2002 - 2003,0.0
,,2003 - 2004,0.0
,,2004 - 2005,0.0
,,2005 - 2006,0.0
,,2006 - 2007,0.0
,,2007 - 2008,0.0
,,2008 - 2009,0.0
,,2009 - 2010,0.0
,,2010 - 2011,0.0
,,2011 - 2012,0.0
,,2012 - 2013,0.0
,,2020 - 2021,86.0
,,2021 - 2022,0.0
,Rohtak,2000 - 2001,50.25
,,2001 - 2002,53.86
,,2002 - 2003,48.87
,,2003 - 2004,54.11
,,2004 - 2005,41.34
,,2005 - 2006,52.2
,,2006 - 2007,66.03
,,2007 - 2008,68.88
,,2008 - 2009,53.74
,,2009 - 2010,55.46
,,2010 - 2011,6.71
,,2011 - 2012,7.02
,,2012 - 2013,60.06
,,2013 - 2014,62.63
,,2014 - 2015,68.0
,,2015 - 2016,67.11
,,2016 - 2017,70.9
,,2017 - 2018,76.27
,,2018 - 2019,69.1
,,2019 - 2020,72.88
,,2020 - 2021,72.82
,,2021 - 2022,68.57
,Sirsa,2000 - 2001,85.11
,,2001 - 2002,68.97
,,2002 - 2003,55.32
,,2003 - 2004,44.51
,,2004 - 2005,0.0
,,2005 - 2006,0.0
,,2006 - 2007,0.0
,,2007 - 2008,0.0
,,2008 - 2009,0.0
,,2009 - 2010,0.0
,,2010 - 2011,0.0
,,2011 - 2012,0.0
,,2012 - 2013,0.0
,,2016 - 2017,80.0
,,2017 - 2018,84.5
,,2018 - 2019,78.0
,,2020 - 2021,86.09
,,2021 - 2022,0.0
,Sonipat,2000 - 2001,55.63
,,2001 - 2002,52.4
,,2002 - 2003,46.89
,,2003 - 2004,53.25
,,2004 - 2005,59.66
,,2005 - 2006,67.29
,,2006 - 2007,76.36
,,2007 - 2008,68.44
,,2008 - 2009,68.29
,,2009 - 2010,81.5
,,2010 - 2011,8.72
,,2011 - 2012,8.13
,,2012 - 2013,68.69
,,2013 - 2014,81.63
,,2014 - 2015,79.43
,,2015 - 2016,86.0
,,2016 - 2017,87.5
,,2017 - 2018,94.48
,,2018 - 2019,94.98
,,2019 - 2020,78.05
,,2020 - 2021,92.98
,,2021 - 2022,77.28
,Yamunanagar,2000 - 2001,55.84
,,2001 - 2002,56.45
,,2002 - 2003,59.64
,,2003 - 2004,58.39
,,2004 - 2005,67.79
,,2005 - 2006,66.36
,,2006 - 2007,68.59
,,2007 - 2008,54.45
,,2008 - 2009,51.46
,,2009 - 2010,7.13
,,2010 - 2011,6.73
,,2011 - 2012,6.64
,,2012 - 2013,73.56
,,2013 - 2014,68.67
,,2014 - 2015,69.89
,,2015 - 2016,70.0
,,2016 - 2017,79.65
,,2017 - 2018,83.53
,,2018 - 2019,67.69
,,2019 - 2020,78.4
,,2020 - 2021,82.79
,,2021 - 2022,83.67
Himachal Pradesh,Bilaspur,2000 - 2001,4.78
,,2001 - 2002,5.57
,,2002 - 2003,1.5
,,2005 - 2006,8.0
,,2006 - 2007,8.0
,,2007 - 2008,
,,2008 - 2009,
,,2009 - 2010,9.67
,,2010 - 2011,9.67
,,2011 - 2012,9.67
,,2012 - 2013,9.33
,,2013 - 2014,4.67
,,2014 - 2015,27.78
,,2015 - 2016,9.0
,,2016 - 2017,9.0
,,2017 - 2018,10.33
,,2018 - 2019,9.0
,,2019 - 2020,9.0
,,2020 - 2021,12.33
,,2021 - 2022,12.0
,,2022 - 2023,12.33
,Hamirpur,2000 - 2001,0.89
,,2001 - 2002,1.04
,,2002 - 2003,1.3
,,2005 - 2006,4.79
,,2006 - 2007,1.38
,,2007 - 2008,
,,2008 - 2009,
,,2009 - 2010,9.26
,,2010 - 2011,9.17
,,2011 - 2012,5.18
,,2012 - 2013,9.24
,,2013 - 2014,4.97
,,2014 - 2015,27.52
,,2015 - 2016,9.24
,,2016 - 2017,9.12
,,2017 - 2018,11.09
,,2018 - 2019,9.11
,,2019 - 2020,12.12
,,2020 - 2021,1.54
,,2021 - 2022,1.54
,,2022 - 2023,1.57
,Kangra,2000 - 2001,1.14
,,2001 - 2002,1.63
,,2002 - 2003,1.4
,,2005 - 2006,1.38
,,2006 - 2007,1.19
,,2007 - 2008,
,,2008 - 2009,
,,2009 - 2010,13.57
,,2010 - 2011,14.46
,,2011 - 2012,8.02
,,2012 - 2013,11.94
,,2013 - 2014,2.68
,,2014 - 2015,25.33
,,2015 - 2016,15.03
,,2016 - 2017,15.04
,,2017 - 2018,15.26
,,2018 - 2019,15.04
,,2019 - 2020,15.04
,,2020 - 2021,12.17
,,2021 - 2022,12.17
,,2022 - 2023,12.17
,Mandi,2000 - 2001,0.1
,,2001 - 2002,4.0
,,2002 - 2003,1.0
,,2005 - 2006,1.0
,,2007 - 2008,
,Shimla,2008 - 2009,
,,2009 - 2010,18.0
,,2010 - 2011,18.0
,,2011 - 2012,7.0
,,2012 - 2013,17.0
,,2013 - 2014,0.94
,,2014 - 2015,28.04
,,2015 - 2016,17.0
,,2016 - 2017,17.0
,,2017 - 2018,21.0
,Sirmaur,2000 - 2001,1.62
,,2001 - 2002,2.81
,,2002 - 2003,0.64
,,2005 - 2006,12.79
,,2006 - 2007,27.93
,,2007 - 2008,
,,2008 - 2009,
,,2009 - 2010,25.64
,,2010 - 2011,29.33
,,2011 - 2012,18.3
,,2012 - 2013,27.2
,,2013 - 2014,2.07
,,2014 - 2015,19.52
,,2015 - 2016,23.45
,,2016 - 2017,31.11
,,2017 - 2018,22.48
,,2018 - 2019,31.11
,,2019 - 2020,28.11
,,2020 - 2021,22.79
,,2021 - 2022,22.79
,,2022 - 2023,22.79
,Solan,2000 - 2001,0.9
,,2001 - 2002,1.16
,,2002 - 2003,0.55
,,2005 - 2006,1.35
,,2006 - 2007,25.8
,,2007 - 2008,
,,2008 - 2009,
,,2009 - 2010,17.41
,,2010 - 2011,19.89
,,2011 - 2012,13.96
,,2012 - 2013,19.85
,,2013 - 2014,3.78
,,2014 - 2015,25.64
,,2015 - 2016,19.6
,,2016 - 2017,19.77
,,2017 - 2018,19.6
,,2018 - 2019,19.75
,,2019 - 2020,18.08
,,2020 - 2021,12.15
,,2021 - 2022,12.15
,,2022 - 2023,12.15
,Una,2000 - 2001,9.23
,,2001 - 2002,14.67
,,2002 - 2003,6.82
,,2005 - 2006,16.49
,,2006 - 2007,16.49
,,2007 - 2008,
,,2008 - 2009,
,,2009 - 2010,19.28
,,2010 - 2011,20.02
,,2011 - 2012,12.62
,,2012 - 2013,20.07
,,2013 - 2014,2.38
,,2014 - 2015,29.51
,,2015 - 2016,20.06
,,2016 - 2017,20.0
,,2017 - 2018,20.06
,,2018 - 2019,20.0
,,2019 - 2020,19.12
,,2020 - 2021,12.17
,,2021 - 2022,12.17
,,2022 - 2023,12.17
Jammu and Kashmir,Jammu,2000 - 2001,6.04
,,2001 - 2002,6.0
,,2002 - 2003,6.0
,,2003 - 2004,5.94
,,2005 - 2006,
,,2006 - 2007,
,,2011 - 2012,
,,2019 - 2020,2.33
,,2020 - 2021,2.33
,,2021 - 2022,2.33
,Kathua,2000 - 2001,1.27
,,2001 - 2002,1.29
,,2002 - 2003,1.3
,,2003 - 2004,1.29
,,2005 - 2006,
,,2006 - 2007,
,,2007 - 2008,
,,2009 - 2010,
,,2016 - 2017,
,Kishtwar,2019 - 2020,1.5
,,2020 - 2021,1.5
,Rajauri,2000 - 2001,1.33
,,2001 - 2002,1.25
,,2002 - 2003,1.5
,,2016 - 2017,
,Samba,2007 - 2008,
,,2010 - 2011,
,,2011 - 2012,
,,2012 - 2013,
,,2014 - 2015,
,,2015 - 2016,
,,2020 - 2021,1.5
,Udhampur,2000 - 2001,1.87
,,2001 - 2002,1.79
,,2002 - 2003,1.8
,,2003 - 2004,1.84
,,2005 - 2006,
,,2006 - 2007,
,,2012 - 2013,
,,2014 - 2015,
Jharkhand,Chatra,2006 - 2007,44.72
,,2007 - 2008,42.01
,,2008 - 2009,22.01
,,2009 - 2010,22.89
,,2011 - 2012,9.23
,,2012 - 2013,25.4
,,2013 - 2014,49.61
,,2014 - 2015,42.03
,East singhbum,2013 - 2014,49.67
,,2014 - 2015,4.0
,Garhwa,2007 - 2008,41.98
,,2008 - 2009,30.25
,,2009 - 2010,74.16
,,2011 - 2012,68.85
,,2012 - 2013,86.43
,,2013 - 2014,83.26
,,2014 - 2015,85.55
,Godda,2006 - 2007,44.76
,,2007 - 2008,42.02
,,2008 - 2009,28.29
,,2009 - 2010,32.04
,,2011 - 2012,47.19
,,2012 - 2013,48.88
,,2013 - 2014,48.94
,,2014 - 2015,42.05
,Gumla,2011 - 2012,3.25
,,2012 - 2013,45.0
,,2013 - 2014,49.6
,,2014 - 2015,42.0
,Hazaribagh,2003 - 2004,2.85
,,2004 - 2005,25.71
,,2005 - 2006,4.12
,,2006 - 2007,44.78
,,2007 - 2008,42.0
,,2008 - 2009,22.01
,,2009 - 2010,22.88
,,2011 - 2012,25.2
,,2012 - 2013,24.5
,,2013 - 2014,30.93
,,2014 - 2015,34.08
,Koderma,2006 - 2007,44.72
,,2007 - 2008,41.99
,,2009 - 2010,22.89
,,2011 - 2012,25.68
,,2012 - 2013,26.18
,,2013 - 2014,14.76
,,2014 - 2015,18.96
,Latehar,2008 - 2009,29.41
,,2014 - 2015,42.0
,Lohardaga,2006 - 2007,44.79
,,2009 - 2010,51.29
,,2011 - 2012,3.16
,,2012 - 2013,45.07
,,2013 - 2014,46.53
,,2014 - 2015,47.93
,Pakur,2007 - 2008,43.24
,,2008 - 2009,28.27
,,2009 - 2010,40.75
,Palamu,2007 - 2008,42.0
,,2008 - 2009,30.52
,,2009 - 2010,67.36
,,2011 - 2012,68.37
,,2012 - 2013,67.52
,,2013 - 2014,72.04
,,2014 - 2015,65.61
,Sahebganj,2011 - 2012,51.37
,,2012 - 2013,48.87
,,2013 - 2014,49.61
,Saraikela kharsawan,2012 - 2013,49.43
,Simdega,2006 - 2007,4.52
Karnataka,Bagalkot,2000 - 2001,113.05
,,2001 - 2002,92.15
,,2002 - 2003,89.3
,,2003 - 2004,73.15
,,2005 - 2006,91.2
,,2006 - 2007,87.4
,,2007 - 2008,88.35
,,2008 - 2009,103.55
,,2009 - 2010,102.6
,,2010 - 2011,98.8
,,2011 - 2012,90.25
,,2012 - 2013,87.4
,,2013 - 2014,103.55
,,2014 - 2015,109.25
,,2015 - 2016,95.95
,,2016 - 2017,72.2
,,2017 - 2018,80.75
,,2018 - 2019,76.95
,,2019 - 2020,70.2
,,2020 - 2021,92.0
,,2021 - 2022,86.0
,,2022 - 2023,74.0
,Bangalore rural,2000 - 2001,102.6
,,2001 - 2002,80.75
,,2002 - 2003,92.15
,,2003 - 2004,67.45
,,2005 - 2006,88.35
,,2006 - 2007,96.9
,,2007 - 2008,84.5
,,2008 - 2009,86.45
,,2010 - 2011,96.88
,,2012 - 2013,83.67
,,2013 - 2014,89.0
,,2015 - 2016,80.67
,,2018 - 2019,85.49
,,2019 - 2020,83.96
,,2020 - 2021,96.0
,,2021 - 2022,95.69
,,2022 - 2023,89.84
,Belgaum,2000 - 2001,102.6
,,2001 - 2002,70.3
,,2002 - 2003,75.05
,,2003 - 2004,46.55
,,2005 - 2006,88.35
,,2006 - 2007,84.55
,,2007 - 2008,90.25
,,2008 - 2009,84.55
,,2009 - 2010,101.65
,,2010 - 2011,95.95
,,2011 - 2012,95.0
,,2012 - 2013,82.65
,,2013 - 2014,90.25
,,2014 - 2015,90.25
,,2015 - 2016,82.65
,,2016 - 2017,65.55
,,2017 - 2018,98.8
,,2018 - 2019,92.15
,,2019 - 2020,93.38
,,2020 - 2021,101.0
,,2021 - 2022,96.0
,,2022 - 2023,96.0
,Bellary,2000 - 2001,109.25
,,2001 - 2002,97.85
,,2002 - 2003,72.2
,,2003 - 2004,66.5
,,2005 - 2006,95.95
,,2006 - 2007,90.25
,,2007 - 2008,84.55
,,2008 - 2009,129.2
,,2009 - 2010,96.9
,,2010 - 2011,95.95
,,2011 - 2012,83.6
,,2012 - 2013,85.5
,,2013 - 2014,80.75
,,2014 - 2015,102.6
,,2015 - 2016,102.6
,,2016 - 2017,73.15
,,2017 - 2018,84.55
,,2018 - 2019,57.0
,,2019 - 2020,101.05
,,2020 - 2021,80.0
,,2021 - 2022,96.0
,,2022 - 2023,90.04
,Bengaluru urban,2000 - 2001,102.6
,,2001 - 2002,80.76
,,2002 - 2003,84.55
,,2003 - 2004,65.6
,,2006 - 2007,87.4
,,2007 - 2008,84.55
,,2010 - 2011,97.0
,,2012 - 2013,83.58
,,2014 - 2015,91.0
,,2017 - 2018,94.0
,,2018 - 2019,85.5
,,2019 - 2020,83.53
,,2020 - 2021,96.0
,,2021 - 2022,97.31
,,2022 - 2023,91.58
,Bidar,2000 - 2001,67.45
,,2001 - 2002,48.45
,,2002 - 2003,72.2
,,2003 - 2004,63.65
,,2005 - 2006,65.55
,,2006 - 2007,72.2
,,2007 - 2008,68.4
,,2008 - 2009,57.95
,,2009 - 2010,70.3
,,2010 - 2011,70.3
,,2011 - 2012,68.4
,,2012 - 2013,69.35
,,2013 - 2014,73.15
,,2014 - 2015,65.55
,,2015 - 2016,43.7
,,2016 - 2017,54.15
,,2017 - 2018,74.1
,,2018 - 2019,56.05
,,2019 - 2020,27.73
,,2020 - 2021,56.0
,,2021 - 2022,88.0
,,2022 - 2023,81.0
,Bijapur,2000 - 2001,84.55
,,2001 - 2002,52.25
,,2002 - 2003,73.15
,,2003 - 2004,62.7
,,2005 - 2006,76.0
,,2006 - 2007,63.65
,,2007 - 2008,55.1
,,2008 - 2009,53.2
,,2009 - 2010,68.4
,,2010 - 2011,83.6
,,2011 - 2012,73.15
,,2012 - 2013,74.1
,,2013 - 2014,76.95
,,2014 - 2015,79.8
,,2015 - 2016,50.35
,,2016 - 2017,68.4
,,2017 - 2018,88.35
,,2018 - 2019,80.75
,,2019 - 2020,69.52
,,2020 - 2021,79.0
,,2021 - 2022,101.0
,,2022 - 2023,93.0
,Chamarajanagar,2000 - 2001,120.65
,,2001 - 2002,95.95
,,2002 - 2003,100.7
,,2003 - 2004,82.65
,,2005 - 2006,92.15
,,2006 - 2007,87.4
,,2007 - 2008,95.0
,,2008 - 2009,82.65
,,2009 - 2010,84.55
,,2010 - 2011,104.5
,,2011 - 2012,125.4
,,2012 - 2013,74.1
,,2013 - 2014,95.0
,,2014 - 2015,83.6
,,2015 - 2016,88.35
,,2016 - 2017,69.35
,,2017 - 2018,110.2
,,2018 - 2019,97.85
,,2019 - 2020,84.76
,,2020 - 2021,105.0
,,2021 - 2022,94.0
,,2022 - 2023,70.0
,Chikballapur,2009 - 2010,95.95
,,2010 - 2011,96.9
,,2011 - 2012,91.2
,,2012 - 2013,83.6
,,2014 - 2015,91.21
,,2018 - 2019,85.5
,,2019 - 2020,83.77
,,2020 - 2021,96.0
,,2021 - 2022,95.93
,,2022 - 2023,90.33
,Chikmagalur,2000 - 2001,77.9
,,2001 - 2002,80.75
,,2002 - 2003,97.85
,,2003 - 2004,85.5
,,2005 - 2006,88.35
,,2006 - 2007,78.85
,,2007 - 2008,77.9
,,2008 - 2009,57.0
,,2009 - 2010,78.85
,,2010 - 2011,78.85
,,2011 - 2012,76.95
,,2012 - 2013,56.05
,,2013 - 2014,57.0
,,2014 - 2015,95.0
,,2015 - 2016,62.7
,,2016 - 2017,69.35
,,2017 - 2018,74.1
,,2018 - 2019,76.0
,,2019 - 2020,89.84
,,2020 - 2021,100.0
,,2021 - 2022,101.21
,,2022 - 2023,89.98
,Chitradurga,2000 - 2001,102.6
,,2001 - 2002,80.75
,,2002 - 2003,82.65
,,2003 - 2004,67.45
,,2006 - 2007,87.4
,,2007 - 2008,84.55
,,2010 - 2011,97.0
,,2011 - 2012,91.2
,,2012 - 2013,83.59
,,2015 - 2016,81.0
,,2016 - 2017,69.33
,,2017 - 2018,94.0
,,2018 - 2019,85.47
,,2019 - 2020,84.86
,,2020 - 2021,96.0
,,2021 - 2022,95.65
,,2022 - 2023,88.33
,Dakshin kannad,2000 - 2001,102.6
,,2001 - 2002,80.75
,,2002 - 2003,84.55
,,2003 - 2004,65.57
,,2006 - 2007,87.39
,,2008 - 2009,86.47
,,2009 - 2010,95.94
,,2010 - 2011,96.88
,,2011 - 2012,91.21
,,2012 - 2013,83.6
,,2013 - 2014,90.25
,,2014 - 2015,91.2
,,2015 - 2016,80.8
,,2016 - 2017,69.4
,,2018 - 2019,85.43
,,2019 - 2020,90.6
,,2020 - 2021,96.0
,,2021 - 2022,94.0
,,2022 - 2023,88.0
,Davangere,2000 - 2001,125.4
,,2001 - 2002,97.85
,,2002 - 2003,107.35
,,2003 - 2004,85.5
,,2005 - 2006,111.15
,,2006 - 2007,123.5
,,2007 - 2008,112.1
,,2008 - 2009,106.4
,,2009 - 2010,122.55
,,2010 - 2011,135.85
,,2011 - 2012,133.0
,,2012 - 2013,110.2
,,2013 - 2014,114.95
,,2014 - 2015,128.25
,,2015 - 2016,128.25
,,2016 - 2017,107.35
,,2017 - 2018,108.3
,,2018 - 2019,112.1
,,2019 - 2020,104.86
,,2020 - 2021,113.0
,,2021 - 2022,108.02
,,2022 - 2023,109.04
,Dharwad,2000 - 2001,90.25
,,2001 - 2002,73.15
,,2002 - 2003,62.7
,,2003 - 2004,32.3
,,2005 - 2006,88.35
,,2006 - 2007,64.6
,,2007 - 2008,64.6
,,2008 - 2009,61.75
,,2009 - 2010,70.3
,,2010 - 2011,56.05
,,2011 - 2012,59.85
,,2012 - 2013,65.55
,,2013 - 2014,68.4
,,2014 - 2015,74.1
,,2015 - 2016,67.45
,,2016 - 2017,69.35
,,2017 - 2018,78.85
,,2018 - 2019,68.4
,,2019 - 2020,60.48
,,2020 - 2021,77.0
,,2021 - 2022,92.0
,,2022 - 2023,78.0
,Gadag,2000 - 2001,102.6
,,2001 - 2002,80.75
,,2002 - 2003,84.55
,,2003 - 2004,65.55
,,2005 - 2006,88.34
,,2006 - 2007,87.4
,,2007 - 2008,84.55
,,2008 - 2009,86.45
,,2009 - 2010,95.95
,,2010 - 2011,96.9
,,2011 - 2012,91.2
,,2012 - 2013,83.6
,,2013 - 2014,93.1
,,2014 - 2015,105.45
,,2015 - 2016,80.75
,,2016 - 2017,56.05
,,2017 - 2018,68.4
,,2018 - 2019,57.95
,,2019 - 2020,47.33
,,2020 - 2021,50.0
,,2021 - 2022,42.01
,,2022 - 2023,51.0
,Gulbarga,2000 - 2001,70.3
,,2001 - 2002,73.15
,,2002 - 2003,50.35
,,2003 - 2004,32.3
,,2005 - 2006,60.8
,,2006 - 2007,60.8
,,2007 - 2008,62.7
,,2008 - 2009,51.3
,,2009 - 2010,63.65
,,2010 - 2011,66.5
,,2011 - 2012,40.85
,,2012 - 2013,49.4
,,2013 - 2014,60.8
,,2014 - 2015,66.5
,,2015 - 2016,41.8
,,2016 - 2017,38.0
,,2017 - 2018,68.4
,,2018 - 2019,76.95
,,2019 - 2020,80.49
,,2020 - 2021,70.0
,,2021 - 2022,96.0
,,2022 - 2023,84.0
,Hassan,2000 - 2001,112.1
,,2001 - 2002,100.7
,,2002 - 2003,97.85
,,2003 - 2004,103.55
,,2005 - 2006,101.65
,,2006 - 2007,115.9
,,2007 - 2008,81.7
,,2008 - 2009,100.7
,,2009 - 2010,116.85
,,2010 - 2011,108.3
,,2011 - 2012,97.85
,,2012 - 2013,75.05
,,2013 - 2014,83.6
,,2014 - 2015,109.25
,,2015 - 2016,142.5
,,2016 - 2017,70.3
,,2017 - 2018,127.3
,,2018 - 2019,105.45
,,2019 - 2020,68.51
,,2020 - 2021,100.0
,,2021 - 2022,91.99
,,2022 - 2023,102.01
,Haveri,2000 - 2001,95.0
,,2001 - 2002,78.85
,,2002 - 2003,37.05
,,2003 - 2004,43.7
,,2005 - 2006,88.35
,,2006 - 2007,86.45
,,2007 - 2008,71.25
,,2008 - 2009,49.4
,,2009 - 2010,75.05
,,2010 - 2011,95.0
,,2011 - 2012,82.65
,,2012 - 2013,65.55
,,2013 - 2014,118.75
,,2014 - 2015,105.45
,,2015 - 2016,97.85
,,2016 - 2017,92.15
,,2017 - 2018,86.45
,,2018 - 2019,68.4
,,2019 - 2020,47.68
,,2020 - 2021,97.0
,,2021 - 2022,87.0
,,2022 - 2023,54.0
,Kodagu,2020 - 2021,96.0
,,2021 - 2022,107.0
,Kolar,2000 - 2001,77.9
,,2001 - 2002,100.7
,,2002 - 2003,82.65
,,2003 - 2004,66.5
,,2005 - 2006,88.35
,,2006 - 2007,87.4
,,2007 - 2008,84.55
,,2010 - 2011,96.9
,,2011 - 2012,91.2
,,2012 - 2013,83.6
,,2016 - 2017,69.35
,,2018 - 2019,85.5
,,2019 - 2020,85.11
,,2020 - 2021,96.0
,,2021 - 2022,94.09
,,2022 - 2023,90.31
,Koppal,2000 - 2001,90.25
,,2001 - 2002,78.85
,,2002 - 2003,62.7
,,2007 - 2008,84.55
,,2008 - 2009,86.45
,,2009 - 2010,95.95
,,2010 - 2011,96.9
,,2011 - 2012,91.2
,,2012 - 2013,83.6
,,2013 - 2014,89.3
,,2014 - 2015,91.2
,,2015 - 2016,80.75
,,2016 - 2017,69.35
,,2017 - 2018,94.05
,,2018 - 2019,85.5
,,2019 - 2020,84.08
,,2020 - 2021,96.0
,,2021 - 2022,95.99
,,2022 - 2023,90.0
,Mandya,2000 - 2001,131.1
,,2001 - 2002,121.6
,,2002 - 2003,113.05
,,2003 - 2004,113.05
,,2005 - 2006,105.45
,,2006 - 2007,110.2
,,2007 - 2008,97.85
,,2008 - 2009,118.75
,,2009 - 2010,110.2
,,2010 - 2011,132.05
,,2011 - 2012,132.05
,,2012 - 2013,120.65
,,2013 - 2014,128.25
,,2014 - 2015,117.8
,,2015 - 2016,110.2
,,2016 - 2017,124.45
,,2017 - 2018,112.1
,,2018 - 2019,107.35
,,2019 - 2020,107.09
,,2020 - 2021,111.0
,,2021 - 2022,118.0
,,2022 - 2023,112.0
,Mysore,2000 - 2001,77.9
,,2001 - 2002,89.3
,,2002 - 2003,103.55
,,2003 - 2004,127.3
,,2005 - 2006,113.05
,,2006 - 2007,142.5
,,2007 - 2008,117.8
,,2008 - 2009,114.0
,,2009 - 2010,106.4
,,2010 - 2011,111.15
,,2011 - 2012,103.55
,,2012 - 2013,83.6
,,2013 - 2014,85.5
,,2014 - 2015,91.2
,,2015 - 2016,98.8
,,2016 - 2017,99.75
,,2017 - 2018,122.55
,,2018 - 2019,92.15
,,2019 - 2020,113.08
,,2020 - 2021,136.0
,,2021 - 2022,113.0
,,2022 - 2023,121.0
,Raichur,2000 - 2001,102.61
,,2001 - 2002,80.76
,,2002 - 2003,84.55
,,2003 - 2004,65.57
,,2005 - 2006,88.33
,,2006 - 2007,87.4
,,2007 - 2008,84.56
,,2009 - 2010,95.97
,,2010 - 2011,96.9
,,2012 - 2013,83.6
,,2013 - 2014,89.3
,,2014 - 2015,91.2
,,2018 - 2019,85.5
,,2019 - 2020,84.0
,,2020 - 2021,96.0
,,2021 - 2022,96.0
,,2022 - 2023,89.99
,Ramanagara,2007 - 2008,68.4
,,2008 - 2009,92.15
,,2009 - 2010,101.65
,,2010 - 2011,109.25
,,2011 - 2012,84.55
,,2012 - 2013,92.15
,,2013 - 2014,76.95
,,2014 - 2015,65.55
,,2015 - 2016,92.15
,,2016 - 2017,104.5
,,2017 - 2018,77.9
,,2018 - 2019,85.5
,,2019 - 2020,66.58
,,2020 - 2021,40.0
,,2021 - 2022,64.93
,,2022 - 2023,44.02
,Shimoga,2000 - 2001,118.75
,,2001 - 2002,105.45
,,2002 - 2003,131.1
,,2003 - 2004,123.5
,,2005 - 2006,109.25
,,2006 - 2007,105.45
,,2007 - 2008,87.4
,,2008 - 2009,99.75
,,2009 - 2010,121.6
,,2010 - 2011,110.2
,,2011 - 2012,105.45
,,2012 - 2013,114.0
,,2013 - 2014,95.95
,,2014 - 2015,99.75
,,2015 - 2016,90.25
,,2016 - 2017,86.45
,,2017 - 2018,88.35
,,2018 - 2019,95.0
,,2019 - 2020,106.37
,,2020 - 2021,120.0
,,2021 - 2022,135.93
,,2022 - 2023,127.02
,Tumkur,2000 - 2001,102.6
,,2001 - 2002,80.75
,,2002 - 2003,92.15
,,2003 - 2004,66.5
,,2005 - 2006,88.35
,,2006 - 2007,87.4
,,2007 - 2008,84.55
,,2008 - 2009,86.45
,,2009 - 2010,112.1
,,2010 - 2011,97.85
,,2011 - 2012,86.45
,,2012 - 2013,84.55
,,2013 - 2014,78.85
,,2014 - 2015,104.5
,,2015 - 2016,104.5
,,2016 - 2017,90.25
,,2017 - 2018,94.05
,,2018 - 2019,85.5
,,2019 - 2020,118.22
,,2020 - 2021,92.0
,,2021 - 2022,103.88
,,2022 - 2023,80.09
,Udupi,2000 - 2001,93.1
,,2001 - 2002,80.75
,,2002 - 2003,84.55
,,2003 - 2004,65.55
,,2005 - 2006,88.36
,,2006 - 2007,87.4
,,2007 - 2008,84.57
,,2008 - 2009,86.4
,,2009 - 2010,95.95
,,2010 - 2011,96.9
,,2011 - 2012,91.2
,,2012 - 2013,83.61
,,2013 - 2014,89.31
,,2014 - 2015,91.19
,,2015 - 2016,80.73
,,2016 - 2017,69.36
,,2017 - 2018,94.09
,,2018 - 2019,85.5
,,2019 - 2020,83.1
,,2020 - 2021,96.0
,,2021 - 2022,93.62
,,2022 - 2023,88.18
,Uttar kannad,2000 - 2001,93.1
,,2001 - 2002,80.75
,,2002 - 2003,62.7
,,2003 - 2004,65.55
,,2005 - 2006,88.35
,,2006 - 2007,87.4
,,2007 - 2008,84.55
,,2008 - 2009,86.45
,,2009 - 2010,83.6
,,2010 - 2011,106.4
,,2011 - 2012,55.1
,,2012 - 2013,106.4
,,2013 - 2014,78.85
,,2014 - 2015,77.9
,,2015 - 2016,73.15
,,2016 - 2017,62.7
,,2018 - 2019,68.4
,,2019 - 2020,57.92
,,2020 - 2021,68.0
,,2021 - 2022,92.0
,,2022 - 2023,74.0
,Vijayanagar,2022 - 2023,70.0
,Yadgir,2010 - 2011,96.9
,,2011 - 2012,91.2
,,2012 - 2013,83.6
,,2013 - 2014,89.3
,,2014 - 2015,91.2
,,2015 - 2016,80.75
,,2016 - 2017,69.35
,,2017 - 2018,94.05
,,2018 - 2019,85.5
,,2019 - 2020,84.11
,,2020 - 2021,96.0
,,2021 - 2022,96.02
,,2022 - 2023,89.99
Kerala,Alappuzha,2000 - 2001,68.1
,,2001 - 2002,68.08
,,2002 - 2003,68.08
,,2003 - 2004,68.09
,,2004 - 2005,68.09
,,2005 - 2006,55.0
,,2006 - 2007,59.58
,,2007 - 2008,74.8
,,2008 - 2009,92.17
,,2009 - 2010,87.73
,,2010 - 2011,87.59
,,2011 - 2012,87.82
,,2012 - 2013,87.53
,,2013 - 2014,89.56
,,2014 - 2015,4.55
,,2015 - 2016,87.54
,,2016 - 2017,80.5
,,2017 - 2018,82.14
,,2018 - 2019,53.0
,,2019 - 2020,75.11
,,2020 - 2021,7.18
,,2021 - 2022,7.9
,,2022 - 2023,8.49
,Ernakulam,2000 - 2001,125.71
,,2001 - 2002,125.83
,,2002 - 2003,126.25
,,2003 - 2004,130.0
,,2004 - 2005,130.0
,,2005 - 2006,66.67
,,2007 - 2008,28.75
,,2008 - 2009,0.0
,,2009 - 2010,0.0
,,2010 - 2011,0.0
,,2011 - 2012,0.0
,,2012 - 2013,0.0
,,2013 - 2014,0.0
,,2014 - 2015,0.0
,,2015 - 2016,0.0
,,2016 - 2017,0.0
,,2017 - 2018,0.0
,,2018 - 2019,85.0
,,2019 - 2020,0.0
,,2020 - 2021,5.0
,,2021 - 2022,2.5
,,2022 - 2023,7.12
,Idukki,2000 - 2001,84.47
,,2001 - 2002,84.46
,,2002 - 2003,84.47
,,2003 - 2004,84.4
,,2004 - 2005,84.39
,,2005 - 2006,67.89
,,2006 - 2007,62.43
,,2007 - 2008,60.93
,,2008 - 2009,76.94
,,2009 - 2010,100.88
,,2010 - 2011,100.03
,,2011 - 2012,106.98
,,2012 - 2013,104.46
,,2013 - 2014,105.78
,,2014 - 2015,107.7
,,2015 - 2016,112.21
,,2016 - 2017,112.8
,,2017 - 2018,112.3
,,2018 - 2019,110.1
,,2019 - 2020,132.9
,,2020 - 2021,12.03
,,2021 - 2022,11.8
,,2022 - 2023,11.26
,Kannur,2000 - 2001,162.0
,,2002 - 2003,162.0
,,2003 - 2004,163.33
,,2004 - 2005,162.5
,,2005 - 2006,97.5
,,2006 - 2007,15.0
,,2007 - 2008,25.0
,,2008 - 2009,180.5
,,2009 - 2010,150.0
,,2010 - 2011,141.28
,,2011 - 2012,115.0
,,2012 - 2013,112.5
,,2013 - 2014,90.0
,,2014 - 2015,134.11
,,2015 - 2016,134.27
,,2016 - 2017,112.64
,,2017 - 2018,136.88
,,2018 - 2019,104.21
,,2019 - 2020,69.11
,,2020 - 2021,11.15
,,2021 - 2022,9.99
,,2022 - 2023,7.68
,Kasaragod,2000 - 2001,36.67
,,2002 - 2003,36.67
,,2003 - 2004,40.0
,,2004 - 2005,40.0
,,2005 - 2006,5.0
,,2006 - 2007,10.0
,,2007 - 2008,50.0
,,2008 - 2009,0.0
,,2009 - 2010,60.0
,,2010 - 2011,31.05
,,2011 - 2012,7.94
,,2012 - 2013,30.0
,,2013 - 2014,0.0
,,2014 - 2015,0.0
,,2015 - 2016,0.0
,Kollam,2000 - 2001,103.33
,,2001 - 2002,103.33
,,2002 - 2003,100.0
,,2003 - 2004,100.0
,,2004 - 2005,100.0
,,2005 - 2006,60.0
,,2006 - 2007,20.0
,,2007 - 2008,20.0
,,2008 - 2009,0.0
,,2009 - 2010,0.0
,,2010 - 2011,0.0
,,2011 - 2012,0.0
,,2013 - 2014,0.0
,,2014 - 2015,0.0
,,2015 - 2016,0.0
,,2019 - 2020,110.4
,Kottayam,2000 - 2001,46.43
,,2001 - 2002,48.24
,,2002 - 2003,48.33
,,2003 - 2004,48.29
,,2004 - 2005,48.3
,,2005 - 2006,64.29
,,2006 - 2007,40.75
,,2007 - 2008,34.48
,,2008 - 2009,68.75
,,2009 - 2010,47.42
,,2010 - 2011,88.76
,,2011 - 2012,94.03
,,2012 - 2013,83.85
,,2013 - 2014,77.14
,,2014 - 2015,71.5
,,2015 - 2016,83.39
,,2016 - 2017,77.76
,,2017 - 2018,82.94
,,2018 - 2019,70.89
,,2019 - 2020,79.52
,,2020 - 2021,7.29
,,2021 - 2022,6.61
,,2022 - 2023,5.47
,Kozhikode,2000 - 2001,100.0
,,2001 - 2002,100.0
,,2009 - 2010,0.0
,,2010 - 2011,0.0
,,2011 - 2012,0.0
,,2014 - 2015,0.0
,,2015 - 2016,0.0
,,2016 - 2017,0.0
,,2017 - 2018,0.0
,,2019 - 2020,87.0
,Malappuram,2000 - 2001,102.0
,,2001 - 2002,101.43
,,2002 - 2003,101.82
,,2003 - 2004,102.5
,,2004 - 2005,103.33
,,2005 - 2006,90.0
,,2010 - 2011,0.0
,,2011 - 2012,0.0
,,2012 - 2013,0.0
,,2015 - 2016,0.0
,,2018 - 2019,85.04
,,2019 - 2020,87.08
,,2020 - 2021,9.25
,Palakkad,2000 - 2001,85.07
,,2001 - 2002,85.07
,,2002 - 2003,85.07
,,2003 - 2004,85.1
,,2004 - 2005,85.1
,,2005 - 2006,96.81
,,2006 - 2007,45.59
,,2007 - 2008,35.16
,,2008 - 2009,87.6
,,2009 - 2010,84.62
,,2010 - 2011,82.4
,,2011 - 2012,76.02
,,2012 - 2013,53.26
,,2013 - 2014,83.62
,,2014 - 2015,84.51
,,2015 - 2016,81.56
,,2016 - 2017,83.0
,,2017 - 2018,96.25
,,2018 - 2019,74.25
,,2019 - 2020,80.37
,,2020 - 2021,4.64
,,2021 - 2022,6.78
,,2022 - 2023,9.85
,Pathanamthitta,2000 - 2001,48.88
,,2001 - 2002,48.87
,,2002 - 2003,48.84
,,2003 - 2004,48.84
,,2004 - 2005,48.86
,,2005 - 2006,36.73
,,2006 - 2007,33.33
,,2007 - 2008,9.78
,,2008 - 2009,229.29
,,2009 - 2010,80.0
,,2010 - 2011,43.0
,,2011 - 2012,44.26
,,2012 - 2013,44.0
,,2013 - 2014,105.63
,,2014 - 2015,100.0
,,2015 - 2016,83.05
,,2016 - 2017,110.13
,,2017 - 2018,103.19
,,2018 - 2019,66.7
,,2019 - 2020,116.85
,,2020 - 2021,10.87
,,2021 - 2022,8.56
,,2022 - 2023,8.49
,Thiruvananthapuram,2000 - 2001,100.0
,,2001 - 2002,100.0
,,2003 - 2004,0.0
,,2004 - 2005,0.0
,,2005 - 2006,60.0
,,2006 - 2007,20.0
,,2007 - 2008,40.0
,,2010 - 2011,0.0
,,2011 - 2012,0.0
,,2014 - 2015,0.0
,,2015 - 2016,0.0
,Thrissur,2000 - 2001,100.0
,,2001 - 2002,100.0
,,2002 - 2003,100.0
,,2003 - 2004,100.0
,,2004 - 2005,100.0
,,2005 - 2006,70.0
,,2009 - 2010,0.0
,,2010 - 2011,0.0
,,2011 - 2012,0.0
,,2012 - 2013,20.0
,,2013 - 2014,103.45
,,2014 - 2015,83.33
,,2015 - 2016,9.56
,Wayanad,2000 - 2001,100.0
,,2001 - 2002,100.0
,,2002 - 2003,100.0
,,2003 - 2004,100.0
,,2004 - 2005,100.0
,,2005 - 2006,90.0
,,2006 - 2007,30.0
,,2007 - 2008,30.0
,,2008 - 2009,0.0
,,2009 - 2010,0.0
,,2010 - 2011,7.13
,,2011 - 2012,0.0
,,2012 - 2013,0.0
,,2013 - 2014,0.0
,,2014 - 2015,0.0
,,2015 - 2016,0.0
,,2017 - 2018,0.0
Madhya Pradesh,Agar malwa,2013 - 2014,37.86
,,2018 - 2019,4.0
,,2019 - 2020,3.0
,,2020 - 2021,0.0
,,2021 - 2022,30.0
,Alirajpur,2008 - 2009,30.0
,,2009 - 2010,30.0
,,2012 - 2013,36.67
,,2013 - 2014,50.0
,,2014 - 2015,20.0
,,2018 - 2019,3.0
,,2020 - 2021,0.0
,,2021 - 2022,10.0
,,2022 - 2023,2.0
,Anuppur,2002 - 2003,0.0
,,2003 - 2004,25.56
,,2004 - 2005,25.71
,,2006 - 2007,36.25
,,2007 - 2008,22.86
,,2008 - 2009,36.0
,,2009 - 2010,32.5
,,2010 - 2011,15.0
,,2017 - 2018,3.0
,,2018 - 2019,2.56
,,2019 - 2020,2.56
,,2020 - 2021,4.06
,,2021 - 2022,32.0
,,2022 - 2023,2.82
,Ashoknagar,2003 - 2004,23.19
,,2004 - 2005,23.21
,,2005 - 2006,21.87
,,2006 - 2007,24.85
,,2007 - 2008,24.52
,,2008 - 2009,24.85
,,2009 - 2010,24.2
,,2010 - 2011,18.25
,,2011 - 2012,22.37
,,2012 - 2013,34.69
,,2013 - 2014,32.96
,,2014 - 2015,30.0
,,2018 - 2019,3.25
,,2019 - 2020,3.6
,,2020 - 2021,43.0
,,2021 - 2022,25.05
,,2022 - 2023,3.25
,Balaghat,2000 - 2001,20.26
,,2001 - 2002,39.98
,,2002 - 2003,43.31
,,2003 - 2004,39.98
,,2004 - 2005,39.97
,,2005 - 2006,41.27
,,2006 - 2007,39.99
,,2007 - 2008,39.97
,,2008 - 2009,49.96
,,2009 - 2010,49.97
,,2010 - 2011,49.97
,,2011 - 2012,37.11
,,2012 - 2013,49.97
,,2013 - 2014,53.3
,,2014 - 2015,50.0
,,2015 - 2016,30.0
,,2017 - 2018,5.15
,,2018 - 2019,5.0
,,2019 - 2020,5.33
,,2020 - 2021,8.4
,,2021 - 2022,86.0
,,2022 - 2023,8.6
,Barwani,2000 - 2001,9.83
,,2001 - 2002,31.37
,,2002 - 2003,36.04
,,2003 - 2004,34.73
,,2004 - 2005,29.68
,,2005 - 2006,26.31
,,2006 - 2007,30.7
,,2007 - 2008,24.12
,,2008 - 2009,28.51
,,2009 - 2010,24.56
,,2010 - 2011,35.09
,,2011 - 2012,29.17
,,2012 - 2013,48.55
,,2013 - 2014,41.68
,,2014 - 2015,30.0
,,2016 - 2017,18.0
,,2017 - 2018,5.82
,,2018 - 2019,5.28
,,2019 - 2020,4.75
,,2020 - 2021,68.5
,,2021 - 2022,68.5
,,2022 - 2023,6.85
,Betul,2000 - 2001,21.13
,,2001 - 2002,42.13
,,2002 - 2003,43.43
,,2003 - 2004,44.72
,,2004 - 2005,41.48
,,2005 - 2006,43.59
,,2006 - 2007,42.29
,,2007 - 2008,45.54
,,2008 - 2009,44.89
,,2009 - 2010,45.54
,,2010 - 2011,35.83
,,2011 - 2012,39.05
,,2012 - 2013,56.29
,,2013 - 2014,61.12
,,2014 - 2015,28.75
,,2015 - 2016,48.0
,,2016 - 2017,28.17
,,2017 - 2018,6.34
,,2018 - 2019,4.29
,,2019 - 2020,5.63
,,2020 - 2021,10.0
,,2021 - 2022,76.5
,,2022 - 2023,7.61
,Bhind,2000 - 2001,22.13
,,2001 - 2002,25.35
,,2002 - 2003,25.2
,,2003 - 2004,25.19
,,2004 - 2005,25.26
,,2005 - 2006,25.33
,,2006 - 2007,25.3
,,2007 - 2008,25.28
,,2008 - 2009,18.97
,,2009 - 2010,20.0
,,2010 - 2011,26.25
,,2011 - 2012,19.62
,,2012 - 2013,15.63
,,2013 - 2014,28.0
,,2018 - 2019,3.08
,,2019 - 2020,6.1
,,2020 - 2021,0.0
,,2021 - 2022,40.0
,,2022 - 2023,4.9
,Bhopal,2000 - 2001,14.3
,,2001 - 2002,21.67
,,2002 - 2003,19.88
,,2003 - 2004,21.69
,,2004 - 2005,22.05
,,2005 - 2006,22.88
,,2006 - 2007,26.46
,,2007 - 2008,25.36
,,2008 - 2009,21.41
,,2009 - 2010,24.33
,,2010 - 2011,21.06
,,2011 - 2012,23.2
,,2012 - 2013,29.77
,,2013 - 2014,29.37
,,2014 - 2015,20.0
,,2016 - 2017,36.67
,,2018 - 2019,2.41
,,2019 - 2020,2.76
,,2020 - 2021,4.91
,,2021 - 2022,50.0
,,2022 - 2023,5.14
,Burhanpur,2003 - 2004,56.6
,,2004 - 2005,55.9
,,2005 - 2006,55.9
,,2006 - 2007,55.9
,,2007 - 2008,55.9
,,2008 - 2009,52.41
,,2009 - 2010,48.92
,,2010 - 2011,52.72
,,2011 - 2012,51.95
,,2012 - 2013,68.31
,,2013 - 2014,61.04
,,2014 - 2015,40.0
,,2015 - 2016,65.0
,,2017 - 2018,6.45
,,2018 - 2019,3.25
,,2019 - 2020,6.84
,,2020 - 2021,67.85
,,2021 - 2022,68.5
,,2022 - 2023,6.85
,Chhatarpur,2000 - 2001,11.05
,,2001 - 2002,22.34
,,2002 - 2003,22.34
,,2003 - 2004,23.9
,,2004 - 2005,20.41
,,2005 - 2006,21.29
,,2006 - 2007,18.39
,,2007 - 2008,16.86
,,2008 - 2009,23.46
,,2009 - 2010,24.32
,,2010 - 2011,22.35
,,2011 - 2012,16.31
,,2012 - 2013,21.86
,,2013 - 2014,36.39
,,2014 - 2015,20.0
,,2016 - 2017,30.43
,,2017 - 2018,2.17
,,2018 - 2019,3.26
,,2019 - 2020,2.74
,,2020 - 2021,3.36
,,2021 - 2022,33.75
,,2022 - 2023,3.05
,Chhindwara,2000 - 2001,28.25
,,2001 - 2002,44.04
,,2002 - 2003,57.6
,,2003 - 2004,64.37
,,2004 - 2005,57.59
,,2005 - 2006,61.83
,,2006 - 2007,65.22
,,2007 - 2008,66.91
,,2008 - 2009,65.22
,,2009 - 2010,66.06
,,2010 - 2011,67.76
,,2011 - 2012,68.24
,,2012 - 2013,67.9
,,2013 - 2014,69.32
,,2014 - 2015,58.33
,,2015 - 2016,47.5
,,2017 - 2018,4.0
,,2018 - 2019,8.06
,,2019 - 2020,8.46
,,2020 - 2021,9.7
,,2021 - 2022,97.5
,,2022 - 2023,9.75
,Damoh,2000 - 2001,7.81
,,2001 - 2002,25.45
,,2002 - 2003,22.44
,,2003 - 2004,29.03
,,2004 - 2005,28.65
,,2005 - 2006,28.65
,,2006 - 2007,28.7
,,2007 - 2008,24.62
,,2008 - 2009,28.29
,,2009 - 2010,34.07
,,2010 - 2011,34.0
,,2011 - 2012,28.97
,,2012 - 2013,34.11
,,2013 - 2014,41.0
,,2014 - 2015,40.0
,,2015 - 2016,30.0
,,2016 - 2017,4.5
,,2017 - 2018,2.5
,,2018 - 2019,3.42
,,2019 - 2020,2.85
,,2020 - 2021,0.0
,,2021 - 2022,36.0
,,2022 - 2023,6.0
,Datia,2000 - 2001,23.82
,,2001 - 2002,33.42
,,2002 - 2003,25.95
,,2003 - 2004,32.54
,,2004 - 2005,31.66
,,2005 - 2006,32.28
,,2006 - 2007,28.74
,,2007 - 2008,35.37
,,2008 - 2009,36.7
,,2009 - 2010,30.51
,,2010 - 2011,28.74
,,2011 - 2012,31.62
,,2012 - 2013,43.37
,,2013 - 2014,54.22
,,2014 - 2015,50.0
,,2015 - 2016,56.0
,,2018 - 2019,4.82
,,2019 - 2020,4.82
,,2020 - 2021,57.58
,,2021 - 2022,49.0
,,2022 - 2023,4.9
,Dewas,2000 - 2001,10.36
,,2001 - 2002,18.67
,,2002 - 2003,18.68
,,2003 - 2004,20.18
,,2004 - 2005,20.48
,,2005 - 2006,18.08
,,2006 - 2007,22.59
,,2007 - 2008,22.58
,,2008 - 2009,22.58
,,2009 - 2010,22.57
,,2010 - 2011,22.6
,,2011 - 2012,20.94
,,2012 - 2013,29.55
,,2013 - 2014,29.48
,,2014 - 2015,13.33
,,2017 - 2018,3.1
,,2018 - 2019,2.19
,,2019 - 2020,4.1
,,2020 - 2021,2.85
,,2021 - 2022,32.46
,,2022 - 2023,3.25
,Dhar,2000 - 2001,9.21
,,2001 - 2002,18.52
,,2002 - 2003,18.82
,,2003 - 2004,20.21
,,2004 - 2005,19.65
,,2005 - 2006,19.04
,,2006 - 2007,22.17
,,2007 - 2008,20.47
,,2008 - 2009,19.33
,,2009 - 2010,19.34
,,2010 - 2011,21.32
,,2011 - 2012,16.95
,,2012 - 2013,19.9
,,2013 - 2014,28.42
,,2014 - 2015,30.0
,,2015 - 2016,46.67
,,2017 - 2018,6.14
,,2018 - 2019,2.84
,,2019 - 2020,3.08
,,2020 - 2021,70.35
,,2021 - 2022,70.36
,,2022 - 2023,7.04
,Dindori,2000 - 2001,20.0
,,2001 - 2002,20.0
,,2002 - 2003,20.0
,,2003 - 2004,0.0
,,2004 - 2005,20.0
,,2005 - 2006,20.0
,,2006 - 2007,20.0
,,2007 - 2008,20.0
,,2009 - 2010,15.0
,,2011 - 2012,10.0
,,2018 - 2019,1.0
,,2019 - 2020,2.4
,,2020 - 2021,0.0
,,2021 - 2022,26.25
,,2022 - 2023,2.65
,Guna,2000 - 2001,12.93
,,2001 - 2002,23.86
,,2002 - 2003,12.59
,,2003 - 2004,23.52
,,2004 - 2005,20.88
,,2005 - 2006,22.87
,,2006 - 2007,23.52
,,2007 - 2008,18.21
,,2008 - 2009,21.54
,,2009 - 2010,21.54
,,2010 - 2011,21.54
,,2011 - 2012,18.22
,,2012 - 2013,19.26
,,2013 - 2014,25.77
,,2014 - 2015,20.0
,,2015 - 2016,40.0
,,2018 - 2019,2.39
,,2019 - 2020,2.52
,,2020 - 2021,67.0
,,2021 - 2022,43.81
,,2022 - 2023,4.34
,Gwalior,2000 - 2001,19.39
,,2001 - 2002,43.91
,,2002 - 2003,36.32
,,2003 - 2004,42.83
,,2004 - 2005,42.86
,,2005 - 2006,42.29
,,2006 - 2007,41.2
,,2007 - 2008,27.11
,,2008 - 2009,37.95
,,2009 - 2010,35.78
,,2010 - 2011,37.41
,,2011 - 2012,31.57
,,2012 - 2013,32.01
,,2013 - 2014,31.12
,,2015 - 2016,50.0
,,2018 - 2019,2.8
,,2019 - 2020,3.11
,,2020 - 2021,29.8
,,2021 - 2022,29.8
,,2022 - 2023,3.18
,Harda,2000 - 2001,16.31
,,2001 - 2002,28.79
,,2002 - 2003,31.35
,,2003 - 2004,32.94
,,2004 - 2005,33.4
,,2005 - 2006,22.89
,,2006 - 2007,24.69
,,2007 - 2008,29.69
,,2008 - 2009,26.46
,,2009 - 2010,28.98
,,2010 - 2011,29.32
,,2011 - 2012,25.65
,,2012 - 2013,39.91
,,2013 - 2014,37.02
,,2014 - 2015,30.0
,,2015 - 2016,40.0
,,2018 - 2019,2.98
,,2019 - 2020,2.88
,,2020 - 2021,0.0
,,2021 - 2022,39.09
,,2022 - 2023,3.75
,Hoshangabad,2000 - 2001,11.34
,,2001 - 2002,33.98
,,2002 - 2003,31.89
,,2003 - 2004,31.89
,,2004 - 2005,32.4
,,2005 - 2006,33.24
,,2006 - 2007,33.23
,,2007 - 2008,31.16
,,2008 - 2009,33.24
,,2009 - 2010,33.24
,,2010 - 2011,34.79
,,2011 - 2012,25.77
,,2012 - 2013,37.64
,,2013 - 2014,32.13
,,2014 - 2015,50.0
,,2015 - 2016,44.0
,,2016 - 2017,19.33
,,2017 - 2018,4.5
,,2018 - 2019,3.51
,,2019 - 2020,5.26
,,2020 - 2021,7.2
,,2021 - 2022,104.9
,,2022 - 2023,8.48
,Indore,2000 - 2001,11.7
,,2001 - 2002,23.26
,,2002 - 2003,23.28
,,2003 - 2004,27.5
,,2004 - 2005,24.23
,,2005 - 2006,21.3
,,2006 - 2007,21.0
,,2007 - 2008,30.59
,,2008 - 2009,27.94
,,2009 - 2010,27.5
,,2010 - 2011,27.6
,,2011 - 2012,20.0
,,2012 - 2013,26.67
,,2013 - 2014,26.18
,,2016 - 2017,40.0
,,2018 - 2019,1.92
,,2019 - 2020,2.5
,,2020 - 2021,33.55
,,2021 - 2022,34.0
,,2022 - 2023,2.6
,Jabalpur,2000 - 2001,9.39
,,2001 - 2002,27.11
,,2002 - 2003,26.41
,,2003 - 2004,30.22
,,2004 - 2005,33.28
,,2005 - 2006,34.67
,,2006 - 2007,32.95
,,2007 - 2008,25.07
,,2008 - 2009,27.82
,,2009 - 2010,26.45
,,2010 - 2011,29.14
,,2011 - 2012,27.79
,,2012 - 2013,31.3
,,2013 - 2014,30.17
,,2014 - 2015,30.0
,,2015 - 2016,36.67
,,2017 - 2018,5.3
,,2018 - 2019,3.05
,,2019 - 2020,3.09
,,2020 - 2021,8.55
,,2021 - 2022,85.5
,,2022 - 2023,8.55
,Jhabua,2000 - 2001,6.09
,,2001 - 2002,28.18
,,2002 - 2003,28.18
,,2003 - 2004,30.0
,,2004 - 2005,29.17
,,2005 - 2006,32.14
,,2006 - 2007,30.53
,,2007 - 2008,31.43
,,2008 - 2009,30.0
,,2009 - 2010,30.0
,,2010 - 2011,31.11
,,2011 - 2012,23.0
,,2012 - 2013,39.17
,,2013 - 2014,55.0
,,2018 - 2019,3.25
,,2019 - 2020,2.75
,,2020 - 2021,34.0
,,2022 - 2023,4.0
,Katni,2000 - 2001,15.54
,,2001 - 2002,21.43
,,2002 - 2003,17.27
,,2003 - 2004,22.0
,,2004 - 2005,20.0
,,2005 - 2006,18.0
,,2006 - 2007,14.21
,,2007 - 2008,14.09
,,2008 - 2009,16.47
,,2009 - 2010,15.94
,,2010 - 2011,15.91
,,2011 - 2012,12.22
,,2012 - 2013,16.55
,,2013 - 2014,42.16
,,2018 - 2019,3.37
,,2019 - 2020,3.46
,,2020 - 2021,8.45
,,2021 - 2022,47.56
,,2022 - 2023,4.75
,Khandwa,2000 - 2001,25.4
,,2001 - 2002,45.42
,,2002 - 2003,45.42
,,2003 - 2004,45.43
,,2004 - 2005,36.95
,,2005 - 2006,37.05
,,2006 - 2007,41.94
,,2007 - 2008,52.4
,,2008 - 2009,48.95
,,2009 - 2010,38.46
,,2010 - 2011,38.46
,,2011 - 2012,36.97
,,2012 - 2013,45.17
,,2013 - 2014,50.51
,,2014 - 2015,25.0
,,2017 - 2018,5.57
,,2018 - 2019,4.78
,,2019 - 2020,3.19
,,2020 - 2021,56.9
,,2021 - 2022,57.49
,,2022 - 2023,5.75
,Khargone,2000 - 2001,13.23
,,2001 - 2002,31.37
,,2002 - 2003,34.74
,,2003 - 2004,35.3
,,2004 - 2005,34.73
,,2005 - 2006,32.05
,,2006 - 2007,37.2
,,2007 - 2008,34.34
,,2008 - 2009,33.77
,,2009 - 2010,35.48
,,2010 - 2011,36.63
,,2011 - 2012,26.68
,,2012 - 2013,38.5
,,2013 - 2014,48.34
,,2014 - 2015,16.0
,,2015 - 2016,47.0
,,2017 - 2018,5.93
,,2018 - 2019,3.51
,,2019 - 2020,4.29
,,2020 - 2021,7.1
,,2021 - 2022,71.5
,,2022 - 2023,7.15
,Mandla,2000 - 2001,15.61
,,2001 - 2002,20.78
,,2002 - 2003,22.45
,,2003 - 2004,22.44
,,2004 - 2005,23.28
,,2005 - 2006,23.7
,,2006 - 2007,24.11
,,2007 - 2008,24.94
,,2008 - 2009,24.11
,,2009 - 2010,24.11
,,2010 - 2011,24.94
,,2011 - 2012,17.47
,,2012 - 2013,24.11
,,2013 - 2014,41.58
,,2014 - 2015,50.0
,,2015 - 2016,50.0
,,2017 - 2018,3.58
,,2018 - 2019,3.45
,,2019 - 2020,3.53
,,2020 - 2021,3.58
,,2021 - 2022,35.8
,,2022 - 2023,3.58
,Mandsaur,2000 - 2001,5.33
,,2001 - 2002,37.14
,,2002 - 2003,30.0
,,2003 - 2004,36.0
,,2004 - 2005,42.0
,,2005 - 2006,26.67
,,2006 - 2007,41.67
,,2007 - 2008,29.09
,,2008 - 2009,30.0
,,2009 - 2010,35.0
,,2010 - 2011,36.0
,,2011 - 2012,26.67
,,2012 - 2013,43.33
,,2018 - 2019,3.31
,,2019 - 2020,2.88
,,2020 - 2021,0.0
,,2021 - 2022,15.22
,,2022 - 2023,2.82
,Morena,2000 - 2001,35.38
,,2001 - 2002,47.38
,,2002 - 2003,40.82
,,2003 - 2004,40.82
,,2004 - 2005,37.9
,,2005 - 2006,39.56
,,2006 - 2007,38.09
,,2007 - 2008,36.63
,,2008 - 2009,40.29
,,2009 - 2010,40.3
,,2010 - 2011,43.97
,,2011 - 2012,28.2
,,2012 - 2013,44.8
,,2013 - 2014,55.28
,,2014 - 2015,45.0
,,2015 - 2016,30.0
,,2018 - 2019,5.36
,,2019 - 2020,6.73
,,2020 - 2021,0.0
,,2021 - 2022,50.0
,,2022 - 2023,4.67
,Narsinghpur,2000 - 2001,27.06
,,2001 - 2002,47.59
,,2002 - 2003,46.39
,,2003 - 2004,46.99
,,2004 - 2005,46.99
,,2005 - 2006,48.87
,,2006 - 2007,48.87
,,2007 - 2008,48.87
,,2008 - 2009,50.12
,,2009 - 2010,43.86
,,2010 - 2011,43.86
,,2011 - 2012,40.65
,,2012 - 2013,60.96
,,2013 - 2014,49.7
,,2014 - 2015,55.25
,,2015 - 2016,54.9
,,2016 - 2017,73.05
,,2017 - 2018,5.88
,,2018 - 2019,5.3
,,2019 - 2020,6.63
,,2020 - 2021,7.23
,,2021 - 2022,68.9
,,2022 - 2023,7.06
,Neemuch,2000 - 2001,25.0
,,2001 - 2002,37.5
,,2003 - 2004,30.0
,,2008 - 2009,30.0
,,2009 - 2010,40.0
,,2010 - 2011,40.0
,,2011 - 2012,26.67
,,2012 - 2013,50.0
,,2019 - 2020,3.0
,,2020 - 2021,0.0
,,2021 - 2022,40.0
,Niwari,2020 - 2021,0.0
,,2021 - 2022,31.25
,Panna,2000 - 2001,6.61
,,2001 - 2002,17.89
,,2002 - 2003,18.27
,,2003 - 2004,18.59
,,2004 - 2005,16.52
,,2005 - 2006,23.04
,,2006 - 2007,16.53
,,2007 - 2008,16.61
,,2008 - 2009,22.5
,,2009 - 2010,21.59
,,2010 - 2011,21.49
,,2011 - 2012,15.9
,,2012 - 2013,24.51
,,2013 - 2014,31.46
,,2014 - 2015,20.0
,,2018 - 2019,2.44
,,2019 - 2020,2.51
,,2020 - 2021,3.11
,,2021 - 2022,29.83
,,2022 - 2023,2.99
,Raisen,2000 - 2001,6.36
,,2001 - 2002,14.96
,,2002 - 2003,14.92
,,2003 - 2004,16.36
,,2004 - 2005,16.34
,,2005 - 2006,16.35
,,2006 - 2007,16.33
,,2007 - 2008,16.34
,,2008 - 2009,16.33
,,2009 - 2010,16.33
,,2010 - 2011,16.34
,,2011 - 2012,12.84
,,2012 - 2013,13.44
,,2013 - 2014,19.75
,,2014 - 2015,50.0
,,2015 - 2016,20.0
,,2018 - 2019,1.35
,,2019 - 2020,1.57
,,2020 - 2021,4.5
,,2021 - 2022,45.0
,,2022 - 2023,4.5
,Rajgarh,2000 - 2001,23.58
,,2001 - 2002,25.67
,,2002 - 2003,17.71
,,2003 - 2004,26.43
,,2004 - 2005,28.17
,,2005 - 2006,26.77
,,2006 - 2007,28.47
,,2007 - 2008,28.9
,,2008 - 2009,28.92
,,2009 - 2010,28.99
,,2010 - 2011,28.8
,,2011 - 2012,27.37
,,2012 - 2013,32.86
,,2013 - 2014,26.67
,,2018 - 2019,2.0
,,2019 - 2020,3.0
,,2021 - 2022,47.5
,Ratlam,2000 - 2001,49.24
,,2001 - 2002,58.18
,,2002 - 2003,51.11
,,2003 - 2004,57.5
,,2004 - 2005,44.0
,,2005 - 2006,58.33
,,2006 - 2007,58.33
,,2007 - 2008,60.56
,,2008 - 2009,58.18
,,2009 - 2010,54.55
,,2010 - 2011,58.0
,,2011 - 2012,55.33
,,2012 - 2013,86.36
,,2018 - 2019,3.5
,,2019 - 2020,4.5
,,2020 - 2021,0.0
,,2021 - 2022,31.25
,,2022 - 2023,2.6
,Rewa,2000 - 2001,19.86
,,2001 - 2002,30.26
,,2002 - 2003,30.29
,,2003 - 2004,30.47
,,2004 - 2005,30.26
,,2005 - 2006,30.3
,,2006 - 2007,23.33
,,2007 - 2008,22.71
,,2008 - 2009,30.4
,,2009 - 2010,27.73
,,2010 - 2011,27.86
,,2011 - 2012,19.64
,,2012 - 2013,28.08
,,2013 - 2014,32.5
,,2018 - 2019,4.33
,,2019 - 2020,4.04
,,2020 - 2021,0.0
,,2021 - 2022,30.95
,,2022 - 2023,3.21
,Sagar,2000 - 2001,10.39
,,2001 - 2002,26.08
,,2002 - 2003,26.07
,,2003 - 2004,26.06
,,2004 - 2005,26.09
,,2005 - 2006,26.42
,,2006 - 2007,23.92
,,2007 - 2008,23.92
,,2008 - 2009,23.91
,,2009 - 2010,23.91
,,2010 - 2011,26.08
,,2011 - 2012,17.65
,,2012 - 2013,31.53
,,2013 - 2014,31.53
,,2014 - 2015,40.0
,,2016 - 2017,46.67
,,2017 - 2018,4.8
,,2018 - 2019,3.61
,,2019 - 2020,4.29
,,2020 - 2021,4.5
,,2021 - 2022,36.05
,,2022 - 2023,3.6
,Satna,2000 - 2001,11.54
,,2001 - 2002,26.0
,,2002 - 2003,22.7
,,2003 - 2004,26.54
,,2004 - 2005,27.4
,,2005 - 2006,26.56
,,2006 - 2007,23.59
,,2007 - 2008,24.14
,,2008 - 2009,26.94
,,2009 - 2010,24.11
,,2010 - 2011,25.99
,,2011 - 2012,16.97
,,2012 - 2013,34.44
,,2013 - 2014,27.22
,,2014 - 2015,14.0
,,2018 - 2019,2.72
,,2019 - 2020,3.11
,,2020 - 2021,0.0
,,2021 - 2022,29.58
,,2022 - 2023,3.07
,Sehore,2000 - 2001,14.3
,,2001 - 2002,43.37
,,2002 - 2003,54.22
,,2003 - 2004,54.22
,,2004 - 2005,54.22
,,2005 - 2006,54.21
,,2006 - 2007,54.22
,,2007 - 2008,43.37
,,2008 - 2009,43.38
,,2009 - 2010,57.84
,,2010 - 2011,57.83
,,2011 - 2012,48.77
,,2012 - 2013,55.73
,,2013 - 2014,49.54
,,2014 - 2015,13.33
,,2017 - 2018,5.23
,,2018 - 2019,4.95
,,2019 - 2020,5.37
,,2020 - 2021,5.27
,,2021 - 2022,51.5
,,2022 - 2023,5.14
,Seoni,2000 - 2001,17.06
,,2001 - 2002,32.52
,,2002 - 2003,30.36
,,2003 - 2004,30.36
,,2004 - 2005,26.02
,,2005 - 2006,30.36
,,2006 - 2007,30.36
,,2007 - 2008,30.36
,,2008 - 2009,30.36
,,2009 - 2010,30.36
,,2010 - 2011,30.36
,,2011 - 2012,25.63
,,2012 - 2013,30.7
,,2013 - 2014,50.43
,,2014 - 2015,50.0
,,2018 - 2019,3.4
,,2019 - 2020,3.95
,,2020 - 2021,5.4
,,2021 - 2022,58.29
,,2022 - 2023,5.83
,Shahdol,2000 - 2001,14.86
,,2001 - 2002,25.65
,,2002 - 2003,25.56
,,2003 - 2004,25.5
,,2004 - 2005,26.0
,,2005 - 2006,26.84
,,2006 - 2007,22.86
,,2007 - 2008,22.78
,,2008 - 2009,29.44
,,2009 - 2010,22.5
,,2010 - 2011,26.67
,,2011 - 2012,17.92
,,2012 - 2013,40.0
,,2013 - 2014,52.08
,,2018 - 2019,3.75
,,2019 - 2020,4.0
,,2020 - 2021,4.46
,,2021 - 2022,44.4
,,2022 - 2023,4.33
,Shajapur,2000 - 2001,30.42
,,2001 - 2002,31.51
,,2002 - 2003,22.82
,,2003 - 2004,27.39
,,2004 - 2005,31.51
,,2005 - 2006,31.97
,,2006 - 2007,31.98
,,2007 - 2008,32.41
,,2008 - 2009,29.66
,,2009 - 2010,31.99
,,2010 - 2011,31.95
,,2011 - 2012,26.63
,,2012 - 2013,28.45
,,2013 - 2014,38.09
,,2019 - 2020,2.5
,,2020 - 2021,0.0
,Sheopur,2000 - 2001,45.19
,,2001 - 2002,51.1
,,2002 - 2003,37.86
,,2003 - 2004,49.59
,,2004 - 2005,43.77
,,2005 - 2006,55.24
,,2006 - 2007,51.0
,,2007 - 2008,42.46
,,2008 - 2009,51.05
,,2009 - 2010,51.11
,,2010 - 2011,50.83
,,2011 - 2012,35.0
,,2012 - 2013,70.0
,,2013 - 2014,70.0
,,2014 - 2015,20.0
,,2017 - 2018,1.14
,,2018 - 2019,8.38
,,2019 - 2020,7.64
,Shivpuri,2000 - 2001,16.5
,,2001 - 2002,24.58
,,2002 - 2003,14.81
,,2003 - 2004,24.58
,,2004 - 2005,24.23
,,2005 - 2006,26.38
,,2006 - 2007,24.57
,,2007 - 2008,18.07
,,2008 - 2009,22.05
,,2009 - 2010,21.35
,,2010 - 2011,23.5
,,2011 - 2012,18.89
,,2012 - 2013,20.07
,,2013 - 2014,21.85
,,2014 - 2015,20.0
,,2015 - 2016,30.0
,,2018 - 2019,2.27
,,2019 - 2020,2.37
,,2020 - 2021,42.9
,,2021 - 2022,42.11
,,2022 - 2023,4.21
,Sidhi,2000 - 2001,21.36
,,2001 - 2002,21.18
,,2002 - 2003,21.07
,,2003 - 2004,24.57
,,2004 - 2005,24.55
,,2005 - 2006,24.0
,,2006 - 2007,24.76
,,2007 - 2008,22.73
,,2008 - 2009,24.0
,,2009 - 2010,25.0
,,2010 - 2011,25.56
,,2012 - 2013,31.67
,,2013 - 2014,48.18
,,2018 - 2019,4.0
,Singrauli,2008 - 2009,25.0
,,2009 - 2010,33.85
,,2010 - 2011,33.33
,,2011 - 2012,24.0
,,2012 - 2013,36.67
,,2013 - 2014,37.0
,,2018 - 2019,3.29
,,2019 - 2020,3.71
,,2020 - 2021,0.0
,,2021 - 2022,32.92
,,2022 - 2023,3.29
,Tikamgarh,2000 - 2001,26.2
,,2001 - 2002,60.55
,,2002 - 2003,47.28
,,2003 - 2004,47.29
,,2004 - 2005,37.84
,,2005 - 2006,47.25
,,2006 - 2007,37.84
,,2007 - 2008,37.8
,,2008 - 2009,48.28
,,2009 - 2010,47.29
,,2010 - 2011,47.27
,,2011 - 2012,34.22
,,2012 - 2013,36.84
,,2013 - 2014,36.83
,,2014 - 2015,30.0
,,2015 - 2016,40.0
,,2016 - 2017,6.8
,,2018 - 2019,3.25
,,2019 - 2020,3.93
,,2020 - 2021,0.0
,,2021 - 2022,55.0
,,2022 - 2023,4.75
,Ujjain,2000 - 2001,11.4
,,2001 - 2002,17.88
,,2002 - 2003,16.3
,,2003 - 2004,21.76
,,2004 - 2005,21.77
,,2005 - 2006,22.43
,,2006 - 2007,24.22
,,2007 - 2008,24.53
,,2008 - 2009,23.95
,,2009 - 2010,24.21
,,2010 - 2011,24.0
,,2011 - 2012,21.54
,,2012 - 2013,21.25
,,2013 - 2014,32.67
,,2014 - 2015,20.0
,,2017 - 2018,3.0
,,2018 - 2019,5.96
,,2019 - 2020,5.0
,,2020 - 2021,3.22
,,2021 - 2022,30.0
,,2022 - 2023,3.18
,Umaria,2000 - 2001,20.0
,,2001 - 2002,25.0
,,2003 - 2004,25.0
,,2006 - 2007,20.0
,,2010 - 2011,20.0
,,2012 - 2013,20.0
,,2013 - 2014,22.5
,,2018 - 2019,2.0
,,2019 - 2020,3.0
,,2020 - 2021,0.0
,,2021 - 2022,30.0
,,2022 - 2023,2.0
,Vidisha,2000 - 2001,12.26
,,2001 - 2002,18.39
,,2002 - 2003,18.11
,,2003 - 2004,18.39
,,2004 - 2005,19.26
,,2005 - 2006,18.4
,,2006 - 2007,20.66
,,2007 - 2008,18.14
,,2008 - 2009,19.23
,,2009 - 2010,19.83
,,2010 - 2011,18.4
,,2011 - 2012,16.21
,,2012 - 2013,20.23
,,2013 - 2014,20.21
,,2017 - 2018,3.83
,,2018 - 2019,2.02
,,2019 - 2020,2.02
,,2020 - 2021,3.79
,,2021 - 2022,45.45
,,2022 - 2023,3.24
Maharashtra,Ahilyanagar,2000 - 2001,76.96
,,2001 - 2002,69.16
,,2002 - 2003,66.86
,,2003 - 2004,47.65
,,2004 - 2005,58.93
,,2005 - 2006,77.66
,,2006 - 2007,65.64
,,2007 - 2008,78.26
,,2008 - 2009,71.8
,,2009 - 2010,83.85
,,2010 - 2011,91.4
,,2011 - 2012,91.73
,,2012 - 2013,71.3
,,2013 - 2014,87.04
,,2014 - 2015,96.4
,,2015 - 2016,58.78
,,2016 - 2017,68.58
,,2017 - 2018,108.32
,,2018 - 2019,95.0
,,2019 - 2020,71.95
,,2020 - 2021,108.61
,,2021 - 2022,99.5
,,2022 - 2023,110.0
,Akola,2000 - 2001,81.33
,,2001 - 2002,73.5
,,2002 - 2003,70.0
,,2003 - 2004,60.0
,,2004 - 2005,38.4
,,2005 - 2006,69.67
,,2006 - 2007,75.67
,,2007 - 2008,53.67
,,2008 - 2009,45.0
,,2009 - 2010,78.5
,,2010 - 2011,66.67
,,2011 - 2012,63.0
,,2015 - 2016,69.0
,,2016 - 2017,56.92
,,2017 - 2018,51.11
,,2018 - 2019,50.0
,,2019 - 2020,64.0
,,2022 - 2023,55.38
,Amravati,2000 - 2001,81.97
,,2001 - 2002,68.03
,,2002 - 2003,53.91
,,2003 - 2004,62.12
,,2004 - 2005,41.93
,,2005 - 2006,65.91
,,2006 - 2007,56.71
,,2007 - 2008,79.92
,,2008 - 2009,54.88
,,2009 - 2010,70.0
,,2010 - 2011,69.0
,,2011 - 2012,71.75
,,2012 - 2013,55.67
,,2013 - 2014,72.33
,,2014 - 2015,40.25
,,2015 - 2016,53.0
,,2016 - 2017,27.44
,,2017 - 2018,39.67
,,2018 - 2019,57.0
,,2019 - 2020,34.53
,,2022 - 2023,39.75
,Beed,2000 - 2001,75.06
,,2001 - 2002,66.46
,,2002 - 2003,65.15
,,2003 - 2004,39.31
,,2004 - 2005,66.83
,,2005 - 2006,68.93
,,2006 - 2007,66.84
,,2007 - 2008,87.81
,,2008 - 2009,91.56
,,2009 - 2010,73.97
,,2010 - 2011,65.9
,,2011 - 2012,65.07
,,2012 - 2013,54.81
,,2013 - 2014,55.81
,,2014 - 2015,45.84
,,2015 - 2016,22.09
,,2016 - 2017,40.34
,,2017 - 2018,57.5
,,2018 - 2019,35.52
,,2019 - 2020,54.63
,,2020 - 2021,75.51
,,2021 - 2022,58.88
,,2022 - 2023,80.0
,Bhandara,2000 - 2001,72.53
,,2001 - 2002,37.0
,,2002 - 2003,47.86
,,2003 - 2004,47.33
,,2004 - 2005,58.5
,,2005 - 2006,38.0
,,2006 - 2007,56.31
,,2007 - 2008,47.0
,,2008 - 2009,45.96
,,2009 - 2010,45.75
,,2010 - 2011,54.18
,,2011 - 2012,77.23
,,2012 - 2013,65.97
,,2013 - 2014,60.17
,,2014 - 2015,73.25
,,2015 - 2016,66.93
,,2016 - 2017,67.77
,,2017 - 2018,65.0
,,2018 - 2019,67.04
,,2019 - 2020,68.84
,,2020 - 2021,55.88
,,2021 - 2022,67.78
,,2022 - 2023,31.0
,Buldhana,2000 - 2001,86.33
,,2001 - 2002,81.27
,,2002 - 2003,64.62
,,2003 - 2004,69.2
,,2004 - 2005,81.57
,,2005 - 2006,38.67
,,2006 - 2007,68.0
,,2007 - 2008,59.04
,,2008 - 2009,55.86
,,2009 - 2010,69.57
,,2010 - 2011,61.0
,,2011 - 2012,58.33
,,2012 - 2013,44.0
,,2013 - 2014,81.0
,,2014 - 2015,62.33
,,2015 - 2016,50.0
,,2016 - 2017,66.73
,,2017 - 2018,50.19
,,2018 - 2019,45.0
,,2019 - 2020,69.85
,,2022 - 2023,57.91
,Chandrapur,2014 - 2015,90.0
,,2015 - 2016,69.0
,,2016 - 2017,40.0
,,2017 - 2018,50.0
,,2018 - 2019,60.0
,,2022 - 2023,60.0
,Chhatrapati Sambhajinagar,2000 - 2001,69.61
,,2001 - 2002,50.63
,,2002 - 2003,62.29
,,2003 - 2004,44.92
,,2004 - 2005,79.61
,,2005 - 2006,61.0
,,2006 - 2007,95.76
,,2007 - 2008,79.05
,,2008 - 2009,75.18
,,2009 - 2010,84.89
,,2010 - 2011,84.1
,,2011 - 2012,84.84
,,2012 - 2013,42.63
,,2013 - 2014,80.18
,,2014 - 2015,67.06
,,2015 - 2016,43.84
,,2016 - 2017,59.62
,,2017 - 2018,55.0
,,2018 - 2019,50.41
,,2019 - 2020,55.72
,,2020 - 2021,77.52
,,2021 - 2022,57.16
,,2022 - 2023,80.24
,Dharashiv,2000 - 2001,72.11
,,2001 - 2002,61.36
,,2002 - 2003,51.91
,,2003 - 2004,27.7
,,2004 - 2005,53.48
,,2005 - 2006,66.37
,,2006 - 2007,78.81
,,2007 - 2008,66.66
,,2008 - 2009,65.95
,,2009 - 2010,83.57
,,2010 - 2011,73.5
,,2011 - 2012,67.21
,,2012 - 2013,42.79
,,2013 - 2014,46.08
,,2014 - 2015,40.01
,,2015 - 2016,27.04
,,2016 - 2017,35.66
,,2017 - 2018,45.0
,,2018 - 2019,49.64
,,2019 - 2020,54.05
,,2020 - 2021,77.13
,,2021 - 2022,67.75
,,2022 - 2023,54.49
,Dhule,2000 - 2001,72.0
,,2001 - 2002,64.07
,,2002 - 2003,60.83
,,2003 - 2004,62.32
,,2004 - 2005,58.77
,,2005 - 2006,62.28
,,2006 - 2007,64.71
,,2007 - 2008,64.07
,,2008 - 2009,56.05
,,2009 - 2010,76.17
,,2010 - 2011,83.51
,,2011 - 2012,69.15
,,2012 - 2013,81.91
,,2013 - 2014,82.6
,,2014 - 2015,62.63
,,2015 - 2016,73.33
,,2016 - 2017,115.88
,,2017 - 2018,79.65
,,2018 - 2019,70.0
,,2021 - 2022,93.36
,,2022 - 2023,90.0
,Gadchiroli,2014 - 2015,99.0
,,2015 - 2016,46.0
,,2018 - 2019,67.27
,,2019 - 2020,67.79
,Gondia,2000 - 2001,67.57
,,2001 - 2002,48.4
,,2002 - 2003,46.0
,,2003 - 2004,57.6
,,2004 - 2005,67.25
,,2005 - 2006,27.0
,,2006 - 2007,65.0
,,2007 - 2008,67.25
,,2008 - 2009,44.5
,,2009 - 2010,79.33
,,2010 - 2011,54.0
,,2011 - 2012,63.5
,,2012 - 2013,83.0
,,2013 - 2014,71.67
,,2014 - 2015,64.67
,,2015 - 2016,57.7
,,2016 - 2017,42.43
,,2017 - 2018,40.04
,,2018 - 2019,67.29
,,2019 - 2020,74.6
,,2022 - 2023,61.13
,Hingoli,2000 - 2001,67.04
,,2001 - 2002,77.71
,,2002 - 2003,75.46
,,2003 - 2004,58.52
,,2004 - 2005,61.54
,,2005 - 2006,71.34
,,2006 - 2007,66.55
,,2007 - 2008,65.5
,,2008 - 2009,37.41
,,2009 - 2010,59.43
,,2010 - 2011,66.0
,,2011 - 2012,66.29
,,2012 - 2013,75.39
,,2013 - 2014,71.74
,,2014 - 2015,56.3
,,2015 - 2016,30.45
,,2016 - 2017,62.54
,,2017 - 2018,7.0
,,2018 - 2019,70.0
,,2019 - 2020,65.53
,,2020 - 2021,75.37
,,2021 - 2022,82.66
,,2022 - 2023,68.69
,Jalgaon,2000 - 2001,82.99
,,2001 - 2002,74.62
,,2002 - 2003,71.25
,,2003 - 2004,33.84
,,2004 - 2005,61.92
,,2005 - 2006,64.65
,,2006 - 2007,65.87
,,2007 - 2008,66.45
,,2008 - 2009,65.37
,,2009 - 2010,70.35
,,2010 - 2011,78.3
,,2011 - 2012,73.21
,,2012 - 2013,69.01
,,2013 - 2014,75.49
,,2014 - 2015,70.08
,,2015 - 2016,77.66
,,2016 - 2017,92.32
,,2017 - 2018,85.01
,,2018 - 2019,68.9
,,2019 - 2020,69.16
,,2020 - 2021,110.1
,,2021 - 2022,60.81
,,2022 - 2023,70.0
,Jalna,2000 - 2001,77.61
,,2001 - 2002,62.77
,,2002 - 2003,69.26
,,2003 - 2004,46.53
,,2004 - 2005,77.39
,,2005 - 2006,69.6
,,2006 - 2007,82.75
,,2007 - 2008,75.75
,,2008 - 2009,71.2
,,2009 - 2010,93.06
,,2010 - 2011,61.8
,,2011 - 2012,69.86
,,2012 - 2013,62.7
,,2013 - 2014,72.02
,,2014 - 2015,47.75
,,2015 - 2016,51.11
,,2016 - 2017,37.22
,,2017 - 2018,59.57
,,2018 - 2019,53.0
,,2019 - 2020,56.29
,,2020 - 2021,76.99
,,2021 - 2022,58.13
,,2022 - 2023,80.0
,Kolhapur,2000 - 2001,90.95
,,2001 - 2002,90.25
,,2002 - 2003,85.58
,,2003 - 2004,56.6
,,2004 - 2005,85.58
,,2005 - 2006,76.5
,,2006 - 2007,80.65
,,2007 - 2008,85.54
,,2008 - 2009,82.55
,,2009 - 2010,87.05
,,2010 - 2011,90.0
,,2011 - 2012,87.93
,,2012 - 2013,96.75
,,2013 - 2014,100.45
,,2014 - 2015,102.75
,,2015 - 2016,90.14
,,2016 - 2017,94.24
,,2017 - 2018,102.7
,,2018 - 2019,83.68
,,2019 - 2020,81.03
,,2020 - 2021,93.18
,,2021 - 2022,96.28
,,2022 - 2023,90.1
,Latur,2000 - 2001,69.45
,,2001 - 2002,58.37
,,2002 - 2003,49.2
,,2003 - 2004,52.78
,,2004 - 2005,53.83
,,2005 - 2006,77.33
,,2006 - 2007,70.38
,,2007 - 2008,62.88
,,2008 - 2009,54.03
,,2009 - 2010,75.97
,,2010 - 2011,68.6
,,2011 - 2012,72.57
,,2012 - 2013,65.76
,,2013 - 2014,69.95
,,2014 - 2015,50.75
,,2015 - 2016,30.07
,,2016 - 2017,56.59
,,2017 - 2018,61.0
,,2018 - 2019,60.58
,,2019 - 2020,68.3
,,2020 - 2021,75.6
,,2021 - 2022,88.53
,,2022 - 2023,88.44
,Nagpur,2000 - 2001,79.11
,,2001 - 2002,58.22
,,2002 - 2003,37.69
,,2003 - 2004,58.78
,,2004 - 2005,74.0
,,2006 - 2007,36.0
,,2007 - 2008,76.33
,,2008 - 2009,57.5
,,2009 - 2010,70.5
,,2010 - 2011,20.67
,,2011 - 2012,68.57
,,2012 - 2013,73.67
,,2013 - 2014,66.67
,,2014 - 2015,68.03
,,2015 - 2016,67.39
,,2016 - 2017,43.12
,,2017 - 2018,51.99
,,2018 - 2019,55.58
,,2019 - 2020,56.78
,,2020 - 2021,56.57
,,2021 - 2022,98.95
,,2022 - 2023,52.81
,Nanded,2000 - 2001,64.87
,,2001 - 2002,62.59
,,2002 - 2003,73.1
,,2003 - 2004,70.94
,,2004 - 2005,49.14
,,2005 - 2006,66.79
,,2006 - 2007,62.54
,,2007 - 2008,68.0
,,2008 - 2009,58.02
,,2009 - 2010,48.16
,,2010 - 2011,60.4
,,2011 - 2012,73.31
,,2012 - 2013,81.87
,,2013 - 2014,83.66
,,2014 - 2015,59.21
,,2015 - 2016,28.16
,,2016 - 2017,59.33
,,2017 - 2018,65.0
,,2018 - 2019,32.0
,,2019 - 2020,65.54
,,2020 - 2021,83.85
,,2021 - 2022,84.67
,,2022 - 2023,50.0
,Nandurbar,2000 - 2001,69.84
,,2001 - 2002,60.36
,,2002 - 2003,69.67
,,2003 - 2004,62.03
,,2004 - 2005,61.1
,,2005 - 2006,63.57
,,2006 - 2007,66.36
,,2007 - 2008,73.84
,,2008 - 2009,73.72
,,2009 - 2010,69.63
,,2010 - 2011,72.4
,,2011 - 2012,93.82
,,2012 - 2013,73.52
,,2013 - 2014,77.09
,,2014 - 2015,79.23
,,2015 - 2016,74.1
,,2016 - 2017,79.65
,,2017 - 2018,85.1
,,2018 - 2019,87.54
,,2019 - 2020,77.4
,,2020 - 2021,74.6
,,2021 - 2022,41.46
,,2022 - 2023,85.52
,Nashik,2000 - 2001,91.02
,,2001 - 2002,78.26
,,2002 - 2003,70.94
,,2003 - 2004,56.83
,,2004 - 2005,55.61
,,2005 - 2006,51.01
,,2006 - 2007,68.77
,,2007 - 2008,85.78
,,2008 - 2009,69.83
,,2009 - 2010,72.93
,,2010 - 2011,77.4
,,2011 - 2012,75.66
,,2012 - 2013,75.77
,,2013 - 2014,85.07
,,2014 - 2015,82.39
,,2015 - 2016,80.59
,,2016 - 2017,86.14
,,2017 - 2018,83.32
,,2018 - 2019,95.23
,,2019 - 2020,80.22
,,2020 - 2021,113.03
,,2021 - 2022,76.61
,,2022 - 2023,91.59
,Parbhani,2000 - 2001,65.86
,,2001 - 2002,88.54
,,2002 - 2003,57.09
,,2003 - 2004,63.77
,,2004 - 2005,55.8
,,2005 - 2006,67.27
,,2006 - 2007,84.13
,,2007 - 2008,76.5
,,2008 - 2009,76.37
,,2009 - 2010,77.87
,,2010 - 2011,91.3
,,2011 - 2012,67.8
,,2012 - 2013,71.32
,,2013 - 2014,71.02
,,2014 - 2015,59.29
,,2015 - 2016,26.79
,,2016 - 2017,64.29
,,2017 - 2018,55.0
,,2018 - 2019,42.0
,,2019 - 2020,65.53
,,2020 - 2021,73.57
,,2021 - 2022,85.38
,,2022 - 2023,90.0
,Pune,2000 - 2001,93.6
,,2001 - 2002,85.44
,,2002 - 2003,87.66
,,2003 - 2004,69.6
,,2004 - 2005,83.76
,,2005 - 2006,93.61
,,2006 - 2007,87.88
,,2007 - 2008,97.48
,,2008 - 2009,97.35
,,2009 - 2010,95.31
,,2010 - 2011,99.4
,,2011 - 2012,101.29
,,2012 - 2013,100.86
,,2013 - 2014,117.88
,,2014 - 2015,108.25
,,2015 - 2016,103.76
,,2016 - 2017,94.58
,,2017 - 2018,117.29
,,2018 - 2019,93.37
,,2019 - 2020,103.26
,,2020 - 2021,113.38
,,2021 - 2022,110.38
,,2022 - 2023,107.0
,Ratnagiri,2016 - 2017,101.05
,,2017 - 2018,59.09
,,2022 - 2023,80.2
,Sangli,2000 - 2001,96.12
,,2001 - 2002,99.61
,,2002 - 2003,88.73
,,2003 - 2004,79.64
,,2004 - 2005,83.91
,,2005 - 2006,81.42
,,2006 - 2007,93.13
,,2007 - 2008,101.24
,,2008 - 2009,90.92
,,2009 - 2010,85.75
,,2010 - 2011,102.9
,,2011 - 2012,101.61
,,2012 - 2013,116.41
,,2013 - 2014,119.28
,,2014 - 2015,108.82
,,2015 - 2016,96.28
,,2016 - 2017,107.93
,,2017 - 2018,106.6
,,2018 - 2019,102.08
,,2019 - 2020,100.05
,,2020 - 2021,110.72
,,2021 - 2022,106.43
,,2022 - 2023,103.4
,Satara,2000 - 2001,91.49
,,2001 - 2002,94.62
,,2002 - 2003,93.05
,,2003 - 2004,67.29
,,2004 - 2005,80.83
,,2005 - 2006,88.79
,,2006 - 2007,83.68
,,2007 - 2008,84.47
,,2008 - 2009,83.93
,,2009 - 2010,89.45
,,2010 - 2011,94.1
,,2011 - 2012,98.62
,,2012 - 2013,93.27
,,2013 - 2014,100.59
,,2014 - 2015,98.96
,,2015 - 2016,96.64
,,2016 - 2017,124.38
,,2017 - 2018,99.0
,,2018 - 2019,97.45
,,2019 - 2020,106.87
,,2020 - 2021,110.26
,,2021 - 2022,112.55
,,2022 - 2023,109.3
,Sindhudurg,2013 - 2014,87.91
,,2015 - 2016,77.36
,,2016 - 2017,100.41
,,2017 - 2018,60.02
,,2022 - 2023,80.2
,Solapur,2000 - 2001,92.0
,,2001 - 2002,75.81
,,2002 - 2003,71.84
,,2003 - 2004,58.26
,,2004 - 2005,72.33
,,2005 - 2006,82.88
,,2006 - 2007,85.12
,,2007 - 2008,79.27
,,2008 - 2009,84.72
,,2009 - 2010,92.57
,,2010 - 2011,98.1
,,2011 - 2012,91.9
,,2012 - 2013,67.38
,,2013 - 2014,85.55
,,2014 - 2015,97.57
,,2015 - 2016,59.88
,,2016 - 2017,73.55
,,2017 - 2018,104.16
,,2018 - 2019,74.17
,,2019 - 2020,91.53
,,2020 - 2021,105.16
,,2021 - 2022,102.66
,,2022 - 2023,87.19
,Thane,2022 - 2023,80.2
,Wardha,2000 - 2001,66.83
,,2001 - 2002,59.81
,,2002 - 2003,59.49
,,2003 - 2004,59.21
,,2004 - 2005,45.0
,,2005 - 2006,55.31
,,2006 - 2007,67.44
,,2007 - 2008,58.04
,,2008 - 2009,38.05
,,2009 - 2010,82.56
,,2010 - 2011,68.4
,,2011 - 2012,66.03
,,2012 - 2013,85.81
,,2013 - 2014,58.59
,,2014 - 2015,65.1
,,2015 - 2016,69.26
,,2016 - 2017,59.73
,,2017 - 2018,60.01
,,2018 - 2019,67.66
,,2019 - 2020,64.63
,,2020 - 2021,68.41
,,2021 - 2022,63.11
,,2022 - 2023,50.0
,Washim,2000 - 2001,66.75
,,2001 - 2002,59.38
,,2002 - 2003,50.0
,,2003 - 2004,54.5
,,2004 - 2005,68.23
,,2005 - 2006,67.0
,,2006 - 2007,50.0
,,2007 - 2008,81.0
,,2008 - 2009,65.0
,,2009 - 2010,71.0
,,2011 - 2012,76.0
,,2014 - 2015,29.0
,,2015 - 2016,36.0
,,2016 - 2017,52.73
,,2017 - 2018,44.81
,,2018 - 2019,48.0
,,2019 - 2020,42.2
,,2022 - 2023,50.0
,Yavatmal,2000 - 2001,75.66
,,2001 - 2002,72.35
,,2002 - 2003,62.22
,,2003 - 2004,62.5
,,2004 - 2005,66.53
,,2005 - 2006,71.22
,,2006 - 2007,63.51
,,2007 - 2008,83.65
,,2008 - 2009,56.71
,,2009 - 2010,72.7
,,2010 - 2011,66.8
,,2011 - 2012,70.32
,,2012 - 2013,84.55
,,2013 - 2014,75.49
,,2014 - 2015,68.36
,,2015 - 2016,66.79
,,2016 - 2017,71.1
,,2017 - 2018,42.0
,,2018 - 2019,60.0
,,2019 - 2020,69.5
,,2020 - 2021,75.52
,,2021 - 2022,98.62
,,2022 - 2023,63.63
Manipur,Bishnupur,2000 - 2001,32.67
,,2002 - 2003,32.6
,,2003 - 2004,32.67
,,2005 - 2006,32.5
,,2006 - 2007,32.69
,,2008 - 2009,58.31
,,2009 - 2010,56.23
,,2010 - 2011,58.61
,,2011 - 2012,58.38
,,2012 - 2013,58.79
,,2013 - 2014,58.52
,,2014 - 2015,58.52
,,2015 - 2016,60.0
,,2016 - 2017,60.0
,,2017 - 2018,60.0
,,2018 - 2019,60.83
,,2021 - 2022,60.25
,,2022 - 2023,60.25
,Chandel,2000 - 2001,32.67
,,2002 - 2003,32.67
,,2003 - 2004,32.67
,,2006 - 2007,32.64
,,2007 - 2008,32.67
,,2008 - 2009,47.65
,,2009 - 2010,52.94
,,2010 - 2011,47.71
,,2011 - 2012,54.17
,,2012 - 2013,52.36
,,2013 - 2014,56.27
,,2014 - 2015,56.27
,,2015 - 2016,46.97
,,2016 - 2017,46.97
,,2017 - 2018,46.97
,,2018 - 2019,46.97
,,2021 - 2022,46.97
,,2022 - 2023,49.46
,Churachandpur,2000 - 2001,32.67
,,2002 - 2003,32.7
,,2003 - 2004,32.5
,,2004 - 2005,32.65
,,2006 - 2007,32.67
,,2007 - 2008,32.68
,,2008 - 2009,52.78
,,2009 - 2010,50.0
,,2010 - 2011,53.26
,,2011 - 2012,56.82
,,2012 - 2013,46.83
,,2013 - 2014,56.67
,,2014 - 2015,56.67
,,2015 - 2016,46.68
,,2016 - 2017,46.68
,,2017 - 2018,46.68
,,2018 - 2019,46.68
,,2021 - 2022,44.11
,,2022 - 2023,42.39
,Imphal east,2000 - 2001,32.0
,,2005 - 2006,33.0
,,2008 - 2009,59.75
,,2009 - 2010,73.55
,,2010 - 2011,59.85
,,2011 - 2012,58.26
,,2012 - 2013,54.38
,,2013 - 2014,58.73
,,2014 - 2015,58.73
,,2015 - 2016,63.6
,,2016 - 2017,63.6
,,2017 - 2018,63.6
,,2018 - 2019,62.1
,,2021 - 2022,63.6
,,2022 - 2023,57.1
,Imphal west,2000 - 2001,32.68
,,2004 - 2005,32.69
,,2005 - 2006,32.5
,,2008 - 2009,54.92
,,2009 - 2010,63.84
,,2010 - 2011,55.06
,,2011 - 2012,56.47
,,2012 - 2013,59.54
,,2013 - 2014,57.3
,,2014 - 2015,57.3
,,2015 - 2016,60.1
,,2016 - 2017,60.1
,,2017 - 2018,60.1
,,2018 - 2019,60.1
,,2021 - 2022,54.28
,,2022 - 2023,58.49
,Senapati,2008 - 2009,55.29
,,2009 - 2010,58.75
,,2010 - 2011,55.56
,,2011 - 2012,59.52
,,2012 - 2013,46.57
,,2013 - 2014,57.0
,,2014 - 2015,57.0
,,2015 - 2016,47.59
,,2016 - 2017,47.59
,,2017 - 2018,47.59
,,2018 - 2019,47.59
,,2021 - 2022,44.17
,,2022 - 2023,44.17
,Tamenglong,2000 - 2001,32.67
,,2003 - 2004,33.0
,,2008 - 2009,69.93
,,2009 - 2010,51.2
,,2010 - 2011,64.06
,,2011 - 2012,60.53
,,2012 - 2013,49.1
,,2013 - 2014,56.71
,,2014 - 2015,56.71
,,2015 - 2016,52.4
,,2016 - 2017,52.4
,,2017 - 2018,52.4
,,2018 - 2019,52.4
,,2021 - 2022,52.4
,,2022 - 2023,52.16
,Thoubal,2000 - 2001,32.67
,,2005 - 2006,33.0
,,2006 - 2007,
,,2007 - 2008,32.5
,,2008 - 2009,57.93
,,2009 - 2010,58.02
,,2010 - 2011,58.03
,,2011 - 2012,58.44
,,2012 - 2013,58.89
,,2013 - 2014,58.91
,,2014 - 2015,58.91
,,2015 - 2016,60.19
,,2016 - 2017,60.19
,,2017 - 2018,60.19
,,2018 - 2019,60.19
,,2021 - 2022,60.19
,,2022 - 2023,64.23
,Ukhrul,2008 - 2009,76.82
,,2009 - 2010,45.11
,,2010 - 2011,79.17
,,2011 - 2012,56.47
,,2012 - 2013,52.47
,,2013 - 2014,53.24
,,2014 - 2015,53.24
,,2015 - 2016,51.9
,,2016 - 2017,51.9
,,2017 - 2018,51.9
,,2018 - 2019,51.9
,,2021 - 2022,51.9
,,2022 - 2023,51.9
Meghalaya,East garo hills,2000 - 2001,2.76
,,2001 - 2002,2.78
,,2002 - 2003,2.75
,,2003 - 2004,2.75
,,2004 - 2005,2.52
,,2005 - 2006,2.71
,,2006 - 2007,2.74
,,2007 - 2008,2.72
,,2008 - 2009,2.74
,,2009 - 2010,2.73
,,2010 - 2011,2.75
,,2011 - 2012,2.76
,,2012 - 2013,2.97
,,2013 - 2014,2.95
,,2014 - 2015,2.91
,,2015 - 2016,2.96
,,2016 - 2017,2.96
,,2017 - 2018,2.96
,,2018 - 2019,2.96
,,2019 - 2020,2.96
,,2020 - 2021,2.96
,,2022 - 2023,2.96
,East jaintia hills,2000 - 2001,0.5
,,2001 - 2002,0.5
,,2002 - 2003,1.0
,,2003 - 2004,0.86
,,2004 - 2005,0.71
,,2005 - 2006,0.71
,,2006 - 2007,0.71
,,2007 - 2008,0.71
,,2008 - 2009,0.71
,,2009 - 2010,0.86
,,2010 - 2011,0.71
,,2011 - 2012,0.88
,,2012 - 2013,1.0
,,2013 - 2014,0.8
,,2014 - 2015,0.8
,,2015 - 2016,0.83
,,2016 - 2017,0.83
,,2017 - 2018,0.83
,,2018 - 2019,0.83
,,2019 - 2020,0.83
,,2020 - 2021,0.83
,,2022 - 2023,0.83
,North garo hills,2013 - 2014,3.06
,,2014 - 2015,3.11
,,2015 - 2016,3.0
,,2016 - 2017,2.9
,,2017 - 2018,2.9
,,2018 - 2019,2.9
,,2019 - 2020,2.91
,,2020 - 2021,2.91
,,2022 - 2023,2.92
,South garo hills,2000 - 2001,3.0
,,2001 - 2002,3.0
,,2002 - 2003,3.0
,,2003 - 2004,3.0
,,2004 - 2005,3.0
,,2005 - 2006,3.17
,,2006 - 2007,3.17
,,2007 - 2008,3.17
,,2008 - 2009,3.0
,,2009 - 2010,3.0
,,2010 - 2011,3.0
,,2011 - 2012,3.14
,,2012 - 2013,3.5
,,2013 - 2014,3.56
,,2014 - 2015,3.7
,,2015 - 2016,3.8
,,2016 - 2017,3.55
,,2017 - 2018,3.55
,,2018 - 2019,3.55
,,2019 - 2020,3.55
,,2020 - 2021,3.55
,,2022 - 2023,3.55
,South west garo hills,2013 - 2014,3.64
,,2014 - 2015,3.58
,,2015 - 2016,3.67
,,2016 - 2017,3.46
,,2017 - 2018,3.46
,,2018 - 2019,3.47
,,2019 - 2020,3.47
,,2020 - 2021,3.47
,,2022 - 2023,3.47
,West garo hills,2000 - 2001,3.18
,,2001 - 2002,3.11
,,2002 - 2003,3.1
,,2003 - 2004,3.12
,,2004 - 2005,3.09
,,2005 - 2006,3.12
,,2006 - 2007,3.12
,,2007 - 2008,3.12
,,2008 - 2009,3.13
,,2009 - 2010,3.11
,,2010 - 2011,3.12
,,2011 - 2012,3.15
,,2012 - 2013,3.5
,,2013 - 2014,3.58
,,2014 - 2015,3.54
,,2015 - 2016,3.61
,,2016 - 2017,3.55
,,2017 - 2018,3.55
,,2018 - 2019,3.55
,,2019 - 2020,3.57
,,2020 - 2021,3.57
,,2022 - 2023,3.57
,West jaintia hills,2013 - 2014,1.14
,,2014 - 2015,1.17
,,2015 - 2016,1.29
,,2016 - 2017,1.29
,,2017 - 2018,1.29
,,2018 - 2019,1.29
,,2019 - 2020,1.29
,,2020 - 2021,1.29
,,2022 - 2023,1.29
,West khasi hills,2000 - 2001,2.0
,,2001 - 2002,2.0
,,2002 - 2003,2.0
,,2003 - 2004,2.0
,,2004 - 2005,2.0
,,2005 - 2006,2.0
,,2006 - 2007,2.0
,,2007 - 2008,2.0
,,2008 - 2009,2.0
,,2009 - 2010,2.6
,,2010 - 2011,2.17
,,2011 - 2012,2.29
,,2012 - 2013,2.63
,,2013 - 2014,2.67
,,2014 - 2015,2.8
,,2015 - 2016,2.82
,,2016 - 2017,2.82
,,2017 - 2018,2.82
,,2018 - 2019,2.82
,,2019 - 2020,2.82
,,2020 - 2021,2.82
Mizoram,Aizawl,2000 - 2001,3.21
,,2001 - 2002,4.72
,,2002 - 2003,3.94
,,2003 - 2004,25.02
,,2005 - 2006,50.0
,,2006 - 2007,3.75
,,2007 - 2008,1.64
,,2008 - 2009,3.84
,,2009 - 2010,3.2
,,2010 - 2011,1.83
,,2011 - 2012,2.05
,,2012 - 2013,2.11
,,2013 - 2014,2.09
,,2014 - 2015,35.0
,,2015 - 2016,36.31
,,2016 - 2017,36.52
,,2017 - 2018,36.54
,,2018 - 2019,37.65
,,2019 - 2020,30.5
,,2020 - 2021,30.8
,,2021 - 2022,32.53
,,2022 - 2023,24.57
,Champhai,2000 - 2001,2.0
,,2001 - 2002,1.52
,,2002 - 2003,1.38
,,2003 - 2004,25.0
,,2005 - 2006,14.48
,,2006 - 2007,15.64
,,2007 - 2008,22.33
,,2008 - 2009,21.0
,,2009 - 2010,20.57
,,2010 - 2011,16.23
,,2011 - 2012,13.64
,,2012 - 2013,13.64
,,2013 - 2014,12.63
,,2014 - 2015,13.2
,,2015 - 2016,27.77
,,2016 - 2017,15.08
,,2017 - 2018,4.98
,,2018 - 2019,6.98
,,2019 - 2020,32.34
,,2020 - 2021,32.15
,,2021 - 2022,14.49
,,2022 - 2023,40.0
,Hnahthial,2020 - 2021,5.45
,,2021 - 2022,14.62
,,2022 - 2023,4.39
,Khawzawl,2020 - 2021,13.85
,,2021 - 2022,15.0
,,2022 - 2023,15.0
,Kolasib,2000 - 2001,23.28
,,2001 - 2002,20.8
,,2002 - 2003,14.94
,,2003 - 2004,45.2
,,2005 - 2006,27.74
,,2006 - 2007,28.08
,,2007 - 2008,0.0
,,2008 - 2009,8.14
,,2009 - 2010,13.77
,,2010 - 2011,12.49
,,2011 - 2012,10.07
,,2012 - 2013,15.26
,,2013 - 2014,15.27
,,2014 - 2015,25.0
,,2015 - 2016,26.36
,,2016 - 2017,26.38
,,2017 - 2018,26.38
,,2018 - 2019,27.15
,,2019 - 2020,30.02
,,2020 - 2021,30.25
,,2021 - 2022,30.24
,,2022 - 2023,27.96
,Lawngtlai,2006 - 2007,1.0
,,2008 - 2009,0.63
,,2009 - 2010,10.0
,,2010 - 2011,9.47
,,2011 - 2012,12.86
,,2012 - 2013,12.8
,,2013 - 2014,11.8
,,2014 - 2015,20.0
,,2015 - 2016,34.92
,,2016 - 2017,35.0
,,2017 - 2018,34.92
,,2018 - 2019,33.5
,,2019 - 2020,31.88
,,2020 - 2021,31.92
,,2021 - 2022,26.62
,,2022 - 2023,32.45
,Lunglei,2000 - 2001,6.33
,,2001 - 2002,5.42
,,2002 - 2003,5.37
,,2003 - 2004,20.0
,,2005 - 2006,1.88
,,2006 - 2007,3.69
,,2007 - 2008,0.11
,,2008 - 2009,2.11
,,2009 - 2010,3.03
,,2010 - 2011,2.92
,,2011 - 2012,3.12
,,2012 - 2013,0.77
,,2013 - 2014,2.83
,,2014 - 2015,30.0
,,2015 - 2016,33.0
,,2016 - 2017,36.0
,,2017 - 2018,22.74
,,2018 - 2019,23.51
,,2019 - 2020,21.32
,,2020 - 2021,22.73
,,2021 - 2022,12.34
,,2022 - 2023,10.49
,Mamit,2003 - 2004,20.0
,,2005 - 2006,14.41
,,2006 - 2007,3.95
,,2007 - 2008,0.27
,,2008 - 2009,10.31
,,2009 - 2010,1.57
,,2010 - 2011,1.44
,,2011 - 2012,4.33
,,2012 - 2013,6.0
,,2013 - 2014,7.48
,,2014 - 2015,30.0
,,2015 - 2016,33.5
,,2016 - 2017,28.0
,,2017 - 2018,5.84
,,2018 - 2019,5.15
,,2019 - 2020,30.11
,,2020 - 2021,22.88
,,2021 - 2022,12.06
,,2022 - 2023,23.95
,Saiha,2003 - 2004,20.0
,,2005 - 2006,1.44
,,2006 - 2007,1.17
,,2007 - 2008,1.5
,,2008 - 2009,22.0
,,2009 - 2010,2.5
,,2010 - 2011,0.33
,,2011 - 2012,0.63
,,2012 - 2013,2.86
,,2013 - 2014,2.56
,,2014 - 2015,35.0
,,2015 - 2016,36.0
,,2016 - 2017,36.0
,,2017 - 2018,35.5
,,2018 - 2019,37.14
,,2020 - 2021,20.0
,,2021 - 2022,16.0
,Saitual,2020 - 2021,30.95
,,2021 - 2022,22.15
,,2022 - 2023,28.0
,Serchhip,2006 - 2007,1.33
,,2007 - 2008,6.24
,,2008 - 2009,21.0
,,2009 - 2010,12.75
,,2010 - 2011,0.07
,,2011 - 2012,0.06
,,2012 - 2013,0.09
,,2013 - 2014,0.09
,,2014 - 2015,35.0
,,2015 - 2016,35.0
,,2016 - 2017,35.0
,,2017 - 2018,35.0
,,2018 - 2019,35.4
,,2019 - 2020,35.83
,,2020 - 2021,35.83
,,2021 - 2022,35.54
,,2022 - 2023,35.54
Nagaland,Chumoukedima,2022 - 2023,43.78
,Dimapur,2000 - 2001,92.65
,,2001 - 2002,98.76
,,2002 - 2003,21.86
,,2003 - 2004,52.06
,,2004 - 2005,106.81
,,2005 - 2006,75.52
,,2006 - 2007,57.58
,,2007 - 2008,
,,2008 - 2009,
,,2009 - 2010,
,,2010 - 2011,
,,2011 - 2012,
,,2012 - 2013,
,,2014 - 2015,
,,2015 - 2016,
,,2016 - 2017,
,,2017 - 2018,
,,2018 - 2019,
,,2019 - 2020,
,,2020 - 2021,
,,2021 - 2022,40.0
,,2022 - 2023,43.74
,Kiphire,2008 - 2009,
,,2009 - 2010,
,,2010 - 2011,
,,2011 - 2012,
,,2012 - 2013,
,,2014 - 2015,
,,2015 - 2016,
,,2016 - 2017,
,,2017 - 2018,
,,2018 - 2019,
,,2019 - 2020,
,,2020 - 2021,
,,2021 - 2022,19.82
,,2022 - 2023,42.28
,Kohima,2000 - 2001,23.25
,,2001 - 2002,25.76
,,2002 - 2003,51.05
,,2004 - 2005,14.12
,,2005 - 2006,31.18
,,2006 - 2007,51.0
,,2007 - 2008,
,,2008 - 2009,
,,2009 - 2010,
,,2010 - 2011,
,,2011 - 2012,
,,2012 - 2013,
,,2014 - 2015,
,,2015 - 2016,
,,2016 - 2017,
,,2017 - 2018,
,,2018 - 2019,
,,2019 - 2020,
,,2020 - 2021,
,,2021 - 2022,10.0
,,2022 - 2023,43.46
,Longleng,2008 - 2009,
,,2009 - 2010,
,,2010 - 2011,
,,2011 - 2012,
,,2012 - 2013,
,,2014 - 2015,
,,2015 - 2016,
,,2016 - 2017,
,,2017 - 2018,
,,2018 - 2019,
,,2019 - 2020,
,,2020 - 2021,
,,2021 - 2022,10.0
,,2022 - 2023,43.25
,Mokokchung,2000 - 2001,33.14
,,2001 - 2002,34.17
,,2002 - 2003,71.18
,,2003 - 2004,42.6
,,2004 - 2005,
,,2005 - 2006,
,,2006 - 2007,
,,2007 - 2008,
,,2008 - 2009,
,,2009 - 2010,
,,2010 - 2011,
,,2011 - 2012,
,,2012 - 2013,
,,2014 - 2015,
,,2015 - 2016,
,,2016 - 2017,
,,2017 - 2018,
,,2018 - 2019,
,,2019 - 2020,
,,2020 - 2021,
,,2021 - 2022,27.4
,,2022 - 2023,43.66
,Mon,2000 - 2001,34.71
,,2001 - 2002,38.64
,,2002 - 2003,94.4
,,2003 - 2004,29.43
,,2008 - 2009,
,,2009 - 2010,
,,2010 - 2011,
,,2011 - 2012,
,,2012 - 2013,
,,2014 - 2015,
,,2015 - 2016,
,,2016 - 2017,
,,2017 - 2018,
,,2018 - 2019,
,,2019 - 2020,
,,2020 - 2021,
,,2021 - 2022,15.0
,,2022 - 2023,43.48
,Noklak,2022 - 2023,41.95
,Nuiland,2022 - 2023,43.83
,Peren,2008 - 2009,
,,2009 - 2010,
,,2010 - 2011,
,,2011 - 2012,
,,2012 - 2013,
,,2014 - 2015,
,,2015 - 2016,
,,2016 - 2017,
,,2017 - 2018,
,,2018 - 2019,
,,2019 - 2020,
,,2020 - 2021,
,,2021 - 2022,25.0
,,2022 - 2023,43.76
,Phek,2003 - 2004,6.15
,,2007 - 2008,
,,2008 - 2009,
,,2009 - 2010,
,,2010 - 2011,
,,2011 - 2012,
,,2012 - 2013,
,,2014 - 2015,
,,2015 - 2016,
,,2016 - 2017,
,,2017 - 2018,
,,2018 - 2019,
,,2019 - 2020,
,,2020 - 2021,
,,2021 - 2022,24.0
,,2022 - 2023,43.43
,Shamator,2022 - 2023,43.58
,Tseminyu,2022 - 2023,43.56
,Tuensang,2008 - 2009,
,,2009 - 2010,
,,2010 - 2011,
,,2011 - 2012,
,,2012 - 2013,
,,2014 - 2015,
,,2015 - 2016,
,,2016 - 2017,
,,2017 - 2018,
,,2018 - 2019,
,,2019 - 2020,
,,2020 - 2021,
,,2021 - 2022,42.0
,,2022 - 2023,43.58
,Wokha,2000 - 2001,31.14
,,2001 - 2002,28.95
,,2002 - 2003,43.5
,,2003 - 2004,49.34
,,2004 - 2005,6.75
,,2005 - 2006,23.21
,,2006 - 2007,42.0
,,2007 - 2008,
,,2008 - 2009,
,,2009 - 2010,
,,2010 - 2011,
,,2011 - 2012,
,,2012 - 2013,
,,2014 - 2015,
,,2015 - 2016,
,,2016 - 2017,
,,2017 - 2018,
,,2018 - 2019,
,,2019 - 2020,
,,2020 - 2021,
,,2021 - 2022,23.1
,,2022 - 2023,43.58
,Zunheboto,2000 - 2001,24.73
,,2001 - 2002,31.75
,,2002 - 2003,51.8
,,2003 - 2004,44.11
,,2004 - 2005,8.3
,,2005 - 2006,19.17
,,2006 - 2007,42.0
,,2007 - 2008,
,,2008 - 2009,
,,2009 - 2010,
,,2010 - 2011,
,,2011 - 2012,
,,2012 - 2013,
,,2014 - 2015,
,,2015 - 2016,
,,2016 - 2017,
,,2017 - 2018,
,,2018 - 2019,
,,2019 - 2020,
,,2020 - 2021,
,,2021 - 2022,12.3
,,2022 - 2023,43.49
Odisha,Anugul,2000 - 2001,52.13
,,2001 - 2002,55.32
,,2002 - 2003,46.27
,,2003 - 2004,53.5
,,2004 - 2005,
,,2005 - 2006,
,,2006 - 2007,
,,2007 - 2008,
,,2008 - 2009,
,,2009 - 2010,
,,2010 - 2011,
,,2011 - 2012,
,,2012 - 2013,
,,2013 - 2014,
,,2014 - 2015,
,,2015 - 2016,
,,2016 - 2017,
,,2017 - 2018,
,,2018 - 2019,
,,2019 - 2020,
,,2020 - 2021,
,,2021 - 2022,
,,2022 - 2023,
,Balangir,2000 - 2001,59.3
,,2001 - 2002,57.92
,,2002 - 2003,56.57
,,2003 - 2004,61.63
,,2004 - 2005,
,,2005 - 2006,
,,2006 - 2007,
,,2007 - 2008,
,,2008 - 2009,
,,2009 - 2010,
,,2010 - 2011,
,,2011 - 2012,
,,2012 - 2013,
,,2013 - 2014,
,,2014 - 2015,
,,2015 - 2016,
,,2016 - 2017,
,,2017 - 2018,
,,2018 - 2019,
,,2019 - 2020,
,,2020 - 2021,
,,2021 - 2022,
,,2022 - 2023,
,Baleshwar,2000 - 2001,46.92
,,2001 - 2002,42.07
,,2002 - 2003,35.32
,,2003 - 2004,53.63
,,2004 - 2005,
,,2005 - 2006,
,,2006 - 2007,
,,2007 - 2008,
,,2008 - 2009,
,,2009 - 2010,
,,2010 - 2011,
,,2011 - 2012,
,,2012 - 2013,
,,2013 - 2014,
,,2014 - 2015,
,,2015 - 2016,
,,2016 - 2017,
,,2018 - 2019,
,,2019 - 2020,
,,2020 - 2021,
,Bargarh,2000 - 2001,66.62
,,2001 - 2002,70.87
,,2002 - 2003,61.12
,,2003 - 2004,74.66
,,2004 - 2005,
,,2005 - 2006,
,,2006 - 2007,
,,2007 - 2008,
,,2008 - 2009,
,,2009 - 2010,
,,2010 - 2011,
,,2011 - 2012,
,,2012 - 2013,
,,2013 - 2014,
,,2014 - 2015,
,,2015 - 2016,
,,2016 - 2017,
,,2017 - 2018,
,,2018 - 2019,
,,2019 - 2020,
,,2020 - 2021,
,,2021 - 2022,
,,2022 - 2023,
,Bhadrak,2000 - 2001,57.77
,,2001 - 2002,58.91
,,2002 - 2003,78.51
,,2003 - 2004,61.44
,,2004 - 2005,
,,2005 - 2006,
,,2006 - 2007,
,,2007 - 2008,
,,2008 - 2009,
,,2009 - 2010,
,,2010 - 2011,
,,2011 - 2012,
,,2012 - 2013,
,,2013 - 2014,
,,2014 - 2015,
,,2015 - 2016,
,,2016 - 2017,
,,2017 - 2018,
,,2018 - 2019,
,,2019 - 2020,
,,2020 - 2021,
,,2021 - 2022,
,,2022 - 2023,
,Boudh,2000 - 2001,45.19
,,2001 - 2002,43.65
,,2002 - 2003,43.57
,,2003 - 2004,47.01
,,2004 - 2005,
,,2005 - 2006,
,,2006 - 2007,
,,2007 - 2008,
,,2008 - 2009,
,,2009 - 2010,
,,2010 - 2011,
,,2011 - 2012,
,,2012 - 2013,
,,2013 - 2014,
,,2014 - 2015,
,,2015 - 2016,
,,2018 - 2019,
,,2019 - 2020,
,,2020 - 2021,
,,2021 - 2022,
,,2022 - 2023,
,Cuttack,2000 - 2001,50.81
,,2001 - 2002,51.93
,,2002 - 2003,47.36
,,2003 - 2004,45.28
,,2004 - 2005,
,,2005 - 2006,
,,2006 - 2007,
,,2007 - 2008,
,,2008 - 2009,
,,2009 - 2010,
,,2010 - 2011,
,,2011 - 2012,
,,2012 - 2013,
,,2013 - 2014,
,,2014 - 2015,
,,2015 - 2016,
,,2016 - 2017,
,,2017 - 2018,
,,2018 - 2019,
,,2019 - 2020,
,,2020 - 2021,
,,2021 - 2022,
,,2022 - 2023,
,Deogarh,2000 - 2001,53.47
,,2001 - 2002,46.88
,,2002 - 2003,46.53
,,2003 - 2004,45.51
,,2004 - 2005,
,,2005 - 2006,
,,2006 - 2007,
,,2007 - 2008,
,,2008 - 2009,
,,2009 - 2010,
,,2010 - 2011,
,,2011 - 2012,
,,2012 - 2013,
,,2013 - 2014,
,,2014 - 2015,
,,2015 - 2016,
,,2016 - 2017,
,,2017 - 2018,
,,2018 - 2019,
,,2019 - 2020,
,,2021 - 2022,
,,2022 - 2023,
,Dhenkanal,2000 - 2001,52.66
,,2001 - 2002,62.99
,,2002 - 2003,58.89
,,2003 - 2004,63.47
,,2004 - 2005,
,,2005 - 2006,
,,2006 - 2007,
,,2007 - 2008,
,,2008 - 2009,
,,2009 - 2010,
,,2010 - 2011,
,,2011 - 2012,
,,2012 - 2013,
,,2013 - 2014,
,,2014 - 2015,
,,2015 - 2016,
,,2016 - 2017,
,,2017 - 2018,
,,2018 - 2019,
,,2019 - 2020,
,,2020 - 2021,
,,2021 - 2022,
,,2022 - 2023,
,Gajapati,2000 - 2001,60.11
,,2001 - 2002,65.82
,,2002 - 2003,56.4
,,2003 - 2004,54.87
,,2004 - 2005,
,,2005 - 2006,
,,2006 - 2007,
,,2007 - 2008,
,,2008 - 2009,
,,2009 - 2010,
,,2010 - 2011,
,,2011 - 2012,
,,2012 - 2013,
,,2013 - 2014,
,,2014 - 2015,
,,2015 - 2016,
,,2016 - 2017,
,,2017 - 2018,
,,2018 - 2019,
,,2021 - 2022,
,Ganjam,2000 - 2001,67.36
,,2001 - 2002,77.35
,,2002 - 2003,63.49
,,2003 - 2004,73.35
,,2004 - 2005,
,,2005 - 2006,
,,2006 - 2007,
,,2007 - 2008,
,,2008 - 2009,
,,2009 - 2010,
,,2010 - 2011,
,,2011 - 2012,
,,2012 - 2013,
,,2013 - 2014,
,,2014 - 2015,
,,2015 - 2016,
,,2016 - 2017,
,,2017 - 2018,
,,2018 - 2019,
,,2019 - 2020,
,,2020 - 2021,
,,2021 - 2022,
,,2022 - 2023,
,Jagatsinghapur,2000 - 2001,52.2
,,2001 - 2002,54.6
,,2002 - 2003,69.9
,,2003 - 2004,72.67
,,2004 - 2005,
,,2005 - 2006,
,,2006 - 2007,
,,2007 - 2008,
,,2008 - 2009,
,,2009 - 2010,
,,2010 - 2011,
,,2011 - 2012,
,,2012 - 2013,
,,2013 - 2014,
,,2014 - 2015,
,,2015 - 2016,
,,2016 - 2017,
,,2017 - 2018,
,,2018 - 2019,
,,2019 - 2020,
,,2020 - 2021,
,,2021 - 2022,
,,2022 - 2023,
,Jajapur,2000 - 2001,34.0
,,2001 - 2002,37.53
,,2002 - 2003,42.34
,,2003 - 2004,33.86
,,2004 - 2005,
,,2005 - 2006,
,,2006 - 2007,
,,2007 - 2008,
,,2008 - 2009,
,,2009 - 2010,
,,2010 - 2011,
,,2011 - 2012,
,,2012 - 2013,
,,2013 - 2014,
,,2014 - 2015,
,,2015 - 2016,
,,2016 - 2017,
,,2017 - 2018,
,,2018 - 2019,
,,2019 - 2020,
,,2020 - 2021,
,,2021 - 2022,
,,2022 - 2023,
,Jharsuguda,2000 - 2001,61.48
,,2001 - 2002,80.36
,,2002 - 2003,70.44
,,2003 - 2004,58.74
,,2004 - 2005,
,,2005 - 2006,
,,2006 - 2007,
,,2007 - 2008,
,,2008 - 2009,
,,2009 - 2010,
,,2010 - 2011,
,,2011 - 2012,
,,2012 - 2013,
,,2013 - 2014,
,,2014 - 2015,
,,2015 - 2016,
,,2016 - 2017,
,,2017 - 2018,
,,2020 - 2021,
,,2021 - 2022,
,,2022 - 2023,
,Kalahandi,2000 - 2001,44.12
,,2001 - 2002,47.74
,,2002 - 2003,51.66
,,2003 - 2004,49.78
,,2004 - 2005,
,,2005 - 2006,
,,2006 - 2007,
,,2007 - 2008,
,,2008 - 2009,
,,2009 - 2010,
,,2010 - 2011,
,,2011 - 2012,
,,2012 - 2013,
,,2013 - 2014,
,,2014 - 2015,
,,2015 - 2016,
,,2016 - 2017,
,,2017 - 2018,
,,2018 - 2019,
,,2019 - 2020,
,,2020 - 2021,
,,2021 - 2022,
,,2022 - 2023,
,Kandhamal,2001 - 2002,48.0
,,2003 - 2004,38.4
,,2005 - 2006,
,,2006 - 2007,
,,2007 - 2008,
,,2008 - 2009,
,,2009 - 2010,
,,2012 - 2013,
,Kendrapara,2000 - 2001,43.3
,,2001 - 2002,40.93
,,2002 - 2003,48.29
,,2003 - 2004,47.87
,,2004 - 2005,
,,2005 - 2006,
,,2006 - 2007,
,,2007 - 2008,
,,2008 - 2009,
,,2009 - 2010,
,,2010 - 2011,
,,2011 - 2012,
,,2012 - 2013,
,,2013 - 2014,
,,2014 - 2015,
,,2015 - 2016,
,,2016 - 2017,
,,2017 - 2018,
,,2018 - 2019,
,,2019 - 2020,
,,2020 - 2021,
,,2021 - 2022,
,,2022 - 2023,
,Kendujhar,2000 - 2001,45.67
,,2001 - 2002,48.93
,,2002 - 2003,33.38
,,2003 - 2004,52.08
,,2004 - 2005,
,,2005 - 2006,
,,2006 - 2007,
,,2007 - 2008,
,,2008 - 2009,
,,2009 - 2010,
,,2010 - 2011,
,,2011 - 2012,
,,2012 - 2013,
,,2013 - 2014,
,,2014 - 2015,
,,2015 - 2016,
,,2016 - 2017,
,,2017 - 2018,
,,2018 - 2019,
,,2019 - 2020,
,,2021 - 2022,
,Khordha,2000 - 2001,39.76
,,2001 - 2002,51.35
,,2002 - 2003,41.56
,,2003 - 2004,49.08
,,2004 - 2005,
,,2005 - 2006,
,,2006 - 2007,
,,2007 - 2008,
,,2008 - 2009,
,,2009 - 2010,
,,2010 - 2011,
,,2011 - 2012,
,,2012 - 2013,
,,2013 - 2014,
,,2014 - 2015,
,,2015 - 2016,
,,2016 - 2017,
,,2017 - 2018,
,,2021 - 2022,
,,2022 - 2023,
,Koraput,2000 - 2001,62.15
,,2001 - 2002,65.29
,,2002 - 2003,64.64
,,2003 - 2004,54.21
,,2004 - 2005,
,,2005 - 2006,
,,2006 - 2007,
,,2007 - 2008,
,,2008 - 2009,
,,2009 - 2010,
,,2010 - 2011,
,,2011 - 2012,
,,2012 - 2013,
,,2013 - 2014,
,,2014 - 2015,
,,2015 - 2016,
,,2016 - 2017,
,,2017 - 2018,
,,2018 - 2019,
,,2019 - 2020,
,,2020 - 2021,
,,2021 - 2022,
,,2022 - 2023,
,Malkangiri,2000 - 2001,36.0
,,2007 - 2008,
,,2016 - 2017,
,Mayurbhanj,2000 - 2001,29.6
,,2001 - 2002,34.4
,,2002 - 2003,48.6
,,2003 - 2004,45.2
,,2004 - 2005,
,,2005 - 2006,
,,2006 - 2007,
,,2007 - 2008,
,,2008 - 2009,
,,2009 - 2010,
,,2010 - 2011,
,,2011 - 2012,
,,2012 - 2013,
,,2013 - 2014,
,,2014 - 2015,
,,2015 - 2016,
,Nabarangpur,2000 - 2001,43.4
,,2001 - 2002,40.25
,,2002 - 2003,42.6
,,2003 - 2004,49.13
,,2004 - 2005,
,,2005 - 2006,
,,2006 - 2007,
,,2007 - 2008,
,,2008 - 2009,
,,2009 - 2010,
,,2010 - 2011,
,,2011 - 2012,
,,2012 - 2013,
,,2013 - 2014,
,,2014 - 2015,
,,2015 - 2016,
,,2016 - 2017,
,,2017 - 2018,
,,2018 - 2019,
,,2019 - 2020,
,,2020 - 2021,
,,2021 - 2022,
,,2022 - 2023,
,Nayagarh,2000 - 2001,61.71
,,2001 - 2002,55.95
,,2002 - 2003,57.17
,,2003 - 2004,57.61
,,2004 - 2005,
,,2005 - 2006,
,,2006 - 2007,
,,2007 - 2008,
,,2008 - 2009,
,,2009 - 2010,
,,2010 - 2011,
,,2011 - 2012,
,,2012 - 2013,
,,2013 - 2014,
,,2014 - 2015,
,,2015 - 2016,
,,2016 - 2017,
,,2017 - 2018,
,,2018 - 2019,
,,2019 - 2020,
,,2020 - 2021,
,,2021 - 2022,
,,2022 - 2023,
,Nuapada,2000 - 2001,40.72
,,2001 - 2002,46.35
,,2002 - 2003,35.03
,,2003 - 2004,42.4
,,2004 - 2005,
,,2005 - 2006,
,,2006 - 2007,
,,2007 - 2008,
,,2008 - 2009,
,,2009 - 2010,
,,2010 - 2011,
,,2011 - 2012,
,,2013 - 2014,
,,2015 - 2016,
,,2016 - 2017,
,,2018 - 2019,
,,2019 - 2020,
,,2020 - 2021,
,,2021 - 2022,
,,2022 - 2023,
,Puri,2000 - 2001,36.18
,,2001 - 2002,36.04
,,2002 - 2003,51.38
,,2003 - 2004,66.71
,,2004 - 2005,
,,2005 - 2006,
,,2006 - 2007,
,,2007 - 2008,
,,2008 - 2009,
,,2009 - 2010,
,,2010 - 2011,
,,2011 - 2012,
,,2012 - 2013,
,,2013 - 2014,
,,2014 - 2015,
,,2015 - 2016,
,,2018 - 2019,
,,2019 - 2020,
,,2020 - 2021,
,,2021 - 2022,
,Rayagada,2000 - 2001,49.8
,,2001 - 2002,41.94
,,2002 - 2003,39.78
,,2003 - 2004,40.9
,,2004 - 2005,
,,2005 - 2006,
,,2006 - 2007,
,,2007 - 2008,
,,2008 - 2009,
,,2009 - 2010,
,,2010 - 2011,
,,2011 - 2012,
,,2012 - 2013,
,,2013 - 2014,
,,2014 - 2015,
,,2015 - 2016,
,,2017 - 2018,
,Sambalpur,2000 - 2001,57.11
,,2001 - 2002,50.35
,,2002 - 2003,48.53
,,2003 - 2004,61.29
,,2004 - 2005,
,,2005 - 2006,
,,2006 - 2007,
,,2007 - 2008,
,,2008 - 2009,
,,2009 - 2010,
,,2010 - 2011,
,,2011 - 2012,
,,2012 - 2013,
,,2013 - 2014,
,,2014 - 2015,
,,2015 - 2016,
,,2016 - 2017,
,Sonepur,2000 - 2001,60.41
,,2001 - 2002,51.84
,,2002 - 2003,50.79
,,2003 - 2004,66.69
,,2004 - 2005,
,,2005 - 2006,
,,2006 - 2007,
,,2007 - 2008,
,,2008 - 2009,
,,2009 - 2010,
,,2010 - 2011,
,,2011 - 2012,
,,2012 - 2013,
,,2013 - 2014,
,,2014 - 2015,
,,2015 - 2016,
,,2016 - 2017,
,Sundargarh,2000 - 2001,71.02
,,2001 - 2002,67.14
,,2002 - 2003,68.02
,,2003 - 2004,60.88
,,2004 - 2005,
,,2005 - 2006,
,,2006 - 2007,
,,2007 - 2008,
,,2008 - 2009,
,,2009 - 2010,
,,2010 - 2011,
,,2011 - 2012,
,,2012 - 2013,
,,2013 - 2014,
,,2014 - 2015,
,,2015 - 2016,
,,2016 - 2017,
,,2018 - 2019,
,,2019 - 2020,
,,2020 - 2021,
,,2021 - 2022,
,,2022 - 2023,
Puducherry,Karaikal,2000 - 2001,81.0
,,2001 - 2002,90.0
,,2002 - 2003,81.5
,,2003 - 2004,24.52
,,2004 - 2005,50.68
,,2005 - 2006,75.0
,,2006 - 2007,
,,2007 - 2008,
,,2008 - 2009,
,,2009 - 2010,
,,2010 - 2011,
,Pondicherry,2000 - 2001,81.34
,,2001 - 2002,93.28
,,2002 - 2003,90.0
,,2003 - 2004,85.45
,,2004 - 2005,76.64
,,2005 - 2006,143.26
,,2006 - 2007,
,,2007 - 2008,
,,2008 - 2009,
,,2009 - 2010,
,,2010 - 2011,
,,2011 - 2012,
,,2012 - 2013,
,,2013 - 2014,
,,2014 - 2015,
,,2015 - 2016,
,,2016 - 2017,
,,2017 - 2018,
,,2018 - 2019,
,,2019 - 2020,
,,2020 - 2021,
,,2021 - 2022,
,,2022 - 2023,
Punjab,Amritsar,2000 - 2001,63.64
,,2001 - 2002,68.18
,,2002 - 2003,65.45
,,2003 - 2004,57.0
,,2004 - 2005,62.86
,,2005 - 2006,61.17
,,2009 - 2010,6.0
,,2011 - 2012,67.67
,,2012 - 2013,70.5
,,2013 - 2014,80.2
,,2014 - 2015,75.25
,,2015 - 2016,75.75
,,2016 - 2017,75.5
,,2017 - 2018,83.5
,,2018 - 2019,82.43
,,2019 - 2020,79.24
,,2020 - 2021,86.83
,,2021 - 2022,71.13
,,2022 - 2023,77.73
,Barnala,2013 - 2014,90.0
,,2014 - 2015,87.0
,,2015 - 2016,88.0
,,2016 - 2017,103.0
,,2017 - 2018,85.0
,,2018 - 2019,80.0
,,2019 - 2020,80.0
,,2020 - 2021,76.67
,,2021 - 2022,80.0
,,2022 - 2023,80.0
,Bathinda,2001 - 2002,70.0
,,2002 - 2003,60.0
,,2003 - 2004,50.0
,,2020 - 2021,80.0
,,2021 - 2022,80.0
,,2022 - 2023,80.0
,Faridkot,2000 - 2001,65.0
,,2001 - 2002,87.5
,,2002 - 2003,52.0
,,2003 - 2004,56.67
,,2004 - 2005,70.0
,,2005 - 2006,68.0
,Fatehgarh sahib,2000 - 2001,72.5
,,2001 - 2002,74.0
,,2002 - 2003,62.0
,,2003 - 2004,62.5
,,2004 - 2005,70.0
,,2005 - 2006,75.5
,,2009 - 2010,7.5
,,2011 - 2012,75.5
,,2012 - 2013,86.0
,,2013 - 2014,81.0
,,2014 - 2015,88.0
,,2015 - 2016,87.33
,,2016 - 2017,88.67
,,2017 - 2018,83.33
,,2018 - 2019,82.67
,,2019 - 2020,90.0
,,2020 - 2021,82.5
,,2021 - 2022,75.0
,,2022 - 2023,80.0
,Fazilka,2011 - 2012,73.0
,,2012 - 2013,82.0
,,2015 - 2016,89.0
,,2016 - 2017,90.0
,,2017 - 2018,73.5
,,2018 - 2019,71.0
,,2019 - 2020,81.88
,,2020 - 2021,83.85
,,2021 - 2022,80.0
,,2022 - 2023,71.82
,Firozepur,2000 - 2001,66.25
,,2001 - 2002,57.78
,,2002 - 2003,51.11
,,2003 - 2004,46.67
,,2004 - 2005,70.0
,,2005 - 2006,76.0
,,2009 - 2010,6.0
,,2012 - 2013,67.0
,,2013 - 2014,85.0
,,2014 - 2015,75.0
,,2020 - 2021,70.0
,,2021 - 2022,60.0
,,2022 - 2023,60.0
,Gurdaspur,2000 - 2001,67.78
,,2001 - 2002,68.26
,,2002 - 2003,68.0
,,2003 - 2004,60.0
,,2004 - 2005,65.5
,,2005 - 2006,67.24
,,2009 - 2010,6.53
,,2011 - 2012,74.55
,,2012 - 2013,72.45
,,2013 - 2014,74.29
,,2014 - 2015,76.67
,,2015 - 2016,72.0
,,2016 - 2017,81.24
,,2017 - 2018,86.14
,,2018 - 2019,83.27
,,2019 - 2020,81.58
,,2020 - 2021,83.51
,,2021 - 2022,83.54
,,2022 - 2023,86.36
,Hoshiarpur,2000 - 2001,60.0
,,2001 - 2002,61.43
,,2002 - 2003,52.4
,,2003 - 2004,53.18
,,2004 - 2005,57.22
,,2005 - 2006,55.62
,,2009 - 2010,5.43
,,2011 - 2012,64.65
,,2012 - 2013,69.53
,,2013 - 2014,70.52
,,2014 - 2015,68.86
,,2015 - 2016,73.73
,,2016 - 2017,77.23
,,2017 - 2018,79.57
,,2018 - 2019,78.5
,,2019 - 2020,75.23
,,2020 - 2021,79.8
,,2021 - 2022,80.38
,,2022 - 2023,77.76
,Jalandhar,2000 - 2001,61.33
,,2001 - 2002,62.5
,,2002 - 2003,61.18
,,2003 - 2004,46.0
,,2004 - 2005,55.45
,,2005 - 2006,61.45
,,2009 - 2010,6.0
,,2011 - 2012,66.56
,,2012 - 2013,65.1
,,2013 - 2014,76.4
,,2014 - 2015,75.0
,,2015 - 2016,59.64
,,2016 - 2017,85.6
,,2017 - 2018,87.09
,,2018 - 2019,90.27
,,2019 - 2020,87.62
,,2020 - 2021,97.98
,,2021 - 2022,92.37
,,2022 - 2023,90.53
,Kapurthala,2000 - 2001,66.0
,,2001 - 2002,61.67
,,2002 - 2003,58.33
,,2003 - 2004,53.33
,,2004 - 2005,60.0
,,2005 - 2006,57.75
,,2009 - 2010,6.0
,,2011 - 2012,73.67
,,2012 - 2013,64.5
,,2013 - 2014,82.0
,,2014 - 2015,78.0
,,2015 - 2016,76.0
,,2016 - 2017,81.75
,,2017 - 2018,83.75
,,2018 - 2019,83.5
,,2019 - 2020,84.62
,,2020 - 2021,82.89
,,2021 - 2022,75.0
,,2022 - 2023,88.92
,Ludhiana,2000 - 2001,67.14
,,2001 - 2002,67.5
,,2002 - 2003,63.75
,,2003 - 2004,54.0
,,2004 - 2005,46.67
,,2005 - 2006,66.5
,,2009 - 2010,6.0
,,2011 - 2012,80.5
,,2012 - 2013,68.0
,,2013 - 2014,85.0
,,2014 - 2015,86.0
,,2015 - 2016,85.5
,,2016 - 2017,88.5
,,2017 - 2018,91.0
,,2018 - 2019,89.33
,,2019 - 2020,82.69
,,2020 - 2021,84.8
,,2021 - 2022,79.63
,,2022 - 2023,85.42
,Malerkotla,2021 - 2022,90.0
,,2022 - 2023,81.67
,Mansa,2000 - 2001,60.0
,,2001 - 2002,70.0
,,2002 - 2003,50.0
,,2020 - 2021,80.0
,,2022 - 2023,80.0
,Moga,2000 - 2001,60.0
,,2001 - 2002,75.0
,,2002 - 2003,50.0
,,2003 - 2004,60.0
,,2004 - 2005,60.0
,,2021 - 2022,80.0
,,2022 - 2023,80.0
,Muktsar,2000 - 2001,72.5
,,2001 - 2002,76.0
,,2002 - 2003,62.5
,,2003 - 2004,52.5
,,2004 - 2005,50.0
,,2005 - 2006,51.0
,,2019 - 2020,80.0
,,2020 - 2021,80.0
,,2021 - 2022,80.0
,,2022 - 2023,85.0
,Nawanshahr,2000 - 2001,63.33
,,2001 - 2002,60.0
,,2002 - 2003,53.33
,,2003 - 2004,47.0
,,2004 - 2005,54.29
,,2005 - 2006,54.29
,,2009 - 2010,6.2
,,2011 - 2012,67.83
,,2012 - 2013,65.4
,,2013 - 2014,66.83
,,2014 - 2015,65.83
,,2015 - 2016,75.5
,,2016 - 2017,78.33
,,2017 - 2018,80.5
,,2018 - 2019,77.83
,,2019 - 2020,76.33
,,2020 - 2021,79.64
,,2021 - 2022,84.5
,,2022 - 2023,87.74
,Pathankot,2011 - 2012,74.5
,,2012 - 2013,74.25
,,2013 - 2014,58.5
,,2014 - 2015,63.25
,,2015 - 2016,66.5
,,2016 - 2017,76.75
,,2017 - 2018,73.0
,,2018 - 2019,70.25
,,2019 - 2020,72.38
,,2020 - 2021,80.75
,,2021 - 2022,82.86
,,2022 - 2023,83.24
,Patiala,2000 - 2001,73.33
,,2001 - 2002,70.0
,,2002 - 2003,66.0
,,2003 - 2004,60.0
,,2004 - 2005,60.0
,,2005 - 2006,70.0
,,2009 - 2010,8.0
,,2011 - 2012,88.0
,,2012 - 2013,92.0
,,2013 - 2014,93.67
,,2014 - 2015,90.67
,,2015 - 2016,88.0
,,2016 - 2017,91.5
,,2017 - 2018,102.0
,,2018 - 2019,94.5
,,2019 - 2020,83.75
,,2020 - 2021,81.33
,,2021 - 2022,84.0
,,2022 - 2023,89.33
,Rupnagar,2000 - 2001,55.0
,,2001 - 2002,54.0
,,2002 - 2003,54.44
,,2003 - 2004,50.0
,,2004 - 2005,57.5
,,2005 - 2006,63.83
,,2009 - 2010,6.5
,,2011 - 2012,74.67
,,2012 - 2013,75.67
,,2013 - 2014,76.0
,,2014 - 2015,79.33
,,2015 - 2016,73.67
,,2016 - 2017,80.33
,,2017 - 2018,76.33
,,2018 - 2019,74.0
,,2019 - 2020,75.91
,,2020 - 2021,76.96
,,2021 - 2022,74.78
,,2022 - 2023,77.5
,S.a.s nagar,2009 - 2010,5.0
,,2011 - 2012,65.0
,,2012 - 2013,57.0
,,2013 - 2014,61.0
,,2014 - 2015,64.0
,,2015 - 2016,59.0
,,2016 - 2017,68.0
,,2017 - 2018,78.0
,,2018 - 2019,76.0
,,2019 - 2020,84.17
,,2020 - 2021,81.67
,,2021 - 2022,78.89
,,2022 - 2023,80.0
,Sangrur,2000 - 2001,73.33
,,2001 - 2002,70.0
,,2002 - 2003,70.0
,,2003 - 2004,66.67
,,2004 - 2005,75.0
,,2005 - 2006,75.0
,,2009 - 2010,8.0
,,2011 - 2012,81.5
,,2012 - 2013,80.5
,,2013 - 2014,88.0
,,2014 - 2015,88.33
,,2015 - 2016,86.67
,,2016 - 2017,89.0
,,2017 - 2018,92.25
,,2018 - 2019,85.0
,,2019 - 2020,91.92
,,2020 - 2021,92.86
,,2021 - 2022,98.33
,,2022 - 2023,89.0
,Tarn taran,2011 - 2012,40.0
,,2012 - 2013,71.0
,,2013 - 2014,75.0
,,2017 - 2018,95.0
,,2019 - 2020,80.0
,,2020 - 2021,80.0
,,2021 - 2022,105.0
,,2022 - 2023,94.0
Rajasthan,Ajmer,2000 - 2001,41.65
,,2001 - 2002,47.7
,,2002 - 2003,42.23
,,2003 - 2004,53.41
,,2004 - 2005,48.32
,,2005 - 2006,60.93
,,2006 - 2007,57.71
,,2007 - 2008,57.12
,,2008 - 2009,59.4
,,2009 - 2010,57.57
,,2010 - 2011,67.0
,,2011 - 2012,70.35
,,2012 - 2013,73.1
,,2013 - 2014,68.96
,,2014 - 2015,72.57
,,2015 - 2016,86.5
,,2016 - 2017,71.3
,,2017 - 2018,57.25
,,2018 - 2019,62.0
,,2019 - 2020,52.0
,,2020 - 2021,79.13
,,2021 - 2022,75.75
,,2022 - 2023,89.33
,Alwar,2000 - 2001,41.65
,,2001 - 2002,47.7
,,2002 - 2003,38.09
,,2003 - 2004,67.87
,,2004 - 2005,40.81
,,2005 - 2006,32.83
,,2006 - 2007,59.27
,,2007 - 2008,39.22
,,2008 - 2009,50.68
,,2009 - 2010,58.03
,,2010 - 2011,39.17
,,2011 - 2012,70.54
,,2012 - 2013,58.38
,,2013 - 2014,54.34
,,2014 - 2015,39.35
,,2015 - 2016,42.84
,,2016 - 2017,95.44
,,2017 - 2018,25.38
,,2018 - 2019,86.23
,,2019 - 2020,40.22
,,2020 - 2021,60.6
,,2021 - 2022,75.75
,,2022 - 2023,89.33
,Banswara,2000 - 2001,28.71
,,2001 - 2002,53.52
,,2002 - 2003,50.55
,,2003 - 2004,61.02
,,2004 - 2005,44.84
,,2005 - 2006,52.88
,,2006 - 2007,56.91
,,2007 - 2008,55.47
,,2008 - 2009,37.25
,,2009 - 2010,45.44
,,2010 - 2011,53.33
,,2011 - 2012,45.75
,,2012 - 2013,47.09
,,2013 - 2014,53.89
,,2014 - 2015,59.08
,,2015 - 2016,54.94
,,2016 - 2017,50.62
,,2017 - 2018,61.56
,,2018 - 2019,62.48
,,2019 - 2020,56.37
,,2020 - 2021,82.58
,,2021 - 2022,80.0
,,2022 - 2023,65.04
,Baran,2000 - 2001,45.72
,,2001 - 2002,40.02
,,2002 - 2003,48.61
,,2003 - 2004,56.63
,,2004 - 2005,48.19
,,2005 - 2006,60.92
,,2006 - 2007,57.73
,,2007 - 2008,57.11
,,2008 - 2009,59.44
,,2009 - 2010,57.6
,,2010 - 2011,67.0
,,2011 - 2012,70.33
,,2012 - 2013,73.11
,,2013 - 2014,68.96
,,2014 - 2015,72.57
,,2015 - 2016,86.5
,,2016 - 2017,71.31
,,2017 - 2018,70.5
,,2018 - 2019,83.33
,,2019 - 2020,73.13
,,2020 - 2021,79.0
,,2021 - 2022,76.0
,,2022 - 2023,89.25
,Bharatpur,2000 - 2001,49.89
,,2001 - 2002,45.4
,,2002 - 2003,28.44
,,2003 - 2004,46.22
,,2004 - 2005,60.11
,,2005 - 2006,62.44
,,2006 - 2007,81.74
,,2007 - 2008,54.83
,,2008 - 2009,53.24
,,2009 - 2010,52.88
,,2010 - 2011,67.02
,,2011 - 2012,154.97
,,2012 - 2013,100.83
,,2013 - 2014,59.51
,,2014 - 2015,40.76
,,2015 - 2016,86.5
,,2016 - 2017,71.4
,,2017 - 2018,27.0
,,2018 - 2019,86.25
,,2019 - 2020,40.0
,,2020 - 2021,79.0
,,2021 - 2022,76.0
,,2022 - 2023,89.0
,Bhilwara,2000 - 2001,24.44
,,2001 - 2002,35.48
,,2002 - 2003,40.24
,,2003 - 2004,37.25
,,2004 - 2005,35.69
,,2005 - 2006,75.57
,,2006 - 2007,69.0
,,2007 - 2008,54.12
,,2008 - 2009,58.37
,,2009 - 2010,94.03
,,2010 - 2011,40.91
,,2011 - 2012,68.51
,,2012 - 2013,82.14
,,2013 - 2014,138.49
,,2014 - 2015,105.89
,,2015 - 2016,69.23
,,2016 - 2017,59.21
,,2017 - 2018,73.26
,,2018 - 2019,78.13
,,2019 - 2020,43.45
,,2020 - 2021,53.84
,,2021 - 2022,62.96
,,2022 - 2023,55.64
,Bikaner,2000 - 2001,41.66
,,2001 - 2002,47.63
,,2002 - 2003,42.18
,,2003 - 2004,53.5
,,2004 - 2005,48.0
,,2005 - 2006,61.0
,,2006 - 2007,58.0
,,2007 - 2008,57.14
,,2008 - 2009,59.33
,,2010 - 2011,67.0
,,2011 - 2012,70.4
,,2012 - 2013,73.0
,,2013 - 2014,69.0
,,2016 - 2017,71.5
,,2017 - 2018,70.25
,,2018 - 2019,83.5
,,2019 - 2020,73.0
,,2020 - 2021,79.0
,Bundi,2000 - 2001,42.62
,,2001 - 2002,43.66
,,2002 - 2003,48.05
,,2003 - 2004,33.1
,,2004 - 2005,52.26
,,2005 - 2006,54.87
,,2006 - 2007,50.26
,,2007 - 2008,54.6
,,2008 - 2009,45.7
,,2009 - 2010,40.28
,,2010 - 2011,51.36
,,2011 - 2012,52.33
,,2012 - 2013,58.84
,,2013 - 2014,54.48
,,2014 - 2015,54.55
,,2015 - 2016,91.91
,,2016 - 2017,84.95
,,2017 - 2018,78.53
,,2018 - 2019,83.07
,,2019 - 2020,90.11
,,2020 - 2021,96.39
,,2021 - 2022,97.34
,,2022 - 2023,89.14
,Chittorgarh,2000 - 2001,55.91
,,2001 - 2002,46.97
,,2002 - 2003,50.67
,,2003 - 2004,57.01
,,2004 - 2005,60.13
,,2005 - 2006,78.31
,,2006 - 2007,57.11
,,2007 - 2008,36.03
,,2008 - 2009,49.62
,,2009 - 2010,54.67
,,2010 - 2011,73.21
,,2011 - 2012,76.3
,,2012 - 2013,87.83
,,2013 - 2014,105.24
,,2014 - 2015,88.93
,,2015 - 2016,80.88
,,2016 - 2017,75.67
,,2017 - 2018,72.48
,,2018 - 2019,82.72
,,2019 - 2020,60.07
,,2020 - 2021,75.68
,,2021 - 2022,72.67
,,2022 - 2023,72.27
,Dausa,2000 - 2001,41.67
,,2001 - 2002,47.5
,,2002 - 2003,42.0
,,2003 - 2004,53.33
,,2004 - 2005,48.0
,,2005 - 2006,61.0
,,2006 - 2007,57.67
,,2007 - 2008,57.0
,,2008 - 2009,59.33
,,2009 - 2010,57.5
,,2010 - 2011,67.0
,,2011 - 2012,70.0
,,2012 - 2013,73.0
,,2013 - 2014,69.0
,,2014 - 2015,72.5
,,2015 - 2016,86.0
,,2016 - 2017,71.0
,,2020 - 2021,79.0
,Dholpur,2000 - 2001,90.3
,,2001 - 2002,33.51
,,2002 - 2003,37.29
,,2003 - 2004,52.59
,,2004 - 2005,61.49
,,2005 - 2006,90.53
,,2006 - 2007,31.16
,,2007 - 2008,36.92
,,2008 - 2009,50.8
,,2009 - 2010,68.69
,,2010 - 2011,85.6
,,2011 - 2012,136.25
,,2012 - 2013,62.07
,,2013 - 2014,116.9
,,2014 - 2015,106.26
,,2015 - 2016,96.5
,,2016 - 2017,60.93
,,2017 - 2018,90.71
,,2018 - 2019,70.67
,,2019 - 2020,56.25
,,2020 - 2021,79.25
,,2021 - 2022,75.89
,,2022 - 2023,89.33
,Dungarpur,2000 - 2001,21.35
,,2001 - 2002,60.13
,,2002 - 2003,38.47
,,2003 - 2004,39.12
,,2004 - 2005,67.13
,,2005 - 2006,85.93
,,2006 - 2007,53.76
,,2007 - 2008,88.72
,,2008 - 2009,42.86
,,2009 - 2010,37.1
,,2010 - 2011,125.93
,,2011 - 2012,36.0
,,2012 - 2013,103.47
,,2013 - 2014,73.04
,,2014 - 2015,75.28
,,2015 - 2016,52.0
,,2016 - 2017,53.13
,,2017 - 2018,58.11
,,2018 - 2019,58.29
,,2019 - 2020,62.9
,,2020 - 2021,73.08
,,2021 - 2022,75.86
,,2022 - 2023,89.25
,Ganganagar,2000 - 2001,40.12
,,2001 - 2002,54.7
,,2002 - 2003,31.34
,,2003 - 2004,67.49
,,2004 - 2005,37.49
,,2005 - 2006,58.6
,,2006 - 2007,62.98
,,2007 - 2008,59.52
,,2008 - 2009,79.41
,,2009 - 2010,68.71
,,2010 - 2011,68.99
,,2011 - 2012,69.32
,,2012 - 2013,73.88
,,2013 - 2014,58.28
,,2014 - 2015,77.83
,,2015 - 2016,91.45
,,2016 - 2017,68.72
,,2017 - 2018,68.35
,,2018 - 2019,84.41
,,2019 - 2020,81.19
,,2020 - 2021,80.58
,,2021 - 2022,78.82
,,2022 - 2023,101.2
,Hanumangarh,2000 - 2001,41.64
,,2001 - 2002,47.69
,,2002 - 2003,42.23
,,2003 - 2004,53.4
,,2004 - 2005,48.4
,,2005 - 2006,61.0
,,2006 - 2007,57.71
,,2007 - 2008,57.1
,,2008 - 2009,59.4
,,2009 - 2010,57.5
,,2010 - 2011,67.0
,,2011 - 2012,70.36
,,2012 - 2013,73.09
,,2013 - 2014,69.0
,,2014 - 2015,72.6
,,2015 - 2016,86.54
,,2016 - 2017,71.29
,,2017 - 2018,70.37
,,2018 - 2019,83.44
,,2019 - 2020,73.06
,,2020 - 2021,83.04
,,2021 - 2022,101.46
,,2022 - 2023,103.84
,Jaipur,2000 - 2001,41.65
,,2001 - 2002,47.69
,,2002 - 2003,48.6
,,2003 - 2004,69.69
,,2004 - 2005,66.04
,,2005 - 2006,76.1
,,2006 - 2007,57.72
,,2007 - 2008,57.09
,,2008 - 2009,59.44
,,2009 - 2010,57.55
,,2010 - 2011,67.03
,,2011 - 2012,70.35
,,2012 - 2013,73.09
,,2013 - 2014,68.97
,,2014 - 2015,136.11
,,2015 - 2016,86.51
,,2016 - 2017,71.28
,,2017 - 2018,70.35
,,2018 - 2019,83.44
,,2019 - 2020,73.05
,,2020 - 2021,60.66
,,2021 - 2022,106.02
,,2022 - 2023,70.47
,Jaisalmer,2004 - 2005,48.0
,,2006 - 2007,58.0
,,2009 - 2010,58.0
,,2010 - 2011,67.0
,,2013 - 2014,69.0
,Jhalawar,2000 - 2001,41.66
,,2001 - 2002,47.7
,,2002 - 2003,42.24
,,2003 - 2004,53.43
,,2004 - 2005,48.33
,,2005 - 2006,60.91
,,2006 - 2007,57.71
,,2007 - 2008,57.12
,,2008 - 2009,59.43
,,2009 - 2010,53.94
,,2010 - 2011,67.0
,,2011 - 2012,70.36
,,2012 - 2013,73.13
,,2013 - 2014,69.0
,,2014 - 2015,72.56
,,2015 - 2016,86.5
,,2016 - 2017,71.29
,,2017 - 2018,70.4
,,2018 - 2019,83.5
,,2019 - 2020,73.0
,,2020 - 2021,79.0
,,2021 - 2022,76.0
,,2022 - 2023,89.0
,Jhunjhunu,2015 - 2016,86.0
,Jodhpur,2002 - 2003,42.0
,,2015 - 2016,86.67
,,2016 - 2017,71.0
,Karauli,2000 - 2001,45.9
,,2001 - 2002,41.08
,,2002 - 2003,38.09
,,2003 - 2004,56.62
,,2004 - 2005,70.09
,,2005 - 2006,49.99
,,2006 - 2007,113.52
,,2007 - 2008,100.42
,,2008 - 2009,64.87
,,2009 - 2010,108.96
,,2010 - 2011,83.27
,,2011 - 2012,76.23
,,2012 - 2013,77.11
,,2013 - 2014,109.28
,,2014 - 2015,61.85
,,2015 - 2016,84.64
,,2016 - 2017,67.29
,,2017 - 2018,36.44
,,2018 - 2019,51.25
,,2019 - 2020,103.6
,,2020 - 2021,78.47
,,2021 - 2022,108.9
,,2022 - 2023,71.88
,Kota,2000 - 2001,41.67
,,2001 - 2002,47.71
,,2002 - 2003,42.22
,,2003 - 2004,53.5
,,2004 - 2005,48.2
,,2005 - 2006,60.94
,,2006 - 2007,57.71
,,2007 - 2008,57.13
,,2008 - 2009,59.43
,,2009 - 2010,57.56
,,2010 - 2011,67.0
,,2011 - 2012,70.25
,,2012 - 2013,73.14
,,2013 - 2014,69.0
,,2014 - 2015,72.6
,,2015 - 2016,86.5
,,2016 - 2017,71.5
,,2017 - 2018,70.43
,,2018 - 2019,83.4
,,2019 - 2020,73.0
,,2020 - 2021,79.0
,,2021 - 2022,75.67
,,2022 - 2023,89.33
,Nagaur,2001 - 2002,48.0
,,2002 - 2003,42.0
,,2004 - 2005,48.0
,,2009 - 2010,57.5
,,2010 - 2011,67.0
,,2011 - 2012,70.0
,,2012 - 2013,73.0
,,2019 - 2020,73.0
,,2020 - 2021,79.0
,,2022 - 2023,89.33
,Pali,2000 - 2001,41.5
,,2003 - 2004,53.0
,,2005 - 2006,61.0
,Pratapgarh,2008 - 2009,59.44
,,2009 - 2010,57.63
,,2010 - 2011,67.0
,,2011 - 2012,70.33
,,2012 - 2013,73.0
,,2013 - 2014,69.0
,,2014 - 2015,72.5
,,2015 - 2016,86.0
,,2016 - 2017,71.0
,,2018 - 2019,83.0
,,2022 - 2023,89.0
,Rajsamand,2000 - 2001,21.58
,,2001 - 2002,47.85
,,2002 - 2003,25.7
,,2003 - 2004,31.92
,,2004 - 2005,56.06
,,2005 - 2006,50.38
,,2006 - 2007,72.16
,,2007 - 2008,72.01
,,2008 - 2009,57.41
,,2009 - 2010,45.23
,,2010 - 2011,68.19
,,2011 - 2012,73.84
,,2012 - 2013,90.82
,,2013 - 2014,52.13
,,2014 - 2015,49.22
,,2015 - 2016,67.55
,,2016 - 2017,61.48
,,2017 - 2018,62.8
,,2018 - 2019,86.23
,,2019 - 2020,44.44
,,2020 - 2021,81.24
,,2021 - 2022,58.04
,,2022 - 2023,59.55
,Sawai madhopur,2000 - 2001,86.13
,,2001 - 2002,75.76
,,2002 - 2003,29.24
,,2003 - 2004,69.68
,,2004 - 2005,66.04
,,2005 - 2006,60.91
,,2006 - 2007,57.72
,,2007 - 2008,57.12
,,2008 - 2009,59.44
,,2009 - 2010,57.56
,,2010 - 2011,67.0
,,2011 - 2012,70.36
,,2012 - 2013,63.0
,,2013 - 2014,49.8
,,2014 - 2015,86.7
,,2015 - 2016,233.96
,,2016 - 2017,185.13
,,2017 - 2018,77.82
,,2018 - 2019,80.0
,,2019 - 2020,103.5
,,2020 - 2021,79.11
,,2021 - 2022,75.8
,,2022 - 2023,89.33
,Sikar,2000 - 2001,41.64
,,2001 - 2002,47.69
,,2002 - 2003,42.23
,,2003 - 2004,53.41
,,2004 - 2005,48.35
,,2005 - 2006,60.91
,,2006 - 2007,57.73
,,2007 - 2008,57.1
,,2008 - 2009,59.4
,,2009 - 2010,57.58
,,2010 - 2011,67.0
,,2011 - 2012,70.35
,,2012 - 2013,73.12
,,2013 - 2014,68.96
,,2014 - 2015,72.58
,,2015 - 2016,86.55
,,2016 - 2017,71.27
,,2017 - 2018,70.33
,,2018 - 2019,83.43
,,2019 - 2020,73.0
,,2020 - 2021,79.14
,,2021 - 2022,75.89
,,2022 - 2023,89.33
,Sirohi,2005 - 2006,60.9
,,2008 - 2009,59.0
,,2012 - 2013,73.0
,,2021 - 2022,76.0
,,2022 - 2023,89.0
,Tonk,2000 - 2001,67.8
,,2001 - 2002,56.8
,,2002 - 2003,27.41
,,2003 - 2004,42.98
,,2004 - 2005,59.28
,,2005 - 2006,74.27
,,2006 - 2007,46.6
,,2007 - 2008,60.29
,,2008 - 2009,37.86
,,2009 - 2010,60.69
,,2010 - 2011,79.34
,,2011 - 2012,55.0
,,2012 - 2013,90.68
,,2013 - 2014,109.28
,,2014 - 2015,92.82
,,2015 - 2016,60.01
,,2016 - 2017,71.76
,,2017 - 2018,45.35
,,2018 - 2019,62.0
,,2019 - 2020,51.67
,,2020 - 2021,92.57
,,2021 - 2022,106.0
,,2022 - 2023,70.47
,Udaipur,2000 - 2001,31.59
,,2001 - 2002,48.48
,,2002 - 2003,40.32
,,2003 - 2004,47.87
,,2004 - 2005,59.38
,,2005 - 2006,63.35
,,2006 - 2007,74.92
,,2007 - 2008,78.78
,,2008 - 2009,70.12
,,2009 - 2010,64.47
,,2010 - 2011,57.54
,,2011 - 2012,59.01
,,2012 - 2013,47.25
,,2013 - 2014,51.9
,,2014 - 2015,50.94
,,2015 - 2016,75.11
,,2016 - 2017,33.87
,,2017 - 2018,65.65
,,2018 - 2019,86.25
,,2019 - 2020,61.67
,,2020 - 2021,73.07
,,2021 - 2022,46.14
,,2022 - 2023,58.46
Tamil Nadu,Ariyalur,2008 - 2009,0.0
,,2009 - 2010,116.2
,,2010 - 2011,98.53
,,2011 - 2012,110.49
,,2012 - 2013,90.67
,,2013 - 2014,112.64
,,2014 - 2015,104.65
,,2015 - 2016,93.0
,,2016 - 2017,91.85
,,2017 - 2018,84.0
,,2018 - 2019,85.57
,,2019 - 2020,102.11
,,2020 - 2021,83.28
,,2021 - 2022,96.2
,,2022 - 2023,74.82
,Chengalpattu,2020 - 2021,94.3
,,2021 - 2022,85.11
,,2022 - 2023,88.93
,Coimbatore,2000 - 2001,100.1
,,2001 - 2002,111.39
,,2002 - 2003,86.26
,,2003 - 2004,87.06
,,2004 - 2005,115.55
,,2005 - 2006,139.16
,,2006 - 2007,138.08
,,2007 - 2008,112.34
,,2008 - 2009,314.74
,,2009 - 2010,92.5
,,2010 - 2011,116.43
,,2011 - 2012,129.67
,,2012 - 2013,105.3
,,2013 - 2014,103.57
,,2014 - 2015,106.79
,,2015 - 2016,101.0
,,2016 - 2017,86.99
,,2017 - 2018,100.0
,,2018 - 2019,102.75
,,2019 - 2020,107.5
,,2020 - 2021,104.19
,,2021 - 2022,109.22
,,2022 - 2023,111.14
,Cuddalore,2000 - 2001,109.0
,,2001 - 2002,113.12
,,2002 - 2003,114.2
,,2003 - 2004,118.67
,,2004 - 2005,119.37
,,2005 - 2006,98.55
,,2006 - 2007,128.19
,,2007 - 2008,110.19
,,2008 - 2009,106.61
,,2009 - 2010,107.6
,,2010 - 2011,107.67
,,2011 - 2012,94.91
,,2012 - 2013,112.47
,,2013 - 2014,108.43
,,2014 - 2015,120.12
,,2015 - 2016,95.0
,,2016 - 2017,96.66
,,2017 - 2018,112.0
,,2018 - 2019,116.55
,,2019 - 2020,121.43
,,2020 - 2021,102.34
,,2021 - 2022,110.17
,,2022 - 2023,126.26
,Dharmapuri,2000 - 2001,89.51
,,2001 - 2002,83.84
,,2002 - 2003,69.43
,,2003 - 2004,61.58
,,2004 - 2005,79.76
,,2005 - 2006,86.43
,,2006 - 2007,104.28
,,2007 - 2008,107.73
,,2008 - 2009,94.38
,,2009 - 2010,72.84
,,2010 - 2011,87.83
,,2011 - 2012,112.55
,,2012 - 2013,80.73
,,2013 - 2014,73.01
,,2014 - 2015,84.5
,,2015 - 2016,79.0
,,2016 - 2017,64.33
,,2017 - 2018,73.0
,,2018 - 2019,91.57
,,2019 - 2020,87.13
,,2020 - 2021,96.35
,,2021 - 2022,123.9
,,2022 - 2023,128.99
,Dindigul,2000 - 2001,120.08
,,2001 - 2002,104.69
,,2002 - 2003,81.19
,,2003 - 2004,64.11
,,2004 - 2005,115.79
,,2005 - 2006,98.1
,,2006 - 2007,119.92
,,2007 - 2008,111.62
,,2008 - 2009,112.26
,,2009 - 2010,146.36
,,2010 - 2011,132.09
,,2011 - 2012,130.49
,,2012 - 2013,55.45
,,2013 - 2014,80.72
,,2014 - 2015,87.11
,,2015 - 2016,101.0
,,2016 - 2017,25.19
,,2017 - 2018,83.0
,,2018 - 2019,115.09
,,2019 - 2020,106.36
,,2020 - 2021,94.4
,,2021 - 2022,112.34
,,2022 - 2023,117.89
,Erode,2000 - 2001,127.56
,,2001 - 2002,147.66
,,2002 - 2003,121.92
,,2003 - 2004,102.23
,,2004 - 2005,134.14
,,2005 - 2006,107.67
,,2006 - 2007,137.58
,,2007 - 2008,126.15
,,2008 - 2009,125.08
,,2009 - 2010,101.39
,,2010 - 2011,119.35
,,2011 - 2012,112.42
,,2012 - 2013,90.72
,,2013 - 2014,108.87
,,2014 - 2015,110.23
,,2015 - 2016,112.0
,,2016 - 2017,65.17
,,2017 - 2018,121.0
,,2018 - 2019,129.42
,,2019 - 2020,127.22
,,2020 - 2021,121.51
,,2021 - 2022,125.68
,,2022 - 2023,115.37
,Kallakurichi,2020 - 2021,103.12
,,2021 - 2022,108.93
,,2022 - 2023,112.15
,Kanchipuram,2000 - 2001,120.67
,,2001 - 2002,151.21
,,2002 - 2003,78.58
,,2003 - 2004,96.3
,,2004 - 2005,95.13
,,2005 - 2006,83.44
,,2006 - 2007,85.79
,,2007 - 2008,98.99
,,2008 - 2009,124.03
,,2009 - 2010,101.62
,,2010 - 2011,127.6
,,2011 - 2012,112.53
,,2012 - 2013,97.64
,,2013 - 2014,103.57
,,2014 - 2015,106.79
,,2015 - 2016,101.0
,,2016 - 2017,86.99
,,2017 - 2018,100.0
,,2018 - 2019,102.71
,,2019 - 2020,95.36
,,2020 - 2021,122.92
,,2021 - 2022,151.72
,,2022 - 2023,119.09
,Kanniyakumari,2009 - 2010,101.5
,,2010 - 2011,108.33
,,2011 - 2012,112.57
,,2012 - 2013,98.0
,,2013 - 2014,103.5
,,2022 - 2023,11.0
,Karur,2000 - 2001,111.97
,,2001 - 2002,83.67
,,2002 - 2003,73.06
,,2003 - 2004,64.09
,,2004 - 2005,90.44
,,2005 - 2006,88.46
,,2006 - 2007,101.49
,,2007 - 2008,90.48
,,2008 - 2009,99.56
,,2009 - 2010,89.8
,,2010 - 2011,109.83
,,2011 - 2012,136.77
,,2012 - 2013,94.5
,,2013 - 2014,100.52
,,2014 - 2015,100.7
,,2015 - 2016,127.0
,,2016 - 2017,80.36
,,2017 - 2018,85.0
,,2018 - 2019,101.08
,,2019 - 2020,107.11
,,2020 - 2021,105.39
,,2021 - 2022,102.65
,,2022 - 2023,118.01
,Krishnagiri,2004 - 2005,53.64
,,2005 - 2006,63.45
,,2006 - 2007,122.79
,,2007 - 2008,107.54
,,2008 - 2009,107.54
,,2009 - 2010,88.5
,,2010 - 2011,81.0
,,2011 - 2012,104.7
,,2012 - 2013,93.3
,,2013 - 2014,96.66
,,2014 - 2015,95.45
,,2015 - 2016,101.0
,,2016 - 2017,86.99
,,2017 - 2018,100.0
,,2018 - 2019,102.77
,,2019 - 2020,107.61
,,2020 - 2021,104.19
,,2021 - 2022,109.32
,,2022 - 2023,111.09
,Madurai,2000 - 2001,123.83
,,2001 - 2002,105.25
,,2002 - 2003,106.59
,,2003 - 2004,76.44
,,2004 - 2005,122.14
,,2005 - 2006,89.75
,,2006 - 2007,109.26
,,2007 - 2008,97.46
,,2008 - 2009,119.25
,,2009 - 2010,67.79
,,2010 - 2011,101.77
,,2011 - 2012,112.93
,,2012 - 2013,100.07
,,2013 - 2014,97.97
,,2014 - 2015,80.3
,,2015 - 2016,88.0
,,2016 - 2017,64.64
,,2017 - 2018,84.0
,,2018 - 2019,80.12
,,2019 - 2020,91.51
,,2020 - 2021,88.98
,,2021 - 2022,95.93
,,2022 - 2023,65.77
,Mayiladuthurai,2020 - 2021,103.82
,,2021 - 2022,109.11
,,2022 - 2023,111.09
,Nagapattinam,2000 - 2001,89.5
,,2001 - 2002,100.19
,,2002 - 2003,91.84
,,2003 - 2004,101.68
,,2004 - 2005,87.15
,,2005 - 2006,92.09
,,2006 - 2007,93.81
,,2007 - 2008,78.41
,,2008 - 2009,66.45
,,2009 - 2010,72.94
,,2010 - 2011,94.9
,,2011 - 2012,86.5
,,2012 - 2013,93.43
,,2013 - 2014,94.16
,,2014 - 2015,87.52
,,2015 - 2016,64.0
,,2016 - 2017,56.84
,,2017 - 2018,100.0
,,2018 - 2019,102.81
,,2019 - 2020,107.47
,,2022 - 2023,98.0
,Namakkal,2000 - 2001,133.61
,,2001 - 2002,117.62
,,2002 - 2003,135.69
,,2003 - 2004,125.81
,,2004 - 2005,137.92
,,2005 - 2006,138.92
,,2006 - 2007,188.41
,,2007 - 2008,126.36
,,2008 - 2009,124.28
,,2009 - 2010,135.01
,,2010 - 2011,129.76
,,2011 - 2012,135.72
,,2012 - 2013,79.2
,,2013 - 2014,118.83
,,2014 - 2015,126.07
,,2015 - 2016,109.0
,,2016 - 2017,107.42
,,2017 - 2018,101.0
,,2018 - 2019,117.33
,,2019 - 2020,138.47
,,2020 - 2021,118.37
,,2021 - 2022,136.23
,,2022 - 2023,119.96
,Perambalur,2000 - 2001,111.97
,,2001 - 2002,63.07
,,2002 - 2003,77.68
,,2003 - 2004,95.5
,,2004 - 2005,113.85
,,2005 - 2006,124.95
,,2006 - 2007,113.61
,,2007 - 2008,84.38
,,2008 - 2009,258.35
,,2009 - 2010,94.75
,,2010 - 2011,106.74
,,2011 - 2012,120.18
,,2012 - 2013,87.28
,,2013 - 2014,92.49
,,2014 - 2015,92.33
,,2015 - 2016,102.0
,,2016 - 2017,82.46
,,2017 - 2018,78.0
,,2018 - 2019,79.77
,,2019 - 2020,88.47
,,2020 - 2021,81.21
,,2021 - 2022,102.7
,,2022 - 2023,108.04
,Pudukkottai,2000 - 2001,107.04
,,2001 - 2002,100.19
,,2002 - 2003,91.84
,,2003 - 2004,101.68
,,2004 - 2005,124.55
,,2005 - 2006,134.9
,,2006 - 2007,145.54
,,2007 - 2008,113.87
,,2008 - 2009,105.41
,,2009 - 2010,101.49
,,2010 - 2011,108.66
,,2011 - 2012,131.61
,,2012 - 2013,87.36
,,2013 - 2014,69.01
,,2014 - 2015,107.21
,,2015 - 2016,107.0
,,2016 - 2017,88.22
,,2017 - 2018,76.0
,,2018 - 2019,88.42
,,2019 - 2020,122.56
,,2020 - 2021,92.93
,,2021 - 2022,103.72
,,2022 - 2023,110.55
,Ramanathapuram,2000 - 2001,106.33
,,2001 - 2002,100.17
,,2002 - 2003,91.84
,,2003 - 2004,101.68
,,2004 - 2005,110.07
,,2005 - 2006,104.69
,,2006 - 2007,122.79
,,2007 - 2008,107.54
,,2008 - 2009,106.21
,,2009 - 2010,101.45
,,2010 - 2011,108.41
,,2011 - 2012,112.53
,,2012 - 2013,97.64
,,2013 - 2014,103.57
,,2014 - 2015,106.79
,,2015 - 2016,101.0
,,2016 - 2017,86.99
,,2017 - 2018,100.0
,,2018 - 2019,103.28
,,2019 - 2020,108.12
,,2020 - 2021,104.39
,,2021 - 2022,108.75
,,2022 - 2023,111.01
,Ranipet,2020 - 2021,78.67
,,2021 - 2022,82.35
,,2022 - 2023,95.87
,Salem,2000 - 2001,133.61
,,2001 - 2002,85.92
,,2002 - 2003,64.26
,,2003 - 2004,94.65
,,2004 - 2005,91.24
,,2005 - 2006,93.8
,,2006 - 2007,105.39
,,2007 - 2008,92.39
,,2008 - 2009,93.01
,,2009 - 2010,82.39
,,2010 - 2011,105.55
,,2011 - 2012,100.07
,,2012 - 2013,85.34
,,2013 - 2014,96.08
,,2014 - 2015,98.36
,,2015 - 2016,85.0
,,2016 - 2017,71.67
,,2017 - 2018,97.0
,,2018 - 2019,95.45
,,2019 - 2020,83.98
,,2020 - 2021,94.7
,,2021 - 2022,97.28
,,2022 - 2023,119.8
,Sivaganga,2000 - 2001,89.29
,,2001 - 2002,86.61
,,2002 - 2003,91.84
,,2003 - 2004,101.68
,,2004 - 2005,86.97
,,2005 - 2006,95.59
,,2006 - 2007,106.11
,,2007 - 2008,100.51
,,2008 - 2009,110.73
,,2009 - 2010,97.88
,,2010 - 2011,87.4
,,2011 - 2012,123.93
,,2012 - 2013,90.11
,,2013 - 2014,63.09
,,2014 - 2015,89.76
,,2015 - 2016,97.0
,,2016 - 2017,50.38
,,2017 - 2018,57.0
,,2018 - 2019,48.23
,,2019 - 2020,77.53
,,2020 - 2021,105.06
,,2021 - 2022,81.72
,,2022 - 2023,109.84
,Thanjavur,2000 - 2001,91.25
,,2001 - 2002,95.7
,,2002 - 2003,102.31
,,2003 - 2004,124.19
,,2004 - 2005,113.55
,,2005 - 2006,99.64
,,2006 - 2007,105.38
,,2007 - 2008,108.04
,,2008 - 2009,99.69
,,2009 - 2010,106.87
,,2010 - 2011,134.39
,,2011 - 2012,111.35
,,2012 - 2013,110.43
,,2013 - 2014,118.0
,,2014 - 2015,108.28
,,2015 - 2016,86.0
,,2016 - 2017,88.45
,,2017 - 2018,101.0
,,2018 - 2019,93.66
,,2019 - 2020,106.5
,,2020 - 2021,75.0
,,2021 - 2022,101.08
,,2022 - 2023,112.77
,The nilgiris,2000 - 2001,107.14
,,2001 - 2002,100.0
,,2002 - 2003,92.14
,,2004 - 2005,110.09
,,2005 - 2006,104.73
,,2006 - 2007,122.8
,,2007 - 2008,107.5
,,2008 - 2009,106.2
,,2012 - 2013,97.75
,,2013 - 2014,103.67
,,2014 - 2015,106.75
,,2015 - 2016,101.0
,,2016 - 2017,87.0
,,2017 - 2018,100.0
,,2018 - 2019,95.0
,,2019 - 2020,86.0
,,2020 - 2021,83.0
,Theni,2000 - 2001,123.83
,,2001 - 2002,158.57
,,2002 - 2003,82.91
,,2003 - 2004,99.17
,,2004 - 2005,121.77
,,2005 - 2006,147.26
,,2006 - 2007,115.07
,,2007 - 2008,100.52
,,2008 - 2009,133.89
,,2009 - 2010,130.66
,,2010 - 2011,119.73
,,2011 - 2012,130.7
,,2012 - 2013,125.79
,,2013 - 2014,104.7
,,2014 - 2015,95.87
,,2015 - 2016,111.0
,,2016 - 2017,81.83
,,2017 - 2018,106.0
,,2018 - 2019,120.52
,,2019 - 2020,102.93
,,2020 - 2021,102.69
,,2021 - 2022,98.22
,,2022 - 2023,92.99
,Thenkasi,2020 - 2021,65.14
,,2021 - 2022,81.95
,,2022 - 2023,86.31
,Thiruvallur,2000 - 2001,120.67
,,2001 - 2002,131.03
,,2002 - 2003,111.06
,,2003 - 2004,101.12
,,2004 - 2005,101.68
,,2005 - 2006,102.61
,,2006 - 2007,135.54
,,2007 - 2008,116.97
,,2008 - 2009,111.64
,,2009 - 2010,101.58
,,2010 - 2011,110.11
,,2011 - 2012,108.13
,,2012 - 2013,97.28
,,2013 - 2014,94.99
,,2014 - 2015,98.62
,,2015 - 2016,100.0
,,2016 - 2017,95.25
,,2017 - 2018,96.0
,,2018 - 2019,82.92
,,2019 - 2020,102.7
,,2020 - 2021,102.73
,,2021 - 2022,110.49
,,2022 - 2023,114.91
,Thiruvarur,2000 - 2001,91.25
,,2001 - 2002,100.17
,,2002 - 2003,91.84
,,2003 - 2004,101.68
,,2004 - 2005,110.07
,,2005 - 2006,104.69
,,2006 - 2007,122.79
,,2007 - 2008,107.54
,,2008 - 2009,106.21
,,2009 - 2010,101.45
,,2010 - 2011,108.41
,,2011 - 2012,112.53
,,2012 - 2013,97.64
,,2013 - 2014,103.57
,,2014 - 2015,106.79
,,2015 - 2016,101.0
,,2016 - 2017,86.99
,,2017 - 2018,100.0
,,2018 - 2019,102.52
,,2019 - 2020,107.92
,,2020 - 2021,102.44
,,2021 - 2022,108.82
,,2022 - 2023,111.09
,Thoothukudi,2000 - 2001,107.02
,,2001 - 2002,100.0
,,2002 - 2003,91.86
,,2003 - 2004,101.68
,,2004 - 2005,110.07
,,2005 - 2006,104.69
,,2006 - 2007,122.79
,,2007 - 2008,107.54
,,2008 - 2009,106.21
,,2009 - 2010,101.45
,,2010 - 2011,108.41
,,2011 - 2012,112.53
,,2012 - 2013,97.63
,,2013 - 2014,103.57
,,2014 - 2015,106.79
,,2015 - 2016,101.0
,,2016 - 2017,86.99
,,2017 - 2018,100.0
,,2018 - 2019,102.97
,,2019 - 2020,108.12
,,2020 - 2021,101.71
,,2021 - 2022,143.0
,,2022 - 2023,108.5
,Tiruchirappalli,2000 - 2001,111.97
,,2001 - 2002,100.19
,,2002 - 2003,91.84
,,2003 - 2004,101.68
,,2004 - 2005,87.67
,,2005 - 2006,86.59
,,2006 - 2007,98.84
,,2007 - 2008,112.84
,,2008 - 2009,103.51
,,2009 - 2010,112.84
,,2010 - 2011,102.49
,,2011 - 2012,111.78
,,2012 - 2013,70.5
,,2013 - 2014,111.31
,,2014 - 2015,84.95
,,2015 - 2016,92.0
,,2016 - 2017,93.59
,,2017 - 2018,85.0
,,2018 - 2019,80.88
,,2019 - 2020,93.76
,,2020 - 2021,111.45
,,2021 - 2022,84.7
,,2022 - 2023,65.23
,Tirunelveli,2000 - 2001,99.81
,,2001 - 2002,100.19
,,2002 - 2003,91.84
,,2003 - 2004,101.68
,,2004 - 2005,110.07
,,2005 - 2006,76.59
,,2006 - 2007,122.79
,,2007 - 2008,102.36
,,2008 - 2009,100.37
,,2009 - 2010,87.04
,,2010 - 2011,101.27
,,2011 - 2012,85.58
,,2012 - 2013,77.42
,,2013 - 2014,63.82
,,2014 - 2015,78.04
,,2015 - 2016,106.0
,,2016 - 2017,40.17
,,2017 - 2018,100.0
,,2018 - 2019,102.73
,,2019 - 2020,84.81
,,2020 - 2021,104.27
,,2021 - 2022,111.68
,,2022 - 2023,111.04
,Tirupathur,2020 - 2021,81.62
,,2021 - 2022,90.82
,,2022 - 2023,110.91
,Tiruppur,2008 - 2009,0.0
,,2009 - 2010,110.85
,,2010 - 2011,122.3
,,2011 - 2012,121.14
,,2012 - 2013,91.89
,,2013 - 2014,98.01
,,2014 - 2015,105.23
,,2015 - 2016,123.0
,,2016 - 2017,52.87
,,2017 - 2018,112.0
,,2018 - 2019,134.55
,,2019 - 2020,129.34
,,2020 - 2021,132.53
,,2021 - 2022,117.49
,,2022 - 2023,126.09
,Tiruvannamalai,2000 - 2001,91.44
,,2001 - 2002,46.09
,,2002 - 2003,14.31
,,2003 - 2004,87.34
,,2004 - 2005,92.66
,,2005 - 2006,94.81
,,2006 - 2007,102.36
,,2007 - 2008,116.15
,,2008 - 2009,98.91
,,2009 - 2010,93.68
,,2010 - 2011,93.83
,,2011 - 2012,116.72
,,2012 - 2013,100.67
,,2013 - 2014,81.64
,,2014 - 2015,82.89
,,2015 - 2016,86.0
,,2016 - 2017,78.44
,,2017 - 2018,103.0
,,2018 - 2019,93.04
,,2019 - 2020,83.22
,,2020 - 2021,102.38
,,2021 - 2022,100.99
,,2022 - 2023,97.14
,Vellore,2000 - 2001,87.14
,,2001 - 2002,48.87
,,2002 - 2003,78.8
,,2003 - 2004,82.36
,,2004 - 2005,81.19
,,2005 - 2006,82.02
,,2006 - 2007,96.36
,,2007 - 2008,92.89
,,2008 - 2009,94.3
,,2009 - 2010,76.36
,,2010 - 2011,90.33
,,2011 - 2012,96.81
,,2012 - 2013,94.4
,,2013 - 2014,94.36
,,2014 - 2015,83.74
,,2015 - 2016,80.0
,,2016 - 2017,94.64
,,2017 - 2018,89.0
,,2018 - 2019,99.44
,,2019 - 2020,88.56
,,2020 - 2021,103.2
,,2021 - 2022,108.55
,,2022 - 2023,114.79
,Villupuram,2000 - 2001,108.87
,,2001 - 2002,118.7
,,2002 - 2003,87.16
,,2003 - 2004,103.22
,,2004 - 2005,114.38
,,2005 - 2006,110.2
,,2006 - 2007,132.9
,,2007 - 2008,102.07
,,2008 - 2009,109.48
,,2009 - 2010,107.07
,,2010 - 2011,112.46
,,2011 - 2012,109.75
,,2012 - 2013,109.58
,,2013 - 2014,119.38
,,2014 - 2015,117.53
,,2015 - 2016,111.0
,,2016 - 2017,105.32
,,2017 - 2018,106.0
,,2018 - 2019,101.52
,,2019 - 2020,105.53
,,2020 - 2021,110.47
,,2021 - 2022,104.57
,,2022 - 2023,114.72
,Virudhunagar,2000 - 2001,104.01
,,2001 - 2002,100.18
,,2002 - 2003,91.84
,,2003 - 2004,101.68
,,2004 - 2005,99.57
,,2005 - 2006,115.78
,,2006 - 2007,108.23
,,2007 - 2008,99.07
,,2008 - 2009,105.36
,,2009 - 2010,104.39
,,2010 - 2011,86.8
,,2011 - 2012,114.49
,,2012 - 2013,89.66
,,2013 - 2014,101.48
,,2014 - 2015,97.65
,,2015 - 2016,79.0
,,2016 - 2017,66.64
,,2017 - 2018,86.0
,,2018 - 2019,107.58
,,2019 - 2020,104.2
,,2020 - 2021,92.12
,,2021 - 2022,96.68
,,2022 - 2023,96.41
Telangana,Adilabad,2000 - 2001,77.93
,,2001 - 2002,88.0
,,2002 - 2003,71.25
,,2003 - 2004,80.0
,,2004 - 2005,72.0
,,2005 - 2006,88.99
,,2006 - 2007,89.75
,,2008 - 2009,85.0
,,2010 - 2011,84.0
,,2013 - 2014,
,,2014 - 2015,
,,2015 - 2016,
,,2016 - 2017,
,,2017 - 2018,
,,2018 - 2019,
,,2019 - 2020,
,,2020 - 2021,
,,2021 - 2022,
,,2022 - 2023,
,Bhadradri,2016 - 2017,
,,2017 - 2018,
,,2018 - 2019,
,,2019 - 2020,
,,2020 - 2021,
,,2021 - 2022,
,,2022 - 2023,
,Jagitial,2016 - 2017,
,,2017 - 2018,
,,2018 - 2019,
,,2019 - 2020,
,,2020 - 2021,
,,2021 - 2022,
,,2022 - 2023,
,Jangoan,2017 - 2018,
,,2021 - 2022,
,,2022 - 2023,
,Jayashankar,2016 - 2017,
,Jogulamba,2016 - 2017,
,,2017 - 2018,
,,2018 - 2019,
,,2019 - 2020,
,,2020 - 2021,
,,2021 - 2022,
,,2022 - 2023,
,Kamareddy,2016 - 2017,
,,2017 - 2018,
,,2018 - 2019,
,,2019 - 2020,
,,2020 - 2021,
,,2021 - 2022,
,,2022 - 2023,
,Karimnagar,2000 - 2001,51.74
,,2001 - 2002,85.84
,,2002 - 2003,64.61
,,2003 - 2004,77.81
,,2004 - 2005,71.07
,,2005 - 2006,93.32
,,2006 - 2007,89.86
,,2007 - 2008,86.0
,,2008 - 2009,85.0
,,2009 - 2010,102.85
,,2010 - 2011,77.93
,,2011 - 2012,91.37
,,2012 - 2013,79.5
,,2013 - 2014,
,,2014 - 2015,
,,2015 - 2016,
,Khammam,2000 - 2001,78.76
,,2001 - 2002,84.94
,,2002 - 2003,64.2
,,2003 - 2004,76.65
,,2004 - 2005,69.71
,,2005 - 2006,91.12
,,2006 - 2007,96.4
,,2007 - 2008,106.4
,,2008 - 2009,92.9
,,2009 - 2010,98.37
,,2010 - 2011,95.05
,,2011 - 2012,89.98
,,2012 - 2013,100.4
,,2013 - 2014,
,,2014 - 2015,
,,2015 - 2016,
,,2016 - 2017,
,,2017 - 2018,
,,2018 - 2019,
,,2019 - 2020,
,,2020 - 2021,
,,2021 - 2022,
,,2022 - 2023,
,Komaram bheem asifabad,2016 - 2017,
,,2020 - 2021,
,,2021 - 2022,
,,2022 - 2023,
,Mahabubabad,2016 - 2017,
,,2017 - 2018,
,,2018 - 2019,
,,2019 - 2020,
,,2020 - 2021,
,,2021 - 2022,
,,2022 - 2023,
,Mahbubnagar,2002 - 2003,69.6
,,2003 - 2004,80.0
,,2004 - 2005,72.0
,,2005 - 2006,94.0
,,2006 - 2007,89.79
,,2008 - 2009,81.42
,,2009 - 2010,88.0
,,2010 - 2011,83.02
,,2011 - 2012,82.08
,,2012 - 2013,130.5
,,2013 - 2014,
,,2014 - 2015,
,,2015 - 2016,
,,2016 - 2017,
,,2017 - 2018,
,,2018 - 2019,
,,2019 - 2020,
,,2020 - 2021,
,,2021 - 2022,
,,2022 - 2023,
,Mancherial,2021 - 2022,
,Medak,2000 - 2001,54.8
,,2001 - 2002,86.93
,,2002 - 2003,72.46
,,2003 - 2004,73.66
,,2004 - 2005,65.31
,,2005 - 2006,89.84
,,2006 - 2007,83.43
,,2007 - 2008,80.15
,,2008 - 2009,79.74
,,2009 - 2010,81.67
,,2010 - 2011,74.41
,,2011 - 2012,87.9
,,2012 - 2013,90.76
,,2013 - 2014,
,,2014 - 2015,
,,2015 - 2016,
,,2016 - 2017,
,,2017 - 2018,
,,2018 - 2019,
,,2019 - 2020,
,,2020 - 2021,
,,2021 - 2022,
,,2022 - 2023,
,Medchal,2019 - 2020,
,Nagarkurnool,2017 - 2018,
,,2018 - 2019,
,,2019 - 2020,
,,2020 - 2021,
,,2021 - 2022,
,,2022 - 2023,
,Nalgonda,2000 - 2001,22.97
,,2001 - 2002,85.75
,,2002 - 2003,68.4
,,2003 - 2004,75.85
,,2004 - 2005,69.19
,,2005 - 2006,92.48
,,2006 - 2007,85.27
,,2008 - 2009,77.52
,,2009 - 2010,87.77
,,2010 - 2011,78.98
,,2011 - 2012,92.05
,,2012 - 2013,80.0
,,2013 - 2014,
,,2014 - 2015,
,,2015 - 2016,
,,2016 - 2017,
,,2017 - 2018,
,,2018 - 2019,
,,2019 - 2020,
,,2020 - 2021,
,,2021 - 2022,
,,2022 - 2023,
,Narayanapet,2018 - 2019,
,,2019 - 2020,
,,2020 - 2021,
,,2021 - 2022,
,,2022 - 2023,
,Nirmal,2016 - 2017,
,,2020 - 2021,
,Nizamabad,2000 - 2001,80.99
,,2001 - 2002,82.31
,,2002 - 2003,51.35
,,2003 - 2004,76.97
,,2004 - 2005,73.07
,,2005 - 2006,86.91
,,2006 - 2007,84.24
,,2007 - 2008,82.68
,,2008 - 2009,77.43
,,2009 - 2010,66.67
,,2010 - 2011,76.72
,,2011 - 2012,73.72
,,2012 - 2013,72.13
,,2013 - 2014,
,,2014 - 2015,
,,2015 - 2016,
,,2016 - 2017,
,,2017 - 2018,
,,2018 - 2019,
,,2019 - 2020,
,,2020 - 2021,
,,2021 - 2022,
,,2022 - 2023,
,Rajanna,2017 - 2018,
,,2018 - 2019,
,,2019 - 2020,
,,2020 - 2021,
,,2021 - 2022,
,,2022 - 2023,
,Rangareddi,2000 - 2001,44.45
,,2001 - 2002,83.45
,,2002 - 2003,63.5
,,2003 - 2004,73.78
,,2004 - 2005,70.1
,,2005 - 2006,86.23
,,2006 - 2007,85.48
,,2007 - 2008,103.0
,,2008 - 2009,81.59
,,2009 - 2010,75.14
,,2010 - 2011,71.94
,,2011 - 2012,70.36
,,2012 - 2013,88.0
,,2013 - 2014,
,,2014 - 2015,
,,2015 - 2016,
,,2016 - 2017,
,,2017 - 2018,
,,2018 - 2019,
,,2019 - 2020,
,,2020 - 2021,
,,2021 - 2022,
,,2022 - 2023,
,Sangareddy,2016 - 2017,
,,2017 - 2018,
,,2018 - 2019,
,,2019 - 2020,
,,2020 - 2021,
,,2021 - 2022,
,,2022 - 2023,
,Siddipet,2017 - 2018,
,,2018 - 2019,
,,2019 - 2020,
,,2020 - 2021,
,,2021 - 2022,
,,2022 - 2023,
,Suryapet,2016 - 2017,
,,2017 - 2018,
,,2018 - 2019,
,,2019 - 2020,
,,2020 - 2021,
,,2021 - 2022,
,,2022 - 2023,
,Vikarabad,2016 - 2017,
,,2017 - 2018,
,,2018 - 2019,
,,2019 - 2020,
,,2020 - 2021,
,,2021 - 2022,
,,2022 - 2023,
,Wanaparthy,2016 - 2017,
,,2017 - 2018,
,,2018 - 2019,
,,2019 - 2020,
,,2020 - 2021,
,,2021 - 2022,
,,2022 - 2023,
,Warangal,2013 - 2014,
,,2015 - 2016,
,,2017 - 2018,
,,2019 - 2020,
,Yadadri,2016 - 2017,
,,2017 - 2018,
,,2018 - 2019,
,,2019 - 2020,
,,2020 - 2021,
,,2021 - 2022,
,,2022 - 2023,
Tripura,Dhalai,2000 - 2001,51.32
,,2001 - 2002,51.84
,,2002 - 2003,45.38
,,2003 - 2004,36.82
,,2004 - 2005,46.24
,,2005 - 2006,45.87
,,2006 - 2007,44.57
,,2007 - 2008,45.39
,,2008 - 2009,53.31
,,2009 - 2010,53.13
,,2010 - 2011,49.26
,,2011 - 2012,46.77
,,2012 - 2013,49.86
,,2013 - 2014,49.51
,,2014 - 2015,50.17
,,2015 - 2016,49.92
,,2016 - 2017,52.62
,,2017 - 2018,61.0
,,2018 - 2019,56.68
,,2019 - 2020,54.07
,,2020 - 2021,57.07
,,2021 - 2022,55.19
,,2022 - 2023,58.64
,Gomati,2012 - 2013,49.2
,,2013 - 2014,49.41
,,2014 - 2015,50.74
,,2015 - 2016,50.49
,,2016 - 2017,53.05
,,2017 - 2018,47.25
,,2018 - 2019,45.65
,,2019 - 2020,45.51
,,2020 - 2021,48.53
,,2021 - 2022,47.08
,,2022 - 2023,48.03
,Khowai,2012 - 2013,53.74
,,2013 - 2014,55.58
,,2014 - 2015,54.42
,,2015 - 2016,54.22
,,2016 - 2017,56.13
,,2017 - 2018,54.64
,,2018 - 2019,55.28
,,2019 - 2020,54.31
,,2020 - 2021,56.66
,,2021 - 2022,55.6
,,2022 - 2023,55.27
,North tripura,2000 - 2001,53.15
,,2001 - 2002,52.26
,,2002 - 2003,49.68
,,2003 - 2004,41.36
,,2004 - 2005,48.45
,,2005 - 2006,48.32
,,2006 - 2007,48.09
,,2007 - 2008,49.07
,,2008 - 2009,66.01
,,2009 - 2010,54.97
,,2010 - 2011,53.27
,,2011 - 2012,50.25
,,2012 - 2013,50.47
,,2013 - 2014,53.23
,,2014 - 2015,54.96
,,2015 - 2016,51.76
,,2016 - 2017,55.42
,,2017 - 2018,53.1
,,2018 - 2019,56.96
,,2019 - 2020,57.02
,,2020 - 2021,56.09
,,2021 - 2022,55.48
,,2022 - 2023,56.26
,Sepahijala,2012 - 2013,53.66
,,2013 - 2014,56.88
,,2014 - 2015,57.31
,,2015 - 2016,53.57
,,2016 - 2017,57.55
,,2017 - 2018,55.88
,,2018 - 2019,61.65
,,2019 - 2020,60.21
,,2020 - 2021,62.87
,,2021 - 2022,61.82
,,2022 - 2023,63.2
,South tripura,2000 - 2001,51.42
,,2001 - 2002,50.74
,,2002 - 2003,49.58
,,2003 - 2004,48.45
,,2004 - 2005,49.45
,,2005 - 2006,51.28
,,2006 - 2007,49.1
,,2007 - 2008,49.29
,,2008 - 2009,49.23
,,2009 - 2010,48.32
,,2010 - 2011,49.57
,,2011 - 2012,48.59
,,2012 - 2013,48.51
,,2013 - 2014,48.38
,,2014 - 2015,49.54
,,2015 - 2016,49.19
,,2016 - 2017,52.37
,,2017 - 2018,49.4
,,2018 - 2019,49.83
,,2019 - 2020,46.76
,,2020 - 2021,51.14
,,2021 - 2022,50.17
,,2022 - 2023,51.38
,Unakoti,2012 - 2013,54.89
,,2013 - 2014,58.0
,,2014 - 2015,58.0
,,2015 - 2016,56.27
,,2016 - 2017,60.63
,,2017 - 2018,58.0
,,2018 - 2019,58.05
,,2019 - 2020,58.08
,,2020 - 2021,61.64
,,2021 - 2022,60.16
,,2022 - 2023,60.52
,West tripura,2000 - 2001,53.61
,,2001 - 2002,53.15
,,2002 - 2003,53.41
,,2003 - 2004,38.45
,,2004 - 2005,51.27
,,2005 - 2006,49.69
,,2006 - 2007,54.96
,,2007 - 2008,52.4
,,2008 - 2009,51.44
,,2009 - 2010,49.27
,,2010 - 2011,52.47
,,2011 - 2012,49.74
,,2012 - 2013,51.1
,,2013 - 2014,46.35
,,2014 - 2015,46.13
,,2015 - 2016,49.29
,,2016 - 2017,49.92
,,2017 - 2018,47.84
,,2018 - 2019,59.44
,,2019 - 2020,59.43
,,2020 - 2021,63.23
,,2021 - 2022,61.33
,,2022 - 2023,61.78
Uttar Pradesh,Agra,2000 - 2001,44.71
,,2001 - 2002,52.42
,,2002 - 2003,54.41
,,2003 - 2004,51.72
,,2004 - 2005,
,,2005 - 2006,
,,2006 - 2007,
,,2007 - 2008,
,,2008 - 2009,
,,2009 - 2010,
,,2010 - 2011,
,,2011 - 2012,
,,2012 - 2013,
,,2013 - 2014,
,,2014 - 2015,
,,2015 - 2016,
,,2016 - 2017,
,,2017 - 2018,
,,2018 - 2019,
,,2019 - 2020,
,Aligarh,2000 - 2001,57.45
,,2001 - 2002,63.42
,,2002 - 2003,62.11
,,2003 - 2004,57.22
,,2004 - 2005,
,,2005 - 2006,
,,2006 - 2007,
,,2007 - 2008,
,,2008 - 2009,
,,2009 - 2010,
,,2010 - 2011,
,,2011 - 2012,
,,2012 - 2013,
,,2013 - 2014,
,,2014 - 2015,
,,2015 - 2016,
,,2016 - 2017,
,,2017 - 2018,
,,2018 - 2019,
,,2019 - 2020,
,,2020 - 2021,
,,2021 - 2022,
,,2022 - 2023,
,Allahabad,2000 - 2001,46.19
,,2001 - 2002,42.02
,,2002 - 2003,43.41
,,2003 - 2004,43.92
,,2004 - 2005,
,,2005 - 2006,
,,2006 - 2007,
,,2007 - 2008,
,,2008 - 2009,
,,2009 - 2010,
,,2010 - 2011,
,,2011 - 2012,
,,2012 - 2013,
,,2013 - 2014,
,,2014 - 2015,
,,2015 - 2016,
,,2016 - 2017,
,,2017 - 2018,
,,2018 - 2019,
,,2019 - 2020,
,Ambedkar nagar,2000 - 2001,53.69
,,2001 - 2002,56.77
,,2002 - 2003,51.14
,,2003 - 2004,45.18
,,2004 - 2005,
,,2005 - 2006,
,,2006 - 2007,
,,2007 - 2008,
,,2008 - 2009,
,,2009 - 2010,
,,2010 - 2011,
,,2011 - 2012,
,,2012 - 2013,
,,2013 - 2014,
,,2014 - 2015,
,,2015 - 2016,
,,2016 - 2017,
,,2017 - 2018,
,,2018 - 2019,
,,2019 - 2020,
,,2020 - 2021,
,,2021 - 2022,
,,2022 - 2023,
,Amethi,2011 - 2012,
,,2012 - 2013,
,,2013 - 2014,
,,2014 - 2015,
,,2015 - 2016,
,,2016 - 2017,
,,2017 - 2018,
,,2018 - 2019,
,,2019 - 2020,
,Amroha,2000 - 2001,57.7
,,2001 - 2002,59.57
,,2002 - 2003,60.48
,,2003 - 2004,60.09
,,2004 - 2005,
,,2005 - 2006,
,,2006 - 2007,
,,2007 - 2008,
,,2008 - 2009,
,,2009 - 2010,
,,2010 - 2011,
,,2011 - 2012,
,,2012 - 2013,
,,2013 - 2014,
,,2014 - 2015,
,,2015 - 2016,
,,2016 - 2017,
,,2017 - 2018,
,,2018 - 2019,
,,2019 - 2020,
,,2020 - 2021,
,,2021 - 2022,
,,2022 - 2023,
,Auraiya,2000 - 2001,43.4
,,2001 - 2002,59.71
,,2002 - 2003,57.27
,,2003 - 2004,70.17
,,2004 - 2005,
,,2005 - 2006,
,,2006 - 2007,
,,2007 - 2008,
,,2008 - 2009,
,,2009 - 2010,
,,2010 - 2011,
,,2011 - 2012,
,,2012 - 2013,
,,2013 - 2014,
,,2014 - 2015,
,,2015 - 2016,
,,2016 - 2017,
,,2017 - 2018,
,,2018 - 2019,
,,2019 - 2020,
,Azamgarh,2000 - 2001,42.42
,,2001 - 2002,42.5
,,2002 - 2003,42.2
,,2003 - 2004,43.55
,,2004 - 2005,
,,2005 - 2006,
,,2006 - 2007,
,,2007 - 2008,
,,2008 - 2009,
,,2009 - 2010,
,,2010 - 2011,
,,2011 - 2012,
,,2012 - 2013,
,,2013 - 2014,
,,2014 - 2015,
,,2015 - 2016,
,,2016 - 2017,
,,2017 - 2018,
,,2018 - 2019,
,,2019 - 2020,
,,2020 - 2021,
,,2021 - 2022,
,,2022 - 2023,
,Baghpat,2000 - 2001,61.28
,,2001 - 2002,64.55
,,2002 - 2003,61.26
,,2003 - 2004,62.93
,,2004 - 2005,
,,2005 - 2006,
,,2006 - 2007,
,,2007 - 2008,
,,2008 - 2009,
,,2009 - 2010,
,,2010 - 2011,
,,2011 - 2012,
,,2012 - 2013,
,,2013 - 2014,
,,2014 - 2015,
,,2015 - 2016,
,,2016 - 2017,
,,2017 - 2018,
,,2018 - 2019,
,,2019 - 2020,
,,2020 - 2021,
,,2021 - 2022,
,,2022 - 2023,
,Bahraich,2000 - 2001,48.6
,,2001 - 2002,54.66
,,2002 - 2003,50.43
,,2003 - 2004,44.7
,,2004 - 2005,
,,2005 - 2006,
,,2006 - 2007,
,,2007 - 2008,
,,2008 - 2009,
,,2009 - 2010,
,,2010 - 2011,
,,2011 - 2012,
,,2012 - 2013,
,,2013 - 2014,
,,2014 - 2015,
,,2015 - 2016,
,,2016 - 2017,
,,2017 - 2018,
,,2018 - 2019,
,,2019 - 2020,
,,2020 - 2021,
,,2021 - 2022,
,,2022 - 2023,
,Ballia,2000 - 2001,36.73
,,2001 - 2002,46.78
,,2002 - 2003,39.71
,,2003 - 2004,36.35
,,2004 - 2005,
,,2005 - 2006,
,,2006 - 2007,
,,2007 - 2008,
,,2008 - 2009,
,,2009 - 2010,
,,2010 - 2011,
,,2011 - 2012,
,,2012 - 2013,
,,2013 - 2014,
,,2014 - 2015,
,,2015 - 2016,
,,2016 - 2017,
,,2017 - 2018,
,,2018 - 2019,
,,2019 - 2020,
,,2020 - 2021,
,,2021 - 2022,
,,2022 - 2023,
,Balrampur,2000 - 2001,51.31
,,2001 - 2002,52.93
,,2002 - 2003,50.83
,,2003 - 2004,48.57
,,2004 - 2005,
,,2005 - 2006,
,,2006 - 2007,
,,2007 - 2008,
,,2008 - 2009,
,,2009 - 2010,
,,2010 - 2011,
,,2011 - 2012,
,,2012 - 2013,
,,2013 - 2014,
,,2014 - 2015,
,,2015 - 2016,
,,2016 - 2017,
,,2017 - 2018,
,,2018 - 2019,
,,2019 - 2020,
,,2020 - 2021,
,,2021 - 2022,
,,2022 - 2023,
,Banda,2000 - 2001,36.46
,,2001 - 2002,51.67
,,2002 - 2003,50.55
,,2003 - 2004,42.18
,,2004 - 2005,
,,2005 - 2006,
,,2006 - 2007,
,,2007 - 2008,
,,2008 - 2009,
,,2009 - 2010,
,,2010 - 2011,
,,2011 - 2012,
,,2012 - 2013,
,,2013 - 2014,
,,2014 - 2015,
,,2015 - 2016,
,,2016 - 2017,
,,2017 - 2018,
,,2018 - 2019,
,,2019 - 2020,
,Barabanki,2000 - 2001,56.19
,,2001 - 2002,52.8
,,2002 - 2003,47.45
,,2003 - 2004,48.03
,,2004 - 2005,
,,2005 - 2006,
,,2006 - 2007,
,,2007 - 2008,
,,2008 - 2009,
,,2009 - 2010,
,,2010 - 2011,
,,2011 - 2012,
,,2012 - 2013,
,,2013 - 2014,
,,2014 - 2015,
,,2015 - 2016,
,,2016 - 2017,
,,2017 - 2018,
,,2018 - 2019,
,,2019 - 2020,
,,2020 - 2021,
,,2021 - 2022,
,,2022 - 2023,
,Bareilly,2000 - 2001,55.58
,,2001 - 2002,60.38
,,2002 - 2003,54.97
,,2003 - 2004,52.82
,,2004 - 2005,
,,2005 - 2006,
,,2006 - 2007,
,,2007 - 2008,
,,2008 - 2009,
,,2009 - 2010,
,,2010 - 2011,
,,2011 - 2012,
,,2012 - 2013,
,,2013 - 2014,
,,2014 - 2015,
,,2015 - 2016,
,,2016 - 2017,
,,2017 - 2018,
,,2018 - 2019,
,,2019 - 2020,
,,2020 - 2021,
,,2021 - 2022,
,,2022 - 2023,
,Basti,2000 - 2001,48.71
,,2001 - 2002,51.11
,,2002 - 2003,53.03
,,2003 - 2004,47.11
,,2004 - 2005,
,,2005 - 2006,
,,2006 - 2007,
,,2007 - 2008,
,,2008 - 2009,
,,2009 - 2010,
,,2010 - 2011,
,,2011 - 2012,
,,2012 - 2013,
,,2013 - 2014,
,,2014 - 2015,
,,2015 - 2016,
,,2016 - 2017,
,,2017 - 2018,
,,2018 - 2019,
,,2019 - 2020,
,,2020 - 2021,
,,2021 - 2022,
,,2022 - 2023,
,Bijnor,2000 - 2001,55.12
,,2001 - 2002,63.99
,,2002 - 2003,62.84
,,2003 - 2004,61.9
,,2004 - 2005,
,,2005 - 2006,
,,2006 - 2007,
,,2007 - 2008,
,,2008 - 2009,
,,2009 - 2010,
,,2010 - 2011,
,,2011 - 2012,
,,2012 - 2013,
,,2013 - 2014,
,,2014 - 2015,
,,2015 - 2016,
,,2016 - 2017,
,,2017 - 2018,
,,2018 - 2019,
,,2019 - 2020,
,,2020 - 2021,
,,2021 - 2022,
,,2022 - 2023,
,Budaun,2000 - 2001,64.96
,,2001 - 2002,65.62
,,2002 - 2003,51.02
,,2003 - 2004,62.39
,,2004 - 2005,
,,2005 - 2006,
,,2006 - 2007,
,,2007 - 2008,
,,2008 - 2009,
,,2009 - 2010,
,,2010 - 2011,
,,2011 - 2012,
,,2012 - 2013,
,,2013 - 2014,
,,2014 - 2015,
,,2015 - 2016,
,,2016 - 2017,
,,2017 - 2018,
,,2018 - 2019,
,,2019 - 2020,
,,2020 - 2021,
,,2021 - 2022,
,,2022 - 2023,
,Bulandshahr,2000 - 2001,56.01
,,2001 - 2002,61.17
,,2002 - 2003,58.69
,,2003 - 2004,59.42
,,2004 - 2005,
,,2005 - 2006,
,,2006 - 2007,
,,2007 - 2008,
,,2008 - 2009,
,,2009 - 2010,
,,2010 - 2011,
,,2011 - 2012,
,,2012 - 2013,
,,2013 - 2014,
,,2014 - 2015,
,,2015 - 2016,
,,2016 - 2017,
,,2017 - 2018,
,,2018 - 2019,
,,2019 - 2020,
,,2020 - 2021,
,,2021 - 2022,
,,2022 - 2023,
,Chandauli,2000 - 2001,40.81
,,2001 - 2002,34.22
,,2002 - 2003,38.61
,,2003 - 2004,31.32
,,2004 - 2005,
,,2005 - 2006,
,,2006 - 2007,
,,2007 - 2008,
,,2008 - 2009,
,,2009 - 2010,
,,2010 - 2011,
,,2011 - 2012,
,,2012 - 2013,
,,2013 - 2014,
,,2014 - 2015,
,,2015 - 2016,
,,2016 - 2017,
,,2017 - 2018,
,,2018 - 2019,
,,2019 - 2020,
,Chitrakoot,2000 - 2001,43.15
,,2001 - 2002,51.67
,,2002 - 2003,50.55
,,2003 - 2004,42.18
,,2004 - 2005,
,,2005 - 2006,
,,2006 - 2007,
,,2007 - 2008,
,,2008 - 2009,
,,2009 - 2010,
,,2010 - 2011,
,,2011 - 2012,
,,2012 - 2013,
,,2013 - 2014,
,,2014 - 2015,
,,2015 - 2016,
,,2016 - 2017,
,,2017 - 2018,
,,2018 - 2019,
,,2019 - 2020,
,Deoria,2000 - 2001,45.08
,,2001 - 2002,53.84
,,2002 - 2003,49.24
,,2003 - 2004,44.33
,,2004 - 2005,
,,2005 - 2006,
,,2006 - 2007,
,,2007 - 2008,
,,2008 - 2009,
,,2009 - 2010,
,,2010 - 2011,
,,2011 - 2012,
,,2012 - 2013,
,,2013 - 2014,
,,2014 - 2015,
,,2015 - 2016,
,,2016 - 2017,
,,2017 - 2018,
,,2018 - 2019,
,,2019 - 2020,
,,2020 - 2021,
,,2021 - 2022,
,,2022 - 2023,
,Etah,2000 - 2001,51.01
,,2001 - 2002,52.91
,,2002 - 2003,46.94
,,2003 - 2004,47.39
,,2004 - 2005,
,,2005 - 2006,
,,2006 - 2007,
,,2007 - 2008,
,,2008 - 2009,
,,2009 - 2010,
,,2010 - 2011,
,,2011 - 2012,
,,2012 - 2013,
,,2013 - 2014,
,,2014 - 2015,
,,2015 - 2016,
,,2016 - 2017,
,,2017 - 2018,
,,2018 - 2019,
,,2019 - 2020,
,,2020 - 2021,
,,2021 - 2022,
,Etawah,2000 - 2001,51.37
,,2001 - 2002,53.4
,,2002 - 2003,49.35
,,2003 - 2004,47.28
,,2004 - 2005,
,,2005 - 2006,
,,2006 - 2007,
,,2007 - 2008,
,,2008 - 2009,
,,2009 - 2010,
,,2010 - 2011,
,,2011 - 2012,
,,2012 - 2013,
,,2013 - 2014,
,,2014 - 2015,
,,2015 - 2016,
,,2016 - 2017,
,,2017 - 2018,
,,2018 - 2019,
,,2019 - 2020,
,Faizabad,2000 - 2001,55.56
,,2001 - 2002,57.54
,,2002 - 2003,50.15
,,2003 - 2004,51.8
,,2004 - 2005,
,,2005 - 2006,
,,2006 - 2007,
,,2007 - 2008,
,,2008 - 2009,
,,2009 - 2010,
,,2010 - 2011,
,,2011 - 2012,
,,2012 - 2013,
,,2013 - 2014,
,,2014 - 2015,
,,2015 - 2016,
,,2016 - 2017,
,,2017 - 2018,
,,2018 - 2019,
,,2019 - 2020,
,,2020 - 2021,
,,2021 - 2022,
,,2022 - 2023,
,Farrukhabad,2000 - 2001,56.76
,,2001 - 2002,57.43
,,2002 - 2003,53.48
,,2003 - 2004,48.92
,,2004 - 2005,
,,2005 - 2006,
,,2006 - 2007,
,,2007 - 2008,
,,2008 - 2009,
,,2009 - 2010,
,,2010 - 2011,
,,2011 - 2012,
,,2012 - 2013,
,,2013 - 2014,
,,2014 - 2015,
,,2015 - 2016,
,,2016 - 2017,
,,2017 - 2018,
,,2018 - 2019,
,,2019 - 2020,
,,2020 - 2021,
,,2021 - 2022,
,,2022 - 2023,
,Fatehpur,2000 - 2001,47.25
,,2001 - 2002,43.21
,,2002 - 2003,43.72
,,2003 - 2004,43.92
,,2004 - 2005,
,,2005 - 2006,
,,2006 - 2007,
,,2007 - 2008,
,,2008 - 2009,
,,2009 - 2010,
,,2010 - 2011,
,,2011 - 2012,
,,2012 - 2013,
,,2013 - 2014,
,,2014 - 2015,
,,2015 - 2016,
,,2016 - 2017,
,,2017 - 2018,
,,2018 - 2019,
,,2019 - 2020,
,Firozabad,2000 - 2001,46.67
,,2001 - 2002,52.42
,,2002 - 2003,54.41
,,2003 - 2004,51.73
,,2004 - 2005,
,,2005 - 2006,
,,2006 - 2007,
,,2007 - 2008,
,,2008 - 2009,
,,2009 - 2010,
,,2010 - 2011,
,,2011 - 2012,
,,2012 - 2013,
,,2013 - 2014,
,,2014 - 2015,
,,2015 - 2016,
,,2016 - 2017,
,,2017 - 2018,
,,2018 - 2019,
,,2019 - 2020,
,Gautam buddha nagar,2000 - 2001,57.7
,,2001 - 2002,64.49
,,2002 - 2003,62.23
,,2003 - 2004,62.87
,,2004 - 2005,
,,2005 - 2006,
,,2006 - 2007,
,,2007 - 2008,
,,2008 - 2009,
,,2009 - 2010,
,,2010 - 2011,
,,2011 - 2012,
,,2012 - 2013,
,,2013 - 2014,
,,2014 - 2015,
,,2015 - 2016,
,,2016 - 2017,
,,2017 - 2018,
,,2018 - 2019,
,,2019 - 2020,
,Ghaziabad,2000 - 2001,58.38
,,2001 - 2002,66.51
,,2002 - 2003,65.74
,,2003 - 2004,62.5
,,2004 - 2005,
,,2005 - 2006,
,,2006 - 2007,
,,2007 - 2008,
,,2008 - 2009,
,,2009 - 2010,
,,2010 - 2011,
,,2011 - 2012,
,,2012 - 2013,
,,2013 - 2014,
,,2014 - 2015,
,,2015 - 2016,
,,2016 - 2017,
,,2017 - 2018,
,,2018 - 2019,
,,2019 - 2020,
,,2020 - 2021,
,,2021 - 2022,
,,2022 - 2023,
,Ghazipur,2000 - 2001,42.19
,,2001 - 2002,44.17
,,2002 - 2003,40.56
,,2003 - 2004,35.78
,,2004 - 2005,
,,2005 - 2006,
,,2006 - 2007,
,,2007 - 2008,
,,2008 - 2009,
,,2009 - 2010,
,,2010 - 2011,
,,2011 - 2012,
,,2012 - 2013,
,,2013 - 2014,
,,2014 - 2015,
,,2015 - 2016,
,,2016 - 2017,
,,2017 - 2018,
,,2018 - 2019,
,,2019 - 2020,
,,2020 - 2021,
,,2021 - 2022,
,,2022 - 2023,
,Gonda,2000 - 2001,45.58
,,2001 - 2002,49.2
,,2002 - 2003,44.63
,,2003 - 2004,47.42
,,2004 - 2005,
,,2005 - 2006,
,,2006 - 2007,
,,2007 - 2008,
,,2008 - 2009,
,,2009 - 2010,
,,2010 - 2011,
,,2011 - 2012,
,,2012 - 2013,
,,2013 - 2014,
,,2014 - 2015,
,,2015 - 2016,
,,2016 - 2017,
,,2017 - 2018,
,,2018 - 2019,
,,2019 - 2020,
,,2020 - 2021,
,,2021 - 2022,
,,2022 - 2023,
,Gorakhpur,2000 - 2001,54.68
,,2001 - 2002,55.98
,,2002 - 2003,56.63
,,2003 - 2004,52.77
,,2004 - 2005,
,,2005 - 2006,
,,2006 - 2007,
,,2007 - 2008,
,,2008 - 2009,
,,2009 - 2010,
,,2010 - 2011,
,,2011 - 2012,
,,2012 - 2013,
,,2013 - 2014,
,,2014 - 2015,
,,2015 - 2016,
,,2016 - 2017,
,,2017 - 2018,
,,2018 - 2019,
,,2019 - 2020,
,,2020 - 2021,
,,2021 - 2022,
,,2022 - 2023,
,Hamirpur,2000 - 2001,44.55
,,2001 - 2002,51.67
,,2002 - 2003,50.55
,,2003 - 2004,42.18
,,2004 - 2005,
,,2005 - 2006,
,,2006 - 2007,
,,2007 - 2008,
,,2008 - 2009,
,,2009 - 2010,
,,2010 - 2011,
,,2011 - 2012,
,,2012 - 2013,
,,2013 - 2014,
,,2014 - 2015,
,,2015 - 2016,
,,2016 - 2017,
,,2017 - 2018,
,,2018 - 2019,
,,2019 - 2020,
,Hapur,2012 - 2013,
,,2013 - 2014,
,,2014 - 2015,
,,2015 - 2016,
,,2016 - 2017,
,,2017 - 2018,
,,2018 - 2019,
,,2019 - 2020,
,,2020 - 2021,
,,2021 - 2022,
,,2022 - 2023,
,Hardoi,2000 - 2001,55.09
,,2001 - 2002,51.96
,,2002 - 2003,48.5
,,2003 - 2004,47.08
,,2004 - 2005,
,,2005 - 2006,
,,2006 - 2007,
,,2007 - 2008,
,,2008 - 2009,
,,2009 - 2010,
,,2010 - 2011,
,,2011 - 2012,
,,2012 - 2013,
,,2013 - 2014,
,,2014 - 2015,
,,2015 - 2016,
,,2016 - 2017,
,,2017 - 2018,
,,2018 - 2019,
,,2019 - 2020,
,,2020 - 2021,
,,2021 - 2022,
,,2022 - 2023,
,Hathras,2000 - 2001,51.63
,,2001 - 2002,52.42
,,2002 - 2003,54.41
,,2003 - 2004,51.72
,,2004 - 2005,
,,2005 - 2006,
,,2006 - 2007,
,,2007 - 2008,
,,2008 - 2009,
,,2009 - 2010,
,,2010 - 2011,
,,2011 - 2012,
,,2012 - 2013,
,,2013 - 2014,
,,2014 - 2015,
,,2015 - 2016,
,,2016 - 2017,
,,2017 - 2018,
,,2018 - 2019,
,,2019 - 2020,
,Jalaun,2000 - 2001,41.72
,,2001 - 2002,46.62
,,2002 - 2003,45.15
,,2003 - 2004,49.58
,,2004 - 2005,
,,2005 - 2006,
,,2006 - 2007,
,,2007 - 2008,
,,2008 - 2009,
,,2009 - 2010,
,,2010 - 2011,
,,2011 - 2012,
,,2012 - 2013,
,,2013 - 2014,
,,2014 - 2015,
,,2015 - 2016,
,,2016 - 2017,
,,2017 - 2018,
,,2018 - 2019,
,,2019 - 2020,
,Jaunpur,2000 - 2001,49.86
,,2001 - 2002,50.4
,,2002 - 2003,47.16
,,2003 - 2004,38.56
,,2004 - 2005,
,,2005 - 2006,
,,2006 - 2007,
,,2007 - 2008,
,,2008 - 2009,
,,2009 - 2010,
,,2010 - 2011,
,,2011 - 2012,
,,2012 - 2013,
,,2013 - 2014,
,,2014 - 2015,
,,2015 - 2016,
,,2016 - 2017,
,,2017 - 2018,
,,2018 - 2019,
,,2019 - 2020,
,,2020 - 2021,
,,2021 - 2022,
,,2022 - 2023,
,Jhansi,2000 - 2001,41.72
,,2001 - 2002,46.63
,,2002 - 2003,45.16
,,2003 - 2004,49.57
,,2004 - 2005,
,,2005 - 2006,
,,2006 - 2007,
,,2007 - 2008,
,,2008 - 2009,
,,2009 - 2010,
,,2010 - 2011,
,,2011 - 2012,
,,2012 - 2013,
,,2013 - 2014,
,,2014 - 2015,
,,2015 - 2016,
,,2016 - 2017,
,,2017 - 2018,
,,2018 - 2019,
,,2019 - 2020,
,Kannauj,2000 - 2001,51.37
,,2001 - 2002,53.4
,,2002 - 2003,49.35
,,2003 - 2004,47.28
,,2004 - 2005,
,,2005 - 2006,
,,2006 - 2007,
,,2007 - 2008,
,,2008 - 2009,
,,2009 - 2010,
,,2010 - 2011,
,,2011 - 2012,
,,2012 - 2013,
,,2013 - 2014,
,,2014 - 2015,
,,2015 - 2016,
,,2016 - 2017,
,,2017 - 2018,
,,2018 - 2019,
,,2019 - 2020,
,Kanpur dehat,2003 - 2004,41.68
,,2004 - 2005,
,,2005 - 2006,
,,2006 - 2007,
,,2007 - 2008,
,,2008 - 2009,
,,2009 - 2010,
,,2010 - 2011,
,,2011 - 2012,
,,2012 - 2013,
,,2013 - 2014,
,,2014 - 2015,
,,2015 - 2016,
,,2016 - 2017,
,,2017 - 2018,
,,2018 - 2019,
,,2019 - 2020,
,,2020 - 2021,
,,2021 - 2022,
,Kanpur nagar,2000 - 2001,47.49
,,2001 - 2002,47.97
,,2002 - 2003,43.53
,,2003 - 2004,42.31
,,2004 - 2005,
,,2005 - 2006,
,,2006 - 2007,
,,2007 - 2008,
,,2008 - 2009,
,,2009 - 2010,
,,2010 - 2011,
,,2011 - 2012,
,,2012 - 2013,
,,2013 - 2014,
,,2014 - 2015,
,,2015 - 2016,
,,2016 - 2017,
,,2017 - 2018,
,,2018 - 2019,
,,2019 - 2020,
,,2022 - 2023,
,Kasganj,2009 - 2010,
,,2010 - 2011,
,,2011 - 2012,
,,2012 - 2013,
,,2013 - 2014,
,,2014 - 2015,
,,2015 - 2016,
,,2016 - 2017,
,,2017 - 2018,
,,2018 - 2019,
,,2019 - 2020,
,,2022 - 2023,
,Kaushambi,2000 - 2001,41.39
,,2001 - 2002,40.16
,,2002 - 2003,42.44
,,2003 - 2004,45.29
,,2004 - 2005,
,,2005 - 2006,
,,2006 - 2007,
,,2007 - 2008,
,,2008 - 2009,
,,2009 - 2010,
,,2010 - 2011,
,,2011 - 2012,
,,2012 - 2013,
,,2013 - 2014,
,,2014 - 2015,
,,2015 - 2016,
,,2016 - 2017,
,,2017 - 2018,
,,2018 - 2019,
,,2019 - 2020,
,Kheri,2000 - 2001,50.2
,,2001 - 2002,53.25
,,2002 - 2003,53.59
,,2003 - 2004,50.04
,,2004 - 2005,
,,2005 - 2006,
,,2006 - 2007,
,,2007 - 2008,
,,2008 - 2009,
,,2009 - 2010,
,,2010 - 2011,
,,2011 - 2012,
,,2012 - 2013,
,,2013 - 2014,
,,2014 - 2015,
,,2015 - 2016,
,,2016 - 2017,
,,2017 - 2018,
,,2018 - 2019,
,,2019 - 2020,
,,2020 - 2021,
,,2021 - 2022,
,,2022 - 2023,
,Kushi nagar,2000 - 2001,47.7
,,2001 - 2002,52.74
,,2002 - 2003,52.13
,,2003 - 2004,50.18
,,2004 - 2005,
,,2005 - 2006,
,,2006 - 2007,
,,2007 - 2008,
,,2008 - 2009,
,,2009 - 2010,
,,2010 - 2011,
,,2011 - 2012,
,,2012 - 2013,
,,2013 - 2014,
,,2014 - 2015,
,,2015 - 2016,
,,2016 - 2017,
,,2017 - 2018,
,,2018 - 2019,
,,2019 - 2020,
,,2020 - 2021,
,,2021 - 2022,
,,2022 - 2023,
,Lalitpur,2000 - 2001,41.72
,,2001 - 2002,46.62
,,2002 - 2003,45.15
,,2003 - 2004,49.57
,,2004 - 2005,
,,2005 - 2006,
,,2006 - 2007,
,,2007 - 2008,
,,2008 - 2009,
,,2009 - 2010,
,,2010 - 2011,
,,2011 - 2012,
,,2012 - 2013,
,,2013 - 2014,
,,2014 - 2015,
,,2015 - 2016,
,,2016 - 2017,
,,2017 - 2018,
,,2018 - 2019,
,,2019 - 2020,
,Lucknow,2000 - 2001,56.19
,,2001 - 2002,52.8
,,2002 - 2003,47.45
,,2003 - 2004,48.03
,,2004 - 2005,
,,2005 - 2006,
,,2006 - 2007,
,,2007 - 2008,
,,2008 - 2009,
,,2009 - 2010,
,,2010 - 2011,
,,2011 - 2012,
,,2012 - 2013,
,,2013 - 2014,
,,2014 - 2015,
,,2015 - 2016,
,,2016 - 2017,
,,2017 - 2018,
,,2018 - 2019,
,,2019 - 2020,
,Maharajganj,2000 - 2001,47.56
,,2001 - 2002,58.14
,,2002 - 2003,55.9
,,2003 - 2004,48.55
,,2004 - 2005,
,,2005 - 2006,
,,2006 - 2007,
,,2007 - 2008,
,,2008 - 2009,
,,2009 - 2010,
,,2010 - 2011,
,,2011 - 2012,
,,2012 - 2013,
,,2013 - 2014,
,,2014 - 2015,
,,2015 - 2016,
,,2016 - 2017,
,,2017 - 2018,
,,2018 - 2019,
,,2019 - 2020,
,,2020 - 2021,
,,2021 - 2022,
,,2022 - 2023,
,Mahoba,2000 - 2001,43.15
,,2001 - 2002,51.67
,,2002 - 2003,50.55
,,2003 - 2004,42.18
,,2004 - 2005,
,,2005 - 2006,
,,2006 - 2007,
,,2007 - 2008,
,,2008 - 2009,
,,2009 - 2010,
,,2010 - 2011,
,,2011 - 2012,
,,2012 - 2013,
,,2013 - 2014,
,,2014 - 2015,
,,2015 - 2016,
,,2016 - 2017,
,,2017 - 2018,
,,2018 - 2019,
,,2019 - 2020,
,Mainpuri,2000 - 2001,51.63
,,2001 - 2002,52.42
,,2002 - 2003,54.41
,,2003 - 2004,51.72
,,2004 - 2005,
,,2005 - 2006,
,,2006 - 2007,
,,2007 - 2008,
,,2008 - 2009,
,,2009 - 2010,
,,2010 - 2011,
,,2011 - 2012,
,,2012 - 2013,
,,2013 - 2014,
,,2014 - 2015,
,,2015 - 2016,
,,2016 - 2017,
,,2017 - 2018,
,,2018 - 2019,
,,2019 - 2020,
,Mathura,2000 - 2001,47.57
,,2001 - 2002,42.53
,,2002 - 2003,53.98
,,2003 - 2004,49.28
,,2004 - 2005,
,,2005 - 2006,
,,2006 - 2007,
,,2007 - 2008,
,,2008 - 2009,
,,2009 - 2010,
,,2010 - 2011,
,,2011 - 2012,
,,2012 - 2013,
,,2013 - 2014,
,,2014 - 2015,
,,2015 - 2016,
,,2016 - 2017,
,,2017 - 2018,
,,2018 - 2019,
,,2019 - 2020,
,,2020 - 2021,
,,2021 - 2022,
,,2022 - 2023,
,Mau,2000 - 2001,47.0
,,2001 - 2002,46.72
,,2002 - 2003,43.28
,,2003 - 2004,43.34
,,2004 - 2005,
,,2005 - 2006,
,,2006 - 2007,
,,2007 - 2008,
,,2008 - 2009,
,,2009 - 2010,
,,2010 - 2011,
,,2011 - 2012,
,,2012 - 2013,
,,2013 - 2014,
,,2014 - 2015,
,,2015 - 2016,
,,2016 - 2017,
,,2017 - 2018,
,,2018 - 2019,
,,2019 - 2020,
,,2020 - 2021,
,,2021 - 2022,
,,2022 - 2023,
,Meerut,2000 - 2001,61.78
,,2001 - 2002,64.65
,,2002 - 2003,62.43
,,2003 - 2004,64.5
,,2004 - 2005,
,,2005 - 2006,
,,2006 - 2007,
,,2007 - 2008,
,,2008 - 2009,
,,2009 - 2010,
,,2010 - 2011,
,,2011 - 2012,
,,2012 - 2013,
,,2013 - 2014,
,,2014 - 2015,
,,2015 - 2016,
,,2016 - 2017,
,,2017 - 2018,
,,2018 - 2019,
,,2019 - 2020,
,,2020 - 2021,
,,2021 - 2022,
,,2022 - 2023,
,Mirzapur,2000 - 2001,71.29
,,2001 - 2002,51.95
,,2002 - 2003,65.83
,,2003 - 2004,49.88
,,2004 - 2005,
,,2005 - 2006,
,,2006 - 2007,
,,2007 - 2008,
,,2008 - 2009,
,,2009 - 2010,
,,2010 - 2011,
,,2011 - 2012,
,,2012 - 2013,
,,2013 - 2014,
,,2014 - 2015,
,,2015 - 2016,
,,2016 - 2017,
,,2017 - 2018,
,,2018 - 2019,
,,2019 - 2020,
,Moradabad,2000 - 2001,52.32
,,2001 - 2002,53.88
,,2002 - 2003,52.36
,,2003 - 2004,52.72
,,2004 - 2005,
,,2005 - 2006,
,,2006 - 2007,
,,2007 - 2008,
,,2008 - 2009,
,,2009 - 2010,
,,2010 - 2011,
,,2011 - 2012,
,,2012 - 2013,
,,2013 - 2014,
,,2014 - 2015,
,,2015 - 2016,
,,2016 - 2017,
,,2017 - 2018,
,,2018 - 2019,
,,2019 - 2020,
,,2020 - 2021,
,,2021 - 2022,
,,2022 - 2023,
,Muzaffarnagar,2000 - 2001,62.8
,,2001 - 2002,64.52
,,2002 - 2003,64.26
,,2003 - 2004,67.98
,,2004 - 2005,
,,2005 - 2006,
,,2006 - 2007,
,,2007 - 2008,
,,2008 - 2009,
,,2009 - 2010,
,,2010 - 2011,
,,2011 - 2012,
,,2012 - 2013,
,,2013 - 2014,
,,2014 - 2015,
,,2015 - 2016,
,,2016 - 2017,
,,2017 - 2018,
,,2018 - 2019,
,,2019 - 2020,
,,2020 - 2021,
,,2021 - 2022,
,,2022 - 2023,
,Pilibhit,2000 - 2001,55.72
,,2001 - 2002,61.09
,,2002 - 2003,57.54
,,2003 - 2004,48.92
,,2004 - 2005,
,,2005 - 2006,
,,2006 - 2007,
,,2007 - 2008,
,,2008 - 2009,
,,2009 - 2010,
,,2010 - 2011,
,,2011 - 2012,
,,2012 - 2013,
,,2013 - 2014,
,,2014 - 2015,
,,2015 - 2016,
,,2016 - 2017,
,,2017 - 2018,
,,2018 - 2019,
,,2019 - 2020,
,,2020 - 2021,
,,2021 - 2022,
,,2022 - 2023,
,Pratapgarh,2000 - 2001,47.62
,,2001 - 2002,39.01
,,2002 - 2003,43.02
,,2003 - 2004,41.88
,,2004 - 2005,
,,2005 - 2006,
,,2006 - 2007,
,,2007 - 2008,
,,2008 - 2009,
,,2009 - 2010,
,,2010 - 2011,
,,2011 - 2012,
,,2012 - 2013,
,,2013 - 2014,
,,2014 - 2015,
,,2015 - 2016,
,,2016 - 2017,
,,2017 - 2018,
,,2018 - 2019,
,,2019 - 2020,
,Rae bareli,2000 - 2001,47.88
,,2001 - 2002,48.66
,,2002 - 2003,38.78
,,2003 - 2004,37.64
,,2004 - 2005,
,,2005 - 2006,
,,2006 - 2007,
,,2007 - 2008,
,,2008 - 2009,
,,2009 - 2010,
,,2010 - 2011,
,,2011 - 2012,
,,2012 - 2013,
,,2013 - 2014,
,,2014 - 2015,
,,2015 - 2016,
,,2016 - 2017,
,,2017 - 2018,
,,2018 - 2019,
,,2019 - 2020,
,,2020 - 2021,
,,2021 - 2022,
,,2022 - 2023,
,Rampur,2000 - 2001,58.18
,,2001 - 2002,60.22
,,2002 - 2003,60.8
,,2003 - 2004,57.06
,,2004 - 2005,
,,2005 - 2006,
,,2006 - 2007,
,,2007 - 2008,
,,2008 - 2009,
,,2009 - 2010,
,,2010 - 2011,
,,2011 - 2012,
,,2012 - 2013,
,,2013 - 2014,
,,2014 - 2015,
,,2015 - 2016,
,,2016 - 2017,
,,2017 - 2018,
,,2018 - 2019,
,,2019 - 2020,
,,2020 - 2021,
,,2021 - 2022,
,,2022 - 2023,
,Saharanpur,2000 - 2001,57.27
,,2001 - 2002,55.86
,,2002 - 2003,57.74
,,2003 - 2004,61.3
,,2004 - 2005,
,,2005 - 2006,
,,2006 - 2007,
,,2007 - 2008,
,,2008 - 2009,
,,2009 - 2010,
,,2010 - 2011,
,,2011 - 2012,
,,2012 - 2013,
,,2013 - 2014,
,,2014 - 2015,
,,2015 - 2016,
,,2016 - 2017,
,,2017 - 2018,
,,2018 - 2019,
,,2019 - 2020,
,,2020 - 2021,
,,2021 - 2022,
,,2022 - 2023,
,Sambhal,2012 - 2013,
,,2013 - 2014,
,,2014 - 2015,
,,2015 - 2016,
,,2016 - 2017,
,,2017 - 2018,
,,2018 - 2019,
,,2019 - 2020,
,,2020 - 2021,
,,2021 - 2022,
,,2022 - 2023,
,Sant kabeer nagar,2000 - 2001,52.62
,,2001 - 2002,60.67
,,2002 - 2003,57.71
,,2003 - 2004,49.14
,,2004 - 2005,
,,2005 - 2006,
,,2006 - 2007,
,,2007 - 2008,
,,2008 - 2009,
,,2009 - 2010,
,,2010 - 2011,
,,2011 - 2012,
,,2012 - 2013,
,,2013 - 2014,
,,2014 - 2015,
,,2015 - 2016,
,,2016 - 2017,
,,2017 - 2018,
,,2018 - 2019,
,,2019 - 2020,
,Sant ravidas nagar,2000 - 2001,36.03
,,2001 - 2002,31.3
,,2002 - 2003,34.84
,,2003 - 2004,35.74
,,2004 - 2005,
,,2005 - 2006,
,,2006 - 2007,
,,2007 - 2008,
,,2008 - 2009,
,,2009 - 2010,
,,2010 - 2011,
,,2011 - 2012,
,,2012 - 2013,
,,2013 - 2014,
,,2014 - 2015,
,,2015 - 2016,
,,2016 - 2017,
,,2017 - 2018,
,,2018 - 2019,
,,2019 - 2020,
,Shahjahanpur,2000 - 2001,51.78
,,2001 - 2002,51.45
,,2002 - 2003,51.86
,,2003 - 2004,51.65
,,2004 - 2005,
,,2005 - 2006,
,,2006 - 2007,
,,2007 - 2008,
,,2008 - 2009,
,,2009 - 2010,
,,2010 - 2011,
,,2011 - 2012,
,,2012 - 2013,
,,2013 - 2014,
,,2014 - 2015,
,,2015 - 2016,
,,2016 - 2017,
,,2017 - 2018,
,,2018 - 2019,
,,2019 - 2020,
,,2020 - 2021,
,,2021 - 2022,
,,2022 - 2023,
,Shamli,2012 - 2013,
,,2013 - 2014,
,,2014 - 2015,
,,2015 - 2016,
,,2016 - 2017,
,,2017 - 2018,
,,2018 - 2019,
,,2019 - 2020,
,,2020 - 2021,
,,2021 - 2022,
,,2022 - 2023,
,Shravasti,2000 - 2001,53.36
,,2001 - 2002,52.28
,,2002 - 2003,52.85
,,2003 - 2004,50.73
,,2004 - 2005,
,,2005 - 2006,
,,2006 - 2007,
,,2007 - 2008,
,,2008 - 2009,
,,2009 - 2010,
,,2010 - 2011,
,,2011 - 2012,
,,2012 - 2013,
,,2013 - 2014,
,,2014 - 2015,
,,2015 - 2016,
,,2016 - 2017,
,,2017 - 2018,
,,2018 - 2019,
,,2019 - 2020,
,Siddharth nagar,2000 - 2001,47.05
,,2001 - 2002,49.95
,,2002 - 2003,44.26
,,2003 - 2004,55.7
,,2004 - 2005,
,,2005 - 2006,
,,2006 - 2007,
,,2007 - 2008,
,,2008 - 2009,
,,2009 - 2010,
,,2010 - 2011,
,,2011 - 2012,
,,2012 - 2013,
,,2013 - 2014,
,,2014 - 2015,
,,2015 - 2016,
,,2016 - 2017,
,,2017 - 2018,
,,2018 - 2019,
,,2019 - 2020,
,,2020 - 2021,
,,2021 - 2022,
,,2022 - 2023,
,Sitapur,2000 - 2001,52.76
,,2001 - 2002,56.5
,,2002 - 2003,49.78
,,2003 - 2004,46.56
,,2004 - 2005,
,,2005 - 2006,
,,2006 - 2007,
,,2007 - 2008,
,,2008 - 2009,
,,2009 - 2010,
,,2010 - 2011,
,,2011 - 2012,
,,2012 - 2013,
,,2013 - 2014,
,,2014 - 2015,
,,2015 - 2016,
,,2016 - 2017,
,,2017 - 2018,
,,2018 - 2019,
,,2019 - 2020,
,,2020 - 2021,
,,2021 - 2022,
,,2022 - 2023,
,Sonbhadra,2000 - 2001,57.42
,,2001 - 2002,43.97
,,2002 - 2003,53.59
,,2003 - 2004,35.74
,,2004 - 2005,
,,2005 - 2006,
,,2006 - 2007,
,,2007 - 2008,
,,2008 - 2009,
,,2009 - 2010,
,,2010 - 2011,
,,2011 - 2012,
,,2012 - 2013,
,,2013 - 2014,
,,2014 - 2015,
,,2015 - 2016,
,,2016 - 2017,
,,2017 - 2018,
,,2018 - 2019,
,,2019 - 2020,
,Sultanpur,2000 - 2001,46.4
,,2001 - 2002,49.98
,,2002 - 2003,42.71
,,2003 - 2004,40.84
,,2004 - 2005,
,,2005 - 2006,
,,2006 - 2007,
,,2007 - 2008,
,,2008 - 2009,
,,2009 - 2010,
,,2010 - 2011,
,,2011 - 2012,
,,2012 - 2013,
,,2013 - 2014,
,,2014 - 2015,
,,2015 - 2016,
,,2016 - 2017,
,,2017 - 2018,
,,2018 - 2019,
,,2019 - 2020,
,,2020 - 2021,
,,2021 - 2022,
,,2022 - 2023,
,Unnao,2000 - 2001,37.43
,,2001 - 2002,48.22
,,2002 - 2003,60.75
,,2003 - 2004,39.51
,,2004 - 2005,
,,2005 - 2006,
,,2006 - 2007,
,,2007 - 2008,
,,2008 - 2009,
,,2009 - 2010,
,,2010 - 2011,
,,2011 - 2012,
,,2012 - 2013,
,,2013 - 2014,
,,2014 - 2015,
,,2015 - 2016,
,,2016 - 2017,
,,2017 - 2018,
,,2018 - 2019,
,,2019 - 2020,
,Varanasi,2000 - 2001,32.45
,,2001 - 2002,42.96
,,2002 - 2003,42.05
,,2003 - 2004,40.46
,,2004 - 2005,
,,2005 - 2006,
,,2006 - 2007,
,,2007 - 2008,
,,2008 - 2009,
,,2009 - 2010,
,,2010 - 2011,
,,2011 - 2012,
,,2012 - 2013,
,,2013 - 2014,
,,2014 - 2015,
,,2015 - 2016,
,,2016 - 2017,
,,2017 - 2018,
,,2018 - 2019,
,,2019 - 2020,
,,2020 - 2021,
,,2021 - 2022,
,,2022 - 2023,
Uttarakhand,Chamoli,2000 - 2001,55.0
,,2001 - 2002,55.0
,Champawat,2003 - 2004,57.9
,,2004 - 2005,61.53
,,2005 - 2006,61.0
,,2007 - 2008,62.0
,,2008 - 2009,53.0
,,2009 - 2010,62.5
,,2010 - 2011,62.5
,,2011 - 2012,61.0
,,2012 - 2013,60.0
,,2013 - 2014,57.0
,,2014 - 2015,64.11
,,2015 - 2016,65.2
,,2016 - 2017,66.17
,,2017 - 2018,69.0
,,2018 - 2019,73.6
,,2019 - 2020,75.8
,,2020 - 2021,80.4
,,2021 - 2022,83.5
,Dehradun,2000 - 2001,58.3
,,2001 - 2002,58.3
,,2002 - 2003,55.04
,,2003 - 2004,55.0
,,2004 - 2005,53.1
,,2005 - 2006,65.8
,,2006 - 2007,63.8
,,2007 - 2008,63.0
,,2008 - 2009,63.2
,,2009 - 2010,58.7
,,2010 - 2011,58.7
,,2011 - 2012,60.0
,,2012 - 2013,60.2
,,2013 - 2014,65.2
,,2014 - 2015,65.8
,,2015 - 2016,64.8
,,2016 - 2017,64.8
,,2017 - 2018,67.5
,,2018 - 2019,76.8
,,2019 - 2020,76.0
,,2020 - 2021,75.8
,,2021 - 2022,71.3
,,2022 - 2023,78.67
,Haridwar,2002 - 2003,61.9
,,2003 - 2004,61.9
,,2004 - 2005,62.1
,,2005 - 2006,62.2
,,2006 - 2007,61.4
,,2007 - 2008,61.9
,,2008 - 2009,51.7
,,2009 - 2010,60.3
,,2010 - 2011,60.3
,,2011 - 2012,60.5
,,2012 - 2013,60.5
,,2013 - 2014,56.6
,,2014 - 2015,59.2
,,2015 - 2016,57.1
,,2016 - 2017,57.1
,,2017 - 2018,70.0
,,2018 - 2019,68.1
,,2019 - 2020,75.3
,,2020 - 2021,90.7
,,2021 - 2022,92.7
,,2022 - 2023,95.8
,Nainital,2000 - 2001,59.7
,,2001 - 2002,59.7
,,2002 - 2003,57.9
,,2003 - 2004,57.9
,,2004 - 2005,56.3
,,2005 - 2006,59.6
,,2006 - 2007,60.3
,,2007 - 2008,62.0
,,2008 - 2009,53.1
,,2009 - 2010,62.6
,,2010 - 2011,62.6
,,2011 - 2012,62.0
,,2012 - 2013,62.5
,,2013 - 2014,56.6
,,2014 - 2015,64.1
,,2015 - 2016,65.2
,,2016 - 2017,65.2
,,2017 - 2018,69.0
,,2018 - 2019,73.5
,,2019 - 2020,75.7
,,2020 - 2021,80.4
,,2021 - 2022,83.4
,,2022 - 2023,90.5
,Pauri garhwal,2004 - 2005,61.5
,,2005 - 2006,61.0
,,2006 - 2007,61.4
,,2007 - 2008,62.0
,Udam singh nagar,2000 - 2001,59.7
,,2001 - 2002,59.7
,,2002 - 2003,57.9
,,2003 - 2004,57.9
,,2004 - 2005,56.3
,,2005 - 2006,59.6
,,2006 - 2007,60.3
,,2007 - 2008,62.0
,,2008 - 2009,53.1
,,2009 - 2010,62.6
,,2010 - 2011,62.6
,,2011 - 2012,62.0
,,2012 - 2013,62.5
,,2013 - 2014,56.6
,,2014 - 2015,64.1
,,2015 - 2016,65.2
,,2016 - 2017,65.2
,,2017 - 2018,69.0
,,2018 - 2019,73.5
,,2019 - 2020,75.7
,,2020 - 2021,80.4
,,2021 - 2022,84.3
,,2022 - 2023,91.0
,Uttar kashi,2007 - 2008,62.0
West Bengal,paraganas north,2000 - 2001,64.32
,,2001 - 2002,73.43
,,2002 - 2003,71.69
,,2003 - 2004,76.0
,,2004 - 2005,72.83
,,2005 - 2006,76.32
,,2006 - 2007,67.96
,,2007 - 2008,110.42
,,2008 - 2009,87.75
,,2009 - 2010,47.09
,,2010 - 2011,81.19
,,2011 - 2012,85.67
,,2012 - 2013,101.32
,,2013 - 2014,100.23
,,2014 - 2015,93.03
,,2015 - 2016,67.12
,,2016 - 2017,73.68
,,2017 - 2018,87.51
,,2018 - 2019,83.75
,,2019 - 2020,79.62
,,2020 - 2021,75.18
,,2021 - 2022,81.31
,,2022 - 2023,78.05
,paraganas south,2000 - 2001,64.44
,,2001 - 2002,73.43
,,2002 - 2003,71.69
,,2003 - 2004,111.81
,,2004 - 2005,72.83
,,2005 - 2006,76.32
,,2006 - 2007,67.96
,,2007 - 2008,110.43
,,2008 - 2009,87.74
,,2009 - 2010,47.09
,,2010 - 2011,81.18
,,2011 - 2012,85.67
,,2012 - 2013,101.32
,,2013 - 2014,100.22
,,2014 - 2015,93.04
,,2015 - 2016,67.13
,,2016 - 2017,73.67
,,2017 - 2018,87.51
,,2018 - 2019,83.76
,,2019 - 2020,79.61
,,2020 - 2021,75.19
,,2021 - 2022,81.31
,,2022 - 2023,78.04
,Alipurduar,2016 - 2017,73.67
,,2017 - 2018,87.5
,,2018 - 2019,83.74
,,2019 - 2020,79.63
,,2020 - 2021,75.18
,,2021 - 2022,81.31
,,2022 - 2023,78.05
,Bankura,2000 - 2001,72.08
,,2001 - 2002,98.67
,,2002 - 2003,55.54
,,2003 - 2004,70.63
,,2004 - 2005,54.89
,,2005 - 2006,44.08
,,2006 - 2007,73.56
,,2007 - 2008,78.07
,,2008 - 2009,121.88
,,2009 - 2010,83.1
,,2010 - 2011,38.0
,,2011 - 2012,176.17
,,2012 - 2013,141.0
,,2013 - 2014,125.0
,,2014 - 2015,78.6
,,2015 - 2016,94.41
,,2016 - 2017,66.92
,,2017 - 2018,102.22
,,2018 - 2019,83.36
,,2019 - 2020,78.55
,,2020 - 2021,68.0
,,2021 - 2022,230.46
,,2022 - 2023,71.76
,Birbhum,2000 - 2001,62.49
,,2001 - 2002,53.42
,,2002 - 2003,50.92
,,2003 - 2004,58.55
,,2004 - 2005,61.09
,,2005 - 2006,64.04
,,2006 - 2007,66.72
,,2007 - 2008,76.1
,,2008 - 2009,78.34
,,2009 - 2010,99.37
,,2010 - 2011,89.12
,,2011 - 2012,85.99
,,2012 - 2013,63.94
,,2013 - 2014,67.17
,,2014 - 2015,84.81
,,2015 - 2016,89.55
,,2016 - 2017,74.09
,,2017 - 2018,89.77
,,2018 - 2019,90.92
,,2019 - 2020,89.32
,,2020 - 2021,87.31
,,2021 - 2022,85.61
,,2022 - 2023,84.16
,Coochbehar,2001 - 2002,84.0
,,2002 - 2003,65.78
,,2003 - 2004,74.33
,,2004 - 2005,68.0
,,2006 - 2007,102.5
,,2011 - 2012,116.39
,,2012 - 2013,104.57
,,2013 - 2014,102.37
,,2014 - 2015,107.02
,,2015 - 2016,93.67
,,2016 - 2017,73.67
,,2017 - 2018,87.51
,,2018 - 2019,83.75
,,2019 - 2020,79.62
,,2020 - 2021,75.18
,,2021 - 2022,81.31
,,2022 - 2023,78.04
,Darjeeling,2007 - 2008,121.37
,,2008 - 2009,106.13
,,2009 - 2010,98.67
,,2010 - 2011,99.0
,,2011 - 2012,116.38
,,2012 - 2013,104.63
,,2013 - 2014,102.5
,,2014 - 2015,107.0
,,2015 - 2016,93.63
,,2016 - 2017,73.7
,,2017 - 2018,87.5
,,2018 - 2019,83.8
,,2019 - 2020,79.58
,,2020 - 2021,75.2
,,2021 - 2022,81.27
,,2022 - 2023,78.0
,Dinajpur dakshin,2003 - 2004,74.25
,,2011 - 2012,116.4
,,2021 - 2022,89.0
,,2022 - 2023,83.0
,Dinajpur uttar,2001 - 2002,83.81
,,2002 - 2003,65.75
,,2005 - 2006,113.0
,,2006 - 2007,102.5
,,2008 - 2009,106.09
,,2010 - 2011,98.92
,,2011 - 2012,116.39
,,2012 - 2013,104.57
,,2013 - 2014,102.38
,,2014 - 2015,107.01
,,2015 - 2016,93.67
,,2016 - 2017,84.41
,,2017 - 2018,91.68
,,2018 - 2019,87.98
,,2019 - 2020,80.65
,,2020 - 2021,87.39
,,2021 - 2022,88.99
,,2022 - 2023,83.0
,Hooghly,2000 - 2001,71.79
,,2001 - 2002,98.66
,,2002 - 2003,55.5
,,2003 - 2004,70.56
,,2004 - 2005,54.91
,,2005 - 2006,76.85
,,2006 - 2007,75.37
,,2007 - 2008,106.99
,,2008 - 2009,121.88
,,2009 - 2010,83.1
,,2010 - 2011,38.07
,,2011 - 2012,146.51
,,2012 - 2013,141.0
,,2013 - 2014,152.25
,,2014 - 2015,179.87
,,2015 - 2016,74.72
,,2016 - 2017,67.19
,,2017 - 2018,69.38
,,2018 - 2019,74.0
,,2019 - 2020,79.7
,,2020 - 2021,74.94
,,2021 - 2022,76.4
,,2022 - 2023,79.0
,Howrah,2000 - 2001,64.29
,,2001 - 2002,73.44
,,2002 - 2003,71.68
,,2003 - 2004,76.0
,,2004 - 2005,72.82
,,2005 - 2006,76.33
,,2006 - 2007,67.95
,,2007 - 2008,110.43
,,2008 - 2009,87.75
,,2010 - 2011,81.18
,,2011 - 2012,85.67
,,2012 - 2013,101.33
,,2014 - 2015,93.0
,,2015 - 2016,67.12
,,2016 - 2017,73.67
,,2017 - 2018,87.51
,,2018 - 2019,88.39
,,2019 - 2020,79.62
,,2020 - 2021,75.18
,,2021 - 2022,81.31
,,2022 - 2023,78.05
,Jalpaiguri,2001 - 2002,83.83
,,2002 - 2003,65.76
,,2003 - 2004,74.19
,,2004 - 2005,67.93
,,2005 - 2006,113.01
,,2006 - 2007,102.49
,,2007 - 2008,121.36
,,2008 - 2009,106.09
,,2009 - 2010,98.7
,,2010 - 2011,98.93
,,2011 - 2012,116.4
,,2012 - 2013,104.57
,,2013 - 2014,102.36
,,2014 - 2015,107.02
,,2015 - 2016,93.67
,,2016 - 2017,73.68
,,2017 - 2018,87.51
,,2018 - 2019,83.75
,,2019 - 2020,79.62
,,2020 - 2021,75.18
,,2021 - 2022,81.31
,,2022 - 2023,78.05
,Jhargram,2016 - 2017,63.99
,,2017 - 2018,102.21
,,2018 - 2019,81.76
,,2019 - 2020,76.99
,,2020 - 2021,57.88
,,2021 - 2022,75.22
,,2022 - 2023,87.09
,Maldah,2000 - 2001,67.67
,,2001 - 2002,83.82
,,2002 - 2003,65.75
,,2003 - 2004,74.19
,,2004 - 2005,67.93
,,2005 - 2006,113.01
,,2006 - 2007,102.48
,,2007 - 2008,121.35
,,2008 - 2009,106.09
,,2009 - 2010,98.7
,,2010 - 2011,98.92
,,2011 - 2012,116.39
,,2012 - 2013,104.57
,,2013 - 2014,102.37
,,2014 - 2015,107.01
,,2015 - 2016,93.67
,,2016 - 2017,103.0
,,2017 - 2018,99.54
,,2018 - 2019,99.91
,,2019 - 2020,90.54
,,2020 - 2021,96.09
,,2021 - 2022,96.07
,,2022 - 2023,103.52
,Medinipur east,2000 - 2001,67.67
,,2005 - 2006,77.0
,,2006 - 2007,75.35
,,2007 - 2008,106.99
,,2008 - 2009,121.88
,,2009 - 2010,83.1
,,2018 - 2019,83.4
,,2019 - 2020,78.54
,,2020 - 2021,64.39
,,2021 - 2022,75.23
,,2022 - 2023,71.75
,Medinipur west,2000 - 2001,75.91
,,2002 - 2003,53.86
,,2003 - 2004,76.76
,,2004 - 2005,54.91
,,2005 - 2006,91.37
,,2006 - 2007,75.35
,,2007 - 2008,110.38
,,2008 - 2009,121.88
,,2009 - 2010,83.1
,,2010 - 2011,38.09
,,2011 - 2012,163.43
,,2012 - 2013,159.63
,,2013 - 2014,220.62
,,2014 - 2015,179.87
,,2015 - 2016,74.72
,,2016 - 2017,66.81
,,2017 - 2018,102.21
,,2018 - 2019,83.4
,,2019 - 2020,64.26
,,2020 - 2021,44.29
,,2021 - 2022,75.22
,,2022 - 2023,51.72
,Murshidabad,2000 - 2001,65.2
,,2001 - 2002,75.77
,,2002 - 2003,67.59
,,2003 - 2004,75.5
,,2004 - 2005,69.66
,,2005 - 2006,75.4
,,2006 - 2007,67.17
,,2007 - 2008,101.36
,,2008 - 2009,78.96
,,2009 - 2010,63.64
,,2010 - 2011,72.02
,,2011 - 2012,57.99
,,2012 - 2013,81.55
,,2013 - 2014,71.84
,,2014 - 2015,73.16
,,2015 - 2016,67.12
,,2016 - 2017,68.81
,,2017 - 2018,84.85
,,2018 - 2019,77.28
,,2019 - 2020,72.93
,,2020 - 2021,79.97
,,2021 - 2022,83.91
,,2022 - 2023,69.18
,Nadia,2000 - 2001,61.09
,,2001 - 2002,68.41
,,2002 - 2003,81.5
,,2003 - 2004,73.67
,,2004 - 2005,82.81
,,2005 - 2006,80.13
,,2006 - 2007,71.63
,,2007 - 2008,138.98
,,2008 - 2009,121.62
,,2009 - 2010,47.09
,,2010 - 2011,81.19
,,2011 - 2012,137.14
,,2012 - 2013,101.32
,,2013 - 2014,100.23
,,2014 - 2015,141.51
,,2015 - 2016,67.12
,,2016 - 2017,73.68
,,2017 - 2018,87.51
,,2018 - 2019,83.75
,,2019 - 2020,79.62
,,2020 - 2021,75.18
,,2021 - 2022,81.31
,,2022 - 2023,78.05
,Paschim bardhaman,2016 - 2017,67.2
,,2017 - 2018,61.12
,,2018 - 2019,73.5
,,2019 - 2020,79.71
,,2020 - 2021,149.0
,,2021 - 2022,76.39
,,2022 - 2023,79.0
,Purba bardhaman,2000 - 2001,63.19
,,2001 - 2002,66.15
,,2002 - 2003,66.29
,,2003 - 2004,68.59
,,2004 - 2005,53.34
,,2005 - 2006,70.59
,,2006 - 2007,80.61
,,2007 - 2008,68.73
,,2008 - 2009,74.2
,,2009 - 2010,80.83
,,2010 - 2011,95.06
,,2011 - 2012,45.18
,,2012 - 2013,45.52
,,2013 - 2014,64.4
,,2014 - 2015,79.0
,,2015 - 2016,68.71
,,2016 - 2017,64.09
,,2017 - 2018,63.7
,,2018 - 2019,68.77
,,2019 - 2020,74.21
,,2020 - 2021,68.52
,,2021 - 2022,71.85
,,2022 - 2023,76.14
,Purulia,2000 - 2001,71.96
,,2001 - 2002,98.66
,,2002 - 2003,58.64
,,2003 - 2004,61.95
,,2004 - 2005,46.25
,,2005 - 2006,53.01
,,2006 - 2007,67.61
,,2007 - 2008,66.91
,,2008 - 2009,48.04
,,2009 - 2010,83.1
,,2010 - 2011,38.09
,,2011 - 2012,66.88
,,2012 - 2013,35.67
,,2013 - 2014,49.37
,,2014 - 2015,50.15
,,2015 - 2016,74.72
,,2016 - 2017,62.92
,,2017 - 2018,154.19
,,2018 - 2019,111.73
,,2019 - 2020,119.51
,,2020 - 2021,120.47
,,2021 - 2022,124.15
,,2022 - 2023,104.53
