state,district,year,bajra_kharif_yield_tonne_per_hectare
Andhra Pradesh,Alluri sitharama raju,2022 - 2023,2.3
,Anakapalli,2022 - 2023,1.21
,Anantapur,2000 - 2001,0.58
,,2001 - 2002,0.33
,,2002 - 2003,0.3
,,2003 - 2004,0.17
,,2004 - 2005,0.39
,,2005 - 2006,1.9
,,2006 - 2007,0.3
,,2007 - 2008,3.0
,,2008 - 2009,1.36
,,2009 - 2010,1.84
,,2010 - 2011,0.73
,,2011 - 2012,1.27
,,2012 - 2013,0.5
,,2013 - 2014,0.92
,,2014 - 2015,0.59
,,2015 - 2016,1.03
,,2016 - 2017,0.51
,,2017 - 2018,1.34
,,2018 - 2019,1.16
,,2019 - 2020,1.53
,,2020 - 2021,1.41
,,2021 - 2022,0.75
,,2022 - 2023,0.81
,Annamayya,2022 - 2023,1.76
,Bapatla,2022 - 2023,2.31
,Chittoor,2000 - 2001,1.31
,,2001 - 2002,1.21
,,2002 - 2003,0.49
,,2003 - 2004,1.67
,,2004 - 2005,1.31
,,2005 - 2006,1.19
,,2006 - 2007,0.65
,,2007 - 2008,1.5
,,2008 - 2009,1.92
,,2009 - 2010,1.17
,,2010 - 2011,1.91
,,2011 - 2012,2.11
,,2012 - 2013,2.0
,,2013 - 2014,2.18
,,2014 - 2015,2.23
,,2015 - 2016,2.81
,,2016 - 2017,2.76
,,2017 - 2018,2.29
,,2018 - 2019,2.16
,,2019 - 2020,3.7
,,2020 - 2021,2.76
,,2021 - 2022,2.45
,,2022 - 2023,2.61
,East godavari,2000 - 2001,0.66
,,2001 - 2002,0.92
,,2002 - 2003,0.88
,,2003 - 2004,0.85
,,2004 - 2005,0.76
,,2005 - 2006,0.69
,,2006 - 2007,0.47
,,2007 - 2008,1.0
,,2008 - 2009,0.66
,,2009 - 2010,0.77
,,2010 - 2011,0.52
,,2011 - 2012,0.83
,,2013 - 2014,1.18
,,2014 - 2015,1.29
,,2015 - 2016,0.95
,,2016 - 2017,1.1
,,2017 - 2018,1.11
,,2018 - 2019,1.03
,,2019 - 2020,1.2
,,2020 - 2021,0.83
,,2021 - 2022,0.71
,Guntur,2000 - 2001,1.35
,,2001 - 2002,0.99
,,2002 - 2003,0.85
,,2003 - 2004,1.36
,,2004 - 2005,0.27
,,2005 - 2006,0.58
,,2006 - 2007,
,,2009 - 2010,1.77
,,2010 - 2011,1.86
,,2011 - 2012,1.75
,,2012 - 2013,2.0
,,2013 - 2014,1.75
,,2014 - 2015,1.1
,,2015 - 2016,2.04
,,2016 - 2017,0.57
,,2017 - 2018,0.94
,,2018 - 2019,1.42
,,2019 - 2020,2.0
,,2020 - 2021,1.14
,,2021 - 2022,1.2
,Kadapa,2000 - 2001,1.42
,,2001 - 2002,1.8
,,2002 - 2003,0.98
,,2003 - 2004,0.88
,,2004 - 2005,1.49
,,2005 - 2006,1.07
,,2006 - 2007,1.47
,,2007 - 2008,2.5
,,2008 - 2009,2.71
,,2009 - 2010,2.6
,,2010 - 2011,2.5
,,2011 - 2012,2.59
,,2012 - 2013,1.5
,,2013 - 2014,1.93
,,2014 - 2015,2.57
,,2015 - 2016,1.6
,,2016 - 2017,1.17
,,2017 - 2018,2.09
,,2018 - 2019,1.43
,,2019 - 2020,2.53
,,2020 - 2021,2.51
,,2021 - 2022,1.81
,,2022 - 2023,2.39
,Krishna,2000 - 2001,1.0
,,2003 - 2004,1.4
,,2005 - 2006,
,,2009 - 2010,2.0
,Kurnool,2000 - 2001,0.81
,,2001 - 2002,0.79
,,2002 - 2003,0.66
,,2003 - 2004,1.2
,,2004 - 2005,0.93
,,2005 - 2006,1.22
,,2006 - 2007,0.91
,,2007 - 2008,1.1
,,2008 - 2009,1.09
,,2009 - 2010,0.72
,,2010 - 2011,1.49
,,2011 - 2012,0.47
,,2012 - 2013,1.25
,,2013 - 2014,1.14
,,2014 - 2015,1.4
,,2015 - 2016,1.36
,,2016 - 2017,1.72
,,2017 - 2018,1.94
,,2018 - 2019,0.73
,,2019 - 2020,2.28
,,2020 - 2021,1.37
,,2021 - 2022,1.8
,,2022 - 2023,1.7
,Nandyal,2022 - 2023,1.43
,Palnadu,2022 - 2023,2.31
,Parvathipuram manyam,2022 - 2023,2.28
,Prakasam,2000 - 2001,1.5
,,2001 - 2002,1.23
,,2002 - 2003,0.93
,,2003 - 2004,1.41
,,2004 - 2005,1.19
,,2005 - 2006,1.63
,,2006 - 2007,1.17
,,2007 - 2008,2.06
,,2008 - 2009,1.13
,,2009 - 2010,2.53
,,2010 - 2011,2.16
,,2011 - 2012,2.1
,,2012 - 2013,2.07
,,2013 - 2014,1.81
,,2014 - 2015,1.03
,,2015 - 2016,2.24
,,2016 - 2017,1.99
,,2017 - 2018,2.03
,,2018 - 2019,0.8
,,2019 - 2020,2.3
,,2020 - 2021,2.91
,,2021 - 2022,1.71
,,2022 - 2023,2.34
,Spsr nellore,2000 - 2001,1.84
,,2001 - 2002,1.48
,,2002 - 2003,1.26
,,2003 - 2004,1.63
,,2004 - 2005,2.41
,,2005 - 2006,1.36
,,2006 - 2007,2.13
,,2007 - 2008,2.0
,,2008 - 2009,2.24
,,2009 - 2010,2.44
,,2010 - 2011,2.38
,,2011 - 2012,2.38
,,2012 - 2013,3.0
,,2013 - 2014,3.63
,,2014 - 2015,2.67
,,2015 - 2016,3.64
,,2016 - 2017,3.74
,,2017 - 2018,2.66
,,2018 - 2019,1.66
,,2019 - 2020,2.73
,,2020 - 2021,2.92
,,2021 - 2022,2.8
,,2022 - 2023,2.6
,Sri sathya sai,2022 - 2023,1.3
,Srikakulam,2000 - 2001,1.73
,,2001 - 2002,1.01
,,2002 - 2003,1.3
,,2003 - 2004,2.36
,,2004 - 2005,1.87
,,2005 - 2006,1.07
,,2006 - 2007,0.52
,,2007 - 2008,1.0
,,2008 - 2009,1.54
,,2009 - 2010,1.6
,,2010 - 2011,2.3
,,2011 - 2012,1.4
,,2012 - 2013,1.0
,,2013 - 2014,1.73
,,2014 - 2015,2.66
,,2015 - 2016,2.52
,,2016 - 2017,3.36
,,2017 - 2018,3.34
,,2018 - 2019,1.67
,,2019 - 2020,1.53
,,2020 - 2021,2.25
,,2021 - 2022,1.98
,,2022 - 2023,2.32
,Tirupati,2022 - 2023,3.13
,Visakhapatanam,2000 - 2001,1.11
,,2001 - 2002,0.83
,,2002 - 2003,0.63
,,2003 - 2004,1.14
,,2004 - 2005,1.05
,,2005 - 2006,0.56
,,2006 - 2007,0.92
,,2007 - 2008,0.86
,,2008 - 2009,0.81
,,2009 - 2010,1.11
,,2010 - 2011,0.87
,,2011 - 2012,1.1
,,2012 - 2013,1.0
,,2013 - 2014,0.69
,,2014 - 2015,0.91
,,2015 - 2016,0.98
,,2016 - 2017,1.05
,,2017 - 2018,1.21
,,2018 - 2019,1.13
,,2019 - 2020,1.04
,,2020 - 2021,0.96
,,2021 - 2022,0.93
,,2022 - 2023,2.31
,Vizianagaram,2000 - 2001,1.13
,,2001 - 2002,1.09
,,2002 - 2003,0.89
,,2003 - 2004,1.3
,,2004 - 2005,0.77
,,2005 - 2006,0.7
,,2006 - 2007,1.17
,,2007 - 2008,1.0
,,2008 - 2009,1.02
,,2009 - 2010,1.05
,,2010 - 2011,0.57
,,2011 - 2012,0.77
,,2013 - 2014,0.88
,,2014 - 2015,0.72
,,2015 - 2016,1.82
,,2016 - 2017,1.22
,,2017 - 2018,1.45
,,2018 - 2019,1.12
,,2019 - 2020,1.21
,,2020 - 2021,0.97
,,2021 - 2022,1.76
,,2022 - 2023,2.32
,West godavari,2003 - 2004,1.36
,,2004 - 2005,1.09
,,2005 - 2006,1.2
Bihar,Araria,2000 - 2001,0.83
,Aurangabad,2005 - 2006,1.0
,Banka,2000 - 2001,1.0
,,2002 - 2003,1.0
,,2003 - 2004,1.06
,,2004 - 2005,1.11
,Begusarai,2016 - 2017,1.1
,Bhagalpur,2000 - 2001,0.83
,,2002 - 2003,1.0
,,2004 - 2005,1.0
,,2005 - 2006,1.1
,,2007 - 2008,1.0
,,2008 - 2009,1.0
,,2009 - 2010,1.0
,,2010 - 2011,1.2
,,2011 - 2012,1.17
,,2012 - 2013,1.13
,,2013 - 2014,1.13
,,2014 - 2015,1.11
,,2015 - 2016,1.11
,,2017 - 2018,1.1
,,2018 - 2019,1.09
,,2019 - 2020,1.14
,,2020 - 2021,1.14
,,2021 - 2022,1.15
,,2022 - 2023,1.14
,Bhojpur,2000 - 2001,0.87
,,2001 - 2002,0.72
,,2002 - 2003,0.99
,,2003 - 2004,0.99
,,2004 - 2005,0.98
,,2005 - 2006,0.99
,,2006 - 2007,0.99
,,2007 - 2008,1.11
,,2008 - 2009,1.21
,,2009 - 2010,1.11
,,2010 - 2011,1.12
,,2011 - 2012,1.13
,,2012 - 2013,1.14
,,2013 - 2014,1.14
,,2014 - 2015,1.13
,,2015 - 2016,1.13
,,2016 - 2017,1.14
,,2017 - 2018,1.13
,,2018 - 2019,1.13
,,2019 - 2020,1.13
,,2020 - 2021,1.13
,,2021 - 2022,1.14
,,2022 - 2023,1.14
,Buxar,2000 - 2001,0.87
,,2001 - 2002,0.72
,,2002 - 2003,1.08
,,2003 - 2004,1.11
,,2004 - 2005,1.1
,,2005 - 2006,1.1
,,2006 - 2007,1.1
,,2007 - 2008,1.11
,,2008 - 2009,1.23
,,2009 - 2010,1.11
,,2010 - 2011,1.12
,,2011 - 2012,1.12
,,2012 - 2013,1.14
,,2013 - 2014,1.14
,,2014 - 2015,1.13
,,2015 - 2016,1.13
,,2016 - 2017,1.14
,,2017 - 2018,1.13
,,2018 - 2019,1.13
,,2019 - 2020,1.13
,,2020 - 2021,1.13
,,2021 - 2022,1.14
,,2022 - 2023,1.14
,Darbhanga,2002 - 2003,1.04
,Gaya,2003 - 2004,1.04
,,2005 - 2006,1.0
,,2006 - 2007,1.06
,,2010 - 2011,0.0
,,2011 - 2012,1.0
,,2012 - 2013,1.17
,,2014 - 2015,1.14
,Gopalganj,2000 - 2001,0.48
,,2001 - 2002,0.8
,,2002 - 2003,0.8
,,2003 - 2004,1.04
,,2004 - 2005,1.08
,,2006 - 2007,1.07
,,2007 - 2008,1.1
,,2008 - 2009,1.2
,,2009 - 2010,1.11
,,2010 - 2011,1.14
,,2011 - 2012,1.09
,,2012 - 2013,1.15
,,2015 - 2016,1.0
,Jehanabad,2002 - 2003,1.0
,,2003 - 2004,1.0
,Kaimur (bhabua),2000 - 2001,0.88
,,2001 - 2002,0.72
,,2005 - 2006,1.06
,Katihar,2018 - 2019,1.13
,Khagaria,2006 - 2007,1.0
,Madhepura,2002 - 2003,1.0
,,2014 - 2015,1.17
,Madhubani,2000 - 2001,0.74
,,2001 - 2002,0.65
,Nawada,2005 - 2006,1.06
,,2007 - 2008,1.1
,,2008 - 2009,1.2
,,2009 - 2010,1.13
,,2013 - 2014,1.14
,Pashchim champaran,2000 - 2001,0.65
,,2001 - 2002,0.73
,,2002 - 2003,1.02
,,2003 - 2004,1.05
,,2004 - 2005,1.08
,,2005 - 2006,1.06
,,2006 - 2007,1.08
,,2007 - 2008,1.04
,,2008 - 2009,1.08
,,2009 - 2010,1.11
,,2011 - 2012,1.12
,,2012 - 2013,1.12
,,2013 - 2014,1.13
,,2014 - 2015,1.0
,Patna,2002 - 2003,1.03
,,2003 - 2004,1.06
,,2005 - 2006,1.03
,,2006 - 2007,1.03
,,2007 - 2008,1.11
,,2017 - 2018,1.14
,,2020 - 2021,1.13
,,2021 - 2022,1.14
,Purbi champaran,2002 - 2003,1.03
,,2011 - 2012,1.0
,Rohtas,2000 - 2001,0.86
,,2001 - 2002,0.71
,,2002 - 2003,1.63
,,2003 - 2004,1.03
,,2004 - 2005,1.08
,,2005 - 2006,1.04
,,2009 - 2010,1.14
,,2010 - 2011,1.14
,Saharsa,2007 - 2008,0.8
,Samastipur,2009 - 2010,1.0
,Saran,2000 - 2001,0.5
,,2001 - 2002,0.76
,,2002 - 2003,0.76
,,2003 - 2004,1.04
,,2004 - 2005,1.0
,,2005 - 2006,1.06
,,2006 - 2007,1.09
,,2007 - 2008,1.0
,,2008 - 2009,1.0
,,2009 - 2010,1.2
,Sheohar,2001 - 2002,0.75
,,2004 - 2005,1.13
,Sitamarhi,2007 - 2008,1.04
,,2008 - 2009,1.08
,,2010 - 2011,1.12
,Siwan,2000 - 2001,0.46
,,2001 - 2002,0.74
,,2002 - 2003,0.75
,,2003 - 2004,1.05
,,2004 - 2005,1.08
,,2005 - 2006,1.08
,,2006 - 2007,1.07
,,2007 - 2008,1.13
,,2008 - 2009,1.2
,,2009 - 2010,1.1
,,2010 - 2011,1.12
,,2011 - 2012,1.13
,,2012 - 2013,1.14
,,2013 - 2014,1.14
,,2014 - 2015,1.14
,,2015 - 2016,1.13
,,2016 - 2017,1.14
,,2017 - 2018,1.14
,,2018 - 2019,1.14
,,2019 - 2020,1.13
,,2020 - 2021,1.14
,,2021 - 2022,1.14
,,2022 - 2023,1.14
,Vaishali,2005 - 2006,1.0
,,2006 - 2007,1.0
,,2007 - 2008,1.0
,,2008 - 2009,1.0
Chhattisgarh,Baloda bazar,2014 - 2015,0.71
,,2021 - 2022,1.0
,,2022 - 2023,1.0
,Balrampur,2019 - 2020,0.5
,,2020 - 2021,0.5
,,2021 - 2022,0.06
,,2022 - 2023,0.36
,Bastar,2020 - 2021,1.0
,,2021 - 2022,1.0
,,2022 - 2023,1.0
,Bemetara,2019 - 2020,1.0
,,2020 - 2021,1.0
,,2021 - 2022,0.5
,Bijapur,2017 - 2018,0.0
,Bilaspur,2009 - 2010,0.0
,,2010 - 2011,0.43
,,2011 - 2012,0.43
,,2012 - 2013,0.5
,,2013 - 2014,
,,2014 - 2015,0.4
,,2015 - 2016,0.33
,,2016 - 2017,0.4
,,2017 - 2018,0.44
,,2018 - 2019,0.42
,Dantewada,2022 - 2023,1.4
,Durg,2000 - 2001,0.35
,,2001 - 2002,0.5
,,2017 - 2018,0.33
,,2019 - 2020,1.0
,,2021 - 2022,1.0
,,2022 - 2023,0.75
,Gariyaband,2011 - 2012,0.83
,,2012 - 2013,0.83
,,2020 - 2021,1.0
,,2021 - 2022,1.0
,,2022 - 2023,1.0
,Gaurella-pendra-marwahi,2019 - 2020,0.5
,,2020 - 2021,0.71
,,2021 - 2022,0.6
,,2022 - 2023,1.0
,Jashpur,2000 - 2001,0.36
,,2001 - 2002,0.39
,,2002 - 2003,0.43
,,2003 - 2004,0.36
,,2004 - 2005,0.33
,,2005 - 2006,0.35
,,2006 - 2007,0.32
,,2007 - 2008,0.43
,,2008 - 2009,0.4
,,2009 - 2010,0.38
,,2010 - 2011,0.33
,,2011 - 2012,0.42
,,2012 - 2013,0.4
,,2013 - 2014,
,,2014 - 2015,0.41
,,2015 - 2016,0.32
,,2016 - 2017,0.41
,,2017 - 2018,0.43
,,2018 - 2019,0.38
,,2019 - 2020,0.5
,,2020 - 2021,0.36
,,2021 - 2022,0.43
,,2022 - 2023,0.33
,Kabirdham,2000 - 2001,0.78
,,2001 - 2002,0.8
,,2002 - 2003,0.8
,,2006 - 2007,1.0
,,2007 - 2008,0.33
,,2008 - 2009,0.33
,,2010 - 2011,0.83
,,2012 - 2013,1.0
,,2013 - 2014,
,,2014 - 2015,0.76
,,2016 - 2017,1.0
,,2020 - 2021,1.3
,Korba,2000 - 2001,0.43
,,2001 - 2002,0.43
,,2002 - 2003,0.29
,,2003 - 2004,0.57
,,2004 - 2005,0.29
,,2005 - 2006,0.29
,,2006 - 2007,0.29
,,2007 - 2008,0.29
,,2008 - 2009,0.4
,,2009 - 2010,0.33
,,2010 - 2011,0.5
,,2011 - 2012,1.0
,,2012 - 2013,0.5
,,2013 - 2014,
,,2014 - 2015,0.38
,,2015 - 2016,0.0
,,2016 - 2017,1.0
,,2018 - 2019,0.67
,,2019 - 2020,0.58
,,2020 - 2021,0.4
,,2021 - 2022,1.0
,,2022 - 2023,1.0
,Korea,2019 - 2020,0.38
,Mahasamund,2002 - 2003,0.5
,,2016 - 2017,0.95
,,2017 - 2018,0.0
,,2022 - 2023,1.0
,Manendragarh chirimiri bharatpur,2022 - 2023,0.5
,Mungeli,2019 - 2020,1.0
,Raigarh,2000 - 2001,0.25
,,2001 - 2002,0.4
,,2002 - 2003,0.29
,,2003 - 2004,0.3
,,2004 - 2005,0.32
,,2005 - 2006,0.34
,,2006 - 2007,0.35
,,2007 - 2008,0.39
,,2008 - 2009,0.38
,,2009 - 2010,0.33
,,2010 - 2011,0.52
,,2011 - 2012,0.41
,,2012 - 2013,0.41
,,2013 - 2014,
,,2014 - 2015,0.45
,,2015 - 2016,0.42
,,2016 - 2017,0.5
,,2017 - 2018,0.43
,,2018 - 2019,0.33
,,2019 - 2020,0.5
,Raipur,2004 - 2005,0.5
,,2005 - 2006,0.5
,,2006 - 2007,1.0
,,2007 - 2008,0.82
,,2009 - 2010,0.0
,,2010 - 2011,0.67
,,2022 - 2023,1.0
,Rajnandgaon,2000 - 2001,0.67
,,2001 - 2002,1.0
,,2002 - 2003,0.75
,,2003 - 2004,1.0
,,2004 - 2005,0.67
,,2005 - 2006,1.0
,,2006 - 2007,1.0
,,2018 - 2019,1.25
,,2019 - 2020,1.0
,,2020 - 2021,1.0
,Surajpur,2020 - 2021,0.5
,,2021 - 2022,0.5
,Surguja,2001 - 2002,0.5
,,2005 - 2006,1.0
,,2007 - 2008,0.0
,,2018 - 2019,0.5
,,2021 - 2022,0.51
,,2022 - 2023,0.51
Daman and Diu,Diu,2013 - 2014,1.33
,,2014 - 2015,1.67
,,2015 - 2016,1.35
,,2016 - 2017,1.33
,,2017 - 2018,1.33
,,2018 - 2019,1.31
,,2019 - 2020,1.31
Delhi,Delhi_total,2008 - 2009,1.9
,,2009 - 2010,1.88
,,2010 - 2011,1.88
,,2011 - 2012,1.87
,,2012 - 2013,2.51
,,2013 - 2014,2.51
,,2014 - 2015,2.51
,,2015 - 2016,2.2
,,2016 - 2017,2.2
,,2017 - 2018,2.17
,,2018 - 2019,2.2
,,2019 - 2020,3.3
Gujarat,Ahmadabad,2000 - 2001,0.78
,,2001 - 2002,1.13
,,2002 - 2003,1.02
,,2003 - 2004,1.06
,,2004 - 2005,1.19
,,2005 - 2006,0.78
,,2006 - 2007,0.69
,,2007 - 2008,0.9
,,2008 - 2009,1.38
,,2009 - 2010,1.17
,,2010 - 2011,1.41
,,2011 - 2012,1.4
,,2012 - 2013,1.29
,,2013 - 2014,1.34
,,2014 - 2015,1.18
,,2015 - 2016,1.17
,,2016 - 2017,2.04
,,2017 - 2018,2.02
,,2018 - 2019,1.32
,,2019 - 2020,2.49
,,2020 - 2021,1.53
,,2021 - 2022,1.64
,,2022 - 2023,1.78
,Amreli,2000 - 2001,0.72
,,2001 - 2002,1.9
,,2002 - 2003,1.85
,,2003 - 2004,1.99
,,2004 - 2005,1.23
,,2005 - 2006,1.74
,,2006 - 2007,1.58
,,2007 - 2008,1.63
,,2008 - 2009,1.73
,,2009 - 2010,0.75
,,2010 - 2011,1.74
,,2011 - 2012,1.18
,,2012 - 2013,0.33
,,2013 - 2014,1.9
,,2014 - 2015,1.93
,,2015 - 2016,2.32
,,2016 - 2017,2.1
,,2017 - 2018,1.77
,,2018 - 2019,1.24
,,2019 - 2020,2.24
,,2020 - 2021,1.28
,,2021 - 2022,1.52
,,2022 - 2023,2.19
,Anand,2003 - 2004,1.08
,,2004 - 2005,1.11
,,2005 - 2006,0.99
,,2006 - 2007,1.01
,,2007 - 2008,1.42
,,2008 - 2009,1.46
,,2009 - 2010,1.53
,,2010 - 2011,1.29
,,2011 - 2012,1.36
,,2012 - 2013,1.54
,,2013 - 2014,1.16
,,2014 - 2015,1.25
,,2015 - 2016,2.16
,,2016 - 2017,1.61
,,2017 - 2018,1.68
,,2018 - 2019,1.58
,,2019 - 2020,1.63
,,2020 - 2021,1.6
,,2021 - 2022,1.78
,,2022 - 2023,1.95
,Aravalli,2014 - 2015,1.4
,,2015 - 2016,1.05
,,2016 - 2017,1.12
,,2017 - 2018,1.0
,,2018 - 2019,1.56
,,2019 - 2020,1.56
,,2020 - 2021,1.86
,,2021 - 2022,2.05
,,2022 - 2023,2.0
,Banas kantha,2000 - 2001,0.27
,,2001 - 2002,0.68
,,2002 - 2003,0.16
,,2003 - 2004,1.22
,,2004 - 2005,0.63
,,2005 - 2006,0.68
,,2006 - 2007,0.2
,,2007 - 2008,0.92
,,2008 - 2009,0.24
,,2009 - 2010,0.25
,,2010 - 2011,0.8
,,2011 - 2012,0.82
,,2012 - 2013,0.89
,,2013 - 2014,1.17
,,2014 - 2015,1.43
,,2015 - 2016,0.74
,,2016 - 2017,1.21
,,2017 - 2018,1.19
,,2018 - 2019,0.9
,,2019 - 2020,1.72
,,2020 - 2021,1.76
,,2021 - 2022,1.71
,,2022 - 2023,1.75
,Bharuch,2000 - 2001,0.64
,,2001 - 2002,1.22
,,2002 - 2003,0.86
,,2003 - 2004,1.35
,,2004 - 2005,1.03
,,2005 - 2006,1.09
,,2006 - 2007,0.73
,,2007 - 2008,
,,2008 - 2009,1.0
,,2009 - 2010,1.0
,,2010 - 2011,1.25
,,2011 - 2012,1.13
,,2012 - 2013,1.0
,,2013 - 2014,1.39
,,2014 - 2015,1.63
,,2015 - 2016,
,,2016 - 2017,
,,2017 - 2018,1.65
,,2018 - 2019,
,,2019 - 2020,1.75
,,2020 - 2021,1.53
,,2021 - 2022,1.64
,,2022 - 2023,1.76
,Bhavnagar,2000 - 2001,0.62
,,2001 - 2002,1.76
,,2002 - 2003,2.03
,,2003 - 2004,2.03
,,2004 - 2005,1.65
,,2005 - 2006,2.31
,,2006 - 2007,2.28
,,2007 - 2008,2.47
,,2008 - 2009,2.26
,,2009 - 2010,1.69
,,2010 - 2011,2.51
,,2011 - 2012,2.19
,,2012 - 2013,1.52
,,2013 - 2014,2.51
,,2014 - 2015,2.36
,,2015 - 2016,2.32
,,2016 - 2017,2.37
,,2017 - 2018,2.7
,,2018 - 2019,2.65
,,2019 - 2020,2.62
,,2020 - 2021,1.93
,,2021 - 2022,1.99
,,2022 - 2023,2.55
,Botad,2014 - 2015,1.39
,,2015 - 2016,1.2
,,2016 - 2017,1.56
,,2017 - 2018,1.23
,,2018 - 2019,0.67
,,2019 - 2020,0.48
,,2020 - 2021,0.5
,,2021 - 2022,1.64
,,2022 - 2023,1.77
,Chhotaudepur,2014 - 2015,
,,2016 - 2017,
,,2017 - 2018,
,,2019 - 2020,
,,2020 - 2021,
,,2021 - 2022,1.64
,,2022 - 2023,
,Devbhumi dwarka,2014 - 2015,1.63
,,2015 - 2016,1.67
,,2016 - 2017,1.53
,,2017 - 2018,1.65
,,2018 - 2019,1.4
,,2019 - 2020,
,,2020 - 2021,1.53
,,2021 - 2022,1.63
,,2022 - 2023,
,Dohad,2003 - 2004,1.5
,,2004 - 2005,
,,2005 - 2006,
,,2015 - 2016,
,,2016 - 2017,
,,2017 - 2018,
,,2018 - 2019,
,,2019 - 2020,
,,2020 - 2021,
,,2022 - 2023,
,Gandhinagar,2000 - 2001,0.54
,,2001 - 2002,1.64
,,2002 - 2003,1.69
,,2003 - 2004,1.42
,,2004 - 2005,1.43
,,2005 - 2006,1.1
,,2006 - 2007,0.9
,,2007 - 2008,1.27
,,2008 - 2009,1.45
,,2009 - 2010,0.97
,,2010 - 2011,1.39
,,2011 - 2012,1.32
,,2012 - 2013,1.09
,,2013 - 2014,1.37
,,2014 - 2015,1.46
,,2015 - 2016,1.5
,,2016 - 2017,1.41
,,2017 - 2018,1.94
,,2018 - 2019,1.82
,,2019 - 2020,1.57
,,2020 - 2021,1.52
,,2021 - 2022,1.42
,,2022 - 2023,1.58
,Gir somnath,2014 - 2015,2.53
,,2015 - 2016,2.61
,,2016 - 2017,1.37
,,2017 - 2018,1.65
,,2018 - 2019,1.6
,,2019 - 2020,1.9
,,2020 - 2021,1.53
,,2021 - 2022,3.42
,,2022 - 2023,2.48
,Jamnagar,2000 - 2001,0.74
,,2001 - 2002,1.16
,,2002 - 2003,0.27
,,2003 - 2004,1.71
,,2004 - 2005,1.21
,,2005 - 2006,1.04
,,2006 - 2007,1.31
,,2007 - 2008,1.52
,,2008 - 2009,1.41
,,2009 - 2010,1.39
,,2010 - 2011,0.44
,,2011 - 2012,1.0
,,2012 - 2013,2.0
,,2013 - 2014,1.23
,,2014 - 2015,
,,2015 - 2016,
,,2016 - 2017,1.53
,,2017 - 2018,1.65
,,2018 - 2019,1.4
,,2019 - 2020,1.75
,,2020 - 2021,1.56
,,2021 - 2022,1.67
,,2022 - 2023,
,Junagadh,2000 - 2001,1.69
,,2001 - 2002,2.33
,,2002 - 2003,2.05
,,2003 - 2004,2.26
,,2004 - 2005,1.92
,,2005 - 2006,1.94
,,2006 - 2007,1.41
,,2007 - 2008,1.34
,,2008 - 2009,2.38
,,2009 - 2010,1.69
,,2010 - 2011,1.19
,,2011 - 2012,2.13
,,2012 - 2013,1.02
,,2013 - 2014,2.38
,,2014 - 2015,1.62
,,2015 - 2016,1.67
,,2016 - 2017,1.53
,,2017 - 2018,1.65
,,2018 - 2019,1.39
,,2019 - 2020,1.74
,,2020 - 2021,1.5
,,2021 - 2022,
,,2022 - 2023,1.8
,Kachchh,2000 - 2001,0.44
,,2001 - 2002,0.81
,,2002 - 2003,0.39
,,2003 - 2004,1.3
,,2004 - 2005,0.81
,,2005 - 2006,1.05
,,2006 - 2007,1.01
,,2007 - 2008,1.24
,,2008 - 2009,0.82
,,2009 - 2010,0.87
,,2010 - 2011,1.03
,,2011 - 2012,0.9
,,2012 - 2013,0.75
,,2013 - 2014,1.47
,,2014 - 2015,1.04
,,2015 - 2016,1.12
,,2016 - 2017,0.96
,,2017 - 2018,1.4
,,2018 - 2019,0.52
,,2019 - 2020,1.19
,,2020 - 2021,0.47
,,2021 - 2022,0.92
,,2022 - 2023,1.25
,Kheda,2000 - 2001,1.25
,,2001 - 2002,1.54
,,2002 - 2003,1.32
,,2003 - 2004,1.17
,,2004 - 2005,0.96
,,2005 - 2006,1.16
,,2006 - 2007,0.59
,,2007 - 2008,1.08
,,2008 - 2009,1.03
,,2009 - 2010,0.93
,,2010 - 2011,1.39
,,2011 - 2012,1.29
,,2012 - 2013,1.4
,,2013 - 2014,1.07
,,2014 - 2015,1.34
,,2015 - 2016,1.48
,,2016 - 2017,1.41
,,2017 - 2018,1.37
,,2018 - 2019,1.52
,,2019 - 2020,1.51
,,2020 - 2021,1.66
,,2021 - 2022,1.55
,,2022 - 2023,1.86
,Mahesana,2000 - 2001,0.63
,,2001 - 2002,1.29
,,2002 - 2003,0.87
,,2003 - 2004,1.03
,,2004 - 2005,1.19
,,2005 - 2006,0.82
,,2006 - 2007,0.38
,,2007 - 2008,1.19
,,2008 - 2009,1.27
,,2009 - 2010,1.17
,,2010 - 2011,0.99
,,2011 - 2012,0.91
,,2012 - 2013,1.15
,,2013 - 2014,1.14
,,2014 - 2015,1.11
,,2015 - 2016,1.3
,,2016 - 2017,1.3
,,2017 - 2018,1.55
,,2018 - 2019,1.48
,,2019 - 2020,1.71
,,2020 - 2021,1.17
,,2021 - 2022,1.79
,,2022 - 2023,1.73
,Mahisagar,2014 - 2015,1.32
,,2015 - 2016,1.4
,,2016 - 2017,1.46
,,2017 - 2018,1.0
,,2018 - 2019,2.13
,,2019 - 2020,1.29
,,2020 - 2021,1.48
,,2021 - 2022,1.96
,,2022 - 2023,2.14
,Morbi,2014 - 2015,2.49
,,2015 - 2016,2.35
,,2016 - 2017,2.51
,,2017 - 2018,3.35
,,2018 - 2019,2.56
,,2019 - 2020,2.79
,,2020 - 2021,1.93
,,2021 - 2022,1.3
,,2022 - 2023,1.13
,Narmada,2003 - 2004,1.43
,,2004 - 2005,1.0
,,2005 - 2006,1.0
,,2006 - 2007,1.0
,,2007 - 2008,1.5
,,2008 - 2009,1.0
,,2009 - 2010,1.0
,,2010 - 2011,
,,2011 - 2012,
,,2012 - 2013,
,,2013 - 2014,1.4
,,2014 - 2015,
,,2015 - 2016,1.67
,,2016 - 2017,1.57
,,2017 - 2018,1.65
,,2018 - 2019,1.4
,,2019 - 2020,1.74
,,2020 - 2021,1.52
,,2021 - 2022,1.63
,,2022 - 2023,1.8
,Navsari,2014 - 2015,
,Panch mahals,2000 - 2001,0.81
,,2001 - 2002,0.89
,,2002 - 2003,0.75
,,2003 - 2004,0.6
,,2004 - 2005,0.63
,,2005 - 2006,0.65
,,2006 - 2007,0.11
,,2007 - 2008,0.73
,,2008 - 2009,0.78
,,2009 - 2010,0.67
,,2010 - 2011,0.75
,,2011 - 2012,0.67
,,2012 - 2013,0.87
,,2013 - 2014,0.99
,,2014 - 2015,1.63
,,2015 - 2016,1.67
,,2016 - 2017,1.53
,,2017 - 2018,1.65
,,2018 - 2019,1.4
,,2019 - 2020,1.74
,,2020 - 2021,1.53
,,2021 - 2022,1.64
,,2022 - 2023,1.77
,Patan,2003 - 2004,0.94
,,2004 - 2005,0.74
,,2005 - 2006,0.62
,,2006 - 2007,0.24
,,2007 - 2008,0.52
,,2008 - 2009,0.73
,,2009 - 2010,0.42
,,2010 - 2011,0.5
,,2011 - 2012,0.73
,,2012 - 2013,0.54
,,2013 - 2014,1.21
,,2014 - 2015,0.74
,,2015 - 2016,1.02
,,2016 - 2017,1.15
,,2017 - 2018,0.17
,,2018 - 2019,1.39
,,2019 - 2020,0.88
,,2020 - 2021,0.52
,,2021 - 2022,1.16
,,2022 - 2023,2.14
,Porbandar,2003 - 2004,2.32
,,2004 - 2005,1.75
,,2005 - 2006,1.7
,,2006 - 2007,1.17
,,2007 - 2008,2.2
,,2008 - 2009,2.0
,,2009 - 2010,1.33
,,2010 - 2011,2.0
,,2011 - 2012,1.0
,,2012 - 2013,1.0
,,2013 - 2014,1.39
,,2014 - 2015,1.64
,,2015 - 2016,1.67
,,2016 - 2017,1.54
,,2017 - 2018,
,,2018 - 2019,
,,2019 - 2020,
,,2020 - 2021,
,,2021 - 2022,
,,2022 - 2023,
,Rajkot,2000 - 2001,0.57
,,2001 - 2002,1.56
,,2002 - 2003,0.65
,,2003 - 2004,1.8
,,2004 - 2005,1.19
,,2005 - 2006,1.7
,,2006 - 2007,0.68
,,2007 - 2008,1.51
,,2008 - 2009,0.98
,,2009 - 2010,1.1
,,2010 - 2011,1.28
,,2011 - 2012,1.28
,,2012 - 2013,0.07
,,2013 - 2014,1.28
,,2014 - 2015,2.38
,,2015 - 2016,2.32
,,2016 - 2017,1.6
,,2017 - 2018,1.65
,,2018 - 2019,1.4
,,2019 - 2020,1.74
,,2020 - 2021,1.53
,,2021 - 2022,1.64
,,2022 - 2023,1.79
,Sabar kantha,2000 - 2001,0.63
,,2001 - 2002,0.73
,,2002 - 2003,1.08
,,2003 - 2004,0.81
,,2004 - 2005,0.86
,,2005 - 2006,0.97
,,2006 - 2007,0.25
,,2007 - 2008,0.62
,,2008 - 2009,0.84
,,2009 - 2010,0.47
,,2010 - 2011,0.85
,,2011 - 2012,1.21
,,2012 - 2013,0.75
,,2013 - 2014,0.64
,,2014 - 2015,0.83
,,2015 - 2016,1.27
,,2016 - 2017,1.14
,,2017 - 2018,1.48
,,2018 - 2019,1.39
,,2019 - 2020,1.25
,,2020 - 2021,1.53
,,2021 - 2022,1.64
,,2022 - 2023,2.61
,Surat,2000 - 2001,0.67
,,2001 - 2002,1.5
,,2002 - 2003,1.0
,,2003 - 2004,1.33
,,2004 - 2005,1.0
,,2005 - 2006,1.0
,,2006 - 2007,0.75
,,2007 - 2008,1.0
,,2008 - 2009,1.0
,,2009 - 2010,0.75
,,2010 - 2011,1.0
,,2013 - 2014,1.4
,,2014 - 2015,1.64
,,2015 - 2016,1.7
,,2016 - 2017,
,,2017 - 2018,
,,2018 - 2019,1.5
,,2019 - 2020,1.7
,,2020 - 2021,
,,2021 - 2022,1.67
,,2022 - 2023,
,Surendranagar,2000 - 2001,0.84
,,2001 - 2002,1.6
,,2002 - 2003,0.64
,,2003 - 2004,1.62
,,2004 - 2005,1.31
,,2005 - 2006,1.14
,,2006 - 2007,1.42
,,2007 - 2008,1.6
,,2008 - 2009,1.08
,,2009 - 2010,0.92
,,2010 - 2011,1.28
,,2011 - 2012,2.03
,,2012 - 2013,0.71
,,2013 - 2014,1.78
,,2014 - 2015,2.02
,,2015 - 2016,1.89
,,2016 - 2017,1.07
,,2017 - 2018,2.03
,,2018 - 2019,1.16
,,2019 - 2020,1.65
,,2020 - 2021,1.45
,,2021 - 2022,1.29
,,2022 - 2023,1.43
,Tapi,2009 - 2010,
,,2010 - 2011,1.0
,,2012 - 2013,
,,2013 - 2014,
,,2014 - 2015,1.6
,,2015 - 2016,1.67
,,2019 - 2020,
,,2020 - 2021,
,,2021 - 2022,
,,2022 - 2023,
,Vadodara,2000 - 2001,0.88
,,2001 - 2002,1.06
,,2002 - 2003,1.16
,,2003 - 2004,1.3
,,2004 - 2005,0.96
,,2005 - 2006,1.03
,,2006 - 2007,0.53
,,2007 - 2008,1.37
,,2008 - 2009,1.61
,,2009 - 2010,1.29
,,2010 - 2011,1.67
,,2011 - 2012,1.67
,,2012 - 2013,1.44
,,2013 - 2014,1.31
,,2014 - 2015,1.65
,,2015 - 2016,1.47
,,2016 - 2017,2.44
,,2017 - 2018,2.02
,,2018 - 2019,1.65
,,2019 - 2020,1.93
,,2020 - 2021,1.68
,,2021 - 2022,1.85
,,2022 - 2023,
,Valsad,2003 - 2004,
Haryana,Ambala,2000 - 2001,0.0
,,2001 - 2002,0.0
,,2002 - 2003,0.0
,,2003 - 2004,0.0
,,2004 - 2005,0.0
,,2005 - 2006,0.0
,,2006 - 2007,0.0
,,2007 - 2008,0.0
,,2008 - 2009,0.0
,,2009 - 2010,0.0
,,2010 - 2011,0.0
,,2011 - 2012,0.0
,,2012 - 2013,0.0
,,2014 - 2015,2.0
,,2016 - 2017,2.0
,,2017 - 2018,1.5
,,2019 - 2020,2.0
,,2020 - 2021,2.37
,,2021 - 2022,2.32
,,2022 - 2023,3.0
,Bhiwani,2000 - 2001,0.78
,,2001 - 2002,1.36
,,2002 - 2003,0.65
,,2003 - 2004,1.32
,,2004 - 2005,1.04
,,2005 - 2006,0.69
,,2006 - 2007,1.34
,,2007 - 2008,1.49
,,2008 - 2009,1.39
,,2009 - 2010,1.05
,,2010 - 2011,1.63
,,2011 - 2012,1.74
,,2012 - 2013,1.39
,,2013 - 2014,1.6
,,2014 - 2015,1.36
,,2015 - 2016,1.31
,,2016 - 2017,1.7
,,2017 - 2018,1.24
,,2018 - 2019,1.45
,,2019 - 2020,1.64
,,2020 - 2021,1.86
,,2021 - 2022,1.76
,,2022 - 2023,2.27
,Charki dadri,2017 - 2018,0.75
,,2018 - 2019,1.84
,,2019 - 2020,1.98
,,2020 - 2021,2.24
,,2021 - 2022,2.01
,,2022 - 2023,2.3
,Faridabad,2000 - 2001,1.34
,,2001 - 2002,1.46
,,2002 - 2003,1.21
,,2003 - 2004,1.37
,,2004 - 2005,1.16
,,2005 - 2006,1.5
,,2006 - 2007,1.8
,,2007 - 2008,1.74
,,2008 - 2009,1.62
,,2009 - 2010,1.64
,,2010 - 2011,1.14
,,2011 - 2012,1.53
,,2012 - 2013,1.44
,,2013 - 2014,1.75
,,2014 - 2015,1.75
,,2015 - 2016,1.67
,,2016 - 2017,2.25
,,2017 - 2018,1.86
,,2018 - 2019,3.33
,,2019 - 2020,2.23
,,2020 - 2021,2.31
,,2021 - 2022,1.65
,,2022 - 2023,2.03
,Fatehabad,2000 - 2001,1.36
,,2001 - 2002,1.49
,,2002 - 2003,1.08
,,2003 - 2004,1.23
,,2004 - 2005,1.93
,,2005 - 2006,1.92
,,2006 - 2007,2.22
,,2007 - 2008,2.66
,,2008 - 2009,2.62
,,2009 - 2010,2.69
,,2010 - 2011,2.41
,,2011 - 2012,2.25
,,2012 - 2013,2.12
,,2013 - 2014,2.0
,,2014 - 2015,2.0
,,2015 - 2016,2.0
,,2016 - 2017,2.3
,,2017 - 2018,2.08
,,2018 - 2019,2.5
,,2019 - 2020,2.36
,,2020 - 2021,2.52
,,2021 - 2022,2.28
,,2022 - 2023,2.45
,Gurgaon,2000 - 2001,1.2
,,2001 - 2002,1.44
,,2002 - 2003,0.98
,,2003 - 2004,1.5
,,2004 - 2005,1.29
,,2005 - 2006,1.07
,,2006 - 2007,1.83
,,2007 - 2008,1.84
,,2008 - 2009,1.99
,,2009 - 2010,1.84
,,2010 - 2011,1.91
,,2011 - 2012,2.26
,,2012 - 2013,2.26
,,2013 - 2014,2.06
,,2014 - 2015,1.81
,,2015 - 2016,1.91
,,2016 - 2017,1.89
,,2017 - 2018,1.91
,,2018 - 2019,2.34
,,2019 - 2020,2.77
,,2020 - 2021,2.63
,,2021 - 2022,2.71
,,2022 - 2023,2.67
,Hisar,2000 - 2001,1.28
,,2001 - 2002,1.51
,,2002 - 2003,1.25
,,2003 - 2004,0.18
,,2004 - 2005,1.65
,,2005 - 2006,1.75
,,2006 - 2007,2.3
,,2007 - 2008,2.32
,,2008 - 2009,2.23
,,2009 - 2010,2.01
,,2010 - 2011,2.24
,,2011 - 2012,2.2
,,2012 - 2013,2.11
,,2013 - 2014,1.95
,,2014 - 2015,1.57
,,2015 - 2016,1.63
,,2016 - 2017,1.92
,,2017 - 2018,1.78
,,2018 - 2019,2.0
,,2019 - 2020,1.99
,,2020 - 2021,2.13
,,2021 - 2022,2.44
,,2022 - 2023,2.69
,Jhajjar,2000 - 2001,1.09
,,2001 - 2002,1.23
,,2002 - 2003,1.18
,,2003 - 2004,1.46
,,2004 - 2005,1.42
,,2005 - 2006,1.27
,,2006 - 2007,1.3
,,2007 - 2008,1.78
,,2008 - 2009,1.61
,,2009 - 2010,1.97
,,2010 - 2011,1.71
,,2011 - 2012,1.93
,,2012 - 2013,1.95
,,2013 - 2014,1.9
,,2014 - 2015,1.75
,,2015 - 2016,2.31
,,2016 - 2017,2.21
,,2017 - 2018,1.56
,,2018 - 2019,2.42
,,2019 - 2020,2.38
,,2020 - 2021,2.51
,,2021 - 2022,2.07
,,2022 - 2023,2.37
,Jind,2000 - 2001,1.59
,,2001 - 2002,1.37
,,2002 - 2003,1.05
,,2003 - 2004,1.82
,,2004 - 2005,1.46
,,2005 - 2006,1.88
,,2006 - 2007,2.02
,,2007 - 2008,2.33
,,2008 - 2009,1.92
,,2009 - 2010,1.76
,,2010 - 2011,2.06
,,2011 - 2012,2.05
,,2012 - 2013,2.07
,,2013 - 2014,2.27
,,2014 - 2015,2.0
,,2015 - 2016,1.83
,,2016 - 2017,1.79
,,2017 - 2018,1.72
,,2018 - 2019,1.82
,,2019 - 2020,2.08
,,2020 - 2021,2.36
,,2021 - 2022,2.37
,,2022 - 2023,2.58
,Kaithal,2000 - 2001,0.93
,,2001 - 2002,1.48
,,2002 - 2003,0.93
,,2003 - 2004,1.29
,,2004 - 2005,1.57
,,2005 - 2006,1.96
,,2006 - 2007,2.08
,,2007 - 2008,3.3
,,2008 - 2009,2.3
,,2009 - 2010,1.84
,,2010 - 2011,1.52
,,2011 - 2012,2.58
,,2012 - 2013,2.83
,,2013 - 2014,2.5
,,2014 - 2015,2.5
,,2015 - 2016,2.0
,,2016 - 2017,2.08
,,2017 - 2018,2.0
,,2018 - 2019,2.0
,,2019 - 2020,2.0
,,2020 - 2021,2.0
,,2021 - 2022,2.14
,,2022 - 2023,2.65
,Karnal,2000 - 2001,1.06
,,2001 - 2002,0.76
,,2002 - 2003,1.04
,,2003 - 2004,1.97
,,2004 - 2005,1.94
,,2005 - 2006,2.35
,,2006 - 2007,3.66
,,2007 - 2008,2.54
,,2008 - 2009,3.18
,,2009 - 2010,1.62
,,2010 - 2011,0.0
,,2011 - 2012,2.1
,,2012 - 2013,2.22
,,2013 - 2014,2.0
,,2014 - 2015,2.0
,,2015 - 2016,2.0
,,2016 - 2017,2.0
,,2017 - 2018,1.5
,,2018 - 2019,2.0
,,2019 - 2020,2.0
,,2020 - 2021,2.0
,,2021 - 2022,2.34
,,2022 - 2023,2.5
,Kurukshetra,2000 - 2001,0.0
,,2001 - 2002,0.0
,,2002 - 2003,0.0
,,2003 - 2004,0.0
,,2004 - 2005,0.0
,,2005 - 2006,0.0
,,2006 - 2007,0.0
,,2007 - 2008,0.0
,,2008 - 2009,0.0
,,2009 - 2010,0.0
,,2010 - 2011,0.0
,,2011 - 2012,0.0
,,2012 - 2013,0.0
,,2020 - 2021,2.0
,,2021 - 2022,0.0
,Mahendragarh,2000 - 2001,1.12
,,2001 - 2002,1.49
,,2002 - 2003,0.87
,,2003 - 2004,1.95
,,2004 - 2005,1.2
,,2005 - 2006,1.11
,,2006 - 2007,1.56
,,2007 - 2008,1.72
,,2008 - 2009,1.77
,,2009 - 2010,1.78
,,2010 - 2011,1.79
,,2011 - 2012,2.26
,,2012 - 2013,2.18
,,2013 - 2014,2.46
,,2014 - 2015,1.68
,,2015 - 2016,1.52
,,2016 - 2017,2.3
,,2017 - 2018,1.5
,,2018 - 2019,2.06
,,2019 - 2020,2.49
,,2020 - 2021,2.54
,,2021 - 2022,2.8
,,2022 - 2023,2.67
,Mewat,2005 - 2006,1.02
,,2006 - 2007,1.3
,,2007 - 2008,1.63
,,2008 - 2009,1.55
,,2009 - 2010,1.72
,,2010 - 2011,1.43
,,2011 - 2012,1.87
,,2012 - 2013,1.92
,,2013 - 2014,2.09
,,2014 - 2015,1.69
,,2015 - 2016,1.89
,,2016 - 2017,1.97
,,2017 - 2018,2.36
,,2018 - 2019,2.62
,,2019 - 2020,2.76
,,2020 - 2021,2.74
,,2021 - 2022,2.67
,,2022 - 2023,2.69
,Palwal,2008 - 2009,1.93
,,2009 - 2010,1.95
,,2010 - 2011,1.79
,,2011 - 2012,1.89
,,2012 - 2013,1.97
,,2013 - 2014,2.13
,,2014 - 2015,1.86
,,2015 - 2016,1.25
,,2016 - 2017,1.92
,,2017 - 2018,2.19
,,2018 - 2019,2.71
,,2019 - 2020,2.66
,,2020 - 2021,2.67
,,2021 - 2022,2.43
,,2022 - 2023,2.3
,Panchkula,2000 - 2001,0.0
,,2001 - 2002,0.0
,,2002 - 2003,1.28
,,2003 - 2004,4.01
,,2004 - 2005,6.32
,,2005 - 2006,1.41
,,2006 - 2007,3.9
,,2007 - 2008,3.71
,,2008 - 2009,2.95
,,2009 - 2010,2.75
,,2010 - 2011,1.5
,,2011 - 2012,1.78
,,2012 - 2013,2.03
,,2013 - 2014,2.0
,,2015 - 2016,2.0
,,2017 - 2018,1.78
,,2018 - 2019,3.0
,,2019 - 2020,2.5
,,2020 - 2021,2.66
,,2021 - 2022,2.57
,,2022 - 2023,3.45
,Panipat,2000 - 2001,0.0
,,2001 - 2002,0.0
,,2002 - 2003,1.81
,,2003 - 2004,3.48
,,2004 - 2005,4.26
,,2005 - 2006,3.24
,,2006 - 2007,2.87
,,2007 - 2008,2.94
,,2008 - 2009,3.8
,,2009 - 2010,0.0
,,2010 - 2011,4.2
,,2011 - 2012,0.0
,,2012 - 2013,0.0
,,2016 - 2017,2.0
,,2017 - 2018,2.0
,,2018 - 2019,1.75
,,2019 - 2020,1.33
,,2020 - 2021,2.61
,,2021 - 2022,2.2
,,2022 - 2023,2.52
,Rewari,2000 - 2001,1.08
,,2001 - 2002,1.55
,,2002 - 2003,0.68
,,2003 - 2004,1.67
,,2004 - 2005,1.55
,,2005 - 2006,0.87
,,2006 - 2007,1.42
,,2007 - 2008,1.58
,,2008 - 2009,1.93
,,2009 - 2010,1.66
,,2010 - 2011,1.89
,,2011 - 2012,2.34
,,2012 - 2013,1.98
,,2013 - 2014,2.33
,,2014 - 2015,2.29
,,2015 - 2016,2.13
,,2016 - 2017,2.19
,,2017 - 2018,1.95
,,2018 - 2019,2.09
,,2019 - 2020,2.16
,,2020 - 2021,2.47
,,2021 - 2022,2.04
,,2022 - 2023,2.58
,Rohtak,2000 - 2001,1.55
,,2001 - 2002,1.28
,,2002 - 2003,0.97
,,2003 - 2004,1.87
,,2004 - 2005,1.79
,,2005 - 2006,1.4
,,2006 - 2007,2.07
,,2007 - 2008,2.25
,,2008 - 2009,1.79
,,2009 - 2010,1.55
,,2010 - 2011,1.41
,,2011 - 2012,1.92
,,2012 - 2013,1.75
,,2013 - 2014,1.33
,,2014 - 2015,1.69
,,2015 - 2016,1.77
,,2016 - 2017,1.94
,,2017 - 2018,1.86
,,2018 - 2019,2.25
,,2019 - 2020,2.02
,,2020 - 2021,2.18
,,2021 - 2022,1.82
,,2022 - 2023,2.1
,Sirsa,2000 - 2001,1.02
,,2001 - 2002,1.47
,,2002 - 2003,0.85
,,2003 - 2004,1.83
,,2004 - 2005,1.38
,,2005 - 2006,1.64
,,2006 - 2007,1.86
,,2007 - 2008,2.1
,,2008 - 2009,2.05
,,2009 - 2010,2.03
,,2010 - 2011,3.45
,,2011 - 2012,2.31
,,2012 - 2013,1.8
,,2013 - 2014,1.5
,,2014 - 2015,2.0
,,2015 - 2016,1.0
,,2016 - 2017,2.35
,,2017 - 2018,1.69
,,2018 - 2019,2.75
,,2019 - 2020,2.81
,,2020 - 2021,2.36
,,2021 - 2022,2.84
,,2022 - 2023,2.43
,Sonipat,2000 - 2001,1.57
,,2001 - 2002,1.43
,,2002 - 2003,1.68
,,2003 - 2004,1.6
,,2004 - 2005,1.6
,,2005 - 2006,1.57
,,2006 - 2007,2.05
,,2007 - 2008,1.89
,,2008 - 2009,1.95
,,2009 - 2010,2.16
,,2010 - 2011,1.8
,,2011 - 2012,2.2
,,2012 - 2013,2.25
,,2013 - 2014,2.25
,,2014 - 2015,1.83
,,2015 - 2016,2.17
,,2016 - 2017,2.03
,,2017 - 2018,1.27
,,2018 - 2019,1.6
,,2019 - 2020,2.57
,,2020 - 2021,2.61
,,2021 - 2022,2.23
,,2022 - 2023,2.5
,Yamunanagar,2000 - 2001,0.67
,,2001 - 2002,0.92
,,2002 - 2003,1.02
,,2003 - 2004,2.73
,,2004 - 2005,2.04
,,2005 - 2006,1.02
,,2006 - 2007,2.05
,,2007 - 2008,2.5
,,2008 - 2009,2.16
,,2009 - 2010,1.61
,,2010 - 2011,2.14
,,2011 - 2012,3.34
,,2012 - 2013,3.28
,,2017 - 2018,1.0
,,2018 - 2019,2.0
,,2019 - 2020,2.0
,,2020 - 2021,2.71
,,2021 - 2022,2.3
,,2022 - 2023,2.53
Himachal Pradesh,Bilaspur,2001 - 2002,0.4
,,2006 - 2007,0.56
,,2012 - 2013,0.5
,,2018 - 2019,0.5
,,2019 - 2020,1.0
,Chamba,2000 - 2001,0.5
,,2001 - 2002,1.0
,,2012 - 2013,0.47
,Hamirpur,2000 - 2001,0.5
,,2001 - 2002,1.0
,,2002 - 2003,0.0
,,2004 - 2005,1.0
,,2008 - 2009,0.5
,,2009 - 2010,0.44
,,2010 - 2011,0.44
,,2011 - 2012,0.5
,,2012 - 2013,0.49
,,2013 - 2014,0.68
,,2014 - 2015,0.68
,,2015 - 2016,0.4
,,2016 - 2017,0.4
,,2017 - 2018,0.6
,,2018 - 2019,0.5
,,2019 - 2020,1.0
,Kangra,2000 - 2001,0.32
,,2001 - 2002,0.56
,,2002 - 2003,0.55
,,2003 - 2004,0.56
,,2004 - 2005,0.53
,,2005 - 2006,0.47
,,2006 - 2007,0.47
,,2008 - 2009,0.55
,,2009 - 2010,0.51
,,2010 - 2011,0.53
,,2011 - 2012,0.59
,,2012 - 2013,0.51
,,2013 - 2014,0.57
,,2014 - 2015,0.5
,,2015 - 2016,0.6
,,2016 - 2017,0.48
,,2017 - 2018,0.75
,,2018 - 2019,0.82
,,2019 - 2020,1.03
,,2020 - 2021,5.54
,,2021 - 2022,0.56
,,2022 - 2023,0.56
,Mandi,2000 - 2001,0.35
,,2001 - 2002,0.36
,,2004 - 2005,0.53
,,2005 - 2006,0.43
,,2006 - 2007,0.56
,,2008 - 2009,0.56
,,2009 - 2010,0.47
,,2010 - 2011,0.58
,,2011 - 2012,0.46
,,2012 - 2013,0.52
,,2013 - 2014,0.5
,,2014 - 2015,0.5
,,2015 - 2016,0.57
,,2016 - 2017,0.52
,,2017 - 2018,0.74
,,2018 - 2019,0.47
,,2019 - 2020,1.0
,,2020 - 2021,0.43
,,2021 - 2022,0.44
,,2022 - 2023,0.44
,Shimla,2000 - 2001,0.5
,,2001 - 2002,0.5
,,2002 - 2003,2.0
,,2003 - 2004,0.57
,,2004 - 2005,0.67
,,2005 - 2006,0.5
,,2006 - 2007,0.5
,,2008 - 2009,1.0
,,2009 - 2010,1.0
,,2010 - 2011,0.5
,,2011 - 2012,0.33
,,2012 - 2013,0.49
,,2013 - 2014,0.5
,,2014 - 2015,0.5
,,2015 - 2016,1.0
,,2016 - 2017,1.0
,,2017 - 2018,1.0
,,2018 - 2019,0.5
,,2019 - 2020,1.0
,,2020 - 2021,0.56
,,2021 - 2022,0.54
,,2022 - 2023,0.56
,Sirmaur,2000 - 2001,0.4
,,2001 - 2002,0.5
,,2002 - 2003,0.55
,,2003 - 2004,0.56
,,2004 - 2005,0.53
,,2005 - 2006,0.55
,,2006 - 2007,0.33
,,2008 - 2009,0.5
,,2009 - 2010,0.5
,,2010 - 2011,0.25
,,2011 - 2012,0.57
,,2012 - 2013,0.55
,,2013 - 2014,0.41
,,2014 - 2015,0.41
,,2015 - 2016,0.5
,,2016 - 2017,0.5
,,2017 - 2018,0.5
,,2018 - 2019,1.0
,,2019 - 2020,1.0
,,2020 - 2021,0.53
,Solan,2000 - 2001,1.0
,,2001 - 2002,0.46
,,2003 - 2004,0.55
,,2020 - 2021,5.45
,,2021 - 2022,0.55
,,2022 - 2023,0.55
,Una,2012 - 2013,0.5
Jammu and Kashmir,Bandipora,2014 - 2015,0.29
,Doda,2000 - 2001,0.48
,,2001 - 2002,0.51
,,2003 - 2004,0.52
,,2005 - 2006,0.52
,,2016 - 2017,0.6
,,2017 - 2018,0.6
,Jammu,2000 - 2001,0.46
,,2001 - 2002,0.6
,,2002 - 2003,0.6
,,2003 - 2004,0.6
,,2004 - 2005,0.6
,,2005 - 2006,0.6
,,2006 - 2007,0.6
,,2007 - 2008,0.6
,,2009 - 2010,0.6
,,2010 - 2011,0.6
,,2011 - 2012,0.6
,,2012 - 2013,0.6
,,2014 - 2015,0.6
,,2015 - 2016,
,,2016 - 2017,0.6
,,2017 - 2018,0.6
,,2018 - 2019,0.6
,,2019 - 2020,0.6
,,2020 - 2021,0.6
,,2022 - 2023,
,Kathua,2000 - 2001,0.47
,,2001 - 2002,0.55
,,2002 - 2003,0.55
,,2003 - 2004,0.55
,,2004 - 2005,0.55
,,2005 - 2006,0.55
,,2006 - 2007,0.55
,,2007 - 2008,0.55
,,2009 - 2010,0.55
,,2010 - 2011,0.55
,,2011 - 2012,0.55
,,2012 - 2013,0.55
,,2014 - 2015,0.55
,,2015 - 2016,0.55
,,2016 - 2017,0.55
,,2017 - 2018,0.55
,,2018 - 2019,0.55
,,2019 - 2020,0.55
,,2020 - 2021,0.55
,Kishtwar,2011 - 2012,0.35
,Kupwara,2012 - 2013,0.6
,Leh ladakh,2018 - 2019,
,Rajauri,2000 - 2001,0.67
,,2001 - 2002,0.67
,,2002 - 2003,0.67
,,2003 - 2004,0.67
,,2004 - 2005,0.67
,,2006 - 2007,0.67
,,2007 - 2008,0.67
,,2009 - 2010,0.67
,,2010 - 2011,0.67
,,2011 - 2012,0.67
,,2012 - 2013,0.67
,,2014 - 2015,0.67
,,2015 - 2016,0.67
,,2016 - 2017,0.67
,,2017 - 2018,0.67
,,2018 - 2019,0.67
,,2019 - 2020,0.67
,,2020 - 2021,0.67
,,2021 - 2022,
,,2022 - 2023,
,Reasi,2007 - 2008,0.6
,,2009 - 2010,0.6
,,2010 - 2011,0.61
,,2011 - 2012,0.61
,,2012 - 2013,0.61
,,2014 - 2015,0.61
,,2015 - 2016,0.61
,,2016 - 2017,0.61
,,2017 - 2018,0.61
,,2018 - 2019,0.61
,,2019 - 2020,0.61
,,2020 - 2021,0.61
,,2021 - 2022,
,Samba,2007 - 2008,0.6
,,2009 - 2010,0.6
,,2010 - 2011,0.6
,,2011 - 2012,0.6
,,2012 - 2013,0.6
,,2014 - 2015,0.59
,,2015 - 2016,0.59
,,2016 - 2017,0.59
,,2017 - 2018,0.59
,,2018 - 2019,0.59
,,2019 - 2020,0.59
,,2020 - 2021,0.59
,Udhampur,2000 - 2001,0.6
,,2001 - 2002,0.6
,,2002 - 2003,0.6
,,2003 - 2004,0.74
,,2004 - 2005,0.6
,,2005 - 2006,0.6
,,2006 - 2007,0.6
,,2007 - 2008,0.6
,,2009 - 2010,0.6
,,2010 - 2011,0.6
,,2011 - 2012,0.6
,,2012 - 2013,0.6
,,2014 - 2015,0.6
,,2015 - 2016,0.6
,,2016 - 2017,0.6
,,2017 - 2018,0.6
,,2018 - 2019,0.6
,,2019 - 2020,0.6
,,2020 - 2021,0.6
Jharkhand,Bokaro,2017 - 2018,0.33
,,2018 - 2019,0.32
,,2019 - 2020,0.91
,,2021 - 2022,0.88
,,2022 - 2023,1.0
,Deoghar,2021 - 2022,0.67
,,2022 - 2023,0.67
,Dhanbad,2017 - 2018,0.57
,Dumka,2017 - 2018,0.76
,,2018 - 2019,0.75
,,2019 - 2020,0.78
,,2020 - 2021,0.77
,East singhbum,2017 - 2018,0.54
,,2022 - 2023,0.5
,Giridih,2017 - 2018,1.0
,,2018 - 2019,0.86
,,2019 - 2020,0.77
,,2020 - 2021,0.81
,,2021 - 2022,0.82
,,2022 - 2023,0.86
,Godda,2019 - 2020,0.53
,,2020 - 2021,0.6
,,2021 - 2022,0.5
,,2022 - 2023,0.42
,Hazaribagh,2019 - 2020,0.54
,,2020 - 2021,0.47
,,2021 - 2022,0.48
,,2022 - 2023,0.47
,Jamtara,2019 - 2020,0.5
,Khunti,2019 - 2020,0.6
,,2021 - 2022,0.6
,Koderma,2018 - 2019,0.6
,Pakur,2022 - 2023,0.79
,Palamu,2019 - 2020,0.6
,,2020 - 2021,0.67
,,2021 - 2022,0.75
,,2022 - 2023,0.5
,Ramgarh,2019 - 2020,0.56
,,2020 - 2021,0.5
,,2021 - 2022,0.53
,,2022 - 2023,0.5
,Sahebganj,2017 - 2018,0.69
,,2018 - 2019,0.67
,,2019 - 2020,0.67
,,2020 - 2021,0.73
,,2021 - 2022,0.72
,,2022 - 2023,0.7
,Saraikela kharsawan,2017 - 2018,0.7
,,2018 - 2019,0.5
,,2019 - 2020,0.47
,,2020 - 2021,0.56
,,2021 - 2022,0.57
,Simdega,2017 - 2018,0.75
,,2018 - 2019,0.7
,,2019 - 2020,0.5
,West singhbhum,2017 - 2018,0.42
,,2018 - 2019,0.42
,,2019 - 2020,0.43
,,2020 - 2021,0.44
,,2022 - 2023,0.55
Karnataka,Bagalkot,2000 - 2001,1.0
,,2001 - 2002,0.76
,,2002 - 2003,0.3
,,2003 - 2004,0.53
,,2004 - 2005,0.65
,,2005 - 2006,1.23
,,2006 - 2007,0.34
,,2007 - 2008,1.15
,,2008 - 2009,1.1
,,2009 - 2010,0.4
,,2010 - 2011,1.46
,,2011 - 2012,1.28
,,2012 - 2013,0.95
,,2013 - 2014,0.91
,,2014 - 2015,1.1
,,2015 - 2016,0.55
,,2016 - 2017,1.12
,,2017 - 2018,1.56
,,2018 - 2019,1.53
,,2019 - 2020,1.66
,,2020 - 2021,1.91
,,2021 - 2022,1.43
,,2022 - 2023,1.52
,Bangalore rural,2005 - 2006,0.58
,,2006 - 2007,0.5
,,2007 - 2008,0.75
,,2008 - 2009,0.5
,,2009 - 2010,0.5
,,2010 - 2011,1.0
,,2011 - 2012,0.75
,,2012 - 2013,1.0
,,2015 - 2016,0.71
,,2016 - 2017,1.0
,,2017 - 2018,2.0
,,2018 - 2019,0.91
,,2019 - 2020,1.13
,,2020 - 2021,1.44
,,2021 - 2022,1.11
,,2022 - 2023,1.45
,Belgaum,2000 - 2001,0.43
,,2001 - 2002,0.28
,,2002 - 2003,0.13
,,2003 - 2004,0.18
,,2004 - 2005,0.5
,,2005 - 2006,0.39
,,2006 - 2007,0.32
,,2007 - 2008,0.48
,,2008 - 2009,0.41
,,2009 - 2010,0.26
,,2010 - 2011,0.61
,,2011 - 2012,0.53
,,2012 - 2013,0.35
,,2013 - 2014,0.66
,,2014 - 2015,0.66
,,2015 - 2016,0.36
,,2016 - 2017,0.6
,,2017 - 2018,1.21
,,2018 - 2019,1.1
,,2019 - 2020,1.09
,,2020 - 2021,1.34
,,2021 - 2022,1.15
,,2022 - 2023,1.23
,Bellary,2000 - 2001,0.82
,,2001 - 2002,0.76
,,2002 - 2003,0.48
,,2003 - 2004,0.67
,,2004 - 2005,0.71
,,2005 - 2006,0.8
,,2006 - 2007,0.47
,,2007 - 2008,0.85
,,2008 - 2009,0.61
,,2009 - 2010,0.61
,,2010 - 2011,0.84
,,2011 - 2012,0.66
,,2012 - 2013,0.81
,,2013 - 2014,1.01
,,2014 - 2015,1.07
,,2015 - 2016,0.92
,,2016 - 2017,1.26
,,2017 - 2018,1.84
,,2018 - 2019,1.14
,,2019 - 2020,1.5
,,2020 - 2021,1.8
,,2021 - 2022,1.58
,,2022 - 2023,1.71
,Bengaluru urban,2012 - 2013,1.0
,,2013 - 2014,1.14
,,2017 - 2018,1.67
,,2018 - 2019,0.89
,,2019 - 2020,1.06
,,2020 - 2021,1.43
,,2021 - 2022,1.0
,,2022 - 2023,1.45
,Bidar,2000 - 2001,0.76
,,2001 - 2002,0.58
,,2002 - 2003,0.75
,,2003 - 2004,0.98
,,2004 - 2005,0.87
,,2005 - 2006,0.63
,,2006 - 2007,0.83
,,2007 - 2008,1.05
,,2008 - 2009,0.98
,,2009 - 2010,0.55
,,2010 - 2011,0.76
,,2011 - 2012,0.91
,,2012 - 2013,1.13
,,2013 - 2014,1.14
,,2014 - 2015,1.01
,,2015 - 2016,0.7
,,2016 - 2017,0.67
,,2017 - 2018,1.45
,,2018 - 2019,0.76
,,2019 - 2020,0.98
,,2020 - 2021,0.95
,,2021 - 2022,0.86
,,2022 - 2023,0.8
,Bijapur,2000 - 2001,0.8
,,2001 - 2002,0.53
,,2002 - 2003,0.41
,,2003 - 2004,0.58
,,2004 - 2005,0.66
,,2005 - 2006,0.63
,,2006 - 2007,0.46
,,2007 - 2008,0.64
,,2008 - 2009,0.56
,,2009 - 2010,0.46
,,2010 - 2011,0.7
,,2011 - 2012,0.75
,,2012 - 2013,0.94
,,2013 - 2014,1.08
,,2014 - 2015,0.76
,,2015 - 2016,0.28
,,2016 - 2017,1.14
,,2017 - 2018,0.9
,,2018 - 2019,0.75
,,2019 - 2020,0.63
,,2020 - 2021,1.0
,,2021 - 2022,0.96
,,2022 - 2023,1.15
,Chamarajanagar,2000 - 2001,0.75
,,2001 - 2002,0.5
,,2002 - 2003,0.66
,,2003 - 2004,0.66
,,2004 - 2005,0.81
,,2005 - 2006,0.99
,,2006 - 2007,0.63
,,2007 - 2008,1.24
,,2008 - 2009,0.71
,,2009 - 2010,0.56
,,2010 - 2011,0.98
,,2011 - 2012,0.83
,,2012 - 2013,1.97
,,2013 - 2014,1.54
,,2014 - 2015,1.24
,,2015 - 2016,1.27
,,2016 - 2017,0.68
,,2017 - 2018,1.75
,,2018 - 2019,2.04
,,2019 - 2020,2.31
,,2020 - 2021,2.05
,,2021 - 2022,1.28
,,2022 - 2023,1.12
,Chikballapur,2010 - 2011,0.91
,,2011 - 2012,1.19
,,2013 - 2014,1.0
,,2015 - 2016,0.66
,,2016 - 2017,1.05
,,2017 - 2018,1.59
,,2018 - 2019,0.91
,,2019 - 2020,1.09
,,2020 - 2021,1.44
,,2021 - 2022,1.15
,,2022 - 2023,1.44
,Chikmagalur,2012 - 2013,1.0
,,2013 - 2014,1.0
,,2018 - 2019,0.91
,,2019 - 2020,1.09
,,2020 - 2021,1.45
,,2021 - 2022,1.14
,,2022 - 2023,1.42
,Chitradurga,2000 - 2001,0.76
,,2001 - 2002,0.47
,,2002 - 2003,0.63
,,2003 - 2004,0.39
,,2004 - 2005,0.56
,,2005 - 2006,0.85
,,2006 - 2007,0.51
,,2007 - 2008,0.96
,,2008 - 2009,0.38
,,2009 - 2010,0.54
,,2010 - 2011,0.55
,,2011 - 2012,0.56
,,2012 - 2013,0.53
,,2013 - 2014,0.54
,,2014 - 2015,0.62
,,2015 - 2016,0.65
,,2016 - 2017,0.28
,,2017 - 2018,1.04
,,2018 - 2019,0.41
,,2019 - 2020,0.62
,,2020 - 2021,0.89
,,2021 - 2022,0.66
,,2022 - 2023,0.53
,Dakshin kannad,2018 - 2019,1.0
,,2019 - 2020,1.13
,Davangere,2000 - 2001,0.58
,,2001 - 2002,0.43
,,2002 - 2003,0.35
,,2003 - 2004,0.6
,,2004 - 2005,0.55
,,2005 - 2006,0.61
,,2006 - 2007,0.74
,,2007 - 2008,1.0
,,2008 - 2009,0.63
,,2009 - 2010,0.67
,,2010 - 2011,1.5
,,2011 - 2012,0.65
,,2012 - 2013,0.73
,,2013 - 2014,1.01
,,2014 - 2015,0.99
,,2015 - 2016,0.84
,,2016 - 2017,0.66
,,2017 - 2018,1.49
,,2018 - 2019,0.59
,,2019 - 2020,0.75
,,2020 - 2021,1.1
,,2021 - 2022,1.03
,,2022 - 2023,0.99
,Dharwad,2000 - 2001,0.44
,,2012 - 2013,1.07
,,2013 - 2014,1.13
,,2014 - 2015,1.0
,,2018 - 2019,0.89
,,2019 - 2020,1.1
,,2020 - 2021,1.44
,,2021 - 2022,1.17
,,2022 - 2023,1.4
,Gadag,2000 - 2001,0.51
,,2001 - 2002,0.53
,,2002 - 2003,0.58
,,2003 - 2004,0.46
,,2004 - 2005,0.59
,,2005 - 2006,0.89
,,2006 - 2007,0.44
,,2007 - 2008,1.64
,,2008 - 2009,0.57
,,2009 - 2010,0.51
,,2010 - 2011,0.64
,,2011 - 2012,0.57
,,2012 - 2013,0.78
,,2013 - 2014,0.78
,,2014 - 2015,0.59
,,2015 - 2016,0.38
,,2016 - 2017,0.68
,,2017 - 2018,1.33
,,2018 - 2019,0.46
,,2019 - 2020,0.66
,,2020 - 2021,0.77
,,2021 - 2022,0.84
,,2022 - 2023,0.88
,Gulbarga,2000 - 2001,0.9
,,2001 - 2002,0.7
,,2002 - 2003,0.76
,,2003 - 2004,0.72
,,2004 - 2005,0.79
,,2005 - 2006,0.97
,,2006 - 2007,0.66
,,2007 - 2008,0.78
,,2008 - 2009,0.8
,,2009 - 2010,0.57
,,2010 - 2011,0.73
,,2011 - 2012,0.8
,,2012 - 2013,1.09
,,2013 - 2014,1.33
,,2014 - 2015,1.16
,,2015 - 2016,0.65
,,2016 - 2017,1.46
,,2017 - 2018,2.65
,,2018 - 2019,1.76
,,2019 - 2020,1.69
,,2020 - 2021,1.43
,,2021 - 2022,1.52
,,2022 - 2023,1.51
,Hassan,2012 - 2013,1.05
,,2013 - 2014,1.19
,,2018 - 2019,0.91
,,2019 - 2020,1.08
,,2020 - 2021,1.47
,,2021 - 2022,1.14
,,2022 - 2023,1.38
,Haveri,2000 - 2001,0.75
,,2001 - 2002,0.5
,,2002 - 2003,0.36
,,2003 - 2004,0.58
,,2004 - 2005,0.54
,,2005 - 2006,0.85
,,2006 - 2007,0.41
,,2007 - 2008,0.72
,,2008 - 2009,0.53
,,2009 - 2010,0.0
,,2011 - 2012,0.86
,,2012 - 2013,1.03
,,2016 - 2017,1.0
,,2018 - 2019,0.83
,,2019 - 2020,1.1
,,2020 - 2021,1.44
,,2021 - 2022,1.14
,,2022 - 2023,1.44
,Kodagu,2019 - 2020,1.0
,,2020 - 2021,1.5
,Kolar,2000 - 2001,0.43
,,2002 - 2003,0.37
,,2003 - 2004,0.29
,,2004 - 2005,0.38
,,2005 - 2006,0.58
,,2006 - 2007,0.45
,,2007 - 2008,0.69
,,2018 - 2019,0.91
,,2019 - 2020,1.09
,,2020 - 2021,1.44
,,2021 - 2022,1.16
,,2022 - 2023,1.47
,Koppal,2000 - 2001,0.6
,,2001 - 2002,0.41
,,2002 - 2003,0.12
,,2003 - 2004,0.64
,,2004 - 2005,0.46
,,2005 - 2006,1.07
,,2006 - 2007,0.24
,,2007 - 2008,0.85
,,2008 - 2009,0.55
,,2009 - 2010,0.33
,,2010 - 2011,1.23
,,2011 - 2012,1.15
,,2012 - 2013,1.36
,,2013 - 2014,1.67
,,2014 - 2015,1.73
,,2015 - 2016,0.71
,,2016 - 2017,0.67
,,2017 - 2018,1.82
,,2018 - 2019,0.67
,,2019 - 2020,0.85
,,2020 - 2021,1.26
,,2021 - 2022,1.03
,,2022 - 2023,1.09
,Mandya,2014 - 2015,1.06
,,2018 - 2019,0.92
,,2019 - 2020,1.1
,,2020 - 2021,1.4
,,2021 - 2022,1.0
,,2022 - 2023,1.0
,Mysore,2000 - 2001,0.71
,,2013 - 2014,1.25
,,2018 - 2019,0.89
,,2019 - 2020,1.07
,,2020 - 2021,1.45
,,2021 - 2022,1.1
,,2022 - 2023,1.38
,Raichur,2000 - 2001,0.58
,,2001 - 2002,0.31
,,2002 - 2003,0.29
,,2003 - 2004,0.43
,,2004 - 2005,0.44
,,2005 - 2006,1.02
,,2006 - 2007,0.31
,,2007 - 2008,0.7
,,2008 - 2009,0.68
,,2009 - 2010,0.43
,,2010 - 2011,0.89
,,2011 - 2012,0.89
,,2012 - 2013,0.98
,,2013 - 2014,1.12
,,2014 - 2015,0.73
,,2015 - 2016,0.76
,,2016 - 2017,1.44
,,2017 - 2018,1.33
,,2018 - 2019,0.92
,,2019 - 2020,1.14
,,2020 - 2021,1.6
,,2021 - 2022,1.09
,,2022 - 2023,2.12
,Ramanagara,2012 - 2013,1.0
,,2013 - 2014,1.18
,,2014 - 2015,1.0
,,2015 - 2016,0.67
,,2016 - 2017,1.0
,,2017 - 2018,1.5
,,2018 - 2019,0.86
,,2019 - 2020,1.0
,,2020 - 2021,1.44
,,2021 - 2022,1.0
,,2022 - 2023,1.5
,Shimoga,2001 - 2002,0.5
,,2002 - 2003,0.35
,,2013 - 2014,1.25
,,2014 - 2015,1.0
,,2017 - 2018,1.57
,,2018 - 2019,1.0
,,2019 - 2020,1.0
,,2020 - 2021,1.33
,,2021 - 2022,1.11
,,2022 - 2023,1.0
,Tumkur,2000 - 2001,0.44
,,2001 - 2002,0.4
,,2002 - 2003,0.36
,,2003 - 2004,0.28
,,2004 - 2005,0.37
,,2005 - 2006,0.85
,,2006 - 2007,0.45
,,2007 - 2008,0.7
,,2008 - 2009,0.49
,,2009 - 2010,0.31
,,2010 - 2011,0.55
,,2011 - 2012,0.71
,,2012 - 2013,1.04
,,2013 - 2014,1.18
,,2014 - 2015,1.06
,,2015 - 2016,0.66
,,2016 - 2017,1.05
,,2017 - 2018,1.58
,,2018 - 2019,0.91
,,2019 - 2020,0.5
,,2020 - 2021,1.44
,,2021 - 2022,0.75
,,2022 - 2023,1.45
,Udupi,2019 - 2020,1.0
,,2020 - 2021,1.0
,Uttar kannad,2018 - 2019,1.0
,,2019 - 2020,1.0
,,2020 - 2021,1.33
,,2021 - 2022,1.0
,Vijayanagar,2022 - 2023,1.52
,Yadgir,2010 - 2011,0.78
,,2011 - 2012,0.55
,,2012 - 2013,0.9
,,2013 - 2014,1.04
,,2014 - 2015,0.96
,,2015 - 2016,0.7
,,2016 - 2017,0.78
,,2017 - 2018,1.99
,,2018 - 2019,1.22
,,2019 - 2020,1.78
,,2020 - 2021,1.64
,,2021 - 2022,1.58
,,2022 - 2023,2.35
Kerala,Palakkad,2022 - 2023,1.5
Madhya Pradesh,Agar malwa,2013 - 2014,0.8
,,2014 - 2015,1.5
,,2018 - 2019,1.08
,,2019 - 2020,1.0
,,2022 - 2023,1.0
,Alirajpur,2008 - 2009,0.69
,,2009 - 2010,
,,2010 - 2011,0.72
,,2011 - 2012,0.71
,,2012 - 2013,1.27
,,2013 - 2014,1.35
,,2014 - 2015,0.82
,,2015 - 2016,1.14
,,2016 - 2017,1.06
,,2017 - 2018,2.29
,,2018 - 2019,1.27
,,2019 - 2020,1.02
,,2020 - 2021,0.42
,,2021 - 2022,0.73
,,2022 - 2023,1.15
,Anuppur,2003 - 2004,2.0
,,2018 - 2019,1.67
,,2019 - 2020,2.0
,,2022 - 2023,1.5
,Ashoknagar,2005 - 2006,1.56
,,2006 - 2007,1.5
,,2008 - 2009,1.0
,,2017 - 2018,0.86
,,2018 - 2019,2.17
,,2019 - 2020,1.83
,,2020 - 2021,1.33
,,2022 - 2023,1.6
,Balaghat,2000 - 2001,1.0
,,2001 - 2002,0.5
,,2002 - 2003,0.4
,,2003 - 2004,0.6
,,2004 - 2005,0.75
,,2005 - 2006,0.75
,,2006 - 2007,0.73
,,2007 - 2008,0.55
,,2008 - 2009,0.63
,,2018 - 2019,0.5
,Barwani,2000 - 2001,0.3
,,2001 - 2002,0.34
,,2002 - 2003,0.25
,,2003 - 2004,0.41
,,2004 - 2005,0.36
,,2005 - 2006,0.34
,,2006 - 2007,0.42
,,2007 - 2008,0.4
,,2008 - 2009,0.48
,,2009 - 2010,
,,2010 - 2011,0.6
,,2011 - 2012,0.92
,,2012 - 2013,1.74
,,2013 - 2014,1.19
,,2014 - 2015,1.33
,,2015 - 2016,1.71
,,2016 - 2017,1.22
,,2017 - 2018,1.67
,,2018 - 2019,1.23
,,2019 - 2020,1.03
,,2020 - 2021,0.8
,,2021 - 2022,0.9
,,2022 - 2023,1.14
,Betul,2000 - 2001,0.53
,,2001 - 2002,0.56
,,2002 - 2003,0.5
,,2003 - 2004,0.65
,,2004 - 2005,0.5
,,2012 - 2013,2.31
,,2013 - 2014,1.91
,,2018 - 2019,2.94
,,2019 - 2020,2.1
,,2020 - 2021,1.5
,,2022 - 2023,2.5
,Bhind,2000 - 2001,1.08
,,2001 - 2002,1.19
,,2002 - 2003,1.04
,,2003 - 2004,1.38
,,2004 - 2005,1.39
,,2005 - 2006,1.28
,,2006 - 2007,1.08
,,2007 - 2008,1.15
,,2008 - 2009,1.06
,,2009 - 2010,
,,2010 - 2011,1.42
,,2011 - 2012,1.55
,,2012 - 2013,1.65
,,2013 - 2014,2.85
,,2014 - 2015,2.24
,,2015 - 2016,2.83
,,2016 - 2017,3.67
,,2017 - 2018,2.75
,,2018 - 2019,2.76
,,2019 - 2020,3.22
,,2020 - 2021,3.1
,,2021 - 2022,3.18
,,2022 - 2023,2.74
,Bhopal,2018 - 2019,2.4
,,2019 - 2020,2.14
,,2022 - 2023,1.5
,Burhanpur,2003 - 2004,1.04
,,2004 - 2005,0.61
,,2005 - 2006,0.71
,,2006 - 2007,0.77
,,2007 - 2008,0.65
,,2008 - 2009,0.71
,,2009 - 2010,
,,2010 - 2011,1.08
,,2011 - 2012,1.03
,,2012 - 2013,1.19
,,2013 - 2014,1.07
,,2017 - 2018,1.0
,,2018 - 2019,1.42
,,2019 - 2020,0.82
,,2020 - 2021,1.39
,,2021 - 2022,0.8
,,2022 - 2023,1.2
,Chhatarpur,2000 - 2001,0.5
,,2001 - 2002,0.37
,,2002 - 2003,0.26
,,2003 - 2004,0.53
,,2004 - 2005,0.55
,,2005 - 2006,0.48
,,2006 - 2007,0.51
,,2007 - 2008,0.44
,,2008 - 2009,0.53
,,2009 - 2010,
,,2010 - 2011,0.54
,,2011 - 2012,0.42
,,2013 - 2014,0.62
,,2014 - 2015,1.5
,,2017 - 2018,3.0
,,2018 - 2019,0.57
,,2019 - 2020,0.57
,,2021 - 2022,0.5
,,2022 - 2023,0.67
,Chhindwara,2000 - 2001,0.73
,,2001 - 2002,0.67
,,2002 - 2003,0.4
,,2003 - 2004,0.77
,,2004 - 2005,0.88
,,2005 - 2006,0.69
,,2006 - 2007,0.87
,,2007 - 2008,0.92
,,2008 - 2009,0.89
,,2009 - 2010,
,,2010 - 2011,0.96
,,2011 - 2012,1.22
,,2013 - 2014,0.5
,,2014 - 2015,1.5
,,2018 - 2019,1.17
,,2019 - 2020,1.14
,,2020 - 2021,1.0
,,2022 - 2023,1.0
,Damoh,2000 - 2001,1.0
,,2001 - 2002,1.0
,,2002 - 2003,0.45
,,2003 - 2004,1.29
,,2004 - 2005,1.32
,,2005 - 2006,1.23
,,2006 - 2007,1.16
,,2007 - 2008,1.04
,,2008 - 2009,1.41
,,2009 - 2010,
,,2010 - 2011,2.0
,,2011 - 2012,1.92
,,2012 - 2013,1.5
,,2013 - 2014,1.0
,,2014 - 2015,2.5
,,2019 - 2020,2.0
,Datia,2000 - 2001,1.54
,,2001 - 2002,1.16
,,2002 - 2003,0.56
,,2003 - 2004,1.06
,,2004 - 2005,0.79
,,2005 - 2006,1.29
,,2006 - 2007,1.16
,,2007 - 2008,0.64
,,2008 - 2009,1.95
,,2009 - 2010,
,,2010 - 2011,1.17
,,2011 - 2012,1.3
,,2012 - 2013,1.72
,,2013 - 2014,1.1
,,2014 - 2015,1.67
,,2015 - 2016,2.0
,,2016 - 2017,1.4
,,2018 - 2019,1.67
,,2019 - 2020,1.34
,,2020 - 2021,1.84
,,2021 - 2022,0.96
,,2022 - 2023,1.14
,Dewas,2000 - 2001,0.79
,,2001 - 2002,0.8
,,2002 - 2003,0.65
,,2003 - 2004,0.94
,,2004 - 2005,1.0
,,2005 - 2006,0.66
,,2006 - 2007,1.0
,,2007 - 2008,0.73
,,2008 - 2009,1.3
,,2018 - 2019,1.5
,,2021 - 2022,1.0
,Dhar,2000 - 2001,0.3
,,2001 - 2002,0.41
,,2002 - 2003,0.37
,,2003 - 2004,0.52
,,2004 - 2005,0.48
,,2005 - 2006,0.44
,,2006 - 2007,0.47
,,2007 - 2008,0.44
,,2008 - 2009,0.5
,,2009 - 2010,
,,2010 - 2011,0.62
,,2011 - 2012,0.53
,,2012 - 2013,1.04
,,2013 - 2014,1.32
,,2014 - 2015,1.5
,,2015 - 2016,1.33
,,2016 - 2017,0.5
,,2017 - 2018,1.0
,,2018 - 2019,1.54
,,2019 - 2020,1.5
,,2020 - 2021,1.05
,,2021 - 2022,1.0
,,2022 - 2023,1.09
,Dindori,2008 - 2009,1.0
,,2019 - 2020,1.0
,Guna,2000 - 2001,1.55
,,2001 - 2002,1.12
,,2002 - 2003,0.44
,,2003 - 2004,1.4
,,2004 - 2005,1.37
,,2005 - 2006,1.56
,,2006 - 2007,1.6
,,2007 - 2008,0.83
,,2008 - 2009,1.27
,,2009 - 2010,
,,2010 - 2011,1.87
,,2011 - 2012,1.61
,,2012 - 2013,1.56
,,2013 - 2014,1.29
,,2018 - 2019,2.0
,,2019 - 2020,1.75
,,2020 - 2021,1.45
,,2021 - 2022,1.29
,,2022 - 2023,1.67
,Gwalior,2000 - 2001,2.16
,,2001 - 2002,2.21
,,2002 - 2003,0.53
,,2003 - 2004,2.0
,,2004 - 2005,1.96
,,2005 - 2006,2.35
,,2006 - 2007,2.23
,,2007 - 2008,1.19
,,2008 - 2009,2.18
,,2009 - 2010,
,,2010 - 2011,2.57
,,2011 - 2012,2.66
,,2012 - 2013,2.49
,,2013 - 2014,1.94
,,2014 - 2015,1.75
,,2015 - 2016,2.0
,,2016 - 2017,2.8
,,2017 - 2018,1.6
,,2018 - 2019,2.41
,,2019 - 2020,1.97
,,2020 - 2021,1.53
,,2021 - 2022,1.39
,,2022 - 2023,1.59
,Harda,2000 - 2001,0.67
,,2001 - 2002,0.86
,,2002 - 2003,0.78
,,2003 - 2004,0.97
,,2004 - 2005,1.0
,,2005 - 2006,1.0
,,2006 - 2007,1.11
,,2007 - 2008,0.5
,,2008 - 2009,1.5
,,2009 - 2010,
,,2010 - 2011,1.5
,,2014 - 2015,1.0
,,2018 - 2019,1.0
,,2019 - 2020,0.5
,,2020 - 2021,1.0
,,2021 - 2022,1.0
,,2022 - 2023,1.0
,Hoshangabad,2000 - 2001,0.86
,,2001 - 2002,1.0
,,2002 - 2003,0.82
,,2003 - 2004,1.05
,,2004 - 2005,1.0
,,2005 - 2006,1.14
,,2006 - 2007,1.13
,,2007 - 2008,1.0
,,2008 - 2009,1.1
,,2009 - 2010,
,,2010 - 2011,1.65
,,2011 - 2012,1.48
,,2012 - 2013,1.76
,,2013 - 2014,1.22
,,2014 - 2015,1.0
,,2018 - 2019,1.64
,,2019 - 2020,1.0
,,2021 - 2022,1.2
,Indore,2000 - 2001,0.77
,,2002 - 2003,1.0
,,2003 - 2004,2.0
,,2018 - 2019,2.89
,,2019 - 2020,2.71
,,2022 - 2023,2.67
,Jabalpur,2000 - 2001,0.78
,,2001 - 2002,1.21
,,2005 - 2006,1.2
,,2006 - 2007,1.33
,,2007 - 2008,0.88
,,2008 - 2009,1.48
,,2009 - 2010,
,,2013 - 2014,1.0
,,2018 - 2019,1.32
,,2019 - 2020,1.73
,,2020 - 2021,1.2
,Jhabua,2000 - 2001,0.24
,,2001 - 2002,0.43
,,2002 - 2003,0.33
,,2003 - 2004,0.6
,,2004 - 2005,0.56
,,2005 - 2006,0.62
,,2006 - 2007,0.58
,,2007 - 2008,0.6
,,2008 - 2009,0.83
,,2009 - 2010,
,,2010 - 2011,0.63
,,2011 - 2012,0.6
,,2012 - 2013,0.5
,,2013 - 2014,1.33
,,2015 - 2016,0.0
,,2017 - 2018,0.75
,,2018 - 2019,0.8
,,2019 - 2020,0.6
,,2020 - 2021,0.9
,,2021 - 2022,0.53
,,2022 - 2023,0.57
,Katni,2005 - 2006,0.5
,,2011 - 2012,0.0
,,2012 - 2013,3.0
,,2019 - 2020,0.5
,Khandwa,2000 - 2001,0.5
,,2001 - 2002,0.46
,,2002 - 2003,0.46
,,2003 - 2004,0.73
,,2004 - 2005,0.62
,,2005 - 2006,0.55
,,2006 - 2007,0.58
,,2007 - 2008,0.78
,,2008 - 2009,0.78
,,2009 - 2010,
,,2010 - 2011,0.84
,,2011 - 2012,0.59
,,2012 - 2013,1.11
,,2013 - 2014,0.75
,,2017 - 2018,0.8
,,2018 - 2019,1.12
,,2019 - 2020,0.53
,,2020 - 2021,0.83
,,2021 - 2022,0.4
,,2022 - 2023,0.56
,Khargone,2000 - 2001,0.28
,,2001 - 2002,0.3
,,2002 - 2003,0.27
,,2003 - 2004,0.4
,,2004 - 2005,0.35
,,2005 - 2006,0.36
,,2006 - 2007,0.52
,,2007 - 2008,0.49
,,2008 - 2009,0.44
,,2009 - 2010,
,,2010 - 2011,0.57
,,2011 - 2012,0.41
,,2012 - 2013,0.58
,,2013 - 2014,0.5
,,2014 - 2015,1.5
,,2015 - 2016,0.0
,,2017 - 2018,1.2
,,2018 - 2019,0.69
,,2019 - 2020,0.53
,,2020 - 2021,0.77
,,2021 - 2022,0.41
,,2022 - 2023,0.76
,Mandla,2018 - 2019,0.67
,Mandsaur,2000 - 2001,0.77
,,2001 - 2002,0.69
,,2002 - 2003,0.43
,,2003 - 2004,0.97
,,2004 - 2005,0.78
,,2005 - 2006,0.64
,,2006 - 2007,1.0
,,2007 - 2008,0.89
,,2008 - 2009,1.06
,,2009 - 2010,
,,2010 - 2011,1.18
,,2011 - 2012,1.0
,,2012 - 2013,1.66
,,2013 - 2014,1.12
,,2017 - 2018,0.65
,,2018 - 2019,1.63
,,2019 - 2020,1.01
,,2020 - 2021,0.95
,,2021 - 2022,0.94
,,2022 - 2023,1.11
,Morena,2000 - 2001,1.68
,,2001 - 2002,1.74
,,2002 - 2003,0.94
,,2003 - 2004,1.71
,,2004 - 2005,1.76
,,2005 - 2006,1.96
,,2006 - 2007,1.76
,,2007 - 2008,1.89
,,2008 - 2009,1.64
,,2009 - 2010,
,,2010 - 2011,2.47
,,2011 - 2012,2.42
,,2012 - 2013,2.36
,,2013 - 2014,2.14
,,2014 - 2015,2.25
,,2015 - 2016,2.89
,,2016 - 2017,2.94
,,2017 - 2018,2.97
,,2018 - 2019,1.71
,,2019 - 2020,2.2
,,2020 - 2021,2.49
,,2021 - 2022,2.78
,,2022 - 2023,3.19
,Narsinghpur,2000 - 2001,1.23
,,2001 - 2002,1.28
,,2002 - 2003,0.7
,,2003 - 2004,1.46
,,2004 - 2005,1.55
,,2005 - 2006,1.64
,,2006 - 2007,1.5
,,2007 - 2008,1.42
,,2008 - 2009,1.5
,,2009 - 2010,
,,2011 - 2012,1.95
,,2013 - 2014,0.89
,,2014 - 2015,1.33
,,2017 - 2018,2.54
,,2018 - 2019,1.43
,,2019 - 2020,1.5
,,2020 - 2021,1.57
,,2022 - 2023,2.0
,Neemuch,2000 - 2001,0.52
,,2001 - 2002,0.9
,,2002 - 2003,0.42
,,2003 - 2004,1.05
,,2004 - 2005,0.86
,,2005 - 2006,0.65
,,2006 - 2007,0.86
,,2007 - 2008,0.85
,,2008 - 2009,0.93
,,2009 - 2010,
,,2010 - 2011,1.22
,,2011 - 2012,1.09
,,2012 - 2013,1.5
,,2013 - 2014,1.0
,,2018 - 2019,1.69
,,2019 - 2020,0.63
,,2020 - 2021,0.4
,,2021 - 2022,0.72
,,2022 - 2023,0.84
,Niwari,2021 - 2022,0.75
,,2022 - 2023,1.0
,Panna,2000 - 2001,1.03
,,2001 - 2002,0.97
,,2002 - 2003,0.88
,,2003 - 2004,1.1
,,2004 - 2005,0.84
,,2005 - 2006,1.03
,,2006 - 2007,0.8
,,2007 - 2008,0.76
,,2008 - 2009,1.42
,,2009 - 2010,
,,2010 - 2011,1.47
,,2011 - 2012,1.15
,,2012 - 2013,1.0
,,2013 - 2014,1.33
,,2014 - 2015,1.5
,,2018 - 2019,1.25
,,2019 - 2020,1.3
,,2020 - 2021,1.25
,,2022 - 2023,1.5
,Raisen,2001 - 2002,1.5
,,2003 - 2004,1.69
,,2005 - 2006,1.5
,,2006 - 2007,1.86
,,2007 - 2008,1.63
,,2010 - 2011,2.0
,,2012 - 2013,2.8
,,2013 - 2014,1.71
,,2014 - 2015,2.0
,,2018 - 2019,3.0
,,2019 - 2020,1.54
,,2020 - 2021,1.5
,,2022 - 2023,1.5
,Rajgarh,2003 - 2004,1.0
,,2013 - 2014,0.92
,,2018 - 2019,1.25
,,2019 - 2020,0.92
,,2021 - 2022,1.0
,,2022 - 2023,1.0
,Ratlam,2000 - 2001,1.11
,,2001 - 2002,0.8
,,2002 - 2003,0.47
,,2003 - 2004,1.38
,,2004 - 2005,1.38
,,2005 - 2006,1.62
,,2006 - 2007,1.6
,,2007 - 2008,1.46
,,2008 - 2009,1.7
,,2009 - 2010,
,,2010 - 2011,1.67
,,2011 - 2012,2.25
,,2018 - 2019,2.41
,,2019 - 2020,1.09
,,2020 - 2021,1.21
,,2022 - 2023,1.67
,Rewa,2000 - 2001,0.62
,,2001 - 2002,0.46
,,2002 - 2003,0.4
,,2003 - 2004,0.53
,,2004 - 2005,0.53
,,2005 - 2006,0.49
,,2006 - 2007,0.35
,,2007 - 2008,0.42
,,2008 - 2009,0.56
,,2009 - 2010,
,,2010 - 2011,0.56
,,2011 - 2012,0.52
,,2012 - 2013,0.37
,,2013 - 2014,0.41
,,2014 - 2015,1.5
,,2015 - 2016,1.0
,,2017 - 2018,1.66
,,2018 - 2019,0.58
,,2019 - 2020,0.47
,,2020 - 2021,0.28
,,2021 - 2022,0.42
,,2022 - 2023,0.68
,Sagar,2000 - 2001,1.0
,,2001 - 2002,1.0
,,2002 - 2003,0.1
,,2003 - 2004,0.91
,,2004 - 2005,0.85
,,2005 - 2006,0.85
,,2006 - 2007,0.89
,,2007 - 2008,0.8
,,2008 - 2009,0.91
,,2009 - 2010,
,,2010 - 2011,1.05
,,2011 - 2012,1.05
,,2012 - 2013,3.05
,,2013 - 2014,0.43
,,2018 - 2019,1.74
,,2019 - 2020,1.27
,,2020 - 2021,1.0
,,2021 - 2022,1.04
,,2022 - 2023,1.27
,Satna,2000 - 2001,0.6
,,2001 - 2002,0.6
,,2002 - 2003,0.32
,,2003 - 2004,0.61
,,2004 - 2005,0.56
,,2005 - 2006,0.57
,,2006 - 2007,0.47
,,2007 - 2008,0.38
,,2008 - 2009,0.56
,,2009 - 2010,
,,2010 - 2011,0.69
,,2011 - 2012,0.62
,,2013 - 2014,0.61
,,2014 - 2015,1.5
,,2017 - 2018,1.35
,,2018 - 2019,0.76
,,2019 - 2020,0.57
,,2020 - 2021,0.41
,,2021 - 2022,0.43
,,2022 - 2023,0.5
,Sehore,2001 - 2002,1.6
,,2017 - 2018,1.67
,,2018 - 2019,2.45
,,2019 - 2020,2.25
,,2020 - 2021,1.0
,,2021 - 2022,1.33
,,2022 - 2023,1.86
,Seoni,2002 - 2003,0.1
,,2012 - 2013,1.77
,,2018 - 2019,1.25
,,2019 - 2020,1.0
,,2022 - 2023,1.25
,Shahdol,2009 - 2010,
,,2010 - 2011,0.0
,,2011 - 2012,0.0
,,2012 - 2013,0.97
,,2013 - 2014,0.0
,,2018 - 2019,0.42
,,2019 - 2020,0.38
,,2021 - 2022,0.27
,,2022 - 2023,0.33
,Shajapur,2000 - 2001,0.89
,,2001 - 2002,0.56
,,2002 - 2003,0.41
,,2003 - 2004,1.0
,,2004 - 2005,1.13
,,2005 - 2006,0.88
,,2006 - 2007,1.0
,,2007 - 2008,0.7
,,2008 - 2009,0.82
,,2009 - 2010,
,,2010 - 2011,1.0
,,2011 - 2012,0.83
,,2012 - 2013,1.0
,,2017 - 2018,1.25
,,2018 - 2019,1.17
,,2019 - 2020,0.5
,,2022 - 2023,0.5
,Sheopur,2000 - 2001,1.6
,,2001 - 2002,1.08
,,2002 - 2003,0.34
,,2003 - 2004,1.44
,,2004 - 2005,1.13
,,2005 - 2006,1.49
,,2006 - 2007,1.56
,,2007 - 2008,1.4
,,2008 - 2009,1.61
,,2009 - 2010,
,,2010 - 2011,1.71
,,2011 - 2012,1.72
,,2012 - 2013,1.92
,,2013 - 2014,1.99
,,2014 - 2015,1.06
,,2015 - 2016,1.27
,,2016 - 2017,2.25
,,2017 - 2018,1.31
,,2018 - 2019,1.81
,,2019 - 2020,1.78
,,2020 - 2021,1.61
,,2021 - 2022,1.31
,,2022 - 2023,1.67
,Shivpuri,2000 - 2001,1.61
,,2001 - 2002,1.17
,,2002 - 2003,0.3
,,2003 - 2004,1.42
,,2004 - 2005,1.41
,,2005 - 2006,1.56
,,2006 - 2007,1.4
,,2007 - 2008,0.86
,,2008 - 2009,1.56
,,2009 - 2010,
,,2010 - 2011,1.77
,,2011 - 2012,1.67
,,2012 - 2013,1.58
,,2013 - 2014,1.36
,,2014 - 2015,1.33
,,2015 - 2016,1.4
,,2016 - 2017,2.63
,,2017 - 2018,1.47
,,2018 - 2019,1.69
,,2019 - 2020,1.53
,,2020 - 2021,1.44
,,2021 - 2022,0.99
,,2022 - 2023,1.6
,Sidhi,2000 - 2001,1.0
,,2002 - 2003,0.33
,,2005 - 2006,0.33
,,2009 - 2010,
,,2012 - 2013,0.54
,,2013 - 2014,0.4
,,2015 - 2016,0.44
,,2017 - 2018,1.42
,,2018 - 2019,0.5
,,2019 - 2020,0.35
,,2021 - 2022,0.22
,,2022 - 2023,0.75
,Singrauli,2010 - 2011,1.13
,,2015 - 2016,0.62
,,2017 - 2018,2.69
,,2018 - 2019,1.23
,,2019 - 2020,0.91
,,2020 - 2021,0.47
,,2021 - 2022,0.75
,,2022 - 2023,1.27
,Tikamgarh,2001 - 2002,2.0
,,2002 - 2003,0.1
,,2003 - 2004,1.0
,,2007 - 2008,1.0
,,2012 - 2013,1.31
,,2018 - 2019,0.86
,,2019 - 2020,0.89
,,2020 - 2021,1.0
,,2021 - 2022,0.83
,,2022 - 2023,1.0
,Ujjain,2000 - 2001,0.71
,,2001 - 2002,0.57
,,2002 - 2003,0.43
,,2003 - 2004,1.2
,,2004 - 2005,0.81
,,2005 - 2006,0.67
,,2006 - 2007,1.0
,,2007 - 2008,1.0
,,2008 - 2009,1.08
,,2009 - 2010,
,,2010 - 2011,1.17
,,2011 - 2012,1.5
,,2018 - 2019,1.38
,,2019 - 2020,1.1
,,2020 - 2021,1.0
,,2021 - 2022,1.04
,,2022 - 2023,1.23
,Umaria,2000 - 2001,0.8
,,2014 - 2015,2.0
,,2017 - 2018,1.0
,,2018 - 2019,1.5
,,2022 - 2023,1.0
,Vidisha,2004 - 2005,0.94
,,2008 - 2009,2.19
,,2009 - 2010,
,,2014 - 2015,3.0
,,2018 - 2019,2.72
,,2019 - 2020,2.13
,,2020 - 2021,0.86
,,2021 - 2022,1.76
,,2022 - 2023,2.0
Maharashtra,Ahilyanagar,2000 - 2001,0.57
,,2001 - 2002,0.42
,,2002 - 2003,0.73
,,2003 - 2004,0.35
,,2004 - 2005,0.6
,,2005 - 2006,0.25
,,2006 - 2007,0.61
,,2007 - 2008,0.75
,,2008 - 2009,0.72
,,2009 - 2010,0.61
,,2010 - 2011,0.95
,,2011 - 2012,0.97
,,2012 - 2013,0.35
,,2013 - 2014,1.04
,,2014 - 2015,0.58
,,2015 - 2016,0.25
,,2016 - 2017,1.02
,,2017 - 2018,1.01
,,2018 - 2019,0.64
,,2019 - 2020,0.87
,,2020 - 2021,1.52
,,2021 - 2022,1.03
,,2022 - 2023,1.23
,Akola,2000 - 2001,0.6
,,2001 - 2002,0.35
,,2002 - 2003,0.67
,,2003 - 2004,0.47
,,2004 - 2005,0.43
,,2005 - 2006,0.5
,,2006 - 2007,0.55
,,2007 - 2008,0.56
,,2008 - 2009,0.56
,,2009 - 2010,0.67
,,2010 - 2011,0.5
,,2011 - 2012,0.6
,,2012 - 2013,0.6
,,2013 - 2014,0.5
,,2014 - 2015,0.33
,,2016 - 2017,0.36
,,2017 - 2018,0.45
,,2018 - 2019,0.15
,,2019 - 2020,0.23
,,2020 - 2021,0.47
,,2021 - 2022,0.36
,,2022 - 2023,0.36
,Amravati,2000 - 2001,0.56
,,2001 - 2002,0.4
,,2002 - 2003,0.63
,,2003 - 2004,0.5
,,2004 - 2005,0.57
,,2005 - 2006,0.33
,,2006 - 2007,0.5
,,2007 - 2008,0.5
,,2008 - 2009,0.67
,,2009 - 2010,1.0
,,2010 - 2011,0.67
,,2011 - 2012,0.67
,,2012 - 2013,0.67
,,2015 - 2016,0.0
,,2017 - 2018,0.44
,,2018 - 2019,0.1
,,2019 - 2020,1.0
,,2020 - 2021,0.47
,Beed,2000 - 2001,0.8
,,2001 - 2002,0.49
,,2002 - 2003,0.84
,,2003 - 2004,0.56
,,2004 - 2005,0.62
,,2005 - 2006,0.68
,,2006 - 2007,0.84
,,2007 - 2008,0.72
,,2008 - 2009,0.73
,,2009 - 2010,0.78
,,2010 - 2011,0.92
,,2011 - 2012,1.02
,,2012 - 2013,0.64
,,2013 - 2014,1.07
,,2014 - 2015,0.44
,,2015 - 2016,0.26
,,2016 - 2017,0.64
,,2017 - 2018,0.59
,,2018 - 2019,0.27
,,2019 - 2020,0.8
,,2020 - 2021,1.68
,,2021 - 2022,0.77
,,2022 - 2023,1.14
,Buldhana,2000 - 2001,0.62
,,2001 - 2002,0.37
,,2002 - 2003,0.63
,,2003 - 2004,0.45
,,2004 - 2005,0.45
,,2005 - 2006,0.5
,,2006 - 2007,0.49
,,2007 - 2008,0.53
,,2008 - 2009,0.54
,,2009 - 2010,0.74
,,2010 - 2011,0.53
,,2011 - 2012,0.64
,,2012 - 2013,1.11
,,2013 - 2014,0.66
,,2014 - 2015,0.18
,,2015 - 2016,0.11
,,2016 - 2017,0.33
,,2017 - 2018,0.46
,,2018 - 2019,0.15
,,2019 - 2020,0.23
,,2020 - 2021,0.47
,,2021 - 2022,0.36
,,2022 - 2023,0.38
,Chandrapur,2016 - 2017,0.33
,,2022 - 2023,
,Chhatrapati Sambhajinagar,2000 - 2001,0.75
,,2001 - 2002,0.63
,,2002 - 2003,0.87
,,2003 - 2004,0.86
,,2004 - 2005,0.84
,,2005 - 2006,1.14
,,2006 - 2007,1.13
,,2007 - 2008,1.23
,,2008 - 2009,0.95
,,2009 - 2010,1.0
,,2010 - 2011,1.41
,,2011 - 2012,1.28
,,2012 - 2013,0.65
,,2013 - 2014,1.23
,,2014 - 2015,0.53
,,2015 - 2016,0.43
,,2016 - 2017,1.11
,,2017 - 2018,0.69
,,2018 - 2019,0.46
,,2019 - 2020,0.91
,,2020 - 2021,1.62
,,2021 - 2022,0.6
,,2022 - 2023,0.87
,Dharashiv,2000 - 2001,0.54
,,2001 - 2002,0.3
,,2002 - 2003,0.4
,,2003 - 2004,0.28
,,2004 - 2005,0.34
,,2005 - 2006,0.42
,,2006 - 2007,0.51
,,2007 - 2008,0.5
,,2008 - 2009,0.45
,,2009 - 2010,0.45
,,2010 - 2011,0.4
,,2011 - 2012,0.56
,,2012 - 2013,0.3
,,2013 - 2014,0.68
,,2014 - 2015,0.25
,,2015 - 2016,0.17
,,2016 - 2017,0.32
,,2017 - 2018,0.46
,,2018 - 2019,0.12
,,2019 - 2020,0.3
,,2020 - 2021,0.5
,,2021 - 2022,0.38
,,2022 - 2023,0.36
,Dhule,2000 - 2001,0.38
,,2001 - 2002,0.91
,,2002 - 2003,0.72
,,2003 - 2004,1.09
,,2004 - 2005,1.03
,,2005 - 2006,0.62
,,2006 - 2007,0.92
,,2007 - 2008,1.14
,,2008 - 2009,0.4
,,2009 - 2010,0.95
,,2010 - 2011,1.57
,,2011 - 2012,1.1
,,2012 - 2013,0.89
,,2013 - 2014,1.33
,,2014 - 2015,0.83
,,2015 - 2016,0.58
,,2016 - 2017,0.78
,,2017 - 2018,1.33
,,2018 - 2019,0.58
,,2019 - 2020,0.52
,,2020 - 2021,1.25
,,2021 - 2022,0.71
,,2022 - 2023,1.11
,Gadchiroli,2016 - 2017,0.33
,Hingoli,2000 - 2001,0.5
,,2001 - 2002,0.5
,,2002 - 2003,0.83
,,2003 - 2004,0.64
,,2004 - 2005,0.5
,,2005 - 2006,0.33
,,2006 - 2007,0.67
,,2007 - 2008,0.5
,,2008 - 2009,0.5
,,2009 - 2010,0.33
,,2010 - 2011,1.0
,,2011 - 2012,1.0
,,2015 - 2016,0.0
,,2016 - 2017,0.29
,,2017 - 2018,0.33
,,2019 - 2020,0.17
,,2020 - 2021,0.47
,,2021 - 2022,0.36
,,2022 - 2023,0.36
,Jalgaon,2000 - 2001,0.56
,,2001 - 2002,0.86
,,2002 - 2003,1.02
,,2003 - 2004,1.03
,,2004 - 2005,0.97
,,2005 - 2006,0.74
,,2006 - 2007,1.06
,,2007 - 2008,1.15
,,2008 - 2009,1.02
,,2009 - 2010,1.09
,,2010 - 2011,1.39
,,2011 - 2012,1.43
,,2012 - 2013,1.03
,,2013 - 2014,1.18
,,2014 - 2015,1.22
,,2015 - 2016,0.62
,,2016 - 2017,1.4
,,2017 - 2018,1.0
,,2018 - 2019,0.78
,,2019 - 2020,0.8
,,2020 - 2021,1.27
,,2021 - 2022,0.48
,,2022 - 2023,1.19
,Jalna,2000 - 2001,0.82
,,2001 - 2002,0.72
,,2002 - 2003,0.97
,,2003 - 2004,1.01
,,2004 - 2005,0.89
,,2005 - 2006,1.01
,,2006 - 2007,1.05
,,2007 - 2008,1.07
,,2008 - 2009,0.69
,,2009 - 2010,0.93
,,2010 - 2011,1.07
,,2011 - 2012,1.03
,,2012 - 2013,0.54
,,2013 - 2014,1.2
,,2014 - 2015,0.33
,,2015 - 2016,0.26
,,2016 - 2017,0.84
,,2017 - 2018,0.63
,,2018 - 2019,0.35
,,2019 - 2020,1.29
,,2020 - 2021,1.15
,,2021 - 2022,0.61
,,2022 - 2023,0.86
,Latur,2000 - 2001,0.76
,,2001 - 2002,0.33
,,2002 - 2003,0.61
,,2003 - 2004,0.44
,,2004 - 2005,0.53
,,2005 - 2006,0.55
,,2006 - 2007,0.41
,,2007 - 2008,0.55
,,2008 - 2009,0.46
,,2009 - 2010,0.38
,,2010 - 2011,0.51
,,2011 - 2012,0.55
,,2012 - 2013,0.71
,,2013 - 2014,0.48
,,2014 - 2015,0.16
,,2015 - 2016,0.13
,,2016 - 2017,0.14
,,2017 - 2018,0.2
,,2018 - 2019,0.24
,,2019 - 2020,0.22
,,2020 - 2021,0.28
,,2021 - 2022,0.13
,,2022 - 2023,
,Nanded,2000 - 2001,0.5
,,2001 - 2002,0.4
,,2002 - 2003,0.71
,,2003 - 2004,0.5
,,2004 - 2005,0.5
,,2005 - 2006,1.0
,,2007 - 2008,0.5
,,2008 - 2009,0.5
,,2019 - 2020,0.23
,,2020 - 2021,0.47
,,2021 - 2022,0.36
,,2022 - 2023,0.36
,Nandurbar,2000 - 2001,0.42
,,2001 - 2002,1.09
,,2002 - 2003,0.71
,,2003 - 2004,1.02
,,2004 - 2005,0.57
,,2005 - 2006,0.76
,,2006 - 2007,0.63
,,2007 - 2008,1.44
,,2008 - 2009,1.41
,,2009 - 2010,0.82
,,2010 - 2011,1.49
,,2011 - 2012,1.21
,,2012 - 2013,1.31
,,2013 - 2014,1.2
,,2014 - 2015,0.52
,,2015 - 2016,0.83
,,2016 - 2017,1.04
,,2017 - 2018,0.73
,,2018 - 2019,0.72
,,2019 - 2020,0.83
,,2020 - 2021,1.28
,,2021 - 2022,0.66
,,2022 - 2023,1.16
,Nashik,2000 - 2001,0.54
,,2001 - 2002,0.55
,,2002 - 2003,0.81
,,2003 - 2004,0.62
,,2004 - 2005,0.78
,,2005 - 2006,0.76
,,2006 - 2007,0.72
,,2007 - 2008,1.11
,,2008 - 2009,0.97
,,2009 - 2010,0.75
,,2010 - 2011,1.26
,,2011 - 2012,1.03
,,2012 - 2013,0.81
,,2013 - 2014,1.12
,,2014 - 2015,0.71
,,2015 - 2016,0.57
,,2016 - 2017,1.6
,,2017 - 2018,1.46
,,2018 - 2019,0.64
,,2019 - 2020,1.02
,,2020 - 2021,1.59
,,2021 - 2022,1.25
,,2022 - 2023,1.43
,Parbhani,2000 - 2001,0.65
,,2001 - 2002,0.45
,,2002 - 2003,0.85
,,2003 - 2004,0.73
,,2004 - 2005,0.56
,,2005 - 2006,0.65
,,2006 - 2007,0.57
,,2007 - 2008,0.68
,,2008 - 2009,0.73
,,2009 - 2010,0.52
,,2010 - 2011,0.65
,,2011 - 2012,0.93
,,2012 - 2013,0.71
,,2013 - 2014,0.63
,,2014 - 2015,0.1
,,2015 - 2016,0.17
,,2016 - 2017,0.46
,,2017 - 2018,0.36
,,2018 - 2019,0.61
,,2019 - 2020,0.47
,,2020 - 2021,0.63
,,2021 - 2022,0.5
,,2022 - 2023,0.36
,Pune,2000 - 2001,0.65
,,2001 - 2002,0.76
,,2002 - 2003,0.7
,,2003 - 2004,0.7
,,2004 - 2005,0.73
,,2005 - 2006,0.72
,,2006 - 2007,0.63
,,2007 - 2008,0.87
,,2008 - 2009,0.78
,,2009 - 2010,0.74
,,2010 - 2011,0.88
,,2011 - 2012,0.8
,,2012 - 2013,0.46
,,2013 - 2014,0.84
,,2014 - 2015,0.83
,,2015 - 2016,0.71
,,2016 - 2017,0.73
,,2017 - 2018,0.72
,,2018 - 2019,1.17
,,2019 - 2020,1.31
,,2020 - 2021,1.67
,,2021 - 2022,1.67
,,2022 - 2023,1.62
,Sangli,2000 - 2001,0.42
,,2001 - 2002,0.18
,,2002 - 2003,0.15
,,2003 - 2004,0.04
,,2004 - 2005,0.48
,,2005 - 2006,0.37
,,2006 - 2007,0.38
,,2007 - 2008,0.4
,,2008 - 2009,0.07
,,2009 - 2010,0.34
,,2010 - 2011,0.83
,,2011 - 2012,0.24
,,2012 - 2013,0.22
,,2013 - 2014,0.3
,,2014 - 2015,0.76
,,2015 - 2016,0.24
,,2016 - 2017,0.71
,,2017 - 2018,0.15
,,2018 - 2019,0.24
,,2019 - 2020,0.35
,,2020 - 2021,1.0
,,2021 - 2022,1.1
,,2022 - 2023,1.12
,Satara,2000 - 2001,0.59
,,2001 - 2002,0.47
,,2002 - 2003,0.41
,,2003 - 2004,0.26
,,2004 - 2005,0.85
,,2005 - 2006,0.32
,,2006 - 2007,0.29
,,2007 - 2008,0.58
,,2008 - 2009,0.52
,,2009 - 2010,0.48
,,2010 - 2011,0.78
,,2011 - 2012,0.64
,,2012 - 2013,0.46
,,2013 - 2014,0.52
,,2014 - 2015,0.4
,,2015 - 2016,0.36
,,2016 - 2017,0.73
,,2017 - 2018,0.51
,,2018 - 2019,0.52
,,2019 - 2020,0.52
,,2020 - 2021,0.89
,,2021 - 2022,0.94
,,2022 - 2023,0.67
,Solapur,2000 - 2001,0.41
,,2001 - 2002,0.46
,,2002 - 2003,0.38
,,2003 - 2004,0.38
,,2004 - 2005,0.57
,,2005 - 2006,0.45
,,2006 - 2007,0.28
,,2007 - 2008,0.42
,,2008 - 2009,0.44
,,2009 - 2010,0.36
,,2010 - 2011,0.52
,,2011 - 2012,0.39
,,2012 - 2013,0.03
,,2013 - 2014,0.35
,,2014 - 2015,0.4
,,2015 - 2016,0.23
,,2016 - 2017,0.35
,,2017 - 2018,0.34
,,2018 - 2019,0.13
,,2019 - 2020,0.23
,,2020 - 2021,0.49
,,2021 - 2022,0.41
,,2022 - 2023,0.42
,Washim,2000 - 2001,0.6
,,2001 - 2002,0.35
,,2002 - 2003,0.63
,,2003 - 2004,0.45
,,2004 - 2005,0.44
,,2005 - 2006,0.5
,,2006 - 2007,0.56
,,2007 - 2008,0.56
,,2008 - 2009,0.5
,,2009 - 2010,0.75
,,2010 - 2011,0.4
,,2011 - 2012,0.67
,,2012 - 2013,0.67
,,2013 - 2014,0.75
,,2014 - 2015,0.0
,,2015 - 2016,0.0
,,2016 - 2017,0.33
,,2017 - 2018,0.5
,,2018 - 2019,0.15
,,2019 - 2020,0.23
,,2020 - 2021,0.47
,,2021 - 2022,0.36
,,2022 - 2023,
,Yavatmal,2000 - 2001,0.63
,,2001 - 2002,0.36
,,2002 - 2003,0.63
,,2003 - 2004,0.44
,,2004 - 2005,0.44
,,2005 - 2006,0.5
,,2006 - 2007,0.5
,,2007 - 2008,0.57
,,2008 - 2009,0.53
,,2009 - 2010,0.73
,,2010 - 2011,0.54
,,2011 - 2012,0.75
,,2012 - 2013,1.0
,,2013 - 2014,1.0
,,2014 - 2015,0.0
,,2015 - 2016,0.0
,,2016 - 2017,0.44
,,2017 - 2018,0.43
,,2018 - 2019,0.14
,,2019 - 2020,0.22
,,2020 - 2021,0.47
,,2021 - 2022,0.36
,,2022 - 2023,0.35
Nagaland,Chumoukedima,2022 - 2023,1.1
,Dimapur,2000 - 2001,0.84
,,2001 - 2002,0.7
,,2002 - 2003,4.33
,,2003 - 2004,1.71
,,2004 - 2005,1.4
,,2005 - 2006,0.94
,,2009 - 2010,0.75
,,2010 - 2011,0.8
,,2011 - 2012,0.8
,,2012 - 2013,1.0
,,2013 - 2014,1.0
,,2014 - 2015,1.0
,,2015 - 2016,1.0
,,2016 - 2017,1.0
,,2017 - 2018,1.0
,,2018 - 2019,1.0
,,2019 - 2020,1.0
,,2020 - 2021,1.0
,,2021 - 2022,0.73
,,2022 - 2023,1.13
,Kiphire,2009 - 2010,0.67
,,2010 - 2011,0.8
,,2011 - 2012,0.8
,,2012 - 2013,1.0
,,2013 - 2014,1.0
,,2014 - 2015,1.0
,,2015 - 2016,1.0
,,2016 - 2017,1.0
,,2017 - 2018,1.0
,,2018 - 2019,1.0
,,2019 - 2020,1.0
,,2020 - 2021,1.0
,,2021 - 2022,0.76
,,2022 - 2023,1.12
,Kohima,2000 - 2001,0.8
,,2001 - 2002,0.63
,,2002 - 2003,1.45
,,2003 - 2004,1.68
,,2004 - 2005,1.45
,,2005 - 2006,1.03
,,2009 - 2010,0.7
,,2010 - 2011,0.86
,,2011 - 2012,0.86
,,2012 - 2013,1.13
,,2013 - 2014,1.13
,,2014 - 2015,1.13
,,2015 - 2016,1.13
,,2016 - 2017,1.0
,,2017 - 2018,1.0
,,2018 - 2019,1.0
,,2019 - 2020,1.0
,,2020 - 2021,1.0
,,2021 - 2022,0.74
,,2022 - 2023,1.15
,Longleng,2009 - 2010,0.67
,,2010 - 2011,0.8
,,2011 - 2012,0.8
,,2012 - 2013,0.8
,,2013 - 2014,0.8
,,2014 - 2015,0.8
,,2015 - 2016,0.8
,,2016 - 2017,1.0
,,2017 - 2018,1.0
,,2018 - 2019,1.0
,,2019 - 2020,1.0
,,2020 - 2021,1.0
,,2022 - 2023,1.11
,Mokokchung,2000 - 2001,0.84
,,2001 - 2002,0.75
,,2002 - 2003,1.65
,,2003 - 2004,1.59
,,2004 - 2005,1.56
,,2005 - 2006,1.04
,,2009 - 2010,0.7
,,2010 - 2011,0.83
,,2011 - 2012,0.83
,,2012 - 2013,1.0
,,2013 - 2014,1.0
,,2014 - 2015,1.0
,,2015 - 2016,1.0
,,2016 - 2017,1.0
,,2017 - 2018,1.0
,,2018 - 2019,1.0
,,2019 - 2020,1.0
,,2020 - 2021,1.0
,,2021 - 2022,0.77
,,2022 - 2023,1.11
,Mon,2000 - 2001,0.75
,,2001 - 2002,0.75
,,2002 - 2003,1.52
,,2003 - 2004,1.49
,,2004 - 2005,1.64
,,2005 - 2006,1.0
,,2009 - 2010,0.67
,,2010 - 2011,0.89
,,2011 - 2012,0.89
,,2012 - 2013,1.1
,,2013 - 2014,1.1
,,2014 - 2015,1.1
,,2015 - 2016,1.1
,,2016 - 2017,1.1
,,2017 - 2018,1.1
,,2018 - 2019,1.1
,,2019 - 2020,1.1
,,2020 - 2021,1.1
,,2021 - 2022,0.73
,,2022 - 2023,1.11
,Noklak,2021 - 2022,0.75
,,2022 - 2023,1.12
,Nuiland,2022 - 2023,1.1
,Peren,2009 - 2010,0.6
,,2010 - 2011,1.0
,,2011 - 2012,1.0
,,2012 - 2013,1.0
,,2013 - 2014,1.0
,,2014 - 2015,1.0
,,2015 - 2016,1.0
,,2016 - 2017,1.0
,,2017 - 2018,1.0
,,2018 - 2019,1.0
,,2019 - 2020,1.0
,,2020 - 2021,1.0
,,2021 - 2022,0.75
,,2022 - 2023,1.12
,Phek,2000 - 2001,0.88
,,2001 - 2002,0.6
,,2002 - 2003,1.5
,,2003 - 2004,1.43
,,2004 - 2005,1.5
,,2005 - 2006,1.04
,,2009 - 2010,0.75
,,2010 - 2011,0.83
,,2011 - 2012,0.83
,,2012 - 2013,1.0
,,2013 - 2014,1.0
,,2014 - 2015,1.0
,,2015 - 2016,1.0
,,2016 - 2017,1.0
,,2017 - 2018,1.0
,,2018 - 2019,1.0
,,2019 - 2020,1.0
,,2020 - 2021,1.0
,,2021 - 2022,0.76
,,2022 - 2023,1.13
,Shamator,2022 - 2023,1.12
,Tseminyu,2022 - 2023,1.08
,Tuensang,2000 - 2001,0.82
,,2001 - 2002,0.61
,,2002 - 2003,1.48
,,2003 - 2004,1.46
,,2004 - 2005,1.33
,,2005 - 2006,0.97
,,2009 - 2010,0.69
,,2010 - 2011,0.89
,,2011 - 2012,0.89
,,2012 - 2013,1.1
,,2013 - 2014,1.1
,,2014 - 2015,1.1
,,2015 - 2016,1.1
,,2016 - 2017,1.1
,,2017 - 2018,1.1
,,2018 - 2019,1.1
,,2019 - 2020,1.1
,,2020 - 2021,1.1
,,2021 - 2022,0.77
,,2022 - 2023,1.14
,Wokha,2000 - 2001,0.89
,,2001 - 2002,0.67
,,2002 - 2003,1.64
,,2003 - 2004,1.98
,,2004 - 2005,1.61
,,2005 - 2006,1.08
,,2009 - 2010,0.67
,,2010 - 2011,1.0
,,2011 - 2012,1.0
,,2012 - 2013,0.75
,,2013 - 2014,0.75
,,2014 - 2015,0.75
,,2015 - 2016,0.75
,,2016 - 2017,0.75
,,2017 - 2018,0.75
,,2018 - 2019,0.75
,,2019 - 2020,0.75
,,2020 - 2021,0.75
,,2021 - 2022,0.76
,,2022 - 2023,1.12
,Zunheboto,2000 - 2001,0.81
,,2001 - 2002,0.57
,,2002 - 2003,1.47
,,2003 - 2004,1.58
,,2004 - 2005,1.58
,,2005 - 2006,1.17
,,2009 - 2010,0.7
,,2010 - 2011,0.83
,,2011 - 2012,0.83
,,2012 - 2013,1.0
,,2013 - 2014,1.0
,,2014 - 2015,1.0
,,2015 - 2016,1.0
,,2016 - 2017,1.0
,,2017 - 2018,1.0
,,2018 - 2019,1.0
,,2019 - 2020,1.0
,,2020 - 2021,1.0
,,2021 - 2022,0.73
,,2022 - 2023,1.12
Odisha,Bargarh,2004 - 2005,0.44
,Gajapati,2000 - 2001,0.55
,,2001 - 2002,0.48
,,2002 - 2003,0.46
,,2003 - 2004,0.46
,,2004 - 2005,0.46
,,2019 - 2020,0.64
,Ganjam,2000 - 2001,0.63
,,2001 - 2002,0.7
,,2002 - 2003,0.49
,,2003 - 2004,0.61
,,2004 - 2005,0.62
,,2019 - 2020,0.64
,Kalahandi,2000 - 2001,0.5
,,2001 - 2002,0.62
,,2002 - 2003,0.67
,,2003 - 2004,0.71
,,2004 - 2005,0.59
,,2019 - 2020,0.67
,Kandhamal,2001 - 2002,0.33
,,2002 - 2003,0.33
,,2003 - 2004,0.33
,,2004 - 2005,0.34
,,2019 - 2020,0.57
,Kendujhar,2000 - 2001,0.5
,,2001 - 2002,0.52
,,2002 - 2003,0.5
,,2003 - 2004,0.57
,,2004 - 2005,0.54
,,2019 - 2020,1.0
,Koraput,2000 - 2001,0.63
,,2001 - 2002,0.58
,,2002 - 2003,0.55
,,2003 - 2004,0.56
,,2004 - 2005,0.58
,,2019 - 2020,0.65
,Malkangiri,2000 - 2001,0.51
,,2001 - 2002,0.64
,,2002 - 2003,0.56
,,2003 - 2004,0.55
,,2004 - 2005,0.41
,,2019 - 2020,0.5
,Mayurbhanj,2000 - 2001,0.5
,,2001 - 2002,0.33
,,2002 - 2003,0.4
,,2003 - 2004,0.5
,,2004 - 2005,0.45
,Nabarangpur,2000 - 2001,0.89
,,2001 - 2002,0.75
,,2002 - 2003,0.57
,,2003 - 2004,0.57
,,2004 - 2005,0.55
,Nayagarh,2002 - 2003,0.67
,,2004 - 2005,0.38
,Nuapada,2003 - 2004,0.5
,,2019 - 2020,0.55
,Rayagada,2000 - 2001,0.53
,,2001 - 2002,0.6
,,2002 - 2003,0.39
,,2003 - 2004,0.6
,,2004 - 2005,0.6
,,2019 - 2020,0.56
,Sundargarh,2000 - 2001,0.4
,,2002 - 2003,0.75
,,2003 - 2004,0.5
,,2004 - 2005,0.53
,,2019 - 2020,1.0
Puducherry,Pondicherry,2000 - 2001,2.76
,,2001 - 2002,2.13
,,2002 - 2003,1.92
,,2003 - 2004,1.94
,,2007 - 2008,2.08
,,2008 - 2009,1.71
,,2009 - 2010,1.69
,,2010 - 2011,2.34
,,2011 - 2012,2.64
,,2012 - 2013,3.0
,,2013 - 2014,2.58
,,2014 - 2015,1.83
,,2015 - 2016,2.5
,,2016 - 2017,1.33
,,2017 - 2018,2.78
,,2018 - 2019,2.43
,,2019 - 2020,2.57
,,2020 - 2021,2.67
,,2021 - 2022,2.67
,,2022 - 2023,2.59
Punjab,Amritsar,2008 - 2009,1.0
,,2011 - 2012,1.0
,Bathinda,2000 - 2001,1.0
,,2002 - 2003,1.0
,,2003 - 2004,1.0
,,2004 - 2005,1.0
,,2005 - 2006,1.0
,,2006 - 2007,1.0
,,2007 - 2008,1.0
,,2013 - 2014,1.0
,,2016 - 2017,0.5
,,2017 - 2018,1.0
,,2018 - 2019,1.0
,,2021 - 2022,0.5
,,2022 - 2023,0.67
,Faridkot,2008 - 2009,1.0
,Fatehgarh sahib,2008 - 2009,1.0
,,2009 - 2010,1.0
,Fazilka,2012 - 2013,1.0
,,2017 - 2018,0.5
,,2018 - 2019,1.0
,Firozepur,2010 - 2011,1.0
,Gurdaspur,2005 - 2006,1.0
,Kapurthala,2011 - 2012,1.0
,,2021 - 2022,0.63
,Ludhiana,2013 - 2014,1.0
,Mansa,2000 - 2001,1.0
,,2002 - 2003,1.0
,,2003 - 2004,1.0
,,2004 - 2005,1.0
,,2005 - 2006,1.0
,,2006 - 2007,1.0
,,2007 - 2008,1.0
,,2009 - 2010,1.0
,,2010 - 2011,1.0
,,2011 - 2012,1.0
,,2012 - 2013,1.0
,,2013 - 2014,1.0
,,2016 - 2017,0.6
,,2017 - 2018,0.6
,,2018 - 2019,0.5
,,2019 - 2020,0.67
,,2020 - 2021,0.75
,,2021 - 2022,0.67
,,2022 - 2023,0.67
,Moga,2000 - 2001,0.5
,,2019 - 2020,0.5
,Muktsar,2002 - 2003,1.0
,,2004 - 2005,1.0
,,2013 - 2014,1.0
,Rupnagar,2002 - 2003,1.0
,,2003 - 2004,1.0
,,2004 - 2005,1.0
,,2018 - 2019,0.5
,S.a.s nagar,2006 - 2007,1.0
,,2007 - 2008,1.0
,,2012 - 2013,1.0
,,2021 - 2022,0.7
,Sangrur,2000 - 2001,1.0
,,2002 - 2003,0.5
,,2003 - 2004,1.0
,,2004 - 2005,1.0
,,2005 - 2006,1.0
,,2006 - 2007,1.0
,,2007 - 2008,1.0
,,2008 - 2009,1.0
,,2009 - 2010,2.0
,,2010 - 2011,1.0
,,2013 - 2014,1.0
,,2017 - 2018,0.5
,,2018 - 2019,1.0
,Tarn taran,2006 - 2007,1.0
Rajasthan,Ajmer,2000 - 2001,0.15
,,2001 - 2002,1.07
,,2002 - 2003,0.01
,,2003 - 2004,1.39
,,2004 - 2005,0.51
,,2005 - 2006,0.07
,,2006 - 2007,0.81
,,2007 - 2008,0.98
,,2008 - 2009,0.98
,,2009 - 2010,0.08
,,2010 - 2011,1.36
,,2011 - 2012,1.28
,,2012 - 2013,1.08
,,2013 - 2014,1.23
,,2014 - 2015,1.34
,,2015 - 2016,0.77
,,2016 - 2017,0.98
,,2017 - 2018,1.19
,,2018 - 2019,1.67
,,2019 - 2020,1.52
,,2020 - 2021,1.91
,,2021 - 2022,1.51
,,2022 - 2023,1.39
,Alwar,2000 - 2001,1.29
,,2001 - 2002,1.85
,,2002 - 2003,0.74
,,2003 - 2004,1.73
,,2004 - 2005,1.57
,,2005 - 2006,1.25
,,2006 - 2007,1.8
,,2007 - 2008,1.74
,,2008 - 2009,1.68
,,2009 - 2010,1.13
,,2010 - 2011,1.86
,,2011 - 2012,2.06
,,2012 - 2013,1.98
,,2013 - 2014,1.87
,,2014 - 2015,2.02
,,2015 - 2016,1.78
,,2016 - 2017,2.15
,,2017 - 2018,1.96
,,2018 - 2019,2.08
,,2019 - 2020,2.1
,,2020 - 2021,2.52
,,2021 - 2022,2.42
,,2022 - 2023,2.08
,Banswara,2000 - 2001,0.45
,,2001 - 2002,0.75
,,2002 - 2003,0.22
,,2003 - 2004,1.14
,,2004 - 2005,0.64
,,2005 - 2006,0.44
,,2006 - 2007,0.7
,,2007 - 2008,0.83
,,2008 - 2009,0.83
,,2009 - 2010,0.4
,,2010 - 2011,1.11
,,2011 - 2012,1.26
,,2012 - 2013,0.97
,,2013 - 2014,0.94
,,2014 - 2015,1.08
,,2015 - 2016,0.79
,,2016 - 2017,1.0
,,2017 - 2018,0.88
,,2018 - 2019,0.89
,,2019 - 2020,1.18
,,2020 - 2021,1.34
,,2021 - 2022,1.0
,,2022 - 2023,1.33
,Baran,2000 - 2001,0.44
,,2001 - 2002,0.74
,,2002 - 2003,0.22
,,2003 - 2004,1.14
,,2004 - 2005,0.66
,,2005 - 2006,0.43
,,2006 - 2007,0.8
,,2007 - 2008,1.33
,,2008 - 2009,1.23
,,2009 - 2010,0.82
,,2010 - 2011,1.11
,,2011 - 2012,1.31
,,2012 - 2013,1.13
,,2013 - 2014,0.5
,,2014 - 2015,0.66
,,2015 - 2016,0.79
,,2016 - 2017,1.19
,,2017 - 2018,0.88
,,2018 - 2019,0.89
,,2019 - 2020,1.19
,,2020 - 2021,2.3
,,2021 - 2022,1.97
,,2022 - 2023,1.54
,Barmer,2000 - 2001,0.2
,,2001 - 2002,0.26
,,2002 - 2003,0.01
,,2003 - 2004,0.55
,,2004 - 2005,0.23
,,2005 - 2006,0.07
,,2006 - 2007,0.15
,,2007 - 2008,0.17
,,2008 - 2009,0.13
,,2009 - 2010,0.02
,,2010 - 2011,0.56
,,2011 - 2012,0.66
,,2012 - 2013,0.42
,,2013 - 2014,0.43
,,2014 - 2015,0.28
,,2015 - 2016,0.14
,,2016 - 2017,0.15
,,2017 - 2018,0.23
,,2018 - 2019,0.14
,,2019 - 2020,0.62
,,2020 - 2021,0.74
,,2021 - 2022,0.16
,,2022 - 2023,1.22
,Bharatpur,2000 - 2001,1.34
,,2001 - 2002,1.37
,,2002 - 2003,0.36
,,2003 - 2004,1.67
,,2004 - 2005,1.28
,,2005 - 2006,1.21
,,2006 - 2007,1.55
,,2007 - 2008,1.55
,,2008 - 2009,1.57
,,2009 - 2010,1.6
,,2010 - 2011,1.93
,,2011 - 2012,1.96
,,2012 - 2013,1.65
,,2013 - 2014,1.89
,,2014 - 2015,1.78
,,2015 - 2016,1.63
,,2016 - 2017,1.87
,,2017 - 2018,1.47
,,2018 - 2019,1.75
,,2019 - 2020,2.16
,,2020 - 2021,2.29
,,2021 - 2022,2.1
,,2022 - 2023,1.91
,Bhilwara,2000 - 2001,0.44
,,2001 - 2002,0.74
,,2002 - 2003,0.22
,,2003 - 2004,1.14
,,2004 - 2005,0.66
,,2005 - 2006,0.43
,,2006 - 2007,1.72
,,2007 - 2008,0.98
,,2008 - 2009,1.08
,,2009 - 2010,0.19
,,2010 - 2011,1.11
,,2011 - 2012,0.83
,,2012 - 2013,1.86
,,2013 - 2014,1.23
,,2014 - 2015,1.25
,,2015 - 2016,0.79
,,2016 - 2017,1.39
,,2017 - 2018,1.08
,,2018 - 2019,1.58
,,2019 - 2020,0.4
,,2020 - 2021,1.91
,,2021 - 2022,1.51
,,2022 - 2023,1.45
,Bikaner,2000 - 2001,0.19
,,2001 - 2002,0.39
,,2002 - 2003,0.15
,,2003 - 2004,0.99
,,2004 - 2005,0.24
,,2005 - 2006,0.18
,,2006 - 2007,0.15
,,2007 - 2008,0.48
,,2008 - 2009,0.61
,,2009 - 2010,0.08
,,2010 - 2011,0.55
,,2011 - 2012,0.97
,,2012 - 2013,0.21
,,2013 - 2014,0.51
,,2014 - 2015,0.56
,,2015 - 2016,0.32
,,2016 - 2017,0.68
,,2017 - 2018,0.48
,,2018 - 2019,0.35
,,2019 - 2020,0.3
,,2020 - 2021,0.36
,,2021 - 2022,0.34
,,2022 - 2023,0.57
,Bundi,2000 - 2001,0.44
,,2001 - 2002,0.74
,,2002 - 2003,0.22
,,2003 - 2004,1.14
,,2004 - 2005,0.66
,,2005 - 2006,0.43
,,2006 - 2007,0.93
,,2007 - 2008,1.33
,,2008 - 2009,1.23
,,2009 - 2010,0.82
,,2010 - 2011,1.11
,,2011 - 2012,1.31
,,2012 - 2013,1.52
,,2013 - 2014,0.9
,,2014 - 2015,0.92
,,2015 - 2016,1.09
,,2016 - 2017,1.2
,,2017 - 2018,1.71
,,2018 - 2019,0.89
,,2019 - 2020,1.19
,,2020 - 2021,1.42
,,2021 - 2022,1.97
,,2022 - 2023,1.54
,Chittorgarh,2000 - 2001,0.44
,,2001 - 2002,0.75
,,2002 - 2003,0.23
,,2003 - 2004,1.15
,,2004 - 2005,0.65
,,2005 - 2006,0.45
,,2006 - 2007,0.73
,,2007 - 2008,0.82
,,2008 - 2009,0.82
,,2009 - 2010,0.42
,,2010 - 2011,1.13
,,2011 - 2012,1.26
,,2012 - 2013,0.95
,,2013 - 2014,0.9
,,2014 - 2015,1.08
,,2015 - 2016,0.79
,,2016 - 2017,1.0
,,2017 - 2018,0.87
,,2018 - 2019,0.89
,,2019 - 2020,1.19
,,2020 - 2021,1.33
,,2021 - 2022,1.0
,,2022 - 2023,1.29
,Churu,2000 - 2001,0.12
,,2001 - 2002,0.73
,,2002 - 2003,0.02
,,2003 - 2004,0.87
,,2004 - 2005,0.19
,,2005 - 2006,0.13
,,2006 - 2007,0.36
,,2007 - 2008,0.6
,,2008 - 2009,0.78
,,2009 - 2010,0.02
,,2010 - 2011,0.62
,,2011 - 2012,0.73
,,2012 - 2013,0.54
,,2013 - 2014,0.57
,,2014 - 2015,0.65
,,2015 - 2016,0.49
,,2016 - 2017,0.49
,,2017 - 2018,0.4
,,2018 - 2019,0.44
,,2019 - 2020,0.55
,,2020 - 2021,0.72
,,2021 - 2022,0.67
,,2022 - 2023,0.74
,Dausa,2000 - 2001,1.15
,,2001 - 2002,1.56
,,2002 - 2003,0.49
,,2003 - 2004,1.86
,,2004 - 2005,1.14
,,2005 - 2006,0.83
,,2006 - 2007,1.84
,,2007 - 2008,1.76
,,2008 - 2009,1.77
,,2009 - 2010,1.33
,,2010 - 2011,1.43
,,2011 - 2012,1.64
,,2012 - 2013,1.86
,,2013 - 2014,1.73
,,2014 - 2015,1.82
,,2015 - 2016,1.15
,,2016 - 2017,1.62
,,2017 - 2018,1.38
,,2018 - 2019,1.74
,,2019 - 2020,1.97
,,2020 - 2021,1.99
,,2021 - 2022,2.1
,,2022 - 2023,1.99
,Dholpur,2000 - 2001,1.43
,,2001 - 2002,1.51
,,2002 - 2003,1.65
,,2003 - 2004,1.78
,,2004 - 2005,2.45
,,2005 - 2006,1.65
,,2006 - 2007,1.69
,,2007 - 2008,1.86
,,2008 - 2009,1.73
,,2009 - 2010,1.94
,,2010 - 2011,1.8
,,2011 - 2012,2.23
,,2012 - 2013,2.0
,,2013 - 2014,1.95
,,2014 - 2015,2.13
,,2015 - 2016,2.09
,,2016 - 2017,2.01
,,2017 - 2018,2.36
,,2018 - 2019,2.24
,,2019 - 2020,2.23
,,2020 - 2021,2.26
,,2021 - 2022,2.32
,,2022 - 2023,2.29
,Dungarpur,2000 - 2001,0.44
,,2001 - 2002,0.75
,,2002 - 2003,0.23
,,2003 - 2004,1.14
,,2004 - 2005,0.66
,,2005 - 2006,0.43
,,2006 - 2007,0.7
,,2007 - 2008,0.83
,,2008 - 2009,0.82
,,2009 - 2010,0.39
,,2010 - 2011,1.11
,,2011 - 2012,1.25
,,2012 - 2013,0.97
,,2013 - 2014,0.93
,,2014 - 2015,1.09
,,2015 - 2016,0.79
,,2016 - 2017,1.0
,,2017 - 2018,0.89
,,2018 - 2019,0.89
,,2019 - 2020,1.19
,,2020 - 2021,1.38
,,2021 - 2022,1.0
,,2022 - 2023,1.31
,Ganganagar,2000 - 2001,0.44
,,2001 - 2002,0.74
,,2002 - 2003,0.22
,,2003 - 2004,1.14
,,2004 - 2005,0.66
,,2005 - 2006,0.43
,,2006 - 2007,1.49
,,2007 - 2008,1.85
,,2008 - 2009,1.72
,,2009 - 2010,1.03
,,2010 - 2011,1.11
,,2011 - 2012,1.83
,,2012 - 2013,1.62
,,2013 - 2014,1.42
,,2014 - 2015,1.25
,,2015 - 2016,1.18
,,2016 - 2017,1.19
,,2017 - 2018,1.45
,,2018 - 2019,1.53
,,2019 - 2020,1.41
,,2020 - 2021,1.86
,,2021 - 2022,1.27
,,2022 - 2023,1.34
,Hanumangarh,2000 - 2001,0.16
,,2001 - 2002,0.78
,,2002 - 2003,0.08
,,2003 - 2004,0.95
,,2004 - 2005,0.48
,,2005 - 2006,0.94
,,2006 - 2007,0.91
,,2007 - 2008,1.57
,,2008 - 2009,1.61
,,2009 - 2010,0.45
,,2010 - 2011,0.87
,,2011 - 2012,1.38
,,2012 - 2013,1.63
,,2013 - 2014,1.03
,,2014 - 2015,1.31
,,2015 - 2016,0.79
,,2016 - 2017,0.44
,,2017 - 2018,0.51
,,2018 - 2019,0.65
,,2019 - 2020,0.52
,,2020 - 2021,0.74
,,2021 - 2022,1.14
,,2022 - 2023,0.93
,Jaipur,2000 - 2001,0.61
,,2001 - 2002,1.13
,,2002 - 2003,0.4
,,2003 - 2004,1.67
,,2004 - 2005,1.41
,,2005 - 2006,0.78
,,2006 - 2007,1.17
,,2007 - 2008,1.51
,,2008 - 2009,1.54
,,2009 - 2010,0.75
,,2010 - 2011,1.35
,,2011 - 2012,1.56
,,2012 - 2013,1.41
,,2013 - 2014,1.51
,,2014 - 2015,1.64
,,2015 - 2016,1.19
,,2016 - 2017,1.63
,,2017 - 2018,1.49
,,2018 - 2019,1.54
,,2019 - 2020,1.89
,,2020 - 2021,2.15
,,2021 - 2022,1.91
,,2022 - 2023,1.78
,Jaisalmer,2000 - 2001,0.06
,,2001 - 2002,0.18
,,2002 - 2003,0.13
,,2003 - 2004,0.58
,,2004 - 2005,0.0
,,2005 - 2006,0.19
,,2006 - 2007,0.02
,,2007 - 2008,0.21
,,2008 - 2009,0.02
,,2009 - 2010,0.01
,,2010 - 2011,0.47
,,2011 - 2012,0.51
,,2012 - 2013,0.23
,,2013 - 2014,0.1
,,2014 - 2015,0.07
,,2015 - 2016,0.28
,,2016 - 2017,0.09
,,2017 - 2018,0.13
,,2018 - 2019,0.13
,,2019 - 2020,0.21
,,2020 - 2021,0.25
,,2021 - 2022,0.2
,,2022 - 2023,0.31
,Jalore,2000 - 2001,0.31
,,2001 - 2002,0.56
,,2002 - 2003,0.16
,,2003 - 2004,1.26
,,2004 - 2005,0.41
,,2005 - 2006,0.43
,,2006 - 2007,0.83
,,2007 - 2008,0.73
,,2008 - 2009,0.42
,,2009 - 2010,0.05
,,2010 - 2011,0.99
,,2011 - 2012,1.53
,,2012 - 2013,1.23
,,2013 - 2014,0.47
,,2014 - 2015,0.83
,,2015 - 2016,0.35
,,2016 - 2017,0.41
,,2017 - 2018,0.29
,,2018 - 2019,0.15
,,2019 - 2020,1.04
,,2020 - 2021,1.06
,,2021 - 2022,0.32
,,2022 - 2023,0.9
,Jhalawar,2000 - 2001,0.45
,,2001 - 2002,0.74
,,2002 - 2003,0.22
,,2003 - 2004,1.13
,,2004 - 2005,0.65
,,2005 - 2006,0.44
,,2006 - 2007,0.71
,,2007 - 2008,0.75
,,2008 - 2009,0.83
,,2009 - 2010,0.5
,,2010 - 2011,1.1
,,2011 - 2012,1.2
,,2012 - 2013,1.0
,,2013 - 2014,0.9
,,2014 - 2015,1.08
,,2015 - 2016,0.77
,,2016 - 2017,1.0
,,2017 - 2018,0.91
,,2018 - 2019,0.89
,,2019 - 2020,1.33
,,2020 - 2021,1.0
,,2021 - 2022,1.0
,,2022 - 2023,1.29
,Jhunjhunu,2000 - 2001,0.53
,,2001 - 2002,1.04
,,2002 - 2003,0.12
,,2003 - 2004,1.4
,,2004 - 2005,0.78
,,2005 - 2006,0.49
,,2006 - 2007,0.81
,,2007 - 2008,0.85
,,2008 - 2009,1.18
,,2009 - 2010,0.41
,,2010 - 2011,1.74
,,2011 - 2012,1.77
,,2012 - 2013,1.08
,,2013 - 2014,1.22
,,2014 - 2015,1.35
,,2015 - 2016,1.0
,,2016 - 2017,1.47
,,2017 - 2018,1.04
,,2018 - 2019,1.46
,,2019 - 2020,1.38
,,2020 - 2021,1.38
,,2021 - 2022,1.16
,,2022 - 2023,1.27
,Jodhpur,2000 - 2001,0.12
,,2001 - 2002,0.68
,,2002 - 2003,0.7
,,2003 - 2004,1.17
,,2004 - 2005,0.29
,,2005 - 2006,0.16
,,2006 - 2007,0.23
,,2007 - 2008,0.64
,,2008 - 2009,0.41
,,2009 - 2010,0.04
,,2010 - 2011,0.98
,,2011 - 2012,1.15
,,2012 - 2013,0.54
,,2013 - 2014,0.5
,,2014 - 2015,1.12
,,2015 - 2016,0.64
,,2016 - 2017,0.79
,,2017 - 2018,1.0
,,2018 - 2019,0.63
,,2019 - 2020,1.0
,,2020 - 2021,0.97
,,2021 - 2022,0.6
,,2022 - 2023,0.8
,Karauli,2000 - 2001,1.2
,,2001 - 2002,1.03
,,2002 - 2003,0.38
,,2003 - 2004,2.26
,,2004 - 2005,1.65
,,2005 - 2006,1.27
,,2006 - 2007,1.58
,,2007 - 2008,1.76
,,2008 - 2009,1.74
,,2009 - 2010,1.85
,,2010 - 2011,1.9
,,2011 - 2012,1.97
,,2012 - 2013,1.85
,,2013 - 2014,2.03
,,2014 - 2015,2.07
,,2015 - 2016,1.81
,,2016 - 2017,1.94
,,2017 - 2018,2.08
,,2018 - 2019,1.93
,,2019 - 2020,2.22
,,2020 - 2021,2.18
,,2021 - 2022,2.17
,,2022 - 2023,2.31
,Kota,2000 - 2001,0.44
,,2001 - 2002,0.75
,,2002 - 2003,0.22
,,2003 - 2004,1.14
,,2004 - 2005,0.63
,,2005 - 2006,0.42
,,2006 - 2007,0.68
,,2007 - 2008,0.83
,,2008 - 2009,0.83
,,2009 - 2010,0.4
,,2010 - 2011,1.11
,,2011 - 2012,1.25
,,2012 - 2013,0.97
,,2013 - 2014,0.93
,,2014 - 2015,1.09
,,2015 - 2016,0.79
,,2016 - 2017,1.0
,,2017 - 2018,0.88
,,2018 - 2019,0.88
,,2019 - 2020,1.18
,,2020 - 2021,1.34
,,2021 - 2022,1.0
,,2022 - 2023,1.3
,Nagaur,2000 - 2001,0.56
,,2001 - 2002,0.83
,,2002 - 2003,0.2
,,2003 - 2004,1.22
,,2004 - 2005,0.87
,,2005 - 2006,0.51
,,2006 - 2007,0.75
,,2007 - 2008,0.88
,,2008 - 2009,0.99
,,2009 - 2010,0.35
,,2010 - 2011,1.44
,,2011 - 2012,1.27
,,2012 - 2013,0.29
,,2013 - 2014,0.86
,,2014 - 2015,0.91
,,2015 - 2016,0.7
,,2016 - 2017,1.06
,,2017 - 2018,0.92
,,2018 - 2019,1.02
,,2019 - 2020,0.99
,,2020 - 2021,1.13
,,2021 - 2022,0.95
,,2022 - 2023,1.05
,Pali,2000 - 2001,0.21
,,2001 - 2002,0.55
,,2002 - 2003,0.0
,,2003 - 2004,0.75
,,2004 - 2005,0.67
,,2005 - 2006,0.36
,,2006 - 2007,0.69
,,2007 - 2008,0.77
,,2008 - 2009,0.59
,,2009 - 2010,0.01
,,2010 - 2011,1.05
,,2011 - 2012,0.84
,,2012 - 2013,0.66
,,2013 - 2014,0.56
,,2014 - 2015,0.61
,,2015 - 2016,0.74
,,2016 - 2017,0.75
,,2017 - 2018,0.45
,,2018 - 2019,1.16
,,2019 - 2020,0.89
,,2020 - 2021,1.17
,,2021 - 2022,0.77
,,2022 - 2023,0.95
,Pratapgarh,2008 - 2009,0.83
,,2009 - 2010,0.4
,,2010 - 2011,1.0
,,2011 - 2012,1.29
,,2012 - 2013,1.0
,,2013 - 2014,1.0
,,2014 - 2015,1.0
,,2015 - 2016,1.0
,,2016 - 2017,1.0
,,2017 - 2018,0.86
,,2018 - 2019,1.0
,,2019 - 2020,1.0
,,2020 - 2021,1.3
,,2021 - 2022,1.0
,,2022 - 2023,1.29
,Rajsamand,2000 - 2001,0.44
,,2001 - 2002,0.74
,,2002 - 2003,0.22
,,2003 - 2004,1.14
,,2004 - 2005,0.66
,,2005 - 2006,0.43
,,2006 - 2007,0.7
,,2007 - 2008,0.83
,,2008 - 2009,0.82
,,2009 - 2010,0.39
,,2010 - 2011,1.11
,,2011 - 2012,1.25
,,2012 - 2013,0.97
,,2013 - 2014,0.93
,,2014 - 2015,1.09
,,2015 - 2016,0.79
,,2016 - 2017,1.0
,,2017 - 2018,0.88
,,2018 - 2019,0.89
,,2019 - 2020,1.19
,,2020 - 2021,1.33
,,2021 - 2022,1.0
,,2022 - 2023,1.3
,Sawai madhopur,2000 - 2001,0.85
,,2001 - 2002,0.94
,,2002 - 2003,0.36
,,2003 - 2004,1.78
,,2004 - 2005,1.89
,,2005 - 2006,1.47
,,2006 - 2007,1.67
,,2007 - 2008,1.47
,,2008 - 2009,1.57
,,2009 - 2010,1.25
,,2010 - 2011,1.87
,,2011 - 2012,1.71
,,2012 - 2013,1.7
,,2013 - 2014,1.63
,,2014 - 2015,1.75
,,2015 - 2016,1.58
,,2016 - 2017,1.72
,,2017 - 2018,1.55
,,2018 - 2019,1.54
,,2019 - 2020,1.92
,,2020 - 2021,2.31
,,2021 - 2022,1.99
,,2022 - 2023,1.67
,Sikar,2000 - 2001,0.71
,,2001 - 2002,1.07
,,2002 - 2003,0.29
,,2003 - 2004,1.05
,,2004 - 2005,0.9
,,2005 - 2006,0.51
,,2006 - 2007,0.97
,,2007 - 2008,0.89
,,2008 - 2009,1.45
,,2009 - 2010,0.48
,,2010 - 2011,1.31
,,2011 - 2012,1.54
,,2012 - 2013,1.24
,,2013 - 2014,1.33
,,2014 - 2015,1.45
,,2015 - 2016,0.91
,,2016 - 2017,1.47
,,2017 - 2018,0.77
,,2018 - 2019,0.92
,,2019 - 2020,1.32
,,2020 - 2021,1.38
,,2021 - 2022,1.26
,,2022 - 2023,1.12
,Sirohi,2000 - 2001,0.44
,,2001 - 2002,0.74
,,2002 - 2003,0.22
,,2003 - 2004,1.14
,,2004 - 2005,0.66
,,2005 - 2006,0.43
,,2006 - 2007,0.51
,,2007 - 2008,0.55
,,2008 - 2009,0.54
,,2009 - 2010,0.18
,,2010 - 2011,1.11
,,2011 - 2012,0.7
,,2012 - 2013,1.21
,,2013 - 2014,0.47
,,2014 - 2015,0.85
,,2015 - 2016,0.77
,,2016 - 2017,0.52
,,2017 - 2018,0.0
,,2018 - 2019,0.66
,,2019 - 2020,1.21
,,2020 - 2021,1.16
,,2021 - 2022,0.8
,,2022 - 2023,1.11
,Tonk,2000 - 2001,0.58
,,2001 - 2002,0.69
,,2002 - 2003,0.38
,,2003 - 2004,1.45
,,2004 - 2005,1.19
,,2005 - 2006,0.59
,,2006 - 2007,0.86
,,2007 - 2008,1.23
,,2008 - 2009,1.39
,,2009 - 2010,0.53
,,2010 - 2011,1.54
,,2011 - 2012,1.28
,,2012 - 2013,1.26
,,2013 - 2014,1.31
,,2014 - 2015,1.46
,,2015 - 2016,1.11
,,2016 - 2017,1.46
,,2017 - 2018,1.53
,,2018 - 2019,1.44
,,2019 - 2020,1.31
,,2020 - 2021,1.68
,,2021 - 2022,1.64
,,2022 - 2023,1.49
,Udaipur,2000 - 2001,0.43
,,2001 - 2002,0.76
,,2002 - 2003,0.22
,,2003 - 2004,1.14
,,2004 - 2005,0.65
,,2005 - 2006,0.44
,,2006 - 2007,0.7
,,2007 - 2008,0.84
,,2008 - 2009,0.82
,,2009 - 2010,0.4
,,2010 - 2011,1.09
,,2011 - 2012,1.27
,,2012 - 2013,1.0
,,2013 - 2014,0.93
,,2014 - 2015,1.13
,,2015 - 2016,0.8
,,2016 - 2017,1.0
,,2017 - 2018,0.89
,,2018 - 2019,0.89
,,2019 - 2020,1.18
,,2020 - 2021,1.34
,,2021 - 2022,1.0
,,2022 - 2023,1.3
Tamil Nadu,Ariyalur,2008 - 2009,
,,2009 - 2010,
,,2011 - 2012,2.54
,,2013 - 2014,3.72
,,2014 - 2015,3.28
,,2015 - 2016,3.55
,,2016 - 2017,4.36
,,2017 - 2018,2.36
,,2018 - 2019,2.33
,,2019 - 2020,3.29
,,2020 - 2021,3.13
,,2021 - 2022,3.24
,,2022 - 2023,3.18
,Chengalpattu,2020 - 2021,2.67
,,2021 - 2022,2.47
,,2022 - 2023,2.75
,Coimbatore,2000 - 2001,1.56
,,2001 - 2002,1.91
,,2002 - 2003,1.1
,,2003 - 2004,1.15
,,2004 - 2005,1.88
,,2005 - 2006,1.81
,,2006 - 2007,
,,2007 - 2008,
,,2008 - 2009,
,,2009 - 2010,
,,2011 - 2012,2.21
,,2013 - 2014,2.29
,,2014 - 2015,3.02
,,2015 - 2016,2.7
,,2016 - 2017,2.95
,,2017 - 2018,2.35
,,2018 - 2019,2.85
,,2019 - 2020,2.8
,,2020 - 2021,2.62
,,2021 - 2022,2.5
,,2022 - 2023,2.72
,Cuddalore,2000 - 2001,1.89
,,2001 - 2002,2.46
,,2002 - 2003,1.78
,,2003 - 2004,1.49
,,2004 - 2005,1.46
,,2005 - 2006,1.35
,,2006 - 2007,
,,2007 - 2008,
,,2008 - 2009,
,,2009 - 2010,
,,2011 - 2012,2.95
,,2013 - 2014,2.36
,,2014 - 2015,3.3
,,2015 - 2016,2.98
,,2016 - 2017,4.35
,,2017 - 2018,3.82
,,2018 - 2019,3.33
,,2019 - 2020,3.51
,,2020 - 2021,3.26
,,2021 - 2022,3.64
,,2022 - 2023,3.47
,Dharmapuri,2000 - 2001,2.31
,,2001 - 2002,1.51
,,2002 - 2003,1.16
,,2003 - 2004,1.16
,,2004 - 2005,1.13
,,2005 - 2006,1.29
,,2006 - 2007,
,,2007 - 2008,
,,2008 - 2009,
,,2009 - 2010,
,,2011 - 2012,2.21
,,2013 - 2014,2.23
,,2014 - 2015,4.35
,,2015 - 2016,4.45
,,2016 - 2017,2.95
,,2017 - 2018,1.1
,,2018 - 2019,2.85
,,2019 - 2020,2.78
,,2020 - 2021,2.64
,,2021 - 2022,2.51
,,2022 - 2023,2.72
,Dindigul,2000 - 2001,2.11
,,2001 - 2002,1.2
,,2002 - 2003,1.01
,,2003 - 2004,1.22
,,2004 - 2005,1.34
,,2005 - 2006,1.01
,,2006 - 2007,
,,2007 - 2008,
,,2008 - 2009,
,,2009 - 2010,
,,2011 - 2012,2.68
,,2013 - 2014,2.21
,,2014 - 2015,4.87
,,2015 - 2016,3.88
,,2016 - 2017,2.96
,,2017 - 2018,2.36
,,2018 - 2019,2.84
,,2019 - 2020,2.76
,,2020 - 2021,2.63
,,2021 - 2022,2.48
,,2022 - 2023,2.75
,Erode,2000 - 2001,1.84
,,2001 - 2002,1.09
,,2002 - 2003,0.85
,,2003 - 2004,1.09
,,2004 - 2005,1.26
,,2005 - 2006,1.21
,,2006 - 2007,
,,2007 - 2008,
,,2008 - 2009,
,,2009 - 2010,
,,2011 - 2012,2.22
,,2013 - 2014,2.29
,,2014 - 2015,3.02
,,2015 - 2016,2.69
,,2016 - 2017,2.94
,,2017 - 2018,2.35
,,2018 - 2019,2.85
,,2019 - 2020,2.73
,,2020 - 2021,2.63
,,2021 - 2022,2.51
,,2022 - 2023,2.72
,Kallakurichi,2020 - 2021,2.2
,,2021 - 2022,1.64
,,2022 - 2023,1.68
,Kanchipuram,2000 - 2001,2.26
,,2001 - 2002,2.34
,,2002 - 2003,1.85
,,2003 - 2004,1.32
,,2004 - 2005,1.69
,,2005 - 2006,2.17
,,2006 - 2007,
,,2007 - 2008,
,,2008 - 2009,
,,2009 - 2010,
,,2011 - 2012,2.2
,,2013 - 2014,2.27
,,2014 - 2015,3.0
,,2015 - 2016,3.0
,,2016 - 2017,2.95
,,2017 - 2018,2.37
,,2018 - 2019,3.0
,,2019 - 2020,3.0
,,2020 - 2021,
,Karur,2000 - 2001,0.52
,,2001 - 2002,0.42
,,2002 - 2003,0.25
,,2003 - 2004,0.3
,,2004 - 2005,0.28
,,2005 - 2006,0.26
,,2006 - 2007,
,,2007 - 2008,
,,2008 - 2009,
,,2009 - 2010,
,,2011 - 2012,1.27
,,2013 - 2014,2.25
,,2014 - 2015,1.1
,,2015 - 2016,1.55
,,2016 - 2017,2.95
,,2017 - 2018,2.36
,,2018 - 2019,2.85
,,2019 - 2020,2.77
,,2020 - 2021,2.66
,,2021 - 2022,2.45
,,2022 - 2023,2.73
,Krishnagiri,2004 - 2005,1.4
,,2005 - 2006,0.9
,,2006 - 2007,
,,2007 - 2008,
,,2008 - 2009,
,,2009 - 2010,
,,2011 - 2012,2.21
,,2013 - 2014,3.23
,,2014 - 2015,3.02
,,2015 - 2016,2.69
,,2016 - 2017,2.95
,,2017 - 2018,2.36
,,2018 - 2019,2.84
,,2019 - 2020,2.78
,,2020 - 2021,2.64
,,2021 - 2022,2.5
,,2022 - 2023,2.72
,Madurai,2000 - 2001,1.6
,,2001 - 2002,1.28
,,2002 - 2003,1.47
,,2003 - 2004,1.13
,,2004 - 2005,1.23
,,2005 - 2006,1.19
,,2006 - 2007,
,,2007 - 2008,
,,2008 - 2009,
,,2009 - 2010,
,,2011 - 2012,2.32
,,2013 - 2014,1.64
,,2014 - 2015,2.35
,,2015 - 2016,2.26
,,2016 - 2017,2.66
,,2017 - 2018,3.11
,,2018 - 2019,3.42
,,2019 - 2020,3.69
,,2020 - 2021,3.61
,,2021 - 2022,3.44
,,2022 - 2023,3.02
,Nagapattinam,2001 - 2002,0.33
,,2004 - 2005,2.8
,,2013 - 2014,
,,2014 - 2015,
,,2022 - 2023,2.75
,Namakkal,2000 - 2001,1.46
,,2001 - 2002,1.4
,,2002 - 2003,1.03
,,2003 - 2004,1.09
,,2004 - 2005,1.19
,,2005 - 2006,1.4
,,2006 - 2007,
,,2007 - 2008,
,,2008 - 2009,
,,2009 - 2010,
,,2011 - 2012,2.21
,,2013 - 2014,2.28
,,2014 - 2015,3.02
,,2015 - 2016,2.69
,,2016 - 2017,2.94
,,2017 - 2018,2.36
,,2018 - 2019,2.82
,,2019 - 2020,2.78
,,2020 - 2021,2.63
,,2021 - 2022,2.51
,,2022 - 2023,2.7
,Perambalur,2000 - 2001,0.73
,,2001 - 2002,1.06
,,2002 - 2003,0.8
,,2003 - 2004,1.09
,,2004 - 2005,1.51
,,2005 - 2006,1.5
,,2006 - 2007,
,,2007 - 2008,
,,2008 - 2009,
,,2009 - 2010,
,,2011 - 2012,2.22
,,2013 - 2014,2.29
,,2014 - 2015,3.02
,,2015 - 2016,2.69
,,2016 - 2017,2.95
,,2017 - 2018,2.36
,,2018 - 2019,2.83
,,2019 - 2020,2.81
,,2020 - 2021,2.65
,,2021 - 2022,2.52
,,2022 - 2023,2.71
,Pudukkottai,2000 - 2001,1.35
,,2001 - 2002,1.33
,,2002 - 2003,0.86
,,2003 - 2004,1.13
,,2004 - 2005,1.17
,,2005 - 2006,1.31
,,2006 - 2007,
,,2007 - 2008,
,,2011 - 2012,2.18
,,2013 - 2014,2.29
,,2014 - 2015,3.0
,,2016 - 2017,3.0
,,2017 - 2018,2.33
,,2018 - 2019,
,,2019 - 2020,3.33
,,2020 - 2021,2.5
,,2021 - 2022,2.27
,,2022 - 2023,2.4
,Ramanathapuram,2000 - 2001,0.72
,,2001 - 2002,1.06
,,2002 - 2003,0.77
,,2003 - 2004,1.09
,,2004 - 2005,1.19
,,2005 - 2006,0.45
,,2006 - 2007,
,,2007 - 2008,
,,2008 - 2009,
,,2009 - 2010,
,,2011 - 2012,
,,2013 - 2014,
,,2014 - 2015,
,,2015 - 2016,
,,2016 - 2017,
,,2017 - 2018,
,,2018 - 2019,
,,2019 - 2020,
,,2020 - 2021,
,,2021 - 2022,
,,2022 - 2023,
,Ranipet,2020 - 2021,2.64
,,2021 - 2022,1.97
,,2022 - 2023,2.55
,Salem,2000 - 2001,1.86
,,2001 - 2002,1.95
,,2002 - 2003,1.06
,,2003 - 2004,1.14
,,2004 - 2005,1.49
,,2005 - 2006,1.07
,,2006 - 2007,
,,2007 - 2008,
,,2008 - 2009,
,,2009 - 2010,
,,2011 - 2012,1.22
,,2013 - 2014,1.97
,,2014 - 2015,1.9
,,2015 - 2016,3.02
,,2016 - 2017,1.8
,,2017 - 2018,1.97
,,2018 - 2019,2.58
,,2019 - 2020,2.78
,,2020 - 2021,2.64
,,2021 - 2022,2.5
,,2022 - 2023,2.72
,Sivaganga,2000 - 2001,2.0
,,2001 - 2002,1.92
,,2002 - 2003,0.67
,,2003 - 2004,1.29
,,2004 - 2005,2.16
,,2005 - 2006,2.02
,,2006 - 2007,
,,2007 - 2008,
,,2008 - 2009,
,,2009 - 2010,
,,2011 - 2012,2.33
,,2013 - 2014,2.31
,,2014 - 2015,3.03
,,2015 - 2016,2.69
,,2016 - 2017,2.94
,,2017 - 2018,2.0
,,2018 - 2019,3.0
,,2019 - 2020,2.83
,,2020 - 2021,3.0
,,2021 - 2022,3.0
,,2022 - 2023,
,Thanjavur,2000 - 2001,2.33
,,2001 - 2002,2.22
,,2002 - 2003,1.75
,,2003 - 2004,1.32
,,2004 - 2005,2.33
,,2005 - 2006,2.0
,,2007 - 2008,
,,2009 - 2010,
,,2011 - 2012,2.0
,,2013 - 2014,2.33
,,2015 - 2016,
,,2017 - 2018,2.5
,,2018 - 2019,3.0
,,2019 - 2020,
,,2022 - 2023,
,The nilgiris,2000 - 2001,0.5
,,2003 - 2004,1.0
,,2022 - 2023,4.0
,Theni,2000 - 2001,1.71
,,2001 - 2002,1.45
,,2002 - 2003,0.85
,,2003 - 2004,0.44
,,2004 - 2005,1.5
,,2005 - 2006,1.51
,,2006 - 2007,
,,2007 - 2008,
,,2008 - 2009,
,,2009 - 2010,
,,2011 - 2012,3.02
,,2013 - 2014,2.1
,,2014 - 2015,3.54
,,2015 - 2016,3.19
,,2016 - 2017,1.44
,,2017 - 2018,1.87
,,2018 - 2019,3.5
,,2019 - 2020,2.78
,,2020 - 2021,2.64
,,2021 - 2022,2.5
,,2022 - 2023,2.73
,Thenkasi,2020 - 2021,2.64
,,2021 - 2022,2.54
,,2022 - 2023,2.69
,Thiruvallur,2000 - 2001,1.9
,,2001 - 2002,1.76
,,2002 - 2003,1.3
,,2003 - 2004,1.12
,,2004 - 2005,1.89
,,2005 - 2006,1.61
,,2006 - 2007,
,,2007 - 2008,
,,2008 - 2009,
,,2009 - 2010,
,,2011 - 2012,1.32
,,2013 - 2014,2.28
,,2014 - 2015,3.02
,,2015 - 2016,2.69
,,2016 - 2017,2.95
,,2017 - 2018,2.36
,,2018 - 2019,2.84
,,2019 - 2020,2.79
,,2020 - 2021,2.63
,,2021 - 2022,2.5
,,2022 - 2023,2.72
,Thoothukudi,2000 - 2001,1.43
,,2001 - 2002,1.11
,,2002 - 2003,1.33
,,2003 - 2004,1.65
,,2004 - 2005,2.08
,,2005 - 2006,1.65
,,2006 - 2007,
,,2007 - 2008,
,,2008 - 2009,
,,2009 - 2010,
,,2011 - 2012,2.0
,,2013 - 2014,
,,2014 - 2015,
,,2015 - 2016,
,,2016 - 2017,
,,2017 - 2018,
,,2018 - 2019,3.0
,,2019 - 2020,2.75
,,2020 - 2021,2.67
,,2021 - 2022,2.53
,,2022 - 2023,2.6
,Tiruchirappalli,2000 - 2001,1.17
,,2001 - 2002,0.71
,,2002 - 2003,0.98
,,2003 - 2004,0.58
,,2004 - 2005,0.42
,,2005 - 2006,0.32
,,2006 - 2007,
,,2007 - 2008,
,,2008 - 2009,
,,2009 - 2010,
,,2011 - 2012,1.43
,,2013 - 2014,0.79
,,2014 - 2015,1.76
,,2015 - 2016,1.0
,,2016 - 2017,1.1
,,2017 - 2018,2.59
,,2018 - 2019,1.98
,,2019 - 2020,2.79
,,2020 - 2021,2.63
,,2021 - 2022,2.52
,,2022 - 2023,2.73
,Tirunelveli,2000 - 2001,1.59
,,2001 - 2002,1.3
,,2002 - 2003,0.99
,,2003 - 2004,1.14
,,2004 - 2005,1.66
,,2005 - 2006,2.8
,,2006 - 2007,
,,2007 - 2008,
,,2008 - 2009,
,,2009 - 2010,
,,2011 - 2012,2.2
,,2013 - 2014,2.29
,,2014 - 2015,3.03
,,2015 - 2016,2.7
,,2016 - 2017,2.96
,,2017 - 2018,
,,2018 - 2019,2.84
,,2019 - 2020,2.0
,,2020 - 2021,
,,2022 - 2023,3.33
,Tirupathur,2020 - 2021,3.13
,,2021 - 2022,3.2
,,2022 - 2023,3.38
,Tiruppur,2008 - 2009,
,,2009 - 2010,
,,2011 - 2012,2.21
,,2013 - 2014,2.29
,,2014 - 2015,3.03
,,2015 - 2016,2.69
,,2016 - 2017,2.92
,,2017 - 2018,2.36
,,2018 - 2019,2.95
,,2019 - 2020,2.82
,,2020 - 2021,2.63
,,2021 - 2022,2.5
,,2022 - 2023,2.69
,Tiruvannamalai,2000 - 2001,1.13
,,2001 - 2002,0.97
,,2002 - 2003,0.56
,,2003 - 2004,0.68
,,2004 - 2005,0.32
,,2005 - 2006,0.62
,,2006 - 2007,
,,2007 - 2008,
,,2008 - 2009,
,,2009 - 2010,
,,2011 - 2012,1.54
,,2013 - 2014,1.55
,,2014 - 2015,3.18
,,2015 - 2016,1.9
,,2016 - 2017,2.5
,,2017 - 2018,1.89
,,2018 - 2019,2.25
,,2019 - 2020,4.2
,,2020 - 2021,3.4
,,2021 - 2022,2.11
,,2022 - 2023,2.0
,Vellore,2000 - 2001,1.82
,,2001 - 2002,1.46
,,2002 - 2003,0.91
,,2003 - 2004,1.01
,,2004 - 2005,1.09
,,2005 - 2006,1.08
,,2006 - 2007,
,,2007 - 2008,
,,2008 - 2009,
,,2009 - 2010,
,,2011 - 2012,1.85
,,2013 - 2014,2.55
,,2014 - 2015,4.78
,,2015 - 2016,4.77
,,2016 - 2017,2.86
,,2017 - 2018,2.62
,,2018 - 2019,2.3
,,2019 - 2020,3.1
,,2020 - 2021,3.67
,,2021 - 2022,2.68
,,2022 - 2023,3.67
,Villupuram,2000 - 2001,1.47
,,2001 - 2002,1.27
,,2002 - 2003,0.39
,,2003 - 2004,1.13
,,2004 - 2005,0.96
,,2005 - 2006,0.86
,,2006 - 2007,
,,2007 - 2008,
,,2008 - 2009,
,,2009 - 2010,
,,2011 - 2012,2.34
,,2013 - 2014,2.47
,,2014 - 2015,2.8
,,2015 - 2016,2.38
,,2016 - 2017,2.84
,,2017 - 2018,2.16
,,2018 - 2019,2.86
,,2019 - 2020,2.53
,,2020 - 2021,2.54
,,2021 - 2022,3.56
,,2022 - 2023,3.48
,Virudhunagar,2000 - 2001,1.45
,,2001 - 2002,1.36
,,2002 - 2003,1.28
,,2003 - 2004,1.1
,,2004 - 2005,1.2
,,2005 - 2006,1.47
,,2006 - 2007,
,,2007 - 2008,
,,2008 - 2009,
,,2009 - 2010,
,,2011 - 2012,1.72
,,2013 - 2014,3.24
,,2014 - 2015,3.03
,,2015 - 2016,2.7
,,2016 - 2017,2.97
,,2017 - 2018,2.35
,,2018 - 2019,2.86
,,2019 - 2020,2.78
,,2020 - 2021,2.64
,,2021 - 2022,2.59
,,2022 - 2023,2.72
Telangana,Adilabad,2000 - 2001,
,,2001 - 2002,
,,2002 - 2003,
,,2003 - 2004,
,,2004 - 2005,
,,2005 - 2006,
,,2006 - 2007,
,,2007 - 2008,
,,2008 - 2009,
,,2009 - 2010,
,,2010 - 2011,
,,2011 - 2012,
,,2013 - 2014,
,,2014 - 2015,
,,2015 - 2016,
,,2019 - 2020,1.21
,,2020 - 2021,
,,2021 - 2022,
,Bhadradri,2016 - 2017,
,,2021 - 2022,
,Jagitial,2016 - 2017,
,,2017 - 2018,
,,2018 - 2019,
,,2019 - 2020,
,,2020 - 2021,
,,2021 - 2022,
,,2022 - 2023,
,Jangoan,2020 - 2021,1.0
,Jayashankar,2017 - 2018,
,,2022 - 2023,1.0
,Jogulamba,2016 - 2017,1.06
,,2017 - 2018,1.17
,,2018 - 2019,0.5
,,2019 - 2020,1.5
,,2020 - 2021,0.99
,,2021 - 2022,1.41
,,2022 - 2023,0.85
,Kamareddy,2020 - 2021,0.83
,,2021 - 2022,
,Karimnagar,2000 - 2001,
,,2001 - 2002,
,,2002 - 2003,
,,2003 - 2004,
,,2004 - 2005,
,,2005 - 2006,
,,2006 - 2007,
,,2008 - 2009,
,,2009 - 2010,
,,2010 - 2011,
,,2011 - 2012,
,,2012 - 2013,
,,2013 - 2014,
,,2014 - 2015,
,,2015 - 2016,
,,2020 - 2021,1.0
,,2021 - 2022,
,Khammam,2000 - 2001,0.6
,,2001 - 2002,0.47
,,2002 - 2003,0.47
,,2003 - 2004,0.61
,,2004 - 2005,0.32
,,2005 - 2006,0.63
,,2006 - 2007,0.34
,,2008 - 2009,0.64
,,2009 - 2010,0.5
,,2010 - 2011,0.67
,,2011 - 2012,0.75
,,2013 - 2014,1.0
,,2016 - 2017,1.0
,,2019 - 2020,
,,2021 - 2022,1.0
,Komaram bheem asifabad,2019 - 2020,1.0
,,2020 - 2021,2.0
,,2022 - 2023,0.85
,Mahabubabad,2017 - 2018,
,,2018 - 2019,
,,2020 - 2021,
,,2022 - 2023,
,Mahbubnagar,2000 - 2001,0.61
,,2001 - 2002,0.48
,,2002 - 2003,0.55
,,2003 - 2004,0.58
,,2004 - 2005,0.47
,,2005 - 2006,0.79
,,2006 - 2007,0.38
,,2007 - 2008,0.67
,,2008 - 2009,0.66
,,2009 - 2010,0.44
,,2010 - 2011,0.74
,,2011 - 2012,0.55
,,2012 - 2013,1.0
,,2013 - 2014,0.93
,,2014 - 2015,0.95
,,2015 - 2016,0.95
,,2016 - 2017,1.0
,,2019 - 2020,1.22
,,2020 - 2021,0.94
,,2021 - 2022,1.2
,Medak,2000 - 2001,0.6
,,2001 - 2002,0.47
,,2002 - 2003,0.47
,,2003 - 2004,0.61
,,2004 - 2005,0.32
,,2005 - 2006,0.63
,,2006 - 2007,0.35
,,2007 - 2008,1.0
,,2008 - 2009,0.63
,,2009 - 2010,0.48
,,2010 - 2011,0.72
,,2011 - 2012,0.63
,,2013 - 2014,0.94
,,2014 - 2015,0.94
,,2015 - 2016,0.94
,,2016 - 2017,
,,2018 - 2019,0.5
,,2019 - 2020,1.21
,,2020 - 2021,1.0
,,2021 - 2022,1.25
,,2022 - 2023,0.75
,Medchal,2020 - 2021,1.0
,,2021 - 2022,1.2
,,2022 - 2023,1.0
,Mulugu,2021 - 2022,
,Nagarkurnool,2016 - 2017,1.06
,,2017 - 2018,1.06
,,2018 - 2019,0.2
,,2019 - 2020,1.22
,,2020 - 2021,0.91
,,2021 - 2022,1.25
,,2022 - 2023,0.88
,Nalgonda,2000 - 2001,0.59
,,2001 - 2002,0.44
,,2002 - 2003,0.41
,,2003 - 2004,0.63
,,2004 - 2005,0.2
,,2005 - 2006,0.47
,,2006 - 2007,0.31
,,2007 - 2008,0.4
,,2008 - 2009,0.5
,,2009 - 2010,0.6
,,2010 - 2011,0.7
,,2011 - 2012,0.82
,,2012 - 2013,1.0
,,2013 - 2014,1.01
,,2014 - 2015,0.41
,,2015 - 2016,0.58
,,2016 - 2017,0.59
,,2017 - 2018,0.72
,,2018 - 2019,0.5
,,2019 - 2020,1.21
,,2020 - 2021,0.91
,,2021 - 2022,1.2
,,2022 - 2023,0.89
,Narayanapet,2019 - 2020,1.33
,,2020 - 2021,1.0
,,2021 - 2022,1.0
,,2022 - 2023,1.0
,Nirmal,2017 - 2018,
,,2018 - 2019,
,,2019 - 2020,
,,2020 - 2021,
,,2021 - 2022,
,,2022 - 2023,
,Nizamabad,2000 - 2001,
,,2001 - 2002,
,,2002 - 2003,
,,2003 - 2004,
,,2004 - 2005,
,,2005 - 2006,
,,2006 - 2007,
,,2007 - 2008,
,,2008 - 2009,0.61
,,2009 - 2010,
,,2010 - 2011,0.5
,,2011 - 2012,0.62
,,2012 - 2013,
,,2013 - 2014,
,,2014 - 2015,
,,2015 - 2016,
,,2016 - 2017,1.0
,,2017 - 2018,
,,2018 - 2019,
,,2019 - 2020,1.25
,,2020 - 2021,0.93
,,2021 - 2022,1.0
,,2022 - 2023,0.75
,Peddapalli,2016 - 2017,
,,2022 - 2023,
,Rajanna,2019 - 2020,1.0
,Rangareddi,2000 - 2001,0.6
,,2001 - 2002,0.47
,,2002 - 2003,0.47
,,2003 - 2004,0.61
,,2004 - 2005,0.32
,,2005 - 2006,0.63
,,2006 - 2007,0.35
,,2008 - 2009,0.63
,,2009 - 2010,0.48
,,2010 - 2011,0.73
,,2011 - 2012,0.63
,,2013 - 2014,0.94
,,2014 - 2015,0.94
,,2015 - 2016,0.94
,,2016 - 2017,0.87
,,2017 - 2018,1.06
,,2018 - 2019,0.49
,,2019 - 2020,1.21
,,2020 - 2021,0.93
,,2021 - 2022,1.21
,,2022 - 2023,0.8
,Sangareddy,2016 - 2017,0.87
,,2017 - 2018,1.06
,,2018 - 2019,0.5
,,2019 - 2020,0.47
,,2020 - 2021,0.68
,,2021 - 2022,0.12
,,2022 - 2023,0.88
,Siddipet,2020 - 2021,1.0
,,2021 - 2022,1.25
,,2022 - 2023,1.0
,Suryapet,2019 - 2020,1.0
,,2020 - 2021,1.0
,,2021 - 2022,1.0
,,2022 - 2023,
,Vikarabad,2016 - 2017,0.86
,,2017 - 2018,1.0
,,2018 - 2019,0.5
,,2019 - 2020,1.21
,,2020 - 2021,0.89
,,2021 - 2022,1.25
,,2022 - 2023,0.75
,Wanaparthy,2017 - 2018,1.0
,,2019 - 2020,1.0
,,2020 - 2021,1.0
,,2022 - 2023,1.0
,Warangal,2000 - 2001,0.59
,,2001 - 2002,0.47
,,2002 - 2003,0.47
,,2003 - 2004,0.61
,,2004 - 2005,0.32
,,2005 - 2006,0.63
,,2006 - 2007,0.36
,,2007 - 2008,
,,2010 - 2011,0.78
,,2011 - 2012,
,,2014 - 2015,1.0
,,2015 - 2016,1.0
,,2018 - 2019,
,,2019 - 2020,
,,2022 - 2023,
,Warangal urban,2021 - 2022,1.0
,,2022 - 2023,
,Yadadri,2016 - 2017,0.59
,,2019 - 2020,1.0
,,2020 - 2021,1.0
,,2021 - 2022,1.0
The Dadra & Nagar Haveli and Daman and Diu,Diu,2021 - 2022,1.53
,,2022 - 2023,1.52
Uttar Pradesh,Agra,2000 - 2001,1.41
,,2001 - 2002,1.12
,,2002 - 2003,1.59
,,2003 - 2004,1.42
,,2004 - 2005,1.95
,,2005 - 2006,1.4
,,2006 - 2007,1.38
,,2007 - 2008,1.25
,,2008 - 2009,1.57
,,2009 - 2010,1.57
,,2010 - 2011,1.77
,,2011 - 2012,2.11
,,2012 - 2013,2.15
,,2013 - 2014,2.4
,,2014 - 2015,2.09
,,2015 - 2016,1.9
,,2016 - 2017,2.45
,,2017 - 2018,2.38
,,2018 - 2019,2.28
,,2019 - 2020,2.48
,,2020 - 2021,2.45
,,2021 - 2022,2.38
,,2022 - 2023,2.27
,Aligarh,2000 - 2001,1.66
,,2001 - 2002,1.29
,,2002 - 2003,1.54
,,2003 - 2004,1.56
,,2004 - 2005,1.86
,,2005 - 2006,1.73
,,2006 - 2007,1.72
,,2007 - 2008,1.91
,,2008 - 2009,2.04
,,2009 - 2010,1.81
,,2010 - 2011,1.98
,,2011 - 2012,1.93
,,2012 - 2013,2.5
,,2013 - 2014,3.12
,,2014 - 2015,2.09
,,2015 - 2016,2.24
,,2016 - 2017,2.3
,,2017 - 2018,2.37
,,2018 - 2019,2.2
,,2019 - 2020,2.33
,,2020 - 2021,2.4
,,2021 - 2022,2.34
,,2022 - 2023,2.62
,Allahabad,2000 - 2001,0.59
,,2001 - 2002,0.92
,,2002 - 2003,0.89
,,2003 - 2004,0.61
,,2004 - 2005,0.96
,,2005 - 2006,1.19
,,2006 - 2007,0.92
,,2007 - 2008,1.15
,,2008 - 2009,1.04
,,2009 - 2010,0.94
,,2010 - 2011,1.01
,,2011 - 2012,0.95
,,2012 - 2013,0.92
,,2013 - 2014,0.73
,,2014 - 2015,0.69
,,2015 - 2016,0.9
,,2016 - 2017,0.95
,,2017 - 2018,0.75
,,2018 - 2019,1.34
,,2019 - 2020,1.23
,,2020 - 2021,1.2
,,2021 - 2022,1.06
,,2022 - 2023,1.75
,Ambedkar nagar,2000 - 2001,1.55
,,2001 - 2002,1.26
,,2002 - 2003,1.38
,,2003 - 2004,1.37
,,2004 - 2005,1.56
,,2005 - 2006,1.56
,,2006 - 2007,1.5
,,2007 - 2008,1.55
,,2008 - 2009,1.67
,,2009 - 2010,1.69
,,2010 - 2011,1.0
,,2011 - 2012,1.9
,,2012 - 2013,0.88
,,2013 - 2014,0.96
,,2014 - 2015,1.21
,,2015 - 2016,0.52
,,2016 - 2017,0.88
,,2017 - 2018,2.0
,,2018 - 2019,2.11
,,2019 - 2020,2.11
,,2020 - 2021,2.5
,,2021 - 2022,2.0
,,2022 - 2023,2.0
,Amethi,2010 - 2011,1.17
,,2011 - 2012,1.9
,,2012 - 2013,0.84
,,2013 - 2014,0.95
,,2014 - 2015,1.23
,,2015 - 2016,0.53
,,2016 - 2017,0.8
,,2017 - 2018,1.97
,,2018 - 2019,2.07
,,2019 - 2020,2.16
,,2020 - 2021,2.39
,,2021 - 2022,2.16
,,2022 - 2023,2.16
,Amroha,2000 - 2001,0.9
,,2001 - 2002,1.34
,,2002 - 2003,0.41
,,2003 - 2004,0.66
,,2004 - 2005,0.93
,,2005 - 2006,0.78
,,2006 - 2007,0.69
,,2007 - 2008,0.99
,,2008 - 2009,1.02
,,2009 - 2010,0.91
,,2010 - 2011,0.77
,,2011 - 2012,0.84
,,2012 - 2013,0.57
,,2013 - 2014,0.57
,,2014 - 2015,1.03
,,2015 - 2016,1.29
,,2016 - 2017,0.99
,,2017 - 2018,0.97
,,2018 - 2019,1.14
,,2019 - 2020,1.07
,,2020 - 2021,0.89
,,2021 - 2022,1.26
,,2022 - 2023,1.29
,Auraiya,2000 - 2001,1.44
,,2001 - 2002,1.35
,,2002 - 2003,1.38
,,2003 - 2004,1.34
,,2004 - 2005,1.53
,,2005 - 2006,1.54
,,2006 - 2007,1.73
,,2007 - 2008,1.84
,,2008 - 2009,2.36
,,2009 - 2010,2.27
,,2010 - 2011,2.0
,,2011 - 2012,2.06
,,2012 - 2013,2.4
,,2013 - 2014,2.29
,,2014 - 2015,2.2
,,2015 - 2016,2.29
,,2016 - 2017,2.32
,,2017 - 2018,2.29
,,2018 - 2019,2.47
,,2019 - 2020,2.58
,,2020 - 2021,2.85
,,2021 - 2022,2.76
,,2022 - 2023,2.46
,Azamgarh,2000 - 2001,0.78
,,2001 - 2002,1.18
,,2002 - 2003,1.34
,,2003 - 2004,1.35
,,2004 - 2005,1.62
,,2005 - 2006,1.51
,,2006 - 2007,1.54
,,2007 - 2008,1.56
,,2008 - 2009,1.66
,,2009 - 2010,1.7
,,2010 - 2011,0.97
,,2011 - 2012,1.47
,,2012 - 2013,1.93
,,2013 - 2014,1.27
,,2014 - 2015,1.99
,,2015 - 2016,1.81
,,2016 - 2017,1.9
,,2017 - 2018,1.93
,,2018 - 2019,2.08
,,2019 - 2020,2.16
,,2020 - 2021,2.4
,,2021 - 2022,2.16
,,2022 - 2023,2.16
,Baghpat,2000 - 2001,1.28
,,2001 - 2002,0.99
,,2002 - 2003,1.26
,,2003 - 2004,1.42
,,2004 - 2005,1.48
,,2005 - 2006,1.44
,,2006 - 2007,1.24
,,2007 - 2008,1.51
,,2008 - 2009,1.79
,,2009 - 2010,1.92
,,2010 - 2011,1.79
,,2011 - 2012,1.87
,,2012 - 2013,2.33
,,2013 - 2014,1.35
,,2014 - 2015,2.03
,,2015 - 2016,1.99
,,2016 - 2017,1.17
,,2017 - 2018,1.95
,,2018 - 2019,2.35
,,2019 - 2020,1.89
,,2020 - 2021,1.88
,,2021 - 2022,1.74
,,2022 - 2023,1.6
,Bahraich,2000 - 2001,1.73
,,2001 - 2002,1.6
,,2002 - 2003,1.57
,,2003 - 2004,1.47
,,2004 - 2005,1.85
,,2005 - 2006,1.52
,,2006 - 2007,1.76
,,2007 - 2008,1.54
,,2008 - 2009,1.82
,,2009 - 2010,1.62
,,2011 - 2012,2.08
,,2012 - 2013,2.05
,,2013 - 2014,2.04
,,2014 - 2015,1.92
,,2015 - 2016,1.67
,,2016 - 2017,1.88
,,2017 - 2018,1.93
,,2018 - 2019,2.03
,,2019 - 2020,2.13
,,2020 - 2021,2.0
,,2021 - 2022,2.14
,,2022 - 2023,2.15
,Ballia,2000 - 2001,0.79
,,2001 - 2002,1.19
,,2002 - 2003,1.34
,,2003 - 2004,1.35
,,2004 - 2005,1.62
,,2005 - 2006,1.51
,,2006 - 2007,1.55
,,2007 - 2008,1.56
,,2008 - 2009,1.67
,,2009 - 2010,1.7
,,2010 - 2011,0.97
,,2011 - 2012,1.47
,,2012 - 2013,1.92
,,2013 - 2014,1.27
,,2014 - 2015,1.99
,,2015 - 2016,1.81
,,2016 - 2017,1.9
,,2017 - 2018,1.93
,,2018 - 2019,2.08
,,2019 - 2020,2.16
,,2020 - 2021,2.43
,,2021 - 2022,2.16
,,2022 - 2023,2.16
,Balrampur,2000 - 2001,1.73
,,2001 - 2002,1.6
,,2002 - 2003,1.54
,,2004 - 2005,1.87
,,2006 - 2007,1.76
,,2008 - 2009,1.82
,,2010 - 2011,1.69
,Banda,2000 - 2001,0.84
,,2001 - 2002,0.72
,,2002 - 2003,0.34
,,2003 - 2004,0.73
,,2004 - 2005,1.1
,,2005 - 2006,1.05
,,2006 - 2007,0.82
,,2007 - 2008,0.58
,,2008 - 2009,0.8
,,2009 - 2010,0.65
,,2010 - 2011,0.83
,,2011 - 2012,0.92
,,2012 - 2013,1.43
,,2013 - 2014,1.23
,,2014 - 2015,0.93
,,2015 - 2016,0.45
,,2016 - 2017,0.96
,,2017 - 2018,1.87
,,2018 - 2019,1.01
,,2019 - 2020,1.83
,,2020 - 2021,2.22
,,2021 - 2022,1.5
,,2022 - 2023,1.84
,Barabanki,2000 - 2001,1.55
,,2001 - 2002,1.26
,,2002 - 2003,1.38
,,2003 - 2004,1.37
,,2004 - 2005,1.57
,,2005 - 2006,1.57
,,2006 - 2007,1.5
,,2007 - 2008,1.56
,,2008 - 2009,1.66
,,2009 - 2010,1.67
,,2010 - 2011,1.02
,,2011 - 2012,1.9
,,2012 - 2013,0.64
,,2013 - 2014,0.95
,,2014 - 2015,1.23
,,2015 - 2016,0.53
,,2016 - 2017,0.74
,,2017 - 2018,1.97
,,2018 - 2019,2.07
,,2019 - 2020,2.16
,,2020 - 2021,2.37
,,2021 - 2022,2.16
,,2022 - 2023,2.16
,Bareilly,2000 - 2001,1.44
,,2001 - 2002,1.0
,,2002 - 2003,1.08
,,2003 - 2004,1.16
,,2004 - 2005,1.19
,,2005 - 2006,1.0
,,2006 - 2007,1.32
,,2007 - 2008,1.16
,,2008 - 2009,1.29
,,2009 - 2010,1.42
,,2010 - 2011,1.33
,,2011 - 2012,1.5
,,2012 - 2013,1.44
,,2013 - 2014,1.24
,,2014 - 2015,1.08
,,2015 - 2016,2.1
,,2016 - 2017,1.47
,,2017 - 2018,1.61
,,2018 - 2019,1.59
,,2019 - 2020,1.59
,,2020 - 2021,2.23
,,2021 - 2022,2.15
,,2022 - 2023,1.9
,Basti,2000 - 2001,1.83
,,2001 - 2002,1.73
,,2002 - 2003,1.67
,,2003 - 2004,1.71
,,2004 - 2005,1.9
,,2005 - 2006,1.74
,,2006 - 2007,1.67
,,2009 - 2010,1.82
,,2011 - 2012,2.08
,Bijnor,2000 - 2001,0.89
,,2001 - 2002,1.33
,,2003 - 2004,1.0
,,2008 - 2009,1.0
,,2011 - 2012,1.0
,Budaun,2000 - 2001,1.78
,,2001 - 2002,1.12
,,2002 - 2003,1.27
,,2003 - 2004,1.74
,,2004 - 2005,1.39
,,2005 - 2006,1.38
,,2006 - 2007,1.44
,,2007 - 2008,1.49
,,2008 - 2009,1.5
,,2009 - 2010,1.89
,,2010 - 2011,1.8
,,2011 - 2012,1.69
,,2012 - 2013,1.85
,,2013 - 2014,1.88
,,2014 - 2015,1.7
,,2015 - 2016,1.67
,,2016 - 2017,1.89
,,2017 - 2018,1.54
,,2018 - 2019,1.59
,,2019 - 2020,1.59
,,2020 - 2021,2.32
,,2021 - 2022,2.29
,,2022 - 2023,2.43
,Bulandshahr,2000 - 2001,1.62
,,2001 - 2002,1.49
,,2002 - 2003,1.26
,,2003 - 2004,1.46
,,2004 - 2005,1.39
,,2005 - 2006,1.51
,,2006 - 2007,1.59
,,2007 - 2008,1.56
,,2008 - 2009,1.83
,,2009 - 2010,2.02
,,2010 - 2011,2.0
,,2011 - 2012,1.92
,,2012 - 2013,1.97
,,2013 - 2014,2.13
,,2014 - 2015,2.03
,,2015 - 2016,1.99
,,2016 - 2017,1.97
,,2017 - 2018,2.04
,,2018 - 2019,2.16
,,2019 - 2020,1.93
,,2020 - 2021,1.93
,,2021 - 2022,1.74
,,2022 - 2023,1.7
,Chandauli,2000 - 2001,1.05
,,2001 - 2002,1.29
,,2002 - 2003,1.71
,,2003 - 2004,0.98
,,2004 - 2005,1.09
,,2005 - 2006,1.33
,,2006 - 2007,1.58
,,2007 - 2008,1.44
,,2008 - 2009,1.21
,,2009 - 2010,0.87
,,2010 - 2011,1.31
,,2011 - 2012,1.54
,,2012 - 2013,1.25
,,2013 - 2014,1.02
,,2014 - 2015,1.57
,,2015 - 2016,1.29
,,2016 - 2017,0.77
,,2017 - 2018,1.15
,,2018 - 2019,1.14
,,2019 - 2020,0.9
,,2020 - 2021,1.39
,,2021 - 2022,1.09
,,2022 - 2023,0.73
,Chitrakoot,2000 - 2001,0.73
,,2001 - 2002,0.71
,,2002 - 2003,0.58
,,2003 - 2004,0.76
,,2004 - 2005,1.14
,,2005 - 2006,0.95
,,2006 - 2007,0.8
,,2007 - 2008,0.52
,,2008 - 2009,1.18
,,2009 - 2010,0.69
,,2010 - 2011,0.68
,,2011 - 2012,0.89
,,2012 - 2013,1.38
,,2013 - 2014,1.43
,,2014 - 2015,1.01
,,2015 - 2016,0.35
,,2016 - 2017,1.03
,,2017 - 2018,0.86
,,2018 - 2019,1.06
,,2019 - 2020,1.85
,,2020 - 2021,2.22
,,2021 - 2022,1.53
,,2022 - 2023,1.35
,Deoria,2000 - 2001,1.68
,,2001 - 2002,1.41
,,2002 - 2003,1.5
,,2003 - 2004,1.48
,,2004 - 2005,1.73
,,2005 - 2006,1.57
,,2006 - 2007,1.61
,,2007 - 2008,1.56
,,2008 - 2009,1.73
,,2009 - 2010,1.71
,,2010 - 2011,1.71
,,2011 - 2012,2.04
,,2012 - 2013,2.08
,,2013 - 2014,2.07
,,2014 - 2015,1.92
,,2015 - 2016,1.81
,,2016 - 2017,1.83
,,2017 - 2018,1.93
,,2018 - 2019,2.22
,,2019 - 2020,2.19
,,2020 - 2021,2.4
,,2021 - 2022,2.16
,,2022 - 2023,2.16
,Etah,2000 - 2001,1.74
,,2001 - 2002,1.48
,,2002 - 2003,1.46
,,2003 - 2004,1.22
,,2004 - 2005,1.63
,,2005 - 2006,1.65
,,2006 - 2007,1.81
,,2007 - 2008,1.92
,,2008 - 2009,1.83
,,2009 - 2010,2.03
,,2010 - 2011,1.92
,,2011 - 2012,2.73
,,2012 - 2013,2.8
,,2013 - 2014,2.98
,,2014 - 2015,3.12
,,2015 - 2016,2.59
,,2016 - 2017,2.3
,,2017 - 2018,2.44
,,2018 - 2019,2.58
,,2019 - 2020,2.76
,,2020 - 2021,2.72
,,2021 - 2022,2.55
,,2022 - 2023,2.54
,Etawah,2000 - 2001,1.46
,,2001 - 2002,1.32
,,2002 - 2003,1.37
,,2003 - 2004,0.88
,,2004 - 2005,1.93
,,2005 - 2006,1.73
,,2006 - 2007,1.72
,,2007 - 2008,1.84
,,2008 - 2009,2.17
,,2009 - 2010,2.0
,,2010 - 2011,2.05
,,2011 - 2012,2.01
,,2012 - 2013,2.39
,,2013 - 2014,2.48
,,2014 - 2015,1.96
,,2015 - 2016,2.31
,,2016 - 2017,2.33
,,2017 - 2018,2.21
,,2018 - 2019,2.79
,,2019 - 2020,2.53
,,2020 - 2021,2.6
,,2021 - 2022,2.58
,,2022 - 2023,2.49
,Faizabad,2000 - 2001,1.56
,,2001 - 2002,1.26
,,2002 - 2003,1.38
,,2003 - 2004,1.33
,,2004 - 2005,1.5
,,2005 - 2006,1.5
,,2006 - 2007,1.5
,,2008 - 2009,1.65
,,2009 - 2010,1.65
,,2012 - 2013,0.8
,,2013 - 2014,1.0
,,2014 - 2015,1.27
,,2015 - 2016,0.67
,,2016 - 2017,1.0
,,2017 - 2018,2.0
,,2018 - 2019,2.07
,,2019 - 2020,2.0
,,2020 - 2021,2.0
,,2021 - 2022,2.0
,,2022 - 2023,2.0
,Farrukhabad,2000 - 2001,1.24
,,2001 - 2002,1.06
,,2002 - 2003,1.18
,,2003 - 2004,0.9
,,2004 - 2005,1.63
,,2005 - 2006,1.09
,,2006 - 2007,1.24
,,2007 - 2008,1.31
,,2008 - 2009,2.11
,,2009 - 2010,2.04
,,2010 - 2011,1.51
,,2011 - 2012,1.21
,,2012 - 2013,1.53
,,2013 - 2014,1.31
,,2014 - 2015,1.54
,,2015 - 2016,1.59
,,2016 - 2017,2.15
,,2017 - 2018,1.58
,,2018 - 2019,2.12
,,2019 - 2020,2.58
,,2020 - 2021,1.95
,,2021 - 2022,1.69
,,2022 - 2023,1.77
,Fatehpur,2000 - 2001,0.84
,,2001 - 2002,0.77
,,2002 - 2003,0.82
,,2003 - 2004,1.0
,,2004 - 2005,1.19
,,2005 - 2006,1.17
,,2006 - 2007,1.17
,,2007 - 2008,1.3
,,2008 - 2009,1.03
,,2009 - 2010,0.93
,,2010 - 2011,1.01
,,2011 - 2012,1.02
,,2012 - 2013,1.28
,,2013 - 2014,0.96
,,2014 - 2015,0.76
,,2015 - 2016,0.82
,,2016 - 2017,0.96
,,2017 - 2018,1.19
,,2018 - 2019,1.11
,,2019 - 2020,1.96
,,2020 - 2021,1.71
,,2021 - 2022,1.24
,,2022 - 2023,1.21
,Firozabad,2000 - 2001,1.73
,,2001 - 2002,1.06
,,2002 - 2003,1.27
,,2003 - 2004,0.89
,,2004 - 2005,1.89
,,2005 - 2006,1.89
,,2006 - 2007,1.84
,,2007 - 2008,1.8
,,2008 - 2009,2.09
,,2009 - 2010,2.07
,,2010 - 2011,2.04
,,2011 - 2012,2.24
,,2012 - 2013,2.27
,,2013 - 2014,2.37
,,2014 - 2015,2.12
,,2015 - 2016,2.1
,,2016 - 2017,2.33
,,2017 - 2018,2.35
,,2018 - 2019,2.25
,,2019 - 2020,2.35
,,2020 - 2021,2.73
,,2021 - 2022,2.34
,,2022 - 2023,2.53
,Gautam buddha nagar,2000 - 2001,1.48
,,2001 - 2002,1.56
,,2002 - 2003,1.26
,,2003 - 2004,1.43
,,2004 - 2005,1.67
,,2005 - 2006,1.21
,,2006 - 2007,0.99
,,2007 - 2008,1.4
,,2008 - 2009,1.73
,,2009 - 2010,1.56
,,2010 - 2011,1.02
,,2011 - 2012,1.42
,,2012 - 2013,2.33
,,2013 - 2014,1.35
,,2014 - 2015,2.01
,,2016 - 2017,1.17
,,2017 - 2018,1.0
,,2018 - 2019,1.36
,,2019 - 2020,1.56
,,2020 - 2021,1.43
,,2021 - 2022,1.73
,,2022 - 2023,1.18
,Ghaziabad,2000 - 2001,1.28
,,2001 - 2002,0.99
,,2002 - 2003,1.26
,,2003 - 2004,1.43
,,2004 - 2005,1.48
,,2005 - 2006,1.44
,,2006 - 2007,1.24
,,2007 - 2008,1.51
,,2008 - 2009,1.78
,,2009 - 2010,1.92
,,2010 - 2011,1.78
,,2011 - 2012,1.87
,,2012 - 2013,2.32
,,2013 - 2014,1.35
,,2015 - 2016,2.0
,,2016 - 2017,1.17
,,2017 - 2018,1.95
,,2019 - 2020,1.89
,,2021 - 2022,1.74
,,2022 - 2023,1.6
,Ghazipur,2000 - 2001,1.23
,,2001 - 2002,0.97
,,2002 - 2003,1.05
,,2003 - 2004,0.95
,,2004 - 2005,1.47
,,2005 - 2006,1.37
,,2006 - 2007,1.42
,,2007 - 2008,1.42
,,2008 - 2009,1.41
,,2009 - 2010,1.6
,,2010 - 2011,1.41
,,2011 - 2012,1.53
,,2012 - 2013,1.51
,,2013 - 2014,0.73
,,2014 - 2015,1.79
,,2015 - 2016,1.73
,,2016 - 2017,0.68
,,2017 - 2018,1.05
,,2018 - 2019,1.79
,,2019 - 2020,1.34
,,2020 - 2021,1.59
,,2021 - 2022,1.06
,,2022 - 2023,1.5
,Gonda,2000 - 2001,1.74
,,2001 - 2002,1.6
,,2002 - 2003,1.55
,,2003 - 2004,1.48
,,2004 - 2005,1.86
,,2005 - 2006,1.54
,,2006 - 2007,1.76
,,2007 - 2008,1.57
,,2008 - 2009,2.0
,,2009 - 2010,1.5
,Gorakhpur,2000 - 2001,1.68
,,2001 - 2002,1.4
,,2002 - 2003,1.5
,,2003 - 2004,1.48
,,2004 - 2005,1.73
,,2005 - 2006,1.57
,,2006 - 2007,1.61
,,2007 - 2008,1.56
,,2008 - 2009,1.74
,,2009 - 2010,1.73
,,2010 - 2011,1.71
,,2011 - 2012,2.05
,,2012 - 2013,2.0
,,2013 - 2014,2.0
,,2014 - 2015,2.0
,,2015 - 2016,1.78
,,2016 - 2017,1.88
,,2017 - 2018,1.89
,,2018 - 2019,2.14
,,2019 - 2020,2.13
,,2020 - 2021,2.43
,,2021 - 2022,2.13
,,2022 - 2023,2.11
,Hamirpur,2000 - 2001,0.84
,,2001 - 2002,0.73
,,2002 - 2003,0.44
,,2003 - 2004,0.85
,,2004 - 2005,1.14
,,2006 - 2007,0.87
,,2007 - 2008,1.38
,,2008 - 2009,1.32
,,2009 - 2010,0.68
,,2010 - 2011,0.58
,,2011 - 2012,0.84
,,2012 - 2013,1.7
,,2013 - 2014,1.72
,,2014 - 2015,0.73
,,2015 - 2016,0.34
,,2016 - 2017,0.79
,,2017 - 2018,1.04
,,2018 - 2019,0.49
,,2019 - 2020,1.85
,,2020 - 2021,2.23
,,2021 - 2022,1.53
,,2022 - 2023,1.49
,Hapur,2012 - 2013,2.31
,,2013 - 2014,1.0
,,2015 - 2016,2.0
,,2016 - 2017,1.0
,,2018 - 2019,1.0
,,2019 - 2020,2.0
,,2020 - 2021,2.0
,,2021 - 2022,2.0
,,2022 - 2023,1.67
,Hardoi,2000 - 2001,0.78
,,2001 - 2002,0.83
,,2002 - 2003,0.84
,,2003 - 2004,0.68
,,2004 - 2005,1.07
,,2005 - 2006,0.92
,,2006 - 2007,1.51
,,2007 - 2008,1.07
,,2008 - 2009,1.2
,,2009 - 2010,1.15
,,2010 - 2011,1.26
,,2011 - 2012,0.98
,,2012 - 2013,1.2
,,2013 - 2014,1.19
,,2014 - 2015,0.99
,,2015 - 2016,1.42
,,2016 - 2017,1.35
,,2017 - 2018,1.29
,,2018 - 2019,1.34
,,2019 - 2020,2.01
,,2020 - 2021,1.54
,,2021 - 2022,1.33
,,2022 - 2023,1.64
,Hathras,2000 - 2001,1.77
,,2001 - 2002,0.91
,,2002 - 2003,1.87
,,2003 - 2004,1.74
,,2004 - 2005,1.7
,,2005 - 2006,1.64
,,2006 - 2007,1.61
,,2007 - 2008,1.74
,,2008 - 2009,1.48
,,2009 - 2010,1.78
,,2010 - 2011,1.77
,,2011 - 2012,1.82
,,2012 - 2013,1.9
,,2013 - 2014,1.82
,,2014 - 2015,2.2
,,2015 - 2016,1.93
,,2016 - 2017,1.85
,,2017 - 2018,2.34
,,2018 - 2019,2.38
,,2019 - 2020,2.33
,,2020 - 2021,2.77
,,2021 - 2022,2.4
,,2022 - 2023,2.33
,Jalaun,2000 - 2001,1.03
,,2001 - 2002,0.9
,,2002 - 2003,0.99
,,2003 - 2004,0.46
,,2004 - 2005,0.81
,,2005 - 2006,1.07
,,2006 - 2007,1.83
,,2007 - 2008,0.53
,,2008 - 2009,0.61
,,2009 - 2010,0.88
,,2010 - 2011,0.85
,,2011 - 2012,0.96
,,2012 - 2013,1.78
,,2013 - 2014,0.67
,,2014 - 2015,0.82
,,2015 - 2016,0.88
,,2016 - 2017,1.15
,,2017 - 2018,1.62
,,2018 - 2019,1.53
,,2019 - 2020,1.89
,,2020 - 2021,1.85
,,2021 - 2022,1.72
,,2022 - 2023,1.24
,Jaunpur,2000 - 2001,1.54
,,2001 - 2002,0.65
,,2002 - 2003,1.14
,,2003 - 2004,0.77
,,2004 - 2005,1.07
,,2005 - 2006,1.27
,,2006 - 2007,1.17
,,2007 - 2008,1.07
,,2008 - 2009,0.96
,,2009 - 2010,1.4
,,2010 - 2011,1.37
,,2011 - 2012,1.57
,,2012 - 2013,1.41
,,2013 - 2014,0.87
,,2014 - 2015,1.24
,,2015 - 2016,1.12
,,2016 - 2017,1.16
,,2017 - 2018,1.17
,,2018 - 2019,1.26
,,2019 - 2020,1.56
,,2020 - 2021,1.54
,,2021 - 2022,1.25
,,2022 - 2023,1.41
,Jhansi,2000 - 2001,1.07
,,2001 - 2002,0.88
,,2002 - 2003,0.94
,,2003 - 2004,0.4
,,2004 - 2005,0.88
,,2005 - 2006,1.05
,,2006 - 2007,1.82
,,2007 - 2008,0.52
,,2008 - 2009,0.61
,,2009 - 2010,0.85
,,2010 - 2011,0.86
,,2011 - 2012,0.97
,,2012 - 2013,1.86
,,2013 - 2014,0.5
,,2014 - 2015,0.8
,,2015 - 2016,0.89
,,2016 - 2017,1.15
,,2017 - 2018,1.75
,,2018 - 2019,1.43
,,2019 - 2020,1.87
,,2020 - 2021,0.69
,,2021 - 2022,1.71
,,2022 - 2023,1.43
,Kannauj,2000 - 2001,1.24
,,2001 - 2002,1.06
,,2002 - 2003,1.14
,,2003 - 2004,0.63
,,2004 - 2005,0.62
,,2005 - 2006,1.56
,,2006 - 2007,1.65
,,2007 - 2008,1.83
,,2008 - 2009,2.19
,,2009 - 2010,2.0
,,2010 - 2011,2.01
,,2011 - 2012,1.79
,,2012 - 2013,2.29
,,2013 - 2014,1.76
,,2014 - 2015,1.09
,,2015 - 2016,1.5
,,2016 - 2017,1.39
,,2017 - 2018,1.76
,,2018 - 2019,1.68
,,2019 - 2020,2.06
,,2020 - 2021,2.22
,,2021 - 2022,1.58
,,2022 - 2023,1.64
,Kanpur dehat,2003 - 2004,1.06
,,2004 - 2005,1.3
,,2005 - 2006,1.3
,,2006 - 2007,1.58
,,2007 - 2008,1.86
,,2008 - 2009,2.08
,,2009 - 2010,1.38
,,2010 - 2011,1.95
,,2011 - 2012,2.04
,,2012 - 2013,2.43
,,2013 - 2014,2.48
,,2014 - 2015,2.13
,,2015 - 2016,1.66
,,2016 - 2017,2.48
,,2017 - 2018,1.85
,,2018 - 2019,3.04
,,2019 - 2020,2.57
,,2020 - 2021,2.48
,,2021 - 2022,2.4
,,2022 - 2023,2.45
,Kanpur nagar,2000 - 2001,1.29
,,2001 - 2002,1.29
,,2002 - 2003,1.19
,,2003 - 2004,1.19
,,2004 - 2005,1.62
,,2005 - 2006,1.56
,,2006 - 2007,1.65
,,2007 - 2008,1.83
,,2008 - 2009,2.19
,,2009 - 2010,2.0
,,2010 - 2011,2.01
,,2011 - 2012,1.79
,,2012 - 2013,1.33
,,2013 - 2014,1.76
,,2014 - 2015,1.24
,,2015 - 2016,1.05
,,2016 - 2017,1.61
,,2017 - 2018,1.76
,,2018 - 2019,2.83
,,2019 - 2020,1.75
,,2020 - 2021,1.8
,,2021 - 2022,1.42
,,2022 - 2023,1.67
,Kasganj,2009 - 2010,2.05
,,2010 - 2011,1.9
,,2011 - 2012,2.64
,,2012 - 2013,2.87
,,2013 - 2014,3.12
,,2014 - 2015,3.33
,,2015 - 2016,2.41
,,2016 - 2017,2.24
,,2017 - 2018,2.27
,,2018 - 2019,2.49
,,2019 - 2020,3.1
,,2020 - 2021,3.17
,,2021 - 2022,2.36
,,2022 - 2023,2.66
,Kaushambi,2000 - 2001,0.75
,,2001 - 2002,1.06
,,2002 - 2003,1.05
,,2003 - 2004,1.19
,,2004 - 2005,1.36
,,2005 - 2006,1.11
,,2006 - 2007,1.16
,,2007 - 2008,1.2
,,2008 - 2009,1.27
,,2009 - 2010,1.06
,,2010 - 2011,1.17
,,2011 - 2012,1.7
,,2012 - 2013,1.29
,,2013 - 2014,0.96
,,2014 - 2015,0.94
,,2015 - 2016,0.91
,,2016 - 2017,0.99
,,2017 - 2018,1.18
,,2018 - 2019,1.55
,,2019 - 2020,1.15
,,2020 - 2021,1.46
,,2021 - 2022,1.85
,,2022 - 2023,1.3
,Kheri,2000 - 2001,0.79
,,2001 - 2002,0.83
,,2002 - 2003,0.73
,,2003 - 2004,0.79
,,2004 - 2005,1.05
,,2005 - 2006,0.81
,,2006 - 2007,1.47
,,2007 - 2008,0.87
,,2008 - 2009,1.05
,,2009 - 2010,0.81
,,2010 - 2011,1.17
,,2011 - 2012,1.09
,,2012 - 2013,0.86
,,2013 - 2014,0.8
,,2014 - 2015,1.07
,,2015 - 2016,1.17
,,2016 - 2017,1.42
,,2017 - 2018,1.13
,,2018 - 2019,0.9
,,2019 - 2020,1.6
,,2020 - 2021,1.3
,,2021 - 2022,1.28
,,2022 - 2023,1.37
,Kushi nagar,2000 - 2001,1.68
,,2001 - 2002,1.41
,,2002 - 2003,1.5
,,2003 - 2004,1.48
,,2004 - 2005,1.73
,,2005 - 2006,1.57
,,2006 - 2007,1.61
,,2007 - 2008,1.56
,,2008 - 2009,1.73
,,2009 - 2010,1.71
,,2010 - 2011,1.71
,,2011 - 2012,2.04
,,2012 - 2013,2.08
,,2013 - 2014,2.07
,,2014 - 2015,1.91
,,2015 - 2016,1.81
,,2016 - 2017,1.83
,,2017 - 2018,1.93
,,2018 - 2019,2.21
,,2019 - 2020,2.19
,,2020 - 2021,2.45
,,2021 - 2022,2.16
,,2022 - 2023,2.16
,Lalitpur,2001 - 2002,0.88
,,2002 - 2003,1.0
,,2003 - 2004,0.0
,Lucknow,2000 - 2001,0.78
,,2001 - 2002,0.83
,,2002 - 2003,0.73
,,2003 - 2004,0.8
,,2004 - 2005,1.05
,,2005 - 2006,0.81
,,2006 - 2007,1.47
,,2007 - 2008,2.38
,,2008 - 2009,1.05
,,2009 - 2010,0.81
,,2010 - 2011,1.17
,,2011 - 2012,1.08
,,2012 - 2013,0.86
,,2013 - 2014,0.8
,,2014 - 2015,1.07
,,2015 - 2016,1.17
,,2016 - 2017,1.42
,,2017 - 2018,1.13
,,2018 - 2019,0.9
,,2019 - 2020,1.6
,,2020 - 2021,2.43
,,2021 - 2022,1.4
,,2022 - 2023,1.38
,Maharajganj,2000 - 2001,1.5
,,2001 - 2002,1.5
,,2002 - 2003,1.67
,,2003 - 2004,1.0
,,2005 - 2006,1.5
,,2006 - 2007,1.62
,,2007 - 2008,1.5
,,2008 - 2009,2.0
,,2009 - 2010,2.0
,,2011 - 2012,2.04
,Mahoba,2000 - 2001,0.75
,,2001 - 2002,1.0
,,2002 - 2003,0.0
,,2003 - 2004,1.0
,,2004 - 2005,1.13
,,2006 - 2007,0.85
,,2007 - 2008,1.0
,,2008 - 2009,1.33
,,2009 - 2010,0.68
,,2010 - 2011,0.58
,,2012 - 2013,1.5
,,2014 - 2015,1.0
,,2018 - 2019,0.48
,,2019 - 2020,1.86
,,2020 - 2021,2.25
,,2021 - 2022,1.67
,,2022 - 2023,1.5
,Mainpuri,2000 - 2001,1.57
,,2001 - 2002,1.44
,,2002 - 2003,1.26
,,2003 - 2004,0.96
,,2004 - 2005,1.85
,,2005 - 2006,1.64
,,2006 - 2007,1.94
,,2007 - 2008,1.75
,,2008 - 2009,1.93
,,2009 - 2010,1.8
,,2010 - 2011,1.84
,,2011 - 2012,2.32
,,2012 - 2013,2.37
,,2013 - 2014,2.28
,,2014 - 2015,2.38
,,2015 - 2016,2.51
,,2016 - 2017,2.66
,,2017 - 2018,2.56
,,2018 - 2019,2.62
,,2019 - 2020,3.03
,,2020 - 2021,2.79
,,2021 - 2022,2.42
,,2022 - 2023,2.34
,Mathura,2000 - 2001,1.32
,,2001 - 2002,0.86
,,2002 - 2003,1.05
,,2003 - 2004,1.23
,,2004 - 2005,1.36
,,2005 - 2006,1.34
,,2006 - 2007,0.93
,,2007 - 2008,1.37
,,2008 - 2009,1.38
,,2009 - 2010,1.06
,,2010 - 2011,1.24
,,2011 - 2012,1.36
,,2012 - 2013,1.35
,,2013 - 2014,1.54
,,2014 - 2015,1.31
,,2015 - 2016,1.46
,,2016 - 2017,1.4
,,2017 - 2018,1.72
,,2018 - 2019,1.98
,,2019 - 2020,2.29
,,2020 - 2021,2.64
,,2021 - 2022,2.37
,,2022 - 2023,2.17
,Mau,2000 - 2001,0.79
,,2001 - 2002,1.19
,,2002 - 2003,1.34
,,2003 - 2004,1.35
,,2004 - 2005,1.62
,,2005 - 2006,1.51
,,2006 - 2007,1.55
,,2007 - 2008,1.56
,,2008 - 2009,1.67
,,2009 - 2010,1.7
,,2010 - 2011,0.97
,,2011 - 2012,1.48
,,2012 - 2013,1.93
,,2013 - 2014,1.28
,,2014 - 2015,1.99
,,2015 - 2016,1.78
,,2016 - 2017,1.9
,,2017 - 2018,1.94
,,2018 - 2019,2.09
,,2019 - 2020,2.17
,,2020 - 2021,2.52
,,2021 - 2022,2.15
,,2022 - 2023,2.16
,Meerut,2000 - 2001,1.28
,,2001 - 2002,1.0
,,2002 - 2003,1.28
,,2003 - 2004,1.43
,,2004 - 2005,1.48
,,2005 - 2006,1.43
,,2006 - 2007,1.23
,,2007 - 2008,1.51
,,2008 - 2009,1.81
,,2009 - 2010,1.92
,,2010 - 2011,1.8
,,2011 - 2012,1.86
,,2012 - 2013,2.33
,,2013 - 2014,1.35
,,2014 - 2015,2.04
,,2015 - 2016,2.0
,,2016 - 2017,1.17
,,2017 - 2018,1.94
,,2018 - 2019,1.21
,,2020 - 2021,1.88
,,2021 - 2022,1.75
,,2022 - 2023,1.59
,Mirzapur,2000 - 2001,1.33
,,2001 - 2002,1.16
,,2002 - 2003,1.02
,,2003 - 2004,1.22
,,2004 - 2005,0.88
,,2005 - 2006,1.21
,,2006 - 2007,0.94
,,2007 - 2008,0.97
,,2008 - 2009,0.98
,,2009 - 2010,1.26
,,2010 - 2011,1.39
,,2011 - 2012,1.81
,,2012 - 2013,1.36
,,2013 - 2014,1.21
,,2014 - 2015,1.3
,,2015 - 2016,1.06
,,2016 - 2017,1.25
,,2017 - 2018,1.18
,,2018 - 2019,1.51
,,2019 - 2020,1.34
,,2020 - 2021,1.3
,,2021 - 2022,1.16
,,2022 - 2023,1.38
,Moradabad,2000 - 2001,1.2
,,2001 - 2002,1.04
,,2002 - 2003,0.97
,,2003 - 2004,1.3
,,2004 - 2005,0.89
,,2005 - 2006,0.97
,,2006 - 2007,0.98
,,2007 - 2008,1.23
,,2008 - 2009,1.07
,,2009 - 2010,1.26
,,2010 - 2011,1.13
,,2011 - 2012,1.17
,,2012 - 2013,1.04
,,2013 - 2014,1.32
,,2014 - 2015,1.39
,,2015 - 2016,1.84
,,2016 - 2017,1.29
,,2017 - 2018,1.51
,,2018 - 2019,0.75
,,2019 - 2020,1.64
,,2020 - 2021,1.87
,,2021 - 2022,1.88
,,2022 - 2023,1.67
,Muzaffarnagar,2000 - 2001,1.48
,,2001 - 2002,1.15
,,2002 - 2003,1.25
,,2015 - 2016,2.0
,Pilibhit,2000 - 2001,1.44
,,2001 - 2002,0.38
,,2002 - 2003,1.23
,,2003 - 2004,8.0
,,2004 - 2005,1.4
,,2005 - 2006,1.5
,,2006 - 2007,1.38
,,2007 - 2008,1.46
,,2009 - 2010,2.0
,,2011 - 2012,1.67
,Pratapgarh,2000 - 2001,1.03
,,2001 - 2002,1.16
,,2002 - 2003,0.94
,,2003 - 2004,1.23
,,2004 - 2005,0.97
,,2005 - 2006,0.96
,,2006 - 2007,0.88
,,2007 - 2008,0.72
,,2008 - 2009,0.82
,,2009 - 2010,0.63
,,2010 - 2011,0.76
,,2011 - 2012,0.74
,,2012 - 2013,0.77
,,2013 - 2014,0.82
,,2014 - 2015,0.78
,,2015 - 2016,0.72
,,2016 - 2017,0.83
,,2017 - 2018,0.78
,,2018 - 2019,1.4
,,2019 - 2020,1.23
,,2020 - 2021,1.1
,,2021 - 2022,1.93
,,2022 - 2023,1.29
,Rae bareli,2000 - 2001,0.78
,,2001 - 2002,0.83
,,2002 - 2003,0.68
,,2003 - 2004,0.8
,,2004 - 2005,1.05
,,2005 - 2006,0.81
,,2006 - 2007,1.47
,,2007 - 2008,0.87
,,2008 - 2009,1.05
,,2009 - 2010,0.81
,,2010 - 2011,1.17
,,2011 - 2012,1.08
,,2012 - 2013,0.86
,,2013 - 2014,0.8
,,2014 - 2015,1.07
,,2015 - 2016,1.17
,,2016 - 2017,1.42
,,2017 - 2018,1.13
,,2018 - 2019,0.91
,,2019 - 2020,1.6
,,2020 - 2021,1.32
,,2021 - 2022,1.28
,,2022 - 2023,1.44
,Rampur,2000 - 2001,0.9
,,2001 - 2002,1.34
,,2002 - 2003,0.79
,,2003 - 2004,1.02
,,2004 - 2005,1.0
,,2005 - 2006,1.06
,,2006 - 2007,1.47
,,2007 - 2008,1.83
,,2008 - 2009,1.42
,,2009 - 2010,1.15
,,2010 - 2011,0.59
,,2011 - 2012,1.07
,,2012 - 2013,0.45
,,2013 - 2014,0.6
,,2014 - 2015,0.98
,,2015 - 2016,1.09
,,2016 - 2017,1.25
,,2017 - 2018,1.0
,,2018 - 2019,1.16
,,2019 - 2020,1.67
,,2020 - 2021,0.98
,,2021 - 2022,1.25
,,2022 - 2023,1.16
,Saharanpur,2000 - 2001,1.47
,,2001 - 2002,1.13
,,2002 - 2003,1.28
,,2003 - 2004,1.33
,,2004 - 2005,1.5
,,2005 - 2006,1.45
,,2007 - 2008,1.57
,,2011 - 2012,1.85
,,2012 - 2013,2.0
,,2013 - 2014,2.0
,,2014 - 2015,2.0
,,2016 - 2017,2.0
,,2019 - 2020,2.0
,,2020 - 2021,2.5
,,2021 - 2022,2.0
,,2022 - 2023,2.0
,Sambhal,2012 - 2013,1.25
,,2013 - 2014,1.39
,,2014 - 2015,1.5
,,2015 - 2016,1.44
,,2016 - 2017,1.53
,,2017 - 2018,1.39
,,2018 - 2019,1.54
,,2019 - 2020,1.39
,,2020 - 2021,2.03
,,2021 - 2022,1.85
,,2022 - 2023,1.75
,Sant kabeer nagar,2000 - 2001,1.86
,,2001 - 2002,1.75
,,2002 - 2003,1.7
,,2003 - 2004,1.71
,,2004 - 2005,1.87
,,2006 - 2007,1.65
,,2007 - 2008,1.56
,,2009 - 2010,1.85
,,2010 - 2011,1.88
,,2011 - 2012,2.07
,,2012 - 2013,2.4
,,2013 - 2014,1.91
,,2014 - 2015,1.91
,,2015 - 2016,1.75
,,2016 - 2017,1.69
,,2017 - 2018,2.0
,,2018 - 2019,2.09
,,2019 - 2020,2.31
,,2020 - 2021,2.73
,,2021 - 2022,2.14
,,2022 - 2023,2.15
,Sant ravidas nagar,2000 - 2001,1.07
,,2001 - 2002,1.56
,,2002 - 2003,1.74
,,2003 - 2004,1.02
,,2004 - 2005,1.02
,,2005 - 2006,0.99
,,2006 - 2007,0.91
,,2007 - 2008,0.84
,,2008 - 2009,0.88
,,2009 - 2010,1.13
,,2010 - 2011,1.09
,,2011 - 2012,1.81
,,2012 - 2013,1.21
,,2013 - 2014,1.34
,,2014 - 2015,1.17
,,2015 - 2016,1.12
,,2016 - 2017,1.13
,,2017 - 2018,1.35
,,2018 - 2019,0.75
,,2019 - 2020,1.09
,,2020 - 2021,1.04
,,2021 - 2022,0.91
,,2022 - 2023,1.27
,Shahjahanpur,2000 - 2001,1.44
,,2001 - 2002,0.33
,,2002 - 2003,0.75
,,2003 - 2004,1.17
,,2004 - 2005,0.92
,,2005 - 2006,0.85
,,2006 - 2007,1.13
,,2007 - 2008,1.17
,,2008 - 2009,1.31
,,2009 - 2010,1.31
,,2010 - 2011,0.12
,,2011 - 2012,1.24
,,2012 - 2013,0.96
,,2013 - 2014,1.25
,,2014 - 2015,1.63
,,2015 - 2016,1.54
,,2016 - 2017,1.42
,,2017 - 2018,1.56
,,2018 - 2019,1.49
,,2019 - 2020,1.67
,,2020 - 2021,2.7
,,2021 - 2022,1.95
,,2022 - 2023,1.38
,Shravasti,2000 - 2001,1.71
,,2001 - 2002,1.6
,,2002 - 2003,1.54
,,2003 - 2004,1.4
,,2004 - 2005,2.0
,,2006 - 2007,2.0
,,2013 - 2014,2.0
,,2014 - 2015,2.0
,,2015 - 2016,2.0
,,2016 - 2017,2.0
,,2017 - 2018,1.9
,,2019 - 2020,2.0
,,2020 - 2021,2.43
,,2022 - 2023,2.15
,Siddharth nagar,2000 - 2001,1.83
,,2001 - 2002,1.75
,,2002 - 2003,1.69
,,2003 - 2004,1.71
,,2004 - 2005,1.9
,,2005 - 2006,1.75
,,2006 - 2007,1.66
,Sitapur,2000 - 2001,0.78
,,2001 - 2002,0.83
,,2002 - 2003,0.69
,,2003 - 2004,0.87
,,2004 - 2005,1.02
,,2005 - 2006,0.64
,,2006 - 2007,0.76
,,2007 - 2008,0.67
,,2008 - 2009,0.8
,,2009 - 2010,0.52
,,2010 - 2011,0.89
,,2011 - 2012,0.95
,,2012 - 2013,0.85
,,2013 - 2014,0.81
,,2014 - 2015,1.04
,,2015 - 2016,0.95
,,2016 - 2017,0.64
,,2017 - 2018,0.86
,,2018 - 2019,0.92
,,2019 - 2020,0.8
,,2020 - 2021,0.84
,,2021 - 2022,1.16
,,2022 - 2023,1.16
,Sonbhadra,2000 - 2001,1.32
,,2001 - 2002,1.27
,,2002 - 2003,1.37
,,2003 - 2004,1.14
,,2004 - 2005,1.06
,,2005 - 2006,0.91
,,2006 - 2007,1.06
,,2007 - 2008,1.04
,,2008 - 2009,1.02
,,2009 - 2010,1.33
,,2010 - 2011,1.23
,,2011 - 2012,1.81
,,2012 - 2013,0.84
,,2013 - 2014,1.61
,,2014 - 2015,1.53
,,2015 - 2016,0.92
,,2016 - 2017,1.43
,,2018 - 2019,1.6
,,2019 - 2020,1.38
,,2020 - 2021,1.41
,,2021 - 2022,1.04
,,2022 - 2023,1.34
,Sultanpur,2000 - 2001,1.55
,,2001 - 2002,1.26
,,2002 - 2003,1.38
,,2003 - 2004,1.37
,,2004 - 2005,1.57
,,2005 - 2006,1.57
,,2006 - 2007,1.5
,,2007 - 2008,1.56
,,2008 - 2009,1.65
,,2009 - 2010,1.67
,,2010 - 2011,1.03
,,2011 - 2012,1.89
,,2012 - 2013,0.84
,,2013 - 2014,0.95
,,2014 - 2015,1.23
,,2015 - 2016,0.52
,,2016 - 2017,0.8
,,2017 - 2018,1.97
,,2018 - 2019,2.07
,,2019 - 2020,2.16
,,2020 - 2021,2.42
,,2021 - 2022,2.16
,,2022 - 2023,2.16
,Unnao,2000 - 2001,0.78
,,2001 - 2002,0.83
,,2002 - 2003,0.73
,,2003 - 2004,0.8
,,2004 - 2005,1.05
,,2005 - 2006,0.81
,,2006 - 2007,1.47
,,2007 - 2008,3.0
,,2008 - 2009,1.05
,,2009 - 2010,0.81
,,2010 - 2011,1.17
,,2011 - 2012,1.08
,,2012 - 2013,0.86
,,2013 - 2014,0.8
,,2014 - 2015,1.11
,,2015 - 2016,1.37
,,2016 - 2017,1.37
,,2017 - 2018,0.63
,,2018 - 2019,0.91
,,2019 - 2020,1.6
,,2020 - 2021,1.3
,,2021 - 2022,1.28
,,2022 - 2023,1.44
,Varanasi,2000 - 2001,0.97
,,2001 - 2002,0.9
,,2002 - 2003,0.95
,,2003 - 2004,1.11
,,2004 - 2005,0.87
,,2005 - 2006,1.33
,,2006 - 2007,1.33
,,2007 - 2008,1.08
,,2008 - 2009,1.11
,,2009 - 2010,1.18
,,2010 - 2011,1.16
,,2011 - 2012,1.58
,,2012 - 2013,1.26
,,2013 - 2014,1.05
,,2014 - 2015,1.09
,,2015 - 2016,0.75
,,2016 - 2017,0.7
,,2017 - 2018,0.95
,,2018 - 2019,1.77
,,2019 - 2020,1.46
,,2020 - 2021,1.07
,,2021 - 2022,1.5
,,2022 - 2023,1.33
Uttarakhand,Bageshwar,2014 - 2015,1.0
,Champawat,2015 - 2016,1.0
,Dehradun,2008 - 2009,0.95
,Haridwar,2000 - 2001,1.36
,,2001 - 2002,1.3
,,2002 - 2003,1.0
,,2003 - 2004,1.0
,,2006 - 2007,1.0
,,2012 - 2013,1.0
,,2013 - 2014,1.0
,Nainital,2009 - 2010,1.0
,Pauri garhwal,2007 - 2008,0.95
,Udam singh nagar,2001 - 2002,1.29
,,2002 - 2003,1.33
,,2003 - 2004,1.0
,,2006 - 2007,1.22
,,2021 - 2022,1.0
West Bengal,Bankura,2000 - 2001,0.66
,,2001 - 2002,0.66
,,2002 - 2003,0.7
,,2003 - 2004,0.49
,,2004 - 2005,0.56
,,2005 - 2006,0.67
,,2009 - 2010,1.17
,,2010 - 2011,1.0
,,2012 - 2013,1.25
,Coochbehar,2013 - 2014,0.25
,,2014 - 2015,0.25
,,2015 - 2016,0.26
,,2016 - 2017,0.25
,Hooghly,2000 - 2001,1.4
,,2001 - 2002,1.13
,Medinipur west,2006 - 2007,0.39
,Purba bardhaman,2000 - 2001,1.19
,,2001 - 2002,1.19
,,2002 - 2003,1.19
,,2003 - 2004,1.19
,Purulia,2000 - 2001,0.3
,,2001 - 2002,0.44
,,2002 - 2003,0.38
,,2003 - 2004,0.33
,,2004 - 2005,0.32
,,2005 - 2006,0.33
,,2007 - 2008,0.36
,,2008 - 2009,0.35
,,2009 - 2010,0.34
,,2010 - 2011,0.35
,,2011 - 2012,0.37
,,2012 - 2013,0.36
,,2013 - 2014,0.41
,,2014 - 2015,0.39
,,2015 - 2016,0.38
,,2016 - 2017,0.38
,,2017 - 2018,0.4
,,2018 - 2019,0.41
,,2019 - 2020,0.4
,,2020 - 2021,0.43
,,2021 - 2022,0.43
,,2022 - 2023,0.43
