state,district,year,turmeric_whole_year_yield_tonne_per_hectare
Andaman and Nicobar Islands,Nicobars,2005 - 2006,7.0
,,2006 - 2007,0.41
,,2010 - 2011,
,,2011 - 2012,
,,2012 - 2013,
,,2016 - 2017,
,,2017 - 2018,
,,2018 - 2019,
,,2019 - 2020,
,,2020 - 2021,
,,2021 - 2022,
,,2022 - 2023,
,North and middle andaman,2006 - 2007,6.0
,,2010 - 2011,
,,2011 - 2012,
,,2012 - 2013,
,,2013 - 2014,
,,2014 - 2015,
,,2015 - 2016,
,,2016 - 2017,
,,2017 - 2018,
,,2018 - 2019,
,,2019 - 2020,
,,2020 - 2021,
,,2021 - 2022,
,,2022 - 2023,
,South andamans,2005 - 2006,7.0
,,2006 - 2007,6.0
,,2010 - 2011,
,,2011 - 2012,
,,2012 - 2013,
,,2013 - 2014,
,,2014 - 2015,
,,2015 - 2016,
,,2016 - 2017,
,,2017 - 2018,
,,2018 - 2019,
,,2019 - 2020,
,,2020 - 2021,
,,2021 - 2022,
,,2022 - 2023,
Andhra Pradesh,Anantapur,2000 - 2001,6.97
,,2001 - 2002,5.0
,,2004 - 2005,9.0
,,2005 - 2006,7.5
,,2006 - 2007,8.0
,,2008 - 2009,10.0
,,2010 - 2011,7.85
,,2011 - 2012,8.24
,,2012 - 2013,
,,2013 - 2014,
,,2014 - 2015,
,,2015 - 2016,
,,2018 - 2019,
,Chittoor,2000 - 2001,6.97
,,2001 - 2002,4.94
,,2002 - 2003,3.25
,,2003 - 2004,6.95
,,2004 - 2005,9.02
,,2005 - 2006,7.58
,,2006 - 2007,7.84
,,2008 - 2009,10.09
,,2009 - 2010,12.09
,,2010 - 2011,7.85
,,2011 - 2012,8.23
,,2012 - 2013,
,,2013 - 2014,
,,2014 - 2015,
,,2015 - 2016,
,,2016 - 2017,
,,2017 - 2018,
,,2018 - 2019,
,,2019 - 2020,
,East godavari,2000 - 2001,4.49
,,2001 - 2002,4.32
,,2002 - 2003,5.36
,,2003 - 2004,6.17
,,2004 - 2005,8.08
,,2005 - 2006,6.27
,,2006 - 2007,5.88
,,2008 - 2009,6.87
,,2009 - 2010,6.24
,,2010 - 2011,6.11
,,2011 - 2012,7.51
,,2012 - 2013,
,,2013 - 2014,
,,2014 - 2015,
,,2015 - 2016,
,,2016 - 2017,
,,2017 - 2018,
,,2018 - 2019,
,,2019 - 2020,
,Guntur,2000 - 2001,5.23
,,2001 - 2002,5.38
,,2002 - 2003,6.41
,,2003 - 2004,7.15
,,2004 - 2005,7.05
,,2005 - 2006,6.54
,,2006 - 2007,5.98
,,2008 - 2009,6.91
,,2009 - 2010,5.17
,,2010 - 2011,6.47
,,2011 - 2012,7.82
,,2012 - 2013,
,,2013 - 2014,
,,2014 - 2015,
,,2015 - 2016,
,,2016 - 2017,
,,2017 - 2018,
,,2018 - 2019,
,,2019 - 2020,
,Kadapa,2000 - 2001,6.96
,,2001 - 2002,4.94
,,2002 - 2003,3.24
,,2003 - 2004,6.96
,,2004 - 2005,9.03
,,2005 - 2006,7.58
,,2006 - 2007,7.84
,,2008 - 2009,10.09
,,2009 - 2010,12.11
,,2010 - 2011,7.87
,,2011 - 2012,8.24
,,2012 - 2013,
,,2013 - 2014,
,,2014 - 2015,
,,2015 - 2016,
,,2016 - 2017,
,,2017 - 2018,
,,2018 - 2019,
,,2019 - 2020,
,Krishna,2000 - 2001,4.49
,,2001 - 2002,3.83
,,2002 - 2003,4.76
,,2003 - 2004,8.68
,,2004 - 2005,13.88
,,2005 - 2006,7.78
,,2006 - 2007,8.26
,,2008 - 2009,10.71
,,2009 - 2010,11.57
,,2010 - 2011,8.57
,,2011 - 2012,10.69
,,2012 - 2013,
,,2013 - 2014,
,,2014 - 2015,
,,2015 - 2016,
,,2016 - 2017,
,,2017 - 2018,
,,2018 - 2019,
,,2019 - 2020,
,Kurnool,2000 - 2001,6.96
,,2001 - 2002,4.94
,,2002 - 2003,3.24
,,2003 - 2004,6.96
,,2004 - 2005,9.02
,,2005 - 2006,7.58
,,2006 - 2007,7.84
,,2008 - 2009,10.09
,,2009 - 2010,12.11
,,2010 - 2011,7.87
,,2011 - 2012,8.24
,,2012 - 2013,
,,2013 - 2014,
,,2014 - 2015,
,,2015 - 2016,
,,2016 - 2017,
,,2017 - 2018,
,,2018 - 2019,
,,2019 - 2020,
,Prakasam,2000 - 2001,4.49
,,2001 - 2002,4.32
,,2002 - 2003,5.36
,,2003 - 2004,6.17
,,2004 - 2005,8.08
,,2005 - 2006,6.27
,,2006 - 2007,5.88
,,2008 - 2009,6.87
,,2009 - 2010,6.23
,,2010 - 2011,6.11
,,2011 - 2012,7.51
,,2012 - 2013,
,,2013 - 2014,
,,2014 - 2015,
,,2015 - 2016,
,,2016 - 2017,
,,2017 - 2018,
,,2018 - 2019,
,,2019 - 2020,
,Spsr nellore,2000 - 2001,4.49
,,2001 - 2002,4.32
,,2002 - 2003,5.36
,,2003 - 2004,6.16
,,2004 - 2005,8.08
,,2005 - 2006,6.27
,,2006 - 2007,5.88
,,2008 - 2009,6.87
,,2009 - 2010,6.23
,,2010 - 2011,6.1
,,2011 - 2012,7.51
,,2012 - 2013,
,,2013 - 2014,
,,2014 - 2015,
,,2015 - 2016,
,,2016 - 2017,
,,2017 - 2018,
,,2018 - 2019,
,,2019 - 2020,
,Srikakulam,2000 - 2001,4.49
,,2001 - 2002,4.32
,,2002 - 2003,5.36
,,2003 - 2004,6.17
,,2004 - 2005,8.08
,,2005 - 2006,6.27
,,2006 - 2007,5.88
,,2008 - 2009,6.87
,,2009 - 2010,6.23
,,2010 - 2011,6.11
,,2011 - 2012,7.51
,,2012 - 2013,
,,2013 - 2014,
,,2014 - 2015,
,,2015 - 2016,
,,2016 - 2017,
,,2017 - 2018,
,,2018 - 2019,
,,2019 - 2020,
,Visakhapatanam,2000 - 2001,2.07
,,2001 - 2002,2.04
,,2002 - 2003,2.88
,,2003 - 2004,2.45
,,2004 - 2005,4.85
,,2005 - 2006,2.89
,,2006 - 2007,2.39
,,2008 - 2009,2.2
,,2009 - 2010,2.41
,,2010 - 2011,2.52
,,2011 - 2012,2.27
,,2012 - 2013,
,,2013 - 2014,
,,2014 - 2015,
,,2015 - 2016,
,,2016 - 2017,
,,2017 - 2018,
,,2018 - 2019,
,,2019 - 2020,
,Vizianagaram,2000 - 2001,4.48
,,2001 - 2002,4.33
,,2002 - 2003,5.37
,,2003 - 2004,6.17
,,2004 - 2005,8.09
,,2005 - 2006,6.27
,,2006 - 2007,5.88
,,2008 - 2009,6.87
,,2009 - 2010,6.23
,,2010 - 2011,6.11
,,2011 - 2012,7.51
,,2012 - 2013,
,,2013 - 2014,
,,2014 - 2015,
,,2015 - 2016,
,,2016 - 2017,
,,2018 - 2019,
,West godavari,2000 - 2001,4.49
,,2001 - 2002,4.32
,,2002 - 2003,5.36
,,2003 - 2004,6.17
,,2004 - 2005,8.08
,,2005 - 2006,6.27
,,2006 - 2007,5.88
,,2008 - 2009,6.87
,,2009 - 2010,6.23
,,2010 - 2011,6.11
,,2011 - 2012,7.51
,,2012 - 2013,
,,2013 - 2014,
,,2014 - 2015,
,,2015 - 2016,
,,2016 - 2017,
,,2017 - 2018,
,,2018 - 2019,
,,2019 - 2020,
Arunachal Pradesh,Anjaw,2004 - 2005,2.5
,,2005 - 2006,2.5
,,2006 - 2007,5.07
,,2007 - 2008,5.0
,,2008 - 2009,4.89
,,2009 - 2010,3.0
,,2010 - 2011,2.5
,,2011 - 2012,2.55
,,2012 - 2013,2.28
,,2013 - 2014,2.22
,,2014 - 2015,22.7
,,2015 - 2016,4.0
,,2016 - 2017,3.31
,,2017 - 2018,3.38
,,2018 - 2019,3.38
,,2019 - 2020,3.34
,,2020 - 2021,3.39
,,2021 - 2022,3.4
,,2022 - 2023,3.38
,Changlang,2000 - 2001,4.6
,,2001 - 2002,4.67
,,2002 - 2003,5.2
,,2003 - 2004,5.15
,,2005 - 2006,5.1
,,2006 - 2007,5.08
,,2007 - 2008,5.21
,,2008 - 2009,5.6
,,2009 - 2010,6.8
,,2010 - 2011,6.5
,,2011 - 2012,6.54
,,2012 - 2013,6.51
,,2013 - 2014,6.5
,,2014 - 2015,0.99
,,2015 - 2016,2.85
,,2016 - 2017,2.85
,,2017 - 2018,3.0
,,2018 - 2019,3.0
,,2019 - 2020,3.01
,,2020 - 2021,3.05
,,2021 - 2022,3.04
,,2022 - 2023,3.05
,Dibang valley,2000 - 2001,8.0
,,2001 - 2002,6.67
,,2008 - 2009,1.77
,,2009 - 2010,1.77
,East kameng,2008 - 2009,3.44
,East siang,2000 - 2001,1.83
,,2001 - 2002,1.87
,,2002 - 2003,2.0
,,2003 - 2004,2.0
,,2004 - 2005,2.49
,,2005 - 2006,2.0
,,2006 - 2007,2.0
,,2007 - 2008,1.91
,,2008 - 2009,2.0
,,2009 - 2010,2.0
,,2010 - 2011,2.0
,,2011 - 2012,2.02
,,2012 - 2013,1.98
,,2013 - 2014,2.0
,,2014 - 2015,2.16
,,2015 - 2016,4.15
,,2016 - 2017,3.99
,,2017 - 2018,4.27
,,2018 - 2019,4.6
,,2019 - 2020,4.58
,,2020 - 2021,4.61
,,2021 - 2022,4.61
,,2022 - 2023,4.62
,Kurung kumey,2002 - 2003,7.08
,,2003 - 2004,6.92
,,2006 - 2007,7.07
,,2008 - 2009,1.67
,,2009 - 2010,1.67
,Leparada,2019 - 2020,3.94
,,2020 - 2021,4.19
,,2021 - 2022,4.17
,,2022 - 2023,4.19
,Lohit,2000 - 2001,2.6
,,2001 - 2002,2.5
,,2002 - 2003,2.51
,,2003 - 2004,2.5
,,2004 - 2005,7.0
,,2005 - 2006,3.93
,,2006 - 2007,3.0
,,2007 - 2008,3.52
,,2008 - 2009,3.4
,,2009 - 2010,3.3
,,2010 - 2011,5.0
,,2011 - 2012,5.02
,,2012 - 2013,5.55
,,2013 - 2014,5.73
,,2014 - 2015,5.75
,,2015 - 2016,5.54
,,2016 - 2017,5.08
,,2017 - 2018,5.03
,,2018 - 2019,5.03
,,2019 - 2020,4.98
,,2020 - 2021,5.02
,,2021 - 2022,4.99
,,2022 - 2023,4.99
,Lower dibang valley,2002 - 2003,6.26
,,2003 - 2004,6.21
,,2004 - 2005,5.19
,,2005 - 2006,6.85
,,2006 - 2007,7.0
,,2007 - 2008,7.0
,,2008 - 2009,7.11
,,2009 - 2010,7.0
,,2010 - 2011,7.0
,,2011 - 2012,7.05
,,2012 - 2013,7.5
,,2013 - 2014,7.5
,,2014 - 2015,7.39
,,2015 - 2016,6.96
,,2016 - 2017,6.74
,,2017 - 2018,6.68
,,2018 - 2019,6.68
,,2019 - 2020,6.46
,,2020 - 2021,6.44
,,2021 - 2022,6.44
,,2022 - 2023,6.47
,Lower siang,2018 - 2019,3.82
,,2019 - 2020,3.79
,,2020 - 2021,3.84
,,2021 - 2022,3.85
,,2022 - 2023,3.85
,Lower subansiri,2000 - 2001,8.15
,,2001 - 2002,2.0
,,2002 - 2003,7.0
,,2004 - 2005,1.67
,Namsai,2015 - 2016,5.77
,,2016 - 2017,5.45
,,2017 - 2018,5.39
,,2018 - 2019,5.39
,,2019 - 2020,5.35
,,2020 - 2021,5.4
,,2021 - 2022,5.4
,,2022 - 2023,5.41
,Papum pare,2002 - 2003,0.0
,,2004 - 2005,2.0
,,2005 - 2006,7.0
,,2007 - 2008,6.44
,,2008 - 2009,6.8
,,2009 - 2010,7.2
,,2010 - 2011,6.91
,,2011 - 2012,6.83
,,2012 - 2013,1.41
,,2013 - 2014,7.2
,,2014 - 2015,6.92
,,2015 - 2016,5.87
,,2016 - 2017,5.28
,,2017 - 2018,5.17
,,2018 - 2019,5.17
,,2019 - 2020,5.1
,,2020 - 2021,5.19
,,2021 - 2022,5.22
,,2022 - 2023,5.22
,Shi yomi,2019 - 2020,4.33
,,2020 - 2021,4.67
,,2021 - 2022,4.67
,,2022 - 2023,4.64
,Siang,2015 - 2016,4.05
,,2016 - 2017,3.76
,,2017 - 2018,3.83
,,2018 - 2019,3.83
,,2019 - 2020,3.81
,,2020 - 2021,3.85
,,2021 - 2022,4.34
,,2022 - 2023,4.38
,Tawang,2002 - 2003,7.54
,,2003 - 2004,2.2
,,2004 - 2005,2.15
,,2005 - 2006,2.25
,,2006 - 2007,2.14
,,2007 - 2008,2.21
,,2008 - 2009,2.21
,,2009 - 2010,2.83
,,2010 - 2011,2.2
,,2011 - 2012,2.13
,,2012 - 2013,2.2
,,2013 - 2014,2.2
,,2014 - 2015,3.78
,,2015 - 2016,3.9
,,2016 - 2017,3.1
,,2017 - 2018,3.0
,,2018 - 2019,3.0
,,2019 - 2020,2.97
,,2020 - 2021,3.09
,,2021 - 2022,3.08
,,2022 - 2023,3.1
,Tirap,2000 - 2001,5.0
,,2001 - 2002,5.4
,,2002 - 2003,4.8
,,2004 - 2005,7.1
,Upper subansiri,2001 - 2002,7.17
,,2002 - 2003,2.8
,,2003 - 2004,1.73
,,2004 - 2005,4.06
,West siang,2000 - 2001,3.75
,,2001 - 2002,1.93
,,2002 - 2003,3.86
,,2003 - 2004,3.86
,,2006 - 2007,4.04
,,2007 - 2008,4.25
,,2008 - 2009,4.51
,,2009 - 2010,4.53
,,2010 - 2011,4.56
,,2011 - 2012,4.62
,,2012 - 2013,4.78
,,2013 - 2014,4.8
,,2014 - 2015,4.95
,,2015 - 2016,4.73
,,2016 - 2017,4.3
,,2017 - 2018,4.23
,,2018 - 2019,4.27
,,2019 - 2020,4.21
,,2020 - 2021,4.5
,,2021 - 2022,4.53
,,2022 - 2023,4.55
Assam,Baksa,2005 - 2006,0.92
,,2006 - 2007,0.93
,,2007 - 2008,0.24
,,2008 - 2009,0.93
,,2009 - 2010,0.93
,,2010 - 2011,0.93
,,2011 - 2012,1.24
,,2012 - 2013,1.26
,,2013 - 2014,1.26
,,2014 - 2015,1.26
,,2015 - 2016,1.27
,,2016 - 2017,1.27
,,2017 - 2018,1.29
,,2018 - 2019,1.39
,,2019 - 2020,1.45
,,2020 - 2021,1.45
,,2021 - 2022,1.45
,,2022 - 2023,1.5
,Barpeta,2000 - 2001,0.8
,,2001 - 2002,0.8
,,2002 - 2003,0.8
,,2003 - 2004,0.8
,,2004 - 2005,0.8
,,2005 - 2006,0.8
,,2006 - 2007,0.8
,,2007 - 2008,0.8
,,2008 - 2009,0.8
,,2009 - 2010,0.8
,,2010 - 2011,0.8
,,2011 - 2012,0.83
,,2012 - 2013,0.87
,,2013 - 2014,0.88
,,2014 - 2015,0.88
,,2015 - 2016,0.88
,,2016 - 2017,0.89
,,2017 - 2018,1.34
,,2018 - 2019,1.4
,,2019 - 2020,1.43
,,2020 - 2021,1.44
,,2021 - 2022,1.39
,,2022 - 2023,1.48
,Biswanath,2020 - 2021,0.9
,,2021 - 2022,0.9
,,2022 - 2023,1.05
,Bongaigaon,2000 - 2001,0.59
,,2001 - 2002,0.59
,,2002 - 2003,0.59
,,2003 - 2004,0.58
,,2004 - 2005,0.58
,,2005 - 2006,0.59
,,2006 - 2007,0.58
,,2007 - 2008,0.59
,,2008 - 2009,0.59
,,2009 - 2010,0.59
,,2010 - 2011,0.59
,,2011 - 2012,0.69
,,2012 - 2013,0.8
,,2013 - 2014,0.8
,,2014 - 2015,0.81
,,2015 - 2016,0.82
,,2016 - 2017,0.83
,,2017 - 2018,0.86
,,2018 - 2019,1.1
,,2019 - 2020,1.22
,,2020 - 2021,1.23
,,2021 - 2022,1.23
,,2022 - 2023,1.38
,Cachar,2000 - 2001,0.94
,,2001 - 2002,0.95
,,2002 - 2003,0.94
,,2003 - 2004,0.94
,,2004 - 2005,2.12
,,2005 - 2006,2.09
,,2006 - 2007,2.04
,,2007 - 2008,1.91
,,2008 - 2009,1.99
,,2009 - 2010,1.95
,,2010 - 2011,2.09
,,2011 - 2012,2.12
,,2012 - 2013,2.12
,,2013 - 2014,2.12
,,2014 - 2015,2.13
,,2015 - 2016,2.13
,,2016 - 2017,2.13
,,2017 - 2018,2.13
,,2018 - 2019,2.29
,,2019 - 2020,2.38
,,2020 - 2021,2.38
,,2021 - 2022,2.38
,,2022 - 2023,2.5
,Charaideo,2020 - 2021,1.03
,,2021 - 2022,1.03
,,2022 - 2023,1.04
,Chirang,2005 - 2006,0.58
,,2006 - 2007,0.59
,,2007 - 2008,0.59
,,2008 - 2009,0.59
,,2009 - 2010,0.59
,,2010 - 2011,0.59
,,2011 - 2012,0.66
,,2012 - 2013,0.67
,,2013 - 2014,0.68
,,2014 - 2015,0.68
,,2015 - 2016,0.69
,,2016 - 2017,0.7
,,2017 - 2018,0.73
,,2018 - 2019,0.89
,,2019 - 2020,0.98
,,2020 - 2021,0.98
,,2021 - 2022,1.19
,,2022 - 2023,1.27
,Darrang,2000 - 2001,0.61
,,2001 - 2002,0.61
,,2002 - 2003,0.61
,,2003 - 2004,0.61
,,2004 - 2005,0.61
,,2005 - 2006,0.6
,,2006 - 2007,0.6
,,2007 - 2008,0.6
,,2008 - 2009,0.61
,,2009 - 2010,0.6
,,2010 - 2011,0.6
,,2011 - 2012,0.64
,,2012 - 2013,0.66
,,2013 - 2014,0.65
,,2014 - 2015,0.67
,,2015 - 2016,0.67
,,2016 - 2017,0.68
,,2017 - 2018,0.77
,,2018 - 2019,0.89
,,2019 - 2020,0.95
,,2020 - 2021,0.95
,,2021 - 2022,0.95
,,2022 - 2023,1.05
,Dhemaji,2000 - 2001,0.65
,,2001 - 2002,0.65
,,2002 - 2003,0.65
,,2003 - 2004,0.65
,,2004 - 2005,0.66
,,2005 - 2006,0.66
,,2006 - 2007,0.66
,,2007 - 2008,0.64
,,2008 - 2009,0.66
,,2009 - 2010,0.66
,,2010 - 2011,0.66
,,2011 - 2012,0.68
,,2012 - 2013,0.78
,,2013 - 2014,0.78
,,2014 - 2015,0.79
,,2015 - 2016,0.8
,,2016 - 2017,0.81
,,2017 - 2018,0.83
,,2018 - 2019,1.0
,,2019 - 2020,1.1
,,2020 - 2021,1.1
,,2021 - 2022,1.1
,,2022 - 2023,1.25
,Dhubri,2000 - 2001,0.75
,,2001 - 2002,0.75
,,2002 - 2003,0.75
,,2003 - 2004,0.75
,,2004 - 2005,0.75
,,2005 - 2006,0.75
,,2006 - 2007,0.75
,,2007 - 2008,0.75
,,2008 - 2009,0.75
,,2009 - 2010,0.75
,,2010 - 2011,0.75
,,2011 - 2012,0.77
,,2012 - 2013,0.79
,,2013 - 2014,0.79
,,2014 - 2015,0.79
,,2015 - 2016,0.8
,,2016 - 2017,0.81
,,2017 - 2018,0.82
,,2018 - 2019,0.99
,,2019 - 2020,1.08
,,2020 - 2021,1.08
,,2021 - 2022,1.08
,,2022 - 2023,1.21
,Dibrugarh,2000 - 2001,0.57
,,2001 - 2002,0.57
,,2002 - 2003,0.57
,,2003 - 2004,0.57
,,2004 - 2005,0.57
,,2005 - 2006,0.57
,,2006 - 2007,0.57
,,2007 - 2008,0.56
,,2008 - 2009,0.57
,,2009 - 2010,0.57
,,2010 - 2011,0.57
,,2011 - 2012,0.68
,,2012 - 2013,0.7
,,2013 - 2014,0.69
,,2014 - 2015,0.81
,,2015 - 2016,0.82
,,2016 - 2017,0.83
,,2017 - 2018,0.84
,,2018 - 2019,1.06
,,2019 - 2020,1.17
,,2020 - 2021,1.16
,,2021 - 2022,1.17
,,2022 - 2023,1.46
,Dima hasao,2000 - 2001,0.51
,,2001 - 2002,0.57
,,2002 - 2003,0.53
,,2003 - 2004,0.54
,,2004 - 2005,0.55
,,2005 - 2006,0.54
,,2006 - 2007,0.54
,,2007 - 2008,0.54
,,2008 - 2009,0.54
,,2009 - 2010,0.54
,,2010 - 2011,0.54
,,2011 - 2012,0.54
,,2012 - 2013,0.67
,,2013 - 2014,1.32
,,2014 - 2015,1.34
,,2015 - 2016,1.35
,,2016 - 2017,1.34
,,2017 - 2018,2.73
,,2018 - 2019,1.57
,,2019 - 2020,1.62
,,2020 - 2021,2.24
,,2021 - 2022,2.31
,,2022 - 2023,2.0
,Goalpara,2000 - 2001,0.51
,,2001 - 2002,0.51
,,2002 - 2003,0.51
,,2003 - 2004,0.51
,,2004 - 2005,0.51
,,2005 - 2006,0.51
,,2006 - 2007,0.5
,,2007 - 2008,0.51
,,2008 - 2009,0.91
,,2009 - 2010,0.64
,,2010 - 2011,0.69
,,2011 - 2012,0.93
,,2012 - 2013,0.94
,,2013 - 2014,0.94
,,2014 - 2015,0.95
,,2015 - 2016,0.95
,,2016 - 2017,0.96
,,2017 - 2018,0.97
,,2018 - 2019,1.3
,,2019 - 2020,1.08
,,2020 - 2021,1.37
,,2021 - 2022,1.37
,,2022 - 2023,1.52
,Golaghat,2000 - 2001,0.3
,,2001 - 2002,0.3
,,2002 - 2003,0.3
,,2003 - 2004,0.3
,,2004 - 2005,0.3
,,2005 - 2006,0.3
,,2006 - 2007,0.3
,,2007 - 2008,0.3
,,2008 - 2009,0.3
,,2009 - 2010,0.3
,,2010 - 2011,0.3
,,2011 - 2012,1.0
,,2012 - 2013,1.53
,,2013 - 2014,1.53
,,2014 - 2015,1.54
,,2015 - 2016,1.55
,,2016 - 2017,1.55
,,2017 - 2018,1.57
,,2018 - 2019,0.64
,,2019 - 2020,0.69
,,2020 - 2021,0.69
,,2021 - 2022,0.69
,,2022 - 2023,0.75
,Hailakandi,2000 - 2001,0.51
,,2001 - 2002,0.51
,,2002 - 2003,0.51
,,2003 - 2004,0.5
,,2004 - 2005,0.51
,,2005 - 2006,0.51
,,2006 - 2007,0.51
,,2007 - 2008,0.5
,,2008 - 2009,0.5
,,2009 - 2010,0.5
,,2010 - 2011,0.5
,,2011 - 2012,0.61
,,2012 - 2013,0.71
,,2013 - 2014,0.71
,,2014 - 2015,0.71
,,2015 - 2016,0.72
,,2016 - 2017,0.75
,,2017 - 2018,0.76
,,2018 - 2019,1.14
,,2019 - 2020,1.03
,,2020 - 2021,1.32
,,2021 - 2022,1.33
,,2022 - 2023,1.59
,Hojai,2020 - 2021,1.03
,,2021 - 2022,1.03
,,2022 - 2023,1.65
,Jorhat,2000 - 2001,0.63
,,2001 - 2002,0.63
,,2002 - 2003,0.63
,,2003 - 2004,0.63
,,2004 - 2005,0.63
,,2005 - 2006,0.63
,,2006 - 2007,0.63
,,2007 - 2008,0.63
,,2008 - 2009,0.63
,,2009 - 2010,0.63
,,2010 - 2011,0.63
,,2011 - 2012,0.29
,,2012 - 2013,0.47
,,2013 - 2014,0.47
,,2014 - 2015,0.57
,,2015 - 2016,0.57
,,2016 - 2017,0.59
,,2017 - 2018,0.7
,,2018 - 2019,0.92
,,2019 - 2020,1.03
,,2020 - 2021,1.03
,,2021 - 2022,1.03
,,2022 - 2023,1.27
,Kamrup,2000 - 2001,0.87
,,2001 - 2002,0.87
,,2002 - 2003,0.86
,,2003 - 2004,0.87
,,2004 - 2005,0.86
,,2005 - 2006,0.87
,,2006 - 2007,0.86
,,2007 - 2008,0.86
,,2008 - 2009,0.87
,,2009 - 2010,0.87
,,2010 - 2011,0.87
,,2011 - 2012,0.97
,,2012 - 2013,0.99
,,2013 - 2014,0.99
,,2014 - 2015,1.14
,,2015 - 2016,1.14
,,2016 - 2017,1.15
,,2017 - 2018,1.16
,,2018 - 2019,1.15
,,2019 - 2020,1.2
,,2020 - 2021,1.2
,,2021 - 2022,1.2
,,2022 - 2023,1.27
,Kamrup metro,2005 - 2006,0.87
,,2006 - 2007,0.87
,,2007 - 2008,0.87
,,2008 - 2009,1.21
,,2009 - 2010,0.98
,,2010 - 2011,1.02
,,2011 - 2012,1.74
,,2012 - 2013,1.75
,,2013 - 2014,1.76
,,2014 - 2015,1.76
,,2015 - 2016,1.76
,,2016 - 2017,1.76
,,2017 - 2018,1.77
,,2018 - 2019,2.01
,,2019 - 2020,2.14
,,2020 - 2021,2.14
,,2021 - 2022,2.13
,,2022 - 2023,2.48
,Karbi anglong,2000 - 2001,0.75
,,2001 - 2002,0.75
,,2002 - 2003,0.77
,,2003 - 2004,0.77
,,2004 - 2005,0.8
,,2005 - 2006,0.79
,,2006 - 2007,0.8
,,2007 - 2008,0.81
,,2008 - 2009,0.81
,,2009 - 2010,0.81
,,2010 - 2011,0.8
,,2011 - 2012,1.02
,,2012 - 2013,1.06
,,2013 - 2014,1.0
,,2014 - 2015,1.01
,,2015 - 2016,1.02
,,2016 - 2017,1.02
,,2017 - 2018,2.04
,,2018 - 2019,2.1
,,2019 - 2020,2.14
,,2020 - 2021,2.14
,,2021 - 2022,2.14
,,2022 - 2023,1.2
,Karimganj,2000 - 2001,0.46
,,2001 - 2002,0.46
,,2002 - 2003,0.46
,,2003 - 2004,0.46
,,2004 - 2005,0.46
,,2005 - 2006,0.64
,,2006 - 2007,0.52
,,2007 - 2008,0.54
,,2008 - 2009,0.57
,,2009 - 2010,0.54
,,2010 - 2011,0.55
,,2011 - 2012,0.59
,,2012 - 2013,0.63
,,2013 - 2014,0.63
,,2014 - 2015,0.63
,,2015 - 2016,0.64
,,2016 - 2017,0.65
,,2017 - 2018,0.67
,,2018 - 2019,0.91
,,2019 - 2020,1.03
,,2020 - 2021,1.03
,,2021 - 2022,1.03
,,2022 - 2023,1.25
,Kokrajhar,2000 - 2001,0.78
,,2001 - 2002,0.78
,,2002 - 2003,0.78
,,2003 - 2004,0.78
,,2004 - 2005,0.78
,,2005 - 2006,0.78
,,2006 - 2007,0.78
,,2007 - 2008,0.78
,,2008 - 2009,0.79
,,2009 - 2010,0.79
,,2010 - 2011,0.79
,,2011 - 2012,0.8
,,2012 - 2013,0.9
,,2013 - 2014,0.9
,,2014 - 2015,0.89
,,2015 - 2016,0.9
,,2016 - 2017,0.91
,,2017 - 2018,0.93
,,2018 - 2019,1.04
,,2019 - 2020,1.1
,,2020 - 2021,1.1
,,2021 - 2022,1.1
,,2022 - 2023,1.18
,Lakhimpur,2000 - 2001,0.65
,,2001 - 2002,0.65
,,2002 - 2003,0.65
,,2003 - 2004,0.65
,,2004 - 2005,0.65
,,2005 - 2006,0.65
,,2006 - 2007,0.65
,,2007 - 2008,0.65
,,2008 - 2009,0.65
,,2009 - 2010,0.65
,,2010 - 2011,0.65
,,2011 - 2012,0.69
,,2012 - 2013,0.76
,,2013 - 2014,0.76
,,2014 - 2015,0.77
,,2015 - 2016,0.77
,,2016 - 2017,0.78
,,2017 - 2018,0.78
,,2018 - 2019,0.86
,,2019 - 2020,0.9
,,2020 - 2021,0.9
,,2021 - 2022,0.95
,,2022 - 2023,0.96
,Majuli,2020 - 2021,1.03
,,2021 - 2022,1.03
,,2022 - 2023,1.09
,Marigaon,2000 - 2001,0.8
,,2001 - 2002,0.8
,,2002 - 2003,0.8
,,2003 - 2004,0.8
,,2004 - 2005,0.8
,,2005 - 2006,0.8
,,2006 - 2007,0.8
,,2007 - 2008,0.8
,,2008 - 2009,1.7
,,2009 - 2010,1.1
,,2010 - 2011,1.2
,,2011 - 2012,1.15
,,2012 - 2013,1.16
,,2013 - 2014,1.17
,,2014 - 2015,1.17
,,2015 - 2016,1.18
,,2016 - 2017,1.18
,,2017 - 2018,1.2
,,2018 - 2019,1.42
,,2019 - 2020,1.53
,,2020 - 2021,1.53
,,2021 - 2022,1.53
,,2022 - 2023,1.62
,Nagaon,2000 - 2001,0.64
,,2001 - 2002,0.64
,,2002 - 2003,0.64
,,2003 - 2004,0.64
,,2004 - 2005,0.64
,,2005 - 2006,0.64
,,2006 - 2007,0.64
,,2007 - 2008,0.64
,,2008 - 2009,0.65
,,2009 - 2010,0.64
,,2010 - 2011,0.64
,,2011 - 2012,0.86
,,2012 - 2013,0.87
,,2013 - 2014,0.87
,,2014 - 2015,0.87
,,2015 - 2016,0.88
,,2016 - 2017,0.88
,,2017 - 2018,0.96
,,2018 - 2019,1.01
,,2019 - 2020,1.03
,,2020 - 2021,1.03
,,2021 - 2022,1.03
,,2022 - 2023,1.06
,Nalbari,2000 - 2001,0.93
,,2001 - 2002,0.93
,,2002 - 2003,0.92
,,2003 - 2004,0.93
,,2004 - 2005,0.92
,,2005 - 2006,0.92
,,2006 - 2007,0.93
,,2007 - 2008,0.93
,,2008 - 2009,0.93
,,2009 - 2010,0.92
,,2010 - 2011,0.93
,,2011 - 2012,0.96
,,2012 - 2013,0.97
,,2013 - 2014,0.97
,,2014 - 2015,0.97
,,2015 - 2016,0.98
,,2016 - 2017,0.99
,,2017 - 2018,1.14
,,2018 - 2019,1.29
,,2019 - 2020,1.38
,,2020 - 2021,1.38
,,2021 - 2022,1.38
,,2022 - 2023,1.51
,Sivasagar,2000 - 2001,0.86
,,2001 - 2002,0.87
,,2002 - 2003,0.85
,,2003 - 2004,0.83
,,2004 - 2005,0.83
,,2005 - 2006,0.78
,,2006 - 2007,0.8
,,2007 - 2008,0.77
,,2008 - 2009,0.97
,,2009 - 2010,0.85
,,2010 - 2011,0.76
,,2011 - 2012,0.67
,,2012 - 2013,0.69
,,2013 - 2014,0.69
,,2014 - 2015,0.69
,,2015 - 2016,0.69
,,2016 - 2017,0.71
,,2017 - 2018,1.02
,,2018 - 2019,0.99
,,2019 - 2020,1.07
,,2020 - 2021,1.07
,,2021 - 2022,1.07
,,2022 - 2023,1.65
,Sonitpur,2000 - 2001,0.73
,,2001 - 2002,0.73
,,2002 - 2003,0.73
,,2003 - 2004,0.73
,,2004 - 2005,0.73
,,2005 - 2006,0.73
,,2006 - 2007,0.73
,,2007 - 2008,0.73
,,2008 - 2009,0.73
,,2009 - 2010,0.73
,,2010 - 2011,0.73
,,2011 - 2012,0.88
,,2012 - 2013,0.97
,,2013 - 2014,0.96
,,2014 - 2015,0.84
,,2015 - 2016,0.98
,,2016 - 2017,0.98
,,2017 - 2018,1.79
,,2018 - 2019,1.79
,,2019 - 2020,1.81
,,2020 - 2021,1.81
,,2021 - 2022,1.81
,,2022 - 2023,1.85
,South salmara mancachar,2020 - 2021,1.09
,,2021 - 2022,1.09
,,2022 - 2023,1.2
,Tinsukia,2000 - 2001,0.54
,,2001 - 2002,0.54
,,2002 - 2003,0.54
,,2003 - 2004,0.55
,,2004 - 2005,0.55
,,2005 - 2006,0.55
,,2006 - 2007,0.55
,,2007 - 2008,0.55
,,2008 - 2009,0.55
,,2009 - 2010,0.55
,,2010 - 2011,0.55
,,2011 - 2012,0.67
,,2012 - 2013,0.68
,,2013 - 2014,0.68
,,2014 - 2015,0.68
,,2015 - 2016,0.7
,,2016 - 2017,0.71
,,2017 - 2018,0.73
,,2018 - 2019,0.94
,,2019 - 2020,1.05
,,2020 - 2021,1.05
,,2021 - 2022,1.05
,,2022 - 2023,1.19
,Udalguri,2005 - 2006,0.61
,,2006 - 2007,0.61
,,2007 - 2008,0.61
,,2008 - 2009,0.61
,,2009 - 2010,0.61
,,2010 - 2011,0.61
,,2011 - 2012,0.66
,,2012 - 2013,0.68
,,2013 - 2014,0.67
,,2014 - 2015,0.79
,,2015 - 2016,0.79
,,2016 - 2017,0.8
,,2017 - 2018,0.9
,,2018 - 2019,1.01
,,2019 - 2020,1.08
,,2020 - 2021,1.08
,,2021 - 2022,1.08
,,2022 - 2023,1.16
,West karbi anglong,2020 - 2021,2.0
,,2021 - 2022,2.15
,,2022 - 2023,1.97
Bihar,Araria,2000 - 2001,0.97
,,2001 - 2002,1.95
,,2002 - 2003,0.99
,,2003 - 2004,0.99
,,2004 - 2005,0.99
,,2005 - 2006,0.97
,,2007 - 2008,0.95
,,2008 - 2009,1.27
,,2016 - 2017,1.15
,,2017 - 2018,1.13
,,2018 - 2019,1.15
,,2022 - 2023,1.0
,Arwal,2003 - 2004,1.0
,,2005 - 2006,0.91
,,2016 - 2017,1.2
,,2017 - 2018,1.2
,,2018 - 2019,1.0
,Aurangabad,2001 - 2002,1.33
,,2005 - 2006,1.0
,,2007 - 2008,1.0
,,2008 - 2009,1.0
,Banka,2000 - 2001,1.0
,,2001 - 2002,1.0
,Begusarai,2000 - 2001,0.97
,,2001 - 2002,0.58
,,2002 - 2003,0.99
,,2003 - 2004,0.99
,,2004 - 2005,0.99
,,2005 - 2006,0.97
,,2007 - 2008,0.98
,,2016 - 2017,0.84
,,2017 - 2018,0.92
,,2018 - 2019,0.91
,,2019 - 2020,1.07
,,2020 - 2021,0.9
,,2021 - 2022,0.89
,,2022 - 2023,0.89
,Bhagalpur,2000 - 2001,0.98
,,2001 - 2002,1.04
,,2002 - 2003,0.98
,,2003 - 2004,0.98
,,2004 - 2005,0.97
,,2005 - 2006,0.98
,,2007 - 2008,1.0
,,2008 - 2009,1.17
,,2016 - 2017,1.07
,,2017 - 2018,1.07
,,2018 - 2019,1.07
,,2019 - 2020,0.89
,,2020 - 2021,1.07
,,2021 - 2022,1.08
,,2022 - 2023,1.08
,Bhojpur,2005 - 2006,1.0
,,2008 - 2009,1.33
,,2016 - 2017,0.95
,,2017 - 2018,1.0
,Darbhanga,2001 - 2002,0.67
,,2002 - 2003,1.0
,,2004 - 2005,1.0
,,2007 - 2008,1.0
,,2018 - 2019,1.0
,,2019 - 2020,1.0
,,2020 - 2021,1.0
,Gaya,2000 - 2001,1.0
,,2001 - 2002,1.33
,,2002 - 2003,1.0
,,2003 - 2004,1.0
,,2004 - 2005,1.0
,,2005 - 2006,0.9
,,2007 - 2008,1.0
,,2008 - 2009,1.18
,Gopalganj,2001 - 2002,1.0
,,2022 - 2023,1.17
,Jehanabad,2001 - 2002,1.0
,,2003 - 2004,1.0
,,2005 - 2006,1.0
,,2008 - 2009,1.0
,Katihar,2000 - 2001,0.97
,,2001 - 2002,1.95
,,2002 - 2003,1.0
,,2003 - 2004,1.0
,,2004 - 2005,1.0
,,2005 - 2006,0.96
,,2007 - 2008,1.0
,,2008 - 2009,1.27
,,2016 - 2017,1.33
,,2017 - 2018,1.17
,,2018 - 2019,1.2
,,2019 - 2020,1.23
,,2020 - 2021,1.21
,,2021 - 2022,1.21
,,2022 - 2023,1.21
,Khagaria,2000 - 2001,0.95
,,2001 - 2002,0.58
,,2002 - 2003,1.0
,,2003 - 2004,1.0
,,2004 - 2005,1.0
,,2005 - 2006,0.96
,,2007 - 2008,0.96
,,2008 - 2009,1.15
,,2016 - 2017,0.95
,,2017 - 2018,1.0
,,2018 - 2019,1.0
,,2019 - 2020,1.0
,,2020 - 2021,1.0
,,2021 - 2022,1.0
,,2022 - 2023,1.0
,Kishanganj,2000 - 2001,0.97
,,2001 - 2002,1.89
,,2002 - 2003,0.98
,,2003 - 2004,0.98
,,2004 - 2005,0.98
,,2005 - 2006,0.97
,,2007 - 2008,0.95
,,2008 - 2009,1.27
,,2016 - 2017,0.98
,,2017 - 2018,1.03
,,2018 - 2019,1.03
,,2019 - 2020,1.01
,,2020 - 2021,1.03
,,2021 - 2022,1.02
,,2022 - 2023,1.02
,Lakhisarai,2016 - 2017,1.0
,Madhepura,2001 - 2002,1.0
,,2002 - 2003,1.0
,,2003 - 2004,1.0
,,2004 - 2005,1.0
,,2005 - 2006,0.98
,,2007 - 2008,1.0
,,2008 - 2009,1.16
,,2016 - 2017,1.05
,,2017 - 2018,1.06
,,2018 - 2019,1.05
,,2019 - 2020,1.06
,,2020 - 2021,1.06
,,2021 - 2022,1.06
,,2022 - 2023,1.05
,Madhubani,2000 - 2001,0.92
,,2001 - 2002,0.94
,,2002 - 2003,1.0
,,2003 - 2004,1.0
,,2004 - 2005,1.0
,,2005 - 2006,1.0
,,2007 - 2008,1.0
,,2008 - 2009,1.08
,,2016 - 2017,0.58
,,2017 - 2018,0.9
,,2018 - 2019,0.84
,,2019 - 2020,0.78
,,2020 - 2021,0.83
,,2021 - 2022,0.83
,,2022 - 2023,0.82
,Muzaffarpur,2000 - 2001,0.86
,,2001 - 2002,0.93
,,2002 - 2003,0.99
,,2003 - 2004,0.99
,,2004 - 2005,0.99
,,2005 - 2006,0.97
,,2007 - 2008,1.1
,,2008 - 2009,1.22
,,2016 - 2017,1.21
,,2017 - 2018,1.17
,,2018 - 2019,1.17
,,2019 - 2020,1.18
,,2020 - 2021,1.17
,,2021 - 2022,1.16
,,2022 - 2023,1.18
,Nalanda,2002 - 2003,1.0
,,2003 - 2004,1.0
,,2004 - 2005,1.0
,,2005 - 2006,1.0
,,2008 - 2009,1.0
,,2016 - 2017,1.0
,Nawada,2004 - 2005,1.0
,,2005 - 2006,1.0
,Pashchim champaran,2000 - 2001,1.25
,,2001 - 2002,1.09
,,2002 - 2003,0.99
,,2003 - 2004,0.99
,,2005 - 2006,0.97
,,2007 - 2008,1.08
,,2008 - 2009,1.22
,,2016 - 2017,1.15
,,2017 - 2018,1.15
,,2018 - 2019,1.14
,,2019 - 2020,1.14
,,2020 - 2021,1.14
,,2021 - 2022,1.14
,,2022 - 2023,1.14
,Patna,2016 - 2017,0.71
,,2017 - 2018,0.67
,Purbi champaran,2000 - 2001,1.11
,,2001 - 2002,1.02
,,2003 - 2004,1.0
,,2004 - 2005,0.99
,,2005 - 2006,0.97
,,2007 - 2008,1.09
,,2008 - 2009,1.23
,,2016 - 2017,1.39
,Purnia,2000 - 2001,1.0
,,2001 - 2002,2.0
,,2002 - 2003,1.0
,,2003 - 2004,0.99
,,2004 - 2005,0.99
,,2005 - 2006,0.97
,,2007 - 2008,0.94
,,2008 - 2009,1.27
,Rohtas,2000 - 2001,1.0
,,2001 - 2002,1.0
,,2002 - 2003,1.0
,,2003 - 2004,1.0
,,2004 - 2005,1.0
,,2016 - 2017,1.2
,,2017 - 2018,1.0
,,2018 - 2019,1.0
,,2019 - 2020,1.0
,Saharsa,2002 - 2003,1.0
,,2003 - 2004,1.0
,,2004 - 2005,1.0
,,2005 - 2006,1.0
,,2007 - 2008,1.0
,Samastipur,2000 - 2001,0.93
,,2001 - 2002,0.96
,,2002 - 2003,0.99
,,2003 - 2004,0.99
,,2004 - 2005,0.99
,,2005 - 2006,0.97
,,2007 - 2008,1.0
,,2008 - 2009,1.08
,,2016 - 2017,0.96
,,2017 - 2018,1.03
,,2018 - 2019,1.02
,,2019 - 2020,1.01
,,2020 - 2021,1.02
,,2021 - 2022,1.02
,,2022 - 2023,1.01
,Sheohar,2000 - 2001,1.13
,,2001 - 2002,1.0
,,2002 - 2003,1.0
,,2003 - 2004,1.0
,,2004 - 2005,1.0
,,2016 - 2017,0.83
,,2017 - 2018,1.04
,,2018 - 2019,0.98
,,2019 - 2020,0.96
,,2020 - 2021,1.0
,,2021 - 2022,0.95
,,2022 - 2023,0.95
,Sitamarhi,2000 - 2001,1.11
,,2001 - 2002,1.02
,,2002 - 2003,0.98
,,2003 - 2004,0.98
,,2004 - 2005,0.98
,Siwan,2000 - 2001,1.0
,,2004 - 2005,1.0
,,2005 - 2006,1.0
,,2007 - 2008,1.0
,,2008 - 2009,1.0
,,2016 - 2017,1.13
,,2017 - 2018,1.19
,,2018 - 2019,1.13
,,2019 - 2020,1.13
,,2020 - 2021,1.13
,,2021 - 2022,1.13
,,2022 - 2023,1.13
,Supaul,2000 - 2001,0.97
,,2001 - 2002,1.04
,,2002 - 2003,0.99
,,2003 - 2004,1.0
,,2004 - 2005,0.98
,,2005 - 2006,0.97
,,2007 - 2008,1.0
,,2008 - 2009,1.16
,,2016 - 2017,0.37
,,2017 - 2018,0.85
,,2018 - 2019,0.77
,,2019 - 2020,0.66
,,2020 - 2021,0.76
,,2021 - 2022,0.73
,,2022 - 2023,1.02
,Vaishali,2000 - 2001,1.11
,,2001 - 2002,1.02
,,2002 - 2003,0.99
,,2003 - 2004,1.0
,,2004 - 2005,0.98
,,2005 - 2006,0.98
,,2007 - 2008,0.92
,,2008 - 2009,1.0
,,2016 - 2017,1.19
Chhattisgarh,Balod,2012 - 2013,1.0
,,2013 - 2014,1.0
,,2014 - 2015,1.0
,,2019 - 2020,1.0
,,2020 - 2021,1.5
,,2021 - 2022,1.5
,,2022 - 2023,1.5
,Baloda bazar,2011 - 2012,2.18
,,2012 - 2013,2.0
,,2013 - 2014,2.0
,,2014 - 2015,2.15
,,2015 - 2016,1.86
,,2016 - 2017,1.55
,,2017 - 2018,1.53
,,2018 - 2019,1.53
,,2019 - 2020,1.64
,,2020 - 2021,1.52
,,2021 - 2022,1.67
,,2022 - 2023,1.6
,Balrampur,2011 - 2012,0.98
,,2012 - 2013,0.95
,,2013 - 2014,0.71
,,2014 - 2015,0.78
,,2015 - 2016,0.78
,,2016 - 2017,0.89
,,2017 - 2018,0.9
,,2018 - 2019,0.87
,,2019 - 2020,0.8
,,2020 - 2021,1.29
,,2021 - 2022,1.29
,,2022 - 2023,0.8
,Bastar,2000 - 2001,0.85
,,2001 - 2002,0.85
,,2002 - 2003,0.86
,,2003 - 2004,0.86
,,2004 - 2005,0.86
,,2005 - 2006,0.86
,,2006 - 2007,0.86
,,2007 - 2008,0.86
,,2008 - 2009,0.87
,,2009 - 2010,0.86
,,2010 - 2011,0.8
,,2011 - 2012,0.89
,,2012 - 2013,0.95
,,2013 - 2014,0.94
,,2014 - 2015,0.57
,,2015 - 2016,0.79
,,2016 - 2017,0.88
,,2017 - 2018,0.67
,,2018 - 2019,0.78
,,2019 - 2020,0.77
,,2020 - 2021,0.69
,,2021 - 2022,0.69
,,2022 - 2023,0.7
,Bemetara,2011 - 2012,1.15
,,2012 - 2013,0.95
,,2013 - 2014,1.3
,,2014 - 2015,1.16
,,2015 - 2016,0.87
,,2016 - 2017,1.0
,,2017 - 2018,7.16
,,2018 - 2019,0.87
,,2019 - 2020,0.75
,,2020 - 2021,2.68
,,2021 - 2022,2.68
,,2022 - 2023,2.42
,Bijapur,2006 - 2007,0.0
,,2007 - 2008,0.82
,,2008 - 2009,0.0
,,2009 - 2010,0.83
,,2010 - 2011,0.82
,,2011 - 2012,0.5
,,2012 - 2013,0.57
,,2013 - 2014,0.56
,,2014 - 2015,0.87
,,2015 - 2016,0.71
,,2016 - 2017,0.67
,,2017 - 2018,0.64
,,2018 - 2019,0.4
,,2019 - 2020,1.13
,,2020 - 2021,1.0
,,2021 - 2022,1.17
,,2022 - 2023,1.33
,Bilaspur,2000 - 2001,1.0
,,2001 - 2002,1.0
,,2002 - 2003,1.0
,,2003 - 2004,0.5
,,2004 - 2005,1.0
,,2005 - 2006,1.0
,,2006 - 2007,1.0
,,2007 - 2008,1.0
,,2009 - 2010,0.0
,,2010 - 2011,1.0
,,2018 - 2019,1.0
,,2019 - 2020,1.0
,,2020 - 2021,1.2
,,2021 - 2022,1.2
,,2022 - 2023,1.0
,Dantewada,2000 - 2001,0.67
,,2001 - 2002,0.76
,,2002 - 2003,0.54
,,2003 - 2004,0.69
,,2004 - 2005,0.56
,,2005 - 2006,0.53
,,2006 - 2007,0.87
,,2007 - 2008,0.85
,,2008 - 2009,0.67
,,2009 - 2010,0.0
,,2010 - 2011,0.8
,,2011 - 2012,0.79
,,2012 - 2013,0.59
,,2013 - 2014,0.55
,,2014 - 2015,0.88
,,2015 - 2016,0.73
,,2016 - 2017,0.79
,,2017 - 2018,0.63
,,2018 - 2019,1.1
,,2019 - 2020,1.11
,,2020 - 2021,0.83
,,2021 - 2022,0.81
,,2022 - 2023,1.1
,Dhamtari,2000 - 2001,1.5
,,2001 - 2002,2.0
,,2002 - 2003,1.5
,,2003 - 2004,2.0
,,2004 - 2005,2.0
,,2005 - 2006,2.0
,,2006 - 2007,0.6
,,2007 - 2008,1.67
,,2008 - 2009,2.0
,,2009 - 2010,2.0
,,2015 - 2016,2.0
,,2016 - 2017,1.5
,,2018 - 2019,3.0
,,2019 - 2020,2.0
,,2020 - 2021,2.0
,,2021 - 2022,2.17
,,2022 - 2023,2.17
,Durg,2000 - 2001,1.0
,,2001 - 2002,1.0
,,2002 - 2003,1.0
,,2003 - 2004,1.2
,,2004 - 2005,1.0
,,2006 - 2007,1.0
,,2007 - 2008,0.87
,,2008 - 2009,0.75
,,2010 - 2011,1.81
,,2011 - 2012,1.17
,,2012 - 2013,1.0
,,2014 - 2015,1.17
,,2019 - 2020,1.0
,,2020 - 2021,1.0
,,2021 - 2022,1.0
,,2022 - 2023,1.1
,Gariyaband,2011 - 2012,2.0
,,2012 - 2013,2.0
,,2013 - 2014,2.0
,,2014 - 2015,1.5
,,2015 - 2016,1.89
,,2019 - 2020,3.0
,,2020 - 2021,2.67
,,2021 - 2022,2.5
,,2022 - 2023,2.0
,Gaurella-pendra-marwahi,2020 - 2021,1.0
,Janjgir-champa,2000 - 2001,1.0
,,2001 - 2002,1.0
,,2002 - 2003,1.0
,,2003 - 2004,1.0
,,2004 - 2005,0.83
,,2005 - 2006,0.86
,,2006 - 2007,0.8
,,2007 - 2008,1.0
,,2008 - 2009,0.86
,,2009 - 2010,0.0
,,2010 - 2011,0.86
,,2011 - 2012,1.0
,,2012 - 2013,0.88
,,2013 - 2014,0.96
,,2014 - 2015,0.96
,,2015 - 2016,1.0
,,2016 - 2017,1.0
,,2017 - 2018,1.0
,,2018 - 2019,1.0
,,2019 - 2020,1.0
,,2020 - 2021,1.0
,,2021 - 2022,0.83
,Jashpur,2000 - 2001,0.7
,,2001 - 2002,0.79
,,2002 - 2003,0.75
,,2003 - 2004,0.74
,,2004 - 2005,0.75
,,2005 - 2006,0.71
,,2006 - 2007,0.76
,,2007 - 2008,0.75
,,2008 - 2009,0.78
,,2009 - 2010,0.74
,,2010 - 2011,0.73
,,2011 - 2012,0.74
,,2012 - 2013,0.73
,,2013 - 2014,0.71
,,2014 - 2015,0.72
,,2015 - 2016,0.81
,,2016 - 2017,0.71
,,2017 - 2018,1.02
,,2018 - 2019,0.7
,,2019 - 2020,0.47
,,2020 - 2021,0.78
,,2021 - 2022,0.76
,,2022 - 2023,1.63
,Kabirdham,2003 - 2004,1.0
,,2004 - 2005,1.0
,,2006 - 2007,1.0
,,2007 - 2008,1.0
,,2014 - 2015,1.0
,Kanker,2000 - 2001,1.0
,,2001 - 2002,0.77
,,2002 - 2003,0.85
,,2003 - 2004,1.09
,,2004 - 2005,0.78
,,2005 - 2006,0.92
,,2006 - 2007,0.9
,,2007 - 2008,1.0
,,2008 - 2009,0.82
,,2009 - 2010,0.82
,,2010 - 2011,0.85
,,2011 - 2012,0.9
,,2012 - 2013,0.6
,,2013 - 2014,0.5
,,2014 - 2015,0.58
,,2015 - 2016,0.66
,,2016 - 2017,0.85
,,2017 - 2018,0.65
,,2018 - 2019,0.61
,,2019 - 2020,0.5
,,2020 - 2021,0.5
,,2021 - 2022,0.5
,,2022 - 2023,1.2
,Khairgarh chhuikhadan gandai,2022 - 2023,1.0
,Kondagaon,2011 - 2012,0.89
,,2012 - 2013,0.93
,,2013 - 2014,0.74
,,2014 - 2015,0.74
,,2015 - 2016,1.46
,,2016 - 2017,1.47
,,2017 - 2018,1.4
,,2018 - 2019,1.47
,,2019 - 2020,1.63
,,2020 - 2021,1.48
,,2021 - 2022,1.5
,,2022 - 2023,1.48
,Korba,2000 - 2001,1.0
,,2001 - 2002,1.0
,,2003 - 2004,0.8
,,2004 - 2005,0.88
,,2005 - 2006,0.8
,,2006 - 2007,0.89
,,2007 - 2008,1.0
,,2008 - 2009,0.83
,,2009 - 2010,0.0
,,2010 - 2011,0.8
,,2011 - 2012,1.0
,,2012 - 2013,1.0
,,2013 - 2014,1.0
,,2014 - 2015,1.0
,,2015 - 2016,1.0
,,2016 - 2017,1.0
,,2017 - 2018,1.0
,,2018 - 2019,1.25
,,2019 - 2020,1.0
,,2020 - 2021,1.0
,,2021 - 2022,1.0
,Korea,2000 - 2001,1.0
,,2001 - 2002,0.88
,,2002 - 2003,0.92
,,2003 - 2004,0.9
,,2004 - 2005,0.87
,,2005 - 2006,0.85
,,2006 - 2007,0.8
,,2007 - 2008,0.73
,,2008 - 2009,0.9
,,2009 - 2010,0.89
,,2010 - 2011,0.88
,,2011 - 2012,0.75
,,2012 - 2013,0.86
,,2013 - 2014,0.79
,,2014 - 2015,0.88
,,2015 - 2016,0.61
,,2016 - 2017,0.97
,,2017 - 2018,4.34
,,2018 - 2019,0.79
,,2019 - 2020,0.69
,,2020 - 2021,1.3
,,2021 - 2022,1.27
,,2022 - 2023,0.67
,Mahasamund,2000 - 2001,1.5
,,2001 - 2002,2.0
,,2002 - 2003,1.67
,,2003 - 2004,2.0
,,2004 - 2005,2.0
,,2005 - 2006,1.5
,,2006 - 2007,2.0
,,2007 - 2008,2.0
,,2008 - 2009,2.0
,,2010 - 2011,2.0
,,2012 - 2013,2.0
,,2013 - 2014,2.0
,,2014 - 2015,1.57
,,2015 - 2016,2.0
,,2016 - 2017,1.5
,,2017 - 2018,2.0
,,2018 - 2019,2.57
,,2019 - 2020,2.5
,,2020 - 2021,2.53
,,2021 - 2022,2.54
,,2022 - 2023,1.81
,Manendragarh chirimiri bharatpur,2022 - 2023,0.5
,Mohla manpur ambagarh chouki,2022 - 2023,1.0
,Mungeli,2017 - 2018,1.0
,,2019 - 2020,1.0
,,2020 - 2021,1.0
,,2021 - 2022,1.0
,Narayanpur,2006 - 2007,0.0
,,2007 - 2008,1.0
,,2008 - 2009,1.0
,,2009 - 2010,1.0
,,2010 - 2011,1.0
,,2011 - 2012,1.0
,,2012 - 2013,0.5
,,2013 - 2014,0.5
,,2014 - 2015,0.67
,,2015 - 2016,0.67
,,2016 - 2017,0.75
,,2017 - 2018,0.67
,,2018 - 2019,1.2
,,2019 - 2020,1.0
,,2021 - 2022,1.12
,,2022 - 2023,0.75
,Raigarh,2000 - 2001,0.7
,,2001 - 2002,0.8
,,2002 - 2003,0.75
,,2003 - 2004,0.78
,,2004 - 2005,0.76
,,2005 - 2006,0.79
,,2006 - 2007,0.79
,,2007 - 2008,0.79
,,2008 - 2009,0.81
,,2009 - 2010,0.72
,,2010 - 2011,0.72
,,2011 - 2012,0.75
,,2012 - 2013,0.75
,,2013 - 2014,0.78
,,2014 - 2015,0.82
,,2015 - 2016,0.82
,,2016 - 2017,0.78
,,2017 - 2018,0.15
,,2018 - 2019,0.78
,,2019 - 2020,0.75
,,2020 - 2021,0.76
,,2021 - 2022,0.76
,,2022 - 2023,0.95
,Raipur,2000 - 2001,1.73
,,2001 - 2002,1.71
,,2002 - 2003,1.69
,,2003 - 2004,1.76
,,2004 - 2005,1.69
,,2005 - 2006,1.69
,,2006 - 2007,0.03
,,2007 - 2008,1.69
,,2008 - 2009,1.7
,,2009 - 2010,1.71
,,2010 - 2011,1.84
,,2011 - 2012,2.0
,,2012 - 2013,2.0
,,2013 - 2014,2.0
,,2014 - 2015,2.0
,,2015 - 2016,2.0
,,2016 - 2017,1.5
,,2018 - 2019,2.55
,,2019 - 2020,1.86
,,2020 - 2021,2.62
,,2021 - 2022,2.59
,,2022 - 2023,1.65
,Rajnandgaon,2000 - 2001,1.0
,,2001 - 2002,0.67
,,2002 - 2003,1.0
,,2003 - 2004,1.0
,,2004 - 2005,0.75
,,2005 - 2006,1.0
,,2006 - 2007,1.0
,,2007 - 2008,0.83
,,2008 - 2009,0.71
,,2009 - 2010,0.89
,,2010 - 2011,0.9
,,2011 - 2012,0.88
,,2012 - 2013,0.82
,,2013 - 2014,1.0
,,2014 - 2015,1.0
,,2015 - 2016,1.0
,,2017 - 2018,1.17
,,2018 - 2019,1.0
,,2019 - 2020,1.15
,,2020 - 2021,1.17
,,2021 - 2022,1.21
,,2022 - 2023,1.0
,Sakti,2022 - 2023,1.17
,Sarangarh bilaigarh,2022 - 2023,1.63
,Sukma,2011 - 2012,0.8
,,2012 - 2013,0.58
,,2013 - 2014,0.58
,,2014 - 2015,0.85
,,2015 - 2016,0.73
,,2016 - 2017,0.67
,,2017 - 2018,0.67
,,2018 - 2019,0.78
,,2019 - 2020,1.0
,,2020 - 2021,1.0
,,2021 - 2022,0.5
,,2022 - 2023,0.8
,Surajpur,2011 - 2012,0.98
,,2012 - 2013,0.9
,,2013 - 2014,0.75
,,2014 - 2015,0.9
,,2015 - 2016,0.79
,,2016 - 2017,0.98
,,2017 - 2018,0.65
,,2018 - 2019,0.98
,,2019 - 2020,0.9
,,2020 - 2021,1.16
,,2021 - 2022,1.16
,,2022 - 2023,1.27
,Surguja,2000 - 2001,1.26
,,2001 - 2002,0.9
,,2002 - 2003,0.9
,,2003 - 2004,0.95
,,2004 - 2005,0.92
,,2005 - 2006,0.97
,,2006 - 2007,0.96
,,2007 - 2008,0.95
,,2008 - 2009,0.91
,,2009 - 2010,0.9
,,2010 - 2011,0.9
,,2011 - 2012,0.98
,,2012 - 2013,0.95
,,2013 - 2014,0.97
,,2014 - 2015,0.96
,,2015 - 2016,0.87
,,2016 - 2017,0.83
,,2017 - 2018,0.81
,,2018 - 2019,1.05
,,2019 - 2020,0.43
,,2020 - 2021,0.92
,,2021 - 2022,0.92
,,2022 - 2023,0.98
Haryana,Ambala,2000 - 2001,0.0
,,2008 - 2009,0.0
,,2010 - 2011,0.0
,,2011 - 2012,0.0
,,2012 - 2013,0.88
,,2013 - 2014,10.05
,,2014 - 2015,10.04
,,2015 - 2016,10.25
,,2016 - 2017,19.5
,,2017 - 2018,10.5
,,2018 - 2019,6.0
,,2019 - 2020,9.84
,Bhiwani,2016 - 2017,10.0
,Fatehabad,2013 - 2014,11.0
,,2014 - 2015,10.0
,,2015 - 2016,8.0
,,2016 - 2017,9.38
,,2017 - 2018,5.11
,,2018 - 2019,12.5
,,2021 - 2022,0.0
,Hisar,2013 - 2014,10.0
,,2014 - 2015,10.5
,Jind,2011 - 2012,0.0
,,2013 - 2014,11.54
,,2014 - 2015,15.0
,,2015 - 2016,8.82
,,2016 - 2017,9.9
,,2017 - 2018,19.29
,,2018 - 2019,11.5
,,2019 - 2020,7.5
,,2021 - 2022,0.0
,Kaithal,2000 - 2001,0.0
,,2008 - 2009,0.0
,,2010 - 2011,0.0
,,2011 - 2012,0.0
,,2012 - 2013,1.0
,,2013 - 2014,10.0
,,2014 - 2015,10.5
,,2015 - 2016,11.0
,,2016 - 2017,12.0
,,2017 - 2018,11.0
,Karnal,2000 - 2001,0.0
,,2008 - 2009,9.09
,,2011 - 2012,0.0
,,2012 - 2013,0.92
,,2013 - 2014,11.43
,,2014 - 2015,15.14
,,2015 - 2016,14.67
,,2016 - 2017,15.0
,,2017 - 2018,13.0
,,2018 - 2019,15.03
,,2019 - 2020,15.4
,,2021 - 2022,0.0
,Kurukshetra,2000 - 2001,0.0
,,2010 - 2011,0.0
,,2011 - 2012,0.0
,,2012 - 2013,0.9
,,2013 - 2014,14.29
,,2014 - 2015,10.0
,,2015 - 2016,10.11
,,2017 - 2018,10.59
,,2018 - 2019,2.8
,,2019 - 2020,12.5
,,2021 - 2022,0.0
,Palwal,2014 - 2015,8.57
,,2015 - 2016,8.33
,Panchkula,2000 - 2001,0.0
,,2010 - 2011,0.0
,,2011 - 2012,0.0
,,2012 - 2013,0.78
,,2013 - 2014,11.86
,,2014 - 2015,15.0
,,2015 - 2016,15.0
,,2016 - 2017,18.4
,,2017 - 2018,18.05
,,2018 - 2019,15.76
,,2019 - 2020,15.98
,,2021 - 2022,0.0
,Panipat,2000 - 2001,0.0
,,2011 - 2012,0.0
,,2012 - 2013,1.0
,,2013 - 2014,11.39
,,2014 - 2015,13.0
,,2015 - 2016,10.72
,,2016 - 2017,11.4
,,2017 - 2018,13.9
,,2018 - 2019,13.9
,,2019 - 2020,14.8
,,2021 - 2022,0.0
,Sirsa,2011 - 2012,0.0
,,2012 - 2013,0.5
,Sonipat,2013 - 2014,10.0
,,2014 - 2015,15.0
,,2015 - 2016,11.43
,,2016 - 2017,7.43
,,2017 - 2018,10.8
,,2018 - 2019,12.0
,,2019 - 2020,15.0
,Yamunanagar,2000 - 2001,0.0
,,2008 - 2009,12.0
,,2010 - 2011,0.0
,,2011 - 2012,1.0
,,2012 - 2013,0.95
,,2013 - 2014,12.74
,,2014 - 2015,9.84
,,2015 - 2016,10.87
,,2016 - 2017,12.5
,,2017 - 2018,12.77
,,2018 - 2019,11.31
,,2019 - 2020,11.01
,,2021 - 2022,0.0
Himachal Pradesh,Bilaspur,2001 - 2002,0.5
,,2002 - 2003,0.68
,,2005 - 2006,
,,2006 - 2007,
,,2008 - 2009,
,,2009 - 2010,
,,2011 - 2012,
,,2012 - 2013,
,,2013 - 2014,
,,2014 - 2015,
,,2015 - 2016,
,,2016 - 2017,
,,2017 - 2018,
,,2018 - 2019,
,,2019 - 2020,
,,2020 - 2021,
,,2021 - 2022,
,Hamirpur,2001 - 2002,0.57
,,2002 - 2003,0.7
,,2005 - 2006,
,,2006 - 2007,
,,2007 - 2008,
,,2008 - 2009,
,,2009 - 2010,
,,2011 - 2012,
,,2012 - 2013,
,,2013 - 2014,
,,2014 - 2015,
,,2015 - 2016,
,,2016 - 2017,
,,2017 - 2018,
,,2018 - 2019,
,,2019 - 2020,
,,2020 - 2021,
,,2021 - 2022,
,Kangra,2001 - 2002,0.72
,,2002 - 2003,0.29
,,2005 - 2006,
,,2006 - 2007,
,,2007 - 2008,
,,2008 - 2009,
,,2011 - 2012,
,,2012 - 2013,
,,2013 - 2014,
,,2016 - 2017,
,,2017 - 2018,
,,2018 - 2019,
,,2019 - 2020,
,,2020 - 2021,
,,2021 - 2022,
,Kullu,2008 - 2009,
,,2009 - 2010,
,,2015 - 2016,
,,2016 - 2017,
,,2017 - 2018,
,,2018 - 2019,
,,2019 - 2020,
,Mandi,2001 - 2002,0.38
,,2002 - 2003,0.38
,,2005 - 2006,
,,2006 - 2007,
,,2007 - 2008,
,,2008 - 2009,
,,2009 - 2010,
,,2011 - 2012,
,,2012 - 2013,
,,2013 - 2014,
,,2014 - 2015,
,,2015 - 2016,
,,2016 - 2017,
,,2017 - 2018,
,,2018 - 2019,
,,2019 - 2020,
,,2020 - 2021,
,,2021 - 2022,
,Shimla,2001 - 2002,0.75
,,2002 - 2003,0.25
,,2005 - 2006,
,,2006 - 2007,
,,2007 - 2008,
,,2008 - 2009,
,,2009 - 2010,
,,2011 - 2012,
,,2012 - 2013,
,,2013 - 2014,
,,2014 - 2015,
,,2015 - 2016,
,,2016 - 2017,
,,2017 - 2018,
,,2018 - 2019,
,,2019 - 2020,
,,2020 - 2021,
,,2021 - 2022,
,Sirmaur,2001 - 2002,0.68
,,2002 - 2003,0.25
,,2005 - 2006,
,,2006 - 2007,
,,2007 - 2008,
,,2008 - 2009,
,,2009 - 2010,
,,2011 - 2012,
,,2012 - 2013,
,,2013 - 2014,
,,2014 - 2015,
,,2015 - 2016,
,,2016 - 2017,
,,2017 - 2018,
,,2018 - 2019,
,,2019 - 2020,
,,2020 - 2021,
,,2021 - 2022,
,Solan,2001 - 2002,0.5
,,2009 - 2010,
,,2012 - 2013,
,,2013 - 2014,
,,2014 - 2015,
,,2015 - 2016,
,,2018 - 2019,
,,2019 - 2020,
,,2020 - 2021,
,,2021 - 2022,
,Una,2001 - 2002,0.67
,,2002 - 2003,0.38
,,2005 - 2006,
,,2006 - 2007,
,,2007 - 2008,
,,2008 - 2009,
,,2009 - 2010,
,,2011 - 2012,
,,2012 - 2013,
,,2014 - 2015,
,,2015 - 2016,
,,2016 - 2017,
,,2017 - 2018,
,,2018 - 2019,
,,2019 - 2020,
,,2020 - 2021,
,,2021 - 2022,
Jammu and Kashmir,Jammu,2007 - 2008,
,,2010 - 2011,
,,2011 - 2012,
,,2012 - 2013,
,,2013 - 2014,
,,2016 - 2017,
,,2017 - 2018,
,,2018 - 2019,
,Kathua,2000 - 2001,1.0
,,2005 - 2006,
,,2009 - 2010,
,,2010 - 2011,
,,2011 - 2012,
,,2012 - 2013,
,,2014 - 2015,
,,2015 - 2016,
,,2016 - 2017,
,,2017 - 2018,
,,2018 - 2019,
,,2019 - 2020,
,,2020 - 2021,
,Poonch,2012 - 2013,
,Rajauri,2000 - 2001,1.0
,Reasi,2010 - 2011,
,,2011 - 2012,
,,2012 - 2013,
,,2014 - 2015,
,,2015 - 2016,
,Udhampur,2000 - 2001,1.0
,,2005 - 2006,
,,2006 - 2007,
,,2007 - 2008,
,,2009 - 2010,
,,2010 - 2011,
,,2011 - 2012,
,,2012 - 2013,
,,2014 - 2015,
,,2016 - 2017,
,,2017 - 2018,
,,2018 - 2019,
,,2019 - 2020,
,,2020 - 2021,
Karnataka,Bagalkot,2000 - 2001,4.9
,,2001 - 2002,4.99
,,2002 - 2003,5.59
,,2004 - 2005,6.09
,,2005 - 2006,12.1
,,2006 - 2007,6.84
,,2007 - 2008,13.05
,,2008 - 2009,6.72
,,2009 - 2010,7.65
,,2010 - 2011,6.13
,,2011 - 2012,6.97
,,2012 - 2013,5.1
,,2013 - 2014,5.68
,,2014 - 2015,6.93
,,2015 - 2016,6.16
,,2016 - 2017,8.27
,,2017 - 2018,5.14
,,2018 - 2019,5.89
,,2019 - 2020,7.03
,,2020 - 2021,7.56
,,2021 - 2022,6.73
,,2022 - 2023,6.64
,Bangalore rural,2000 - 2001,4.49
,,2001 - 2002,5.34
,,2002 - 2003,5.38
,,2003 - 2004,5.97
,,2004 - 2005,4.75
,,2005 - 2006,5.33
,,2006 - 2007,5.04
,,2007 - 2008,7.75
,,2008 - 2009,4.83
,,2009 - 2010,5.0
,,2011 - 2012,5.0
,,2012 - 2013,4.5
,,2013 - 2014,5.0
,,2014 - 2015,6.0
,,2015 - 2016,5.2
,,2018 - 2019,5.8
,,2019 - 2020,6.33
,,2020 - 2021,6.33
,,2021 - 2022,5.5
,,2022 - 2023,6.0
,Belgaum,2000 - 2001,3.72
,,2001 - 2002,4.49
,,2002 - 2003,3.48
,,2003 - 2004,3.27
,,2004 - 2005,5.33
,,2005 - 2006,8.0
,,2006 - 2007,5.23
,,2007 - 2008,7.39
,,2008 - 2009,3.97
,,2009 - 2010,2.34
,,2010 - 2011,2.6
,,2011 - 2012,2.06
,,2012 - 2013,1.89
,,2013 - 2014,2.73
,,2014 - 2015,2.52
,,2015 - 2016,2.14
,,2016 - 2017,7.52
,,2017 - 2018,7.08
,,2018 - 2019,6.47
,,2019 - 2020,7.23
,,2020 - 2021,7.6
,,2021 - 2022,7.01
,,2022 - 2023,7.4
,Bellary,2000 - 2001,4.0
,,2001 - 2002,5.18
,,2002 - 2003,4.4
,,2003 - 2004,5.0
,,2004 - 2005,5.0
,,2007 - 2008,7.75
,,2011 - 2012,5.0
,,2019 - 2020,6.0
,,2020 - 2021,6.33
,,2021 - 2022,5.67
,,2022 - 2023,6.0
,Bengaluru urban,2003 - 2004,6.54
,,2016 - 2017,6.0
,,2017 - 2018,6.33
,,2018 - 2019,6.0
,,2019 - 2020,6.33
,,2020 - 2021,6.4
,,2021 - 2022,6.0
,,2022 - 2023,6.0
,Bidar,2000 - 2001,4.16
,,2001 - 2002,4.05
,,2002 - 2003,3.42
,,2003 - 2004,1.8
,,2004 - 2005,3.75
,,2005 - 2006,5.33
,,2006 - 2007,5.05
,,2007 - 2008,7.78
,,2008 - 2009,4.76
,,2009 - 2010,3.77
,,2010 - 2011,4.24
,,2011 - 2012,4.09
,,2012 - 2013,4.69
,,2013 - 2014,2.34
,,2014 - 2015,1.93
,,2015 - 2016,1.94
,,2016 - 2017,5.93
,,2017 - 2018,6.35
,,2018 - 2019,5.79
,,2019 - 2020,6.4
,,2020 - 2021,6.38
,,2021 - 2022,5.66
,,2022 - 2023,6.11
,Bijapur,2000 - 2001,3.57
,,2001 - 2002,3.79
,,2002 - 2003,1.32
,,2003 - 2004,0.0
,,2004 - 2005,0.07
,,2005 - 2006,5.33
,,2006 - 2007,5.0
,,2007 - 2008,7.75
,,2008 - 2009,4.75
,,2009 - 2010,5.03
,,2010 - 2011,5.0
,,2011 - 2012,2.08
,,2012 - 2013,1.82
,,2013 - 2014,4.77
,,2014 - 2015,5.98
,,2015 - 2016,5.09
,,2016 - 2017,5.92
,,2017 - 2018,6.36
,,2018 - 2019,5.78
,,2019 - 2020,6.39
,,2020 - 2021,6.38
,,2021 - 2022,5.65
,,2022 - 2023,6.1
,Chamarajanagar,2000 - 2001,5.4
,,2001 - 2002,6.33
,,2002 - 2003,4.73
,,2003 - 2004,5.14
,,2004 - 2005,4.46
,,2005 - 2006,4.5
,,2006 - 2007,5.06
,,2007 - 2008,7.35
,,2008 - 2009,4.55
,,2009 - 2010,4.83
,,2010 - 2011,4.88
,,2011 - 2012,5.37
,,2012 - 2013,5.25
,,2013 - 2014,4.79
,,2014 - 2015,6.45
,,2015 - 2016,5.33
,,2016 - 2017,4.3
,,2017 - 2018,7.32
,,2018 - 2019,5.85
,,2019 - 2020,6.43
,,2020 - 2021,5.43
,,2021 - 2022,4.84
,,2022 - 2023,6.02
,Chikballapur,2011 - 2012,5.0
,,2012 - 2013,4.67
,,2013 - 2014,4.83
,,2018 - 2019,6.0
,,2019 - 2020,6.0
,,2020 - 2021,6.38
,,2021 - 2022,5.5
,,2022 - 2023,6.0
,Chikmagalur,2000 - 2001,4.45
,,2001 - 2002,5.16
,,2002 - 2003,4.33
,,2003 - 2004,4.86
,,2004 - 2005,4.77
,,2005 - 2006,5.35
,,2006 - 2007,5.05
,,2007 - 2008,7.78
,,2008 - 2009,1.0
,,2010 - 2011,1.33
,,2011 - 2012,5.0
,,2012 - 2013,4.69
,,2013 - 2014,4.67
,,2014 - 2015,6.0
,,2015 - 2016,5.2
,,2016 - 2017,5.89
,,2017 - 2018,6.36
,,2018 - 2019,5.83
,,2019 - 2020,6.33
,,2020 - 2021,6.4
,,2021 - 2022,5.5
,,2022 - 2023,6.0
,Chitradurga,2000 - 2001,4.44
,,2001 - 2002,5.0
,,2002 - 2003,4.5
,,2006 - 2007,5.0
,,2018 - 2019,6.0
,,2019 - 2020,6.33
,,2020 - 2021,6.0
,,2021 - 2022,5.5
,,2022 - 2023,6.0
,Dakshin kannad,2000 - 2001,4.44
,,2001 - 2002,5.16
,,2002 - 2003,4.34
,,2003 - 2004,4.87
,,2004 - 2005,4.76
,,2005 - 2006,5.34
,,2006 - 2007,5.05
,,2007 - 2008,7.78
,,2008 - 2009,4.76
,,2009 - 2010,4.82
,,2010 - 2011,3.26
,,2011 - 2012,0.83
,,2012 - 2013,4.7
,,2013 - 2014,4.77
,,2014 - 2015,5.98
,,2015 - 2016,5.1
,,2016 - 2017,5.92
,,2017 - 2018,6.3
,,2018 - 2019,6.0
,,2020 - 2021,6.5
,,2021 - 2022,6.0
,,2022 - 2023,6.0
,Davangere,2000 - 2001,4.44
,,2001 - 2002,5.15
,,2002 - 2003,4.33
,,2003 - 2004,4.85
,,2004 - 2005,4.67
,,2005 - 2006,5.33
,,2011 - 2012,5.03
,,2012 - 2013,4.67
,,2015 - 2016,5.0
,,2018 - 2019,6.0
,,2019 - 2020,6.5
,,2020 - 2021,6.38
,,2021 - 2022,5.5
,Dharwad,2000 - 2001,4.33
,,2012 - 2013,4.75
,,2017 - 2018,6.0
,,2018 - 2019,6.0
,,2019 - 2020,6.0
,,2020 - 2021,6.4
,,2021 - 2022,5.53
,,2022 - 2023,6.0
,Gadag,2001 - 2002,5.0
,,2003 - 2004,5.0
,,2005 - 2006,5.0
,,2011 - 2012,5.0
,,2012 - 2013,4.5
,,2013 - 2014,5.0
,,2014 - 2015,6.0
,,2018 - 2019,5.82
,,2019 - 2020,6.0
,,2020 - 2021,6.0
,,2021 - 2022,5.5
,,2022 - 2023,6.0
,Gulbarga,2000 - 2001,4.71
,,2001 - 2002,3.8
,,2002 - 2003,2.61
,,2003 - 2004,1.92
,,2004 - 2005,2.02
,,2005 - 2006,2.63
,,2006 - 2007,2.1
,,2007 - 2008,6.43
,,2008 - 2009,3.06
,,2009 - 2010,2.26
,,2010 - 2011,2.21
,,2011 - 2012,5.02
,,2012 - 2013,1.99
,,2013 - 2014,3.09
,,2015 - 2016,2.68
,,2016 - 2017,3.16
,,2017 - 2018,5.53
,,2018 - 2019,0.6
,,2019 - 2020,3.11
,,2020 - 2021,2.44
,,2021 - 2022,4.09
,,2022 - 2023,0.37
,Hassan,2000 - 2001,4.45
,,2001 - 2002,5.17
,,2002 - 2003,4.32
,,2003 - 2004,4.9
,,2004 - 2005,4.75
,,2005 - 2006,5.34
,,2006 - 2007,0.88
,,2007 - 2008,7.77
,,2008 - 2009,0.93
,,2009 - 2010,4.67
,,2010 - 2011,5.0
,,2011 - 2012,5.02
,,2012 - 2013,4.69
,,2013 - 2014,5.99
,,2014 - 2015,4.82
,,2015 - 2016,5.54
,,2016 - 2017,5.93
,,2017 - 2018,6.34
,,2018 - 2019,5.78
,,2019 - 2020,6.38
,,2020 - 2021,6.4
,,2021 - 2022,5.55
,,2022 - 2023,6.19
,Haveri,2000 - 2001,4.5
,,2001 - 2002,5.2
,,2002 - 2003,4.0
,,2003 - 2004,5.0
,,2004 - 2005,4.67
,,2005 - 2006,5.33
,,2006 - 2007,5.0
,,2008 - 2009,5.0
,,2009 - 2010,5.0
,,2010 - 2011,5.0
,,2011 - 2012,5.0
,,2012 - 2013,4.67
,,2014 - 2015,6.0
,,2016 - 2017,5.88
,,2017 - 2018,6.35
,,2018 - 2019,5.8
,,2019 - 2020,6.38
,,2020 - 2021,6.37
,,2021 - 2022,5.65
,,2022 - 2023,6.0
,Kodagu,2004 - 2005,4.75
,,2005 - 2006,5.31
,,2006 - 2007,5.04
,,2011 - 2012,5.0
,,2013 - 2014,5.0
,,2018 - 2019,6.0
,,2019 - 2020,6.33
,,2020 - 2021,6.33
,,2021 - 2022,5.67
,,2022 - 2023,6.0
,Kolar,2018 - 2019,6.0
,,2019 - 2020,6.0
,,2020 - 2021,6.5
,,2021 - 2022,5.67
,,2022 - 2023,6.0
,Koppal,2005 - 2006,5.33
,,2020 - 2021,6.42
,,2021 - 2022,5.54
,,2022 - 2023,6.0
,Mandya,2000 - 2001,4.43
,,2001 - 2002,2.93
,,2002 - 2003,2.53
,,2003 - 2004,1.47
,,2004 - 2005,4.74
,,2005 - 2006,5.33
,,2006 - 2007,5.05
,,2007 - 2008,7.78
,,2008 - 2009,6.43
,,2009 - 2010,5.39
,,2010 - 2011,5.0
,,2011 - 2012,5.02
,,2012 - 2013,4.7
,,2013 - 2014,4.78
,,2014 - 2015,2.26
,,2015 - 2016,3.71
,,2016 - 2017,5.92
,,2017 - 2018,6.36
,,2018 - 2019,5.79
,,2019 - 2020,6.38
,,2020 - 2021,6.39
,,2021 - 2022,5.64
,,2022 - 2023,6.1
,Mysore,2000 - 2001,3.53
,,2001 - 2002,3.75
,,2002 - 2003,4.69
,,2003 - 2004,7.39
,,2004 - 2005,5.62
,,2005 - 2006,4.84
,,2006 - 2007,4.92
,,2007 - 2008,5.77
,,2008 - 2009,4.81
,,2009 - 2010,5.11
,,2010 - 2011,7.17
,,2011 - 2012,5.21
,,2012 - 2013,6.18
,,2013 - 2014,6.55
,,2014 - 2015,6.87
,,2015 - 2016,6.12
,,2016 - 2017,3.74
,,2017 - 2018,4.56
,,2018 - 2019,3.75
,,2019 - 2020,3.16
,,2020 - 2021,3.72
,,2021 - 2022,3.44
,,2022 - 2023,3.08
,Raichur,2001 - 2002,5.17
,,2002 - 2003,4.33
,,2003 - 2004,5.0
,,2004 - 2005,4.67
,,2005 - 2006,5.33
,,2006 - 2007,5.05
,,2008 - 2009,1.0
,,2009 - 2010,5.04
,,2011 - 2012,5.02
,,2012 - 2013,8.31
,,2013 - 2014,4.76
,,2014 - 2015,6.0
,,2018 - 2019,5.79
,,2019 - 2020,6.39
,,2020 - 2021,6.37
,,2021 - 2022,5.65
,,2022 - 2023,6.1
,Ramanagara,2007 - 2008,7.8
,,2008 - 2009,4.75
,,2009 - 2010,5.03
,,2010 - 2011,5.0
,,2011 - 2012,5.0
,,2012 - 2013,4.75
,,2013 - 2014,4.76
,,2014 - 2015,6.0
,,2015 - 2016,5.0
,,2016 - 2017,5.88
,,2017 - 2018,6.5
,,2018 - 2019,5.82
,,2019 - 2020,6.38
,,2020 - 2021,6.4
,,2021 - 2022,5.56
,,2022 - 2023,6.0
,Shimoga,2000 - 2001,4.43
,,2001 - 2002,5.14
,,2002 - 2003,4.3
,,2003 - 2004,5.0
,,2004 - 2005,4.77
,,2005 - 2006,5.35
,,2006 - 2007,5.06
,,2007 - 2008,7.79
,,2008 - 2009,4.8
,,2009 - 2010,5.0
,,2010 - 2011,5.0
,,2011 - 2012,5.02
,,2012 - 2013,9.58
,,2013 - 2014,4.77
,,2014 - 2015,4.38
,,2015 - 2016,5.1
,,2016 - 2017,6.0
,,2017 - 2018,6.38
,,2018 - 2019,5.76
,,2019 - 2020,6.38
,,2020 - 2021,6.4
,,2021 - 2022,5.54
,,2022 - 2023,6.0
,Tumkur,2000 - 2001,4.33
,,2001 - 2002,5.0
,,2002 - 2003,4.33
,,2003 - 2004,5.0
,,2004 - 2005,5.0
,,2005 - 2006,5.5
,,2006 - 2007,5.0
,,2007 - 2008,8.0
,,2008 - 2009,5.0
,,2011 - 2012,5.0
,,2012 - 2013,4.75
,,2014 - 2015,6.0
,,2015 - 2016,5.0
,,2017 - 2018,6.5
,,2018 - 2019,5.67
,,2019 - 2020,6.33
,,2020 - 2021,6.4
,,2021 - 2022,5.5
,,2022 - 2023,6.0
,Udupi,2000 - 2001,3.14
,,2001 - 2002,4.57
,,2002 - 2003,3.81
,,2003 - 2004,3.36
,,2004 - 2005,4.75
,,2005 - 2006,5.34
,,2006 - 2007,5.05
,,2007 - 2008,7.78
,,2008 - 2009,3.84
,,2009 - 2010,5.03
,,2010 - 2011,3.3
,,2011 - 2012,3.15
,,2012 - 2013,3.52
,,2013 - 2014,4.75
,,2014 - 2015,5.98
,,2015 - 2016,5.1
,,2016 - 2017,5.92
,,2017 - 2018,6.34
,,2018 - 2019,5.75
,,2019 - 2020,6.44
,,2020 - 2021,6.37
,,2021 - 2022,5.57
,,2022 - 2023,6.0
,Uttar kannad,2000 - 2001,4.4
,,2001 - 2002,5.17
,,2002 - 2003,4.3
,,2003 - 2004,4.88
,,2004 - 2005,4.75
,,2005 - 2006,5.0
,,2006 - 2007,5.0
,,2007 - 2008,8.0
,,2008 - 2009,4.67
,,2009 - 2010,5.0
,,2010 - 2011,5.0
,,2011 - 2012,5.0
,,2012 - 2013,4.7
,,2013 - 2014,4.71
,,2014 - 2015,6.0
,,2015 - 2016,5.08
,,2016 - 2017,6.0
,,2017 - 2018,6.33
,,2018 - 2019,5.76
,,2019 - 2020,6.4
,,2020 - 2021,6.39
,,2021 - 2022,5.58
,,2022 - 2023,6.0
,Vijayanagar,2022 - 2023,6.0
,Yadgir,2017 - 2018,6.0
,,2018 - 2019,5.78
,,2019 - 2020,6.38
,,2020 - 2021,6.39
,,2021 - 2022,5.64
,,2022 - 2023,6.18
Kerala,Alappuzha,2000 - 2001,1.09
,,2001 - 2002,1.33
,,2002 - 2003,1.22
,,2003 - 2004,0.88
,,2004 - 2005,1.09
,,2005 - 2006,1.18
,,2006 - 2007,1.05
,,2007 - 2008,1.21
,,2008 - 2009,1.41
,,2009 - 2010,1.75
,,2010 - 2011,1.4
,,2011 - 2012,2.02
,,2012 - 2013,1.91
,,2013 - 2014,2.03
,,2014 - 2015,2.17
,,2015 - 2016,2.07
,,2016 - 2017,1.93
,,2017 - 2018,1.92
,,2018 - 2019,1.63
,,2019 - 2020,2.09
,,2020 - 2021,2.05
,,2021 - 2022,3.29
,,2022 - 2023,2.29
,Ernakulam,2000 - 2001,2.06
,,2001 - 2002,2.28
,,2002 - 2003,2.22
,,2003 - 2004,2.22
,,2004 - 2005,1.96
,,2005 - 2006,2.51
,,2006 - 2007,2.98
,,2007 - 2008,2.74
,,2008 - 2009,2.67
,,2009 - 2010,3.23
,,2010 - 2011,3.36
,,2011 - 2012,3.13
,,2012 - 2013,2.69
,,2013 - 2014,2.75
,,2014 - 2015,3.0
,,2015 - 2016,2.73
,,2016 - 2017,2.77
,,2017 - 2018,2.85
,,2018 - 2019,2.68
,,2019 - 2020,2.54
,,2020 - 2021,2.8
,,2021 - 2022,2.7
,,2022 - 2023,2.63
,Idukki,2000 - 2001,2.59
,,2001 - 2002,2.01
,,2002 - 2003,2.42
,,2003 - 2004,2.33
,,2004 - 2005,2.5
,,2005 - 2006,2.38
,,2006 - 2007,2.27
,,2007 - 2008,2.05
,,2008 - 2009,2.03
,,2009 - 2010,2.27
,,2010 - 2011,2.47
,,2011 - 2012,3.08
,,2012 - 2013,4.02
,,2013 - 2014,3.96
,,2014 - 2015,4.39
,,2015 - 2016,4.08
,,2016 - 2017,3.92
,,2017 - 2018,4.17
,,2018 - 2019,3.57
,,2019 - 2020,3.97
,,2020 - 2021,4.08
,,2021 - 2022,3.89
,,2022 - 2023,3.93
,Kannur,2000 - 2001,2.73
,,2001 - 2002,2.56
,,2002 - 2003,2.82
,,2003 - 2004,2.6
,,2004 - 2005,2.66
,,2005 - 2006,2.92
,,2006 - 2007,3.5
,,2007 - 2008,3.27
,,2008 - 2009,3.27
,,2009 - 2010,2.96
,,2010 - 2011,3.71
,,2011 - 2012,3.66
,,2012 - 2013,3.36
,,2013 - 2014,2.92
,,2014 - 2015,3.55
,,2015 - 2016,3.01
,,2016 - 2017,3.35
,,2017 - 2018,5.02
,,2018 - 2019,3.77
,,2019 - 2020,4.41
,,2020 - 2021,4.83
,,2021 - 2022,4.42
,,2022 - 2023,3.9
,Kasaragod,2000 - 2001,2.14
,,2001 - 2002,2.51
,,2002 - 2003,2.38
,,2003 - 2004,2.25
,,2004 - 2005,2.0
,,2005 - 2006,2.36
,,2006 - 2007,1.51
,,2007 - 2008,2.46
,,2008 - 2009,2.29
,,2009 - 2010,2.0
,,2010 - 2011,2.43
,,2011 - 2012,2.42
,,2012 - 2013,2.05
,,2013 - 2014,1.62
,,2014 - 2015,3.03
,,2015 - 2016,2.57
,,2016 - 2017,2.45
,,2017 - 2018,3.68
,,2018 - 2019,3.04
,,2019 - 2020,2.95
,,2020 - 2021,3.4
,,2021 - 2022,3.3
,,2022 - 2023,2.8
,Kollam,2000 - 2001,1.52
,,2001 - 2002,1.4
,,2002 - 2003,1.74
,,2003 - 2004,1.66
,,2004 - 2005,1.56
,,2005 - 2006,1.83
,,2006 - 2007,1.92
,,2007 - 2008,1.85
,,2008 - 2009,1.74
,,2009 - 2010,1.42
,,2010 - 2011,1.42
,,2011 - 2012,1.44
,,2012 - 2013,1.6
,,2013 - 2014,1.57
,,2014 - 2015,1.78
,,2015 - 2016,1.61
,,2016 - 2017,1.41
,,2017 - 2018,1.62
,,2018 - 2019,1.84
,,2019 - 2020,1.95
,,2020 - 2021,2.38
,,2021 - 2022,2.14
,,2022 - 2023,2.03
,Kottayam,2000 - 2001,2.03
,,2001 - 2002,2.64
,,2002 - 2003,2.62
,,2003 - 2004,2.37
,,2004 - 2005,2.45
,,2005 - 2006,2.29
,,2006 - 2007,2.37
,,2007 - 2008,2.31
,,2008 - 2009,2.3
,,2009 - 2010,2.31
,,2010 - 2011,2.78
,,2011 - 2012,2.08
,,2012 - 2013,2.17
,,2013 - 2014,2.51
,,2014 - 2015,2.56
,,2015 - 2016,2.55
,,2016 - 2017,2.39
,,2017 - 2018,2.52
,,2018 - 2019,2.67
,,2019 - 2020,2.69
,,2020 - 2021,3.23
,,2021 - 2022,3.74
,,2022 - 2023,3.46
,Kozhikode,2000 - 2001,2.13
,,2001 - 2002,2.27
,,2002 - 2003,2.37
,,2003 - 2004,2.33
,,2004 - 2005,2.47
,,2005 - 2006,1.99
,,2006 - 2007,2.57
,,2007 - 2008,2.65
,,2008 - 2009,2.32
,,2009 - 2010,2.44
,,2010 - 2011,2.6
,,2011 - 2012,2.42
,,2012 - 2013,2.64
,,2013 - 2014,2.42
,,2014 - 2015,3.11
,,2015 - 2016,3.0
,,2016 - 2017,2.5
,,2017 - 2018,3.22
,,2018 - 2019,2.77
,,2019 - 2020,3.06
,,2020 - 2021,3.92
,,2021 - 2022,4.04
,,2022 - 2023,3.2
,Malappuram,2000 - 2001,1.97
,,2001 - 2002,1.44
,,2002 - 2003,1.7
,,2003 - 2004,1.77
,,2004 - 2005,1.56
,,2005 - 2006,1.62
,,2006 - 2007,1.43
,,2007 - 2008,1.77
,,2008 - 2009,1.87
,,2009 - 2010,1.95
,,2010 - 2011,1.82
,,2011 - 2012,1.89
,,2012 - 2013,1.87
,,2013 - 2014,1.98
,,2014 - 2015,2.19
,,2015 - 2016,2.39
,,2016 - 2017,2.07
,,2017 - 2018,3.04
,,2018 - 2019,2.22
,,2019 - 2020,2.74
,,2020 - 2021,2.92
,,2021 - 2022,4.12
,,2022 - 2023,2.52
,Palakkad,2000 - 2001,2.55
,,2001 - 2002,2.69
,,2002 - 2003,2.5
,,2003 - 2004,1.7
,,2004 - 2005,2.42
,,2005 - 2006,3.13
,,2006 - 2007,3.09
,,2007 - 2008,2.77
,,2008 - 2009,2.64
,,2009 - 2010,2.94
,,2010 - 2011,3.14
,,2011 - 2012,3.01
,,2012 - 2013,2.9
,,2013 - 2014,2.89
,,2014 - 2015,2.76
,,2015 - 2016,2.93
,,2016 - 2017,2.63
,,2017 - 2018,3.61
,,2018 - 2019,3.01
,,2019 - 2020,3.13
,,2020 - 2021,3.76
,,2021 - 2022,3.58
,,2022 - 2023,3.23
,Pathanamthitta,2000 - 2001,1.51
,,2001 - 2002,1.7
,,2002 - 2003,1.41
,,2003 - 2004,1.67
,,2004 - 2005,1.86
,,2005 - 2006,1.92
,,2006 - 2007,1.69
,,2007 - 2008,1.82
,,2008 - 2009,1.93
,,2009 - 2010,1.62
,,2010 - 2011,1.88
,,2011 - 2012,2.08
,,2012 - 2013,1.85
,,2013 - 2014,1.78
,,2014 - 2015,2.24
,,2015 - 2016,2.22
,,2016 - 2017,2.02
,,2017 - 2018,3.8
,,2018 - 2019,2.86
,,2019 - 2020,3.6
,,2020 - 2021,3.97
,,2021 - 2022,3.49
,,2022 - 2023,3.43
,Thiruvananthapuram,2000 - 2001,1.25
,,2001 - 2002,2.0
,,2002 - 2003,1.6
,,2003 - 2004,2.16
,,2004 - 2005,1.44
,,2005 - 2006,2.06
,,2006 - 2007,1.82
,,2007 - 2008,1.83
,,2008 - 2009,2.14
,,2009 - 2010,1.83
,,2010 - 2011,1.69
,,2011 - 2012,1.73
,,2012 - 2013,1.65
,,2013 - 2014,1.59
,,2014 - 2015,1.88
,,2015 - 2016,2.52
,,2016 - 2017,2.17
,,2017 - 2018,2.14
,,2018 - 2019,1.98
,,2019 - 2020,2.11
,,2020 - 2021,2.53
,,2021 - 2022,2.33
,,2022 - 2023,2.75
,Thrissur,2000 - 2001,1.23
,,2001 - 2002,2.32
,,2002 - 2003,1.75
,,2003 - 2004,1.33
,,2004 - 2005,1.74
,,2005 - 2006,2.3
,,2006 - 2007,1.46
,,2007 - 2008,1.54
,,2008 - 2009,1.57
,,2009 - 2010,1.59
,,2010 - 2011,1.9
,,2011 - 2012,2.11
,,2012 - 2013,2.26
,,2013 - 2014,2.07
,,2014 - 2015,2.03
,,2015 - 2016,2.12
,,2016 - 2017,2.09
,,2017 - 2018,2.37
,,2018 - 2019,2.28
,,2019 - 2020,2.26
,,2020 - 2021,2.5
,,2021 - 2022,2.33
,,2022 - 2023,2.19
,Wayanad,2000 - 2001,1.88
,,2001 - 2002,1.78
,,2002 - 2003,2.13
,,2003 - 2004,2.28
,,2004 - 2005,2.64
,,2005 - 2006,2.47
,,2006 - 2007,2.7
,,2007 - 2008,2.08
,,2008 - 2009,2.19
,,2009 - 2010,3.56
,,2010 - 2011,3.21
,,2011 - 2012,3.47
,,2012 - 2013,2.93
,,2013 - 2014,2.99
,,2014 - 2015,2.99
,,2015 - 2016,3.0
,,2016 - 2017,2.31
,,2017 - 2018,2.33
,,2018 - 2019,2.51
,,2019 - 2020,2.38
,,2020 - 2021,2.62
,,2021 - 2022,2.78
,,2022 - 2023,2.79
Madhya Pradesh,Agar malwa,2015 - 2016,20.2
,,2016 - 2017,20.2
,,2017 - 2018,20.2
,,2018 - 2019,20.2
,,2019 - 2020,20.2
,Alirajpur,2008 - 2009,1.0
,,2009 - 2010,1.0
,,2010 - 2011,1.0
,,2011 - 2012,1.0
,,2012 - 2013,0.92
,,2013 - 2014,0.86
,,2015 - 2016,25.0
,,2016 - 2017,27.0
,,2017 - 2018,29.3
,,2018 - 2019,29.32
,,2019 - 2020,19.34
,Anuppur,2004 - 2005,0.8
,,2007 - 2008,0.83
,,2008 - 2009,0.8
,,2009 - 2010,0.8
,,2010 - 2011,0.54
,,2011 - 2012,0.67
,,2012 - 2013,1.0
,,2013 - 2014,1.0
,,2015 - 2016,18.5
,,2016 - 2017,19.3
,,2017 - 2018,19.4
,,2018 - 2019,19.5
,,2019 - 2020,19.75
,Ashoknagar,2015 - 2016,16.0
,,2016 - 2017,16.0
,,2017 - 2018,16.0
,,2018 - 2019,16.06
,,2019 - 2020,16.06
,Balaghat,2000 - 2001,0.87
,,2001 - 2002,0.86
,,2003 - 2004,0.86
,,2004 - 2005,0.88
,,2006 - 2007,0.72
,,2007 - 2008,0.71
,,2008 - 2009,0.92
,,2009 - 2010,0.73
,,2010 - 2011,0.48
,,2011 - 2012,0.67
,,2012 - 2013,0.71
,,2013 - 2014,0.72
,,2015 - 2016,19.98
,,2016 - 2017,19.25
,,2017 - 2018,21.12
,,2018 - 2019,21.27
,,2019 - 2020,21.33
,Barwani,2000 - 2001,0.74
,,2001 - 2002,1.11
,,2002 - 2003,0.5
,,2003 - 2004,1.14
,,2004 - 2005,1.11
,,2006 - 2007,0.82
,,2007 - 2008,0.76
,,2008 - 2009,0.86
,,2009 - 2010,0.87
,,2010 - 2011,0.67
,,2011 - 2012,0.62
,,2012 - 2013,1.86
,,2013 - 2014,1.76
,,2015 - 2016,22.5
,,2016 - 2017,26.5
,,2017 - 2018,22.0
,,2018 - 2019,22.0
,,2019 - 2020,22.0
,Betul,2000 - 2001,0.88
,,2001 - 2002,1.0
,,2002 - 2003,0.44
,,2011 - 2012,1.0
,,2012 - 2013,1.0
,,2015 - 2016,12.0
,,2016 - 2017,12.0
,,2017 - 2018,12.24
,,2018 - 2019,11.46
,,2019 - 2020,11.49
,Bhind,2003 - 2004,1.0
,,2015 - 2016,43.87
,,2016 - 2017,12.0
,,2017 - 2018,12.19
,,2018 - 2019,12.19
,,2019 - 2020,12.19
,Bhopal,2015 - 2016,32.48
,,2016 - 2017,25.33
,,2017 - 2018,26.0
,,2018 - 2019,26.0
,,2019 - 2020,21.04
,Burhanpur,2003 - 2004,1.0
,,2009 - 2010,1.0
,,2010 - 2011,0.75
,,2011 - 2012,0.67
,,2012 - 2013,1.0
,,2013 - 2014,0.76
,,2015 - 2016,25.0
,,2016 - 2017,30.0
,,2017 - 2018,30.0
,,2018 - 2019,30.0
,,2019 - 2020,26.07
,Chhatarpur,2000 - 2001,0.67
,,2001 - 2002,0.67
,,2003 - 2004,0.74
,,2004 - 2005,0.74
,,2006 - 2007,0.69
,,2007 - 2008,0.61
,,2008 - 2009,0.61
,,2009 - 2010,0.6
,,2010 - 2011,0.35
,,2011 - 2012,0.39
,,2012 - 2013,0.69
,,2013 - 2014,0.74
,,2015 - 2016,16.01
,,2016 - 2017,16.03
,,2017 - 2018,10.0
,,2018 - 2019,8.11
,,2019 - 2020,15.11
,Chhindwara,2000 - 2001,0.88
,,2001 - 2002,1.0
,,2002 - 2003,1.41
,,2003 - 2004,1.0
,,2004 - 2005,1.0
,,2006 - 2007,1.0
,,2007 - 2008,0.75
,,2008 - 2009,1.0
,,2009 - 2010,1.0
,,2010 - 2011,0.83
,,2011 - 2012,0.9
,,2012 - 2013,1.14
,,2013 - 2014,1.22
,,2015 - 2016,20.0
,,2016 - 2017,20.0
,,2017 - 2018,20.0
,,2018 - 2019,22.0
,,2019 - 2020,22.0
,Damoh,2000 - 2001,0.6
,,2001 - 2002,0.83
,,2003 - 2004,1.0
,,2004 - 2005,0.83
,,2006 - 2007,0.67
,,2007 - 2008,0.67
,,2008 - 2009,1.0
,,2009 - 2010,0.6
,,2010 - 2011,0.69
,,2011 - 2012,0.71
,,2012 - 2013,1.23
,,2013 - 2014,1.33
,,2015 - 2016,25.0
,,2016 - 2017,25.0
,,2017 - 2018,25.0
,,2018 - 2019,25.0
,,2019 - 2020,25.0
,Datia,2002 - 2003,0.01
,,2004 - 2005,0.5
,,2013 - 2014,0.75
,,2015 - 2016,23.0
,,2016 - 2017,23.0
,,2017 - 2018,23.0
,,2018 - 2019,23.0
,,2019 - 2020,23.0
,Dewas,2002 - 2003,0.69
,,2010 - 2011,1.0
,,2011 - 2012,0.8
,,2012 - 2013,0.9
,,2013 - 2014,0.8
,,2015 - 2016,19.25
,,2016 - 2017,19.25
,,2017 - 2018,19.37
,,2018 - 2019,19.48
,,2019 - 2020,19.48
,Dhar,2000 - 2001,0.5
,,2001 - 2002,0.5
,,2002 - 2003,0.8
,,2003 - 2004,0.75
,,2004 - 2005,0.89
,,2006 - 2007,0.93
,,2007 - 2008,0.94
,,2008 - 2009,0.86
,,2009 - 2010,0.88
,,2010 - 2011,0.77
,,2011 - 2012,0.76
,,2012 - 2013,1.0
,,2013 - 2014,0.93
,,2015 - 2016,16.0
,,2016 - 2017,30.84
,,2017 - 2018,30.85
,,2018 - 2019,30.85
,,2019 - 2020,26.27
,Dindori,2015 - 2016,0.01
,,2016 - 2017,16.75
,,2017 - 2018,16.5
,,2018 - 2019,16.5
,,2019 - 2020,16.49
,Guna,2015 - 2016,15.0
,,2016 - 2017,15.0
,,2017 - 2018,15.0
,,2018 - 2019,15.0
,,2019 - 2020,15.0
,Gwalior,2015 - 2016,25.0
,,2016 - 2017,25.0
,,2017 - 2018,25.0
,,2018 - 2019,25.0
,,2019 - 2020,25.0
,Harda,2001 - 2002,1.0
,,2002 - 2003,0.51
,,2003 - 2004,1.33
,,2004 - 2005,1.33
,,2009 - 2010,1.07
,,2010 - 2011,0.88
,,2011 - 2012,1.0
,,2012 - 2013,1.0
,,2013 - 2014,1.09
,,2015 - 2016,24.0
,,2016 - 2017,24.0
,,2017 - 2018,24.02
,,2018 - 2019,24.0
,,2019 - 2020,24.0
,Hoshangabad,2000 - 2001,1.33
,,2001 - 2002,1.44
,,2002 - 2003,0.5
,,2003 - 2004,1.43
,,2004 - 2005,1.5
,,2006 - 2007,1.43
,,2007 - 2008,1.31
,,2008 - 2009,1.46
,,2009 - 2010,1.47
,,2010 - 2011,1.21
,,2011 - 2012,1.33
,,2012 - 2013,1.33
,,2013 - 2014,1.4
,,2015 - 2016,21.0
,,2016 - 2017,20.5
,,2017 - 2018,20.5
,,2018 - 2019,20.03
,,2019 - 2020,20.03
,Indore,2000 - 2001,0.5
,,2001 - 2002,1.0
,,2002 - 2003,0.45
,,2003 - 2004,1.0
,,2004 - 2005,1.0
,,2008 - 2009,1.0
,,2010 - 2011,0.67
,,2012 - 2013,1.0
,,2017 - 2018,25.0
,,2018 - 2019,30.0
,,2019 - 2020,18.5
,Jabalpur,2001 - 2002,1.0
,,2003 - 2004,1.44
,,2004 - 2005,1.5
,,2006 - 2007,2.29
,,2007 - 2008,1.21
,,2009 - 2010,1.8
,,2010 - 2011,1.25
,,2011 - 2012,1.0
,,2012 - 2013,1.65
,,2013 - 2014,1.7
,,2015 - 2016,13.87
,,2016 - 2017,13.87
,,2017 - 2018,16.51
,,2018 - 2019,16.51
,,2019 - 2020,16.51
,Jhabua,2001 - 2002,1.0
,,2002 - 2003,0.43
,,2003 - 2004,1.0
,,2004 - 2005,1.0
,,2006 - 2007,1.0
,,2007 - 2008,1.0
,,2008 - 2009,1.0
,,2009 - 2010,1.0
,,2010 - 2011,0.8
,,2011 - 2012,0.73
,,2012 - 2013,1.29
,,2013 - 2014,1.2
,,2015 - 2016,20.0
,,2016 - 2017,5.0
,,2017 - 2018,20.0
,,2018 - 2019,20.0
,,2019 - 2020,20.0
,Katni,2000 - 2001,1.19
,,2001 - 2002,1.17
,,2003 - 2004,1.44
,,2004 - 2005,1.44
,,2006 - 2007,0.79
,,2007 - 2008,0.74
,,2008 - 2009,0.93
,,2009 - 2010,0.79
,,2010 - 2011,0.36
,,2011 - 2012,0.7
,,2012 - 2013,0.96
,,2013 - 2014,1.01
,,2015 - 2016,12.52
,,2016 - 2017,22.5
,,2017 - 2018,22.5
,,2018 - 2019,22.5
,,2019 - 2020,22.5
,Khandwa,2000 - 2001,1.0
,,2001 - 2002,0.67
,,2002 - 2003,0.57
,,2003 - 2004,0.8
,,2004 - 2005,1.0
,,2006 - 2007,0.75
,,2007 - 2008,0.76
,,2008 - 2009,0.87
,,2009 - 2010,0.75
,,2010 - 2011,0.75
,,2011 - 2012,0.63
,,2012 - 2013,1.0
,,2013 - 2014,0.74
,,2015 - 2016,20.0
,,2016 - 2017,11.0
,,2017 - 2018,11.0
,,2018 - 2019,11.0
,,2019 - 2020,11.01
,Khargone,2000 - 2001,0.71
,,2001 - 2002,1.08
,,2002 - 2003,0.68
,,2003 - 2004,1.0
,,2004 - 2005,1.1
,,2006 - 2007,1.0
,,2007 - 2008,1.03
,,2008 - 2009,1.24
,,2009 - 2010,1.21
,,2010 - 2011,0.89
,,2011 - 2012,0.89
,,2012 - 2013,0.98
,,2013 - 2014,0.93
,,2015 - 2016,24.2
,,2016 - 2017,24.3
,,2017 - 2018,24.3
,,2018 - 2019,24.3
,,2019 - 2020,24.3
,Mandla,2000 - 2001,1.0
,,2001 - 2002,1.0
,,2003 - 2004,1.25
,,2004 - 2005,1.2
,,2006 - 2007,1.6
,,2007 - 2008,1.2
,,2008 - 2009,1.5
,,2009 - 2010,1.67
,,2010 - 2011,1.33
,,2011 - 2012,1.4
,,2012 - 2013,1.86
,,2013 - 2014,2.0
,,2015 - 2016,16.84
,,2016 - 2017,28.68
,,2017 - 2018,29.35
,,2018 - 2019,29.38
,,2019 - 2020,18.27
,Mandsaur,2002 - 2003,0.29
,,2007 - 2008,1.0
,,2008 - 2009,1.0
,,2011 - 2012,1.0
,,2012 - 2013,0.75
,Narsinghpur,2000 - 2001,0.83
,,2001 - 2002,1.0
,,2003 - 2004,1.18
,,2004 - 2005,1.12
,,2006 - 2007,1.17
,,2007 - 2008,1.14
,,2008 - 2009,1.08
,,2009 - 2010,1.17
,,2010 - 2011,0.9
,,2011 - 2012,1.2
,,2012 - 2013,1.43
,,2013 - 2014,1.3
,,2015 - 2016,16.48
,,2016 - 2017,16.3
,,2017 - 2018,16.3
,,2018 - 2019,16.35
,,2019 - 2020,16.35
,Neemuch,2001 - 2002,0.75
,,2003 - 2004,0.75
,,2004 - 2005,1.0
,,2006 - 2007,1.0
,,2007 - 2008,0.67
,,2008 - 2009,1.0
,,2009 - 2010,0.67
,,2010 - 2011,1.0
,,2011 - 2012,0.6
,,2012 - 2013,0.8
,,2013 - 2014,1.0
,,2017 - 2018,12.0
,,2018 - 2019,4.0
,,2019 - 2020,24.0
,Panna,2000 - 2001,0.75
,,2004 - 2005,0.9
,,2006 - 2007,0.75
,,2007 - 2008,1.0
,,2015 - 2016,10.0
,,2016 - 2017,10.0
,,2017 - 2018,10.0
,,2018 - 2019,10.0
,,2019 - 2020,10.0
,Raisen,2000 - 2001,0.8
,,2003 - 2004,0.67
,,2006 - 2007,0.73
,,2007 - 2008,0.85
,,2012 - 2013,0.78
,,2013 - 2014,1.0
,,2015 - 2016,20.63
,,2016 - 2017,17.0
,,2017 - 2018,17.0
,,2018 - 2019,17.0
,,2019 - 2020,17.0
,Rajgarh,2003 - 2004,1.0
,,2004 - 2005,1.0
,Ratlam,2000 - 2001,0.5
,,2002 - 2003,0.66
,,2003 - 2004,1.0
,,2004 - 2005,1.0
,,2006 - 2007,1.0
,,2007 - 2008,0.68
,,2008 - 2009,1.0
,,2009 - 2010,0.75
,,2010 - 2011,0.67
,,2011 - 2012,0.67
,,2012 - 2013,0.75
,,2013 - 2014,1.0
,,2015 - 2016,17.27
,,2016 - 2017,17.28
,,2017 - 2018,17.28
,,2018 - 2019,17.88
,,2019 - 2020,17.51
,Rewa,2000 - 2001,1.06
,,2001 - 2002,1.06
,,2003 - 2004,0.87
,,2004 - 2005,0.88
,,2006 - 2007,0.85
,,2007 - 2008,0.9
,,2008 - 2009,0.89
,,2009 - 2010,0.85
,,2010 - 2011,0.53
,,2011 - 2012,0.65
,,2012 - 2013,0.92
,,2013 - 2014,0.65
,,2015 - 2016,13.15
,,2016 - 2017,14.5
,,2017 - 2018,14.5
,,2018 - 2019,14.5
,,2019 - 2020,14.5
,Sagar,2000 - 2001,0.82
,,2001 - 2002,0.92
,,2003 - 2004,0.83
,,2004 - 2005,0.76
,,2006 - 2007,0.77
,,2007 - 2008,0.75
,,2008 - 2009,0.61
,,2009 - 2010,0.64
,,2010 - 2011,0.45
,,2011 - 2012,0.5
,,2012 - 2013,0.86
,,2013 - 2014,1.16
,,2015 - 2016,20.0
,,2016 - 2017,20.0
,,2017 - 2018,20.0
,,2018 - 2019,20.03
,,2019 - 2020,20.03
,Satna,2000 - 2001,0.85
,,2001 - 2002,1.12
,,2003 - 2004,1.12
,,2004 - 2005,1.11
,,2006 - 2007,0.9
,,2007 - 2008,0.93
,,2008 - 2009,0.92
,,2009 - 2010,1.04
,,2010 - 2011,0.76
,,2011 - 2012,0.78
,,2012 - 2013,1.0
,,2013 - 2014,0.68
,,2015 - 2016,13.04
,,2016 - 2017,12.94
,,2017 - 2018,13.27
,,2018 - 2019,12.83
,,2019 - 2020,12.79
,Sehore,2000 - 2001,1.0
,,2002 - 2003,0.36
,,2015 - 2016,27.5
,,2016 - 2017,29.5
,,2017 - 2018,20.0
,,2018 - 2019,20.0
,,2019 - 2020,20.0
,Seoni,2000 - 2001,0.86
,,2001 - 2002,0.82
,,2002 - 2003,0.78
,,2003 - 2004,0.8
,,2004 - 2005,0.8
,,2006 - 2007,1.0
,,2007 - 2008,1.0
,,2008 - 2009,1.0
,,2009 - 2010,1.0
,,2010 - 2011,0.77
,,2011 - 2012,0.8
,,2012 - 2013,1.08
,,2013 - 2014,1.31
,,2015 - 2016,14.01
,,2016 - 2017,15.19
,,2017 - 2018,15.4
,,2018 - 2019,15.36
,,2019 - 2020,15.37
,Shahdol,2000 - 2001,0.83
,,2001 - 2002,0.95
,,2003 - 2004,0.86
,,2004 - 2005,0.8
,,2006 - 2007,0.8
,,2007 - 2008,0.79
,,2008 - 2009,0.81
,,2009 - 2010,0.78
,,2010 - 2011,0.59
,,2011 - 2012,0.54
,,2012 - 2013,0.98
,,2013 - 2014,1.56
,,2015 - 2016,17.85
,,2016 - 2017,17.16
,,2017 - 2018,15.24
,,2018 - 2019,15.42
,,2019 - 2020,15.45
,Shajapur,2002 - 2003,0.5
,,2006 - 2007,1.0
,,2009 - 2010,1.0
,,2015 - 2016,20.45
,,2016 - 2017,20.5
,,2017 - 2018,20.6
,,2018 - 2019,20.6
,,2019 - 2020,20.6
,Sheopur,2002 - 2003,0.25
,,2015 - 2016,19.5
,,2016 - 2017,28.57
,,2017 - 2018,24.0
,,2018 - 2019,24.0
,,2019 - 2020,24.0
,Shivpuri,2000 - 2001,1.0
,,2001 - 2002,1.0
,,2003 - 2004,0.75
,,2004 - 2005,1.0
,,2006 - 2007,0.5
,,2008 - 2009,1.0
,,2009 - 2010,1.0
,,2012 - 2013,1.0
,,2015 - 2016,19.0
,,2016 - 2017,20.0
,,2017 - 2018,20.0
,,2018 - 2019,20.0
,,2019 - 2020,19.57
,Sidhi,2000 - 2001,0.96
,,2001 - 2002,1.09
,,2002 - 2003,0.01
,,2003 - 2004,0.93
,,2004 - 2005,0.91
,,2006 - 2007,0.9
,,2007 - 2008,0.83
,,2008 - 2009,1.0
,,2009 - 2010,1.0
,,2010 - 2011,0.6
,,2011 - 2012,0.64
,,2012 - 2013,1.26
,,2013 - 2014,1.92
,,2015 - 2016,20.0
,,2016 - 2017,21.09
,,2017 - 2018,20.0
,,2018 - 2019,20.07
,,2019 - 2020,20.07
,Singrauli,2008 - 2009,0.94
,,2009 - 2010,1.08
,,2010 - 2011,0.84
,,2011 - 2012,0.74
,,2012 - 2013,1.25
,,2013 - 2014,1.96
,,2015 - 2016,16.5
,,2016 - 2017,16.6
,,2017 - 2018,16.8
,,2018 - 2019,17.0
,,2019 - 2020,18.0
,Tikamgarh,2000 - 2001,1.55
,,2001 - 2002,1.58
,,2003 - 2004,1.48
,,2004 - 2005,0.99
,,2006 - 2007,0.98
,,2007 - 2008,0.98
,,2008 - 2009,1.27
,,2009 - 2010,1.22
,,2010 - 2011,0.54
,,2011 - 2012,0.9
,,2012 - 2013,0.99
,,2013 - 2014,0.89
,,2015 - 2016,11.0
,,2016 - 2017,11.0
,,2017 - 2018,11.0
,,2018 - 2019,13.0
,,2019 - 2020,13.0
,Ujjain,2002 - 2003,0.26
,,2003 - 2004,1.0
,,2004 - 2005,1.54
,,2006 - 2007,1.56
,,2007 - 2008,1.5
,,2012 - 2013,1.4
,,2013 - 2014,1.5
,,2015 - 2016,23.5
,,2016 - 2017,23.5
,,2017 - 2018,23.72
,,2018 - 2019,23.9
,,2019 - 2020,24.0
,Umaria,2000 - 2001,0.8
,,2001 - 2002,0.83
,,2003 - 2004,0.77
,,2004 - 2005,0.78
,,2006 - 2007,0.75
,,2007 - 2008,0.8
,,2008 - 2009,0.82
,,2009 - 2010,0.8
,,2010 - 2011,0.42
,,2011 - 2012,0.48
,,2012 - 2013,0.8
,,2013 - 2014,1.68
,,2015 - 2016,4.44
,,2016 - 2017,7.0
,,2017 - 2018,4.75
,,2018 - 2019,4.75
,,2019 - 2020,13.97
,Vidisha,2001 - 2002,0.67
,,2010 - 2011,1.0
,,2015 - 2016,10.26
,,2016 - 2017,21.78
,,2017 - 2018,16.91
,,2018 - 2019,17.49
,,2019 - 2020,17.47
Manipur,Bishnupur,2002 - 2003,0.65
,,2003 - 2004,0.68
,,2004 - 2005,0.68
,,2005 - 2006,0.67
,,2006 - 2007,1.0
,,2007 - 2008,0.7
,,2008 - 2009,10.67
,,2009 - 2010,10.7
,,2010 - 2011,10.12
,,2011 - 2012,11.47
,,2012 - 2013,11.7
,,2013 - 2014,12.0
,,2014 - 2015,11.82
,,2015 - 2016,10.05
,,2016 - 2017,10.0
,,2017 - 2018,9.98
,,2018 - 2019,9.98
,Chandel,2002 - 2003,0.75
,,2003 - 2004,0.75
,,2006 - 2007,1.0
,,2008 - 2009,6.94
,,2009 - 2010,6.96
,,2010 - 2011,6.88
,,2011 - 2012,11.47
,,2012 - 2013,11.7
,,2013 - 2014,12.0
,,2014 - 2015,11.95
,,2015 - 2016,11.0
,,2016 - 2017,10.76
,,2017 - 2018,17.0
,,2018 - 2019,17.0
,Churachandpur,2002 - 2003,0.67
,,2008 - 2009,23.65
,,2009 - 2010,23.68
,,2010 - 2011,21.83
,,2011 - 2012,11.47
,,2012 - 2013,11.7
,,2013 - 2014,12.0
,,2014 - 2015,11.0
,,2015 - 2016,12.0
,,2016 - 2017,12.0
,,2017 - 2018,11.98
,,2018 - 2019,11.98
,Imphal east,2003 - 2004,0.75
,,2004 - 2005,1.0
,,2005 - 2006,1.0
,,2008 - 2009,11.05
,,2009 - 2010,11.06
,,2010 - 2011,10.82
,,2011 - 2012,11.47
,,2012 - 2013,11.7
,,2013 - 2014,12.0
,,2014 - 2015,12.02
,,2015 - 2016,12.0
,,2016 - 2017,12.01
,Imphal west,2002 - 2003,1.0
,,2005 - 2006,0.67
,,2007 - 2008,1.0
,,2008 - 2009,11.12
,,2009 - 2010,11.21
,,2010 - 2011,11.15
,,2011 - 2012,11.47
,,2012 - 2013,11.7
,,2013 - 2014,12.0
,,2014 - 2015,11.85
,,2015 - 2016,10.81
,,2016 - 2017,10.81
,,2017 - 2018,10.77
,,2018 - 2019,10.77
,Senapati,2005 - 2006,1.0
,,2006 - 2007,0.67
,,2007 - 2008,0.75
,,2008 - 2009,13.39
,,2009 - 2010,13.4
,,2010 - 2011,12.96
,,2011 - 2012,11.47
,,2012 - 2013,11.7
,,2013 - 2014,12.0
,,2014 - 2015,11.86
,,2015 - 2016,12.01
,,2016 - 2017,12.09
,,2017 - 2018,12.08
,,2018 - 2019,12.04
,Tamenglong,2008 - 2009,8.82
,,2009 - 2010,8.84
,,2010 - 2011,8.17
,,2011 - 2012,11.47
,,2012 - 2013,11.7
,,2013 - 2014,12.0
,,2014 - 2015,13.19
,,2015 - 2016,15.2
,,2016 - 2017,15.45
,,2017 - 2018,14.93
,,2018 - 2019,15.29
,Thoubal,2002 - 2003,1.0
,,2003 - 2004,0.75
,,2004 - 2005,0.6
,,2008 - 2009,10.69
,,2009 - 2010,10.71
,,2010 - 2011,9.81
,,2011 - 2012,11.47
,,2012 - 2013,11.7
,,2013 - 2014,12.0
,,2014 - 2015,11.81
,,2015 - 2016,10.93
,,2016 - 2017,10.93
,,2017 - 2018,10.88
,,2018 - 2019,10.9
,Ukhrul,2002 - 2003,0.75
,,2003 - 2004,0.67
,,2004 - 2005,0.68
,,2006 - 2007,1.0
,,2007 - 2008,0.6
,,2008 - 2009,9.66
,,2009 - 2010,9.71
,,2010 - 2011,9.3
,,2011 - 2012,11.47
,,2012 - 2013,11.7
,,2013 - 2014,12.0
,,2014 - 2015,12.0
,,2015 - 2016,12.71
,,2016 - 2017,12.0
,,2017 - 2018,12.0
,,2018 - 2019,11.92
Meghalaya,East garo hills,2000 - 2001,5.56
,,2001 - 2002,5.56
,,2002 - 2003,5.48
,,2003 - 2004,5.54
,,2004 - 2005,4.52
,,2005 - 2006,5.51
,,2006 - 2007,
,,2008 - 2009,5.54
,,2010 - 2011,5.54
,,2011 - 2012,5.55
,,2012 - 2013,6.1
,,2013 - 2014,6.49
,,2014 - 2015,6.56
,,2015 - 2016,6.77
,,2016 - 2017,5.55
,,2017 - 2018,5.55
,,2018 - 2019,5.56
,,2019 - 2020,5.56
,,2020 - 2021,5.57
,,2022 - 2023,5.5
,East jaintia hills,2000 - 2001,5.87
,,2001 - 2002,5.87
,,2002 - 2003,5.84
,,2003 - 2004,5.73
,,2004 - 2005,5.95
,,2005 - 2006,6.12
,,2006 - 2007,
,,2008 - 2009,5.29
,,2010 - 2011,5.29
,,2011 - 2012,5.3
,,2012 - 2013,5.87
,,2013 - 2014,5.49
,,2014 - 2015,5.66
,,2015 - 2016,5.83
,,2016 - 2017,5.8
,,2017 - 2018,5.81
,,2018 - 2019,5.81
,,2019 - 2020,5.81
,,2020 - 2021,5.82
,,2022 - 2023,5.01
,East khasi hills,2000 - 2001,6.38
,,2001 - 2002,6.4
,,2002 - 2003,6.01
,,2003 - 2004,5.72
,,2004 - 2005,5.47
,,2005 - 2006,5.52
,,2006 - 2007,
,,2008 - 2009,5.2
,,2010 - 2011,4.96
,,2011 - 2012,5.08
,,2012 - 2013,5.5
,,2013 - 2014,5.68
,,2014 - 2015,5.8
,,2015 - 2016,5.85
,,2016 - 2017,5.38
,,2017 - 2018,5.39
,,2018 - 2019,5.39
,,2019 - 2020,5.39
,,2020 - 2021,5.41
,,2022 - 2023,5.4
,North garo hills,2013 - 2014,6.25
,,2014 - 2015,6.31
,,2015 - 2016,6.51
,,2016 - 2017,5.52
,,2017 - 2018,5.53
,,2018 - 2019,5.54
,,2019 - 2020,5.55
,,2020 - 2021,5.56
,,2022 - 2023,5.58
,Ri bhoi,2000 - 2001,7.43
,,2001 - 2002,7.47
,,2002 - 2003,7.45
,,2003 - 2004,7.35
,,2004 - 2005,4.51
,,2005 - 2006,8.46
,,2006 - 2007,
,,2008 - 2009,4.29
,,2010 - 2011,6.41
,,2011 - 2012,6.46
,,2012 - 2013,7.1
,,2013 - 2014,7.47
,,2014 - 2015,7.77
,,2015 - 2016,8.01
,,2016 - 2017,8.01
,,2017 - 2018,8.02
,,2018 - 2019,8.02
,,2019 - 2020,8.02
,,2020 - 2021,8.02
,,2022 - 2023,8.02
,South garo hills,2000 - 2001,5.0
,,2001 - 2002,5.0
,,2002 - 2003,5.07
,,2003 - 2004,5.0
,,2004 - 2005,3.64
,,2005 - 2006,5.0
,,2006 - 2007,
,,2008 - 2009,5.07
,,2010 - 2011,5.04
,,2011 - 2012,5.05
,,2012 - 2013,5.66
,,2013 - 2014,6.02
,,2014 - 2015,6.11
,,2015 - 2016,6.24
,,2016 - 2017,6.24
,,2017 - 2018,6.24
,,2018 - 2019,6.25
,,2019 - 2020,6.25
,,2020 - 2021,6.26
,,2022 - 2023,7.55
,South west garo hills,2013 - 2014,5.92
,,2014 - 2015,5.94
,,2015 - 2016,6.08
,,2016 - 2017,6.4
,,2017 - 2018,6.4
,,2018 - 2019,6.4
,,2019 - 2020,6.41
,,2020 - 2021,6.41
,,2022 - 2023,6.42
,South west khasi hills,2013 - 2014,4.4
,,2014 - 2015,4.44
,,2015 - 2016,4.53
,,2016 - 2017,4.52
,,2017 - 2018,4.52
,,2018 - 2019,4.52
,,2019 - 2020,4.53
,,2020 - 2021,4.54
,,2022 - 2023,4.55
,West garo hills,2000 - 2001,4.96
,,2001 - 2002,4.96
,,2002 - 2003,4.96
,,2003 - 2004,4.96
,,2004 - 2005,4.96
,,2005 - 2006,4.97
,,2006 - 2007,
,,2008 - 2009,5.0
,,2010 - 2011,5.0
,,2011 - 2012,5.01
,,2012 - 2013,5.55
,,2013 - 2014,5.86
,,2014 - 2015,5.88
,,2015 - 2016,6.1
,,2016 - 2017,6.1
,,2017 - 2018,6.1
,,2018 - 2019,6.1
,,2019 - 2020,6.11
,,2020 - 2021,6.11
,,2022 - 2023,6.11
,West jaintia hills,2013 - 2014,6.23
,,2014 - 2015,6.33
,,2015 - 2016,6.38
,,2016 - 2017,6.29
,,2017 - 2018,6.29
,,2018 - 2019,6.29
,,2019 - 2020,6.31
,,2020 - 2021,6.32
,,2022 - 2023,6.47
,West khasi hills,2000 - 2001,3.05
,,2001 - 2002,3.32
,,2002 - 2003,3.29
,,2003 - 2004,4.0
,,2004 - 2005,3.96
,,2005 - 2006,3.77
,,2006 - 2007,
,,2008 - 2009,3.65
,,2010 - 2011,3.93
,,2011 - 2012,4.02
,,2012 - 2013,4.45
,,2013 - 2014,4.98
,,2014 - 2015,5.17
,,2015 - 2016,5.22
,,2016 - 2017,5.22
,,2017 - 2018,5.22
,,2018 - 2019,5.22
,,2019 - 2020,5.22
,,2020 - 2021,5.22
,,2022 - 2023,5.53
Nagaland,Dimapur,2007 - 2008,
,,2008 - 2009,
,Kiphire,2008 - 2009,
,Kohima,2007 - 2008,
,,2008 - 2009,
,Longleng,2008 - 2009,
,Mokokchung,2007 - 2008,
,,2008 - 2009,
,Mon,2008 - 2009,
,Peren,2008 - 2009,
,Phek,2008 - 2009,
,Tuensang,2008 - 2009,
,Wokha,2007 - 2008,
,,2008 - 2009,
,Zunheboto,2008 - 2009,
Odisha,Anugul,2000 - 2001,2.35
,,2001 - 2002,2.34
,,2002 - 2003,2.34
,,2003 - 2004,2.33
,,2004 - 2005,2.35
,,2019 - 2020,
,Balangir,2001 - 2002,2.29
,,2002 - 2003,2.0
,,2003 - 2004,2.5
,,2004 - 2005,2.16
,,2019 - 2020,
,Baleshwar,2000 - 2001,2.38
,,2001 - 2002,2.38
,,2002 - 2003,2.38
,,2003 - 2004,2.39
,,2004 - 2005,2.38
,,2019 - 2020,
,Bargarh,2000 - 2001,2.3
,,2001 - 2002,2.27
,,2002 - 2003,2.27
,,2003 - 2004,2.27
,,2004 - 2005,2.26
,,2019 - 2020,
,Bhadrak,2000 - 2001,2.31
,,2001 - 2002,2.3
,,2002 - 2003,2.2
,,2003 - 2004,2.27
,,2004 - 2005,2.2
,,2019 - 2020,
,Boudh,2001 - 2002,2.29
,,2002 - 2003,2.24
,,2003 - 2004,2.29
,,2004 - 2005,2.25
,,2019 - 2020,
,Cuttack,2000 - 2001,2.35
,,2001 - 2002,2.25
,,2002 - 2003,2.25
,,2003 - 2004,2.26
,,2004 - 2005,2.25
,,2019 - 2020,
,Deogarh,2000 - 2001,2.32
,,2001 - 2002,2.31
,,2002 - 2003,2.28
,,2003 - 2004,2.31
,,2004 - 2005,2.29
,,2019 - 2020,
,Dhenkanal,2000 - 2001,2.34
,,2001 - 2002,2.33
,,2002 - 2003,2.33
,,2003 - 2004,2.34
,,2004 - 2005,2.33
,,2019 - 2020,
,Gajapati,2000 - 2001,2.41
,,2001 - 2002,2.4
,,2002 - 2003,2.36
,,2003 - 2004,2.33
,,2004 - 2005,2.35
,,2019 - 2020,
,Ganjam,2000 - 2001,2.4
,,2001 - 2002,2.4
,,2002 - 2003,2.38
,,2003 - 2004,2.38
,,2004 - 2005,2.4
,,2019 - 2020,
,Jagatsinghapur,2000 - 2001,2.26
,,2001 - 2002,2.26
,,2002 - 2003,2.24
,,2003 - 2004,2.26
,,2004 - 2005,2.24
,,2019 - 2020,
,Jajapur,2000 - 2001,2.3
,,2001 - 2002,2.29
,,2002 - 2003,2.24
,,2003 - 2004,2.29
,,2004 - 2005,2.24
,Jharsuguda,2000 - 2001,2.22
,,2001 - 2002,2.25
,,2002 - 2003,2.36
,,2003 - 2004,2.36
,,2004 - 2005,2.35
,,2019 - 2020,
,Kalahandi,2000 - 2001,2.27
,,2001 - 2002,2.32
,,2002 - 2003,2.28
,,2003 - 2004,2.29
,,2004 - 2005,2.28
,,2019 - 2020,
,Kandhamal,2000 - 2001,2.41
,,2001 - 2002,2.5
,,2002 - 2003,0.25
,,2003 - 2004,2.5
,,2004 - 2005,2.5
,,2019 - 2020,
,Kendrapara,2001 - 2002,2.14
,,2002 - 2003,2.27
,,2003 - 2004,2.25
,,2004 - 2005,2.25
,,2019 - 2020,
,Kendujhar,2000 - 2001,2.43
,,2001 - 2002,2.38
,,2002 - 2003,2.41
,,2003 - 2004,2.4
,,2004 - 2005,2.41
,,2019 - 2020,
,Khordha,2000 - 2001,2.4
,,2001 - 2002,2.14
,,2002 - 2003,2.0
,,2003 - 2004,2.0
,,2004 - 2005,1.99
,,2019 - 2020,
,Koraput,2000 - 2001,2.44
,,2001 - 2002,0.24
,,2002 - 2003,2.4
,,2003 - 2004,2.4
,,2004 - 2005,2.4
,,2019 - 2020,
,Malkangiri,2000 - 2001,2.29
,,2001 - 2002,2.33
,,2002 - 2003,2.13
,,2003 - 2004,2.13
,,2004 - 2005,2.1
,,2019 - 2020,
,Mayurbhanj,2000 - 2001,2.46
,,2001 - 2002,2.45
,,2002 - 2003,2.2
,,2003 - 2004,2.21
,,2004 - 2005,2.34
,,2019 - 2020,
,Nabarangpur,2000 - 2001,2.27
,,2001 - 2002,2.43
,,2002 - 2003,2.08
,,2003 - 2004,2.18
,,2004 - 2005,2.12
,,2019 - 2020,
,Nayagarh,2000 - 2001,2.48
,,2001 - 2002,2.48
,,2002 - 2003,2.12
,,2003 - 2004,2.12
,,2004 - 2005,2.12
,,2019 - 2020,
,Nuapada,2000 - 2001,2.21
,,2001 - 2002,2.25
,,2002 - 2003,2.0
,,2003 - 2004,1.96
,,2004 - 2005,2.01
,,2019 - 2020,
,Puri,2000 - 2001,2.2
,,2001 - 2002,2.17
,,2002 - 2003,1.83
,,2003 - 2004,1.83
,,2004 - 2005,2.0
,,2019 - 2020,
,Rayagada,2000 - 2001,2.32
,,2001 - 2002,0.24
,,2002 - 2003,2.14
,,2003 - 2004,2.1
,,2004 - 2005,2.11
,,2019 - 2020,
,Sambalpur,2000 - 2001,2.44
,,2001 - 2002,2.43
,,2002 - 2003,2.44
,,2003 - 2004,2.43
,,2004 - 2005,2.44
,,2019 - 2020,
,Sonepur,2001 - 2002,2.14
,,2003 - 2004,1.5
,,2004 - 2005,2.0
,,2019 - 2020,
,Sundargarh,2000 - 2001,2.33
,,2001 - 2002,0.24
,,2002 - 2003,2.36
,,2003 - 2004,2.35
,,2004 - 2005,2.36
,,2019 - 2020,
Puducherry,Pondicherry,2007 - 2008,
,,2008 - 2009,
,,2009 - 2010,
,,2010 - 2011,
,,2011 - 2012,
,,2012 - 2013,
,,2013 - 2014,
,,2014 - 2015,
,,2015 - 2016,
,,2016 - 2017,
,,2017 - 2018,
,,2018 - 2019,
,,2019 - 2020,
,,2020 - 2021,
,,2021 - 2022,
,,2022 - 2023,
Rajasthan,Alwar,2020 - 2021,1.0
,,2021 - 2022,1.0
,Baran,2005 - 2006,4.0
,,2006 - 2007,1.0
,,2010 - 2011,1.0
,,2011 - 2012,0.0
,,2012 - 2013,1.0
,,2016 - 2017,1.0
,,2017 - 2018,1.0
,,2019 - 2020,0.41
,,2020 - 2021,2.0
,,2021 - 2022,0.67
,,2022 - 2023,1.0
,Bharatpur,2018 - 2019,2.5
,Bhilwara,2000 - 2001,3.84
,,2001 - 2002,3.0
,,2002 - 2003,0.74
,,2003 - 2004,1.61
,,2004 - 2005,1.93
,,2006 - 2007,1.85
,,2007 - 2008,10.0
,,2011 - 2012,2.21
,,2013 - 2014,1.8
,,2014 - 2015,2.0
,,2015 - 2016,1.0
,,2016 - 2017,5.63
,,2017 - 2018,2.9
,,2019 - 2020,1.47
,,2020 - 2021,0.7
,,2021 - 2022,1.0
,,2022 - 2023,7.25
,Bikaner,2021 - 2022,20.0
,,2022 - 2023,8.59
,Bundi,2000 - 2001,1.09
,,2001 - 2002,2.69
,,2002 - 2003,0.21
,,2003 - 2004,2.9
,,2004 - 2005,3.76
,,2005 - 2006,4.11
,,2006 - 2007,8.89
,,2007 - 2008,6.77
,,2008 - 2009,3.77
,,2009 - 2010,2.24
,,2010 - 2011,3.77
,,2011 - 2012,2.21
,,2012 - 2013,3.96
,,2013 - 2014,3.59
,,2014 - 2015,2.65
,,2015 - 2016,3.22
,,2016 - 2017,3.62
,,2017 - 2018,3.04
,,2018 - 2019,2.73
,,2019 - 2020,0.73
,,2020 - 2021,3.91
,,2021 - 2022,4.54
,,2022 - 2023,5.0
,Chittorgarh,2000 - 2001,0.83
,,2001 - 2002,1.0
,,2002 - 2003,0.3
,,2003 - 2004,0.8
,,2004 - 2005,1.0
,,2005 - 2006,1.0
,,2006 - 2007,3.89
,,2007 - 2008,2.6
,,2008 - 2009,3.0
,,2010 - 2011,3.43
,,2011 - 2012,3.59
,,2012 - 2013,2.33
,,2013 - 2014,7.8
,,2014 - 2015,2.0
,,2015 - 2016,6.0
,,2016 - 2017,3.73
,,2017 - 2018,0.1
,,2020 - 2021,6.0
,,2021 - 2022,5.5
,,2022 - 2023,8.25
,Dholpur,2012 - 2013,1.0
,Dungarpur,2014 - 2015,5.0
,,2015 - 2016,6.0
,,2017 - 2018,6.0
,,2019 - 2020,2.0
,,2021 - 2022,6.0
,,2022 - 2023,1.0
,Ganganagar,2002 - 2003,1.0
,,2022 - 2023,23.38
,Jhalawar,2012 - 2013,1.0
,,2021 - 2022,1.0
,Karauli,2001 - 2002,1.0
,,2003 - 2004,2.0
,,2004 - 2005,1.0
,Kota,2000 - 2001,1.0
,,2001 - 2002,0.8
,,2002 - 2003,0.38
,,2003 - 2004,20.0
,,2006 - 2007,25.0
,,2007 - 2008,3.0
,,2011 - 2012,1.43
,,2012 - 2013,1.0
,,2013 - 2014,1.0
,Nagaur,2021 - 2022,1.0
,Pratapgarh,2014 - 2015,0.0
,Rajsamand,2000 - 2001,0.0
,,2007 - 2008,2.5
,,2009 - 2010,0.0
,Sawai madhopur,2007 - 2008,2.0
,,2009 - 2010,0.0
,,2019 - 2020,0.67
,Sirohi,2016 - 2017,6.55
,Tonk,2001 - 2002,2.0
,,2002 - 2003,2.0
,,2004 - 2005,2.0
,,2005 - 2006,0.0
,,2009 - 2010,1.0
,,2016 - 2017,0.0
,,2017 - 2018,1.0
,,2022 - 2023,0.0
,Udaipur,2000 - 2001,4.23
,,2001 - 2002,4.67
,,2002 - 2003,3.64
,,2003 - 2004,4.62
,,2004 - 2005,1.93
,,2005 - 2006,1.95
,,2006 - 2007,1.87
,,2007 - 2008,1.92
,,2008 - 2009,1.84
,,2009 - 2010,1.86
,,2010 - 2011,1.9
,,2011 - 2012,1.95
,,2012 - 2013,1.98
,,2013 - 2014,1.8
,,2014 - 2015,1.43
,,2015 - 2016,1.52
,,2016 - 2017,1.76
,,2017 - 2018,2.0
,,2018 - 2019,1.68
,,2019 - 2020,2.37
,,2020 - 2021,2.33
,,2021 - 2022,2.39
,,2022 - 2023,1.0
Tamil Nadu,Ariyalur,2008 - 2009,0.0
,,2009 - 2010,5.05
,,2011 - 2012,5.48
,,2013 - 2014,3.67
,,2014 - 2015,4.03
,,2015 - 2016,3.85
,,2016 - 2017,3.6
,,2017 - 2018,4.06
,,2018 - 2019,3.92
,,2019 - 2020,5.6
,,2020 - 2021,4.83
,,2021 - 2022,5.44
,,2022 - 2023,5.5
,Chengalpattu,2020 - 2021,7.0
,,2022 - 2023,5.5
,Coimbatore,2000 - 2001,6.24
,,2002 - 2003,5.24
,,2003 - 2004,4.45
,,2004 - 2005,5.32
,,2005 - 2006,7.64
,,2006 - 2007,7.56
,,2007 - 2008,6.39
,,2008 - 2009,10.2
,,2009 - 2010,5.84
,,2011 - 2012,11.38
,,2013 - 2014,5.38
,,2014 - 2015,6.92
,,2015 - 2016,7.2
,,2016 - 2017,1.99
,,2017 - 2018,4.72
,,2018 - 2019,6.83
,,2019 - 2020,6.74
,,2020 - 2021,4.72
,,2021 - 2022,5.4
,,2022 - 2023,5.51
,Cuddalore,2000 - 2001,5.44
,,2002 - 2003,3.73
,,2003 - 2004,4.16
,,2004 - 2005,5.49
,,2005 - 2006,5.52
,,2006 - 2007,5.75
,,2007 - 2008,5.35
,,2008 - 2009,5.77
,,2009 - 2010,5.07
,,2011 - 2012,5.48
,,2013 - 2014,3.67
,,2014 - 2015,4.03
,,2015 - 2016,1.91
,,2016 - 2017,2.35
,,2017 - 2018,2.26
,,2018 - 2019,2.25
,,2019 - 2020,2.35
,,2020 - 2021,4.71
,,2021 - 2022,5.18
,,2022 - 2023,5.51
,Dharmapuri,2000 - 2001,4.11
,,2002 - 2003,2.21
,,2003 - 2004,2.48
,,2004 - 2005,3.14
,,2005 - 2006,2.42
,,2006 - 2007,4.0
,,2007 - 2008,3.05
,,2008 - 2009,3.79
,,2009 - 2010,4.19
,,2011 - 2012,5.74
,,2013 - 2014,1.85
,,2014 - 2015,2.56
,,2015 - 2016,3.04
,,2016 - 2017,4.77
,,2017 - 2018,2.81
,,2018 - 2019,2.99
,,2019 - 2020,4.56
,,2020 - 2021,4.21
,,2021 - 2022,5.09
,,2022 - 2023,5.26
,Dindigul,2000 - 2001,5.44
,,2002 - 2003,3.74
,,2003 - 2004,4.18
,,2004 - 2005,5.47
,,2005 - 2006,5.53
,,2006 - 2007,5.75
,,2007 - 2008,5.35
,,2008 - 2009,5.79
,,2009 - 2010,5.07
,,2011 - 2012,5.48
,,2013 - 2014,3.69
,,2014 - 2015,4.0
,,2015 - 2016,4.0
,,2016 - 2017,3.7
,,2017 - 2018,4.0
,,2018 - 2019,4.0
,,2019 - 2020,5.0
,,2020 - 2021,4.4
,,2021 - 2022,5.13
,,2022 - 2023,5.55
,Erode,2000 - 2001,6.16
,,2002 - 2003,4.69
,,2003 - 2004,5.56
,,2004 - 2005,7.54
,,2005 - 2006,7.2
,,2006 - 2007,7.47
,,2007 - 2008,6.96
,,2008 - 2009,6.32
,,2009 - 2010,5.75
,,2011 - 2012,5.06
,,2013 - 2014,4.97
,,2014 - 2015,5.57
,,2015 - 2016,5.17
,,2016 - 2017,4.9
,,2017 - 2018,4.89
,,2018 - 2019,5.9
,,2019 - 2020,6.75
,,2020 - 2021,5.66
,,2021 - 2022,5.92
,,2022 - 2023,5.93
,Kallakurichi,2020 - 2021,4.2
,,2021 - 2022,2.99
,,2022 - 2023,3.43
,Kanchipuram,2000 - 2001,5.0
,,2002 - 2003,3.8
,,2003 - 2004,4.15
,,2004 - 2005,5.48
,,2005 - 2006,5.6
,,2006 - 2007,5.5
,,2007 - 2008,5.5
,,2008 - 2009,5.67
,,2009 - 2010,5.0
,,2011 - 2012,5.5
,,2018 - 2019,4.0
,,2019 - 2020,5.67
,,2020 - 2021,4.0
,,2021 - 2022,4.33
,,2022 - 2023,6.0
,Kanniyakumari,2008 - 2009,5.75
,,2009 - 2010,5.0
,Karur,2000 - 2001,6.12
,,2002 - 2003,2.61
,,2003 - 2004,1.35
,,2004 - 2005,1.84
,,2005 - 2006,5.52
,,2006 - 2007,5.74
,,2007 - 2008,5.35
,,2008 - 2009,5.77
,,2009 - 2010,5.07
,,2011 - 2012,5.48
,,2013 - 2014,4.9
,,2014 - 2015,12.11
,,2015 - 2016,6.72
,,2016 - 2017,0.09
,,2017 - 2018,2.62
,,2018 - 2019,3.96
,,2019 - 2020,5.24
,,2020 - 2021,4.72
,,2021 - 2022,5.16
,,2022 - 2023,5.51
,Krishnagiri,2003 - 2004,2.48
,,2004 - 2005,3.14
,,2005 - 2006,5.46
,,2006 - 2007,4.45
,,2007 - 2008,4.84
,,2008 - 2009,4.38
,,2009 - 2010,7.01
,,2011 - 2012,4.46
,,2013 - 2014,3.28
,,2014 - 2015,3.15
,,2015 - 2016,2.91
,,2016 - 2017,3.3
,,2017 - 2018,2.36
,,2018 - 2019,2.18
,,2019 - 2020,3.35
,,2020 - 2021,2.36
,,2021 - 2022,2.33
,,2022 - 2023,6.73
,Madurai,2000 - 2001,5.43
,,2002 - 2003,3.72
,,2003 - 2004,4.14
,,2004 - 2005,5.5
,,2005 - 2006,5.52
,,2006 - 2007,5.77
,,2007 - 2008,5.35
,,2008 - 2009,5.8
,,2009 - 2010,5.08
,,2011 - 2012,5.48
,,2013 - 2014,3.69
,,2014 - 2015,4.0
,,2015 - 2016,3.8
,,2016 - 2017,3.36
,,2017 - 2018,4.0
,,2018 - 2019,4.5
,,2019 - 2020,6.0
,,2020 - 2021,4.2
,,2021 - 2022,4.83
,,2022 - 2023,5.5
,Mayiladuthurai,2021 - 2022,3.0
,,2022 - 2023,6.0
,Nagapattinam,2000 - 2001,5.33
,,2002 - 2003,3.8
,,2003 - 2004,4.25
,,2004 - 2005,5.5
,,2005 - 2006,5.67
,,2006 - 2007,5.67
,,2007 - 2008,5.5
,,2014 - 2015,4.0
,,2015 - 2016,3.75
,Namakkal,2000 - 2001,5.24
,,2002 - 2003,3.55
,,2003 - 2004,4.4
,,2004 - 2005,5.05
,,2005 - 2006,6.12
,,2006 - 2007,4.44
,,2007 - 2008,5.82
,,2008 - 2009,7.54
,,2009 - 2010,6.22
,,2011 - 2012,8.66
,,2013 - 2014,5.74
,,2014 - 2015,4.38
,,2015 - 2016,4.24
,,2016 - 2017,3.25
,,2017 - 2018,5.99
,,2018 - 2019,3.6
,,2019 - 2020,5.35
,,2020 - 2021,6.61
,,2021 - 2022,7.66
,,2022 - 2023,7.61
,Perambalur,2000 - 2001,6.12
,,2002 - 2003,3.73
,,2003 - 2004,4.16
,,2004 - 2005,5.48
,,2005 - 2006,5.52
,,2006 - 2007,5.75
,,2007 - 2008,5.35
,,2008 - 2009,5.86
,,2009 - 2010,5.07
,,2011 - 2012,5.48
,,2013 - 2014,2.87
,,2014 - 2015,3.74
,,2015 - 2016,2.96
,,2016 - 2017,2.82
,,2017 - 2018,6.07
,,2018 - 2019,3.54
,,2019 - 2020,4.7
,,2020 - 2021,6.33
,,2021 - 2022,7.11
,,2022 - 2023,6.36
,Pudukkottai,2000 - 2001,5.45
,,2002 - 2003,3.75
,,2003 - 2004,4.25
,,2004 - 2005,5.5
,,2005 - 2006,5.5
,,2006 - 2007,5.67
,,2007 - 2008,5.5
,,2008 - 2009,5.67
,,2009 - 2010,5.1
,,2011 - 2012,5.5
,,2013 - 2014,3.63
,,2014 - 2015,4.0
,,2015 - 2016,3.88
,,2016 - 2017,3.4
,,2017 - 2018,4.04
,,2018 - 2019,3.92
,,2019 - 2020,4.94
,,2020 - 2021,4.64
,,2021 - 2022,5.38
,,2022 - 2023,5.54
,Ramanathapuram,2002 - 2003,4.0
,,2003 - 2004,4.0
,,2004 - 2005,5.0
,,2005 - 2006,6.0
,,2006 - 2007,5.5
,,2007 - 2008,5.5
,,2011 - 2012,5.0
,,2013 - 2014,4.0
,,2021 - 2022,5.33
,,2022 - 2023,5.67
,Ranipet,2020 - 2021,4.72
,,2021 - 2022,5.16
,,2022 - 2023,5.51
,Salem,2000 - 2001,3.09
,,2002 - 2003,2.78
,,2003 - 2004,2.62
,,2004 - 2005,3.66
,,2005 - 2006,3.78
,,2006 - 2007,4.54
,,2007 - 2008,4.72
,,2008 - 2009,7.78
,,2009 - 2010,4.5
,,2011 - 2012,4.21
,,2013 - 2014,3.19
,,2014 - 2015,3.43
,,2015 - 2016,3.0
,,2016 - 2017,1.61
,,2017 - 2018,2.82
,,2018 - 2019,2.75
,,2019 - 2020,4.1
,,2020 - 2021,4.24
,,2021 - 2022,5.01
,,2022 - 2023,5.48
,Sivaganga,2002 - 2003,4.0
,,2004 - 2005,5.46
,,2005 - 2006,5.5
,,2006 - 2007,5.5
,,2007 - 2008,5.0
,,2011 - 2012,5.5
,,2013 - 2014,3.67
,,2014 - 2015,4.0
,,2015 - 2016,3.75
,,2016 - 2017,3.8
,,2017 - 2018,4.0
,,2018 - 2019,3.8
,,2019 - 2020,4.67
,,2020 - 2021,5.0
,,2021 - 2022,5.33
,,2022 - 2023,5.5
,Thanjavur,2000 - 2001,5.5
,,2002 - 2003,3.8
,,2003 - 2004,4.14
,,2004 - 2005,5.5
,,2005 - 2006,5.53
,,2006 - 2007,5.75
,,2007 - 2008,5.29
,,2008 - 2009,5.8
,,2009 - 2010,5.0
,,2011 - 2012,5.49
,,2013 - 2014,3.69
,,2014 - 2015,4.0
,,2015 - 2016,3.88
,,2016 - 2017,3.57
,,2017 - 2018,4.06
,,2018 - 2019,4.0
,,2019 - 2020,5.29
,,2020 - 2021,4.9
,,2021 - 2022,5.16
,,2022 - 2023,5.53
,The nilgiris,2000 - 2001,5.45
,,2002 - 2003,3.71
,,2003 - 2004,4.0
,,2004 - 2005,5.5
,,2005 - 2006,5.5
,,2006 - 2007,5.78
,,2007 - 2008,5.38
,,2008 - 2009,5.78
,,2009 - 2010,5.0
,,2011 - 2012,5.5
,,2013 - 2014,3.67
,,2014 - 2015,4.0
,,2015 - 2016,3.88
,,2016 - 2017,3.62
,,2017 - 2018,4.06
,,2018 - 2019,4.09
,,2019 - 2020,6.0
,,2020 - 2021,4.63
,,2021 - 2022,4.83
,,2022 - 2023,6.6
,Theni,2000 - 2001,5.0
,,2002 - 2003,3.75
,,2003 - 2004,4.17
,,2004 - 2005,5.0
,,2005 - 2006,6.0
,,2008 - 2009,5.67
,,2009 - 2010,5.08
,,2011 - 2012,5.49
,,2013 - 2014,3.67
,,2014 - 2015,4.03
,,2015 - 2016,3.85
,,2016 - 2017,3.6
,,2017 - 2018,4.0
,,2018 - 2019,3.0
,,2020 - 2021,8.0
,,2022 - 2023,5.5
,Thenkasi,2021 - 2022,5.33
,Thiruvallur,2000 - 2001,5.0
,,2002 - 2003,3.74
,,2003 - 2004,4.13
,,2004 - 2005,5.5
,,2005 - 2006,5.6
,,2006 - 2007,5.8
,,2008 - 2009,6.0
,,2011 - 2012,5.5
,,2013 - 2014,3.67
,,2015 - 2016,3.75
,,2016 - 2017,3.22
,,2017 - 2018,4.0
,,2018 - 2019,4.0
,,2019 - 2020,5.11
,,2020 - 2021,4.69
,,2021 - 2022,5.19
,,2022 - 2023,5.53
,Thiruvarur,2002 - 2003,3.67
,,2003 - 2004,4.17
,,2004 - 2005,5.5
,,2005 - 2006,5.6
,,2006 - 2007,5.75
,,2007 - 2008,5.25
,,2008 - 2009,3.0
,,2009 - 2010,5.0
,,2011 - 2012,5.5
,,2016 - 2017,3.5
,,2017 - 2018,4.0
,,2018 - 2019,4.0
,,2019 - 2020,5.33
,,2020 - 2021,4.6
,,2021 - 2022,5.14
,,2022 - 2023,5.5
,Thoothukudi,2000 - 2001,5.43
,,2002 - 2003,3.67
,,2003 - 2004,4.25
,,2004 - 2005,5.4
,,2005 - 2006,5.6
,,2006 - 2007,5.67
,,2007 - 2008,5.25
,,2008 - 2009,6.0
,,2009 - 2010,5.0
,,2011 - 2012,5.5
,,2013 - 2014,3.75
,,2014 - 2015,4.0
,,2015 - 2016,3.8
,,2016 - 2017,4.0
,,2017 - 2018,4.0
,,2018 - 2019,3.6
,,2019 - 2020,4.75
,,2020 - 2021,5.0
,,2021 - 2022,4.75
,,2022 - 2023,5.67
,Tiruchirappalli,2000 - 2001,6.12
,,2002 - 2003,3.73
,,2003 - 2004,4.16
,,2004 - 2005,5.48
,,2005 - 2006,5.52
,,2006 - 2007,5.74
,,2007 - 2008,5.35
,,2008 - 2009,5.77
,,2009 - 2010,5.3
,,2011 - 2012,3.95
,,2013 - 2014,3.24
,,2014 - 2015,3.74
,,2015 - 2016,3.97
,,2016 - 2017,1.34
,,2017 - 2018,9.76
,,2018 - 2019,1.9
,,2019 - 2020,5.25
,,2020 - 2021,4.72
,,2021 - 2022,5.18
,,2022 - 2023,5.51
,Tirunelveli,2000 - 2001,5.43
,,2002 - 2003,3.67
,,2003 - 2004,4.17
,,2004 - 2005,5.5
,,2005 - 2006,5.5
,,2006 - 2007,5.71
,,2007 - 2008,5.4
,,2008 - 2009,5.8
,,2009 - 2010,5.0
,,2011 - 2012,5.44
,,2013 - 2014,3.6
,,2014 - 2015,4.0
,,2015 - 2016,3.83
,,2016 - 2017,3.83
,,2017 - 2018,4.0
,,2018 - 2019,4.33
,,2019 - 2020,5.25
,,2020 - 2021,4.25
,,2021 - 2022,5.0
,,2022 - 2023,5.6
,Tirupathur,2020 - 2021,4.69
,,2021 - 2022,5.17
,,2022 - 2023,5.51
,Tiruppur,2008 - 2009,0.0
,,2009 - 2010,4.86
,,2011 - 2012,6.5
,,2013 - 2014,2.67
,,2014 - 2015,3.71
,,2015 - 2016,2.91
,,2016 - 2017,1.77
,,2017 - 2018,4.65
,,2018 - 2019,3.95
,,2019 - 2020,5.21
,,2020 - 2021,4.88
,,2021 - 2022,5.18
,,2022 - 2023,5.51
,Tiruvannamalai,2000 - 2001,5.64
,,2002 - 2003,3.73
,,2003 - 2004,4.16
,,2004 - 2005,5.48
,,2005 - 2006,7.74
,,2006 - 2007,10.92
,,2007 - 2008,5.35
,,2008 - 2009,5.77
,,2009 - 2010,5.07
,,2011 - 2012,5.48
,,2013 - 2014,4.01
,,2014 - 2015,4.45
,,2015 - 2016,2.03
,,2016 - 2017,6.86
,,2017 - 2018,6.57
,,2018 - 2019,5.22
,,2019 - 2020,7.76
,,2020 - 2021,4.71
,,2021 - 2022,3.42
,,2022 - 2023,5.51
,Vellore,2000 - 2001,5.64
,,2002 - 2003,3.73
,,2003 - 2004,4.15
,,2004 - 2005,5.48
,,2005 - 2006,5.52
,,2006 - 2007,5.75
,,2007 - 2008,5.35
,,2008 - 2009,5.77
,,2009 - 2010,5.07
,,2011 - 2012,5.48
,,2013 - 2014,6.38
,,2014 - 2015,4.73
,,2015 - 2016,6.81
,,2016 - 2017,5.64
,,2017 - 2018,5.14
,,2018 - 2019,6.92
,,2019 - 2020,7.99
,,2020 - 2021,4.7
,,2021 - 2022,5.18
,,2022 - 2023,5.51
,Villupuram,2000 - 2001,3.66
,,2002 - 2003,2.54
,,2003 - 2004,3.52
,,2004 - 2005,4.28
,,2005 - 2006,3.16
,,2006 - 2007,3.49
,,2007 - 2008,3.45
,,2008 - 2009,2.36
,,2009 - 2010,3.28
,,2011 - 2012,2.63
,,2013 - 2014,2.24
,,2014 - 2015,2.15
,,2015 - 2016,2.35
,,2016 - 2017,2.84
,,2017 - 2018,4.27
,,2018 - 2019,3.85
,,2019 - 2020,4.09
,,2020 - 2021,2.75
,,2021 - 2022,5.6
,,2022 - 2023,5.6
,Virudhunagar,2002 - 2003,4.0
,,2004 - 2005,5.5
,,2006 - 2007,5.78
,,2007 - 2008,5.0
,,2011 - 2012,5.0
,,2013 - 2014,3.75
,,2015 - 2016,4.0
,,2016 - 2017,4.0
,,2017 - 2018,4.0
,,2018 - 2019,2.0
,,2019 - 2020,6.0
,,2020 - 2021,5.5
,,2021 - 2022,7.0
Telangana,Adilabad,2000 - 2001,3.78
,,2001 - 2002,2.96
,,2002 - 2003,4.25
,,2003 - 2004,3.88
,,2004 - 2005,4.48
,,2005 - 2006,5.16
,,2006 - 2007,4.56
,,2008 - 2009,3.77
,,2009 - 2010,3.65
,,2010 - 2011,6.93
,,2011 - 2012,4.48
,,2013 - 2014,
,,2014 - 2015,
,,2015 - 2016,
,,2016 - 2017,
,,2017 - 2018,
,,2018 - 2019,
,,2019 - 2020,
,,2020 - 2021,
,,2021 - 2022,
,,2022 - 2023,
,Bhadradri,2016 - 2017,
,,2017 - 2018,
,,2018 - 2019,
,,2019 - 2020,
,,2020 - 2021,
,,2021 - 2022,
,,2022 - 2023,
,Jagitial,2016 - 2017,
,,2017 - 2018,
,,2018 - 2019,
,,2019 - 2020,
,,2020 - 2021,
,,2021 - 2022,
,,2022 - 2023,
,Jangoan,2016 - 2017,
,,2017 - 2018,
,,2018 - 2019,
,,2019 - 2020,
,,2020 - 2021,
,,2021 - 2022,
,,2022 - 2023,
,Jayashankar,2016 - 2017,
,,2017 - 2018,
,,2018 - 2019,
,,2019 - 2020,
,,2020 - 2021,
,,2021 - 2022,
,,2022 - 2023,
,Kamareddy,2016 - 2017,
,,2017 - 2018,
,,2018 - 2019,
,,2019 - 2020,
,,2020 - 2021,
,,2021 - 2022,
,,2022 - 2023,
,Karimnagar,2000 - 2001,5.42
,,2001 - 2002,4.25
,,2002 - 2003,5.94
,,2003 - 2004,7.54
,,2004 - 2005,6.83
,,2005 - 2006,9.05
,,2006 - 2007,8.02
,,2008 - 2009,6.94
,,2009 - 2010,5.69
,,2010 - 2011,6.94
,,2011 - 2012,5.94
,,2013 - 2014,
,,2014 - 2015,
,,2015 - 2016,
,,2016 - 2017,
,,2017 - 2018,
,,2018 - 2019,
,,2019 - 2020,
,,2020 - 2021,
,,2021 - 2022,
,,2022 - 2023,
,Khammam,2000 - 2001,5.03
,,2001 - 2002,3.93
,,2002 - 2003,5.08
,,2003 - 2004,5.25
,,2004 - 2005,6.37
,,2005 - 2006,7.62
,,2006 - 2007,6.14
,,2008 - 2009,6.24
,,2009 - 2010,5.57
,,2010 - 2011,6.73
,,2011 - 2012,5.48
,,2013 - 2014,
,,2014 - 2015,
,,2015 - 2016,
,,2016 - 2017,
,,2017 - 2018,
,,2018 - 2019,
,,2019 - 2020,
,,2020 - 2021,
,,2021 - 2022,
,,2022 - 2023,
,Komaram bheem asifabad,2016 - 2017,
,,2017 - 2018,
,,2018 - 2019,
,,2019 - 2020,
,,2020 - 2021,
,,2021 - 2022,
,,2022 - 2023,
,Mahabubabad,2016 - 2017,
,,2017 - 2018,
,,2018 - 2019,
,,2019 - 2020,
,,2020 - 2021,
,,2021 - 2022,
,,2022 - 2023,
,Mahbubnagar,2000 - 2001,5.03
,,2001 - 2002,3.93
,,2002 - 2003,5.07
,,2003 - 2004,5.25
,,2004 - 2005,6.37
,,2005 - 2006,7.61
,,2006 - 2007,6.14
,,2008 - 2009,6.24
,,2009 - 2010,5.56
,,2010 - 2011,6.72
,,2011 - 2012,5.48
,,2013 - 2014,
,,2014 - 2015,
,,2015 - 2016,
,,2022 - 2023,
,Mancherial,2016 - 2017,
,,2017 - 2018,
,,2018 - 2019,
,,2019 - 2020,
,,2020 - 2021,
,,2021 - 2022,
,,2022 - 2023,
,Medak,2000 - 2001,5.03
,,2001 - 2002,3.93
,,2002 - 2003,5.08
,,2003 - 2004,5.25
,,2004 - 2005,6.37
,,2005 - 2006,7.62
,,2006 - 2007,4.16
,,2008 - 2009,2.99
,,2009 - 2010,3.03
,,2010 - 2011,2.81
,,2011 - 2012,3.14
,,2013 - 2014,
,,2014 - 2015,
,,2015 - 2016,
,,2016 - 2017,
,,2018 - 2019,
,,2020 - 2021,
,,2021 - 2022,
,,2022 - 2023,
,Medchal,2021 - 2022,
,Mulugu,2018 - 2019,
,,2019 - 2020,
,,2020 - 2021,
,,2021 - 2022,
,,2022 - 2023,
,Nagarkurnool,2020 - 2021,
,,2021 - 2022,
,,2022 - 2023,
,Nalgonda,2000 - 2001,5.02
,,2001 - 2002,3.93
,,2002 - 2003,5.08
,,2005 - 2006,7.57
,,2006 - 2007,6.2
,,2010 - 2011,6.5
,,2011 - 2012,5.48
,,2013 - 2014,
,,2014 - 2015,
,,2015 - 2016,
,,2016 - 2017,
,,2017 - 2018,
,,2022 - 2023,
,Nirmal,2016 - 2017,
,,2017 - 2018,
,,2018 - 2019,
,,2019 - 2020,
,,2020 - 2021,
,,2021 - 2022,
,,2022 - 2023,
,Nizamabad,2000 - 2001,6.87
,,2001 - 2002,4.93
,,2002 - 2003,5.5
,,2003 - 2004,2.96
,,2004 - 2005,9.0
,,2005 - 2006,9.06
,,2006 - 2007,6.62
,,2008 - 2009,9.44
,,2009 - 2010,9.23
,,2010 - 2011,8.75
,,2011 - 2012,8.2
,,2013 - 2014,
,,2014 - 2015,
,,2015 - 2016,
,,2016 - 2017,
,,2017 - 2018,
,,2018 - 2019,
,,2019 - 2020,
,,2020 - 2021,
,,2021 - 2022,
,,2022 - 2023,
,Peddapalli,2016 - 2017,
,,2017 - 2018,
,,2018 - 2019,
,,2019 - 2020,
,,2020 - 2021,
,,2021 - 2022,
,,2022 - 2023,
,Rajanna,2016 - 2017,
,,2017 - 2018,
,,2018 - 2019,
,,2019 - 2020,
,,2020 - 2021,
,,2021 - 2022,
,,2022 - 2023,
,Rangareddi,2000 - 2001,5.03
,,2001 - 2002,3.93
,,2002 - 2003,5.08
,,2003 - 2004,5.25
,,2004 - 2005,6.37
,,2005 - 2006,7.62
,,2006 - 2007,3.27
,,2008 - 2009,3.72
,,2009 - 2010,2.82
,,2010 - 2011,3.46
,,2011 - 2012,3.55
,,2013 - 2014,
,,2014 - 2015,
,,2015 - 2016,
,,2016 - 2017,
,,2017 - 2018,
,,2018 - 2019,
,,2019 - 2020,
,,2020 - 2021,
,,2021 - 2022,
,,2022 - 2023,
,Sangareddy,2016 - 2017,
,,2017 - 2018,
,,2018 - 2019,
,,2019 - 2020,
,,2020 - 2021,
,,2021 - 2022,
,,2022 - 2023,
,Siddipet,2016 - 2017,
,,2020 - 2021,
,,2021 - 2022,
,Suryapet,2016 - 2017,
,,2019 - 2020,
,,2020 - 2021,
,,2021 - 2022,
,,2022 - 2023,
,Vikarabad,2016 - 2017,
,,2017 - 2018,
,,2018 - 2019,
,,2019 - 2020,
,,2020 - 2021,
,,2021 - 2022,
,,2022 - 2023,
,Warangal,2000 - 2001,3.81
,,2001 - 2002,3.12
,,2002 - 2003,3.91
,,2003 - 2004,5.01
,,2004 - 2005,4.62
,,2005 - 2006,5.07
,,2006 - 2007,5.4
,,2008 - 2009,4.59
,,2009 - 2010,4.54
,,2010 - 2011,5.77
,,2011 - 2012,3.55
,,2013 - 2014,
,,2014 - 2015,
,,2015 - 2016,
,,2016 - 2017,
,,2017 - 2018,
,,2018 - 2019,
,,2019 - 2020,
,,2020 - 2021,
,,2021 - 2022,
,,2022 - 2023,
,Warangal urban,2016 - 2017,
,,2017 - 2018,
,,2018 - 2019,
,,2019 - 2020,
,,2020 - 2021,
,,2021 - 2022,
,,2022 - 2023,
,Yadadri,2018 - 2019,
,,2021 - 2022,
Uttar Pradesh,Agra,2004 - 2005,
,,2006 - 2007,
,Aligarh,2004 - 2005,
,,2006 - 2007,
,,2009 - 2010,
,,2010 - 2011,
,,2011 - 2012,
,,2012 - 2013,
,,2013 - 2014,
,,2014 - 2015,
,,2015 - 2016,
,,2016 - 2017,
,,2017 - 2018,
,,2020 - 2021,
,Allahabad,2000 - 2001,1.5
,,2001 - 2002,2.0
,,2004 - 2005,
,,2006 - 2007,
,Ambedkar nagar,2000 - 2001,1.83
,,2004 - 2005,
,,2006 - 2007,
,Amethi,2011 - 2012,
,,2012 - 2013,
,,2013 - 2014,
,,2014 - 2015,
,,2015 - 2016,
,,2016 - 2017,
,,2017 - 2018,
,,2018 - 2019,
,,2019 - 2020,
,,2020 - 2021,
,,2021 - 2022,
,,2022 - 2023,
,Amroha,2000 - 2001,2.0
,,2016 - 2017,
,Auraiya,2002 - 2003,2.0
,,2004 - 2005,
,,2006 - 2007,
,,2007 - 2008,
,,2009 - 2010,
,,2011 - 2012,
,,2016 - 2017,
,Azamgarh,2000 - 2001,1.5
,,2002 - 2003,2.0
,,2003 - 2004,2.0
,,2005 - 2006,
,,2007 - 2008,
,,2009 - 2010,
,,2012 - 2013,
,,2013 - 2014,
,,2014 - 2015,
,,2016 - 2017,
,,2020 - 2021,
,,2021 - 2022,
,,2022 - 2023,
,Baghpat,2000 - 2001,1.75
,,2013 - 2014,
,,2014 - 2015,
,,2015 - 2016,
,Bahraich,2000 - 2001,1.74
,,2001 - 2002,1.79
,,2002 - 2003,1.82
,,2003 - 2004,1.81
,,2004 - 2005,
,,2005 - 2006,
,,2006 - 2007,
,,2007 - 2008,
,,2009 - 2010,
,,2010 - 2011,
,,2011 - 2012,
,,2012 - 2013,
,,2013 - 2014,
,,2014 - 2015,
,,2015 - 2016,
,,2016 - 2017,
,,2017 - 2018,
,,2018 - 2019,
,,2019 - 2020,
,,2020 - 2021,
,,2022 - 2023,
,Ballia,2001 - 2002,2.0
,,2002 - 2003,1.5
,,2003 - 2004,1.5
,,2004 - 2005,
,,2005 - 2006,
,,2006 - 2007,
,,2007 - 2008,
,,2009 - 2010,
,Balrampur,2000 - 2001,2.0
,,2002 - 2003,2.0
,,2003 - 2004,2.0
,Barabanki,2000 - 2001,1.7
,,2001 - 2002,1.79
,,2003 - 2004,1.67
,,2004 - 2005,
,,2005 - 2006,
,,2006 - 2007,
,,2009 - 2010,
,,2012 - 2013,
,,2013 - 2014,
,,2014 - 2015,
,,2015 - 2016,
,,2016 - 2017,
,Bareilly,2000 - 2001,1.73
,,2001 - 2002,1.81
,,2002 - 2003,1.83
,,2003 - 2004,1.82
,,2004 - 2005,
,,2005 - 2006,
,,2006 - 2007,
,,2007 - 2008,
,,2009 - 2010,
,,2010 - 2011,
,,2011 - 2012,
,,2012 - 2013,
,,2013 - 2014,
,,2014 - 2015,
,,2015 - 2016,
,,2016 - 2017,
,,2017 - 2018,
,,2018 - 2019,
,,2019 - 2020,
,,2020 - 2021,
,,2021 - 2022,
,,2022 - 2023,
,Bijnor,2001 - 2002,2.0
,,2009 - 2010,
,,2010 - 2011,
,,2012 - 2013,
,Budaun,2000 - 2001,1.75
,,2001 - 2002,1.79
,,2002 - 2003,1.82
,,2003 - 2004,1.81
,,2004 - 2005,
,,2005 - 2006,
,,2006 - 2007,
,,2007 - 2008,
,,2009 - 2010,
,,2010 - 2011,
,,2011 - 2012,
,,2012 - 2013,
,,2013 - 2014,
,,2014 - 2015,
,,2015 - 2016,
,,2016 - 2017,
,,2017 - 2018,
,,2018 - 2019,
,,2019 - 2020,
,,2020 - 2021,
,,2021 - 2022,
,,2022 - 2023,
,Bulandshahr,2000 - 2001,2.0
,,2001 - 2002,1.5
,,2010 - 2011,
,,2012 - 2013,
,,2013 - 2014,
,,2014 - 2015,
,,2015 - 2016,
,,2016 - 2017,
,,2017 - 2018,
,,2018 - 2019,
,,2019 - 2020,
,,2020 - 2021,
,Chandauli,2003 - 2004,2.0
,,2005 - 2006,
,,2009 - 2010,
,Deoria,2001 - 2002,1.67
,,2002 - 2003,1.8
,,2003 - 2004,1.82
,,2004 - 2005,
,,2005 - 2006,
,,2006 - 2007,
,,2007 - 2008,
,,2009 - 2010,
,,2010 - 2011,
,,2011 - 2012,
,,2012 - 2013,
,,2013 - 2014,
,,2014 - 2015,
,,2016 - 2017,
,,2017 - 2018,
,,2018 - 2019,
,,2019 - 2020,
,,2020 - 2021,
,,2022 - 2023,
,Etah,2000 - 2001,1.7
,,2001 - 2002,1.78
,,2002 - 2003,1.8
,,2003 - 2004,1.78
,,2004 - 2005,
,,2005 - 2006,
,,2006 - 2007,
,Etawah,2003 - 2004,2.0
,,2005 - 2006,
,,2007 - 2008,
,,2012 - 2013,
,,2013 - 2014,
,,2014 - 2015,
,Faizabad,2016 - 2017,
,,2017 - 2018,
,,2019 - 2020,
,,2020 - 2021,
,,2021 - 2022,
,Farrukhabad,2000 - 2001,2.0
,,2001 - 2002,2.0
,,2004 - 2005,
,,2006 - 2007,
,,2016 - 2017,
,Fatehpur,2000 - 2001,1.78
,,2001 - 2002,1.75
,,2002 - 2003,1.8
,,2003 - 2004,1.83
,,2004 - 2005,
,,2005 - 2006,
,,2006 - 2007,
,,2007 - 2008,
,,2009 - 2010,
,,2010 - 2011,
,,2011 - 2012,
,,2012 - 2013,
,,2013 - 2014,
,,2014 - 2015,
,,2015 - 2016,
,,2016 - 2017,
,,2017 - 2018,
,,2018 - 2019,
,,2019 - 2020,
,,2020 - 2021,
,,2021 - 2022,
,,2022 - 2023,
,Firozabad,2001 - 2002,2.0
,,2002 - 2003,2.0
,,2004 - 2005,
,,2006 - 2007,
,,2007 - 2008,
,,2013 - 2014,
,,2015 - 2016,
,,2016 - 2017,
,,2017 - 2018,
,Ghaziabad,2001 - 2002,2.0
,,2002 - 2003,2.0
,,2013 - 2014,
,Ghazipur,2001 - 2002,1.67
,,2003 - 2004,1.5
,,2004 - 2005,
,,2005 - 2006,
,,2006 - 2007,
,,2007 - 2008,
,,2009 - 2010,
,,2010 - 2011,
,,2011 - 2012,
,,2012 - 2013,
,,2014 - 2015,
,Gonda,2002 - 2003,2.0
,,2009 - 2010,
,Gorakhpur,2000 - 2001,2.0
,,2001 - 2002,2.0
,,2007 - 2008,
,,2010 - 2011,
,,2012 - 2013,
,Hamirpur,2013 - 2014,
,Hapur,2013 - 2014,
,,2014 - 2015,
,,2015 - 2016,
,,2018 - 2019,
,,2020 - 2021,
,,2021 - 2022,
,,2022 - 2023,
,Hardoi,2000 - 2001,1.75
,,2001 - 2002,1.75
,,2003 - 2004,2.0
,,2005 - 2006,
,,2007 - 2008,
,,2011 - 2012,
,,2012 - 2013,
,,2013 - 2014,
,,2014 - 2015,
,,2017 - 2018,
,,2022 - 2023,
,Hathras,2004 - 2005,
,,2012 - 2013,
,,2013 - 2014,
,,2014 - 2015,
,,2021 - 2022,
,Jalaun,2012 - 2013,
,,2013 - 2014,
,,2015 - 2016,
,,2017 - 2018,
,Jaunpur,2001 - 2002,1.75
,,2003 - 2004,2.0
,Jhansi,2000 - 2001,1.75
,,2001 - 2002,1.67
,,2010 - 2011,
,,2011 - 2012,
,,2012 - 2013,
,,2013 - 2014,
,,2014 - 2015,
,,2015 - 2016,
,,2016 - 2017,
,Kannauj,2001 - 2002,2.0
,,2002 - 2003,1.75
,,2003 - 2004,2.0
,,2005 - 2006,
,,2007 - 2008,
,,2009 - 2010,
,,2011 - 2012,
,,2013 - 2014,
,,2015 - 2016,
,Kanpur dehat,2003 - 2004,1.75
,,2004 - 2005,
,,2005 - 2006,
,,2006 - 2007,
,,2007 - 2008,
,,2009 - 2010,
,,2011 - 2012,
,Kanpur nagar,2000 - 2001,1.6
,,2001 - 2002,1.8
,,2002 - 2003,1.75
,,2003 - 2004,1.67
,,2005 - 2006,
,,2007 - 2008,
,,2009 - 2010,
,,2010 - 2011,
,,2011 - 2012,
,,2012 - 2013,
,,2013 - 2014,
,,2014 - 2015,
,,2015 - 2016,
,Kasganj,2010 - 2011,
,,2011 - 2012,
,,2012 - 2013,
,,2013 - 2014,
,,2014 - 2015,
,,2015 - 2016,
,,2016 - 2017,
,,2017 - 2018,
,,2018 - 2019,
,,2019 - 2020,
,,2021 - 2022,
,Kaushambi,2000 - 2001,1.78
,,2001 - 2002,2.0
,,2002 - 2003,2.0
,,2003 - 2004,2.0
,,2004 - 2005,
,,2005 - 2006,
,,2006 - 2007,
,,2007 - 2008,
,,2009 - 2010,
,,2010 - 2011,
,,2011 - 2012,
,,2012 - 2013,
,,2013 - 2014,
,,2014 - 2015,
,,2015 - 2016,
,,2016 - 2017,
,,2017 - 2018,
,,2018 - 2019,
,,2019 - 2020,
,,2020 - 2021,
,,2021 - 2022,
,,2022 - 2023,
,Kheri,2000 - 2001,1.74
,,2001 - 2002,1.79
,,2002 - 2003,1.82
,,2003 - 2004,1.81
,,2004 - 2005,
,,2005 - 2006,
,,2006 - 2007,
,,2007 - 2008,
,,2009 - 2010,
,,2010 - 2011,
,,2011 - 2012,
,,2012 - 2013,
,,2013 - 2014,
,,2014 - 2015,
,,2015 - 2016,
,,2016 - 2017,
,,2017 - 2018,
,,2018 - 2019,
,,2019 - 2020,
,,2020 - 2021,
,,2021 - 2022,
,,2022 - 2023,
,Kushi nagar,2000 - 2001,1.74
,,2001 - 2002,1.79
,,2002 - 2003,1.82
,,2003 - 2004,1.81
,,2004 - 2005,
,,2005 - 2006,
,,2006 - 2007,
,,2007 - 2008,
,,2009 - 2010,
,,2010 - 2011,
,,2011 - 2012,
,,2012 - 2013,
,,2013 - 2014,
,,2014 - 2015,
,,2015 - 2016,
,,2016 - 2017,
,,2017 - 2018,
,,2018 - 2019,
,,2019 - 2020,
,,2020 - 2021,
,,2021 - 2022,
,,2022 - 2023,
,Lalitpur,2001 - 2002,2.0
,,2002 - 2003,2.0
,,2003 - 2004,2.0
,,2004 - 2005,
,,2006 - 2007,
,,2007 - 2008,
,,2009 - 2010,
,,2010 - 2011,
,,2011 - 2012,
,,2012 - 2013,
,,2013 - 2014,
,,2014 - 2015,
,,2015 - 2016,
,,2018 - 2019,
,Lucknow,2001 - 2002,1.67
,,2009 - 2010,
,,2010 - 2011,
,,2011 - 2012,
,,2012 - 2013,
,,2013 - 2014,
,,2016 - 2017,
,,2017 - 2018,
,,2018 - 2019,
,Maharajganj,2000 - 2001,1.75
,,2001 - 2002,1.79
,,2002 - 2003,1.82
,,2003 - 2004,1.81
,,2004 - 2005,
,,2005 - 2006,
,,2006 - 2007,
,,2007 - 2008,
,,2009 - 2010,
,,2010 - 2011,
,,2011 - 2012,
,,2012 - 2013,
,,2013 - 2014,
,,2014 - 2015,
,,2016 - 2017,
,,2017 - 2018,
,,2018 - 2019,
,,2020 - 2021,
,,2022 - 2023,
,Mahoba,2012 - 2013,
,Mainpuri,2000 - 2001,2.0
,,2007 - 2008,
,,2012 - 2013,
,,2015 - 2016,
,,2016 - 2017,
,,2018 - 2019,
,,2019 - 2020,
,Mau,2002 - 2003,2.0
,,2009 - 2010,
,Meerut,2000 - 2001,1.71
,,2001 - 2002,2.0
,,2002 - 2003,2.0
,,2003 - 2004,2.0
,,2004 - 2005,
,,2006 - 2007,
,,2009 - 2010,
,,2010 - 2011,
,,2012 - 2013,
,,2013 - 2014,
,,2014 - 2015,
,,2015 - 2016,
,,2017 - 2018,
,,2019 - 2020,
,,2020 - 2021,
,Mirzapur,2000 - 2001,2.0
,,2001 - 2002,2.0
,,2002 - 2003,2.0
,,2004 - 2005,
,,2006 - 2007,
,,2009 - 2010,
,,2012 - 2013,
,Moradabad,2000 - 2001,1.73
,,2001 - 2002,1.75
,,2002 - 2003,1.8
,,2003 - 2004,1.83
,,2004 - 2005,
,,2005 - 2006,
,,2006 - 2007,
,,2007 - 2008,
,,2009 - 2010,
,,2011 - 2012,
,,2013 - 2014,
,,2020 - 2021,
,,2021 - 2022,
,Muzaffarnagar,2001 - 2002,2.0
,,2002 - 2003,1.86
,,2003 - 2004,1.8
,,2004 - 2005,
,,2005 - 2006,
,,2006 - 2007,
,,2007 - 2008,
,,2009 - 2010,
,,2011 - 2012,
,,2012 - 2013,
,,2013 - 2014,
,,2014 - 2015,
,,2015 - 2016,
,,2016 - 2017,
,,2017 - 2018,
,,2018 - 2019,
,,2020 - 2021,
,,2021 - 2022,
,Pilibhit,2001 - 2002,1.83
,,2002 - 2003,1.75
,,2003 - 2004,1.8
,,2004 - 2005,
,,2005 - 2006,
,,2006 - 2007,
,,2007 - 2008,
,,2009 - 2010,
,,2010 - 2011,
,,2011 - 2012,
,,2012 - 2013,
,,2013 - 2014,
,,2014 - 2015,
,,2015 - 2016,
,,2016 - 2017,
,,2017 - 2018,
,,2018 - 2019,
,,2019 - 2020,
,,2020 - 2021,
,,2022 - 2023,
,Pratapgarh,2000 - 2001,1.5
,,2001 - 2002,2.0
,Rae bareli,2000 - 2001,1.8
,,2001 - 2002,1.78
,,2002 - 2003,1.75
,,2003 - 2004,1.86
,,2004 - 2005,
,,2005 - 2006,
,,2006 - 2007,
,,2007 - 2008,
,,2009 - 2010,
,,2010 - 2011,
,,2011 - 2012,
,,2012 - 2013,
,,2013 - 2014,
,,2014 - 2015,
,,2015 - 2016,
,,2016 - 2017,
,,2017 - 2018,
,,2018 - 2019,
,,2019 - 2020,
,,2020 - 2021,
,,2021 - 2022,
,,2022 - 2023,
,Rampur,2000 - 2001,1.76
,,2001 - 2002,1.8
,,2002 - 2003,1.81
,,2003 - 2004,1.8
,,2004 - 2005,
,,2005 - 2006,
,,2006 - 2007,
,,2007 - 2008,
,,2013 - 2014,
,,2014 - 2015,
,,2021 - 2022,
,Saharanpur,2000 - 2001,2.0
,,2001 - 2002,1.71
,,2002 - 2003,1.67
,,2003 - 2004,1.67
,,2004 - 2005,
,,2005 - 2006,
,,2006 - 2007,
,,2007 - 2008,
,,2009 - 2010,
,,2010 - 2011,
,,2011 - 2012,
,,2012 - 2013,
,,2013 - 2014,
,,2014 - 2015,
,,2015 - 2016,
,,2016 - 2017,
,,2017 - 2018,
,,2018 - 2019,
,,2019 - 2020,
,,2020 - 2021,
,,2021 - 2022,
,,2022 - 2023,
,Sambhal,2013 - 2014,
,,2015 - 2016,
,,2016 - 2017,
,,2017 - 2018,
,,2018 - 2019,
,,2019 - 2020,
,,2020 - 2021,
,Sant kabeer nagar,2001 - 2002,1.8
,,2002 - 2003,1.83
,,2003 - 2004,1.83
,,2004 - 2005,
,,2005 - 2006,
,,2006 - 2007,
,,2007 - 2008,
,,2009 - 2010,
,,2010 - 2011,
,,2011 - 2012,
,,2012 - 2013,
,,2013 - 2014,
,,2014 - 2015,
,,2015 - 2016,
,,2018 - 2019,
,,2019 - 2020,
,,2020 - 2021,
,,2021 - 2022,
,,2022 - 2023,
,Shahjahanpur,2000 - 2001,1.8
,,2001 - 2002,1.75
,,2002 - 2003,1.8
,,2004 - 2005,
,,2006 - 2007,
,,2009 - 2010,
,,2010 - 2011,
,,2011 - 2012,
,,2012 - 2013,
,,2013 - 2014,
,,2014 - 2015,
,,2015 - 2016,
,,2016 - 2017,
,,2018 - 2019,
,,2019 - 2020,
,,2020 - 2021,
,Shamli,2012 - 2013,
,,2013 - 2014,
,,2014 - 2015,
,,2015 - 2016,
,Shravasti,2000 - 2001,1.74
,,2001 - 2002,1.83
,,2002 - 2003,1.75
,,2003 - 2004,1.67
,,2004 - 2005,
,,2005 - 2006,
,,2006 - 2007,
,,2011 - 2012,
,,2012 - 2013,
,,2014 - 2015,
,Siddharth nagar,2002 - 2003,2.0
,Sitapur,2000 - 2001,1.74
,,2001 - 2002,1.79
,,2002 - 2003,1.82
,,2003 - 2004,1.82
,,2004 - 2005,
,,2005 - 2006,
,,2006 - 2007,
,,2007 - 2008,
,,2009 - 2010,
,,2010 - 2011,
,,2011 - 2012,
,,2012 - 2013,
,,2013 - 2014,
,,2014 - 2015,
,,2015 - 2016,
,,2016 - 2017,
,,2017 - 2018,
,,2018 - 2019,
,,2019 - 2020,
,,2020 - 2021,
,,2021 - 2022,
,,2022 - 2023,
,Sonbhadra,2000 - 2001,1.67
,,2001 - 2002,1.78
,,2002 - 2003,1.67
,,2003 - 2004,1.67
,,2004 - 2005,
,,2005 - 2006,
,,2006 - 2007,
,,2007 - 2008,
,,2009 - 2010,
,,2010 - 2011,
,,2011 - 2012,
,,2012 - 2013,
,,2013 - 2014,
,,2014 - 2015,
,,2016 - 2017,
,,2017 - 2018,
,,2018 - 2019,
,,2021 - 2022,
,,2022 - 2023,
,Sultanpur,2009 - 2010,
,Unnao,2000 - 2001,1.73
,,2001 - 2002,1.86
,,2002 - 2003,2.0
,,2003 - 2004,1.67
,,2004 - 2005,
,,2005 - 2006,
,,2006 - 2007,
,,2007 - 2008,
,,2009 - 2010,
,,2010 - 2011,
,,2011 - 2012,
,,2012 - 2013,
,,2013 - 2014,
,,2014 - 2015,
,,2015 - 2016,
,,2016 - 2017,
,,2017 - 2018,
,,2018 - 2019,
,,2019 - 2020,
,,2020 - 2021,
,,2021 - 2022,
,,2022 - 2023,
,Varanasi,2001 - 2002,1.79
,,2002 - 2003,1.8
,,2004 - 2005,
,,2006 - 2007,
,,2007 - 2008,
Uttarakhand,Almora,2011 - 2012,8.2
,,2012 - 2013,7.2
,,2013 - 2014,1.84
,,2014 - 2015,1.82
,,2015 - 2016,1.73
,,2016 - 2017,1.99
,,2017 - 2018,2.19
,,2018 - 2019,2.65
,,2019 - 2020,2.6
,,2020 - 2021,2.6
,,2021 - 2022,2.4
,Bageshwar,2006 - 2007,2.19
,,2007 - 2008,1.9
,,2008 - 2009,2.1
,,2009 - 2010,1.2
,,2010 - 2011,1.95
,,2011 - 2012,8.51
,,2012 - 2013,6.5
,,2013 - 2014,1.81
,,2014 - 2015,1.81
,,2015 - 2016,1.77
,,2016 - 2017,2.06
,,2018 - 2019,2.65
,,2019 - 2020,2.6
,,2020 - 2021,2.59
,,2021 - 2022,2.47
,Chamoli,2011 - 2012,7.67
,,2012 - 2013,6.94
,,2013 - 2014,2.0
,,2015 - 2016,1.55
,,2016 - 2017,1.77
,,2017 - 2018,1.91
,,2018 - 2019,2.08
,,2019 - 2020,2.13
,,2020 - 2021,2.08
,,2021 - 2022,2.0
,Champawat,2001 - 2002,2.0
,,2002 - 2003,1.67
,,2008 - 2009,2.0
,,2009 - 2010,0.83
,,2010 - 2011,1.87
,,2011 - 2012,9.03
,,2012 - 2013,7.71
,,2013 - 2014,1.8
,,2014 - 2015,2.0
,,2015 - 2016,1.72
,,2016 - 2017,1.98
,,2017 - 2018,2.18
,,2018 - 2019,5.4
,,2019 - 2020,5.4
,,2020 - 2021,5.4
,,2021 - 2022,4.07
,Dehradun,2000 - 2001,1.69
,,2001 - 2002,1.73
,,2002 - 2003,1.85
,,2006 - 2007,2.0
,,2007 - 2008,2.13
,,2008 - 2009,2.29
,,2009 - 2010,1.0
,,2010 - 2011,2.0
,,2011 - 2012,9.12
,,2012 - 2013,8.15
,,2013 - 2014,2.07
,,2014 - 2015,2.08
,,2015 - 2016,1.73
,,2016 - 2017,2.0
,,2017 - 2018,2.19
,,2018 - 2019,2.46
,,2019 - 2020,2.36
,,2020 - 2021,2.21
,,2021 - 2022,2.16
,Haridwar,2000 - 2001,9.0
,,2001 - 2002,1.5
,,2002 - 2003,2.0
,,2007 - 2008,2.0
,,2010 - 2011,2.0
,,2011 - 2012,9.0
,,2012 - 2013,8.0
,,2013 - 2014,1.79
,,2014 - 2015,1.83
,,2015 - 2016,1.5
,,2016 - 2017,1.75
,,2017 - 2018,2.0
,,2018 - 2019,2.5
,,2019 - 2020,2.5
,,2020 - 2021,2.5
,Nainital,2000 - 2001,1.2
,,2001 - 2002,2.0
,,2002 - 2003,2.0
,,2006 - 2007,2.42
,,2007 - 2008,1.89
,,2008 - 2009,2.15
,,2009 - 2010,0.8
,,2010 - 2011,1.96
,,2011 - 2012,11.06
,,2012 - 2013,9.0
,,2013 - 2014,2.0
,,2014 - 2015,1.99
,,2015 - 2016,1.93
,,2016 - 2017,2.22
,,2017 - 2018,2.44
,,2018 - 2019,2.97
,,2019 - 2020,2.93
,,2020 - 2021,2.91
,,2021 - 2022,2.67
,Pauri garhwal,2000 - 2001,2.0
,,2006 - 2007,0.0
,,2007 - 2008,2.0
,,2008 - 2009,2.0
,,2009 - 2010,1.0
,,2010 - 2011,2.0
,,2011 - 2012,7.0
,,2012 - 2013,6.5
,,2013 - 2014,1.73
,,2014 - 2015,1.69
,,2015 - 2016,1.62
,,2016 - 2017,1.86
,,2017 - 2018,2.05
,,2018 - 2019,2.2
,,2019 - 2020,2.2
,,2020 - 2021,2.2
,,2021 - 2022,2.1
,Pithoragarh,2006 - 2007,2.3
,,2007 - 2008,1.7
,,2008 - 2009,1.8
,,2011 - 2012,9.26
,,2012 - 2013,8.15
,,2013 - 2014,1.85
,,2015 - 2016,1.99
,,2016 - 2017,2.29
,,2017 - 2018,2.52
,,2018 - 2019,5.36
,,2019 - 2020,5.3
,,2020 - 2021,5.3
,,2021 - 2022,4.15
,Rudra prayag,2014 - 2015,2.0
,,2018 - 2019,2.25
,,2020 - 2021,2.0
,Tehri garhwal,2014 - 2015,1.55
,,2015 - 2016,1.53
,,2016 - 2017,1.78
,,2017 - 2018,1.94
,,2018 - 2019,2.4
,,2019 - 2020,2.4
,,2020 - 2021,2.41
,,2021 - 2022,2.18
,Udam singh nagar,2000 - 2001,0.0
,,2001 - 2002,2.38
,,2002 - 2003,2.11
,,2006 - 2007,2.58
,,2007 - 2008,1.75
,,2009 - 2010,1.0
,,2010 - 2011,2.33
,,2011 - 2012,9.16
,,2012 - 2013,7.64
,,2013 - 2014,2.29
,,2014 - 2015,2.0
,,2015 - 2016,2.13
,,2016 - 2017,2.0
,,2017 - 2018,2.5
,,2020 - 2021,1.5
,,2021 - 2022,2.0
,Uttar kashi,2015 - 2016,2.0
,,2016 - 2017,2.0
,,2017 - 2018,2.0
,,2018 - 2019,2.0
,,2021 - 2022,1.0
West Bengal,paraganas north,2000 - 2001,2.55
,,2001 - 2002,2.6
,,2002 - 2003,3.11
,,2003 - 2004,3.07
,,2004 - 2005,3.19
,,2005 - 2006,3.28
,,2006 - 2007,3.27
,,2007 - 2008,2.91
,,2008 - 2009,2.91
,paraganas south,2000 - 2001,0.6
,,2001 - 2002,0.6
,,2002 - 2003,1.0
,,2003 - 2004,2.0
,,2004 - 2005,2.1
,,2005 - 2006,2.05
,,2006 - 2007,2.01
,,2007 - 2008,3.16
,,2008 - 2009,3.16
,Bankura,2000 - 2001,2.03
,,2001 - 2002,1.97
,,2002 - 2003,2.06
,,2003 - 2004,1.98
,,2004 - 2005,1.75
,,2005 - 2006,1.76
,,2006 - 2007,1.52
,,2007 - 2008,1.52
,,2008 - 2009,1.52
,Birbhum,2000 - 2001,1.01
,,2001 - 2002,1.01
,,2002 - 2003,1.51
,,2003 - 2004,1.55
,,2004 - 2005,1.45
,,2005 - 2006,1.56
,,2006 - 2007,0.67
,,2007 - 2008,1.03
,,2008 - 2009,1.35
,Coochbehar,2000 - 2001,1.5
,,2001 - 2002,1.5
,,2002 - 2003,1.5
,,2003 - 2004,1.5
,,2004 - 2005,1.5
,,2005 - 2006,1.5
,,2006 - 2007,1.6
,,2007 - 2008,1.73
,,2008 - 2009,1.73
,Darjeeling,2000 - 2001,0.83
,,2001 - 2002,0.79
,,2002 - 2003,0.79
,,2003 - 2004,0.81
,,2004 - 2005,1.06
,,2005 - 2006,1.06
,,2006 - 2007,1.06
,,2007 - 2008,1.53
,,2008 - 2009,1.58
,Dinajpur dakshin,2000 - 2001,3.36
,,2001 - 2002,3.33
,,2002 - 2003,3.33
,,2003 - 2004,3.37
,,2004 - 2005,3.05
,,2005 - 2006,3.16
,,2006 - 2007,2.52
,,2007 - 2008,1.74
,,2008 - 2009,1.74
,Dinajpur uttar,2000 - 2001,1.68
,,2001 - 2002,1.86
,,2002 - 2003,1.87
,,2003 - 2004,1.88
,,2004 - 2005,1.96
,,2005 - 2006,1.88
,,2006 - 2007,1.97
,,2007 - 2008,1.68
,,2008 - 2009,1.45
,Hooghly,2000 - 2001,1.23
,,2001 - 2002,1.34
,,2002 - 2003,1.3
,,2003 - 2004,1.77
,,2004 - 2005,1.8
,,2005 - 2006,1.98
,,2006 - 2007,1.89
,,2007 - 2008,2.04
,,2008 - 2009,2.04
,Howrah,2000 - 2001,2.51
,,2001 - 2002,2.54
,,2002 - 2003,2.56
,,2003 - 2004,2.44
,,2004 - 2005,2.32
,,2005 - 2006,2.99
,,2006 - 2007,2.26
,,2007 - 2008,2.56
,,2008 - 2009,2.35
,Jalpaiguri,2000 - 2001,1.38
,,2001 - 2002,1.39
,,2002 - 2003,1.22
,,2003 - 2004,1.71
,,2004 - 2005,1.8
,,2005 - 2006,1.8
,,2006 - 2007,1.8
,,2007 - 2008,2.13
,,2008 - 2009,2.13
,Maldah,2000 - 2001,0.8
,,2001 - 2002,0.75
,,2002 - 2003,0.7
,,2003 - 2004,0.73
,,2004 - 2005,0.71
,,2005 - 2006,0.72
,,2006 - 2007,0.73
,,2007 - 2008,1.7
,,2008 - 2009,1.82
,Medinipur east,2000 - 2001,2.15
,,2001 - 2002,2.13
,,2002 - 2003,2.2
,,2003 - 2004,2.15
,,2004 - 2005,2.19
,,2005 - 2006,2.24
,,2006 - 2007,2.31
,,2007 - 2008,2.47
,,2008 - 2009,2.47
,Medinipur west,2000 - 2001,0.8
,,2001 - 2002,0.84
,,2002 - 2003,1.34
,,2003 - 2004,1.33
,,2004 - 2005,1.24
,,2005 - 2006,1.17
,,2006 - 2007,1.21
,,2007 - 2008,1.21
,,2008 - 2009,1.31
,Murshidabad,2000 - 2001,2.38
,,2001 - 2002,3.38
,,2002 - 2003,2.99
,,2003 - 2004,3.33
,,2004 - 2005,3.0
,,2005 - 2006,3.87
,,2006 - 2007,4.59
,,2007 - 2008,4.85
,,2008 - 2009,4.76
,Nadia,2000 - 2001,1.49
,,2001 - 2002,1.34
,,2002 - 2003,1.59
,,2003 - 2004,1.61
,,2004 - 2005,1.57
,,2005 - 2006,2.35
,,2006 - 2007,2.42
,,2007 - 2008,2.6
,,2008 - 2009,2.56
,Purba bardhaman,2000 - 2001,0.98
,,2001 - 2002,0.99
,,2002 - 2003,1.2
,,2003 - 2004,1.85
,,2004 - 2005,2.01
,,2005 - 2006,2.14
,,2006 - 2007,2.25
,,2007 - 2008,2.31
,,2008 - 2009,2.31
,Purulia,2000 - 2001,0.37
,,2001 - 2002,0.48
,,2002 - 2003,0.41
,,2003 - 2004,0.51
,,2004 - 2005,0.61
,,2005 - 2006,0.81
,,2006 - 2007,0.89
,,2007 - 2008,0.62
,,2008 - 2009,1.31
