state,district,year,gram_rabi_yield_tonne_per_hectare
Andhra Pradesh,Anakapalli,2022 - 2023,2.0
,Anantapur,2000 - 2001,0.67
,,2001 - 2002,1.05
,,2002 - 2003,0.37
,,2003 - 2004,0.3
,,2004 - 2005,0.23
,,2005 - 2006,0.98
,,2006 - 2007,0.37
,,2007 - 2008,1.04
,,2008 - 2009,0.94
,,2009 - 2010,1.15
,,2010 - 2011,0.78
,,2011 - 2012,0.55
,,2012 - 2013,0.86
,,2013 - 2014,0.8
,,2014 - 2015,0.57
,,2015 - 2016,0.45
,,2016 - 2017,0.26
,,2017 - 2018,0.68
,,2018 - 2019,0.25
,,2019 - 2020,0.77
,,2020 - 2021,0.43
,,2021 - 2022,0.24
,,2022 - 2023,1.15
,Annamayya,2022 - 2023,1.5
,Bapatla,2022 - 2023,2.41
,Chittoor,2000 - 2001,
,,2001 - 2002,
,,2002 - 2003,0.8
,,2004 - 2005,1.0
,,2008 - 2009,3.89
,,2009 - 2010,1.0
,,2011 - 2012,0.5
,,2013 - 2014,1.25
,,2014 - 2015,1.0
,,2015 - 2016,1.0
,,2016 - 2017,0.75
,,2017 - 2018,
,,2018 - 2019,
,,2021 - 2022,0.75
,,2022 - 2023,1.33
,East godavari,2000 - 2001,2.43
,,2001 - 2002,1.88
,,2002 - 2003,1.32
,,2003 - 2004,1.8
,,2004 - 2005,1.56
,,2005 - 2006,1.92
,,2006 - 2007,1.91
,,2007 - 2008,1.0
,,2008 - 2009,1.74
,,2009 - 2010,1.64
,,2010 - 2011,1.66
,,2011 - 2012,1.51
,,2013 - 2014,1.93
,,2014 - 2015,1.93
,,2015 - 2016,1.85
,,2016 - 2017,1.5
,,2017 - 2018,1.43
,,2018 - 2019,1.08
,,2019 - 2020,1.71
,,2020 - 2021,1.92
,,2021 - 2022,1.95
,,2022 - 2023,1.76
,Guntur,2000 - 2001,2.38
,,2001 - 2002,1.87
,,2002 - 2003,1.31
,,2003 - 2004,1.79
,,2004 - 2005,1.53
,,2005 - 2006,1.57
,,2006 - 2007,1.55
,,2007 - 2008,1.67
,,2008 - 2009,2.06
,,2009 - 2010,1.3
,,2010 - 2011,1.77
,,2011 - 2012,2.04
,,2012 - 2013,1.87
,,2013 - 2014,2.28
,,2014 - 2015,2.3
,,2015 - 2016,1.63
,,2016 - 2017,1.96
,,2017 - 2018,1.9
,,2018 - 2019,2.07
,,2019 - 2020,1.68
,,2020 - 2021,1.9
,,2021 - 2022,1.81
,,2022 - 2023,2.39
,Kadapa,2000 - 2001,1.26
,,2001 - 2002,1.26
,,2002 - 2003,0.52
,,2003 - 2004,1.1
,,2004 - 2005,0.82
,,2005 - 2006,1.66
,,2006 - 2007,0.46
,,2007 - 2008,1.3
,,2008 - 2009,0.94
,,2009 - 2010,0.49
,,2010 - 2011,1.1
,,2011 - 2012,0.83
,,2012 - 2013,0.17
,,2013 - 2014,1.36
,,2014 - 2015,0.63
,,2015 - 2016,1.13
,,2016 - 2017,0.4
,,2017 - 2018,0.71
,,2018 - 2019,0.25
,,2019 - 2020,1.28
,,2020 - 2021,1.15
,,2021 - 2022,1.08
,,2022 - 2023,1.25
,Kakinada,2022 - 2023,2.37
,Krishna,2000 - 2001,2.5
,,2001 - 2002,1.87
,,2002 - 2003,1.31
,,2003 - 2004,1.79
,,2004 - 2005,1.53
,,2005 - 2006,1.91
,,2006 - 2007,1.91
,,2007 - 2008,2.0
,,2008 - 2009,1.74
,,2009 - 2010,1.64
,,2010 - 2011,1.66
,,2011 - 2012,1.52
,,2012 - 2013,2.0
,,2013 - 2014,1.93
,,2014 - 2015,1.93
,,2015 - 2016,2.07
,,2016 - 2017,1.82
,,2017 - 2018,1.9
,,2018 - 2019,2.42
,,2019 - 2020,2.19
,,2020 - 2021,1.65
,,2021 - 2022,1.55
,,2022 - 2023,1.8
,Kurnool,2000 - 2001,0.87
,,2001 - 2002,1.18
,,2002 - 2003,1.09
,,2003 - 2004,0.79
,,2004 - 2005,1.09
,,2005 - 2006,1.64
,,2006 - 2007,0.95
,,2007 - 2008,1.75
,,2008 - 2009,1.46
,,2009 - 2010,1.4
,,2010 - 2011,1.22
,,2011 - 2012,0.76
,,2012 - 2013,1.06
,,2013 - 2014,1.38
,,2014 - 2015,1.32
,,2015 - 2016,0.8
,,2016 - 2017,0.93
,,2017 - 2018,1.28
,,2018 - 2019,0.24
,,2019 - 2020,1.27
,,2020 - 2021,1.19
,,2021 - 2022,0.92
,,2022 - 2023,1.52
,Nandyal,2022 - 2023,1.29
,Ntr,2022 - 2023,1.91
,Palnadu,2022 - 2023,1.8
,Parvathipuram manyam,2022 - 2023,1.83
,Prakasam,2000 - 2001,2.38
,,2001 - 2002,1.87
,,2002 - 2003,1.31
,,2003 - 2004,1.79
,,2004 - 2005,1.53
,,2005 - 2006,1.94
,,2006 - 2007,1.95
,,2007 - 2008,1.29
,,2008 - 2009,1.76
,,2009 - 2010,1.71
,,2010 - 2011,1.68
,,2011 - 2012,1.47
,,2012 - 2013,1.87
,,2013 - 2014,1.94
,,2014 - 2015,1.89
,,2015 - 2016,1.93
,,2016 - 2017,1.49
,,2017 - 2018,1.29
,,2018 - 2019,0.83
,,2019 - 2020,1.4
,,2020 - 2021,1.49
,,2021 - 2022,1.57
,,2022 - 2023,1.27
,Spsr nellore,2000 - 2001,2.38
,,2001 - 2002,1.87
,,2002 - 2003,1.31
,,2003 - 2004,1.79
,,2004 - 2005,1.53
,,2005 - 2006,1.92
,,2006 - 2007,1.91
,,2007 - 2008,0.83
,,2008 - 2009,1.18
,,2009 - 2010,1.3
,,2010 - 2011,1.39
,,2011 - 2012,1.37
,,2012 - 2013,1.17
,,2013 - 2014,1.3
,,2014 - 2015,1.91
,,2015 - 2016,1.34
,,2016 - 2017,0.8
,,2017 - 2018,1.29
,,2018 - 2019,0.93
,,2019 - 2020,1.18
,,2020 - 2021,1.39
,,2021 - 2022,1.0
,,2022 - 2023,1.38
,Sri sathya sai,2022 - 2023,0.56
,Srikakulam,2006 - 2007,1.93
,,2008 - 2009,1.75
,,2009 - 2010,1.63
,,2010 - 2011,1.67
,,2014 - 2015,2.0
,Visakhapatanam,2000 - 2001,2.37
,,2001 - 2002,1.88
,,2002 - 2003,1.31
,,2003 - 2004,1.79
,,2004 - 2005,1.53
,,2005 - 2006,1.9
,,2006 - 2007,1.91
,,2008 - 2009,1.74
,,2009 - 2010,1.65
,,2010 - 2011,1.66
,,2011 - 2012,1.51
,,2013 - 2014,1.93
,,2014 - 2015,1.93
,,2015 - 2016,1.85
,,2016 - 2017,1.5
,,2017 - 2018,1.43
,,2018 - 2019,1.08
,,2019 - 2020,1.45
,Vizianagaram,2000 - 2001,2.38
,,2001 - 2002,1.87
,,2002 - 2003,1.31
,,2003 - 2004,1.79
,,2004 - 2005,1.53
,,2005 - 2006,1.91
,,2006 - 2007,1.91
,,2008 - 2009,1.74
,,2009 - 2010,1.64
,,2010 - 2011,1.66
,,2011 - 2012,1.52
,,2013 - 2014,1.93
,,2014 - 2015,1.93
,,2015 - 2016,1.85
,,2016 - 2017,1.51
,,2017 - 2018,1.43
,,2018 - 2019,1.07
,,2019 - 2020,1.45
,,2020 - 2021,1.55
,,2021 - 2022,1.58
,,2022 - 2023,1.75
,West godavari,2000 - 2001,2.4
,,2001 - 2002,1.83
,,2002 - 2003,1.3
,,2009 - 2010,1.64
,,2014 - 2015,1.93
,,2015 - 2016,1.84
,,2016 - 2017,1.6
,,2017 - 2018,1.42
,,2018 - 2019,1.08
,,2019 - 2020,1.5
,,2020 - 2021,1.5
,,2021 - 2022,
Assam,Baksa,2005 - 2006,0.45
,,2006 - 2007,0.45
,,2007 - 2008,0.45
,,2008 - 2009,0.46
,,2009 - 2010,0.45
,,2010 - 2011,0.44
,,2011 - 2012,0.45
,,2012 - 2013,0.49
,,2013 - 2014,0.5
,,2014 - 2015,0.63
,,2015 - 2016,0.8
,,2016 - 2017,0.62
,,2017 - 2018,0.82
,,2018 - 2019,0.79
,,2019 - 2020,0.89
,,2020 - 2021,0.89
,,2021 - 2022,0.89
,,2022 - 2023,0.89
,Barpeta,2000 - 2001,0.4
,,2001 - 2002,0.4
,,2002 - 2003,0.4
,,2003 - 2004,0.44
,,2004 - 2005,0.42
,,2005 - 2006,0.42
,,2006 - 2007,0.42
,,2007 - 2008,0.42
,,2008 - 2009,0.42
,,2009 - 2010,0.42
,,2010 - 2011,0.42
,,2011 - 2012,0.44
,,2012 - 2013,0.47
,,2013 - 2014,0.47
,,2014 - 2015,0.61
,,2015 - 2016,0.63
,,2016 - 2017,0.54
,,2017 - 2018,0.7
,,2018 - 2019,0.68
,,2019 - 2020,0.68
,,2020 - 2021,0.68
,,2021 - 2022,0.72
,,2022 - 2023,0.72
,Biswanath,2020 - 2021,0.5
,,2021 - 2022,0.63
,,2022 - 2023,0.67
,Bongaigaon,2000 - 2001,0.53
,,2001 - 2002,0.58
,,2002 - 2003,0.51
,,2003 - 2004,0.55
,,2004 - 2005,0.54
,,2005 - 2006,0.48
,,2006 - 2007,0.45
,,2007 - 2008,0.48
,,2008 - 2009,0.5
,,2009 - 2010,0.52
,,2010 - 2011,0.5
,,2011 - 2012,0.65
,,2012 - 2013,0.65
,,2013 - 2014,0.76
,,2014 - 2015,0.96
,,2015 - 2016,0.6
,,2016 - 2017,0.62
,,2017 - 2018,0.6
,,2018 - 2019,0.54
,,2019 - 2020,0.55
,,2020 - 2021,0.76
,,2021 - 2022,0.76
,,2022 - 2023,0.6
,Cachar,2000 - 2001,0.52
,,2001 - 2002,0.51
,,2002 - 2003,0.52
,,2003 - 2004,0.52
,,2004 - 2005,0.52
,,2005 - 2006,0.52
,,2006 - 2007,0.52
,,2007 - 2008,0.52
,,2008 - 2009,0.52
,,2009 - 2010,0.54
,,2010 - 2011,0.52
,,2011 - 2012,0.54
,,2012 - 2013,0.57
,,2013 - 2014,0.59
,,2014 - 2015,0.75
,,2015 - 2016,0.55
,,2016 - 2017,0.56
,,2017 - 2018,0.56
,,2018 - 2019,0.67
,,2019 - 2020,0.67
,,2020 - 2021,0.65
,,2021 - 2022,0.64
,,2022 - 2023,0.76
,Chirang,2005 - 2006,0.48
,,2006 - 2007,0.47
,,2007 - 2008,0.47
,,2008 - 2009,0.47
,,2009 - 2010,0.5
,,2010 - 2011,0.47
,,2011 - 2012,0.52
,,2012 - 2013,0.52
,,2013 - 2014,0.53
,,2014 - 2015,0.67
,,2015 - 2016,0.49
,,2016 - 2017,0.47
,,2017 - 2018,0.74
,,2018 - 2019,0.9
,,2019 - 2020,0.48
,,2020 - 2021,0.49
,,2021 - 2022,0.47
,,2022 - 2023,0.68
,Darrang,2000 - 2001,0.65
,,2001 - 2002,0.65
,,2002 - 2003,0.65
,,2003 - 2004,0.65
,,2004 - 2005,0.65
,,2005 - 2006,0.65
,,2006 - 2007,0.64
,,2007 - 2008,0.67
,,2008 - 2009,0.64
,,2009 - 2010,0.64
,,2010 - 2011,0.66
,,2011 - 2012,0.65
,,2012 - 2013,0.73
,,2013 - 2014,0.73
,,2014 - 2015,0.88
,,2015 - 2016,0.68
,,2016 - 2017,0.68
,,2017 - 2018,0.79
,,2018 - 2019,0.81
,,2019 - 2020,0.79
,,2020 - 2021,0.68
,,2021 - 2022,0.75
,,2022 - 2023,0.68
,Dhemaji,2000 - 2001,0.43
,,2001 - 2002,0.38
,,2002 - 2003,0.43
,,2003 - 2004,0.43
,,2004 - 2005,0.38
,,2005 - 2006,0.44
,,2006 - 2007,0.5
,,2007 - 2008,0.57
,,2008 - 2009,0.57
,,2009 - 2010,0.57
,,2010 - 2011,0.33
,,2011 - 2012,0.67
,,2012 - 2013,0.67
,,2013 - 2014,0.67
,,2014 - 2015,0.8
,,2015 - 2016,0.8
,,2016 - 2017,0.8
,,2017 - 2018,0.75
,,2018 - 2019,0.6
,,2019 - 2020,0.5
,,2020 - 2021,0.5
,,2021 - 2022,0.5
,Dhubri,2000 - 2001,0.65
,,2001 - 2002,0.66
,,2002 - 2003,0.65
,,2003 - 2004,0.65
,,2004 - 2005,0.66
,,2005 - 2006,0.65
,,2006 - 2007,0.66
,,2007 - 2008,0.65
,,2008 - 2009,0.65
,,2009 - 2010,0.65
,,2010 - 2011,0.65
,,2011 - 2012,0.66
,,2012 - 2013,0.71
,,2013 - 2014,0.73
,,2014 - 2015,2.98
,,2015 - 2016,1.22
,,2016 - 2017,0.73
,,2017 - 2018,0.76
,,2018 - 2019,0.82
,,2019 - 2020,0.81
,,2020 - 2021,0.76
,,2021 - 2022,0.76
,,2022 - 2023,0.77
,Dibrugarh,2000 - 2001,0.47
,,2001 - 2002,0.47
,,2002 - 2003,0.47
,,2003 - 2004,0.47
,,2004 - 2005,0.46
,,2005 - 2006,0.43
,,2006 - 2007,0.5
,,2007 - 2008,0.5
,,2008 - 2009,0.5
,,2009 - 2010,1.0
,,2010 - 2011,1.0
,,2012 - 2013,1.0
,,2015 - 2016,0.5
,,2016 - 2017,0.33
,,2017 - 2018,0.33
,,2019 - 2020,1.0
,,2020 - 2021,1.0
,Dima hasao,2000 - 2001,0.25
,,2001 - 2002,0.25
,,2002 - 2003,0.25
,,2003 - 2004,0.25
,,2004 - 2005,0.25
,,2005 - 2006,0.4
,,2006 - 2007,0.4
,,2007 - 2008,0.33
,,2008 - 2009,0.33
,,2009 - 2010,0.33
,,2010 - 2011,0.29
,,2011 - 2012,0.29
,,2012 - 2013,0.38
,Goalpara,2000 - 2001,0.43
,,2001 - 2002,0.43
,,2002 - 2003,0.45
,,2003 - 2004,0.43
,,2004 - 2005,0.44
,,2005 - 2006,0.44
,,2006 - 2007,0.44
,,2007 - 2008,0.44
,,2008 - 2009,0.39
,,2009 - 2010,0.42
,,2010 - 2011,0.43
,,2011 - 2012,0.43
,,2012 - 2013,0.45
,,2013 - 2014,1.73
,,2014 - 2015,0.59
,,2015 - 2016,0.66
,,2016 - 2017,0.65
,,2017 - 2018,0.7
,,2018 - 2019,0.7
,,2019 - 2020,0.69
,,2020 - 2021,0.7
,,2021 - 2022,0.71
,,2022 - 2023,0.71
,Golaghat,2000 - 2001,0.47
,,2001 - 2002,0.47
,,2002 - 2003,0.47
,,2003 - 2004,0.43
,,2004 - 2005,0.45
,,2005 - 2006,0.44
,,2006 - 2007,0.48
,,2007 - 2008,0.43
,,2008 - 2009,0.46
,,2009 - 2010,0.43
,,2010 - 2011,0.5
,,2011 - 2012,0.49
,,2012 - 2013,0.5
,,2013 - 2014,0.5
,,2014 - 2015,0.56
,,2015 - 2016,0.5
,,2017 - 2018,0.67
,,2018 - 2019,0.67
,,2019 - 2020,0.67
,,2020 - 2021,0.67
,,2021 - 2022,0.63
,,2022 - 2023,0.53
,Hailakandi,2000 - 2001,0.4
,,2001 - 2002,0.4
,,2002 - 2003,0.4
,,2003 - 2004,0.4
,,2004 - 2005,0.4
,,2005 - 2006,0.4
,,2006 - 2007,0.4
,,2007 - 2008,0.5
,,2008 - 2009,0.5
,,2009 - 2010,0.4
,,2010 - 2011,0.33
,,2011 - 2012,1.0
,,2012 - 2013,1.0
,,2013 - 2014,0.5
,,2014 - 2015,0.5
,,2015 - 2016,1.0
,,2016 - 2017,0.5
,,2017 - 2018,0.5
,,2018 - 2019,0.33
,,2019 - 2020,0.5
,,2020 - 2021,0.5
,,2021 - 2022,0.5
,,2022 - 2023,0.5
,Hojai,2020 - 2021,1.1
,,2021 - 2022,0.76
,,2022 - 2023,1.16
,Jorhat,2000 - 2001,0.4
,,2001 - 2002,0.4
,,2002 - 2003,0.5
,,2003 - 2004,0.5
,,2004 - 2005,0.4
,,2005 - 2006,0.0
,,2006 - 2007,0.67
,,2008 - 2009,1.0
,,2009 - 2010,0.5
,,2010 - 2011,0.5
,,2012 - 2013,0.6
,,2013 - 2014,0.5
,,2014 - 2015,0.75
,,2015 - 2016,0.71
,,2016 - 2017,0.67
,,2017 - 2018,0.56
,,2018 - 2019,0.71
,,2019 - 2020,0.68
,,2020 - 2021,0.71
,,2021 - 2022,0.71
,,2022 - 2023,0.75
,Kamrup,2000 - 2001,0.32
,,2001 - 2002,0.32
,,2002 - 2003,0.32
,,2003 - 2004,0.32
,,2004 - 2005,0.3
,,2005 - 2006,0.3
,,2006 - 2007,0.35
,,2007 - 2008,0.34
,,2008 - 2009,0.34
,,2009 - 2010,0.34
,,2010 - 2011,0.35
,,2011 - 2012,0.34
,,2012 - 2013,0.51
,,2013 - 2014,0.51
,,2014 - 2015,0.64
,,2015 - 2016,0.33
,,2016 - 2017,0.32
,,2017 - 2018,0.33
,,2018 - 2019,0.33
,,2019 - 2020,0.33
,,2020 - 2021,0.33
,,2021 - 2022,0.34
,,2022 - 2023,0.95
,Kamrup metro,2006 - 2007,0.5
,,2007 - 2008,0.5
,,2008 - 2009,0.5
,,2009 - 2010,0.33
,,2010 - 2011,0.33
,,2011 - 2012,0.33
,,2012 - 2013,0.4
,,2013 - 2014,0.5
,,2014 - 2015,0.5
,,2015 - 2016,0.6
,,2016 - 2017,0.33
,,2017 - 2018,0.33
,,2018 - 2019,0.36
,,2019 - 2020,0.4
,,2020 - 2021,0.5
,,2021 - 2022,0.42
,,2022 - 2023,1.13
,Karbi anglong,2000 - 2001,0.5
,,2001 - 2002,0.59
,,2002 - 2003,0.5
,,2003 - 2004,0.56
,,2004 - 2005,0.51
,,2005 - 2006,0.52
,,2006 - 2007,0.53
,,2007 - 2008,0.51
,,2008 - 2009,0.52
,,2009 - 2010,0.52
,,2010 - 2011,0.52
,,2011 - 2012,0.54
,,2012 - 2013,0.56
,,2013 - 2014,0.52
,,2014 - 2015,0.72
,,2015 - 2016,0.77
,,2016 - 2017,0.77
,,2017 - 2018,0.77
,,2018 - 2019,0.71
,,2019 - 2020,0.77
,,2020 - 2021,0.77
,,2021 - 2022,0.77
,,2022 - 2023,0.77
,Karimganj,2002 - 2003,1.0
,,2003 - 2004,1.0
,,2004 - 2005,0.5
,,2005 - 2006,0.5
,,2006 - 2007,0.43
,,2007 - 2008,0.33
,,2008 - 2009,0.5
,,2009 - 2010,0.4
,,2010 - 2011,0.4
,,2011 - 2012,0.33
,,2012 - 2013,0.5
,,2013 - 2014,0.57
,,2014 - 2015,0.71
,,2015 - 2016,0.57
,,2016 - 2017,0.57
,,2017 - 2018,0.29
,,2018 - 2019,0.38
,,2019 - 2020,0.43
,,2020 - 2021,0.2
,,2021 - 2022,0.8
,,2022 - 2023,0.75
,Kokrajhar,2000 - 2001,0.51
,,2001 - 2002,0.51
,,2002 - 2003,0.51
,,2003 - 2004,0.51
,,2004 - 2005,0.51
,,2005 - 2006,0.51
,,2006 - 2007,0.5
,,2007 - 2008,0.51
,,2008 - 2009,0.52
,,2009 - 2010,0.52
,,2010 - 2011,0.51
,,2011 - 2012,0.53
,,2012 - 2013,0.55
,,2013 - 2014,0.56
,,2014 - 2015,0.69
,,2015 - 2016,0.54
,,2016 - 2017,0.57
,,2017 - 2018,0.56
,,2018 - 2019,0.56
,,2019 - 2020,0.55
,,2020 - 2021,0.58
,,2021 - 2022,0.55
,,2022 - 2023,1.1
,Lakhimpur,2000 - 2001,0.4
,,2001 - 2002,0.4
,,2002 - 2003,0.46
,,2003 - 2004,0.5
,,2004 - 2005,0.5
,,2005 - 2006,0.5
,,2006 - 2007,0.46
,,2007 - 2008,0.4
,,2008 - 2009,0.44
,,2009 - 2010,0.4
,,2010 - 2011,0.39
,,2011 - 2012,0.45
,,2012 - 2013,0.46
,,2013 - 2014,0.43
,,2014 - 2015,0.57
,,2015 - 2016,0.81
,,2016 - 2017,0.7
,,2017 - 2018,0.56
,,2018 - 2019,0.5
,,2019 - 2020,0.55
,,2020 - 2021,0.5
,,2021 - 2022,0.55
,,2022 - 2023,0.74
,Majuli,2020 - 2021,0.72
,,2021 - 2022,0.7
,,2022 - 2023,0.72
,Marigaon,2000 - 2001,0.27
,,2001 - 2002,0.27
,,2002 - 2003,0.27
,,2003 - 2004,0.27
,,2004 - 2005,0.27
,,2005 - 2006,0.27
,,2006 - 2007,0.27
,,2007 - 2008,0.27
,,2008 - 2009,0.27
,,2009 - 2010,0.27
,,2010 - 2011,0.27
,,2011 - 2012,0.41
,,2012 - 2013,0.44
,,2013 - 2014,0.47
,,2014 - 2015,0.57
,,2015 - 2016,0.63
,,2016 - 2017,0.64
,,2017 - 2018,0.65
,,2018 - 2019,0.65
,,2019 - 2020,0.6
,,2020 - 2021,0.71
,,2021 - 2022,0.71
,,2022 - 2023,1.15
,Nagaon,2000 - 2001,0.43
,,2001 - 2002,0.43
,,2002 - 2003,0.42
,,2003 - 2004,0.43
,,2004 - 2005,0.43
,,2005 - 2006,0.44
,,2006 - 2007,0.44
,,2007 - 2008,0.43
,,2008 - 2009,0.44
,,2009 - 2010,0.42
,,2010 - 2011,0.44
,,2011 - 2012,0.43
,,2012 - 2013,0.47
,,2013 - 2014,0.49
,,2014 - 2015,0.6
,,2015 - 2016,0.59
,,2016 - 2017,0.68
,,2017 - 2018,0.76
,,2018 - 2019,0.82
,,2019 - 2020,0.74
,,2020 - 2021,0.95
,,2021 - 2022,0.92
,,2022 - 2023,0.68
,Nalbari,2000 - 2001,0.45
,,2001 - 2002,0.44
,,2002 - 2003,0.45
,,2003 - 2004,0.44
,,2004 - 2005,0.44
,,2005 - 2006,0.46
,,2006 - 2007,0.42
,,2007 - 2008,0.42
,,2008 - 2009,0.5
,,2009 - 2010,0.44
,,2010 - 2011,0.5
,,2011 - 2012,0.47
,,2012 - 2013,0.47
,,2013 - 2014,0.5
,,2014 - 2015,0.65
,,2015 - 2016,0.47
,,2016 - 2017,0.7
,,2017 - 2018,0.78
,,2018 - 2019,0.72
,,2019 - 2020,0.71
,,2020 - 2021,0.72
,,2021 - 2022,0.83
,,2022 - 2023,0.8
,Sivasagar,2000 - 2001,0.5
,,2001 - 2002,0.5
,,2002 - 2003,0.5
,,2003 - 2004,0.5
,,2004 - 2005,0.56
,,2005 - 2006,0.43
,,2006 - 2007,0.25
,,2007 - 2008,0.36
,,2008 - 2009,0.33
,,2009 - 2010,0.67
,,2010 - 2011,0.67
,,2011 - 2012,0.67
,,2012 - 2013,0.75
,,2013 - 2014,0.63
,,2014 - 2015,0.83
,,2015 - 2016,0.6
,,2016 - 2017,0.6
,,2017 - 2018,0.6
,,2018 - 2019,0.67
,Sonitpur,2000 - 2001,0.73
,,2001 - 2002,0.73
,,2002 - 2003,0.73
,,2003 - 2004,0.68
,,2004 - 2005,0.71
,,2005 - 2006,0.72
,,2006 - 2007,0.73
,,2007 - 2008,0.74
,,2008 - 2009,0.74
,,2009 - 2010,0.74
,,2010 - 2011,0.74
,,2011 - 2012,0.75
,,2012 - 2013,0.8
,,2013 - 2014,0.8
,,2014 - 2015,1.01
,,2015 - 2016,0.71
,,2016 - 2017,0.72
,,2017 - 2018,0.62
,,2018 - 2019,0.69
,,2019 - 2020,0.7
,,2020 - 2021,0.71
,,2021 - 2022,0.75
,,2022 - 2023,0.75
,South salmara mancachar,2020 - 2021,0.85
,,2021 - 2022,0.83
,,2022 - 2023,0.8
,Tinsukia,2002 - 2003,1.0
,,2003 - 2004,1.0
,,2004 - 2005,0.52
,,2005 - 2006,0.52
,,2006 - 2007,0.67
,,2007 - 2008,0.5
,,2008 - 2009,0.57
,,2009 - 2010,0.67
,,2010 - 2011,0.5
,,2011 - 2012,0.71
,,2012 - 2013,0.67
,,2013 - 2014,0.67
,,2014 - 2015,0.71
,,2015 - 2016,0.45
,,2016 - 2017,0.67
,,2017 - 2018,0.67
,,2018 - 2019,0.67
,,2019 - 2020,0.67
,,2020 - 2021,0.6
,,2021 - 2022,0.67
,,2022 - 2023,0.67
,Udalguri,2005 - 2006,0.61
,,2006 - 2007,0.59
,,2007 - 2008,0.6
,,2008 - 2009,0.67
,,2009 - 2010,0.57
,,2010 - 2011,0.57
,,2011 - 2012,0.57
,,2012 - 2013,0.63
,,2013 - 2014,0.67
,,2014 - 2015,0.8
,,2015 - 2016,0.68
,,2016 - 2017,0.7
,,2017 - 2018,0.65
,,2018 - 2019,0.82
,,2019 - 2020,0.84
,,2020 - 2021,0.83
,,2021 - 2022,0.87
,,2022 - 2023,0.8
,West karbi anglong,2020 - 2021,0.76
,,2021 - 2022,0.76
,,2022 - 2023,0.77
Bihar,Araria,2000 - 2001,0.9
,,2001 - 2002,0.61
,,2002 - 2003,0.52
,,2003 - 2004,0.51
,,2004 - 2005,0.83
,,2005 - 2006,0.94
,,2006 - 2007,0.95
,,2007 - 2008,0.96
,,2008 - 2009,0.56
,,2009 - 2010,0.57
,,2010 - 2011,0.56
,,2011 - 2012,0.69
,,2012 - 2013,3.65
,,2013 - 2014,1.15
,,2014 - 2015,0.96
,,2015 - 2016,0.98
,,2016 - 2017,1.12
,,2017 - 2018,1.15
,,2018 - 2019,1.21
,Arwal,2003 - 2004,1.07
,,2004 - 2005,0.71
,,2005 - 2006,0.69
,,2007 - 2008,0.8
,,2008 - 2009,0.83
,,2009 - 2010,0.85
,,2010 - 2011,0.86
,,2011 - 2012,1.29
,,2012 - 2013,1.4
,,2013 - 2014,1.12
,,2014 - 2015,1.1
,,2015 - 2016,0.79
,,2016 - 2017,1.26
,,2017 - 2018,1.13
,,2018 - 2019,1.78
,,2019 - 2020,0.61
,,2020 - 2021,1.13
,,2021 - 2022,1.08
,,2022 - 2023,1.05
,Aurangabad,2000 - 2001,1.0
,,2001 - 2002,1.22
,,2002 - 2003,0.87
,,2003 - 2004,0.95
,,2004 - 2005,0.75
,,2005 - 2006,0.68
,,2006 - 2007,1.14
,,2007 - 2008,1.08
,,2008 - 2009,0.79
,,2009 - 2010,0.92
,,2010 - 2011,0.85
,,2011 - 2012,1.27
,,2012 - 2013,0.96
,,2013 - 2014,0.78
,,2014 - 2015,0.86
,,2015 - 2016,0.81
,,2016 - 2017,0.88
,,2017 - 2018,1.06
,,2018 - 2019,0.92
,,2019 - 2020,0.52
,,2020 - 2021,0.61
,,2021 - 2022,0.9
,,2022 - 2023,0.98
,Banka,2000 - 2001,0.77
,,2001 - 2002,0.65
,,2002 - 2003,0.47
,,2003 - 2004,0.68
,,2004 - 2005,0.67
,,2005 - 2006,0.89
,,2006 - 2007,0.83
,,2007 - 2008,0.89
,,2008 - 2009,1.01
,,2009 - 2010,0.87
,,2010 - 2011,0.67
,,2011 - 2012,0.92
,,2012 - 2013,0.96
,,2013 - 2014,1.27
,,2014 - 2015,0.95
,,2015 - 2016,0.85
,,2016 - 2017,1.37
,,2017 - 2018,0.82
,,2018 - 2019,0.82
,,2019 - 2020,0.77
,,2020 - 2021,0.72
,,2021 - 2022,0.74
,,2022 - 2023,0.87
,Begusarai,2000 - 2001,1.05
,,2001 - 2002,0.7
,,2002 - 2003,0.96
,,2003 - 2004,0.96
,,2004 - 2005,0.61
,,2005 - 2006,0.88
,,2006 - 2007,0.75
,,2007 - 2008,1.11
,,2008 - 2009,0.88
,,2009 - 2010,1.29
,,2010 - 2011,0.93
,,2011 - 2012,1.07
,,2012 - 2013,1.08
,,2013 - 2014,1.46
,,2014 - 2015,0.86
,,2015 - 2016,1.07
,,2016 - 2017,1.07
,,2017 - 2018,1.24
,,2018 - 2019,1.24
,,2021 - 2022,0.89
,,2022 - 2023,1.0
,Bhagalpur,2000 - 2001,0.88
,,2001 - 2002,0.88
,,2002 - 2003,0.73
,,2003 - 2004,0.83
,,2004 - 2005,0.67
,,2005 - 2006,0.49
,,2006 - 2007,0.6
,,2007 - 2008,0.71
,,2008 - 2009,0.97
,,2009 - 2010,0.84
,,2010 - 2011,1.07
,,2011 - 2012,1.03
,,2012 - 2013,1.06
,,2013 - 2014,1.29
,,2014 - 2015,0.7
,,2015 - 2016,0.78
,,2016 - 2017,0.83
,,2017 - 2018,0.64
,,2018 - 2019,0.89
,,2019 - 2020,0.69
,,2020 - 2021,1.03
,,2021 - 2022,0.85
,,2022 - 2023,0.81
,Bhojpur,2000 - 2001,0.92
,,2001 - 2002,1.35
,,2002 - 2003,0.97
,,2003 - 2004,1.19
,,2004 - 2005,0.9
,,2005 - 2006,1.16
,,2006 - 2007,0.87
,,2007 - 2008,1.2
,,2008 - 2009,1.09
,,2009 - 2010,1.69
,,2010 - 2011,1.35
,,2011 - 2012,1.83
,,2012 - 2013,1.52
,,2013 - 2014,1.31
,,2014 - 2015,0.83
,,2015 - 2016,0.9
,,2016 - 2017,1.24
,,2017 - 2018,1.14
,,2018 - 2019,1.3
,,2019 - 2020,0.91
,,2020 - 2021,1.17
,,2021 - 2022,1.53
,,2022 - 2023,1.35
,Buxar,2000 - 2001,1.23
,,2001 - 2002,0.98
,,2002 - 2003,1.17
,,2003 - 2004,1.23
,,2004 - 2005,1.11
,,2005 - 2006,0.99
,,2006 - 2007,0.65
,,2007 - 2008,1.05
,,2008 - 2009,1.12
,,2009 - 2010,0.91
,,2010 - 2011,1.28
,,2011 - 2012,1.72
,,2012 - 2013,1.12
,,2013 - 2014,1.21
,,2014 - 2015,0.72
,,2015 - 2016,0.92
,,2016 - 2017,1.2
,,2017 - 2018,1.19
,,2018 - 2019,1.43
,,2019 - 2020,0.74
,,2020 - 2021,1.4
,,2021 - 2022,1.27
,,2022 - 2023,1.38
,Darbhanga,2000 - 2001,0.58
,,2001 - 2002,0.55
,,2002 - 2003,0.52
,,2003 - 2004,0.81
,,2004 - 2005,0.91
,,2005 - 2006,1.55
,,2006 - 2007,0.84
,,2007 - 2008,0.99
,,2008 - 2009,0.93
,,2009 - 2010,1.09
,,2010 - 2011,1.05
,,2011 - 2012,1.29
,,2012 - 2013,1.4
,,2013 - 2014,1.15
,,2014 - 2015,0.96
,,2015 - 2016,0.98
,,2016 - 2017,1.13
,,2017 - 2018,1.16
,,2018 - 2019,1.2
,,2019 - 2020,0.73
,,2020 - 2021,1.05
,,2021 - 2022,1.05
,Gaya,2000 - 2001,0.65
,,2001 - 2002,0.83
,,2002 - 2003,1.09
,,2003 - 2004,1.21
,,2004 - 2005,0.52
,,2005 - 2006,0.64
,,2006 - 2007,0.79
,,2007 - 2008,0.98
,,2008 - 2009,1.18
,,2009 - 2010,1.52
,,2010 - 2011,1.03
,,2011 - 2012,1.0
,,2012 - 2013,2.26
,,2013 - 2014,0.95
,,2014 - 2015,1.01
,,2015 - 2016,1.2
,,2016 - 2017,1.21
,,2017 - 2018,1.44
,,2018 - 2019,1.2
,,2019 - 2020,0.69
,,2020 - 2021,0.97
,,2021 - 2022,0.94
,,2022 - 2023,1.18
,Gopalganj,2000 - 2001,1.2
,,2001 - 2002,1.3
,,2002 - 2003,1.0
,,2003 - 2004,0.98
,,2004 - 2005,0.84
,,2005 - 2006,1.0
,,2007 - 2008,2.26
,,2008 - 2009,1.75
,,2009 - 2010,1.25
,,2022 - 2023,1.08
,Jamui,2000 - 2001,0.98
,,2001 - 2002,0.8
,,2002 - 2003,0.88
,,2003 - 2004,0.8
,,2004 - 2005,0.62
,,2005 - 2006,0.73
,,2006 - 2007,0.13
,,2007 - 2008,0.48
,,2008 - 2009,0.55
,,2009 - 2010,1.1
,,2010 - 2011,1.07
,,2011 - 2012,1.26
,,2012 - 2013,0.93
,,2013 - 2014,0.85
,,2014 - 2015,0.44
,,2015 - 2016,0.96
,,2016 - 2017,0.88
,,2017 - 2018,1.2
,,2018 - 2019,1.13
,,2019 - 2020,0.66
,,2020 - 2021,0.98
,,2021 - 2022,0.72
,,2022 - 2023,0.8
,Jehanabad,2000 - 2001,0.78
,,2001 - 2002,0.94
,,2002 - 2003,1.44
,,2003 - 2004,1.14
,,2004 - 2005,0.71
,,2005 - 2006,0.79
,,2006 - 2007,1.14
,,2007 - 2008,1.0
,,2008 - 2009,0.85
,,2009 - 2010,1.17
,,2010 - 2011,0.95
,,2011 - 2012,1.03
,,2012 - 2013,1.48
,,2013 - 2014,1.14
,,2014 - 2015,1.38
,,2015 - 2016,0.96
,,2016 - 2017,1.29
,,2017 - 2018,1.24
,,2018 - 2019,1.77
,,2019 - 2020,0.69
,,2020 - 2021,1.12
,,2021 - 2022,1.22
,,2022 - 2023,1.0
,Kaimur (bhabua),2000 - 2001,1.02
,,2001 - 2002,1.01
,,2002 - 2003,1.2
,,2003 - 2004,1.25
,,2004 - 2005,0.81
,,2005 - 2006,1.02
,,2006 - 2007,0.72
,,2007 - 2008,0.68
,,2008 - 2009,0.7
,,2009 - 2010,0.66
,,2010 - 2011,0.85
,,2011 - 2012,0.93
,,2012 - 2013,1.08
,,2013 - 2014,0.8
,,2014 - 2015,0.68
,,2015 - 2016,0.81
,,2016 - 2017,0.88
,,2017 - 2018,1.02
,,2018 - 2019,0.78
,,2019 - 2020,0.75
,,2020 - 2021,0.84
,,2021 - 2022,0.99
,,2022 - 2023,0.99
,Katihar,2000 - 2001,0.99
,,2001 - 2002,0.63
,,2002 - 2003,0.63
,,2003 - 2004,0.5
,,2004 - 2005,0.83
,,2005 - 2006,0.94
,,2006 - 2007,0.95
,,2007 - 2008,0.96
,,2008 - 2009,0.55
,,2009 - 2010,0.56
,,2010 - 2011,0.55
,,2011 - 2012,0.7
,,2012 - 2013,3.65
,,2013 - 2014,1.15
,,2014 - 2015,0.96
,,2015 - 2016,0.99
,,2016 - 2017,1.12
,,2017 - 2018,1.13
,,2018 - 2019,1.33
,,2020 - 2021,1.0
,,2021 - 2022,1.0
,,2022 - 2023,1.0
,Khagaria,2000 - 2001,0.81
,,2001 - 2002,0.71
,,2002 - 2003,0.96
,,2003 - 2004,0.97
,,2004 - 2005,0.61
,,2005 - 2006,0.88
,,2006 - 2007,0.75
,,2007 - 2008,1.1
,,2008 - 2009,0.89
,,2009 - 2010,1.24
,,2010 - 2011,0.93
,,2011 - 2012,1.06
,,2012 - 2013,0.64
,,2013 - 2014,1.5
,,2014 - 2015,0.89
,,2015 - 2016,1.09
,,2016 - 2017,0.69
,,2017 - 2018,1.0
,,2018 - 2019,1.24
,,2019 - 2020,0.76
,,2020 - 2021,1.17
,,2021 - 2022,0.87
,,2022 - 2023,1.0
,Kishanganj,2000 - 2001,0.91
,,2001 - 2002,0.62
,,2002 - 2003,0.57
,,2003 - 2004,0.22
,,2004 - 2005,0.83
,,2005 - 2006,0.94
,,2006 - 2007,0.95
,,2007 - 2008,0.96
,,2008 - 2009,0.56
,,2009 - 2010,0.56
,,2010 - 2011,0.55
,,2011 - 2012,0.7
,,2012 - 2013,3.65
,,2013 - 2014,1.14
,,2014 - 2015,0.96
,,2015 - 2016,0.99
,,2016 - 2017,1.12
,,2017 - 2018,1.16
,,2018 - 2019,1.2
,,2019 - 2020,0.73
,,2020 - 2021,1.05
,,2021 - 2022,1.05
,,2022 - 2023,1.08
,Lakhisarai,2000 - 2001,1.18
,,2001 - 2002,0.71
,,2002 - 2003,1.07
,,2003 - 2004,0.97
,,2004 - 2005,0.47
,,2005 - 2006,0.86
,,2006 - 2007,1.37
,,2007 - 2008,0.9
,,2008 - 2009,0.77
,,2009 - 2010,1.13
,,2010 - 2011,0.88
,,2011 - 2012,1.0
,,2012 - 2013,1.09
,,2013 - 2014,1.77
,,2014 - 2015,1.08
,,2015 - 2016,1.07
,,2016 - 2017,1.3
,,2017 - 2018,1.28
,,2018 - 2019,1.37
,,2019 - 2020,0.79
,,2020 - 2021,1.38
,,2021 - 2022,0.87
,,2022 - 2023,1.12
,Madhepura,2000 - 2001,1.05
,,2001 - 2002,0.95
,,2004 - 2005,0.83
,,2007 - 2008,1.0
,,2017 - 2018,1.0
,,2021 - 2022,1.08
,,2022 - 2023,1.0
,Madhubani,2000 - 2001,0.71
,,2001 - 2002,0.55
,,2002 - 2003,0.52
,,2003 - 2004,0.81
,,2004 - 2005,0.91
,,2005 - 2006,1.54
,,2006 - 2007,0.84
,,2007 - 2008,1.0
,,2008 - 2009,0.93
,,2009 - 2010,1.09
,,2010 - 2011,1.0
,,2011 - 2012,1.33
,,2012 - 2013,1.4
,,2013 - 2014,1.16
,,2014 - 2015,0.97
,,2015 - 2016,1.0
,,2016 - 2017,1.0
,,2017 - 2018,1.18
,,2018 - 2019,1.25
,,2019 - 2020,0.75
,,2020 - 2021,1.0
,,2021 - 2022,1.0
,,2022 - 2023,1.0
,Munger,2000 - 2001,0.7
,,2001 - 2002,0.69
,,2002 - 2003,0.59
,,2003 - 2004,0.84
,,2004 - 2005,0.84
,,2005 - 2006,0.95
,,2006 - 2007,0.83
,,2007 - 2008,1.19
,,2008 - 2009,0.83
,,2009 - 2010,1.38
,,2010 - 2011,1.0
,,2011 - 2012,1.02
,,2012 - 2013,1.24
,,2013 - 2014,1.1
,,2014 - 2015,0.86
,,2015 - 2016,1.3
,,2016 - 2017,1.16
,,2017 - 2018,1.06
,,2018 - 2019,1.0
,,2019 - 2020,0.9
,,2020 - 2021,1.1
,,2021 - 2022,1.24
,,2022 - 2023,0.73
,Muzaffarpur,2000 - 2001,1.0
,,2001 - 2002,1.0
,,2002 - 2003,1.0
,,2003 - 2004,0.98
,,2004 - 2005,0.83
,,2005 - 2006,0.94
,,2006 - 2007,0.84
,,2008 - 2009,1.0
,,2010 - 2011,1.04
,,2011 - 2012,1.3
,,2012 - 2013,1.5
,,2014 - 2015,0.96
,,2015 - 2016,1.0
,,2016 - 2017,1.12
,,2017 - 2018,1.16
,,2018 - 2019,1.2
,,2019 - 2020,0.73
,,2020 - 2021,1.05
,,2021 - 2022,1.05
,,2022 - 2023,1.08
,Nalanda,2000 - 2001,0.97
,,2001 - 2002,0.54
,,2002 - 2003,0.84
,,2003 - 2004,0.73
,,2004 - 2005,0.98
,,2005 - 2006,0.84
,,2006 - 2007,0.95
,,2007 - 2008,0.92
,,2008 - 2009,0.85
,,2009 - 2010,1.11
,,2010 - 2011,1.15
,,2011 - 2012,0.95
,,2012 - 2013,1.57
,,2013 - 2014,0.93
,,2014 - 2015,1.06
,,2015 - 2016,1.21
,,2016 - 2017,1.24
,,2017 - 2018,1.21
,,2018 - 2019,1.19
,,2019 - 2020,0.63
,,2020 - 2021,1.13
,,2021 - 2022,1.14
,,2022 - 2023,1.17
,Nawada,2000 - 2001,0.82
,,2001 - 2002,0.9
,,2002 - 2003,0.74
,,2003 - 2004,0.89
,,2004 - 2005,0.81
,,2005 - 2006,0.7
,,2006 - 2007,0.78
,,2007 - 2008,0.82
,,2008 - 2009,0.85
,,2010 - 2011,1.06
,,2011 - 2012,1.46
,,2012 - 2013,1.18
,,2013 - 2014,0.7
,,2014 - 2015,0.6
,,2015 - 2016,1.35
,,2016 - 2017,1.07
,,2017 - 2018,1.38
,,2018 - 2019,0.98
,,2019 - 2020,1.04
,,2020 - 2021,0.89
,,2021 - 2022,1.11
,,2022 - 2023,1.04
,Pashchim champaran,2000 - 2001,1.04
,,2001 - 2002,0.94
,,2002 - 2003,1.0
,,2003 - 2004,1.17
,,2005 - 2006,0.94
,,2006 - 2007,0.84
,,2007 - 2008,0.99
,,2008 - 2009,0.93
,,2010 - 2011,1.04
,,2011 - 2012,1.31
,,2012 - 2013,1.39
,,2013 - 2014,1.15
,,2014 - 2015,0.96
,,2015 - 2016,1.0
,,2016 - 2017,1.08
,,2017 - 2018,1.18
,,2018 - 2019,1.22
,,2019 - 2020,0.67
,,2020 - 2021,1.0
,,2021 - 2022,1.0
,,2022 - 2023,1.0
,Patna,2000 - 2001,1.63
,,2001 - 2002,1.24
,,2002 - 2003,1.33
,,2003 - 2004,1.16
,,2004 - 2005,1.08
,,2005 - 2006,1.22
,,2006 - 2007,0.78
,,2007 - 2008,1.09
,,2008 - 2009,1.12
,,2009 - 2010,1.05
,,2010 - 2011,1.22
,,2011 - 2012,1.89
,,2012 - 2013,1.83
,,2013 - 2014,1.44
,,2014 - 2015,1.58
,,2015 - 2016,0.88
,,2016 - 2017,1.3
,,2017 - 2018,1.19
,,2018 - 2019,1.48
,,2019 - 2020,0.75
,,2020 - 2021,1.32
,,2021 - 2022,1.31
,,2022 - 2023,1.15
,Purbi champaran,2003 - 2004,0.98
,,2004 - 2005,0.84
,,2005 - 2006,0.96
,,2006 - 2007,0.86
,,2007 - 2008,0.99
,,2008 - 2009,0.93
,,2009 - 2010,1.11
,,2010 - 2011,1.03
,,2011 - 2012,1.2
,Purnia,2000 - 2001,0.91
,,2001 - 2002,0.62
,,2002 - 2003,0.57
,,2003 - 2004,0.5
,,2004 - 2005,0.83
,,2005 - 2006,0.94
,,2006 - 2007,0.95
,,2007 - 2008,0.97
,,2008 - 2009,0.56
,,2009 - 2010,0.57
,,2010 - 2011,0.55
,,2011 - 2012,0.7
,,2012 - 2013,3.65
,,2013 - 2014,1.14
,,2014 - 2015,0.96
,,2016 - 2017,1.12
,Rohtas,2000 - 2001,0.86
,,2001 - 2002,0.9
,,2002 - 2003,1.17
,,2003 - 2004,0.92
,,2004 - 2005,1.02
,,2005 - 2006,1.09
,,2006 - 2007,0.96
,,2007 - 2008,1.13
,,2008 - 2009,0.99
,,2009 - 2010,0.78
,,2010 - 2011,1.34
,,2011 - 2012,1.63
,,2012 - 2013,1.94
,,2013 - 2014,1.31
,,2014 - 2015,0.93
,,2015 - 2016,1.1
,,2016 - 2017,1.04
,,2017 - 2018,1.21
,,2018 - 2019,1.32
,,2019 - 2020,0.78
,,2020 - 2021,1.63
,,2021 - 2022,1.05
,,2022 - 2023,1.16
,Saharsa,2002 - 2003,1.0
,,2003 - 2004,1.0
,,2004 - 2005,0.83
,,2005 - 2006,1.0
,Samastipur,2000 - 2001,0.63
,,2001 - 2002,0.54
,,2002 - 2003,0.52
,,2003 - 2004,0.81
,,2004 - 2005,0.91
,,2005 - 2006,1.55
,,2006 - 2007,0.89
,,2007 - 2008,0.99
,,2008 - 2009,0.94
,,2009 - 2010,1.08
,,2010 - 2011,1.04
,,2011 - 2012,1.32
,,2012 - 2013,1.42
,,2013 - 2014,1.15
,,2014 - 2015,0.96
,,2015 - 2016,0.99
,,2016 - 2017,1.13
,,2017 - 2018,1.17
,,2018 - 2019,1.21
,,2019 - 2020,0.71
,,2020 - 2021,1.05
,,2021 - 2022,1.05
,,2022 - 2023,1.07
,Saran,2000 - 2001,1.43
,,2001 - 2002,0.94
,,2002 - 2003,1.01
,,2003 - 2004,0.98
,,2004 - 2005,0.83
,,2005 - 2006,0.94
,,2006 - 2007,0.84
,,2007 - 2008,2.25
,,2008 - 2009,1.71
,,2009 - 2010,1.36
,,2010 - 2011,0.81
,,2011 - 2012,1.29
,,2012 - 2013,1.38
,,2013 - 2014,1.14
,,2014 - 2015,0.95
,,2015 - 2016,1.0
,,2017 - 2018,1.0
,,2018 - 2019,1.21
,,2019 - 2020,0.74
,,2021 - 2022,1.0
,,2022 - 2023,1.13
,Sheikhpura,2000 - 2001,1.05
,,2001 - 2002,0.55
,,2002 - 2003,0.8
,,2003 - 2004,1.12
,,2004 - 2005,0.91
,,2005 - 2006,0.99
,,2006 - 2007,0.73
,,2007 - 2008,1.31
,,2008 - 2009,1.46
,,2009 - 2010,1.56
,,2010 - 2011,0.99
,,2011 - 2012,1.4
,,2012 - 2013,1.2
,,2013 - 2014,1.29
,,2014 - 2015,1.15
,,2015 - 2016,1.65
,,2016 - 2017,0.87
,,2017 - 2018,1.19
,,2018 - 2019,1.42
,,2019 - 2020,0.83
,,2020 - 2021,0.9
,,2021 - 2022,0.69
,,2022 - 2023,0.69
,Sheohar,2011 - 2012,1.3
,,2012 - 2013,1.4
,Sitamarhi,2000 - 2001,1.0
,,2003 - 2004,0.98
,,2004 - 2005,0.83
,,2005 - 2006,0.95
,,2011 - 2012,1.29
,Siwan,2000 - 2001,0.9
,,2001 - 2002,1.65
,,2002 - 2003,1.01
,,2003 - 2004,0.98
,,2004 - 2005,0.83
,,2005 - 2006,0.94
,,2006 - 2007,0.85
,,2007 - 2008,2.25
,,2008 - 2009,1.71
,,2009 - 2010,1.36
,,2010 - 2011,0.82
,,2011 - 2012,1.29
,,2012 - 2013,1.4
,,2013 - 2014,1.15
,,2014 - 2015,0.96
,,2015 - 2016,0.99
,,2016 - 2017,1.12
,,2017 - 2018,1.16
,,2018 - 2019,1.2
,,2019 - 2020,0.73
,,2020 - 2021,1.05
,,2021 - 2022,1.05
,,2022 - 2023,1.08
,Supaul,2002 - 2003,1.0
,,2003 - 2004,0.96
,,2004 - 2005,0.82
,,2005 - 2006,1.0
,,2007 - 2008,1.0
,,2008 - 2009,1.0
,,2010 - 2011,1.0
,Vaishali,2000 - 2001,1.03
,,2001 - 2002,0.95
,,2002 - 2003,1.01
,,2003 - 2004,0.98
,,2004 - 2005,0.83
,,2005 - 2006,0.94
,,2007 - 2008,0.99
,,2008 - 2009,0.93
,,2009 - 2010,1.08
,,2010 - 2011,1.05
,,2011 - 2012,1.25
,,2012 - 2013,1.4
,,2013 - 2014,1.13
,,2015 - 2016,1.0
,,2016 - 2017,1.1
,,2017 - 2018,1.0
,,2018 - 2019,1.0
,,2019 - 2020,1.0
,,2020 - 2021,1.0
,,2021 - 2022,1.0
,,2022 - 2023,1.0
Chandigarh,Chandigarh,2000 - 2001,1.0
Chhattisgarh,Balod,2011 - 2012,1.08
,,2012 - 2013,1.22
,,2013 - 2014,0.82
,,2014 - 2015,1.33
,,2015 - 2016,0.7
,,2016 - 2017,1.33
,,2017 - 2018,1.33
,,2018 - 2019,1.18
,,2019 - 2020,0.39
,,2020 - 2021,0.82
,,2021 - 2022,0.82
,,2022 - 2023,0.96
,Baloda bazar,2011 - 2012,1.03
,,2012 - 2013,1.33
,,2013 - 2014,1.0
,,2014 - 2015,1.52
,,2015 - 2016,0.82
,,2016 - 2017,1.43
,,2017 - 2018,0.95
,,2018 - 2019,1.01
,,2019 - 2020,0.51
,,2020 - 2021,0.71
,,2021 - 2022,0.71
,,2022 - 2023,0.84
,Balrampur,2011 - 2012,0.88
,,2012 - 2013,1.08
,,2013 - 2014,0.72
,,2014 - 2015,1.11
,,2015 - 2016,0.7
,,2016 - 2017,1.06
,,2017 - 2018,0.99
,,2018 - 2019,0.92
,,2019 - 2020,0.47
,,2020 - 2021,0.72
,,2021 - 2022,0.65
,,2022 - 2023,0.59
,Bastar,2000 - 2001,0.59
,,2001 - 2002,0.74
,,2002 - 2003,0.66
,,2003 - 2004,0.9
,,2004 - 2005,0.6
,,2005 - 2006,0.73
,,2006 - 2007,0.91
,,2007 - 2008,0.9
,,2008 - 2009,0.74
,,2009 - 2010,1.06
,,2010 - 2011,1.01
,,2011 - 2012,0.91
,,2012 - 2013,1.3
,,2013 - 2014,0.91
,,2014 - 2015,1.36
,,2015 - 2016,0.88
,,2016 - 2017,1.18
,,2017 - 2018,1.01
,,2018 - 2019,1.07
,,2019 - 2020,0.47
,,2020 - 2021,0.8
,,2021 - 2022,0.76
,,2022 - 2023,0.73
,Bemetara,2011 - 2012,1.08
,,2012 - 2013,1.22
,,2013 - 2014,0.84
,,2014 - 2015,1.08
,,2015 - 2016,0.76
,,2016 - 2017,1.28
,,2017 - 2018,1.11
,,2018 - 2019,1.22
,,2019 - 2020,0.11
,,2020 - 2021,0.87
,,2021 - 2022,0.75
,,2022 - 2023,0.92
,Bijapur,2006 - 2007,0.0
,,2007 - 2008,1.0
,,2008 - 2009,0.67
,Bilaspur,2000 - 2001,0.59
,,2001 - 2002,0.73
,,2002 - 2003,0.67
,,2003 - 2004,0.92
,,2004 - 2005,0.57
,,2005 - 2006,0.68
,,2006 - 2007,0.86
,,2007 - 2008,0.88
,,2008 - 2009,0.81
,,2009 - 2010,0.99
,,2010 - 2011,1.03
,,2011 - 2012,1.01
,,2012 - 2013,1.19
,,2013 - 2014,0.84
,,2014 - 2015,1.11
,,2015 - 2016,0.81
,,2016 - 2017,1.14
,,2017 - 2018,0.98
,,2018 - 2019,1.05
,,2019 - 2020,0.46
,,2020 - 2021,0.61
,,2021 - 2022,0.72
,,2022 - 2023,0.78
,Dantewada,2000 - 2001,0.53
,,2001 - 2002,0.57
,,2002 - 2003,0.5
,,2003 - 2004,0.79
,,2004 - 2005,0.45
,,2005 - 2006,0.5
,,2006 - 2007,0.9
,,2007 - 2008,0.86
,,2008 - 2009,0.71
,,2009 - 2010,0.0
,,2010 - 2011,0.4
,,2011 - 2012,0.71
,,2012 - 2013,0.67
,,2013 - 2014,0.75
,,2014 - 2015,1.6
,,2015 - 2016,0.53
,,2016 - 2017,0.79
,,2017 - 2018,0.32
,,2018 - 2019,0.67
,,2019 - 2020,0.33
,,2020 - 2021,0.6
,,2021 - 2022,0.6
,,2022 - 2023,1.0
,Dhamtari,2000 - 2001,0.71
,,2001 - 2002,0.88
,,2002 - 2003,0.78
,,2003 - 2004,1.04
,,2004 - 2005,0.58
,,2005 - 2006,0.8
,,2006 - 2007,0.97
,,2007 - 2008,0.97
,,2008 - 2009,0.93
,,2009 - 2010,1.1
,,2010 - 2011,1.14
,,2011 - 2012,1.11
,,2012 - 2013,1.33
,,2013 - 2014,0.92
,,2014 - 2015,1.36
,,2015 - 2016,0.9
,,2016 - 2017,1.27
,,2017 - 2018,1.1
,,2018 - 2019,1.27
,,2019 - 2020,0.53
,,2020 - 2021,1.02
,,2021 - 2022,0.98
,,2022 - 2023,1.1
,Durg,2000 - 2001,0.57
,,2001 - 2002,0.8
,,2002 - 2003,0.68
,,2003 - 2004,1.09
,,2004 - 2005,0.51
,,2005 - 2006,0.82
,,2006 - 2007,0.94
,,2007 - 2008,1.02
,,2008 - 2009,0.97
,,2009 - 2010,0.97
,,2010 - 2011,0.95
,,2011 - 2012,1.08
,,2012 - 2013,1.26
,,2013 - 2014,0.83
,,2014 - 2015,1.1
,,2015 - 2016,0.74
,,2016 - 2017,1.2
,,2017 - 2018,0.76
,,2018 - 2019,0.89
,,2019 - 2020,0.13
,,2020 - 2021,1.02
,,2021 - 2022,0.86
,,2022 - 2023,0.95
,Gariyaband,2011 - 2012,1.03
,,2012 - 2013,1.13
,,2013 - 2014,0.71
,,2014 - 2015,1.59
,,2015 - 2016,0.92
,,2016 - 2017,1.3
,,2017 - 2018,0.9
,,2018 - 2019,1.11
,,2019 - 2020,0.49
,,2020 - 2021,0.77
,,2021 - 2022,0.69
,,2022 - 2023,0.75
,Gaurella-pendra-marwahi,2019 - 2020,0.46
,,2020 - 2021,0.81
,,2021 - 2022,0.73
,,2022 - 2023,0.79
,Janjgir-champa,2000 - 2001,0.63
,,2001 - 2002,0.66
,,2002 - 2003,0.67
,,2003 - 2004,0.93
,,2004 - 2005,0.52
,,2005 - 2006,0.69
,,2006 - 2007,0.9
,,2007 - 2008,0.88
,,2008 - 2009,0.86
,,2009 - 2010,0.99
,,2010 - 2011,1.03
,,2011 - 2012,1.01
,,2012 - 2013,1.2
,,2013 - 2014,0.94
,,2014 - 2015,0.73
,,2015 - 2016,0.95
,,2016 - 2017,1.34
,,2017 - 2018,1.16
,,2018 - 2019,1.24
,,2019 - 2020,0.54
,,2020 - 2021,0.94
,,2021 - 2022,0.78
,,2022 - 2023,0.9
,Jashpur,2000 - 2001,0.66
,,2001 - 2002,0.77
,,2002 - 2003,0.64
,,2003 - 2004,1.03
,,2004 - 2005,0.58
,,2005 - 2006,0.73
,,2006 - 2007,0.9
,,2007 - 2008,0.83
,,2008 - 2009,0.82
,,2009 - 2010,0.97
,,2010 - 2011,0.99
,,2011 - 2012,1.01
,,2012 - 2013,1.22
,,2013 - 2014,0.84
,,2014 - 2015,1.23
,,2015 - 2016,0.6
,,2016 - 2017,1.18
,,2017 - 2018,1.0
,,2018 - 2019,1.05
,,2019 - 2020,0.41
,,2020 - 2021,0.73
,,2021 - 2022,0.68
,,2022 - 2023,0.74
,Kabirdham,2000 - 2001,0.34
,,2001 - 2002,0.65
,,2002 - 2003,0.6
,,2003 - 2004,0.84
,,2004 - 2005,0.48
,,2005 - 2006,0.55
,,2006 - 2007,0.67
,,2007 - 2008,0.66
,,2008 - 2009,0.64
,,2009 - 2010,0.69
,,2010 - 2011,0.91
,,2011 - 2012,0.89
,,2012 - 2013,0.98
,,2013 - 2014,0.63
,,2014 - 2015,1.06
,,2015 - 2016,0.82
,,2016 - 2017,0.94
,,2017 - 2018,0.77
,,2018 - 2019,0.76
,,2019 - 2020,0.35
,,2020 - 2021,0.56
,,2021 - 2022,0.66
,,2022 - 2023,0.92
,Kanker,2000 - 2001,0.52
,,2001 - 2002,0.85
,,2002 - 2003,0.65
,,2003 - 2004,0.94
,,2004 - 2005,0.77
,,2005 - 2006,0.73
,,2006 - 2007,0.95
,,2007 - 2008,0.94
,,2008 - 2009,0.71
,,2009 - 2010,1.13
,,2010 - 2011,1.17
,,2011 - 2012,0.97
,,2012 - 2013,1.27
,,2013 - 2014,0.8
,,2014 - 2015,1.13
,,2015 - 2016,0.87
,,2016 - 2017,1.2
,,2017 - 2018,0.89
,,2018 - 2019,1.1
,,2019 - 2020,0.46
,,2020 - 2021,0.7
,,2021 - 2022,0.67
,,2022 - 2023,0.69
,Khairgarh chhuikhadan gandai,2022 - 2023,0.87
,Kondagaon,2011 - 2012,0.91
,,2012 - 2013,1.38
,,2013 - 2014,0.82
,,2014 - 2015,1.54
,,2015 - 2016,0.9
,,2016 - 2017,1.28
,,2017 - 2018,1.04
,,2018 - 2019,1.17
,,2019 - 2020,0.55
,,2020 - 2021,0.8
,,2021 - 2022,0.73
,,2022 - 2023,0.33
,Korba,2000 - 2001,0.53
,,2001 - 2002,0.73
,,2002 - 2003,0.55
,,2003 - 2004,0.78
,,2004 - 2005,0.41
,,2005 - 2006,0.65
,,2006 - 2007,0.65
,,2007 - 2008,0.71
,,2008 - 2009,0.86
,,2009 - 2010,0.7
,,2010 - 2011,0.89
,,2011 - 2012,0.88
,,2012 - 2013,0.85
,,2013 - 2014,0.58
,,2014 - 2015,0.98
,,2015 - 2016,0.5
,,2016 - 2017,0.95
,,2017 - 2018,0.81
,,2018 - 2019,0.8
,,2019 - 2020,0.35
,,2020 - 2021,0.62
,,2021 - 2022,0.63
,,2022 - 2023,0.71
,Korea,2000 - 2001,0.49
,,2001 - 2002,0.69
,,2002 - 2003,0.51
,,2003 - 2004,0.78
,,2004 - 2005,0.43
,,2005 - 2006,0.52
,,2006 - 2007,0.66
,,2007 - 2008,0.57
,,2008 - 2009,0.75
,,2009 - 2010,0.62
,,2010 - 2011,0.84
,,2011 - 2012,0.72
,,2012 - 2013,0.85
,,2013 - 2014,0.62
,,2014 - 2015,0.99
,,2015 - 2016,0.46
,,2016 - 2017,0.76
,,2017 - 2018,0.66
,,2018 - 2019,0.63
,,2019 - 2020,0.38
,,2020 - 2021,0.53
,,2021 - 2022,0.46
,,2022 - 2023,0.55
,Mahasamund,2000 - 2001,0.77
,,2001 - 2002,0.82
,,2002 - 2003,0.52
,,2003 - 2004,0.87
,,2004 - 2005,0.51
,,2005 - 2006,0.67
,,2006 - 2007,0.88
,,2007 - 2008,0.89
,,2008 - 2009,0.78
,,2009 - 2010,1.02
,,2010 - 2011,1.06
,,2011 - 2012,1.02
,,2012 - 2013,1.33
,,2013 - 2014,0.91
,,2014 - 2015,0.74
,,2015 - 2016,0.84
,,2016 - 2017,1.18
,,2017 - 2018,1.02
,,2018 - 2019,1.09
,,2019 - 2020,0.39
,,2020 - 2021,0.75
,,2021 - 2022,0.67
,,2022 - 2023,0.75
,Manendragarh chirimiri bharatpur,2022 - 2023,0.55
,Mohla manpur ambagarh chouki,2022 - 2023,0.87
,Mungeli,2011 - 2012,1.01
,,2012 - 2013,1.26
,,2013 - 2014,0.88
,,2014 - 2015,0.89
,,2015 - 2016,0.98
,,2016 - 2017,1.38
,,2017 - 2018,0.88
,,2018 - 2019,1.08
,,2019 - 2020,0.1
,,2020 - 2021,1.29
,,2021 - 2022,0.73
,,2022 - 2023,0.79
,Narayanpur,2006 - 2007,0.0
,,2007 - 2008,0.9
,,2008 - 2009,0.77
,,2009 - 2010,1.05
,,2010 - 2011,1.03
,,2011 - 2012,0.91
,,2012 - 2013,1.33
,,2013 - 2014,0.69
,,2014 - 2015,1.1
,,2015 - 2016,0.89
,,2016 - 2017,1.12
,,2017 - 2018,0.74
,,2018 - 2019,1.03
,,2019 - 2020,0.4
,,2020 - 2021,0.64
,,2021 - 2022,0.63
,,2022 - 2023,0.66
,Raigarh,2000 - 2001,0.56
,,2001 - 2002,0.72
,,2002 - 2003,0.69
,,2003 - 2004,0.93
,,2004 - 2005,0.58
,,2005 - 2006,0.69
,,2006 - 2007,0.95
,,2007 - 2008,0.91
,,2008 - 2009,0.89
,,2009 - 2010,0.99
,,2010 - 2011,1.02
,,2011 - 2012,1.0
,,2012 - 2013,1.24
,,2013 - 2014,0.86
,,2014 - 2015,1.33
,,2015 - 2016,0.93
,,2016 - 2017,1.26
,,2017 - 2018,1.03
,,2018 - 2019,1.07
,,2019 - 2020,0.48
,,2020 - 2021,0.82
,,2021 - 2022,0.71
,,2022 - 2023,0.77
,Raipur,2000 - 2001,0.61
,,2001 - 2002,0.8
,,2002 - 2003,0.67
,,2003 - 2004,0.99
,,2004 - 2005,0.54
,,2005 - 2006,0.75
,,2006 - 2007,0.91
,,2007 - 2008,0.87
,,2008 - 2009,0.87
,,2009 - 2010,1.02
,,2010 - 2011,0.96
,,2011 - 2012,1.03
,,2012 - 2013,1.34
,,2013 - 2014,1.0
,,2014 - 2015,1.07
,,2015 - 2016,0.98
,,2016 - 2017,1.48
,,2017 - 2018,1.19
,,2018 - 2019,1.09
,,2019 - 2020,0.44
,,2020 - 2021,0.73
,,2021 - 2022,0.84
,,2022 - 2023,0.92
,Rajnandgaon,2000 - 2001,0.55
,,2001 - 2002,0.67
,,2002 - 2003,0.57
,,2003 - 2004,0.87
,,2004 - 2005,0.5
,,2005 - 2006,0.69
,,2006 - 2007,0.79
,,2007 - 2008,0.82
,,2008 - 2009,0.65
,,2009 - 2010,0.75
,,2010 - 2011,0.98
,,2011 - 2012,0.96
,,2012 - 2013,1.07
,,2013 - 2014,0.68
,,2014 - 2015,0.96
,,2015 - 2016,0.71
,,2016 - 2017,1.17
,,2017 - 2018,1.01
,,2018 - 2019,1.08
,,2019 - 2020,0.29
,,2020 - 2021,0.93
,,2021 - 2022,0.9
,,2022 - 2023,0.87
,Sakti,2022 - 2023,0.74
,Sarangarh bilaigarh,2022 - 2023,0.69
,Sukma,2011 - 2012,1.0
,,2012 - 2013,0.0
,,2013 - 2014,1.0
,,2014 - 2015,0.0
,,2019 - 2020,0.36
,,2020 - 2021,0.7
,,2021 - 2022,1.0
,,2022 - 2023,1.0
,Surajpur,2011 - 2012,0.88
,,2012 - 2013,0.85
,,2013 - 2014,0.82
,,2014 - 2015,0.91
,,2015 - 2016,0.59
,,2016 - 2017,1.04
,,2017 - 2018,0.9
,,2018 - 2019,0.89
,,2019 - 2020,0.46
,,2020 - 2021,0.72
,,2021 - 2022,0.68
,,2022 - 2023,0.63
,Surguja,2000 - 2001,0.52
,,2001 - 2002,0.64
,,2002 - 2003,0.58
,,2003 - 2004,0.81
,,2004 - 2005,0.5
,,2005 - 2006,0.58
,,2006 - 2007,0.78
,,2007 - 2008,0.74
,,2008 - 2009,0.75
,,2009 - 2010,0.64
,,2010 - 2011,0.9
,,2011 - 2012,0.88
,,2012 - 2013,1.08
,,2013 - 2014,0.75
,,2014 - 2015,1.12
,,2015 - 2016,0.67
,,2016 - 2017,1.04
,,2017 - 2018,0.76
,,2018 - 2019,0.95
,,2019 - 2020,0.42
,,2020 - 2021,0.69
,,2021 - 2022,0.62
,,2022 - 2023,0.64
Dadra and Nagar Haveli,Dadra and Nagar Haveli,2000 - 2001,
,,2001 - 2002,
,,2002 - 2003,
,,2003 - 2004,
,,2004 - 2005,
,,2005 - 2006,
,,2006 - 2007,
,,2007 - 2008,
,,2008 - 2009,
,,2009 - 2010,
,,2010 - 2011,1.0
,,2011 - 2012,
,,2012 - 2013,
,,2016 - 2017,1.05
,,2018 - 2019,1.05
Delhi,Delhi_total,2008 - 2009,1.46
,,2009 - 2010,0.88
,,2010 - 2011,9.38
,,2011 - 2012,5.54
,,2012 - 2013,1.41
,,2013 - 2014,1.41
,,2014 - 2015,1.32
,,2015 - 2016,2.12
,,2016 - 2017,2.12
,,2017 - 2018,0.4
,,2018 - 2019,2.0
,,2019 - 2020,2.0
Gujarat,Ahmadabad,2000 - 2001,0.2
,,2001 - 2002,0.33
,,2002 - 2003,0.34
,,2003 - 2004,0.4
,,2004 - 2005,0.56
,,2005 - 2006,0.66
,,2006 - 2007,0.7
,,2007 - 2008,0.56
,,2008 - 2009,0.59
,,2009 - 2010,0.57
,,2010 - 2011,0.75
,,2011 - 2012,0.7
,,2012 - 2013,0.72
,,2013 - 2014,0.92
,,2014 - 2015,0.84
,,2015 - 2016,0.69
,,2016 - 2017,0.71
,,2017 - 2018,1.04
,,2018 - 2019,0.73
,,2019 - 2020,0.9
,,2020 - 2021,0.86
,,2021 - 2022,1.01
,,2022 - 2023,0.91
,Amreli,2001 - 2002,0.27
,,2002 - 2003,0.44
,,2003 - 2004,1.0
,,2004 - 2005,1.0
,,2005 - 2006,1.08
,,2006 - 2007,1.24
,,2007 - 2008,1.3
,,2008 - 2009,1.5
,,2009 - 2010,1.17
,,2010 - 2011,1.46
,,2011 - 2012,1.46
,,2012 - 2013,0.87
,,2013 - 2014,1.23
,,2014 - 2015,1.44
,,2015 - 2016,1.38
,,2016 - 2017,1.55
,,2017 - 2018,2.15
,,2018 - 2019,1.36
,,2019 - 2020,2.08
,,2020 - 2021,2.0
,,2021 - 2022,1.88
,,2022 - 2023,1.96
,Anand,2003 - 2004,0.46
,,2004 - 2005,0.68
,,2005 - 2006,0.65
,,2006 - 2007,0.63
,,2007 - 2008,0.52
,,2008 - 2009,0.53
,,2009 - 2010,0.66
,,2010 - 2011,0.65
,,2011 - 2012,0.65
,,2012 - 2013,0.7
,,2013 - 2014,0.72
,,2014 - 2015,0.74
,,2015 - 2016,1.21
,,2016 - 2017,0.92
,,2017 - 2018,0.99
,,2018 - 2019,1.02
,,2019 - 2020,1.05
,,2020 - 2021,0.98
,,2021 - 2022,1.02
,,2022 - 2023,1.0
,Aravalli,2014 - 2015,0.67
,,2015 - 2016,0.62
,,2016 - 2017,0.72
,,2017 - 2018,0.69
,,2018 - 2019,0.87
,,2019 - 2020,1.27
,,2020 - 2021,1.12
,,2021 - 2022,1.29
,,2022 - 2023,1.34
,Banas kantha,2000 - 2001,0.5
,,2001 - 2002,0.5
,,2002 - 2003,0.0
,,2003 - 2004,1.0
,,2004 - 2005,0.71
,,2005 - 2006,1.0
,,2006 - 2007,1.0
,,2007 - 2008,1.0
,,2008 - 2009,1.0
,,2009 - 2010,1.0
,,2010 - 2011,1.33
,,2011 - 2012,1.33
,,2012 - 2013,1.0
,,2013 - 2014,1.23
,,2014 - 2015,1.0
,,2015 - 2016,0.9
,,2016 - 2017,1.12
,,2017 - 2018,1.28
,,2018 - 2019,1.4
,,2019 - 2020,1.57
,,2020 - 2021,1.76
,,2021 - 2022,1.91
,,2022 - 2023,1.7
,Bharuch,2000 - 2001,0.38
,,2001 - 2002,0.5
,,2002 - 2003,0.36
,,2003 - 2004,0.89
,,2004 - 2005,0.63
,,2005 - 2006,0.48
,,2006 - 2007,0.41
,,2007 - 2008,0.36
,,2008 - 2009,0.26
,,2009 - 2010,0.94
,,2010 - 2011,1.45
,,2011 - 2012,1.14
,,2012 - 2013,0.91
,,2013 - 2014,1.23
,,2014 - 2015,0.3
,,2015 - 2016,0.29
,,2016 - 2017,0.29
,,2017 - 2018,0.35
,,2018 - 2019,0.52
,,2019 - 2020,0.66
,,2020 - 2021,0.76
,,2021 - 2022,1.25
,,2022 - 2023,1.08
,Bhavnagar,2001 - 2002,0.29
,,2002 - 2003,0.9
,,2003 - 2004,1.0
,,2004 - 2005,0.71
,,2005 - 2006,1.0
,,2006 - 2007,1.14
,,2007 - 2008,0.92
,,2008 - 2009,1.0
,,2009 - 2010,0.8
,,2010 - 2011,1.38
,,2011 - 2012,1.17
,,2012 - 2013,1.0
,,2013 - 2014,1.23
,,2014 - 2015,1.02
,,2015 - 2016,0.89
,,2016 - 2017,1.12
,,2017 - 2018,1.29
,,2018 - 2019,1.36
,,2019 - 2020,3.08
,,2020 - 2021,2.39
,,2021 - 2022,2.42
,,2022 - 2023,1.66
,Botad,2014 - 2015,1.79
,,2015 - 2016,1.59
,,2016 - 2017,1.08
,,2017 - 2018,1.12
,,2018 - 2019,1.36
,,2019 - 2020,1.1
,,2020 - 2021,1.65
,,2021 - 2022,2.27
,,2022 - 2023,2.24
,Chhotaudepur,2014 - 2015,1.02
,,2015 - 2016,0.89
,,2016 - 2017,1.12
,,2017 - 2018,1.29
,,2018 - 2019,1.36
,,2019 - 2020,1.57
,,2020 - 2021,1.76
,,2021 - 2022,2.06
,,2022 - 2023,1.76
,Dang,2000 - 2001,0.67
,,2001 - 2002,0.5
,,2002 - 2003,0.5
,,2004 - 2005,0.67
,,2005 - 2006,1.0
,,2006 - 2007,1.17
,,2007 - 2008,0.89
,,2008 - 2009,1.0
,,2009 - 2010,0.93
,,2010 - 2011,1.4
,,2011 - 2012,1.14
,,2012 - 2013,0.75
,,2013 - 2014,0.92
,,2014 - 2015,0.99
,,2015 - 2016,0.98
,,2016 - 2017,0.98
,,2017 - 2018,0.87
,,2018 - 2019,0.84
,,2019 - 2020,0.84
,,2020 - 2021,1.01
,,2021 - 2022,1.04
,,2022 - 2023,0.9
,Devbhumi dwarka,2014 - 2015,1.84
,,2015 - 2016,1.56
,,2016 - 2017,0.73
,,2017 - 2018,2.04
,,2018 - 2019,1.59
,,2019 - 2020,1.88
,,2020 - 2021,1.92
,,2021 - 2022,2.06
,,2022 - 2023,1.63
,Dohad,2003 - 2004,0.84
,,2004 - 2005,0.83
,,2005 - 2006,0.85
,,2006 - 2007,0.82
,,2007 - 2008,0.94
,,2008 - 2009,0.74
,,2009 - 2010,0.73
,,2010 - 2011,0.82
,,2011 - 2012,0.99
,,2012 - 2013,0.97
,,2013 - 2014,0.89
,,2014 - 2015,0.8
,,2015 - 2016,0.67
,,2016 - 2017,1.32
,,2017 - 2018,1.51
,,2018 - 2019,1.27
,,2019 - 2020,1.1
,,2020 - 2021,1.21
,,2021 - 2022,1.24
,,2022 - 2023,1.31
,Gandhinagar,2003 - 2004,0.5
,,2004 - 2005,0.5
,,2005 - 2006,1.0
,,2006 - 2007,1.0
,,2007 - 2008,1.0
,,2008 - 2009,1.0
,,2010 - 2011,1.0
,,2016 - 2017,1.14
,,2017 - 2018,1.29
,,2018 - 2019,1.36
,,2019 - 2020,1.57
,,2020 - 2021,1.76
,,2021 - 2022,1.91
,,2022 - 2023,1.7
,Gir somnath,2014 - 2015,0.57
,,2015 - 2016,0.89
,,2016 - 2017,1.12
,,2017 - 2018,1.29
,,2018 - 2019,1.36
,,2019 - 2020,1.9
,,2020 - 2021,2.23
,,2021 - 2022,2.22
,,2022 - 2023,2.18
,Jamnagar,2000 - 2001,0.75
,,2001 - 2002,0.61
,,2002 - 2003,0.71
,,2003 - 2004,1.51
,,2004 - 2005,1.31
,,2005 - 2006,1.39
,,2006 - 2007,1.17
,,2007 - 2008,1.39
,,2008 - 2009,1.33
,,2009 - 2010,1.48
,,2010 - 2011,1.54
,,2011 - 2012,1.44
,,2012 - 2013,0.93
,,2013 - 2014,1.63
,,2014 - 2015,1.29
,,2015 - 2016,1.2
,,2016 - 2017,1.06
,,2017 - 2018,1.21
,,2018 - 2019,1.23
,,2019 - 2020,1.67
,,2020 - 2021,1.81
,,2021 - 2022,1.97
,,2022 - 2023,2.01
,Junagadh,2000 - 2001,0.82
,,2001 - 2002,0.92
,,2002 - 2003,0.98
,,2003 - 2004,1.13
,,2004 - 2005,0.86
,,2005 - 2006,1.08
,,2006 - 2007,1.13
,,2007 - 2008,1.87
,,2008 - 2009,1.56
,,2009 - 2010,1.38
,,2010 - 2011,1.79
,,2011 - 2012,2.07
,,2012 - 2013,1.71
,,2013 - 2014,2.16
,,2014 - 2015,1.98
,,2015 - 2016,1.83
,,2016 - 2017,1.56
,,2017 - 2018,1.64
,,2018 - 2019,2.92
,,2019 - 2020,2.44
,,2020 - 2021,2.28
,,2021 - 2022,2.1
,,2022 - 2023,1.99
,Kachchh,2000 - 2001,0.0
,,2001 - 2002,0.33
,,2003 - 2004,0.75
,,2005 - 2006,1.0
,,2006 - 2007,1.33
,,2007 - 2008,1.0
,,2008 - 2009,1.0
,,2009 - 2010,1.0
,,2010 - 2011,1.25
,,2011 - 2012,1.0
,,2012 - 2013,1.0
,,2013 - 2014,1.24
,,2014 - 2015,1.0
,,2015 - 2016,0.88
,,2016 - 2017,1.12
,,2017 - 2018,1.28
,,2018 - 2019,1.36
,,2019 - 2020,1.57
,,2020 - 2021,1.75
,,2021 - 2022,1.91
,,2022 - 2023,1.7
,Kheda,2000 - 2001,0.42
,,2001 - 2002,0.55
,,2002 - 2003,0.53
,,2003 - 2004,0.74
,,2004 - 2005,0.64
,,2005 - 2006,0.83
,,2006 - 2007,1.18
,,2007 - 2008,1.0
,,2008 - 2009,1.0
,,2009 - 2010,0.86
,,2010 - 2011,1.44
,,2011 - 2012,1.25
,,2012 - 2013,1.0
,,2013 - 2014,1.24
,,2014 - 2015,1.02
,,2015 - 2016,0.89
,,2016 - 2017,1.12
,,2017 - 2018,1.28
,,2018 - 2019,1.36
,,2019 - 2020,1.57
,,2020 - 2021,1.76
,,2021 - 2022,1.91
,,2022 - 2023,1.46
,Mahesana,2000 - 2001,1.0
,,2001 - 2002,0.67
,,2002 - 2003,0.5
,,2003 - 2004,1.0
,,2004 - 2005,0.5
,,2005 - 2006,1.0
,,2006 - 2007,1.2
,,2007 - 2008,1.0
,,2008 - 2009,1.0
,,2009 - 2010,1.0
,,2010 - 2011,1.67
,,2011 - 2012,1.5
,,2012 - 2013,1.0
,,2013 - 2014,1.24
,,2014 - 2015,1.02
,,2015 - 2016,0.89
,,2016 - 2017,1.12
,,2017 - 2018,1.28
,,2018 - 2019,1.36
,,2019 - 2020,1.57
,,2020 - 2021,1.76
,,2021 - 2022,1.91
,,2022 - 2023,1.7
,Mahisagar,2014 - 2015,0.88
,,2015 - 2016,0.74
,,2016 - 2017,1.06
,,2017 - 2018,1.07
,,2018 - 2019,1.37
,,2019 - 2020,1.14
,,2020 - 2021,1.15
,,2021 - 2022,1.43
,,2022 - 2023,1.35
,Morbi,2014 - 2015,1.02
,,2015 - 2016,0.89
,,2016 - 2017,1.12
,,2017 - 2018,1.29
,,2018 - 2019,2.15
,,2019 - 2020,2.1
,,2020 - 2021,2.11
,,2021 - 2022,1.97
,,2022 - 2023,1.78
,Narmada,2003 - 2004,0.89
,,2004 - 2005,0.62
,,2005 - 2006,1.11
,,2006 - 2007,1.15
,,2007 - 2008,1.0
,,2008 - 2009,1.0
,,2009 - 2010,1.0
,,2010 - 2011,1.4
,,2011 - 2012,1.14
,,2012 - 2013,1.0
,,2013 - 2014,1.24
,,2014 - 2015,0.73
,,2015 - 2016,0.91
,,2016 - 2017,0.89
,,2017 - 2018,1.07
,,2018 - 2019,1.36
,,2019 - 2020,1.12
,,2020 - 2021,1.23
,,2021 - 2022,1.19
,,2022 - 2023,1.7
,Navsari,2003 - 2004,0.88
,,2004 - 2005,0.62
,,2005 - 2006,1.09
,,2006 - 2007,1.17
,,2007 - 2008,0.93
,,2008 - 2009,1.0
,,2009 - 2010,0.95
,,2010 - 2011,1.44
,,2011 - 2012,1.12
,,2012 - 2013,0.94
,,2013 - 2014,1.24
,,2014 - 2015,0.59
,,2015 - 2016,0.68
,,2016 - 2017,0.63
,,2017 - 2018,0.88
,,2018 - 2019,0.97
,,2019 - 2020,0.81
,,2020 - 2021,0.82
,,2021 - 2022,0.99
,,2022 - 2023,0.78
,Panch mahals,2000 - 2001,0.48
,,2001 - 2002,0.5
,,2002 - 2003,0.61
,,2003 - 2004,0.84
,,2004 - 2005,0.91
,,2005 - 2006,0.86
,,2006 - 2007,0.8
,,2007 - 2008,0.87
,,2008 - 2009,0.73
,,2009 - 2010,0.82
,,2010 - 2011,0.89
,,2011 - 2012,0.93
,,2012 - 2013,1.45
,,2013 - 2014,0.65
,,2014 - 2015,0.84
,,2015 - 2016,0.8
,,2016 - 2017,1.02
,,2017 - 2018,1.03
,,2018 - 2019,1.0
,,2019 - 2020,1.27
,,2020 - 2021,1.21
,,2021 - 2022,1.16
,,2022 - 2023,1.7
,Patan,2003 - 2004,0.77
,,2004 - 2005,0.6
,,2005 - 2006,1.07
,,2006 - 2007,0.53
,,2007 - 2008,0.76
,,2008 - 2009,0.62
,,2009 - 2010,0.55
,,2010 - 2011,0.7
,,2011 - 2012,0.64
,,2012 - 2013,0.52
,,2013 - 2014,0.81
,,2014 - 2015,0.65
,,2015 - 2016,0.71
,,2016 - 2017,0.83
,,2017 - 2018,0.69
,,2018 - 2019,0.7
,,2019 - 2020,1.32
,,2020 - 2021,1.47
,,2021 - 2022,1.57
,,2022 - 2023,1.2
,Porbandar,2003 - 2004,0.86
,,2004 - 2005,1.22
,,2005 - 2006,1.61
,,2006 - 2007,1.49
,,2007 - 2008,1.12
,,2008 - 2009,1.28
,,2009 - 2010,1.06
,,2010 - 2011,1.34
,,2011 - 2012,1.28
,,2012 - 2013,1.07
,,2013 - 2014,1.83
,,2014 - 2015,1.4
,,2015 - 2016,1.13
,,2016 - 2017,1.96
,,2017 - 2018,1.63
,,2018 - 2019,1.35
,,2019 - 2020,2.11
,,2020 - 2021,1.82
,,2021 - 2022,2.03
,,2022 - 2023,2.2
,Rajkot,2000 - 2001,0.6
,,2001 - 2002,0.67
,,2002 - 2003,0.54
,,2003 - 2004,1.1
,,2004 - 2005,0.75
,,2005 - 2006,1.09
,,2006 - 2007,1.2
,,2007 - 2008,1.11
,,2008 - 2009,1.87
,,2009 - 2010,1.41
,,2010 - 2011,1.38
,,2011 - 2012,1.43
,,2012 - 2013,1.48
,,2013 - 2014,1.96
,,2014 - 2015,1.58
,,2015 - 2016,1.97
,,2016 - 2017,0.84
,,2017 - 2018,2.18
,,2018 - 2019,1.18
,,2019 - 2020,2.0
,,2020 - 2021,2.05
,,2021 - 2022,2.19
,,2022 - 2023,2.01
,Sabar kantha,2000 - 2001,0.5
,,2001 - 2002,0.54
,,2002 - 2003,0.4
,,2003 - 2004,0.57
,,2004 - 2005,0.46
,,2005 - 2006,0.77
,,2006 - 2007,0.68
,,2007 - 2008,0.81
,,2008 - 2009,0.8
,,2009 - 2010,0.71
,,2010 - 2011,1.04
,,2011 - 2012,0.87
,,2012 - 2013,1.53
,,2013 - 2014,1.23
,,2014 - 2015,1.02
,,2015 - 2016,0.89
,,2016 - 2017,1.12
,,2017 - 2018,1.29
,,2018 - 2019,1.36
,,2019 - 2020,1.57
,,2020 - 2021,2.0
,,2021 - 2022,2.16
,,2022 - 2023,2.08
,Surat,2000 - 2001,0.69
,,2001 - 2002,0.78
,,2002 - 2003,0.74
,,2003 - 2004,0.71
,,2004 - 2005,0.81
,,2005 - 2006,0.8
,,2006 - 2007,0.87
,,2007 - 2008,0.71
,,2008 - 2009,1.0
,,2009 - 2010,0.83
,,2010 - 2011,1.5
,,2011 - 2012,1.09
,,2012 - 2013,1.0
,,2013 - 2014,1.24
,,2014 - 2015,1.02
,,2015 - 2016,0.89
,,2016 - 2017,1.12
,,2017 - 2018,1.28
,,2018 - 2019,1.36
,,2019 - 2020,1.57
,,2020 - 2021,1.76
,,2021 - 2022,1.91
,,2022 - 2023,1.7
,Surendranagar,2000 - 2001,0.38
,,2001 - 2002,0.5
,,2002 - 2003,0.27
,,2003 - 2004,0.88
,,2004 - 2005,0.73
,,2005 - 2006,0.77
,,2006 - 2007,1.37
,,2007 - 2008,0.78
,,2008 - 2009,0.96
,,2009 - 2010,0.42
,,2010 - 2011,1.22
,,2011 - 2012,1.45
,,2012 - 2013,0.74
,,2013 - 2014,1.23
,,2014 - 2015,1.0
,,2015 - 2016,0.9
,,2016 - 2017,0.73
,,2017 - 2018,0.89
,,2018 - 2019,0.69
,,2019 - 2020,1.32
,,2020 - 2021,1.38
,,2021 - 2022,1.95
,,2022 - 2023,1.48
,Tapi,2008 - 2009,1.41
,,2009 - 2010,1.35
,,2010 - 2011,1.45
,,2011 - 2012,1.51
,,2012 - 2013,1.29
,,2013 - 2014,1.89
,,2014 - 2015,1.11
,,2015 - 2016,0.72
,,2016 - 2017,0.92
,,2017 - 2018,1.07
,,2018 - 2019,1.32
,,2019 - 2020,1.07
,,2020 - 2021,1.27
,,2021 - 2022,1.44
,,2022 - 2023,1.26
,Vadodara,2000 - 2001,0.56
,,2001 - 2002,0.56
,,2002 - 2003,0.58
,,2003 - 2004,0.62
,,2004 - 2005,0.64
,,2005 - 2006,1.08
,,2006 - 2007,1.12
,,2007 - 2008,1.0
,,2008 - 2009,1.0
,,2009 - 2010,0.96
,,2010 - 2011,1.33
,,2011 - 2012,1.14
,,2012 - 2013,1.0
,,2013 - 2014,1.24
,,2014 - 2015,1.02
,,2015 - 2016,0.89
,,2016 - 2017,1.12
,,2017 - 2018,1.28
,,2018 - 2019,1.45
,,2019 - 2020,1.57
,,2020 - 2021,1.76
,,2021 - 2022,1.91
,,2022 - 2023,1.7
,Valsad,2000 - 2001,0.53
,,2001 - 2002,1.21
,,2002 - 2003,0.45
,,2003 - 2004,1.0
,,2004 - 2005,0.5
,,2005 - 2006,1.14
,,2006 - 2007,1.2
,,2007 - 2008,1.0
,,2008 - 2009,1.0
,,2009 - 2010,1.0
,,2010 - 2011,1.43
,,2011 - 2012,1.14
,,2012 - 2013,1.0
,,2013 - 2014,1.23
,,2014 - 2015,1.02
,,2015 - 2016,0.89
,,2016 - 2017,0.58
,,2017 - 2018,0.72
,,2018 - 2019,0.82
,,2019 - 2020,0.79
,,2020 - 2021,1.76
,,2021 - 2022,0.89
,,2022 - 2023,0.91
Haryana,Ambala,2000 - 2001,0.0
,,2001 - 2002,0.0
,,2002 - 2003,0.0
,,2003 - 2004,0.0
,,2004 - 2005,0.0
,,2005 - 2006,0.0
,,2006 - 2007,0.0
,,2007 - 2008,0.0
,,2008 - 2009,0.0
,,2009 - 2010,0.0
,,2010 - 2011,0.0
,,2011 - 2012,0.0
,,2012 - 2013,0.0
,,2019 - 2020,1.0
,,2020 - 2021,1.0
,,2021 - 2022,1.22
,Bhiwani,2000 - 2001,0.56
,,2001 - 2002,0.84
,,2002 - 2003,0.62
,,2003 - 2004,0.77
,,2004 - 2005,0.84
,,2005 - 2006,0.53
,,2006 - 2007,0.8
,,2007 - 2008,0.45
,,2008 - 2009,1.09
,,2009 - 2010,0.72
,,2010 - 2011,0.97
,,2011 - 2012,0.9
,,2012 - 2013,1.13
,,2013 - 2014,0.86
,,2014 - 2015,0.63
,,2015 - 2016,0.52
,,2016 - 2017,0.99
,,2017 - 2018,0.77
,,2018 - 2019,1.01
,,2019 - 2020,0.8
,,2020 - 2021,0.87
,,2021 - 2022,0.99
,,2022 - 2023,0.6
,Charki dadri,2017 - 2018,1.15
,,2018 - 2019,1.69
,,2019 - 2020,1.32
,,2020 - 2021,1.97
,,2021 - 2022,1.85
,,2022 - 2023,1.04
,Faridabad,2000 - 2001,0.0
,,2001 - 2002,0.0
,,2002 - 2003,0.0
,,2003 - 2004,0.0
,,2004 - 2005,0.0
,,2005 - 2006,0.0
,,2006 - 2007,0.0
,,2007 - 2008,0.0
,,2010 - 2011,0.0
,,2012 - 2013,0.0
,,2021 - 2022,0.0
,Fatehabad,2000 - 2001,1.19
,,2001 - 2002,1.12
,,2002 - 2003,1.22
,,2003 - 2004,1.12
,,2004 - 2005,0.94
,,2005 - 2006,0.95
,,2006 - 2007,0.98
,,2007 - 2008,1.16
,,2008 - 2009,0.91
,,2009 - 2010,1.44
,,2010 - 2011,1.45
,,2011 - 2012,2.28
,,2012 - 2013,1.63
,,2016 - 2017,1.8
,,2017 - 2018,1.77
,,2018 - 2019,2.0
,,2019 - 2020,1.3
,,2020 - 2021,1.49
,,2021 - 2022,1.65
,,2022 - 2023,1.61
,Gurgaon,2000 - 2001,1.14
,,2001 - 2002,0.63
,,2002 - 2003,1.41
,,2003 - 2004,1.05
,,2004 - 2005,0.99
,,2005 - 2006,0.0
,,2006 - 2007,0.0
,,2007 - 2008,0.0
,,2008 - 2009,0.0
,,2009 - 2010,0.0
,,2010 - 2011,0.0
,,2020 - 2021,1.0
,,2021 - 2022,1.08
,,2022 - 2023,1.0
,Hisar,2000 - 2001,0.59
,,2001 - 2002,0.91
,,2002 - 2003,0.78
,,2003 - 2004,0.79
,,2004 - 2005,0.79
,,2005 - 2006,0.56
,,2006 - 2007,0.81
,,2007 - 2008,0.6
,,2008 - 2009,0.84
,,2009 - 2010,0.66
,,2010 - 2011,0.89
,,2011 - 2012,0.85
,,2012 - 2013,0.87
,,2013 - 2014,0.71
,,2014 - 2015,0.58
,,2015 - 2016,0.62
,,2016 - 2017,1.27
,,2017 - 2018,1.42
,,2018 - 2019,1.66
,,2019 - 2020,1.13
,,2020 - 2021,0.98
,,2021 - 2022,1.38
,,2022 - 2023,1.15
,Jhajjar,2000 - 2001,0.85
,,2001 - 2002,1.12
,,2002 - 2003,1.09
,,2003 - 2004,1.0
,,2004 - 2005,1.32
,,2005 - 2006,0.76
,,2006 - 2007,0.77
,,2007 - 2008,1.49
,,2008 - 2009,1.5
,,2009 - 2010,1.78
,,2010 - 2011,1.9
,,2011 - 2012,0.0
,,2012 - 2013,1.62
,,2013 - 2014,1.0
,,2016 - 2017,1.5
,,2017 - 2018,1.33
,,2018 - 2019,1.0
,,2019 - 2020,1.56
,,2020 - 2021,1.91
,,2021 - 2022,1.03
,,2022 - 2023,0.89
,Jind,2000 - 2001,1.21
,,2001 - 2002,1.36
,,2002 - 2003,1.56
,,2003 - 2004,1.69
,,2004 - 2005,0.0
,,2005 - 2006,1.45
,,2006 - 2007,1.94
,,2007 - 2008,0.0
,,2008 - 2009,0.0
,,2009 - 2010,0.0
,,2010 - 2011,0.0
,,2011 - 2012,0.0
,,2012 - 2013,0.0
,,2016 - 2017,1.0
,,2017 - 2018,2.0
,,2018 - 2019,2.0
,,2019 - 2020,1.5
,,2020 - 2021,2.0
,,2021 - 2022,1.19
,,2022 - 2023,1.0
,Kaithal,2000 - 2001,0.0
,,2001 - 2002,0.0
,,2002 - 2003,0.0
,,2003 - 2004,0.0
,,2004 - 2005,0.0
,,2005 - 2006,0.0
,,2006 - 2007,0.0
,,2007 - 2008,0.0
,,2008 - 2009,0.0
,,2009 - 2010,0.0
,,2010 - 2011,0.0
,,2011 - 2012,0.0
,,2012 - 2013,0.0
,,2019 - 2020,1.0
,,2020 - 2021,1.0
,,2021 - 2022,1.17
,,2022 - 2023,1.0
,Karnal,2000 - 2001,2.08
,,2001 - 2002,0.0
,,2002 - 2003,0.0
,,2003 - 2004,0.0
,,2004 - 2005,0.0
,,2005 - 2006,0.0
,,2006 - 2007,0.0
,,2007 - 2008,0.0
,,2008 - 2009,2.08
,,2009 - 2010,0.0
,,2010 - 2011,0.0
,,2011 - 2012,0.0
,,2012 - 2013,0.0
,,2016 - 2017,1.0
,,2018 - 2019,1.0
,,2019 - 2020,1.0
,,2020 - 2021,1.0
,,2021 - 2022,1.23
,,2022 - 2023,1.0
,Kurukshetra,2000 - 2001,0.0
,,2001 - 2002,0.0
,,2002 - 2003,0.0
,,2003 - 2004,0.0
,,2004 - 2005,0.0
,,2005 - 2006,0.0
,,2006 - 2007,0.0
,,2007 - 2008,0.0
,,2008 - 2009,0.0
,,2009 - 2010,0.0
,,2010 - 2011,0.0
,,2011 - 2012,0.0
,,2012 - 2013,0.0
,,2017 - 2018,1.0
,,2020 - 2021,1.0
,,2021 - 2022,1.19
,Mahendragarh,2000 - 2001,1.06
,,2001 - 2002,0.79
,,2002 - 2003,0.8
,,2003 - 2004,0.93
,,2004 - 2005,0.74
,,2005 - 2006,0.49
,,2006 - 2007,1.19
,,2007 - 2008,0.5
,,2008 - 2009,1.09
,,2009 - 2010,0.61
,,2010 - 2011,1.08
,,2011 - 2012,1.06
,,2012 - 2013,1.32
,,2013 - 2014,0.93
,,2014 - 2015,0.57
,,2015 - 2016,0.67
,,2016 - 2017,1.28
,,2017 - 2018,0.93
,,2018 - 2019,1.49
,,2019 - 2020,1.25
,,2020 - 2021,0.93
,,2021 - 2022,1.24
,,2022 - 2023,1.2
,Mewat,2005 - 2006,1.14
,,2006 - 2007,1.12
,,2007 - 2008,1.14
,,2008 - 2009,1.32
,,2009 - 2010,1.43
,,2010 - 2011,2.44
,,2011 - 2012,2.36
,,2012 - 2013,0.0
,,2013 - 2014,1.0
,,2016 - 2017,1.33
,,2017 - 2018,1.5
,,2018 - 2019,1.75
,,2019 - 2020,1.71
,,2020 - 2021,1.67
,,2021 - 2022,1.67
,,2022 - 2023,1.0
,Palwal,2008 - 2009,0.0
,,2009 - 2010,0.0
,,2010 - 2011,0.0
,,2012 - 2013,0.0
,Panchkula,2000 - 2001,0.87
,,2001 - 2002,1.81
,,2002 - 2003,1.71
,,2003 - 2004,1.99
,,2004 - 2005,1.51
,,2005 - 2006,1.9
,,2006 - 2007,0.0
,,2007 - 2008,0.0
,,2008 - 2009,1.36
,,2009 - 2010,0.0
,,2010 - 2011,0.0
,,2011 - 2012,0.0
,,2012 - 2013,0.0
,,2016 - 2017,1.0
,,2017 - 2018,1.0
,,2018 - 2019,1.0
,,2019 - 2020,1.0
,,2020 - 2021,0.5
,,2021 - 2022,0.84
,,2022 - 2023,1.0
,Panipat,2000 - 2001,0.0
,,2001 - 2002,0.0
,,2002 - 2003,0.0
,,2003 - 2004,0.0
,,2004 - 2005,0.0
,,2005 - 2006,0.0
,,2006 - 2007,0.0
,,2007 - 2008,0.0
,,2008 - 2009,0.0
,,2009 - 2010,0.0
,,2010 - 2011,0.0
,,2011 - 2012,0.0
,,2012 - 2013,0.0
,,2017 - 2018,1.0
,,2018 - 2019,2.0
,,2019 - 2020,0.67
,,2020 - 2021,2.0
,,2021 - 2022,0.86
,,2022 - 2023,2.0
,Rewari,2000 - 2001,1.12
,,2001 - 2002,0.95
,,2002 - 2003,0.0
,,2003 - 2004,0.72
,,2004 - 2005,4.81
,,2005 - 2006,0.0
,,2006 - 2007,0.0
,,2007 - 2008,0.0
,,2008 - 2009,0.0
,,2009 - 2010,0.0
,,2010 - 2011,0.0
,,2011 - 2012,0.0
,,2012 - 2013,0.0
,,2019 - 2020,1.0
,,2020 - 2021,1.0
,,2021 - 2022,0.75
,,2022 - 2023,1.0
,Rohtak,2000 - 2001,0.84
,,2001 - 2002,0.76
,,2002 - 2003,0.89
,,2003 - 2004,1.03
,,2004 - 2005,0.74
,,2005 - 2006,1.29
,,2006 - 2007,1.02
,,2007 - 2008,1.57
,,2008 - 2009,1.12
,,2009 - 2010,1.07
,,2010 - 2011,0.97
,,2011 - 2012,1.16
,,2012 - 2013,1.74
,,2013 - 2014,1.0
,,2016 - 2017,1.33
,,2017 - 2018,1.33
,,2018 - 2019,1.33
,,2019 - 2020,1.36
,,2020 - 2021,1.0
,,2021 - 2022,1.47
,,2022 - 2023,1.0
,Sirsa,2000 - 2001,0.82
,,2001 - 2002,0.88
,,2002 - 2003,0.9
,,2003 - 2004,0.76
,,2004 - 2005,1.02
,,2005 - 2006,0.53
,,2006 - 2007,0.87
,,2007 - 2008,0.66
,,2008 - 2009,1.03
,,2009 - 2010,0.88
,,2010 - 2011,1.13
,,2011 - 2012,1.07
,,2012 - 2013,1.13
,,2013 - 2014,1.2
,,2014 - 2015,1.0
,,2015 - 2016,1.0
,,2016 - 2017,1.38
,,2017 - 2018,1.5
,,2018 - 2019,1.71
,,2019 - 2020,1.44
,,2020 - 2021,1.29
,,2021 - 2022,1.35
,,2022 - 2023,1.45
,Sonipat,2000 - 2001,0.0
,,2001 - 2002,0.0
,,2002 - 2003,0.0
,,2003 - 2004,0.0
,,2004 - 2005,0.0
,,2005 - 2006,0.0
,,2006 - 2007,0.0
,,2007 - 2008,0.0
,,2008 - 2009,0.0
,,2009 - 2010,0.0
,,2010 - 2011,0.0
,,2011 - 2012,0.0
,,2019 - 2020,1.0
,,2020 - 2021,2.0
,,2021 - 2022,2.5
,Yamunanagar,2000 - 2001,0.0
,,2001 - 2002,0.0
,,2002 - 2003,0.0
,,2003 - 2004,0.0
,,2004 - 2005,0.0
,,2005 - 2006,0.0
,,2006 - 2007,0.0
,,2007 - 2008,0.0
,,2008 - 2009,0.0
,,2009 - 2010,0.0
,,2010 - 2011,0.0
,,2011 - 2012,0.0
,,2012 - 2013,0.0
,,2016 - 2017,1.0
,,2019 - 2020,1.0
,,2020 - 2021,1.0
,,2021 - 2022,1.19
,,2022 - 2023,1.0
Himachal Pradesh,Bilaspur,2000 - 2001,0.47
,,2001 - 2002,0.75
,,2002 - 2003,0.5
,,2005 - 2006,0.08
,,2006 - 2007,0.24
,,2007 - 2008,0.83
,,2008 - 2009,0.1
,,2009 - 2010,0.1
,,2010 - 2011,0.63
,,2011 - 2012,1.33
,,2012 - 2013,0.94
,,2013 - 2014,0.95
,,2014 - 2015,0.9
,,2015 - 2016,1.03
,,2016 - 2017,0.08
,,2017 - 2018,1.03
,,2018 - 2019,1.0
,,2019 - 2020,1.0
,,2020 - 2021,1.33
,,2021 - 2022,1.4
,,2022 - 2023,1.33
,Chamba,2001 - 2002,0.5
,Hamirpur,2000 - 2001,0.17
,,2001 - 2002,0.25
,,2002 - 2003,0.38
,,2005 - 2006,0.17
,,2006 - 2007,0.33
,,2007 - 2008,0.2
,,2008 - 2009,0.0
,,2009 - 2010,0.0
,,2010 - 2011,0.5
,,2011 - 2012,0.0
,,2012 - 2013,1.33
,,2013 - 2014,0.0
,,2014 - 2015,0.5
,,2015 - 2016,0.0
,,2016 - 2017,0.0
,,2017 - 2018,1.0
,,2018 - 2019,1.0
,,2019 - 2020,1.14
,Kangra,2000 - 2001,0.52
,,2001 - 2002,0.87
,,2002 - 2003,0.87
,,2005 - 2006,0.58
,,2006 - 2007,0.7
,,2007 - 2008,0.73
,,2008 - 2009,0.59
,,2009 - 2010,0.81
,,2010 - 2011,1.35
,,2011 - 2012,1.13
,,2012 - 2013,0.96
,,2013 - 2014,0.93
,,2014 - 2015,0.88
,,2015 - 2016,1.02
,,2016 - 2017,0.69
,,2017 - 2018,1.08
,,2018 - 2019,1.07
,,2019 - 2020,1.08
,,2020 - 2021,1.05
,,2021 - 2022,1.05
,,2022 - 2023,1.05
,Kullu,2000 - 2001,0.21
,,2001 - 2002,0.28
,,2002 - 2003,0.2
,,2005 - 2006,0.23
,,2006 - 2007,0.64
,,2007 - 2008,0.82
,,2008 - 2009,0.35
,,2009 - 2010,0.58
,,2010 - 2011,0.77
,,2011 - 2012,0.77
,,2012 - 2013,0.85
,,2013 - 2014,0.92
,,2014 - 2015,0.89
,,2015 - 2016,0.92
,,2016 - 2017,0.51
,,2017 - 2018,0.97
,,2018 - 2019,1.03
,,2019 - 2020,1.09
,,2021 - 2022,1.29
,,2022 - 2023,0.0
,Mandi,2000 - 2001,0.59
,,2001 - 2002,0.61
,,2002 - 2003,1.0
,,2005 - 2006,0.55
,,2006 - 2007,1.0
,,2007 - 2008,1.02
,,2008 - 2009,0.19
,,2009 - 2010,0.2
,,2010 - 2011,0.46
,,2011 - 2012,0.78
,,2012 - 2013,0.83
,,2013 - 2014,0.96
,,2014 - 2015,0.79
,,2015 - 2016,0.92
,,2016 - 2017,0.17
,,2017 - 2018,1.04
,,2018 - 2019,1.0
,,2019 - 2020,1.06
,,2020 - 2021,0.6
,,2021 - 2022,0.58
,,2022 - 2023,0.59
,Shimla,2000 - 2001,0.73
,,2001 - 2002,1.2
,,2002 - 2003,1.23
,,2005 - 2006,0.69
,,2006 - 2007,1.27
,,2007 - 2008,1.25
,,2008 - 2009,0.38
,,2009 - 2010,0.2
,,2010 - 2011,0.5
,,2011 - 2012,0.25
,,2012 - 2013,0.5
,,2013 - 2014,0.75
,,2014 - 2015,0.5
,,2015 - 2016,0.75
,,2016 - 2017,0.25
,,2017 - 2018,1.0
,,2018 - 2019,1.0
,,2019 - 2020,1.0
,,2020 - 2021,1.0
,,2021 - 2022,1.0
,,2022 - 2023,1.0
,Sirmaur,2000 - 2001,0.72
,,2001 - 2002,1.02
,,2002 - 2003,0.82
,,2005 - 2006,0.06
,,2006 - 2007,1.05
,,2007 - 2008,0.64
,,2008 - 2009,0.38
,,2009 - 2010,0.38
,,2010 - 2011,0.85
,,2011 - 2012,0.73
,,2012 - 2013,0.85
,,2013 - 2014,0.97
,,2014 - 2015,0.94
,,2015 - 2016,1.02
,,2016 - 2017,0.32
,,2017 - 2018,1.05
,,2018 - 2019,1.03
,,2019 - 2020,1.06
,,2020 - 2021,1.4
,,2021 - 2022,1.44
,,2022 - 2023,1.49
,Solan,2000 - 2001,0.78
,,2001 - 2002,0.96
,,2002 - 2003,0.91
,,2005 - 2006,1.16
,,2006 - 2007,0.9
,,2007 - 2008,0.87
,,2008 - 2009,0.12
,,2009 - 2010,0.1
,,2010 - 2011,0.5
,,2011 - 2012,0.07
,,2012 - 2013,0.88
,,2013 - 2014,0.88
,,2014 - 2015,0.88
,,2015 - 2016,0.96
,,2016 - 2017,0.09
,,2017 - 2018,1.04
,,2018 - 2019,1.0
,,2019 - 2020,1.04
,,2020 - 2021,1.0
,,2021 - 2022,1.0
,,2022 - 2023,1.0
,Una,2000 - 2001,0.79
,,2001 - 2002,1.19
,,2002 - 2003,0.64
,,2005 - 2006,0.31
,,2006 - 2007,0.72
,,2007 - 2008,0.98
,,2008 - 2009,0.81
,,2009 - 2010,1.21
,,2010 - 2011,1.05
,,2011 - 2012,0.92
,,2012 - 2013,1.41
,,2013 - 2014,1.04
,,2014 - 2015,1.04
,,2015 - 2016,0.96
,,2016 - 2017,1.04
,,2017 - 2018,1.04
,,2018 - 2019,1.0
,,2019 - 2020,1.0
,,2020 - 2021,2.0
,,2021 - 2022,2.0
,,2022 - 2023,2.0
Jammu and Kashmir,Baramulla,2000 - 2001,0.55
,,2005 - 2006,0.6
,Doda,2000 - 2001,0.12
,,2005 - 2006,0.5
,Jammu,2001 - 2002,0.59
,,2002 - 2003,0.6
,,2003 - 2004,0.6
,,2004 - 2005,0.6
,,2008 - 2009,0.55
,Kargil,2000 - 2001,0.5
,Kathua,2001 - 2002,0.56
,,2002 - 2003,0.57
,,2010 - 2011,0.55
,,2012 - 2013,0.55
,,2013 - 2014,0.55
,,2019 - 2020,
,,2022 - 2023,0.2
,Leh ladakh,2000 - 2001,0.57
,Rajauri,2001 - 2002,0.56
,,2002 - 2003,0.64
,,2003 - 2004,0.8
,,2004 - 2005,0.63
,,2005 - 2006,0.5
,Samba,2008 - 2009,0.54
,,2010 - 2011,0.55
,,2011 - 2012,0.55
,,2012 - 2013,0.55
,,2013 - 2014,0.55
,,2017 - 2018,
Jharkhand,Bokaro,2004 - 2005,0.86
,,2005 - 2006,0.71
,,2006 - 2007,0.76
,,2007 - 2008,0.81
,,2008 - 2009,0.84
,,2009 - 2010,0.82
,,2010 - 2011,0.45
,,2011 - 2012,0.84
,,2012 - 2013,1.38
,,2013 - 2014,1.23
,,2014 - 2015,1.51
,,2015 - 2016,1.27
,,2016 - 2017,1.23
,,2017 - 2018,1.37
,,2018 - 2019,0.98
,,2019 - 2020,1.6
,,2020 - 2021,1.6
,,2021 - 2022,1.1
,,2022 - 2023,1.6
,Chatra,2002 - 2003,0.87
,,2003 - 2004,0.94
,,2004 - 2005,0.74
,,2005 - 2006,0.69
,,2006 - 2007,0.93
,,2007 - 2008,1.23
,,2008 - 2009,1.06
,,2009 - 2010,1.01
,,2010 - 2011,0.41
,,2011 - 2012,1.02
,,2012 - 2013,1.42
,,2013 - 2014,1.66
,,2014 - 2015,1.02
,,2015 - 2016,0.87
,,2016 - 2017,1.38
,,2017 - 2018,1.16
,,2018 - 2019,1.14
,,2019 - 2020,1.01
,,2020 - 2021,1.17
,,2021 - 2022,1.17
,,2022 - 2023,1.1
,Deoghar,2004 - 2005,1.5
,,2005 - 2006,1.1
,,2006 - 2007,0.7
,,2007 - 2008,0.88
,,2008 - 2009,0.61
,,2009 - 2010,0.82
,,2010 - 2011,0.89
,,2011 - 2012,0.84
,,2012 - 2013,1.27
,,2013 - 2014,0.88
,,2014 - 2015,0.83
,,2015 - 2016,0.94
,,2016 - 2017,1.11
,,2017 - 2018,1.45
,,2018 - 2019,1.5
,,2019 - 2020,1.46
,,2020 - 2021,1.45
,,2021 - 2022,1.5
,,2022 - 2023,1.45
,Dhanbad,2004 - 2005,0.86
,,2006 - 2007,1.06
,,2009 - 2010,0.5
,,2010 - 2011,0.04
,,2011 - 2012,1.0
,,2012 - 2013,1.17
,,2013 - 2014,1.0
,,2014 - 2015,1.0
,,2016 - 2017,1.0
,,2017 - 2018,1.5
,,2018 - 2019,1.2
,,2019 - 2020,1.5
,,2020 - 2021,1.5
,,2021 - 2022,1.5
,,2022 - 2023,1.5
,Dumka,2004 - 2005,1.44
,,2005 - 2006,0.92
,,2006 - 2007,0.61
,,2007 - 2008,0.76
,,2008 - 2009,0.49
,,2009 - 2010,0.72
,,2010 - 2011,0.64
,,2011 - 2012,0.7
,,2012 - 2013,0.51
,,2013 - 2014,0.99
,,2014 - 2015,1.29
,,2015 - 2016,0.94
,,2016 - 2017,1.39
,,2017 - 2018,1.38
,,2018 - 2019,1.28
,,2019 - 2020,1.27
,,2020 - 2021,1.28
,,2021 - 2022,1.29
,,2022 - 2023,1.0
,East singhbum,2004 - 2005,1.22
,,2005 - 2006,1.05
,,2006 - 2007,0.73
,,2007 - 2008,1.44
,,2008 - 2009,1.02
,,2009 - 2010,0.94
,,2010 - 2011,0.61
,,2011 - 2012,0.68
,,2012 - 2013,0.74
,,2013 - 2014,0.84
,,2014 - 2015,0.74
,,2015 - 2016,0.82
,,2016 - 2017,1.69
,,2017 - 2018,0.87
,,2018 - 2019,0.9
,,2019 - 2020,0.9
,,2020 - 2021,0.95
,,2021 - 2022,0.96
,,2022 - 2023,0.98
,Garhwa,2003 - 2004,0.78
,,2004 - 2005,0.64
,,2005 - 2006,0.52
,,2006 - 2007,0.61
,,2007 - 2008,0.56
,,2008 - 2009,0.65
,,2009 - 2010,0.44
,,2010 - 2011,0.58
,,2011 - 2012,0.82
,,2012 - 2013,1.06
,,2013 - 2014,1.07
,,2014 - 2015,0.77
,,2015 - 2016,0.87
,,2016 - 2017,1.81
,,2017 - 2018,0.82
,,2018 - 2019,1.05
,,2019 - 2020,0.88
,,2020 - 2021,0.98
,,2021 - 2022,1.48
,,2022 - 2023,1.49
,Giridih,2004 - 2005,0.86
,,2005 - 2006,0.64
,,2006 - 2007,0.93
,,2007 - 2008,1.54
,,2008 - 2009,1.8
,,2009 - 2010,0.91
,,2010 - 2011,0.47
,,2011 - 2012,4.09
,,2012 - 2013,0.95
,,2013 - 2014,0.97
,,2014 - 2015,0.61
,,2015 - 2016,0.74
,,2016 - 2017,0.68
,,2017 - 2018,1.52
,,2018 - 2019,1.47
,,2019 - 2020,1.27
,,2020 - 2021,1.58
,,2021 - 2022,1.59
,,2022 - 2023,1.62
,Godda,2002 - 2003,0.89
,,2003 - 2004,0.94
,,2004 - 2005,0.9
,,2005 - 2006,0.81
,,2006 - 2007,0.89
,,2007 - 2008,0.84
,,2008 - 2009,0.61
,,2009 - 2010,0.61
,,2010 - 2011,0.85
,,2011 - 2012,0.82
,,2012 - 2013,0.98
,,2013 - 2014,0.97
,,2014 - 2015,0.5
,,2015 - 2016,0.85
,,2016 - 2017,0.55
,,2017 - 2018,1.26
,,2018 - 2019,1.44
,,2019 - 2020,1.45
,,2020 - 2021,1.5
,,2021 - 2022,1.43
,,2022 - 2023,1.05
,Gumla,2002 - 2003,0.54
,,2003 - 2004,1.54
,,2004 - 2005,0.62
,,2005 - 2006,0.57
,,2006 - 2007,0.52
,,2007 - 2008,0.46
,,2008 - 2009,0.65
,,2009 - 2010,0.72
,,2010 - 2011,0.51
,,2011 - 2012,0.72
,,2012 - 2013,0.98
,,2013 - 2014,1.15
,,2014 - 2015,1.03
,,2015 - 2016,0.75
,,2016 - 2017,1.41
,,2017 - 2018,1.51
,,2018 - 2019,1.52
,,2019 - 2020,1.52
,,2020 - 2021,1.52
,,2021 - 2022,1.02
,,2022 - 2023,0.93
,Hazaribagh,2002 - 2003,0.81
,,2003 - 2004,0.96
,,2004 - 2005,0.83
,,2005 - 2006,0.77
,,2006 - 2007,0.9
,,2007 - 2008,1.02
,,2008 - 2009,0.91
,,2009 - 2010,0.71
,,2010 - 2011,0.82
,,2011 - 2012,1.1
,,2012 - 2013,1.11
,,2013 - 2014,1.33
,,2014 - 2015,1.06
,,2015 - 2016,1.15
,,2016 - 2017,0.8
,,2017 - 2018,1.5
,,2018 - 2019,1.5
,,2019 - 2020,1.5
,,2020 - 2021,1.39
,,2021 - 2022,1.22
,,2022 - 2023,1.23
,Jamtara,2004 - 2005,0.78
,,2005 - 2006,1.23
,,2006 - 2007,0.76
,,2007 - 2008,0.63
,,2008 - 2009,0.9
,,2009 - 2010,0.8
,,2010 - 2011,0.76
,,2011 - 2012,0.5
,,2012 - 2013,0.62
,,2013 - 2014,0.48
,,2014 - 2015,0.48
,,2015 - 2016,0.67
,,2016 - 2017,0.21
,,2017 - 2018,0.8
,,2018 - 2019,0.8
,,2019 - 2020,1.15
,,2020 - 2021,1.3
,,2021 - 2022,1.35
,,2022 - 2023,1.18
,Khunti,2008 - 2009,0.27
,,2009 - 2010,0.71
,,2010 - 2011,0.74
,,2011 - 2012,0.62
,,2012 - 2013,1.02
,,2013 - 2014,0.83
,,2014 - 2015,0.71
,,2015 - 2016,0.78
,,2016 - 2017,1.22
,,2017 - 2018,1.5
,,2018 - 2019,1.45
,,2019 - 2020,1.45
,,2020 - 2021,1.2
,,2021 - 2022,1.2
,,2022 - 2023,1.3
,Koderma,2004 - 2005,0.85
,,2005 - 2006,1.02
,,2006 - 2007,1.03
,,2007 - 2008,0.97
,,2008 - 2009,0.92
,,2009 - 2010,0.97
,,2010 - 2011,0.53
,,2011 - 2012,1.28
,,2012 - 2013,1.0
,,2013 - 2014,1.13
,,2014 - 2015,1.09
,,2015 - 2016,1.11
,,2016 - 2017,1.38
,,2017 - 2018,1.5
,,2018 - 2019,1.5
,,2019 - 2020,1.5
,,2020 - 2021,1.5
,,2021 - 2022,1.2
,,2022 - 2023,1.2
,Latehar,2003 - 2004,0.63
,,2004 - 2005,0.98
,,2005 - 2006,0.67
,,2006 - 2007,0.45
,,2007 - 2008,0.65
,,2008 - 2009,0.45
,,2009 - 2010,1.94
,,2010 - 2011,0.52
,,2011 - 2012,0.96
,,2012 - 2013,0.83
,,2013 - 2014,0.67
,,2014 - 2015,0.68
,,2015 - 2016,0.75
,,2016 - 2017,0.95
,,2017 - 2018,0.63
,,2018 - 2019,0.65
,,2019 - 2020,0.64
,,2020 - 2021,0.64
,,2021 - 2022,0.64
,,2022 - 2023,0.64
,Lohardaga,2004 - 2005,0.63
,,2005 - 2006,0.71
,,2006 - 2007,0.53
,,2007 - 2008,0.45
,,2008 - 2009,1.1
,,2009 - 2010,1.03
,,2010 - 2011,0.75
,,2011 - 2012,1.02
,,2012 - 2013,0.83
,,2013 - 2014,0.95
,,2014 - 2015,0.71
,,2015 - 2016,0.86
,,2016 - 2017,0.82
,,2017 - 2018,0.99
,,2018 - 2019,1.02
,,2019 - 2020,1.02
,,2020 - 2021,0.9
,,2021 - 2022,0.82
,,2022 - 2023,1.02
,Pakur,2002 - 2003,1.27
,,2003 - 2004,1.27
,,2004 - 2005,1.13
,,2005 - 2006,0.73
,,2006 - 2007,1.21
,,2007 - 2008,0.75
,,2008 - 2009,0.89
,,2009 - 2010,0.82
,,2010 - 2011,0.82
,,2011 - 2012,0.83
,,2012 - 2013,0.84
,,2013 - 2014,0.83
,,2014 - 2015,0.61
,,2015 - 2016,0.93
,,2016 - 2017,0.97
,,2017 - 2018,0.96
,,2018 - 2019,0.96
,,2019 - 2020,0.96
,,2020 - 2021,0.96
,,2021 - 2022,0.85
,,2022 - 2023,0.5
,Palamu,2002 - 2003,0.8
,,2003 - 2004,0.75
,,2004 - 2005,0.68
,,2005 - 2006,0.62
,,2006 - 2007,0.83
,,2007 - 2008,0.76
,,2008 - 2009,0.79
,,2009 - 2010,0.7
,,2010 - 2011,0.73
,,2011 - 2012,1.01
,,2012 - 2013,1.08
,,2013 - 2014,1.06
,,2014 - 2015,0.84
,,2015 - 2016,0.84
,,2016 - 2017,1.06
,,2017 - 2018,0.8
,,2018 - 2019,0.72
,,2019 - 2020,0.81
,,2020 - 2021,0.8
,,2021 - 2022,0.81
,,2022 - 2023,0.79
,Ramgarh,2008 - 2009,1.03
,,2009 - 2010,0.75
,,2010 - 2011,0.86
,,2011 - 2012,0.82
,,2012 - 2013,2.4
,,2013 - 2014,0.85
,,2014 - 2015,1.27
,,2015 - 2016,0.92
,,2016 - 2017,0.86
,,2017 - 2018,1.5
,,2018 - 2019,1.5
,,2019 - 2020,1.5
,,2020 - 2021,1.35
,,2021 - 2022,1.33
,,2022 - 2023,1.33
,Ranchi,2002 - 2003,0.73
,,2003 - 2004,0.87
,,2004 - 2005,0.78
,,2005 - 2006,0.7
,,2006 - 2007,0.43
,,2007 - 2008,1.27
,,2008 - 2009,0.49
,,2009 - 2010,0.86
,,2010 - 2011,0.98
,,2011 - 2012,1.06
,,2012 - 2013,1.05
,,2013 - 2014,1.38
,,2014 - 2015,1.06
,,2015 - 2016,0.94
,,2016 - 2017,1.16
,,2017 - 2018,1.1
,,2018 - 2019,1.0
,,2019 - 2020,1.0
,,2020 - 2021,1.0
,,2021 - 2022,1.0
,,2022 - 2023,1.0
,Sahebganj,2002 - 2003,1.11
,,2003 - 2004,0.96
,,2004 - 2005,0.94
,,2005 - 2006,0.76
,,2006 - 2007,0.58
,,2007 - 2008,0.87
,,2008 - 2009,0.61
,,2009 - 2010,0.73
,,2010 - 2011,0.94
,,2011 - 2012,0.91
,,2012 - 2013,0.93
,,2013 - 2014,0.85
,,2014 - 2015,0.96
,,2015 - 2016,0.92
,,2016 - 2017,0.93
,,2017 - 2018,1.01
,,2018 - 2019,0.81
,,2019 - 2020,0.84
,,2020 - 2021,1.94
,,2021 - 2022,1.05
,,2022 - 2023,0.97
,Saraikela kharsawan,2004 - 2005,0.96
,,2005 - 2006,0.56
,,2006 - 2007,0.74
,,2007 - 2008,0.98
,,2008 - 2009,0.74
,,2009 - 2010,0.79
,,2010 - 2011,0.57
,,2011 - 2012,0.71
,,2012 - 2013,0.8
,,2013 - 2014,0.73
,,2014 - 2015,0.6
,,2015 - 2016,0.85
,,2016 - 2017,1.47
,,2017 - 2018,1.7
,,2018 - 2019,1.35
,,2019 - 2020,1.75
,,2020 - 2021,1.75
,,2021 - 2022,1.75
,,2022 - 2023,1.75
,Simdega,2003 - 2004,0.55
,,2004 - 2005,0.16
,,2005 - 2006,0.57
,,2006 - 2007,0.76
,,2007 - 2008,0.49
,,2008 - 2009,0.63
,,2009 - 2010,0.82
,,2010 - 2011,0.33
,,2011 - 2012,0.8
,,2012 - 2013,0.73
,,2013 - 2014,0.85
,,2014 - 2015,0.76
,,2015 - 2016,0.83
,,2016 - 2017,1.23
,,2017 - 2018,1.63
,,2018 - 2019,1.63
,,2019 - 2020,1.3
,,2020 - 2021,1.35
,,2021 - 2022,1.3
,,2022 - 2023,1.2
,West singhbhum,2002 - 2003,0.82
,,2003 - 2004,0.7
,,2004 - 2005,0.54
,,2005 - 2006,0.48
,,2006 - 2007,0.73
,,2007 - 2008,1.12
,,2008 - 2009,0.8
,,2009 - 2010,0.76
,,2010 - 2011,0.61
,,2011 - 2012,0.87
,,2012 - 2013,1.06
,,2013 - 2014,1.07
,,2014 - 2015,1.07
,,2015 - 2016,0.64
,,2016 - 2017,1.0
,,2017 - 2018,1.12
,,2018 - 2019,1.02
,,2019 - 2020,1.06
,,2020 - 2021,1.09
,,2021 - 2022,1.09
,,2022 - 2023,1.12
Karnataka,Bagalkot,2000 - 2001,0.6
,,2001 - 2002,0.7
,,2002 - 2003,0.67
,,2003 - 2004,0.16
,,2004 - 2005,0.49
,,2005 - 2006,0.57
,,2006 - 2007,0.32
,,2007 - 2008,0.7
,,2008 - 2009,0.42
,,2009 - 2010,0.38
,,2010 - 2011,0.65
,,2011 - 2012,0.46
,,2012 - 2013,0.53
,,2013 - 2014,0.78
,,2014 - 2015,0.6
,,2015 - 2016,0.47
,,2016 - 2017,0.32
,,2017 - 2018,0.7
,,2018 - 2019,0.41
,,2019 - 2020,0.83
,,2020 - 2021,0.87
,,2021 - 2022,0.73
,,2022 - 2023,0.84
,Bangalore rural,2000 - 2001,0.65
,,2001 - 2002,0.58
,,2003 - 2004,0.33
,,2004 - 2005,0.51
,,2005 - 2006,0.55
,,2006 - 2007,0.74
,,2007 - 2008,0.6
,,2008 - 2009,0.54
,,2009 - 2010,0.47
,,2010 - 2011,0.61
,,2011 - 2012,0.4
,,2012 - 2013,0.64
,,2013 - 2014,0.76
,,2014 - 2015,0.72
,,2015 - 2016,0.39
,,2016 - 2017,0.59
,,2017 - 2018,0.77
,,2018 - 2019,0.48
,,2019 - 2020,0.75
,,2020 - 2021,0.63
,,2021 - 2022,0.69
,,2022 - 2023,0.68
,Belgaum,2000 - 2001,0.54
,,2001 - 2002,0.35
,,2002 - 2003,0.36
,,2003 - 2004,0.18
,,2004 - 2005,0.49
,,2005 - 2006,0.5
,,2006 - 2007,0.41
,,2007 - 2008,0.53
,,2008 - 2009,0.49
,,2009 - 2010,0.21
,,2010 - 2011,0.63
,,2011 - 2012,0.46
,,2012 - 2013,0.51
,,2013 - 2014,0.5
,,2014 - 2015,0.62
,,2015 - 2016,0.3
,,2016 - 2017,0.5
,,2017 - 2018,0.75
,,2018 - 2019,0.78
,,2019 - 2020,0.68
,,2020 - 2021,0.73
,,2021 - 2022,0.81
,,2022 - 2023,0.75
,Bellary,2000 - 2001,1.02
,,2001 - 2002,0.78
,,2002 - 2003,0.61
,,2003 - 2004,0.48
,,2004 - 2005,0.42
,,2005 - 2006,0.72
,,2006 - 2007,0.47
,,2007 - 2008,0.56
,,2008 - 2009,0.66
,,2009 - 2010,0.25
,,2010 - 2011,0.61
,,2011 - 2012,0.58
,,2012 - 2013,0.84
,,2013 - 2014,0.86
,,2014 - 2015,0.75
,,2015 - 2016,0.65
,,2016 - 2017,0.28
,,2017 - 2018,0.99
,,2018 - 2019,0.54
,,2019 - 2020,0.72
,,2020 - 2021,0.71
,,2021 - 2022,0.72
,,2022 - 2023,0.6
,Bengaluru urban,2002 - 2003,0.67
,,2003 - 2004,0.46
,,2004 - 2005,0.52
,,2006 - 2007,
,,2009 - 2010,0.48
,,2010 - 2011,0.8
,,2011 - 2012,0.5
,,2013 - 2014,1.0
,,2014 - 2015,0.73
,,2015 - 2016,0.33
,,2018 - 2019,0.5
,,2019 - 2020,0.74
,,2020 - 2021,0.64
,,2021 - 2022,0.64
,,2022 - 2023,0.67
,Bidar,2000 - 2001,0.62
,,2001 - 2002,0.66
,,2002 - 2003,0.63
,,2003 - 2004,0.56
,,2004 - 2005,0.52
,,2005 - 2006,0.51
,,2006 - 2007,0.69
,,2007 - 2008,0.49
,,2008 - 2009,0.57
,,2010 - 2011,0.65
,,2011 - 2012,0.51
,,2012 - 2013,0.8
,,2013 - 2014,0.78
,,2014 - 2015,0.54
,,2015 - 2016,0.25
,,2016 - 2017,0.83
,,2017 - 2018,0.88
,,2018 - 2019,0.39
,,2019 - 2020,0.74
,,2020 - 2021,0.62
,,2021 - 2022,0.62
,,2022 - 2023,0.7
,Bijapur,2000 - 2001,0.61
,,2001 - 2002,0.65
,,2002 - 2003,0.56
,,2003 - 2004,0.23
,,2004 - 2005,0.51
,,2005 - 2006,0.41
,,2006 - 2007,0.42
,,2007 - 2008,0.67
,,2008 - 2009,0.61
,,2009 - 2010,0.23
,,2010 - 2011,0.68
,,2011 - 2012,0.29
,,2012 - 2013,0.62
,,2013 - 2014,0.68
,,2014 - 2015,0.67
,,2015 - 2016,0.24
,,2016 - 2017,0.56
,,2017 - 2018,0.74
,,2018 - 2019,0.46
,,2019 - 2020,0.57
,,2020 - 2021,0.62
,,2021 - 2022,0.66
,,2022 - 2023,0.72
,Chamarajanagar,2000 - 2001,0.65
,,2001 - 2002,0.59
,,2002 - 2003,0.51
,,2003 - 2004,0.32
,,2004 - 2005,0.95
,,2005 - 2006,0.6
,,2006 - 2007,0.43
,,2007 - 2008,0.39
,,2008 - 2009,0.59
,,2009 - 2010,0.59
,,2010 - 2011,0.55
,,2011 - 2012,0.56
,,2012 - 2013,0.29
,,2013 - 2014,0.56
,,2014 - 2015,0.6
,,2015 - 2016,0.59
,,2016 - 2017,0.01
,,2017 - 2018,0.72
,,2018 - 2019,0.58
,,2019 - 2020,0.84
,,2020 - 2021,0.78
,,2021 - 2022,0.71
,,2022 - 2023,0.8
,Chikballapur,2008 - 2009,0.71
,,2009 - 2010,0.44
,,2010 - 2011,0.64
,,2011 - 2012,0.41
,,2012 - 2013,0.64
,,2013 - 2014,0.76
,,2014 - 2015,0.71
,,2015 - 2016,0.39
,,2016 - 2017,0.59
,,2017 - 2018,0.77
,,2018 - 2019,0.48
,,2019 - 2020,0.74
,,2020 - 2021,0.63
,,2021 - 2022,0.69
,,2022 - 2023,0.68
,Chikmagalur,2000 - 2001,0.51
,,2001 - 2002,0.33
,,2002 - 2003,0.43
,,2003 - 2004,0.36
,,2004 - 2005,0.43
,,2005 - 2006,0.31
,,2006 - 2007,0.16
,,2007 - 2008,0.41
,,2008 - 2009,0.47
,,2009 - 2010,0.69
,,2010 - 2011,0.74
,,2011 - 2012,0.6
,,2012 - 2013,0.63
,,2013 - 2014,0.78
,,2014 - 2015,0.92
,,2015 - 2016,1.21
,,2016 - 2017,0.25
,,2017 - 2018,0.72
,,2018 - 2019,0.72
,,2019 - 2020,0.79
,,2020 - 2021,0.83
,,2021 - 2022,0.83
,,2022 - 2023,0.75
,Chitradurga,2000 - 2001,0.62
,,2001 - 2002,0.43
,,2002 - 2003,0.39
,,2003 - 2004,0.52
,,2004 - 2005,0.29
,,2005 - 2006,0.35
,,2006 - 2007,0.2
,,2007 - 2008,0.44
,,2008 - 2009,0.38
,,2009 - 2010,0.34
,,2010 - 2011,0.72
,,2011 - 2012,0.34
,,2012 - 2013,0.46
,,2013 - 2014,0.5
,,2014 - 2015,0.67
,,2015 - 2016,0.64
,,2016 - 2017,0.11
,,2017 - 2018,0.73
,,2018 - 2019,0.41
,,2019 - 2020,0.68
,,2020 - 2021,0.65
,,2021 - 2022,0.61
,,2022 - 2023,0.76
,Dakshin kannad,2009 - 2010,0.47
,Davangere,2000 - 2001,0.62
,,2001 - 2002,0.42
,,2002 - 2003,0.39
,,2003 - 2004,0.21
,,2004 - 2005,0.23
,,2005 - 2006,0.31
,,2006 - 2007,0.16
,,2007 - 2008,0.28
,,2008 - 2009,0.26
,,2009 - 2010,0.63
,,2010 - 2011,0.43
,,2011 - 2012,0.36
,,2012 - 2013,0.71
,,2013 - 2014,0.27
,,2014 - 2015,0.66
,,2015 - 2016,0.35
,,2016 - 2017,0.12
,,2017 - 2018,0.56
,,2018 - 2019,0.46
,,2019 - 2020,0.51
,,2020 - 2021,0.48
,,2021 - 2022,0.6
,,2022 - 2023,0.53
,Dharwad,2000 - 2001,0.59
,,2001 - 2002,0.21
,,2002 - 2003,0.29
,,2003 - 2004,0.03
,,2004 - 2005,0.45
,,2005 - 2006,0.6
,,2006 - 2007,0.66
,,2007 - 2008,0.58
,,2008 - 2009,0.73
,,2009 - 2010,0.53
,,2010 - 2011,0.76
,,2011 - 2012,0.39
,,2012 - 2013,0.35
,,2013 - 2014,0.67
,,2014 - 2015,0.82
,,2015 - 2016,0.24
,,2016 - 2017,0.17
,,2017 - 2018,0.56
,,2018 - 2019,0.3
,,2019 - 2020,0.7
,,2020 - 2021,0.52
,,2021 - 2022,0.8
,,2022 - 2023,0.73
,Gadag,2000 - 2001,0.47
,,2001 - 2002,0.18
,,2002 - 2003,0.15
,,2003 - 2004,0.11
,,2004 - 2005,0.63
,,2005 - 2006,0.53
,,2006 - 2007,0.27
,,2007 - 2008,0.46
,,2008 - 2009,0.42
,,2009 - 2010,0.57
,,2010 - 2011,0.46
,,2011 - 2012,0.2
,,2012 - 2013,0.37
,,2013 - 2014,0.62
,,2014 - 2015,0.64
,,2015 - 2016,0.27
,,2016 - 2017,0.12
,,2017 - 2018,0.44
,,2018 - 2019,0.15
,,2019 - 2020,0.58
,,2020 - 2021,0.44
,,2021 - 2022,0.56
,,2022 - 2023,0.52
,Gulbarga,2000 - 2001,0.79
,,2001 - 2002,0.78
,,2002 - 2003,0.77
,,2003 - 2004,0.61
,,2004 - 2005,0.7
,,2005 - 2006,0.74
,,2006 - 2007,0.55
,,2007 - 2008,0.68
,,2008 - 2009,0.63
,,2009 - 2010,0.44
,,2010 - 2011,0.71
,,2011 - 2012,0.7
,,2012 - 2013,0.81
,,2013 - 2014,0.9
,,2014 - 2015,0.84
,,2015 - 2016,0.43
,,2016 - 2017,1.17
,,2017 - 2018,1.12
,,2018 - 2019,0.81
,,2019 - 2020,1.16
,,2020 - 2021,1.08
,,2021 - 2022,0.79
,,2022 - 2023,0.96
,Hassan,2000 - 2001,0.49
,,2001 - 2002,0.59
,,2002 - 2003,0.51
,,2003 - 2004,0.34
,,2004 - 2005,0.38
,,2005 - 2006,0.45
,,2006 - 2007,0.53
,,2007 - 2008,0.56
,,2008 - 2009,0.82
,,2009 - 2010,0.48
,,2010 - 2011,0.68
,,2011 - 2012,0.66
,,2012 - 2013,0.51
,,2013 - 2014,0.58
,,2014 - 2015,1.03
,,2015 - 2016,0.63
,,2016 - 2017,0.1
,,2017 - 2018,0.76
,,2018 - 2019,0.61
,,2019 - 2020,0.56
,,2020 - 2021,0.51
,,2021 - 2022,0.62
,,2022 - 2023,0.58
,Haveri,2000 - 2001,0.65
,,2001 - 2002,0.59
,,2002 - 2003,0.41
,,2003 - 2004,0.33
,,2004 - 2005,0.26
,,2005 - 2006,0.34
,,2006 - 2007,0.25
,,2007 - 2008,0.35
,,2008 - 2009,0.37
,,2009 - 2010,0.57
,,2010 - 2011,0.4
,,2011 - 2012,0.31
,,2012 - 2013,0.37
,,2013 - 2014,0.4
,,2014 - 2015,0.52
,,2015 - 2016,0.38
,,2016 - 2017,0.14
,,2017 - 2018,0.46
,,2018 - 2019,0.4
,,2019 - 2020,0.49
,,2020 - 2021,0.59
,,2021 - 2022,0.56
,,2022 - 2023,0.64
,Kodagu,2003 - 2004,0.36
,,2004 - 2005,0.52
,,2005 - 2006,0.5
,,2006 - 2007,0.8
,,2007 - 2008,0.6
,,2009 - 2010,0.47
,,2020 - 2021,1.0
,Kolar,2001 - 2002,0.6
,,2004 - 2005,0.75
,,2005 - 2006,0.69
,,2006 - 2007,
,,2009 - 2010,0.3
,,2010 - 2011,0.62
,,2011 - 2012,0.39
,,2012 - 2013,0.67
,,2013 - 2014,0.79
,,2014 - 2015,0.75
,,2018 - 2019,0.48
,,2019 - 2020,0.75
,,2020 - 2021,0.63
,,2021 - 2022,0.68
,,2022 - 2023,0.7
,Koppal,2000 - 2001,0.56
,,2001 - 2002,0.37
,,2002 - 2003,0.12
,,2003 - 2004,0.09
,,2004 - 2005,0.9
,,2005 - 2006,0.39
,,2006 - 2007,0.13
,,2007 - 2008,0.52
,,2008 - 2009,0.38
,,2009 - 2010,0.18
,,2010 - 2011,0.61
,,2011 - 2012,0.19
,,2012 - 2013,0.59
,,2013 - 2014,0.58
,,2014 - 2015,0.6
,,2015 - 2016,0.31
,,2016 - 2017,0.51
,,2017 - 2018,0.44
,,2018 - 2019,0.3
,,2019 - 2020,0.41
,,2020 - 2021,0.47
,,2021 - 2022,0.45
,,2022 - 2023,0.38
,Mandya,2002 - 2003,0.51
,,2003 - 2004,0.32
,,2004 - 2005,0.76
,,2005 - 2006,0.67
,,2006 - 2007,0.71
,,2007 - 2008,0.76
,,2008 - 2009,0.5
,,2009 - 2010,0.43
,,2010 - 2011,0.75
,,2012 - 2013,0.64
,,2013 - 2014,0.76
,,2014 - 2015,0.72
,,2015 - 2016,0.39
,,2016 - 2017,0.58
,,2017 - 2018,0.77
,,2018 - 2019,0.49
,,2019 - 2020,0.74
,,2020 - 2021,0.63
,,2021 - 2022,0.69
,,2022 - 2023,1.0
,Mysore,2000 - 2001,0.65
,,2001 - 2002,0.59
,,2002 - 2003,0.44
,,2003 - 2004,0.36
,,2004 - 2005,0.38
,,2005 - 2006,0.55
,,2006 - 2007,0.41
,,2007 - 2008,1.19
,,2008 - 2009,0.55
,,2009 - 2010,0.55
,,2010 - 2011,1.13
,,2011 - 2012,0.78
,,2012 - 2013,0.32
,,2013 - 2014,0.54
,,2014 - 2015,0.69
,,2015 - 2016,0.76
,,2016 - 2017,0.59
,,2017 - 2018,0.87
,,2018 - 2019,0.69
,,2019 - 2020,0.48
,,2020 - 2021,0.52
,,2021 - 2022,0.64
,,2022 - 2023,0.63
,Raichur,2000 - 2001,0.48
,,2001 - 2002,0.59
,,2002 - 2003,0.47
,,2003 - 2004,0.38
,,2004 - 2005,0.48
,,2005 - 2006,0.53
,,2006 - 2007,0.49
,,2007 - 2008,0.61
,,2008 - 2009,0.36
,,2009 - 2010,0.25
,,2010 - 2011,0.45
,,2011 - 2012,0.38
,,2012 - 2013,0.94
,,2013 - 2014,0.99
,,2014 - 2015,0.96
,,2015 - 2016,0.64
,,2016 - 2017,0.66
,,2017 - 2018,1.0
,,2018 - 2019,0.53
,,2019 - 2020,1.07
,,2020 - 2021,0.65
,,2021 - 2022,1.01
,,2022 - 2023,0.94
,Ramanagara,2007 - 2008,0.76
,,2009 - 2010,0.51
,,2012 - 2013,0.64
,,2013 - 2014,0.77
,,2014 - 2015,0.72
,,2015 - 2016,0.33
,,2018 - 2019,0.49
,,2019 - 2020,0.74
,,2020 - 2021,0.62
,,2021 - 2022,0.71
,,2022 - 2023,0.7
,Shimoga,2000 - 2001,0.65
,,2001 - 2002,0.6
,,2002 - 2003,0.51
,,2003 - 2004,0.32
,,2004 - 2005,0.51
,,2005 - 2006,0.57
,,2006 - 2007,0.49
,,2007 - 2008,0.67
,,2008 - 2009,0.66
,,2009 - 2010,0.47
,,2010 - 2011,0.62
,,2011 - 2012,0.42
,,2012 - 2013,0.65
,,2013 - 2014,0.77
,,2014 - 2015,0.69
,,2015 - 2016,0.33
,,2016 - 2017,0.67
,,2017 - 2018,0.78
,,2018 - 2019,0.45
,,2019 - 2020,0.8
,,2020 - 2021,0.6
,,2021 - 2022,0.75
,Tumkur,2000 - 2001,0.64
,,2001 - 2002,0.59
,,2002 - 2003,0.51
,,2003 - 2004,0.32
,,2004 - 2005,0.96
,,2005 - 2006,0.55
,,2006 - 2007,0.41
,,2007 - 2008,0.57
,,2008 - 2009,0.51
,,2009 - 2010,0.35
,,2010 - 2011,0.61
,,2011 - 2012,0.4
,,2012 - 2013,0.64
,,2013 - 2014,0.76
,,2014 - 2015,0.72
,,2015 - 2016,0.13
,,2016 - 2017,0.59
,,2017 - 2018,0.77
,,2018 - 2019,0.51
,,2019 - 2020,0.49
,,2020 - 2021,0.54
,,2021 - 2022,0.33
,,2022 - 2023,1.0
,Udupi,2005 - 2006,0.58
,,2006 - 2007,0.5
,,2009 - 2010,1.01
,,2019 - 2020,0.75
,Uttar kannad,2000 - 2001,0.66
,,2001 - 2002,0.57
,,2002 - 2003,0.5
,,2003 - 2004,0.3
,,2004 - 2005,0.57
,,2005 - 2006,0.53
,,2006 - 2007,0.5
,,2007 - 2008,0.56
,,2008 - 2009,0.5
,,2009 - 2010,0.47
,,2010 - 2011,0.6
,,2011 - 2012,0.5
,,2012 - 2013,0.75
,,2013 - 2014,0.77
,,2014 - 2015,0.72
,,2015 - 2016,0.43
,,2016 - 2017,0.5
,,2017 - 2018,0.67
,,2018 - 2019,0.4
,,2019 - 2020,0.73
,,2020 - 2021,0.64
,,2021 - 2022,1.0
,,2022 - 2023,0.67
,Vijayanagar,2022 - 2023,0.48
,Yadgir,2010 - 2011,0.66
,,2011 - 2012,0.37
,,2012 - 2013,0.59
,,2013 - 2014,0.71
,,2014 - 2015,0.69
,,2015 - 2016,0.37
,,2016 - 2017,0.86
,,2017 - 2018,0.74
,,2018 - 2019,0.51
,,2019 - 2020,0.91
,,2020 - 2021,0.81
,,2021 - 2022,0.51
,,2022 - 2023,0.44
Kerala,Alappuzha,2018 - 2019,
,,2019 - 2020,
,,2020 - 2021,
,,2021 - 2022,
,,2022 - 2023,
,Kannur,2018 - 2019,
,,2019 - 2020,
,,2020 - 2021,
,,2021 - 2022,
,,2022 - 2023,
,Kasaragod,2018 - 2019,
,,2019 - 2020,
,,2020 - 2021,
,,2021 - 2022,
,,2022 - 2023,
,Kollam,2018 - 2019,
,,2019 - 2020,
,,2020 - 2021,
,,2021 - 2022,
,,2022 - 2023,
,Kozhikode,2020 - 2021,
,,2021 - 2022,
,,2022 - 2023,
,Malappuram,2018 - 2019,
,,2019 - 2020,
,,2020 - 2021,
,Palakkad,2018 - 2019,
,,2019 - 2020,
,,2020 - 2021,
,,2021 - 2022,
,,2022 - 2023,
,Pathanamthitta,2018 - 2019,
,,2021 - 2022,
,Thiruvananthapuram,2018 - 2019,
,,2019 - 2020,
,,2020 - 2021,
,,2021 - 2022,
,,2022 - 2023,
,Wayanad,2021 - 2022,
,,2022 - 2023,
Madhya Pradesh,Agar malwa,2013 - 2014,0.64
,,2014 - 2015,1.52
,,2015 - 2016,1.0
,,2016 - 2017,0.98
,,2017 - 2018,1.5
,,2018 - 2019,0.76
,,2019 - 2020,1.25
,,2020 - 2021,1.64
,,2021 - 2022,1.07
,,2022 - 2023,1.02
,Alirajpur,2008 - 2009,0.56
,,2009 - 2010,
,,2010 - 2011,0.56
,,2011 - 2012,0.5
,,2012 - 2013,0.53
,,2013 - 2014,0.96
,,2014 - 2015,1.0
,,2015 - 2016,1.1
,,2016 - 2017,1.17
,,2017 - 2018,1.02
,,2018 - 2019,1.31
,,2019 - 2020,1.64
,,2020 - 2021,1.11
,,2021 - 2022,1.27
,,2022 - 2023,0.78
,Anuppur,2003 - 2004,0.54
,,2004 - 2005,0.49
,,2005 - 2006,0.43
,,2006 - 2007,0.39
,,2007 - 2008,0.34
,,2008 - 2009,0.4
,,2009 - 2010,
,,2010 - 2011,0.27
,,2011 - 2012,0.51
,,2012 - 2013,0.49
,,2013 - 2014,0.52
,,2014 - 2015,0.83
,,2015 - 2016,0.53
,,2016 - 2017,0.8
,,2017 - 2018,1.05
,,2018 - 2019,0.64
,,2019 - 2020,0.97
,,2020 - 2021,1.12
,,2021 - 2022,1.36
,,2022 - 2023,0.74
,Ashoknagar,2003 - 2004,0.77
,,2004 - 2005,0.79
,,2005 - 2006,0.9
,,2006 - 2007,0.95
,,2007 - 2008,0.52
,,2008 - 2009,1.06
,,2009 - 2010,
,,2010 - 2011,0.81
,,2011 - 2012,1.33
,,2012 - 2013,1.52
,,2013 - 2014,0.7
,,2014 - 2015,1.07
,,2015 - 2016,1.25
,,2016 - 2017,1.25
,,2017 - 2018,1.01
,,2018 - 2019,1.5
,,2019 - 2020,1.42
,,2020 - 2021,1.8
,,2021 - 2022,2.0
,,2022 - 2023,1.39
,Balaghat,2000 - 2001,0.76
,,2001 - 2002,0.82
,,2002 - 2003,0.86
,,2003 - 2004,0.84
,,2004 - 2005,0.8
,,2005 - 2006,0.79
,,2006 - 2007,0.88
,,2007 - 2008,0.76
,,2008 - 2009,0.83
,,2009 - 2010,
,,2010 - 2011,1.04
,,2011 - 2012,1.06
,,2012 - 2013,0.95
,,2013 - 2014,0.84
,,2014 - 2015,0.47
,,2015 - 2016,1.15
,,2016 - 2017,1.42
,,2017 - 2018,1.5
,,2018 - 2019,1.25
,,2019 - 2020,1.41
,,2020 - 2021,1.43
,,2021 - 2022,1.9
,,2022 - 2023,1.06
,Barwani,2000 - 2001,0.5
,,2001 - 2002,0.57
,,2002 - 2003,0.59
,,2003 - 2004,0.58
,,2004 - 2005,0.53
,,2005 - 2006,0.5
,,2006 - 2007,0.6
,,2007 - 2008,0.47
,,2008 - 2009,0.62
,,2009 - 2010,
,,2010 - 2011,0.59
,,2011 - 2012,0.64
,,2012 - 2013,1.16
,,2013 - 2014,1.09
,,2014 - 2015,1.56
,,2015 - 2016,1.33
,,2016 - 2017,2.0
,,2017 - 2018,1.62
,,2018 - 2019,2.73
,,2019 - 2020,1.67
,,2020 - 2021,1.7
,,2021 - 2022,1.86
,,2022 - 2023,1.71
,Betul,2000 - 2001,0.38
,,2001 - 2002,0.54
,,2002 - 2003,0.46
,,2003 - 2004,0.64
,,2004 - 2005,0.61
,,2005 - 2006,0.68
,,2006 - 2007,0.68
,,2007 - 2008,0.6
,,2008 - 2009,0.62
,,2009 - 2010,
,,2010 - 2011,0.36
,,2011 - 2012,1.29
,,2012 - 2013,1.2
,,2013 - 2014,0.66
,,2014 - 2015,0.84
,,2015 - 2016,1.05
,,2016 - 2017,1.16
,,2017 - 2018,1.49
,,2018 - 2019,1.68
,,2019 - 2020,1.23
,,2020 - 2021,1.94
,,2021 - 2022,1.27
,,2022 - 2023,1.03
,Bhind,2000 - 2001,0.72
,,2001 - 2002,1.32
,,2002 - 2003,1.01
,,2003 - 2004,1.35
,,2004 - 2005,1.09
,,2005 - 2006,1.05
,,2006 - 2007,0.86
,,2007 - 2008,0.73
,,2008 - 2009,1.23
,,2009 - 2010,
,,2010 - 2011,1.3
,,2011 - 2012,1.15
,,2012 - 2013,1.47
,,2013 - 2014,1.04
,,2014 - 2015,0.97
,,2015 - 2016,0.86
,,2016 - 2017,1.56
,,2017 - 2018,1.56
,,2018 - 2019,1.59
,,2019 - 2020,1.24
,,2020 - 2021,1.83
,,2021 - 2022,1.91
,,2022 - 2023,1.36
,Bhopal,2000 - 2001,0.89
,,2001 - 2002,0.98
,,2002 - 2003,0.93
,,2003 - 2004,0.99
,,2004 - 2005,0.95
,,2005 - 2006,1.07
,,2006 - 2007,1.02
,,2007 - 2008,0.89
,,2008 - 2009,0.91
,,2009 - 2010,
,,2010 - 2011,0.65
,,2011 - 2012,1.5
,,2012 - 2013,1.23
,,2013 - 2014,1.0
,,2014 - 2015,1.03
,,2015 - 2016,1.26
,,2016 - 2017,1.34
,,2017 - 2018,1.26
,,2018 - 2019,1.22
,,2019 - 2020,1.66
,,2020 - 2021,1.33
,,2021 - 2022,1.6
,,2022 - 2023,1.4
,Burhanpur,2003 - 2004,1.14
,,2004 - 2005,1.0
,,2005 - 2006,1.02
,,2006 - 2007,1.0
,,2007 - 2008,0.76
,,2008 - 2009,0.83
,,2009 - 2010,
,,2010 - 2011,0.9
,,2011 - 2012,1.12
,,2012 - 2013,1.11
,,2013 - 2014,0.93
,,2014 - 2015,1.71
,,2015 - 2016,1.29
,,2016 - 2017,1.57
,,2017 - 2018,1.62
,,2018 - 2019,1.86
,,2019 - 2020,2.02
,,2020 - 2021,1.91
,,2021 - 2022,1.87
,,2022 - 2023,1.97
,Chhatarpur,2000 - 2001,0.88
,,2001 - 2002,1.12
,,2002 - 2003,0.99
,,2003 - 2004,1.15
,,2004 - 2005,1.14
,,2005 - 2006,1.06
,,2006 - 2007,0.79
,,2007 - 2008,0.73
,,2008 - 2009,1.03
,,2009 - 2010,
,,2010 - 2011,0.93
,,2011 - 2012,1.51
,,2012 - 2013,1.27
,,2013 - 2014,0.3
,,2014 - 2015,0.61
,,2015 - 2016,0.86
,,2016 - 2017,1.5
,,2017 - 2018,1.21
,,2018 - 2019,1.66
,,2019 - 2020,1.64
,,2020 - 2021,1.89
,,2021 - 2022,1.62
,,2022 - 2023,1.9
,Chhindwara,2000 - 2001,0.84
,,2001 - 2002,0.77
,,2002 - 2003,0.81
,,2003 - 2004,1.33
,,2004 - 2005,1.16
,,2005 - 2006,1.16
,,2006 - 2007,1.18
,,2007 - 2008,1.13
,,2008 - 2009,1.16
,,2009 - 2010,
,,2010 - 2011,1.33
,,2011 - 2012,2.5
,,2012 - 2013,2.83
,,2013 - 2014,2.47
,,2014 - 2015,0.74
,,2015 - 2016,1.22
,,2016 - 2017,1.39
,,2017 - 2018,1.6
,,2018 - 2019,2.21
,,2019 - 2020,2.74
,,2020 - 2021,1.98
,,2021 - 2022,1.94
,,2022 - 2023,2.03
,Damoh,2000 - 2001,0.65
,,2001 - 2002,0.78
,,2002 - 2003,0.2
,,2003 - 2004,0.82
,,2004 - 2005,0.79
,,2005 - 2006,0.86
,,2006 - 2007,0.92
,,2007 - 2008,0.67
,,2008 - 2009,0.96
,,2009 - 2010,
,,2010 - 2011,0.54
,,2011 - 2012,0.95
,,2012 - 2013,1.12
,,2013 - 2014,0.38
,,2014 - 2015,0.56
,,2015 - 2016,1.07
,,2016 - 2017,1.4
,,2017 - 2018,1.5
,,2018 - 2019,1.46
,,2019 - 2020,1.47
,,2020 - 2021,1.68
,,2021 - 2022,1.8
,,2022 - 2023,1.85
,Datia,2000 - 2001,1.32
,,2001 - 2002,1.48
,,2002 - 2003,1.37
,,2003 - 2004,1.26
,,2004 - 2005,1.17
,,2005 - 2006,1.47
,,2006 - 2007,1.06
,,2007 - 2008,0.77
,,2008 - 2009,1.25
,,2009 - 2010,
,,2010 - 2011,1.06
,,2011 - 2012,1.26
,,2012 - 2013,1.4
,,2013 - 2014,1.16
,,2014 - 2015,1.12
,,2015 - 2016,1.17
,,2016 - 2017,1.38
,,2017 - 2018,1.0
,,2018 - 2019,2.07
,,2019 - 2020,2.29
,,2020 - 2021,1.37
,,2021 - 2022,1.74
,,2022 - 2023,1.64
,Dewas,2000 - 2001,0.88
,,2001 - 2002,1.05
,,2002 - 2003,1.09
,,2003 - 2004,1.05
,,2004 - 2005,1.11
,,2005 - 2006,1.18
,,2006 - 2007,1.3
,,2007 - 2008,1.12
,,2008 - 2009,1.14
,,2009 - 2010,
,,2010 - 2011,1.0
,,2011 - 2012,1.11
,,2012 - 2013,1.51
,,2013 - 2014,0.7
,,2014 - 2015,1.7
,,2015 - 2016,1.15
,,2016 - 2017,1.5
,,2017 - 2018,1.8
,,2018 - 2019,1.3
,,2019 - 2020,1.41
,,2020 - 2021,1.89
,,2021 - 2022,1.68
,,2022 - 2023,1.98
,Dhar,2000 - 2001,0.4
,,2001 - 2002,0.69
,,2002 - 2003,0.63
,,2003 - 2004,0.7
,,2004 - 2005,0.83
,,2005 - 2006,0.87
,,2006 - 2007,1.02
,,2007 - 2008,1.01
,,2008 - 2009,0.98
,,2009 - 2010,
,,2010 - 2011,1.06
,,2011 - 2012,1.02
,,2012 - 2013,1.22
,,2013 - 2014,1.14
,,2014 - 2015,1.03
,,2015 - 2016,1.05
,,2016 - 2017,1.14
,,2017 - 2018,1.55
,,2018 - 2019,0.76
,,2019 - 2020,1.51
,,2020 - 2021,1.57
,,2021 - 2022,1.32
,,2022 - 2023,1.47
,Dindori,2000 - 2001,0.42
,,2001 - 2002,0.56
,,2002 - 2003,0.58
,,2003 - 2004,0.57
,,2004 - 2005,0.67
,,2005 - 2006,0.49
,,2006 - 2007,0.55
,,2007 - 2008,0.4
,,2008 - 2009,0.53
,,2009 - 2010,
,,2010 - 2011,0.17
,,2011 - 2012,0.47
,,2012 - 2013,0.47
,,2013 - 2014,0.56
,,2014 - 2015,0.62
,,2015 - 2016,0.76
,,2016 - 2017,1.04
,,2017 - 2018,1.01
,,2018 - 2019,0.63
,,2019 - 2020,0.92
,,2020 - 2021,1.22
,,2021 - 2022,0.95
,,2022 - 2023,1.3
,Guna,2000 - 2001,0.81
,,2001 - 2002,0.94
,,2002 - 2003,0.41
,,2003 - 2004,0.87
,,2004 - 2005,0.79
,,2005 - 2006,0.9
,,2006 - 2007,1.01
,,2007 - 2008,0.51
,,2008 - 2009,1.18
,,2009 - 2010,
,,2010 - 2011,1.07
,,2011 - 2012,1.21
,,2012 - 2013,1.64
,,2013 - 2014,0.97
,,2014 - 2015,1.37
,,2015 - 2016,1.29
,,2016 - 2017,1.55
,,2017 - 2018,1.12
,,2018 - 2019,1.43
,,2019 - 2020,1.51
,,2020 - 2021,1.74
,,2021 - 2022,1.51
,,2022 - 2023,1.51
,Gwalior,2000 - 2001,1.18
,,2001 - 2002,1.14
,,2002 - 2003,0.97
,,2003 - 2004,1.23
,,2004 - 2005,1.23
,,2005 - 2006,1.29
,,2006 - 2007,1.09
,,2007 - 2008,1.1
,,2008 - 2009,1.29
,,2009 - 2010,
,,2010 - 2011,1.78
,,2011 - 2012,1.74
,,2012 - 2013,1.6
,,2013 - 2014,1.21
,,2014 - 2015,1.06
,,2015 - 2016,1.24
,,2016 - 2017,2.09
,,2017 - 2018,0.97
,,2018 - 2019,1.61
,,2019 - 2020,1.46
,,2020 - 2021,1.97
,,2021 - 2022,1.99
,,2022 - 2023,1.99
,Harda,2000 - 2001,0.94
,,2001 - 2002,1.13
,,2002 - 2003,1.19
,,2003 - 2004,1.19
,,2004 - 2005,1.54
,,2005 - 2006,1.53
,,2006 - 2007,1.46
,,2007 - 2008,1.21
,,2008 - 2009,2.06
,,2009 - 2010,
,,2010 - 2011,1.55
,,2011 - 2012,1.73
,,2012 - 2013,1.54
,,2013 - 2014,0.94
,,2014 - 2015,0.79
,,2015 - 2016,1.28
,,2016 - 2017,1.47
,,2017 - 2018,2.45
,,2018 - 2019,1.26
,,2019 - 2020,2.23
,,2020 - 2021,1.6
,,2021 - 2022,1.69
,,2022 - 2023,2.3
,Hoshangabad,2000 - 2001,1.17
,,2001 - 2002,1.5
,,2002 - 2003,1.1
,,2003 - 2004,1.25
,,2004 - 2005,1.12
,,2005 - 2006,1.2
,,2006 - 2007,1.2
,,2007 - 2008,1.42
,,2008 - 2009,1.29
,,2009 - 2010,
,,2010 - 2011,1.46
,,2011 - 2012,1.55
,,2012 - 2013,1.39
,,2013 - 2014,1.07
,,2014 - 2015,0.86
,,2015 - 2016,1.16
,,2016 - 2017,1.62
,,2017 - 2018,1.95
,,2018 - 2019,2.09
,,2019 - 2020,1.91
,,2020 - 2021,1.88
,,2021 - 2022,1.71
,,2022 - 2023,2.01
,Indore,2000 - 2001,0.67
,,2001 - 2002,0.66
,,2002 - 2003,0.65
,,2003 - 2004,0.9
,,2004 - 2005,0.94
,,2005 - 2006,0.91
,,2006 - 2007,1.02
,,2007 - 2008,0.94
,,2008 - 2009,1.03
,,2009 - 2010,
,,2010 - 2011,0.63
,,2011 - 2012,1.31
,,2012 - 2013,1.36
,,2013 - 2014,0.95
,,2014 - 2015,1.18
,,2015 - 2016,1.18
,,2016 - 2017,1.47
,,2017 - 2018,1.88
,,2018 - 2019,0.94
,,2019 - 2020,1.77
,,2020 - 2021,1.55
,,2021 - 2022,1.43
,,2022 - 2023,1.71
,Jabalpur,2000 - 2001,0.73
,,2001 - 2002,1.04
,,2002 - 2003,0.57
,,2003 - 2004,1.09
,,2004 - 2005,1.05
,,2005 - 2006,1.14
,,2006 - 2007,1.1
,,2007 - 2008,0.9
,,2008 - 2009,0.97
,,2009 - 2010,
,,2010 - 2011,0.76
,,2011 - 2012,1.3
,,2012 - 2013,1.38
,,2013 - 2014,0.73
,,2014 - 2015,0.49
,,2015 - 2016,1.24
,,2016 - 2017,1.85
,,2017 - 2018,2.09
,,2018 - 2019,1.87
,,2019 - 2020,2.07
,,2020 - 2021,1.89
,,2021 - 2022,1.94
,,2022 - 2023,1.78
,Jhabua,2000 - 2001,0.28
,,2001 - 2002,0.5
,,2002 - 2003,0.64
,,2003 - 2004,0.74
,,2004 - 2005,0.66
,,2005 - 2006,0.62
,,2006 - 2007,0.65
,,2007 - 2008,0.56
,,2008 - 2009,0.56
,,2009 - 2010,
,,2010 - 2011,0.56
,,2011 - 2012,0.59
,,2012 - 2013,0.66
,,2013 - 2014,0.85
,,2014 - 2015,1.5
,,2015 - 2016,0.91
,,2016 - 2017,1.54
,,2017 - 2018,1.36
,,2018 - 2019,0.78
,,2019 - 2020,1.19
,,2020 - 2021,1.7
,,2021 - 2022,1.18
,,2022 - 2023,1.28
,Katni,2000 - 2001,0.68
,,2001 - 2002,0.82
,,2002 - 2003,0.54
,,2003 - 2004,0.85
,,2004 - 2005,0.72
,,2005 - 2006,0.79
,,2006 - 2007,0.57
,,2007 - 2008,0.47
,,2008 - 2009,0.75
,,2009 - 2010,
,,2010 - 2011,0.51
,,2011 - 2012,0.63
,,2012 - 2013,0.95
,,2013 - 2014,1.11
,,2014 - 2015,0.76
,,2015 - 2016,1.26
,,2016 - 2017,1.62
,,2017 - 2018,1.54
,,2018 - 2019,2.0
,,2019 - 2020,2.22
,,2020 - 2021,1.62
,,2021 - 2022,1.91
,,2022 - 2023,1.71
,Khandwa,2000 - 2001,0.65
,,2001 - 2002,0.89
,,2002 - 2003,0.94
,,2003 - 2004,0.83
,,2004 - 2005,0.78
,,2005 - 2006,0.85
,,2006 - 2007,1.02
,,2007 - 2008,0.82
,,2008 - 2009,0.89
,,2009 - 2010,
,,2010 - 2011,0.82
,,2011 - 2012,0.85
,,2012 - 2013,1.7
,,2013 - 2014,1.17
,,2014 - 2015,1.0
,,2015 - 2016,1.23
,,2016 - 2017,1.26
,,2017 - 2018,0.82
,,2018 - 2019,1.53
,,2019 - 2020,1.57
,,2020 - 2021,1.46
,,2021 - 2022,1.49
,,2022 - 2023,1.74
,Khargone,2000 - 2001,0.39
,,2001 - 2002,0.6
,,2002 - 2003,0.71
,,2003 - 2004,0.69
,,2004 - 2005,0.54
,,2005 - 2006,0.54
,,2006 - 2007,0.64
,,2007 - 2008,0.57
,,2008 - 2009,0.48
,,2009 - 2010,
,,2010 - 2011,0.54
,,2011 - 2012,0.67
,,2012 - 2013,1.0
,,2013 - 2014,0.84
,,2014 - 2015,1.12
,,2015 - 2016,1.21
,,2016 - 2017,2.78
,,2017 - 2018,1.7
,,2018 - 2019,1.14
,,2019 - 2020,1.28
,,2020 - 2021,1.58
,,2021 - 2022,1.26
,,2022 - 2023,1.96
,Mandla,2000 - 2001,0.33
,,2001 - 2002,0.7
,,2002 - 2003,0.7
,,2003 - 2004,0.72
,,2004 - 2005,0.7
,,2005 - 2006,0.69
,,2006 - 2007,0.66
,,2007 - 2008,0.57
,,2008 - 2009,0.62
,,2009 - 2010,
,,2010 - 2011,0.53
,,2011 - 2012,0.61
,,2012 - 2013,0.48
,,2013 - 2014,0.78
,,2014 - 2015,0.58
,,2015 - 2016,1.1
,,2016 - 2017,1.27
,,2017 - 2018,1.27
,,2018 - 2019,1.1
,,2019 - 2020,1.18
,,2020 - 2021,1.4
,,2021 - 2022,1.32
,,2022 - 2023,1.35
,Mandsaur,2000 - 2001,0.51
,,2001 - 2002,0.69
,,2002 - 2003,0.42
,,2003 - 2004,0.54
,,2004 - 2005,0.63
,,2005 - 2006,0.61
,,2006 - 2007,0.89
,,2007 - 2008,0.53
,,2008 - 2009,0.61
,,2009 - 2010,
,,2010 - 2011,0.58
,,2011 - 2012,0.83
,,2012 - 2013,1.07
,,2013 - 2014,1.11
,,2014 - 2015,1.15
,,2015 - 2016,0.83
,,2016 - 2017,1.38
,,2017 - 2018,1.35
,,2018 - 2019,1.34
,,2019 - 2020,1.58
,,2020 - 2021,1.28
,,2021 - 2022,0.95
,,2022 - 2023,1.28
,Morena,2000 - 2001,1.23
,,2001 - 2002,1.36
,,2002 - 2003,1.11
,,2003 - 2004,1.27
,,2004 - 2005,1.26
,,2005 - 2006,1.27
,,2006 - 2007,1.12
,,2007 - 2008,0.99
,,2008 - 2009,1.12
,,2009 - 2010,
,,2010 - 2011,0.96
,,2011 - 2012,0.99
,,2012 - 2013,1.54
,,2013 - 2014,1.35
,,2014 - 2015,1.03
,,2015 - 2016,1.18
,,2016 - 2017,1.92
,,2017 - 2018,2.16
,,2018 - 2019,1.62
,,2019 - 2020,2.07
,,2020 - 2021,1.82
,,2021 - 2022,1.98
,,2022 - 2023,1.73
,Narsinghpur,2000 - 2001,1.15
,,2001 - 2002,1.23
,,2002 - 2003,0.75
,,2003 - 2004,1.03
,,2004 - 2005,1.0
,,2005 - 2006,1.03
,,2006 - 2007,1.22
,,2007 - 2008,1.02
,,2008 - 2009,1.23
,,2009 - 2010,
,,2010 - 2011,1.08
,,2011 - 2012,1.21
,,2012 - 2013,1.21
,,2013 - 2014,0.78
,,2014 - 2015,0.7
,,2015 - 2016,1.26
,,2016 - 2017,1.74
,,2017 - 2018,1.51
,,2018 - 2019,1.59
,,2019 - 2020,1.68
,,2020 - 2021,1.73
,,2021 - 2022,1.61
,,2022 - 2023,1.64
,Neemuch,2000 - 2001,0.93
,,2001 - 2002,1.02
,,2002 - 2003,0.94
,,2003 - 2004,1.02
,,2004 - 2005,1.07
,,2005 - 2006,1.16
,,2006 - 2007,1.02
,,2007 - 2008,0.85
,,2008 - 2009,0.91
,,2009 - 2010,
,,2010 - 2011,1.0
,,2011 - 2012,1.07
,,2012 - 2013,1.57
,,2013 - 2014,0.62
,,2014 - 2015,1.03
,,2015 - 2016,1.0
,,2016 - 2017,1.34
,,2017 - 2018,1.25
,,2018 - 2019,1.04
,,2019 - 2020,1.85
,,2020 - 2021,1.23
,,2021 - 2022,1.5
,,2022 - 2023,1.45
,Niwari,2019 - 2020,1.29
,,2020 - 2021,1.44
,,2021 - 2022,1.77
,,2022 - 2023,1.27
,Panna,2000 - 2001,0.47
,,2001 - 2002,0.68
,,2002 - 2003,0.58
,,2003 - 2004,0.7
,,2004 - 2005,0.61
,,2005 - 2006,0.77
,,2006 - 2007,0.74
,,2007 - 2008,0.74
,,2008 - 2009,1.04
,,2009 - 2010,
,,2010 - 2011,0.93
,,2011 - 2012,0.99
,,2012 - 2013,1.07
,,2013 - 2014,0.45
,,2014 - 2015,0.54
,,2015 - 2016,1.17
,,2016 - 2017,1.49
,,2017 - 2018,1.78
,,2018 - 2019,1.57
,,2019 - 2020,1.71
,,2020 - 2021,1.8
,,2021 - 2022,1.77
,,2022 - 2023,1.73
,Raisen,2000 - 2001,0.9
,,2001 - 2002,1.17
,,2002 - 2003,1.03
,,2003 - 2004,0.97
,,2004 - 2005,1.04
,,2005 - 2006,1.11
,,2006 - 2007,1.23
,,2007 - 2008,0.8
,,2008 - 2009,1.13
,,2009 - 2010,
,,2010 - 2011,0.82
,,2011 - 2012,1.23
,,2012 - 2013,1.63
,,2013 - 2014,0.64
,,2014 - 2015,1.13
,,2015 - 2016,1.27
,,2016 - 2017,1.49
,,2017 - 2018,1.67
,,2018 - 2019,1.74
,,2019 - 2020,1.62
,,2020 - 2021,1.91
,,2021 - 2022,1.57
,,2022 - 2023,2.04
,Rajgarh,2000 - 2001,0.76
,,2001 - 2002,0.86
,,2002 - 2003,0.89
,,2003 - 2004,1.14
,,2004 - 2005,1.1
,,2005 - 2006,0.94
,,2006 - 2007,1.16
,,2007 - 2008,0.71
,,2008 - 2009,0.93
,,2009 - 2010,
,,2010 - 2011,0.75
,,2011 - 2012,1.12
,,2012 - 2013,1.25
,,2013 - 2014,1.12
,,2014 - 2015,1.26
,,2015 - 2016,1.14
,,2016 - 2017,1.31
,,2017 - 2018,1.17
,,2018 - 2019,1.27
,,2019 - 2020,1.61
,,2020 - 2021,1.69
,,2021 - 2022,1.69
,,2022 - 2023,1.6
,Ratlam,2000 - 2001,0.55
,,2001 - 2002,0.42
,,2002 - 2003,0.33
,,2003 - 2004,0.71
,,2004 - 2005,0.66
,,2005 - 2006,0.54
,,2006 - 2007,0.83
,,2007 - 2008,0.56
,,2008 - 2009,0.86
,,2009 - 2010,
,,2010 - 2011,0.45
,,2011 - 2012,0.64
,,2012 - 2013,0.86
,,2013 - 2014,0.73
,,2014 - 2015,1.1
,,2015 - 2016,0.7
,,2016 - 2017,1.0
,,2017 - 2018,1.43
,,2018 - 2019,1.0
,,2019 - 2020,1.52
,,2020 - 2021,1.84
,,2021 - 2022,1.05
,,2022 - 2023,1.72
,Rewa,2000 - 2001,0.85
,,2001 - 2002,1.02
,,2002 - 2003,1.02
,,2003 - 2004,1.06
,,2004 - 2005,0.98
,,2005 - 2006,0.85
,,2006 - 2007,0.76
,,2007 - 2008,0.83
,,2008 - 2009,0.97
,,2009 - 2010,
,,2010 - 2011,0.79
,,2011 - 2012,1.3
,,2012 - 2013,1.44
,,2013 - 2014,0.52
,,2014 - 2015,0.76
,,2015 - 2016,1.0
,,2016 - 2017,1.51
,,2017 - 2018,1.37
,,2018 - 2019,1.37
,,2019 - 2020,1.22
,,2020 - 2021,1.49
,,2021 - 2022,1.31
,,2022 - 2023,1.61
,Sagar,2000 - 2001,0.53
,,2001 - 2002,0.81
,,2002 - 2003,0.28
,,2003 - 2004,0.82
,,2004 - 2005,0.84
,,2005 - 2006,0.83
,,2006 - 2007,0.84
,,2007 - 2008,0.61
,,2008 - 2009,0.87
,,2009 - 2010,
,,2010 - 2011,0.51
,,2011 - 2012,1.04
,,2012 - 2013,1.28
,,2013 - 2014,0.58
,,2014 - 2015,0.54
,,2015 - 2016,1.04
,,2016 - 2017,1.39
,,2017 - 2018,1.32
,,2018 - 2019,1.17
,,2019 - 2020,1.62
,,2020 - 2021,1.3
,,2021 - 2022,1.3
,,2022 - 2023,1.3
,Satna,2000 - 2001,0.46
,,2001 - 2002,0.59
,,2002 - 2003,0.65
,,2003 - 2004,0.69
,,2004 - 2005,0.68
,,2005 - 2006,0.64
,,2006 - 2007,0.48
,,2007 - 2008,0.33
,,2008 - 2009,0.52
,,2009 - 2010,
,,2010 - 2011,0.43
,,2011 - 2012,0.55
,,2012 - 2013,0.52
,,2013 - 2014,0.45
,,2014 - 2015,0.93
,,2015 - 2016,1.17
,,2016 - 2017,1.75
,,2017 - 2018,1.48
,,2018 - 2019,1.41
,,2019 - 2020,1.76
,,2020 - 2021,1.79
,,2021 - 2022,1.51
,,2022 - 2023,1.7
,Sehore,2000 - 2001,1.0
,,2001 - 2002,1.02
,,2002 - 2003,0.98
,,2003 - 2004,0.97
,,2004 - 2005,0.98
,,2005 - 2006,0.98
,,2006 - 2007,1.12
,,2007 - 2008,0.76
,,2008 - 2009,0.94
,,2009 - 2010,
,,2010 - 2011,0.68
,,2011 - 2012,1.18
,,2012 - 2013,0.9
,,2013 - 2014,0.88
,,2014 - 2015,1.22
,,2015 - 2016,1.22
,,2016 - 2017,1.34
,,2017 - 2018,1.65
,,2018 - 2019,1.24
,,2019 - 2020,1.64
,,2020 - 2021,1.8
,,2021 - 2022,1.27
,,2022 - 2023,1.77
,Seoni,2000 - 2001,0.47
,,2001 - 2002,0.73
,,2002 - 2003,0.71
,,2003 - 2004,0.74
,,2004 - 2005,0.65
,,2005 - 2006,0.71
,,2006 - 2007,0.65
,,2007 - 2008,0.46
,,2008 - 2009,0.71
,,2009 - 2010,
,,2010 - 2011,0.69
,,2011 - 2012,0.67
,,2012 - 2013,0.85
,,2013 - 2014,0.98
,,2014 - 2015,0.5
,,2015 - 2016,0.83
,,2016 - 2017,1.3
,,2017 - 2018,1.02
,,2018 - 2019,1.1
,,2019 - 2020,1.35
,,2020 - 2021,1.79
,,2021 - 2022,1.66
,,2022 - 2023,2.04
,Shahdol,2000 - 2001,0.41
,,2001 - 2002,0.49
,,2002 - 2003,0.37
,,2003 - 2004,0.45
,,2004 - 2005,0.47
,,2005 - 2006,0.46
,,2006 - 2007,0.38
,,2007 - 2008,0.36
,,2008 - 2009,0.4
,,2009 - 2010,
,,2010 - 2011,0.36
,,2011 - 2012,0.34
,,2012 - 2013,0.72
,,2013 - 2014,0.85
,,2014 - 2015,0.92
,,2015 - 2016,1.2
,,2016 - 2017,1.13
,,2017 - 2018,0.86
,,2018 - 2019,1.07
,,2019 - 2020,1.66
,,2020 - 2021,1.36
,,2021 - 2022,1.64
,,2022 - 2023,1.38
,Shajapur,2000 - 2001,0.72
,,2001 - 2002,0.7
,,2002 - 2003,0.66
,,2003 - 2004,0.76
,,2004 - 2005,0.92
,,2005 - 2006,0.88
,,2006 - 2007,1.11
,,2007 - 2008,0.57
,,2008 - 2009,0.86
,,2009 - 2010,
,,2010 - 2011,0.57
,,2011 - 2012,0.84
,,2012 - 2013,0.61
,,2013 - 2014,0.63
,,2014 - 2015,1.77
,,2015 - 2016,1.09
,,2016 - 2017,1.04
,,2017 - 2018,0.95
,,2018 - 2019,0.74
,,2019 - 2020,2.59
,,2020 - 2021,1.56
,,2021 - 2022,1.24
,,2022 - 2023,1.3
,Sheopur,2000 - 2001,1.23
,,2001 - 2002,1.3
,,2002 - 2003,0.74
,,2003 - 2004,1.43
,,2004 - 2005,1.07
,,2005 - 2006,1.24
,,2006 - 2007,1.29
,,2007 - 2008,1.11
,,2008 - 2009,1.21
,,2009 - 2010,
,,2010 - 2011,1.11
,,2011 - 2012,1.33
,,2012 - 2013,1.8
,,2013 - 2014,2.08
,,2014 - 2015,1.0
,,2015 - 2016,1.11
,,2016 - 2017,1.8
,,2017 - 2018,1.85
,,2018 - 2019,2.47
,,2019 - 2020,2.28
,,2020 - 2021,1.82
,,2021 - 2022,1.92
,,2022 - 2023,1.93
,Shivpuri,2000 - 2001,0.88
,,2001 - 2002,1.08
,,2002 - 2003,0.69
,,2003 - 2004,1.17
,,2004 - 2005,0.95
,,2005 - 2006,1.02
,,2006 - 2007,1.09
,,2007 - 2008,0.81
,,2008 - 2009,1.01
,,2009 - 2010,
,,2010 - 2011,0.98
,,2011 - 2012,1.26
,,2012 - 2013,1.59
,,2013 - 2014,0.93
,,2014 - 2015,1.21
,,2015 - 2016,1.01
,,2016 - 2017,1.39
,,2017 - 2018,1.35
,,2018 - 2019,1.12
,,2019 - 2020,1.37
,,2020 - 2021,1.58
,,2021 - 2022,1.5
,,2022 - 2023,1.6
,Sidhi,2000 - 2001,0.41
,,2001 - 2002,0.48
,,2002 - 2003,0.46
,,2003 - 2004,0.56
,,2004 - 2005,0.51
,,2005 - 2006,0.44
,,2006 - 2007,0.42
,,2007 - 2008,0.34
,,2008 - 2009,0.46
,,2009 - 2010,
,,2010 - 2011,0.36
,,2011 - 2012,0.59
,,2012 - 2013,0.75
,,2013 - 2014,0.64
,,2014 - 2015,0.59
,,2015 - 2016,1.0
,,2016 - 2017,1.37
,,2017 - 2018,1.3
,,2018 - 2019,1.04
,,2019 - 2020,1.24
,,2020 - 2021,1.72
,,2021 - 2022,1.24
,,2022 - 2023,1.32
,Singrauli,2008 - 2009,0.46
,,2009 - 2010,
,,2010 - 2011,0.52
,,2011 - 2012,0.61
,,2012 - 2013,3.4
,,2013 - 2014,0.88
,,2014 - 2015,0.79
,,2015 - 2016,1.15
,,2016 - 2017,1.17
,,2017 - 2018,0.95
,,2018 - 2019,2.54
,,2019 - 2020,2.28
,,2020 - 2021,1.8
,,2021 - 2022,1.35
,,2022 - 2023,1.32
,Tikamgarh,2000 - 2001,1.4
,,2001 - 2002,1.65
,,2002 - 2003,1.26
,,2003 - 2004,1.46
,,2004 - 2005,1.17
,,2005 - 2006,1.13
,,2006 - 2007,0.96
,,2007 - 2008,0.83
,,2008 - 2009,1.24
,,2009 - 2010,
,,2010 - 2011,0.64
,,2011 - 2012,1.01
,,2012 - 2013,0.93
,,2013 - 2014,0.25
,,2014 - 2015,0.36
,,2015 - 2016,0.94
,,2016 - 2017,1.32
,,2017 - 2018,1.14
,,2018 - 2019,1.3
,,2019 - 2020,1.71
,,2020 - 2021,1.45
,,2021 - 2022,1.84
,,2022 - 2023,1.25
,Ujjain,2000 - 2001,0.86
,,2001 - 2002,0.49
,,2002 - 2003,0.61
,,2003 - 2004,0.76
,,2004 - 2005,0.94
,,2005 - 2006,0.76
,,2006 - 2007,1.16
,,2007 - 2008,0.68
,,2008 - 2009,0.78
,,2009 - 2010,
,,2010 - 2011,0.63
,,2011 - 2012,0.76
,,2012 - 2013,0.97
,,2013 - 2014,0.91
,,2014 - 2015,1.31
,,2015 - 2016,1.19
,,2016 - 2017,1.33
,,2017 - 2018,1.48
,,2018 - 2019,0.84
,,2019 - 2020,1.46
,,2020 - 2021,1.45
,,2021 - 2022,1.46
,,2022 - 2023,1.6
,Umaria,2000 - 2001,0.44
,,2001 - 2002,0.49
,,2002 - 2003,0.37
,,2003 - 2004,0.54
,,2004 - 2005,0.52
,,2005 - 2006,0.46
,,2006 - 2007,0.44
,,2007 - 2008,0.36
,,2008 - 2009,0.41
,,2009 - 2010,
,,2010 - 2011,0.33
,,2011 - 2012,0.47
,,2012 - 2013,0.7
,,2013 - 2014,0.55
,,2014 - 2015,0.88
,,2015 - 2016,0.74
,,2016 - 2017,1.39
,,2017 - 2018,1.24
,,2018 - 2019,1.31
,,2019 - 2020,1.06
,,2020 - 2021,1.62
,,2021 - 2022,1.15
,,2022 - 2023,1.65
,Vidisha,2000 - 2001,0.93
,,2001 - 2002,1.01
,,2002 - 2003,0.62
,,2003 - 2004,0.9
,,2004 - 2005,1.06
,,2005 - 2006,1.06
,,2006 - 2007,1.15
,,2007 - 2008,0.66
,,2008 - 2009,1.18
,,2009 - 2010,
,,2010 - 2011,1.1
,,2011 - 2012,1.16
,,2012 - 2013,1.19
,,2013 - 2014,0.55
,,2014 - 2015,0.99
,,2015 - 2016,1.26
,,2016 - 2017,1.17
,,2017 - 2018,1.7
,,2018 - 2019,1.29
,,2019 - 2020,1.55
,,2020 - 2021,1.75
,,2021 - 2022,1.57
,,2022 - 2023,1.85
Maharashtra,Ahilyanagar,2000 - 2001,0.5
,,2001 - 2002,0.55
,,2002 - 2003,0.41
,,2003 - 2004,0.4
,,2004 - 2005,0.66
,,2005 - 2006,0.69
,,2006 - 2007,0.69
,,2007 - 2008,0.69
,,2008 - 2009,0.73
,,2009 - 2010,0.74
,,2010 - 2011,0.82
,,2011 - 2012,0.61
,,2012 - 2013,0.37
,,2013 - 2014,0.77
,,2014 - 2015,0.74
,,2015 - 2016,0.4
,,2016 - 2017,0.82
,,2017 - 2018,0.8
,,2018 - 2019,0.52
,,2019 - 2020,0.85
,,2020 - 2021,0.85
,,2021 - 2022,0.98
,,2022 - 2023,0.99
,Akola,2000 - 2001,0.31
,,2001 - 2002,0.58
,,2002 - 2003,0.66
,,2003 - 2004,0.63
,,2004 - 2005,0.38
,,2005 - 2006,0.91
,,2006 - 2007,0.87
,,2007 - 2008,0.89
,,2008 - 2009,0.23
,,2009 - 2010,1.25
,,2010 - 2011,1.43
,,2011 - 2012,0.36
,,2012 - 2013,0.72
,,2013 - 2014,1.27
,,2014 - 2015,0.65
,,2015 - 2016,0.65
,,2016 - 2017,1.03
,,2017 - 2018,1.07
,,2018 - 2019,0.98
,,2019 - 2020,1.26
,,2020 - 2021,1.15
,,2021 - 2022,1.26
,,2022 - 2023,1.11
,Amravati,2000 - 2001,0.54
,,2001 - 2002,0.87
,,2002 - 2003,0.75
,,2003 - 2004,0.77
,,2004 - 2005,0.56
,,2005 - 2006,0.97
,,2006 - 2007,0.77
,,2007 - 2008,1.06
,,2008 - 2009,0.73
,,2009 - 2010,1.19
,,2010 - 2011,1.01
,,2011 - 2012,0.98
,,2012 - 2013,1.25
,,2013 - 2014,1.15
,,2014 - 2015,0.79
,,2015 - 2016,0.79
,,2016 - 2017,1.23
,,2017 - 2018,1.26
,,2018 - 2019,1.04
,,2019 - 2020,1.21
,,2020 - 2021,1.24
,,2021 - 2022,1.23
,,2022 - 2023,0.91
,Beed,2000 - 2001,0.51
,,2001 - 2002,0.43
,,2002 - 2003,0.49
,,2003 - 2004,0.35
,,2004 - 2005,0.53
,,2005 - 2006,0.53
,,2006 - 2007,0.65
,,2007 - 2008,0.73
,,2008 - 2009,0.64
,,2009 - 2010,0.6
,,2010 - 2011,0.7
,,2011 - 2012,0.61
,,2012 - 2013,0.5
,,2013 - 2014,0.75
,,2014 - 2015,0.37
,,2015 - 2016,0.26
,,2016 - 2017,0.85
,,2017 - 2018,0.6
,,2018 - 2019,0.89
,,2019 - 2020,1.0
,,2020 - 2021,1.12
,,2021 - 2022,1.09
,,2022 - 2023,1.03
,Bhandara,2000 - 2001,0.41
,,2001 - 2002,0.55
,,2002 - 2003,0.42
,,2003 - 2004,0.55
,,2004 - 2005,0.32
,,2005 - 2006,0.48
,,2006 - 2007,0.64
,,2007 - 2008,0.64
,,2008 - 2009,0.5
,,2009 - 2010,0.58
,,2010 - 2011,0.68
,,2011 - 2012,0.7
,,2012 - 2013,0.5
,,2013 - 2014,0.51
,,2014 - 2015,0.5
,,2015 - 2016,0.39
,,2016 - 2017,0.67
,,2017 - 2018,1.06
,,2018 - 2019,1.15
,,2019 - 2020,0.7
,,2020 - 2021,0.42
,,2021 - 2022,0.86
,,2022 - 2023,0.79
,Buldhana,2000 - 2001,0.52
,,2001 - 2002,0.61
,,2002 - 2003,0.55
,,2003 - 2004,0.42
,,2004 - 2005,0.38
,,2005 - 2006,0.65
,,2006 - 2007,0.71
,,2007 - 2008,0.96
,,2008 - 2009,0.75
,,2009 - 2010,1.24
,,2010 - 2011,1.06
,,2011 - 2012,0.84
,,2012 - 2013,0.74
,,2013 - 2014,0.8
,,2014 - 2015,0.64
,,2015 - 2016,0.56
,,2016 - 2017,1.12
,,2017 - 2018,0.81
,,2018 - 2019,0.69
,,2019 - 2020,1.33
,,2020 - 2021,1.25
,,2021 - 2022,1.64
,,2022 - 2023,0.99
,Chandrapur,2000 - 2001,0.34
,,2001 - 2002,0.41
,,2002 - 2003,0.34
,,2003 - 2004,0.4
,,2004 - 2005,0.36
,,2005 - 2006,0.63
,,2006 - 2007,0.49
,,2007 - 2008,0.61
,,2008 - 2009,0.49
,,2009 - 2010,0.45
,,2010 - 2011,0.6
,,2011 - 2012,0.59
,,2012 - 2013,0.81
,,2013 - 2014,0.52
,,2014 - 2015,0.41
,,2015 - 2016,0.65
,,2016 - 2017,0.56
,,2017 - 2018,0.67
,,2018 - 2019,0.95
,,2019 - 2020,0.83
,,2020 - 2021,0.92
,,2021 - 2022,0.94
,,2022 - 2023,1.29
,Chhatrapati Sambhajinagar,2000 - 2001,0.46
,,2001 - 2002,0.5
,,2002 - 2003,0.58
,,2003 - 2004,0.41
,,2004 - 2005,0.62
,,2005 - 2006,0.73
,,2006 - 2007,0.86
,,2007 - 2008,0.92
,,2008 - 2009,0.81
,,2009 - 2010,0.84
,,2010 - 2011,0.92
,,2011 - 2012,0.76
,,2012 - 2013,0.27
,,2013 - 2014,0.76
,,2014 - 2015,0.39
,,2015 - 2016,0.37
,,2016 - 2017,1.1
,,2017 - 2018,0.67
,,2018 - 2019,0.6
,,2019 - 2020,1.0
,,2020 - 2021,0.58
,,2021 - 2022,0.81
,,2022 - 2023,0.69
,Dharashiv,2000 - 2001,0.57
,,2001 - 2002,0.52
,,2002 - 2003,0.38
,,2003 - 2004,0.2
,,2004 - 2005,0.51
,,2005 - 2006,0.7
,,2006 - 2007,0.6
,,2007 - 2008,0.76
,,2008 - 2009,0.7
,,2009 - 2010,0.78
,,2010 - 2011,0.85
,,2011 - 2012,0.7
,,2012 - 2013,0.35
,,2013 - 2014,0.87
,,2014 - 2015,0.43
,,2015 - 2016,0.23
,,2016 - 2017,0.79
,,2017 - 2018,0.77
,,2018 - 2019,0.6
,,2019 - 2020,0.9
,,2020 - 2021,1.17
,,2021 - 2022,0.94
,,2022 - 2023,0.92
,Dhule,2000 - 2001,0.53
,,2001 - 2002,0.55
,,2002 - 2003,0.66
,,2003 - 2004,0.7
,,2004 - 2005,0.78
,,2005 - 2006,0.57
,,2006 - 2007,0.68
,,2007 - 2008,1.12
,,2008 - 2009,0.79
,,2009 - 2010,1.04
,,2010 - 2011,0.88
,,2011 - 2012,0.91
,,2012 - 2013,0.87
,,2013 - 2014,1.26
,,2014 - 2015,0.8
,,2015 - 2016,0.84
,,2016 - 2017,2.86
,,2017 - 2018,2.15
,,2018 - 2019,0.87
,,2019 - 2020,1.33
,,2020 - 2021,0.96
,,2021 - 2022,1.14
,,2022 - 2023,0.73
,Gadchiroli,2000 - 2001,0.51
,,2001 - 2002,0.61
,,2002 - 2003,0.41
,,2003 - 2004,0.43
,,2004 - 2005,0.25
,,2005 - 2006,0.39
,,2006 - 2007,0.45
,,2007 - 2008,0.53
,,2008 - 2009,0.5
,,2009 - 2010,0.47
,,2010 - 2011,0.64
,,2011 - 2012,0.5
,,2012 - 2013,0.54
,,2013 - 2014,0.47
,,2014 - 2015,0.61
,,2015 - 2016,0.44
,,2016 - 2017,0.45
,,2017 - 2018,0.53
,,2018 - 2019,0.58
,,2019 - 2020,0.8
,,2020 - 2021,0.51
,,2021 - 2022,0.47
,,2022 - 2023,0.5
,Gondia,2000 - 2001,0.38
,,2001 - 2002,0.46
,,2002 - 2003,0.39
,,2003 - 2004,0.53
,,2004 - 2005,0.18
,,2005 - 2006,0.47
,,2006 - 2007,0.48
,,2007 - 2008,0.61
,,2008 - 2009,0.44
,,2009 - 2010,0.54
,,2010 - 2011,0.59
,,2011 - 2012,0.53
,,2012 - 2013,0.57
,,2013 - 2014,0.49
,,2014 - 2015,0.65
,,2015 - 2016,0.49
,,2016 - 2017,0.51
,,2017 - 2018,0.68
,,2018 - 2019,0.77
,,2019 - 2020,0.39
,,2020 - 2021,0.71
,,2021 - 2022,0.59
,,2022 - 2023,0.78
,Hingoli,2000 - 2001,0.51
,,2001 - 2002,0.57
,,2002 - 2003,0.7
,,2003 - 2004,0.54
,,2004 - 2005,0.51
,,2005 - 2006,0.72
,,2006 - 2007,0.79
,,2007 - 2008,0.85
,,2008 - 2009,0.6
,,2009 - 2010,0.74
,,2010 - 2011,0.66
,,2011 - 2012,0.92
,,2012 - 2013,0.74
,,2013 - 2014,1.06
,,2014 - 2015,2.85
,,2015 - 2016,0.39
,,2016 - 2017,1.13
,,2017 - 2018,1.12
,,2018 - 2019,0.71
,,2019 - 2020,1.04
,,2020 - 2021,0.92
,,2021 - 2022,1.24
,,2022 - 2023,1.24
,Jalgaon,2000 - 2001,0.67
,,2001 - 2002,0.9
,,2002 - 2003,1.02
,,2003 - 2004,0.85
,,2004 - 2005,0.96
,,2005 - 2006,0.87
,,2006 - 2007,0.96
,,2007 - 2008,1.12
,,2008 - 2009,0.99
,,2009 - 2010,1.14
,,2010 - 2011,1.16
,,2011 - 2012,1.3
,,2012 - 2013,0.72
,,2013 - 2014,1.16
,,2014 - 2015,1.05
,,2015 - 2016,0.95
,,2016 - 2017,1.39
,,2017 - 2018,1.28
,,2018 - 2019,1.08
,,2019 - 2020,1.38
,,2020 - 2021,1.14
,,2021 - 2022,1.52
,,2022 - 2023,1.06
,Jalna,2000 - 2001,0.5
,,2001 - 2002,0.64
,,2002 - 2003,0.76
,,2003 - 2004,0.52
,,2004 - 2005,0.54
,,2005 - 2006,0.67
,,2006 - 2007,0.83
,,2007 - 2008,0.77
,,2008 - 2009,0.62
,,2009 - 2010,0.91
,,2010 - 2011,0.76
,,2011 - 2012,0.61
,,2012 - 2013,0.16
,,2013 - 2014,0.88
,,2014 - 2015,0.25
,,2015 - 2016,0.28
,,2016 - 2017,1.2
,,2017 - 2018,0.73
,,2018 - 2019,0.47
,,2019 - 2020,1.02
,,2020 - 2021,1.25
,,2021 - 2022,1.32
,,2022 - 2023,1.21
,Kolhapur,2000 - 2001,0.68
,,2001 - 2002,0.63
,,2002 - 2003,0.78
,,2003 - 2004,0.79
,,2004 - 2005,0.88
,,2005 - 2006,0.77
,,2006 - 2007,0.75
,,2007 - 2008,0.94
,,2008 - 2009,0.74
,,2009 - 2010,0.88
,,2010 - 2011,0.84
,,2011 - 2012,1.27
,,2012 - 2013,1.1
,,2013 - 2014,1.19
,,2014 - 2015,0.9
,,2015 - 2016,0.83
,,2016 - 2017,0.84
,,2017 - 2018,0.85
,,2018 - 2019,1.18
,,2019 - 2020,1.06
,,2020 - 2021,0.93
,,2021 - 2022,1.01
,,2022 - 2023,1.11
,Latur,2000 - 2001,0.49
,,2001 - 2002,0.46
,,2002 - 2003,0.47
,,2003 - 2004,0.42
,,2004 - 2005,0.45
,,2005 - 2006,0.71
,,2006 - 2007,0.64
,,2007 - 2008,0.68
,,2008 - 2009,0.71
,,2009 - 2010,0.63
,,2010 - 2011,0.82
,,2011 - 2012,0.87
,,2012 - 2013,0.92
,,2013 - 2014,1.49
,,2014 - 2015,0.3
,,2015 - 2016,0.24
,,2016 - 2017,0.98
,,2017 - 2018,0.7
,,2018 - 2019,0.54
,,2019 - 2020,1.12
,,2020 - 2021,1.02
,,2021 - 2022,1.01
,,2022 - 2023,0.86
,Nagpur,2000 - 2001,0.48
,,2001 - 2002,0.64
,,2002 - 2003,0.56
,,2003 - 2004,0.64
,,2004 - 2005,0.48
,,2005 - 2006,0.62
,,2006 - 2007,0.6
,,2007 - 2008,0.74
,,2008 - 2009,0.6
,,2009 - 2010,0.8
,,2010 - 2011,0.87
,,2011 - 2012,0.88
,,2012 - 2013,0.85
,,2013 - 2014,0.63
,,2014 - 2015,0.7
,,2015 - 2016,0.76
,,2016 - 2017,0.78
,,2017 - 2018,1.16
,,2018 - 2019,1.11
,,2019 - 2020,0.93
,,2020 - 2021,1.42
,,2021 - 2022,1.77
,,2022 - 2023,1.32
,Nanded,2000 - 2001,0.34
,,2001 - 2002,0.61
,,2002 - 2003,0.68
,,2003 - 2004,0.69
,,2004 - 2005,0.5
,,2005 - 2006,0.6
,,2006 - 2007,0.58
,,2007 - 2008,0.95
,,2008 - 2009,0.71
,,2009 - 2010,0.72
,,2010 - 2011,1.02
,,2011 - 2012,0.78
,,2012 - 2013,1.21
,,2013 - 2014,0.91
,,2014 - 2015,0.5
,,2015 - 2016,0.33
,,2016 - 2017,1.59
,,2017 - 2018,1.26
,,2018 - 2019,1.25
,,2019 - 2020,1.51
,,2020 - 2021,1.09
,,2021 - 2022,0.92
,,2022 - 2023,1.05
,Nandurbar,2000 - 2001,0.34
,,2001 - 2002,0.46
,,2002 - 2003,0.64
,,2003 - 2004,0.73
,,2004 - 2005,0.6
,,2005 - 2006,0.72
,,2006 - 2007,0.69
,,2007 - 2008,1.06
,,2008 - 2009,0.88
,,2009 - 2010,0.98
,,2010 - 2011,1.11
,,2011 - 2012,1.06
,,2012 - 2013,0.81
,,2013 - 2014,0.86
,,2014 - 2015,0.71
,,2015 - 2016,0.82
,,2016 - 2017,1.07
,,2017 - 2018,1.21
,,2018 - 2019,0.95
,,2019 - 2020,0.98
,,2020 - 2021,0.98
,,2021 - 2022,1.23
,,2022 - 2023,1.12
,Nashik,2000 - 2001,0.45
,,2001 - 2002,0.5
,,2002 - 2003,0.55
,,2003 - 2004,0.54
,,2004 - 2005,0.63
,,2005 - 2006,0.7
,,2006 - 2007,0.67
,,2007 - 2008,0.75
,,2008 - 2009,0.59
,,2009 - 2010,0.7
,,2010 - 2011,0.77
,,2011 - 2012,0.71
,,2012 - 2013,0.69
,,2013 - 2014,0.66
,,2014 - 2015,0.7
,,2015 - 2016,0.67
,,2016 - 2017,0.71
,,2017 - 2018,0.85
,,2018 - 2019,0.75
,,2019 - 2020,0.83
,,2020 - 2021,0.84
,,2021 - 2022,0.92
,,2022 - 2023,0.98
,Palghar,2014 - 2015,0.75
,,2015 - 2016,0.67
,,2016 - 2017,0.95
,,2017 - 2018,0.89
,,2018 - 2019,0.9
,,2019 - 2020,0.73
,,2020 - 2021,0.92
,,2021 - 2022,0.92
,,2022 - 2023,0.87
,Parbhani,2000 - 2001,0.48
,,2001 - 2002,0.54
,,2002 - 2003,0.57
,,2003 - 2004,0.51
,,2004 - 2005,0.31
,,2005 - 2006,0.55
,,2006 - 2007,0.7
,,2007 - 2008,0.71
,,2008 - 2009,0.58
,,2009 - 2010,0.62
,,2010 - 2011,0.65
,,2011 - 2012,0.69
,,2012 - 2013,0.58
,,2013 - 2014,0.71
,,2014 - 2015,0.62
,,2015 - 2016,0.21
,,2016 - 2017,0.84
,,2017 - 2018,0.62
,,2018 - 2019,0.72
,,2019 - 2020,0.89
,,2020 - 2021,0.9
,,2021 - 2022,1.22
,,2022 - 2023,1.22
,Pune,2000 - 2001,0.6
,,2001 - 2002,0.62
,,2002 - 2003,0.51
,,2003 - 2004,0.51
,,2004 - 2005,0.65
,,2005 - 2006,0.68
,,2006 - 2007,0.7
,,2007 - 2008,0.68
,,2008 - 2009,0.75
,,2009 - 2010,0.79
,,2010 - 2011,0.95
,,2011 - 2012,0.93
,,2012 - 2013,0.71
,,2013 - 2014,0.81
,,2014 - 2015,0.86
,,2015 - 2016,0.86
,,2016 - 2017,1.07
,,2017 - 2018,1.14
,,2018 - 2019,0.74
,,2019 - 2020,1.07
,,2020 - 2021,0.85
,,2021 - 2022,1.06
,,2022 - 2023,1.1
,Raigad,2000 - 2001,0.55
,,2001 - 2002,0.5
,,2002 - 2003,0.64
,,2003 - 2004,0.69
,,2004 - 2005,0.67
,,2005 - 2006,0.67
,,2006 - 2007,0.76
,,2007 - 2008,0.79
,,2008 - 2009,0.7
,,2009 - 2010,0.65
,,2010 - 2011,0.89
,,2011 - 2012,0.89
,,2015 - 2016,0.67
,,2016 - 2017,0.89
,,2017 - 2018,0.0
,,2019 - 2020,0.42
,,2020 - 2021,0.92
,,2021 - 2022,0.92
,,2022 - 2023,0.87
,Ratnagiri,2015 - 2016,0.5
,,2019 - 2020,0.48
,,2020 - 2021,0.92
,,2021 - 2022,0.92
,Sangli,2000 - 2001,0.77
,,2001 - 2002,0.74
,,2002 - 2003,0.55
,,2003 - 2004,0.6
,,2004 - 2005,0.63
,,2005 - 2006,0.69
,,2006 - 2007,0.65
,,2007 - 2008,0.92
,,2008 - 2009,0.64
,,2009 - 2010,0.83
,,2010 - 2011,0.92
,,2011 - 2012,0.77
,,2012 - 2013,0.6
,,2013 - 2014,0.74
,,2014 - 2015,0.98
,,2015 - 2016,0.63
,,2016 - 2017,0.83
,,2017 - 2018,0.91
,,2018 - 2019,0.69
,,2019 - 2020,0.88
,,2020 - 2021,1.18
,,2021 - 2022,1.15
,,2022 - 2023,1.06
,Satara,2000 - 2001,0.51
,,2001 - 2002,0.61
,,2002 - 2003,0.3
,,2003 - 2004,0.57
,,2004 - 2005,0.83
,,2005 - 2006,0.69
,,2006 - 2007,0.62
,,2007 - 2008,0.67
,,2008 - 2009,0.73
,,2009 - 2010,0.6
,,2010 - 2011,0.81
,,2011 - 2012,0.66
,,2012 - 2013,0.56
,,2013 - 2014,0.8
,,2014 - 2015,0.76
,,2015 - 2016,0.78
,,2016 - 2017,0.8
,,2017 - 2018,0.93
,,2018 - 2019,0.9
,,2019 - 2020,0.97
,,2020 - 2021,0.95
,,2021 - 2022,1.15
,,2022 - 2023,0.96
,Solapur,2000 - 2001,0.56
,,2001 - 2002,0.55
,,2002 - 2003,0.43
,,2003 - 2004,0.18
,,2004 - 2005,0.49
,,2005 - 2006,0.76
,,2006 - 2007,0.61
,,2007 - 2008,0.77
,,2008 - 2009,0.73
,,2009 - 2010,0.78
,,2010 - 2011,0.66
,,2011 - 2012,0.66
,,2012 - 2013,0.42
,,2013 - 2014,0.56
,,2014 - 2015,0.75
,,2015 - 2016,0.29
,,2016 - 2017,0.67
,,2017 - 2018,0.68
,,2018 - 2019,0.55
,,2019 - 2020,0.81
,,2020 - 2021,0.84
,,2021 - 2022,0.8
,,2022 - 2023,0.71
,Thane,2000 - 2001,0.53
,,2001 - 2002,0.5
,,2002 - 2003,0.66
,,2003 - 2004,0.68
,,2004 - 2005,0.66
,,2005 - 2006,0.66
,,2006 - 2007,0.73
,,2007 - 2008,0.8
,,2008 - 2009,0.7
,,2009 - 2010,0.66
,,2010 - 2011,0.86
,,2011 - 2012,0.88
,,2012 - 2013,0.68
,,2013 - 2014,1.18
,,2014 - 2015,0.85
,,2015 - 2016,0.69
,,2016 - 2017,0.93
,,2017 - 2018,0.86
,,2018 - 2019,0.9
,,2019 - 2020,0.7
,,2020 - 2021,0.92
,,2021 - 2022,0.92
,,2022 - 2023,0.87
,Wardha,2000 - 2001,0.54
,,2001 - 2002,0.62
,,2002 - 2003,0.48
,,2003 - 2004,0.63
,,2004 - 2005,0.52
,,2005 - 2006,0.53
,,2006 - 2007,0.55
,,2007 - 2008,0.71
,,2008 - 2009,0.54
,,2009 - 2010,0.53
,,2010 - 2011,0.77
,,2011 - 2012,0.71
,,2012 - 2013,0.93
,,2013 - 2014,0.76
,,2014 - 2015,0.79
,,2015 - 2016,0.78
,,2016 - 2017,1.14
,,2017 - 2018,1.17
,,2018 - 2019,1.36
,,2019 - 2020,1.01
,,2020 - 2021,1.69
,,2021 - 2022,1.52
,,2022 - 2023,1.38
,Washim,2000 - 2001,0.41
,,2001 - 2002,0.74
,,2002 - 2003,0.69
,,2003 - 2004,0.66
,,2004 - 2005,0.36
,,2005 - 2006,0.6
,,2006 - 2007,0.75
,,2007 - 2008,0.77
,,2008 - 2009,0.75
,,2009 - 2010,1.35
,,2010 - 2011,1.0
,,2011 - 2012,0.78
,,2012 - 2013,1.02
,,2013 - 2014,1.07
,,2014 - 2015,0.53
,,2015 - 2016,0.37
,,2016 - 2017,0.9
,,2017 - 2018,0.71
,,2018 - 2019,0.87
,,2019 - 2020,0.92
,,2020 - 2021,1.58
,,2021 - 2022,1.27
,,2022 - 2023,1.16
,Yavatmal,2000 - 2001,0.54
,,2001 - 2002,0.63
,,2002 - 2003,0.52
,,2003 - 2004,0.69
,,2004 - 2005,0.5
,,2005 - 2006,0.61
,,2006 - 2007,0.83
,,2007 - 2008,0.85
,,2008 - 2009,0.74
,,2009 - 2010,0.64
,,2010 - 2011,1.16
,,2011 - 2012,1.29
,,2012 - 2013,1.19
,,2013 - 2014,0.81
,,2014 - 2015,0.85
,,2015 - 2016,0.74
,,2016 - 2017,0.74
,,2017 - 2018,0.8
,,2018 - 2019,1.13
,,2019 - 2020,1.43
,,2020 - 2021,1.15
,,2021 - 2022,1.03
,,2022 - 2023,0.68
Manipur,Bishnupur,2008 - 2009,0.78
,,2009 - 2010,0.96
,,2010 - 2011,0.8
,,2011 - 2012,0.85
,,2012 - 2013,0.84
,,2013 - 2014,0.92
,,2014 - 2015,0.83
,,2015 - 2016,0.95
,,2016 - 2017,0.94
,,2017 - 2018,0.95
,,2018 - 2019,0.97
,Chandel,2008 - 2009,1.04
,,2009 - 2010,0.74
,,2010 - 2011,0.84
,,2011 - 2012,0.91
,,2012 - 2013,0.81
,,2013 - 2014,0.92
,,2014 - 2015,0.81
,,2015 - 2016,0.87
,,2016 - 2017,0.94
,,2017 - 2018,1.2
,,2018 - 2019,0.91
,Churachandpur,2008 - 2009,0.82
,,2009 - 2010,0.73
,,2010 - 2011,0.73
,,2011 - 2012,0.86
,,2012 - 2013,0.85
,,2013 - 2014,0.92
,,2014 - 2015,0.86
,,2015 - 2016,0.94
,,2016 - 2017,0.94
,,2017 - 2018,0.94
,,2018 - 2019,0.94
,Imphal east,2008 - 2009,0.73
,,2009 - 2010,0.93
,,2010 - 2011,0.8
,,2011 - 2012,0.86
,,2012 - 2013,0.88
,,2013 - 2014,0.98
,,2014 - 2015,0.97
,,2015 - 2016,0.98
,,2016 - 2017,0.97
,,2017 - 2018,0.95
,,2018 - 2019,0.96
,Imphal west,2008 - 2009,0.78
,,2009 - 2010,0.97
,,2010 - 2011,0.84
,,2011 - 2012,0.92
,,2012 - 2013,0.87
,,2013 - 2014,0.95
,,2014 - 2015,0.89
,,2015 - 2016,0.95
,,2016 - 2017,0.93
,,2017 - 2018,0.93
,,2018 - 2019,0.93
,Senapati,2008 - 2009,0.72
,,2009 - 2010,0.73
,,2010 - 2011,0.72
,,2011 - 2012,0.8
,,2012 - 2013,0.78
,,2013 - 2014,0.86
,,2014 - 2015,0.76
,,2015 - 2016,0.87
,,2016 - 2017,0.87
,,2017 - 2018,0.87
,,2018 - 2019,0.91
,Tamenglong,2008 - 2009,0.71
,,2009 - 2010,0.63
,,2010 - 2011,0.7
,,2011 - 2012,0.76
,,2012 - 2013,0.85
,,2013 - 2014,0.89
,,2014 - 2015,0.84
,,2015 - 2016,0.93
,,2016 - 2017,0.94
,,2017 - 2018,0.76
,,2018 - 2019,0.84
,Thoubal,2008 - 2009,0.73
,,2009 - 2010,0.9
,,2010 - 2011,0.84
,,2011 - 2012,0.87
,,2012 - 2013,0.89
,,2013 - 2014,0.92
,,2014 - 2015,0.85
,,2015 - 2016,0.92
,,2016 - 2017,0.93
,,2017 - 2018,0.91
,,2018 - 2019,0.95
,Ukhrul,2008 - 2009,1.3
,,2009 - 2010,0.77
,,2010 - 2011,0.86
,,2011 - 2012,0.8
,,2012 - 2013,0.85
,,2013 - 2014,0.89
,,2014 - 2015,0.82
,,2015 - 2016,0.93
,,2016 - 2017,0.91
,,2017 - 2018,0.91
,,2018 - 2019,0.92
Meghalaya,East garo hills,2000 - 2001,0.6
,,2001 - 2002,0.6
,,2002 - 2003,0.6
,,2003 - 2004,0.6
,,2004 - 2005,0.6
,,2005 - 2006,0.58
,,2006 - 2007,0.58
,,2007 - 2008,0.58
,,2008 - 2009,0.58
,,2009 - 2010,0.58
,,2010 - 2011,0.58
,,2011 - 2012,0.59
,,2012 - 2013,0.94
,,2013 - 2014,0.92
,,2014 - 2015,0.95
,,2015 - 2016,0.97
,,2016 - 2017,0.97
,,2017 - 2018,0.98
,,2018 - 2019,0.98
,,2019 - 2020,0.98
,,2020 - 2021,0.98
,,2022 - 2023,0.98
,North garo hills,2013 - 2014,1.01
,,2014 - 2015,1.02
,,2015 - 2016,1.05
,,2016 - 2017,1.06
,,2017 - 2018,1.06
,,2018 - 2019,1.06
,,2019 - 2020,1.06
,,2020 - 2021,1.06
,,2022 - 2023,1.06
,South garo hills,2000 - 2001,0.6
,,2001 - 2002,0.52
,,2002 - 2003,0.57
,,2003 - 2004,0.55
,,2004 - 2005,0.5
,,2005 - 2006,0.56
,,2006 - 2007,0.56
,,2007 - 2008,0.53
,,2008 - 2009,0.61
,,2009 - 2010,0.53
,,2010 - 2011,0.5
,,2011 - 2012,0.52
,,2012 - 2013,0.99
,,2013 - 2014,1.01
,,2014 - 2015,1.06
,,2015 - 2016,1.08
,,2016 - 2017,1.1
,,2017 - 2018,1.1
,,2018 - 2019,1.1
,,2019 - 2020,1.1
,,2020 - 2021,1.1
,,2022 - 2023,1.2
,South west garo hills,2013 - 2014,1.13
,,2014 - 2015,1.16
,,2015 - 2016,1.2
,,2016 - 2017,1.21
,,2017 - 2018,1.21
,,2018 - 2019,1.21
,,2019 - 2020,1.21
,,2020 - 2021,1.21
,,2022 - 2023,1.21
,West garo hills,2000 - 2001,0.64
,,2001 - 2002,0.63
,,2002 - 2003,0.63
,,2003 - 2004,0.65
,,2004 - 2005,0.66
,,2005 - 2006,0.66
,,2006 - 2007,0.66
,,2007 - 2008,0.65
,,2008 - 2009,0.66
,,2009 - 2010,0.66
,,2010 - 2011,0.66
,,2011 - 2012,0.66
,,2012 - 2013,1.0
,,2013 - 2014,1.0
,,2014 - 2015,1.02
,,2015 - 2016,1.05
,,2016 - 2017,1.05
,,2017 - 2018,1.05
,,2018 - 2019,1.05
,,2019 - 2020,1.06
,,2020 - 2021,1.06
,,2022 - 2023,1.06
Mizoram,Aizawl,2003 - 2004,
,Kolasib,2003 - 2004,0.67
,Lunglei,2003 - 2004,2.0
,Mamit,2003 - 2004,0.86
Nagaland,Chumoukedima,2022 - 2023,0.88
,Dimapur,2000 - 2001,1.1
,,2001 - 2002,1.0
,,2002 - 2003,1.1
,,2003 - 2004,1.34
,,2004 - 2005,1.05
,,2005 - 2006,1.33
,,2006 - 2007,1.5
,,2008 - 2009,0.71
,,2009 - 2010,0.63
,,2010 - 2011,0.78
,,2011 - 2012,0.8
,,2012 - 2013,1.0
,,2013 - 2014,1.0
,,2015 - 2016,1.0
,,2016 - 2017,0.8
,,2017 - 2018,0.82
,,2018 - 2019,0.9
,,2019 - 2020,0.9
,,2020 - 2021,0.9
,,2021 - 2022,0.92
,,2022 - 2023,0.8
,Kiphire,2009 - 2010,1.0
,,2010 - 2011,0.67
,,2011 - 2012,0.67
,,2012 - 2013,0.67
,,2013 - 2014,0.67
,,2015 - 2016,0.67
,,2016 - 2017,0.67
,,2017 - 2018,0.75
,,2018 - 2019,0.75
,,2019 - 2020,0.75
,,2020 - 2021,0.75
,,2021 - 2022,0.85
,,2022 - 2023,0.81
,Kohima,2000 - 2001,0.78
,,2001 - 2002,1.11
,,2002 - 2003,0.7
,,2003 - 2004,1.33
,,2004 - 2005,0.92
,,2005 - 2006,1.14
,,2006 - 2007,1.33
,,2009 - 2010,0.67
,,2010 - 2011,0.71
,,2011 - 2012,0.75
,,2012 - 2013,0.75
,,2013 - 2014,0.67
,,2015 - 2016,0.71
,,2016 - 2017,0.83
,,2017 - 2018,0.83
,,2018 - 2019,0.83
,,2019 - 2020,0.83
,,2020 - 2021,0.83
,,2021 - 2022,0.81
,,2022 - 2023,0.85
,Longleng,2009 - 2010,1.0
,,2010 - 2011,0.75
,,2011 - 2012,0.75
,,2012 - 2013,0.75
,,2013 - 2014,0.75
,,2015 - 2016,0.75
,,2016 - 2017,0.75
,,2017 - 2018,0.75
,,2018 - 2019,0.75
,,2019 - 2020,0.75
,,2020 - 2021,0.75
,,2021 - 2022,0.8
,,2022 - 2023,0.79
,Mokokchung,2000 - 2001,0.67
,,2001 - 2002,1.0
,,2002 - 2003,0.73
,,2003 - 2004,1.45
,,2004 - 2005,1.0
,,2005 - 2006,0.75
,,2006 - 2007,1.33
,,2008 - 2009,0.67
,,2009 - 2010,0.67
,,2010 - 2011,0.67
,,2011 - 2012,0.67
,,2012 - 2013,0.71
,,2013 - 2014,0.71
,,2015 - 2016,0.71
,,2016 - 2017,0.86
,,2017 - 2018,0.86
,,2018 - 2019,0.86
,,2019 - 2020,0.86
,,2020 - 2021,0.86
,,2021 - 2022,0.73
,,2022 - 2023,0.8
,Mon,2000 - 2001,0.88
,,2001 - 2002,1.11
,,2002 - 2003,0.67
,,2003 - 2004,1.53
,,2008 - 2009,0.67
,,2009 - 2010,0.8
,,2010 - 2011,0.71
,,2011 - 2012,0.71
,,2012 - 2013,0.86
,,2013 - 2014,0.86
,,2015 - 2016,0.86
,,2016 - 2017,0.86
,,2017 - 2018,0.86
,,2018 - 2019,0.86
,,2019 - 2020,0.86
,,2020 - 2021,0.86
,,2021 - 2022,0.84
,,2022 - 2023,0.87
,Noklak,2021 - 2022,0.8
,,2022 - 2023,0.79
,Nuiland,2022 - 2023,0.88
,Peren,2009 - 2010,0.6
,,2010 - 2011,0.57
,,2011 - 2012,0.57
,,2012 - 2013,0.86
,,2013 - 2014,0.86
,,2015 - 2016,0.88
,,2016 - 2017,0.88
,,2017 - 2018,0.89
,,2018 - 2019,0.78
,,2019 - 2020,0.78
,,2020 - 2021,0.78
,,2021 - 2022,0.77
,,2022 - 2023,0.84
,Phek,2000 - 2001,0.73
,,2001 - 2002,1.0
,,2002 - 2003,0.67
,,2003 - 2004,1.0
,,2004 - 2005,0.13
,,2005 - 2006,0.88
,,2006 - 2007,1.29
,,2008 - 2009,0.83
,,2009 - 2010,0.71
,,2010 - 2011,0.63
,,2011 - 2012,0.63
,,2012 - 2013,0.88
,,2013 - 2014,0.88
,,2015 - 2016,0.88
,,2016 - 2017,0.88
,,2017 - 2018,0.88
,,2018 - 2019,0.88
,,2019 - 2020,0.88
,,2020 - 2021,0.88
,,2021 - 2022,0.82
,,2022 - 2023,0.83
,Shamator,2022 - 2023,0.83
,Tseminyu,2022 - 2023,0.8
,Tuensang,2000 - 2001,0.7
,,2001 - 2002,1.0
,,2002 - 2003,0.67
,,2003 - 2004,1.44
,,2004 - 2005,0.67
,,2005 - 2006,1.14
,,2006 - 2007,1.17
,,2008 - 2009,0.75
,,2009 - 2010,0.8
,,2010 - 2011,0.86
,,2011 - 2012,0.86
,,2012 - 2013,0.86
,,2013 - 2014,0.86
,,2015 - 2016,0.86
,,2016 - 2017,0.86
,,2017 - 2018,0.86
,,2018 - 2019,0.86
,,2019 - 2020,0.86
,,2020 - 2021,0.86
,,2021 - 2022,0.83
,,2022 - 2023,0.83
,Wokha,2000 - 2001,0.69
,,2001 - 2002,0.94
,,2002 - 2003,0.63
,,2003 - 2004,1.48
,,2004 - 2005,1.08
,,2005 - 2006,1.0
,,2006 - 2007,1.25
,,2009 - 2010,0.67
,,2010 - 2011,0.75
,,2011 - 2012,0.78
,,2012 - 2013,0.89
,,2013 - 2014,0.89
,,2015 - 2016,0.89
,,2016 - 2017,0.78
,,2017 - 2018,0.89
,,2018 - 2019,0.88
,,2019 - 2020,0.88
,,2020 - 2021,0.88
,,2021 - 2022,0.83
,,2022 - 2023,0.81
,Zunheboto,2000 - 2001,0.73
,,2001 - 2002,0.9
,,2002 - 2003,0.56
,,2003 - 2004,1.21
,,2004 - 2005,0.67
,,2005 - 2006,0.5
,,2006 - 2007,1.25
,,2008 - 2009,1.5
,,2009 - 2010,0.6
,,2010 - 2011,0.67
,,2011 - 2012,0.67
,,2012 - 2013,0.83
,,2013 - 2014,0.83
,,2015 - 2016,0.83
,,2016 - 2017,0.83
,,2017 - 2018,0.83
,,2018 - 2019,0.83
,,2019 - 2020,0.83
,,2020 - 2021,0.83
,,2021 - 2022,0.85
,,2022 - 2023,0.8
Odisha,Anugul,2000 - 2001,0.46
,,2002 - 2003,0.52
,,2003 - 2004,0.45
,,2004 - 2005,1.17
,,2019 - 2020,0.78
,Balangir,2000 - 2001,0.37
,,2001 - 2002,0.47
,,2002 - 2003,0.41
,,2003 - 2004,0.44
,,2004 - 2005,0.44
,,2019 - 2020,0.79
,Baleshwar,2000 - 2001,0.5
,,2001 - 2002,0.63
,,2002 - 2003,0.71
,,2003 - 2004,0.73
,,2004 - 2005,0.73
,,2019 - 2020,0.78
,Bargarh,2000 - 2001,0.44
,,2001 - 2002,0.47
,,2002 - 2003,0.47
,,2003 - 2004,0.43
,,2004 - 2005,0.43
,,2019 - 2020,0.71
,Bhadrak,2000 - 2001,0.67
,,2001 - 2002,0.5
,,2002 - 2003,0.5
,,2003 - 2004,0.5
,,2004 - 2005,0.45
,Boudh,2000 - 2001,0.38
,,2001 - 2002,0.36
,,2002 - 2003,0.39
,,2003 - 2004,0.5
,,2004 - 2005,0.71
,,2019 - 2020,0.79
,Cuttack,2000 - 2001,0.58
,,2001 - 2002,0.45
,,2002 - 2003,0.44
,,2003 - 2004,0.51
,,2004 - 2005,0.51
,,2019 - 2020,0.77
,Deogarh,2000 - 2001,0.44
,,2001 - 2002,0.47
,,2002 - 2003,0.44
,,2003 - 2004,0.44
,,2004 - 2005,0.45
,,2019 - 2020,0.7
,Dhenkanal,2000 - 2001,0.42
,,2002 - 2003,0.36
,,2003 - 2004,0.38
,,2004 - 2005,0.4
,,2019 - 2020,0.81
,Gajapati,2000 - 2001,0.63
,,2001 - 2002,0.67
,,2002 - 2003,0.71
,,2003 - 2004,0.71
,,2004 - 2005,0.68
,Ganjam,2000 - 2001,0.64
,,2001 - 2002,0.67
,,2002 - 2003,0.57
,,2003 - 2004,0.65
,,2004 - 2005,0.63
,,2019 - 2020,0.81
,Jagatsinghapur,2000 - 2001,0.67
,,2001 - 2002,0.8
,,2002 - 2003,0.8
,,2003 - 2004,0.67
,,2004 - 2005,0.84
,,2019 - 2020,1.0
,Jajapur,2000 - 2001,0.31
,,2001 - 2002,0.42
,,2002 - 2003,0.43
,,2003 - 2004,0.38
,,2004 - 2005,0.4
,,2019 - 2020,0.8
,Jharsuguda,2000 - 2001,0.4
,,2001 - 2002,0.47
,,2002 - 2003,0.44
,,2003 - 2004,0.41
,,2004 - 2005,0.43
,,2019 - 2020,0.82
,Kalahandi,2000 - 2001,0.87
,,2001 - 2002,0.88
,,2002 - 2003,0.95
,,2003 - 2004,0.95
,,2004 - 2005,0.7
,,2019 - 2020,0.79
,Kandhamal,2000 - 2001,0.5
,,2001 - 2002,0.33
,,2002 - 2003,0.33
,,2003 - 2004,0.25
,,2004 - 2005,0.33
,,2019 - 2020,0.76
,Kendrapara,2000 - 2001,0.86
,,2001 - 2002,0.56
,,2002 - 2003,0.88
,,2003 - 2004,0.83
,,2004 - 2005,0.84
,,2019 - 2020,1.0
,Kendujhar,2000 - 2001,0.91
,,2001 - 2002,0.89
,,2002 - 2003,0.94
,,2003 - 2004,0.94
,,2004 - 2005,0.95
,,2019 - 2020,0.81
,Khordha,2000 - 2001,0.63
,,2001 - 2002,0.4
,,2002 - 2003,0.5
,,2003 - 2004,0.4
,,2004 - 2005,0.33
,,2019 - 2020,0.74
,Koraput,2000 - 2001,0.32
,,2001 - 2002,0.31
,,2002 - 2003,0.28
,,2003 - 2004,0.25
,,2004 - 2005,0.27
,,2019 - 2020,0.7
,Malkangiri,2000 - 2001,0.4
,,2001 - 2002,0.25
,,2002 - 2003,0.25
,,2003 - 2004,0.25
,,2004 - 2005,0.27
,,2019 - 2020,0.81
,Mayurbhanj,2000 - 2001,0.63
,,2001 - 2002,0.62
,,2002 - 2003,0.65
,,2003 - 2004,0.73
,,2004 - 2005,0.75
,,2019 - 2020,0.75
,Nabarangpur,2000 - 2001,0.44
,,2001 - 2002,0.46
,,2002 - 2003,0.14
,,2003 - 2004,0.33
,,2004 - 2005,0.44
,,2019 - 2020,0.75
,Nayagarh,2000 - 2001,0.8
,,2001 - 2002,0.56
,,2002 - 2003,0.3
,,2003 - 2004,0.38
,,2004 - 2005,0.34
,,2019 - 2020,0.8
,Nuapada,2000 - 2001,0.34
,,2001 - 2002,0.38
,,2002 - 2003,0.15
,,2003 - 2004,0.32
,,2004 - 2005,0.41
,,2019 - 2020,0.79
,Puri,2000 - 2001,0.5
,,2001 - 2002,0.67
,,2004 - 2005,0.38
,,2019 - 2020,1.0
,Rayagada,2000 - 2001,0.44
,,2001 - 2002,0.44
,,2002 - 2003,0.36
,,2003 - 2004,0.42
,,2004 - 2005,0.4
,,2019 - 2020,0.79
,Sambalpur,2000 - 2001,0.5
,,2001 - 2002,0.44
,,2002 - 2003,0.41
,,2003 - 2004,0.47
,,2004 - 2005,0.47
,,2019 - 2020,0.79
,Sonepur,2000 - 2001,0.4
,,2001 - 2002,0.38
,,2002 - 2003,0.36
,,2003 - 2004,0.32
,,2004 - 2005,0.31
,,2019 - 2020,0.76
,Sundargarh,2000 - 2001,0.41
,,2001 - 2002,0.46
,,2002 - 2003,0.5
,,2003 - 2004,0.61
,,2004 - 2005,0.62
,,2019 - 2020,0.78
Punjab,Amritsar,2000 - 2001,1.0
,,2001 - 2002,0.8
,,2002 - 2003,1.0
,,2003 - 2004,1.0
,,2004 - 2005,1.0
,,2012 - 2013,1.0
,,2013 - 2014,1.2
,Barnala,2007 - 2008,1.0
,,2008 - 2009,1.0
,,2009 - 2010,1.0
,,2010 - 2011,1.0
,,2011 - 2012,1.0
,,2013 - 2014,1.2
,,2014 - 2015,1.0
,,2018 - 2019,1.0
,,2020 - 2021,2.0
,,2021 - 2022,1.0
,,2022 - 2023,2.0
,Bathinda,2000 - 2001,0.55
,,2001 - 2002,0.57
,,2002 - 2003,1.14
,,2003 - 2004,0.89
,,2004 - 2005,0.83
,,2005 - 2006,1.0
,,2006 - 2007,1.33
,,2007 - 2008,1.0
,,2008 - 2009,1.0
,,2009 - 2010,1.0
,,2010 - 2011,1.33
,,2011 - 2012,1.0
,,2012 - 2013,1.0
,,2013 - 2014,1.15
,,2014 - 2015,1.05
,,2015 - 2016,0.95
,,2016 - 2017,1.5
,,2017 - 2018,1.0
,,2018 - 2019,1.5
,,2019 - 2020,1.5
,,2020 - 2021,1.0
,,2021 - 2022,2.0
,,2022 - 2023,1.0
,Faridkot,2000 - 2001,0.67
,,2001 - 2002,1.0
,,2002 - 2003,1.0
,,2003 - 2004,1.5
,,2004 - 2005,1.0
,,2005 - 2006,1.0
,,2006 - 2007,1.0
,,2007 - 2008,1.0
,,2008 - 2009,1.0
,Fatehgarh sahib,2000 - 2001,1.0
,,2001 - 2002,1.0
,,2002 - 2003,1.0
,Fazilka,2012 - 2013,1.46
,,2013 - 2014,1.27
,,2014 - 2015,1.07
,,2015 - 2016,1.36
,,2016 - 2017,1.33
,,2017 - 2018,1.09
,,2018 - 2019,1.36
,,2019 - 2020,1.18
,,2020 - 2021,1.4
,,2021 - 2022,1.27
,,2022 - 2023,0.91
,Firozepur,2000 - 2001,1.16
,,2001 - 2002,0.75
,,2002 - 2003,1.0
,,2003 - 2004,1.0
,,2004 - 2005,0.92
,,2005 - 2006,1.08
,,2006 - 2007,1.0
,,2007 - 2008,1.08
,,2008 - 2009,1.15
,,2009 - 2010,1.15
,,2010 - 2011,1.36
,,2011 - 2012,1.3
,Gurdaspur,2000 - 2001,1.0
,,2001 - 2002,0.75
,,2002 - 2003,1.25
,,2003 - 2004,0.75
,,2004 - 2005,0.25
,,2005 - 2006,0.5
,,2006 - 2007,1.0
,,2007 - 2008,1.0
,,2008 - 2009,1.0
,,2009 - 2010,1.0
,,2010 - 2011,1.0
,,2022 - 2023,1.0
,Hoshiarpur,2000 - 2001,0.5
,,2001 - 2002,0.67
,,2002 - 2003,0.8
,,2003 - 2004,0.5
,,2004 - 2005,0.75
,,2005 - 2006,0.67
,,2006 - 2007,0.67
,,2007 - 2008,1.0
,,2008 - 2009,1.0
,,2009 - 2010,0.75
,,2010 - 2011,1.0
,,2011 - 2012,1.0
,,2012 - 2013,1.0
,,2015 - 2016,1.25
,,2016 - 2017,1.0
,,2018 - 2019,1.0
,,2020 - 2021,1.0
,,2021 - 2022,2.0
,,2022 - 2023,1.0
,Jalandhar,2000 - 2001,1.0
,,2001 - 2002,1.0
,,2002 - 2003,1.0
,Kapurthala,2000 - 2001,1.0
,,2001 - 2002,1.0
,,2002 - 2003,1.0
,Ludhiana,2000 - 2001,1.0
,,2001 - 2002,1.0
,,2002 - 2003,1.0
,,2003 - 2004,1.0
,,2004 - 2005,1.0
,Mansa,2000 - 2001,0.86
,,2001 - 2002,0.6
,,2002 - 2003,1.0
,,2003 - 2004,0.57
,,2004 - 2005,0.75
,,2005 - 2006,0.67
,,2006 - 2007,1.25
,,2007 - 2008,1.0
,,2008 - 2009,1.0
,,2009 - 2010,1.5
,,2010 - 2011,1.0
,,2011 - 2012,2.0
,,2012 - 2013,1.0
,,2014 - 2015,1.3
,,2015 - 2016,1.3
,,2016 - 2017,2.0
,,2017 - 2018,2.0
,,2018 - 2019,2.0
,,2019 - 2020,1.0
,,2020 - 2021,1.0
,,2021 - 2022,1.0
,,2022 - 2023,2.0
,Moga,2000 - 2001,1.25
,,2001 - 2002,1.2
,,2002 - 2003,0.8
,,2003 - 2004,1.5
,,2004 - 2005,0.5
,,2005 - 2006,0.5
,,2006 - 2007,0.5
,,2007 - 2008,1.0
,,2008 - 2009,1.0
,,2012 - 2013,1.0
,,2013 - 2014,1.2
,,2014 - 2015,1.1
,,2020 - 2021,1.0
,,2021 - 2022,1.0
,Muktsar,2000 - 2001,1.0
,,2001 - 2002,1.0
,,2002 - 2003,0.6
,,2003 - 2004,0.67
,,2004 - 2005,1.0
,,2005 - 2006,1.0
,,2006 - 2007,1.0
,,2007 - 2008,1.0
,,2008 - 2009,2.0
,,2009 - 2010,2.0
,,2010 - 2011,2.0
,,2011 - 2012,1.0
,,2012 - 2013,1.0
,,2013 - 2014,1.3
,,2014 - 2015,1.1
,,2015 - 2016,1.3
,,2016 - 2017,2.0
,,2017 - 2018,1.0
,Nawanshahr,2004 - 2005,1.0
,Pathankot,2012 - 2013,1.0
,,2015 - 2016,1.3
,,2016 - 2017,1.0
,,2017 - 2018,1.0
,,2018 - 2019,1.0
,,2020 - 2021,1.0
,Patiala,2000 - 2001,1.0
,,2001 - 2002,1.0
,,2002 - 2003,1.0
,,2003 - 2004,1.0
,,2004 - 2005,1.0
,,2005 - 2006,1.0
,,2006 - 2007,1.0
,,2014 - 2015,1.1
,Rupnagar,2000 - 2001,0.5
,,2001 - 2002,1.0
,,2002 - 2003,1.0
,,2003 - 2004,0.5
,,2004 - 2005,0.33
,,2005 - 2006,0.5
,,2006 - 2007,1.0
,,2007 - 2008,1.0
,,2008 - 2009,1.0
,,2009 - 2010,1.0
,,2010 - 2011,1.0
,,2012 - 2013,2.0
,,2014 - 2015,1.4
,,2015 - 2016,1.3
,,2022 - 2023,1.0
,S.a.s nagar,2006 - 2007,1.0
,,2007 - 2008,1.0
,,2008 - 2009,1.0
,,2009 - 2010,1.0
,,2011 - 2012,1.0
,,2014 - 2015,0.8
,,2015 - 2016,1.3
,,2017 - 2018,1.0
,,2018 - 2019,1.0
,,2019 - 2020,1.0
,,2020 - 2021,1.0
,,2021 - 2022,1.0
,Sangrur,2000 - 2001,1.25
,,2001 - 2002,1.38
,,2002 - 2003,0.88
,,2003 - 2004,1.17
,,2004 - 2005,1.5
,,2005 - 2006,0.75
,,2006 - 2007,1.0
,,2007 - 2008,1.0
,,2008 - 2009,1.5
,,2011 - 2012,1.0
,,2012 - 2013,1.0
,,2013 - 2014,1.25
,,2016 - 2017,1.0
,,2017 - 2018,2.0
,,2018 - 2019,1.0
,,2020 - 2021,2.0
,Tarn taran,2012 - 2013,1.0
Rajasthan,Ajmer,2000 - 2001,0.29
,,2001 - 2002,0.61
,,2002 - 2003,0.44
,,2003 - 2004,0.47
,,2004 - 2005,0.76
,,2005 - 2006,0.23
,,2006 - 2007,0.61
,,2007 - 2008,0.63
,,2008 - 2009,0.45
,,2009 - 2010,0.41
,,2010 - 2011,0.83
,,2011 - 2012,0.76
,,2012 - 2013,1.19
,,2013 - 2014,1.07
,,2014 - 2015,0.46
,,2015 - 2016,0.83
,,2016 - 2017,0.84
,,2017 - 2018,0.93
,,2018 - 2019,0.94
,,2019 - 2020,1.41
,,2020 - 2021,1.21
,,2021 - 2022,1.08
,,2022 - 2023,0.99
,Alwar,2000 - 2001,0.84
,,2001 - 2002,0.91
,,2002 - 2003,0.49
,,2003 - 2004,0.86
,,2004 - 2005,1.04
,,2005 - 2006,0.89
,,2006 - 2007,1.17
,,2007 - 2008,1.09
,,2008 - 2009,1.29
,,2009 - 2010,1.09
,,2010 - 2011,1.51
,,2011 - 2012,1.3
,,2012 - 2013,1.29
,,2013 - 2014,1.4
,,2014 - 2015,0.95
,,2015 - 2016,0.75
,,2016 - 2017,1.47
,,2017 - 2018,1.95
,,2018 - 2019,1.41
,,2019 - 2020,1.41
,,2020 - 2021,1.35
,,2021 - 2022,1.61
,,2022 - 2023,1.64
,Banswara,2000 - 2001,0.6
,,2001 - 2002,1.11
,,2002 - 2003,0.62
,,2003 - 2004,1.13
,,2004 - 2005,1.01
,,2005 - 2006,0.8
,,2006 - 2007,0.99
,,2007 - 2008,1.11
,,2008 - 2009,0.75
,,2009 - 2010,1.21
,,2010 - 2011,0.78
,,2011 - 2012,0.98
,,2012 - 2013,1.04
,,2013 - 2014,0.99
,,2014 - 2015,0.99
,,2015 - 2016,1.07
,,2016 - 2017,1.09
,,2017 - 2018,0.98
,,2018 - 2019,1.14
,,2019 - 2020,1.13
,,2020 - 2021,1.28
,,2021 - 2022,1.18
,,2022 - 2023,1.12
,Baran,2000 - 2001,0.93
,,2001 - 2002,1.19
,,2002 - 2003,2.35
,,2003 - 2004,1.25
,,2004 - 2005,1.06
,,2005 - 2006,0.92
,,2006 - 2007,1.31
,,2007 - 2008,1.11
,,2008 - 2009,1.1
,,2009 - 2010,1.03
,,2010 - 2011,1.58
,,2011 - 2012,1.29
,,2012 - 2013,1.45
,,2013 - 2014,0.96
,,2014 - 2015,1.04
,,2015 - 2016,1.36
,,2016 - 2017,1.77
,,2017 - 2018,1.84
,,2018 - 2019,2.05
,,2019 - 2020,1.89
,,2020 - 2021,1.94
,,2021 - 2022,1.96
,,2022 - 2023,1.7
,Barmer,2000 - 2001,0.61
,,2001 - 2002,0.76
,,2002 - 2003,1.0
,,2003 - 2004,0.63
,,2004 - 2005,0.75
,,2005 - 2006,0.47
,,2006 - 2007,0.86
,,2007 - 2008,0.47
,,2008 - 2009,0.51
,,2010 - 2011,0.9
,,2011 - 2012,0.8
,,2012 - 2013,0.54
,,2013 - 2014,0.85
,,2014 - 2015,0.73
,,2015 - 2016,0.89
,,2016 - 2017,0.91
,,2017 - 2018,1.07
,,2018 - 2019,1.15
,,2019 - 2020,0.56
,,2020 - 2021,1.31
,,2021 - 2022,0.78
,,2022 - 2023,1.14
,Bharatpur,2000 - 2001,0.89
,,2001 - 2002,1.16
,,2002 - 2003,0.56
,,2003 - 2004,1.12
,,2004 - 2005,1.17
,,2005 - 2006,0.99
,,2006 - 2007,1.05
,,2007 - 2008,0.79
,,2008 - 2009,1.33
,,2009 - 2010,1.2
,,2010 - 2011,1.75
,,2011 - 2012,1.43
,,2012 - 2013,1.69
,,2013 - 2014,1.43
,,2014 - 2015,1.26
,,2015 - 2016,0.72
,,2016 - 2017,1.18
,,2017 - 2018,0.82
,,2018 - 2019,1.49
,,2019 - 2020,0.89
,,2020 - 2021,1.26
,,2021 - 2022,1.36
,,2022 - 2023,1.36
,Bhilwara,2000 - 2001,0.79
,,2001 - 2002,1.04
,,2002 - 2003,0.63
,,2003 - 2004,0.68
,,2004 - 2005,1.1
,,2005 - 2006,0.81
,,2006 - 2007,0.93
,,2007 - 2008,0.7
,,2008 - 2009,0.67
,,2009 - 2010,0.5
,,2010 - 2011,0.87
,,2011 - 2012,0.79
,,2012 - 2013,1.22
,,2013 - 2014,1.25
,,2014 - 2015,0.73
,,2015 - 2016,0.86
,,2016 - 2017,1.12
,,2017 - 2018,1.13
,,2018 - 2019,1.18
,,2019 - 2020,1.64
,,2020 - 2021,1.62
,,2021 - 2022,1.5
,,2022 - 2023,1.27
,Bikaner,2000 - 2001,0.38
,,2001 - 2002,0.6
,,2002 - 2003,0.75
,,2003 - 2004,0.76
,,2004 - 2005,0.91
,,2005 - 2006,0.52
,,2006 - 2007,1.06
,,2007 - 2008,0.35
,,2008 - 2009,0.87
,,2009 - 2010,0.49
,,2010 - 2011,0.89
,,2011 - 2012,0.72
,,2012 - 2013,0.82
,,2013 - 2014,0.77
,,2014 - 2015,0.77
,,2015 - 2016,0.92
,,2016 - 2017,0.85
,,2017 - 2018,0.92
,,2018 - 2019,1.0
,,2019 - 2020,0.95
,,2020 - 2021,0.78
,,2021 - 2022,0.78
,,2022 - 2023,0.81
,Bundi,2000 - 2001,0.9
,,2001 - 2002,0.79
,,2002 - 2003,0.66
,,2003 - 2004,0.71
,,2004 - 2005,1.09
,,2005 - 2006,1.17
,,2006 - 2007,1.09
,,2007 - 2008,1.14
,,2008 - 2009,1.14
,,2009 - 2010,0.74
,,2010 - 2011,1.18
,,2011 - 2012,1.25
,,2012 - 2013,1.25
,,2013 - 2014,1.26
,,2014 - 2015,0.34
,,2015 - 2016,1.13
,,2016 - 2017,1.51
,,2017 - 2018,1.28
,,2018 - 2019,1.44
,,2019 - 2020,1.86
,,2020 - 2021,1.81
,,2021 - 2022,1.53
,,2022 - 2023,1.72
,Chittorgarh,2000 - 2001,0.41
,,2001 - 2002,0.71
,,2002 - 2003,0.87
,,2003 - 2004,0.81
,,2004 - 2005,1.07
,,2005 - 2006,0.67
,,2006 - 2007,0.95
,,2007 - 2008,0.74
,,2008 - 2009,0.88
,,2009 - 2010,0.95
,,2010 - 2011,0.99
,,2011 - 2012,0.96
,,2012 - 2013,1.14
,,2013 - 2014,1.37
,,2014 - 2015,1.02
,,2015 - 2016,1.11
,,2016 - 2017,1.51
,,2017 - 2018,1.47
,,2018 - 2019,1.72
,,2019 - 2020,2.13
,,2020 - 2021,1.81
,,2021 - 2022,1.77
,,2022 - 2023,1.12
,Churu,2000 - 2001,0.03
,,2001 - 2002,0.2
,,2002 - 2003,0.11
,,2003 - 2004,0.31
,,2004 - 2005,0.38
,,2005 - 2006,0.04
,,2006 - 2007,0.59
,,2007 - 2008,0.09
,,2008 - 2009,0.5
,,2009 - 2010,0.19
,,2010 - 2011,0.62
,,2011 - 2012,0.13
,,2012 - 2013,0.7
,,2013 - 2014,0.25
,,2014 - 2015,0.31
,,2015 - 2016,0.37
,,2016 - 2017,0.35
,,2017 - 2018,0.38
,,2018 - 2019,0.42
,,2019 - 2020,0.16
,,2020 - 2021,0.16
,,2021 - 2022,0.92
,,2022 - 2023,0.17
,Dausa,2000 - 2001,0.97
,,2001 - 2002,0.79
,,2002 - 2003,0.85
,,2003 - 2004,1.04
,,2004 - 2005,1.07
,,2005 - 2006,0.75
,,2006 - 2007,0.88
,,2007 - 2008,0.99
,,2008 - 2009,1.14
,,2009 - 2010,0.8
,,2010 - 2011,1.18
,,2011 - 2012,1.09
,,2012 - 2013,1.36
,,2013 - 2014,1.57
,,2014 - 2015,1.28
,,2015 - 2016,1.15
,,2016 - 2017,1.49
,,2017 - 2018,1.43
,,2018 - 2019,1.61
,,2019 - 2020,1.4
,,2020 - 2021,1.32
,,2021 - 2022,1.67
,,2022 - 2023,1.55
,Dholpur,2000 - 2001,0.59
,,2001 - 2002,0.76
,,2002 - 2003,0.76
,,2003 - 2004,0.63
,,2004 - 2005,1.1
,,2005 - 2006,1.04
,,2006 - 2007,1.4
,,2007 - 2008,0.98
,,2008 - 2009,1.18
,,2009 - 2010,1.45
,,2010 - 2011,0.9
,,2011 - 2012,1.03
,,2012 - 2013,1.4
,,2013 - 2014,1.64
,,2014 - 2015,0.97
,,2015 - 2016,0.97
,,2016 - 2017,0.91
,,2017 - 2018,1.07
,,2018 - 2019,1.15
,,2019 - 2020,1.08
,,2020 - 2021,1.04
,,2021 - 2022,1.17
,,2022 - 2023,0.93
,Dungarpur,2000 - 2001,0.81
,,2001 - 2002,1.16
,,2002 - 2003,0.83
,,2003 - 2004,1.02
,,2004 - 2005,0.85
,,2005 - 2006,0.65
,,2006 - 2007,0.91
,,2007 - 2008,1.17
,,2008 - 2009,0.58
,,2009 - 2010,1.04
,,2010 - 2011,0.93
,,2011 - 2012,1.26
,,2012 - 2013,0.9
,,2013 - 2014,1.1
,,2014 - 2015,1.31
,,2015 - 2016,1.01
,,2016 - 2017,1.16
,,2017 - 2018,1.25
,,2018 - 2019,1.25
,,2019 - 2020,1.43
,,2020 - 2021,1.26
,,2021 - 2022,1.38
,,2022 - 2023,1.27
,Ganganagar,2000 - 2001,0.2
,,2001 - 2002,0.59
,,2002 - 2003,0.52
,,2003 - 2004,0.56
,,2004 - 2005,0.62
,,2005 - 2006,0.5
,,2006 - 2007,0.86
,,2007 - 2008,0.77
,,2008 - 2009,0.91
,,2009 - 2010,0.68
,,2010 - 2011,0.95
,,2011 - 2012,0.78
,,2012 - 2013,1.14
,,2013 - 2014,1.05
,,2014 - 2015,1.03
,,2015 - 2016,1.19
,,2016 - 2017,0.99
,,2017 - 2018,1.0
,,2018 - 2019,1.21
,,2019 - 2020,1.31
,,2020 - 2021,1.11
,,2021 - 2022,1.16
,,2022 - 2023,1.13
,Hanumangarh,2000 - 2001,0.16
,,2001 - 2002,0.38
,,2002 - 2003,0.22
,,2003 - 2004,0.26
,,2004 - 2005,0.57
,,2005 - 2006,0.25
,,2006 - 2007,0.74
,,2007 - 2008,0.36
,,2008 - 2009,0.6
,,2009 - 2010,0.39
,,2010 - 2011,0.65
,,2011 - 2012,0.51
,,2012 - 2013,0.62
,,2013 - 2014,0.63
,,2014 - 2015,0.83
,,2015 - 2016,0.55
,,2016 - 2017,0.68
,,2017 - 2018,0.68
,,2018 - 2019,0.97
,,2019 - 2020,0.66
,,2020 - 2021,0.35
,,2021 - 2022,0.65
,,2022 - 2023,0.49
,Jaipur,2000 - 2001,0.39
,,2001 - 2002,0.59
,,2002 - 2003,1.09
,,2003 - 2004,0.63
,,2004 - 2005,0.94
,,2005 - 2006,1.05
,,2006 - 2007,1.01
,,2007 - 2008,0.52
,,2008 - 2009,1.0
,,2009 - 2010,0.87
,,2010 - 2011,1.81
,,2011 - 2012,0.89
,,2012 - 2013,1.6
,,2013 - 2014,1.21
,,2014 - 2015,0.73
,,2015 - 2016,0.85
,,2016 - 2017,1.05
,,2017 - 2018,0.97
,,2018 - 2019,1.11
,,2019 - 2020,1.26
,,2020 - 2021,1.31
,,2021 - 2022,1.37
,,2022 - 2023,1.25
,Jaisalmer,2000 - 2001,0.59
,,2001 - 2002,0.76
,,2002 - 2003,0.76
,,2003 - 2004,0.63
,,2004 - 2005,0.64
,,2005 - 2006,0.58
,,2006 - 2007,0.95
,,2007 - 2008,0.45
,,2008 - 2009,0.53
,,2009 - 2010,0.36
,,2010 - 2011,0.65
,,2011 - 2012,0.86
,,2012 - 2013,0.62
,,2013 - 2014,0.88
,,2014 - 2015,0.45
,,2015 - 2016,1.01
,,2016 - 2017,0.9
,,2017 - 2018,0.79
,,2018 - 2019,1.11
,,2019 - 2020,0.9
,,2020 - 2021,0.5
,,2021 - 2022,0.9
,,2022 - 2023,0.9
,Jalore,2000 - 2001,0.59
,,2001 - 2002,0.76
,,2002 - 2003,0.76
,,2003 - 2004,0.63
,,2004 - 2005,1.0
,,2005 - 2006,0.44
,,2006 - 2007,0.83
,,2007 - 2008,0.7
,,2008 - 2009,0.53
,,2009 - 2010,0.6
,,2010 - 2011,0.42
,,2011 - 2012,0.59
,,2012 - 2013,0.85
,,2013 - 2014,0.77
,,2014 - 2015,0.64
,,2015 - 2016,0.75
,,2016 - 2017,1.17
,,2017 - 2018,1.16
,,2018 - 2019,1.12
,,2019 - 2020,0.99
,,2020 - 2021,1.12
,,2021 - 2022,0.6
,,2022 - 2023,0.9
,Jhalawar,2000 - 2001,0.56
,,2001 - 2002,0.89
,,2002 - 2003,0.59
,,2003 - 2004,0.8
,,2004 - 2005,0.77
,,2005 - 2006,0.81
,,2006 - 2007,1.14
,,2007 - 2008,0.67
,,2008 - 2009,1.02
,,2009 - 2010,0.91
,,2010 - 2011,0.78
,,2011 - 2012,1.03
,,2012 - 2013,1.11
,,2013 - 2014,0.88
,,2014 - 2015,1.05
,,2015 - 2016,1.05
,,2016 - 2017,1.29
,,2017 - 2018,1.53
,,2018 - 2019,1.34
,,2019 - 2020,1.57
,,2020 - 2021,1.8
,,2021 - 2022,1.73
,,2022 - 2023,1.7
,Jhunjhunu,2000 - 2001,1.54
,,2001 - 2002,1.14
,,2002 - 2003,0.92
,,2003 - 2004,0.71
,,2004 - 2005,0.96
,,2005 - 2006,0.77
,,2006 - 2007,1.14
,,2007 - 2008,0.73
,,2008 - 2009,1.12
,,2009 - 2010,0.88
,,2010 - 2011,1.1
,,2011 - 2012,1.04
,,2012 - 2013,1.36
,,2013 - 2014,1.2
,,2014 - 2015,1.17
,,2015 - 2016,1.0
,,2016 - 2017,1.25
,,2017 - 2018,1.36
,,2018 - 2019,1.42
,,2019 - 2020,1.35
,,2020 - 2021,1.22
,,2021 - 2022,1.36
,,2022 - 2023,0.98
,Jodhpur,2000 - 2001,0.59
,,2001 - 2002,0.76
,,2002 - 2003,0.76
,,2003 - 2004,0.63
,,2004 - 2005,0.75
,,2005 - 2006,0.44
,,2006 - 2007,0.87
,,2007 - 2008,0.47
,,2008 - 2009,0.78
,,2009 - 2010,0.61
,,2010 - 2011,0.9
,,2011 - 2012,1.09
,,2012 - 2013,0.9
,,2013 - 2014,0.81
,,2014 - 2015,0.72
,,2015 - 2016,1.05
,,2016 - 2017,0.94
,,2017 - 2018,1.46
,,2018 - 2019,1.19
,,2019 - 2020,1.19
,,2020 - 2021,1.12
,,2021 - 2022,1.05
,,2022 - 2023,1.04
,Karauli,2000 - 2001,1.08
,,2001 - 2002,1.68
,,2002 - 2003,1.35
,,2003 - 2004,1.07
,,2004 - 2005,0.91
,,2005 - 2006,1.0
,,2006 - 2007,1.11
,,2007 - 2008,1.0
,,2008 - 2009,1.17
,,2009 - 2010,0.95
,,2010 - 2011,1.34
,,2011 - 2012,1.05
,,2012 - 2013,1.19
,,2013 - 2014,1.25
,,2014 - 2015,1.1
,,2015 - 2016,0.97
,,2016 - 2017,1.55
,,2017 - 2018,1.22
,,2018 - 2019,1.84
,,2019 - 2020,1.7
,,2020 - 2021,1.3
,,2021 - 2022,1.61
,,2022 - 2023,1.64
,Kota,2000 - 2001,0.69
,,2001 - 2002,0.98
,,2002 - 2003,0.88
,,2003 - 2004,1.23
,,2004 - 2005,1.06
,,2005 - 2006,0.84
,,2006 - 2007,1.39
,,2007 - 2008,1.31
,,2008 - 2009,1.13
,,2009 - 2010,1.07
,,2010 - 2011,0.93
,,2011 - 2012,1.46
,,2012 - 2013,1.39
,,2013 - 2014,1.1
,,2014 - 2015,1.3
,,2015 - 2016,1.61
,,2016 - 2017,1.7
,,2017 - 2018,1.51
,,2018 - 2019,1.73
,,2019 - 2020,1.77
,,2020 - 2021,1.84
,,2021 - 2022,1.93
,,2022 - 2023,1.78
,Nagaur,2000 - 2001,0.51
,,2001 - 2002,0.79
,,2002 - 2003,0.83
,,2003 - 2004,1.02
,,2004 - 2005,1.05
,,2005 - 2006,0.91
,,2006 - 2007,1.27
,,2007 - 2008,0.66
,,2008 - 2009,1.7
,,2009 - 2010,1.29
,,2010 - 2011,1.19
,,2011 - 2012,0.98
,,2012 - 2013,0.99
,,2013 - 2014,0.96
,,2014 - 2015,0.65
,,2015 - 2016,0.98
,,2016 - 2017,0.83
,,2017 - 2018,1.11
,,2018 - 2019,1.16
,,2019 - 2020,1.17
,,2020 - 2021,1.15
,,2021 - 2022,1.12
,,2022 - 2023,0.93
,Pali,2000 - 2001,0.53
,,2001 - 2002,0.85
,,2002 - 2003,1.37
,,2003 - 2004,0.72
,,2004 - 2005,0.27
,,2005 - 2006,0.49
,,2006 - 2007,0.83
,,2007 - 2008,0.7
,,2008 - 2009,1.02
,,2009 - 2010,1.08
,,2010 - 2011,0.74
,,2011 - 2012,0.92
,,2012 - 2013,1.04
,,2013 - 2014,0.91
,,2014 - 2015,0.99
,,2015 - 2016,1.1
,,2016 - 2017,1.34
,,2017 - 2018,1.37
,,2018 - 2019,1.12
,,2019 - 2020,1.23
,,2020 - 2021,1.35
,,2021 - 2022,1.32
,,2022 - 2023,1.21
,Pratapgarh,2008 - 2009,0.85
,,2009 - 2010,1.05
,,2010 - 2011,0.96
,,2011 - 2012,0.96
,,2012 - 2013,0.89
,,2013 - 2014,1.03
,,2014 - 2015,1.06
,,2015 - 2016,1.25
,,2016 - 2017,1.47
,,2017 - 2018,1.26
,,2018 - 2019,1.34
,,2019 - 2020,1.52
,,2020 - 2021,1.39
,,2021 - 2022,1.43
,,2022 - 2023,1.48
,Rajsamand,2000 - 2001,0.59
,,2001 - 2002,0.76
,,2002 - 2003,0.75
,,2003 - 2004,0.63
,,2004 - 2005,0.75
,,2005 - 2006,0.44
,,2006 - 2007,0.86
,,2007 - 2008,0.47
,,2008 - 2009,0.78
,,2009 - 2010,0.61
,,2010 - 2011,0.9
,,2011 - 2012,1.01
,,2012 - 2013,0.65
,,2013 - 2014,0.99
,,2014 - 2015,1.19
,,2015 - 2016,0.89
,,2016 - 2017,0.91
,,2017 - 2018,1.07
,,2018 - 2019,1.15
,,2019 - 2020,1.87
,,2020 - 2021,1.65
,,2021 - 2022,1.54
,,2022 - 2023,0.72
,Sawai madhopur,2000 - 2001,0.66
,,2001 - 2002,1.33
,,2002 - 2003,1.13
,,2003 - 2004,1.0
,,2004 - 2005,0.65
,,2005 - 2006,0.94
,,2006 - 2007,0.93
,,2007 - 2008,0.81
,,2008 - 2009,1.24
,,2009 - 2010,1.04
,,2010 - 2011,1.45
,,2011 - 2012,1.27
,,2012 - 2013,1.35
,,2013 - 2014,1.41
,,2014 - 2015,1.44
,,2015 - 2016,0.99
,,2016 - 2017,1.8
,,2017 - 2018,1.58
,,2018 - 2019,1.92
,,2019 - 2020,2.08
,,2020 - 2021,1.89
,,2021 - 2022,1.79
,,2022 - 2023,1.6
,Sikar,2000 - 2001,1.02
,,2001 - 2002,1.15
,,2002 - 2003,1.21
,,2003 - 2004,0.81
,,2004 - 2005,1.07
,,2005 - 2006,0.92
,,2006 - 2007,1.32
,,2007 - 2008,0.7
,,2008 - 2009,1.17
,,2009 - 2010,0.96
,,2010 - 2011,1.11
,,2011 - 2012,1.21
,,2012 - 2013,1.29
,,2013 - 2014,1.12
,,2014 - 2015,1.08
,,2015 - 2016,1.25
,,2016 - 2017,1.02
,,2017 - 2018,1.2
,,2018 - 2019,1.28
,,2019 - 2020,1.22
,,2020 - 2021,1.21
,,2021 - 2022,1.31
,,2022 - 2023,1.0
,Sirohi,2000 - 2001,0.59
,,2001 - 2002,0.76
,,2002 - 2003,0.75
,,2003 - 2004,0.63
,,2004 - 2005,0.75
,,2005 - 2006,0.44
,,2006 - 2007,0.99
,,2007 - 2008,0.8
,,2008 - 2009,0.49
,,2009 - 2010,0.67
,,2010 - 2011,0.9
,,2011 - 2012,0.59
,,2012 - 2013,0.85
,,2013 - 2014,1.06
,,2014 - 2015,0.64
,,2015 - 2016,0.75
,,2016 - 2017,0.73
,,2017 - 2018,0.97
,,2018 - 2019,0.88
,,2019 - 2020,0.79
,,2020 - 2021,1.01
,,2021 - 2022,0.99
,,2022 - 2023,1.06
,Tonk,2000 - 2001,0.45
,,2001 - 2002,0.68
,,2002 - 2003,0.61
,,2003 - 2004,0.55
,,2004 - 2005,0.71
,,2005 - 2006,0.56
,,2006 - 2007,0.74
,,2007 - 2008,0.69
,,2008 - 2009,0.76
,,2009 - 2010,0.5
,,2010 - 2011,0.67
,,2011 - 2012,1.02
,,2012 - 2013,1.2
,,2013 - 2014,1.15
,,2014 - 2015,0.76
,,2015 - 2016,1.24
,,2016 - 2017,0.98
,,2017 - 2018,1.06
,,2018 - 2019,1.38
,,2019 - 2020,1.74
,,2020 - 2021,1.46
,,2021 - 2022,1.72
,,2022 - 2023,1.6
,Udaipur,2000 - 2001,0.4
,,2001 - 2002,0.48
,,2002 - 2003,0.84
,,2003 - 2004,1.32
,,2004 - 2005,0.97
,,2005 - 2006,1.14
,,2006 - 2007,1.08
,,2007 - 2008,0.97
,,2008 - 2009,0.93
,,2009 - 2010,1.07
,,2010 - 2011,1.34
,,2011 - 2012,1.14
,,2012 - 2013,1.03
,,2013 - 2014,1.13
,,2014 - 2015,1.0
,,2015 - 2016,1.09
,,2016 - 2017,1.37
,,2017 - 2018,1.2
,,2018 - 2019,1.32
,,2019 - 2020,1.38
,,2020 - 2021,1.46
,,2021 - 2022,1.27
,,2022 - 2023,1.27
Tamil Nadu,Ariyalur,2014 - 2015,0.0
,Coimbatore,2000 - 2001,0.74
,,2002 - 2003,0.74
,,2003 - 2004,0.74
,,2004 - 2005,0.74
,,2005 - 2006,0.74
,,2006 - 2007,
,,2007 - 2008,
,,2008 - 2009,
,,2009 - 2010,
,,2010 - 2011,0.72
,,2011 - 2012,
,,2012 - 2013,0.72
,,2013 - 2014,
,,2014 - 2015,0.7
,,2015 - 2016,0.7
,,2016 - 2017,0.67
,,2017 - 2018,0.93
,,2018 - 2019,0.93
,,2019 - 2020,0.93
,,2020 - 2021,0.93
,,2021 - 2022,0.93
,,2022 - 2023,0.93
,Cuddalore,2002 - 2003,0.4
,Dharmapuri,2000 - 2001,0.2
,,2002 - 2003,0.12
,,2003 - 2004,0.14
,,2004 - 2005,0.15
,,2005 - 2006,0.17
,,2006 - 2007,
,,2007 - 2008,
,,2008 - 2009,
,,2009 - 2010,
,,2010 - 2011,0.47
,,2011 - 2012,
,,2012 - 2013,0.46
,,2013 - 2014,
,,2014 - 2015,0.53
,,2015 - 2016,0.54
,,2016 - 2017,0.55
,,2017 - 2018,0.93
,,2018 - 2019,0.93
,,2019 - 2020,0.93
,,2020 - 2021,0.93
,,2021 - 2022,0.93
,,2022 - 2023,0.93
,Dindigul,2000 - 2001,0.51
,,2002 - 2003,0.5
,,2003 - 2004,0.51
,,2004 - 2005,0.51
,,2005 - 2006,0.51
,,2006 - 2007,
,,2007 - 2008,
,,2008 - 2009,
,,2009 - 2010,
,,2010 - 2011,0.51
,,2011 - 2012,
,,2012 - 2013,0.47
,,2013 - 2014,
,,2014 - 2015,0.53
,,2015 - 2016,0.54
,,2016 - 2017,0.58
,,2017 - 2018,0.93
,,2018 - 2019,0.93
,,2019 - 2020,0.93
,,2020 - 2021,0.93
,,2021 - 2022,0.93
,,2022 - 2023,0.94
,Erode,2000 - 2001,0.72
,,2002 - 2003,0.78
,,2003 - 2004,0.79
,,2004 - 2005,0.75
,,2005 - 2006,0.75
,,2006 - 2007,
,,2007 - 2008,
,,2009 - 2010,
,,2012 - 2013,0.0
,,2014 - 2015,0.67
,,2019 - 2020,1.0
,,2020 - 2021,1.0
,,2021 - 2022,1.0
,Kanchipuram,2005 - 2006,0.5
,,2006 - 2007,
,,2007 - 2008,
,,2010 - 2011,0.0
,,2013 - 2014,
,,2015 - 2016,0.46
,,2016 - 2017,0.47
,Karur,2007 - 2008,
,,2008 - 2009,
,,2012 - 2013,0.16
,,2014 - 2015,0.33
,Krishnagiri,2004 - 2005,0.11
,,2005 - 2006,0.13
,,2006 - 2007,
,,2007 - 2008,
,,2008 - 2009,
,,2009 - 2010,
,,2010 - 2011,0.5
,,2011 - 2012,
,,2012 - 2013,0.44
,,2018 - 2019,1.0
,,2020 - 2021,0.91
,Madurai,2002 - 2003,0.58
,,2003 - 2004,0.59
,,2004 - 2005,0.61
,,2005 - 2006,0.59
,,2006 - 2007,
,,2007 - 2008,
,,2008 - 2009,
,,2009 - 2010,
,,2010 - 2011,0.59
,,2011 - 2012,
,,2012 - 2013,0.64
,,2013 - 2014,
,,2014 - 2015,0.61
,,2015 - 2016,0.62
,,2016 - 2017,0.63
,,2017 - 2018,0.92
,,2018 - 2019,0.92
,,2019 - 2020,0.94
,,2020 - 2021,0.93
,,2021 - 2022,0.92
,,2022 - 2023,0.9
,Namakkal,2000 - 2001,0.66
,,2002 - 2003,0.5
,,2003 - 2004,0.46
,,2004 - 2005,0.44
,,2006 - 2007,
,,2007 - 2008,
,,2008 - 2009,
,,2009 - 2010,
,,2010 - 2011,0.47
,,2011 - 2012,
,,2012 - 2013,0.46
,,2013 - 2014,
,,2014 - 2015,0.54
,,2015 - 2016,0.56
,,2017 - 2018,0.93
,,2018 - 2019,0.93
,,2019 - 2020,0.92
,,2020 - 2021,0.92
,,2021 - 2022,0.93
,,2022 - 2023,0.93
,Perambalur,2000 - 2001,0.67
,,2002 - 2003,1.29
,,2003 - 2004,0.75
,,2004 - 2005,0.67
,,2005 - 2006,1.0
,,2006 - 2007,
,,2007 - 2008,
,,2008 - 2009,
,,2009 - 2010,
,,2010 - 2011,1.0
,,2011 - 2012,
,,2012 - 2013,1.0
,,2013 - 2014,
,,2014 - 2015,1.0
,,2016 - 2017,0.82
,,2017 - 2018,1.0
,,2019 - 2020,1.0
,,2020 - 2021,1.0
,,2021 - 2022,1.0
,Pudukkottai,2007 - 2008,
,,2012 - 2013,0.25
,,2014 - 2015,0.17
,,2021 - 2022,0.94
,Ramanathapuram,2006 - 2007,
,,2008 - 2009,
,,2009 - 2010,
,,2010 - 2011,1.0
,,2011 - 2012,
,,2012 - 2013,0.67
,,2013 - 2014,
,,2014 - 2015,0.62
,,2015 - 2016,1.0
,Salem,2000 - 2001,0.46
,,2002 - 2003,0.46
,,2003 - 2004,0.45
,,2004 - 2005,0.46
,,2005 - 2006,0.4
,,2006 - 2007,
,,2007 - 2008,
,,2008 - 2009,
,,2009 - 2010,
,,2010 - 2011,0.46
,,2011 - 2012,
,,2012 - 2013,0.46
,,2013 - 2014,
,,2014 - 2015,0.53
,,2015 - 2016,0.57
,,2016 - 2017,0.59
,,2017 - 2018,0.9
,,2018 - 2019,0.94
,,2019 - 2020,1.0
,,2020 - 2021,1.0
,Sivaganga,2000 - 2001,0.54
,,2008 - 2009,
,,2009 - 2010,
,,2010 - 2011,0.25
,,2012 - 2013,0.31
,,2013 - 2014,
,,2017 - 2018,1.0
,Thanjavur,2007 - 2008,
,,2008 - 2009,
,,2010 - 2011,0.33
,,2017 - 2018,1.0
,,2020 - 2021,1.0
,,2022 - 2023,1.0
,Theni,2003 - 2004,1.0
,,2008 - 2009,
,,2009 - 2010,
,,2010 - 2011,0.26
,,2011 - 2012,
,,2015 - 2016,0.5
,Thiruvallur,2004 - 2005,1.0
,,2008 - 2009,
,,2009 - 2010,
,,2010 - 2011,1.0
,,2012 - 2013,0.78
,,2013 - 2014,
,,2014 - 2015,0.75
,,2015 - 2016,0.67
,Thoothukudi,2000 - 2001,0.48
,,2002 - 2003,0.5
,,2003 - 2004,0.49
,,2004 - 2005,0.49
,,2005 - 2006,0.5
,,2006 - 2007,
,,2007 - 2008,
,,2008 - 2009,
,,2009 - 2010,
,,2010 - 2011,0.48
,,2011 - 2012,
,,2012 - 2013,0.5
,,2013 - 2014,
,,2014 - 2015,0.56
,,2015 - 2016,0.56
,,2016 - 2017,0.63
,,2017 - 2018,0.88
,,2018 - 2019,0.9
,,2019 - 2020,0.92
,,2020 - 2021,0.91
,Tiruchirappalli,2000 - 2001,0.63
,,2002 - 2003,0.61
,,2003 - 2004,0.59
,,2004 - 2005,0.59
,,2005 - 2006,0.6
,,2006 - 2007,
,,2007 - 2008,
,,2008 - 2009,
,,2009 - 2010,
,,2010 - 2011,0.59
,,2011 - 2012,
,,2012 - 2013,0.47
,,2013 - 2014,
,,2014 - 2015,0.58
,,2015 - 2016,0.59
,,2016 - 2017,0.58
,,2017 - 2018,1.0
,,2018 - 2019,1.0
,,2019 - 2020,0.91
,,2020 - 2021,0.88
,,2021 - 2022,1.0
,Tirunelveli,2003 - 2004,1.0
,,2004 - 2005,0.9
,,2005 - 2006,1.0
,,2006 - 2007,
,,2007 - 2008,
,,2008 - 2009,
,,2010 - 2011,1.0
,,2012 - 2013,0.88
,Tirupathur,2019 - 2020,0.92
,,2020 - 2021,0.94
,,2021 - 2022,0.93
,,2022 - 2023,1.0
,Tiruppur,2008 - 2009,
,,2009 - 2010,
,,2010 - 2011,0.77
,,2011 - 2012,
,,2012 - 2013,0.77
,,2013 - 2014,
,,2014 - 2015,0.7
,,2015 - 2016,0.71
,,2016 - 2017,0.69
,,2017 - 2018,0.93
,,2018 - 2019,0.93
,,2019 - 2020,0.93
,,2020 - 2021,0.93
,,2021 - 2022,0.93
,,2022 - 2023,0.93
,Tiruvannamalai,2004 - 2005,0.3
,,2005 - 2006,0.27
,,2006 - 2007,
,,2007 - 2008,
,,2009 - 2010,
,,2010 - 2011,0.33
,,2011 - 2012,
,,2012 - 2013,0.0
,,2014 - 2015,0.31
,,2015 - 2016,0.5
,,2016 - 2017,0.29
,,2017 - 2018,1.0
,Vellore,2000 - 2001,0.33
,,2003 - 2004,0.33
,,2004 - 2005,0.5
,,2005 - 2006,0.0
,,2006 - 2007,
,,2007 - 2008,
,,2008 - 2009,
,,2009 - 2010,
,,2010 - 2011,0.4
,,2011 - 2012,
,,2014 - 2015,0.48
,,2015 - 2016,0.53
,,2016 - 2017,0.47
,,2017 - 2018,1.0
,,2018 - 2019,0.93
,Villupuram,2000 - 2001,0.66
,,2003 - 2004,0.46
,,2005 - 2006,0.23
,,2006 - 2007,
,,2007 - 2008,
,,2008 - 2009,
,,2009 - 2010,
,,2010 - 2011,0.22
,,2012 - 2013,0.17
,,2013 - 2014,
,Virudhunagar,2000 - 2001,0.5
,,2002 - 2003,0.5
,,2003 - 2004,0.5
,,2004 - 2005,0.5
,,2005 - 2006,0.5
,,2006 - 2007,
,,2007 - 2008,
,,2008 - 2009,
,,2009 - 2010,
,,2010 - 2011,0.49
,,2011 - 2012,
,,2012 - 2013,0.47
,,2013 - 2014,
,,2014 - 2015,0.57
,,2015 - 2016,0.55
,,2016 - 2017,0.57
,,2017 - 2018,0.86
,,2018 - 2019,1.0
,,2019 - 2020,0.0
,,2020 - 2021,1.0
,,2022 - 2023,1.0
Telangana,Adilabad,2000 - 2001,0.5
,,2001 - 2002,1.1
,,2002 - 2003,1.24
,,2003 - 2004,1.19
,,2004 - 2005,0.88
,,2005 - 2006,1.42
,,2006 - 2007,1.54
,,2007 - 2008,1.59
,,2008 - 2009,1.49
,,2009 - 2010,1.5
,,2010 - 2011,1.34
,,2011 - 2012,1.1
,,2012 - 2013,1.47
,,2013 - 2014,1.37
,,2014 - 2015,1.19
,,2015 - 2016,1.19
,,2016 - 2017,1.55
,,2017 - 2018,1.74
,,2018 - 2019,1.86
,,2019 - 2020,1.65
,,2020 - 2021,1.82
,,2021 - 2022,1.45
,,2022 - 2023,1.61
,Bhadradri,2017 - 2018,2.0
,,2020 - 2021,1.75
,,2021 - 2022,1.44
,,2022 - 2023,1.5
,Jagitial,2016 - 2017,1.3
,,2017 - 2018,1.52
,,2018 - 2019,1.57
,,2019 - 2020,1.53
,,2020 - 2021,1.66
,,2021 - 2022,1.55
,,2022 - 2023,2.06
,Jangoan,2016 - 2017,1.3
,,2017 - 2018,1.52
,,2018 - 2019,1.57
,,2019 - 2020,1.53
,,2020 - 2021,1.69
,,2021 - 2022,0.53
,,2022 - 2023,1.0
,Jayashankar,2016 - 2017,1.3
,,2017 - 2018,1.52
,,2018 - 2019,1.57
,,2019 - 2020,1.53
,,2020 - 2021,1.63
,,2021 - 2022,1.44
,,2022 - 2023,1.58
,Jogulamba,2016 - 2017,0.66
,,2017 - 2018,1.31
,,2018 - 2019,0.41
,,2019 - 2020,1.12
,,2020 - 2021,1.69
,,2021 - 2022,1.42
,,2022 - 2023,1.48
,Kamareddy,2016 - 2017,1.34
,,2017 - 2018,1.69
,,2018 - 2019,1.62
,,2019 - 2020,1.57
,,2020 - 2021,1.75
,,2021 - 2022,1.42
,,2022 - 2023,1.57
,Karimnagar,2000 - 2001,0.72
,,2001 - 2002,1.11
,,2002 - 2003,1.24
,,2003 - 2004,1.19
,,2004 - 2005,0.88
,,2005 - 2006,1.42
,,2006 - 2007,1.6
,,2007 - 2008,1.0
,,2008 - 2009,1.43
,,2009 - 2010,0.97
,,2010 - 2011,0.74
,,2011 - 2012,0.87
,,2012 - 2013,0.5
,,2013 - 2014,1.35
,,2014 - 2015,1.23
,,2015 - 2016,1.41
,,2016 - 2017,1.3
,,2017 - 2018,1.52
,,2018 - 2019,1.57
,,2019 - 2020,1.53
,,2020 - 2021,1.68
,,2021 - 2022,0.85
,,2022 - 2023,1.05
,Khammam,2000 - 2001,0.7
,,2001 - 2002,1.11
,,2002 - 2003,1.23
,,2003 - 2004,1.19
,,2004 - 2005,0.88
,,2005 - 2006,1.42
,,2006 - 2007,1.38
,,2008 - 2009,1.57
,,2009 - 2010,1.44
,,2010 - 2011,1.36
,,2011 - 2012,0.85
,,2013 - 2014,1.72
,,2014 - 2015,1.39
,,2015 - 2016,0.8
,,2016 - 2017,1.3
,,2017 - 2018,1.53
,,2018 - 2019,1.59
,,2019 - 2020,1.6
,,2020 - 2021,1.67
,,2021 - 2022,1.4
,,2022 - 2023,1.6
,Komaram bheem asifabad,2016 - 2017,1.88
,,2017 - 2018,1.24
,,2018 - 2019,1.77
,,2019 - 2020,0.76
,,2020 - 2021,0.86
,,2021 - 2022,1.33
,,2022 - 2023,1.32
,Mahabubabad,2016 - 2017,1.2
,,2017 - 2018,1.6
,,2020 - 2021,1.5
,,2021 - 2022,1.4
,,2022 - 2023,1.5
,Mahbubnagar,2000 - 2001,0.72
,,2001 - 2002,1.11
,,2002 - 2003,1.24
,,2003 - 2004,1.19
,,2004 - 2005,0.88
,,2005 - 2006,1.93
,,2006 - 2007,1.66
,,2007 - 2008,1.62
,,2008 - 2009,1.54
,,2009 - 2010,1.54
,,2010 - 2011,1.5
,,2011 - 2012,0.14
,,2012 - 2013,1.42
,,2013 - 2014,1.84
,,2014 - 2015,1.78
,,2015 - 2016,0.28
,,2016 - 2017,1.3
,,2017 - 2018,1.52
,,2019 - 2020,1.4
,,2020 - 2021,1.7
,,2021 - 2022,1.41
,,2022 - 2023,1.5
,Mancherial,2016 - 2017,1.3
,,2017 - 2018,1.51
,,2018 - 2019,1.57
,,2019 - 2020,1.53
,,2020 - 2021,1.66
,,2021 - 2022,1.48
,,2022 - 2023,1.57
,Medak,2000 - 2001,0.75
,,2001 - 2002,1.11
,,2002 - 2003,1.24
,,2003 - 2004,1.19
,,2004 - 2005,0.88
,,2005 - 2006,1.23
,,2006 - 2007,1.17
,,2007 - 2008,0.97
,,2008 - 2009,1.0
,,2009 - 2010,1.21
,,2010 - 2011,1.17
,,2011 - 2012,1.07
,,2012 - 2013,1.47
,,2013 - 2014,1.59
,,2014 - 2015,1.08
,,2015 - 2016,1.07
,,2016 - 2017,1.06
,,2017 - 2018,1.34
,,2018 - 2019,1.2
,,2019 - 2020,0.94
,,2020 - 2021,1.66
,,2021 - 2022,1.18
,,2022 - 2023,0.87
,Medchal,2016 - 2017,1.3
,,2017 - 2018,1.51
,,2018 - 2019,1.58
,,2019 - 2020,1.54
,,2020 - 2021,1.5
,,2021 - 2022,1.33
,,2022 - 2023,1.5
,Mulugu,2019 - 2020,1.5
,,2020 - 2021,1.75
,,2021 - 2022,1.43
,Nagarkurnool,2016 - 2017,1.3
,,2017 - 2018,1.52
,,2018 - 2019,1.57
,,2019 - 2020,1.53
,,2020 - 2021,1.69
,,2021 - 2022,1.25
,,2022 - 2023,1.2
,Nalgonda,2000 - 2001,0.72
,,2001 - 2002,1.1
,,2002 - 2003,1.24
,,2003 - 2004,1.19
,,2004 - 2005,0.88
,,2005 - 2006,1.42
,,2006 - 2007,1.38
,,2007 - 2008,1.0
,,2008 - 2009,1.57
,,2009 - 2010,1.44
,,2010 - 2011,1.36
,,2011 - 2012,0.85
,,2012 - 2013,1.0
,,2013 - 2014,1.72
,,2014 - 2015,1.37
,,2015 - 2016,0.72
,,2016 - 2017,1.3
,,2017 - 2018,1.52
,,2018 - 2019,1.57
,,2019 - 2020,1.53
,,2020 - 2021,1.67
,,2021 - 2022,1.14
,,2022 - 2023,1.58
,Narayanapet,2018 - 2019,1.57
,,2019 - 2020,1.53
,,2020 - 2021,1.68
,,2021 - 2022,1.57
,,2022 - 2023,1.19
,Nirmal,2016 - 2017,1.17
,,2017 - 2018,1.07
,,2018 - 2019,1.84
,,2019 - 2020,1.62
,,2020 - 2021,1.75
,,2021 - 2022,1.57
,,2022 - 2023,1.62
,Nizamabad,2000 - 2001,0.72
,,2001 - 2002,1.1
,,2002 - 2003,1.24
,,2003 - 2004,1.19
,,2004 - 2005,0.88
,,2005 - 2006,1.42
,,2006 - 2007,1.37
,,2007 - 2008,1.81
,,2008 - 2009,2.48
,,2009 - 2010,1.8
,,2010 - 2011,1.65
,,2011 - 2012,1.36
,,2012 - 2013,1.57
,,2013 - 2014,2.05
,,2014 - 2015,1.17
,,2015 - 2016,0.52
,,2016 - 2017,1.56
,,2017 - 2018,1.67
,,2018 - 2019,1.82
,,2019 - 2020,1.48
,,2020 - 2021,1.78
,,2021 - 2022,1.43
,,2022 - 2023,1.7
,Peddapalli,2016 - 2017,1.3
,,2017 - 2018,1.52
,,2018 - 2019,1.57
,,2019 - 2020,1.53
,,2020 - 2021,1.68
,,2021 - 2022,1.41
,,2022 - 2023,1.55
,Rajanna,2016 - 2017,1.3
,,2017 - 2018,1.52
,,2018 - 2019,1.57
,,2019 - 2020,1.53
,,2020 - 2021,1.68
,,2021 - 2022,1.22
,,2022 - 2023,1.12
,Rangareddi,2000 - 2001,0.72
,,2001 - 2002,1.1
,,2002 - 2003,1.24
,,2003 - 2004,1.19
,,2004 - 2005,0.88
,,2005 - 2006,1.42
,,2006 - 2007,1.06
,,2007 - 2008,1.11
,,2008 - 2009,1.36
,,2009 - 2010,1.54
,,2010 - 2011,1.02
,,2011 - 2012,1.06
,,2012 - 2013,1.4
,,2013 - 2014,1.25
,,2014 - 2015,1.0
,,2015 - 2016,1.13
,,2016 - 2017,1.48
,,2017 - 2018,1.4
,,2018 - 2019,1.14
,,2019 - 2020,1.44
,,2020 - 2021,1.4
,,2021 - 2022,1.15
,,2022 - 2023,1.48
,Sangareddy,2016 - 2017,1.42
,,2017 - 2018,1.37
,,2018 - 2019,1.27
,,2019 - 2020,1.35
,,2020 - 2021,1.23
,,2021 - 2022,1.24
,,2022 - 2023,1.27
,Siddipet,2016 - 2017,1.42
,,2017 - 2018,1.32
,,2018 - 2019,2.26
,,2019 - 2020,1.4
,,2020 - 2021,1.19
,,2021 - 2022,1.07
,,2022 - 2023,1.31
,Suryapet,2016 - 2017,1.3
,,2017 - 2018,1.52
,,2018 - 2019,1.58
,,2019 - 2020,1.53
,,2020 - 2021,1.66
,,2021 - 2022,1.41
,,2022 - 2023,1.54
,Vikarabad,2016 - 2017,1.58
,,2017 - 2018,1.44
,,2018 - 2019,1.61
,,2019 - 2020,1.68
,,2020 - 2021,1.41
,,2021 - 2022,1.18
,,2022 - 2023,1.6
,Wanaparthy,2016 - 2017,1.3
,,2017 - 2018,2.13
,,2018 - 2019,2.14
,,2019 - 2020,1.8
,,2020 - 2021,2.37
,,2021 - 2022,2.08
,,2022 - 2023,1.97
,Warangal,2000 - 2001,0.72
,,2001 - 2002,1.11
,,2002 - 2003,1.24
,,2003 - 2004,1.19
,,2004 - 2005,0.88
,,2005 - 2006,1.42
,,2006 - 2007,1.38
,,2007 - 2008,0.5
,,2008 - 2009,0.8
,,2009 - 2010,0.88
,,2010 - 2011,0.81
,,2011 - 2012,1.33
,,2012 - 2013,2.0
,,2013 - 2014,0.84
,,2014 - 2015,1.34
,,2015 - 2016,1.14
,,2016 - 2017,1.3
,,2017 - 2018,1.52
,,2018 - 2019,1.57
,,2019 - 2020,1.53
,,2020 - 2021,1.67
,,2021 - 2022,0.59
,,2022 - 2023,1.07
,Warangal urban,2016 - 2017,1.3
,,2017 - 2018,1.52
,,2018 - 2019,1.57
,,2019 - 2020,1.53
,,2020 - 2021,1.68
,,2021 - 2022,0.49
,,2022 - 2023,2.0
,Yadadri,2016 - 2017,1.3
,,2017 - 2018,1.51
,,2018 - 2019,1.57
,,2019 - 2020,1.52
,,2020 - 2021,1.75
,,2021 - 2022,1.41
,,2022 - 2023,1.63
Tripura,Dhalai,2004 - 2005,0.69
,,2005 - 2006,0.85
,,2006 - 2007,0.75
,,2007 - 2008,0.91
,,2008 - 2009,1.57
,,2009 - 2010,0.72
,,2010 - 2011,0.88
,,2011 - 2012,0.85
,,2012 - 2013,0.67
,,2013 - 2014,0.86
,,2014 - 2015,1.0
,,2015 - 2016,0.87
,,2016 - 2017,0.64
,,2017 - 2018,0.88
,,2018 - 2019,0.75
,,2019 - 2020,0.71
,,2020 - 2021,0.7
,,2021 - 2022,1.0
,,2022 - 2023,0.67
,Gomati,2012 - 2013,0.88
,,2014 - 2015,1.0
,,2015 - 2016,0.79
,,2016 - 2017,0.68
,,2017 - 2018,0.66
,,2018 - 2019,0.68
,,2019 - 2020,0.67
,,2020 - 2021,0.65
,,2021 - 2022,1.15
,,2022 - 2023,0.71
,Khowai,2012 - 2013,0.83
,,2014 - 2015,0.83
,,2015 - 2016,0.8
,,2016 - 2017,0.65
,,2017 - 2018,1.0
,,2018 - 2019,0.73
,,2019 - 2020,0.63
,,2020 - 2021,0.6
,,2022 - 2023,0.6
,North tripura,2004 - 2005,0.67
,,2005 - 2006,0.67
,,2006 - 2007,0.7
,,2007 - 2008,0.66
,,2008 - 2009,0.76
,,2009 - 2010,0.73
,,2010 - 2011,0.7
,,2011 - 2012,0.73
,,2012 - 2013,0.76
,,2013 - 2014,0.73
,,2014 - 2015,0.82
,,2015 - 2016,0.77
,,2016 - 2017,0.62
,,2017 - 2018,0.84
,,2018 - 2019,0.64
,,2019 - 2020,0.6
,,2020 - 2021,0.62
,Sepahijala,2015 - 2016,0.8
,,2016 - 2017,0.59
,,2017 - 2018,0.71
,,2018 - 2019,0.64
,,2019 - 2020,0.59
,,2020 - 2021,0.7
,,2021 - 2022,1.0
,,2022 - 2023,0.67
,South tripura,2004 - 2005,0.67
,,2005 - 2006,0.85
,,2006 - 2007,0.85
,,2007 - 2008,0.72
,,2008 - 2009,0.93
,,2009 - 2010,0.77
,,2010 - 2011,0.73
,,2011 - 2012,0.79
,,2012 - 2013,0.7
,,2013 - 2014,0.67
,,2014 - 2015,0.72
,,2015 - 2016,0.74
,,2016 - 2017,0.54
,,2017 - 2018,0.76
,,2018 - 2019,0.62
,,2019 - 2020,0.59
,,2020 - 2021,0.63
,,2021 - 2022,1.11
,,2022 - 2023,0.6
,Unakoti,2012 - 2013,0.69
,,2014 - 2015,0.75
,,2015 - 2016,0.71
,,2016 - 2017,0.53
,,2017 - 2018,0.74
,,2018 - 2019,0.65
,,2019 - 2020,0.58
,,2020 - 2021,0.63
,,2021 - 2022,1.4
,,2022 - 2023,0.62
,West tripura,2004 - 2005,0.78
,,2005 - 2006,0.68
,,2006 - 2007,0.61
,,2007 - 2008,0.68
,,2008 - 2009,0.82
,,2009 - 2010,0.81
,,2010 - 2011,0.79
,,2011 - 2012,0.81
,,2012 - 2013,1.0
,,2015 - 2016,0.81
,,2016 - 2017,0.58
,,2017 - 2018,0.83
,,2018 - 2019,0.65
,,2019 - 2020,0.59
,,2020 - 2021,0.67
,,2022 - 2023,1.0
Uttar Pradesh,Agra,2000 - 2001,1.15
,,2001 - 2002,1.17
,,2002 - 2003,1.05
,,2003 - 2004,1.3
,,2004 - 2005,1.23
,,2005 - 2006,1.08
,,2006 - 2007,0.83
,,2007 - 2008,1.36
,,2008 - 2009,1.01
,,2009 - 2010,0.83
,,2010 - 2011,1.94
,,2011 - 2012,1.56
,,2012 - 2013,1.8
,,2013 - 2014,1.88
,,2014 - 2015,1.14
,,2015 - 2016,0.71
,,2016 - 2017,1.87
,,2017 - 2018,1.9
,,2018 - 2019,1.59
,,2019 - 2020,1.54
,,2020 - 2021,1.72
,,2021 - 2022,1.81
,,2022 - 2023,1.25
,Aligarh,2000 - 2001,1.16
,,2001 - 2002,1.2
,,2002 - 2003,0.96
,,2003 - 2004,1.36
,,2004 - 2005,1.24
,,2005 - 2006,1.3
,,2006 - 2007,0.83
,,2007 - 2008,1.34
,,2008 - 2009,1.0
,,2009 - 2010,0.83
,,2010 - 2011,0.87
,,2011 - 2012,1.2
,,2012 - 2013,1.09
,,2013 - 2014,0.41
,,2015 - 2016,0.63
,,2016 - 2017,1.08
,,2017 - 2018,1.03
,,2018 - 2019,1.23
,,2019 - 2020,1.33
,,2020 - 2021,1.21
,,2021 - 2022,1.36
,,2022 - 2023,1.36
,Allahabad,2000 - 2001,0.9
,,2001 - 2002,0.81
,,2002 - 2003,0.91
,,2003 - 2004,0.99
,,2004 - 2005,0.8
,,2005 - 2006,1.03
,,2006 - 2007,0.94
,,2007 - 2008,0.89
,,2008 - 2009,0.96
,,2009 - 2010,0.58
,,2010 - 2011,1.06
,,2011 - 2012,1.1
,,2012 - 2013,0.84
,,2013 - 2014,0.75
,,2014 - 2015,0.26
,,2015 - 2016,0.54
,,2016 - 2017,0.94
,,2017 - 2018,1.36
,,2018 - 2019,1.24
,,2019 - 2020,0.93
,,2020 - 2021,1.27
,,2021 - 2022,1.22
,,2022 - 2023,1.42
,Ambedkar nagar,2000 - 2001,1.18
,,2001 - 2002,1.23
,,2002 - 2003,0.92
,,2003 - 2004,1.07
,,2004 - 2005,0.72
,,2005 - 2006,0.89
,,2006 - 2007,0.74
,,2007 - 2008,1.03
,,2008 - 2009,1.04
,,2009 - 2010,1.01
,,2010 - 2011,1.09
,,2011 - 2012,1.37
,,2012 - 2013,0.91
,,2013 - 2014,0.37
,,2014 - 2015,0.32
,,2015 - 2016,0.6
,,2016 - 2017,1.79
,,2017 - 2018,0.75
,,2018 - 2019,1.55
,,2019 - 2020,0.76
,,2020 - 2021,1.59
,,2021 - 2022,2.35
,,2022 - 2023,1.35
,Amethi,2010 - 2011,1.09
,,2011 - 2012,1.4
,,2012 - 2013,0.91
,,2013 - 2014,0.37
,,2014 - 2015,0.32
,,2015 - 2016,0.6
,,2016 - 2017,1.79
,,2017 - 2018,0.75
,,2018 - 2019,1.55
,,2019 - 2020,0.76
,,2020 - 2021,1.59
,,2021 - 2022,2.35
,,2022 - 2023,1.35
,Amroha,2000 - 2001,1.0
,,2001 - 2002,1.0
,,2002 - 2003,1.0
,,2003 - 2004,1.0
,,2004 - 2005,1.0
,,2005 - 2006,1.0
,,2006 - 2007,0.71
,,2007 - 2008,0.75
,,2008 - 2009,1.0
,,2014 - 2015,0.5
,,2020 - 2021,1.0
,Auraiya,2000 - 2001,1.38
,,2001 - 2002,1.05
,,2002 - 2003,1.35
,,2003 - 2004,1.07
,,2004 - 2005,1.07
,,2005 - 2006,1.06
,,2006 - 2007,0.99
,,2007 - 2008,1.21
,,2008 - 2009,1.65
,,2009 - 2010,1.29
,,2010 - 2011,1.47
,,2011 - 2012,1.67
,,2012 - 2013,1.41
,,2013 - 2014,0.78
,,2014 - 2015,0.52
,,2015 - 2016,1.2
,,2016 - 2017,1.42
,,2017 - 2018,1.68
,,2018 - 2019,1.42
,,2019 - 2020,1.45
,,2020 - 2021,1.41
,,2021 - 2022,1.37
,,2022 - 2023,1.12
,Azamgarh,2000 - 2001,1.27
,,2001 - 2002,0.93
,,2002 - 2003,0.9
,,2003 - 2004,1.16
,,2004 - 2005,0.81
,,2005 - 2006,1.06
,,2006 - 2007,1.05
,,2007 - 2008,1.27
,,2008 - 2009,1.37
,,2009 - 2010,1.03
,,2010 - 2011,1.2
,,2011 - 2012,1.3
,,2012 - 2013,1.66
,,2013 - 2014,0.8
,,2014 - 2015,1.42
,,2015 - 2016,0.94
,,2016 - 2017,1.64
,,2017 - 2018,1.05
,,2018 - 2019,0.95
,,2019 - 2020,1.1
,,2020 - 2021,1.48
,,2021 - 2022,1.03
,,2022 - 2023,1.06
,Baghpat,2000 - 2001,0.86
,,2001 - 2002,1.0
,,2002 - 2003,0.91
,,2003 - 2004,1.04
,,2004 - 2005,0.91
,,2005 - 2006,0.89
,,2006 - 2007,0.72
,,2007 - 2008,0.75
,,2008 - 2009,1.0
,,2009 - 2010,0.88
,,2011 - 2012,1.17
,,2012 - 2013,1.08
,,2014 - 2015,0.0
,,2015 - 2016,1.0
,,2018 - 2019,1.2
,,2020 - 2021,1.18
,Bahraich,2000 - 2001,0.58
,,2001 - 2002,0.63
,,2002 - 2003,0.54
,,2003 - 2004,0.77
,,2004 - 2005,0.92
,,2005 - 2006,0.92
,,2006 - 2007,0.75
,,2007 - 2008,0.75
,,2008 - 2009,0.99
,,2009 - 2010,0.83
,,2010 - 2011,0.92
,,2011 - 2012,1.18
,,2012 - 2013,1.11
,,2013 - 2014,0.43
,,2014 - 2015,0.3
,,2015 - 2016,1.0
,,2016 - 2017,1.09
,,2017 - 2018,1.05
,,2018 - 2019,1.26
,,2019 - 2020,1.35
,,2020 - 2021,1.21
,,2021 - 2022,1.35
,,2022 - 2023,1.35
,Ballia,2000 - 2001,1.36
,,2001 - 2002,0.91
,,2002 - 2003,0.9
,,2003 - 2004,1.16
,,2004 - 2005,1.03
,,2005 - 2006,0.97
,,2006 - 2007,0.84
,,2007 - 2008,0.96
,,2008 - 2009,1.28
,,2009 - 2010,0.9
,,2010 - 2011,1.2
,,2011 - 2012,1.3
,,2012 - 2013,1.66
,,2013 - 2014,0.8
,,2014 - 2015,1.42
,,2015 - 2016,0.93
,,2016 - 2017,1.76
,,2017 - 2018,1.68
,,2018 - 2019,1.98
,,2019 - 2020,1.83
,,2020 - 2021,1.67
,,2021 - 2022,1.72
,,2022 - 2023,1.8
,Balrampur,2000 - 2001,0.58
,,2001 - 2002,0.57
,,2002 - 2003,0.51
,,2003 - 2004,0.68
,,2004 - 2005,0.92
,,2005 - 2006,0.92
,,2006 - 2007,0.75
,,2007 - 2008,0.75
,,2008 - 2009,0.99
,,2009 - 2010,0.83
,,2010 - 2011,0.92
,,2011 - 2012,1.18
,,2012 - 2013,1.11
,,2013 - 2014,0.43
,,2014 - 2015,0.3
,,2015 - 2016,0.98
,,2016 - 2017,1.09
,,2017 - 2018,1.05
,,2018 - 2019,1.26
,,2019 - 2020,1.35
,,2020 - 2021,1.21
,,2021 - 2022,1.35
,,2022 - 2023,1.35
,Banda,2000 - 2001,0.78
,,2001 - 2002,0.77
,,2002 - 2003,0.79
,,2003 - 2004,0.97
,,2004 - 2005,0.83
,,2005 - 2006,0.75
,,2006 - 2007,0.57
,,2007 - 2008,0.54
,,2008 - 2009,0.8
,,2009 - 2010,0.55
,,2010 - 2011,0.63
,,2011 - 2012,1.11
,,2012 - 2013,1.07
,,2013 - 2014,0.23
,,2014 - 2015,0.14
,,2015 - 2016,0.37
,,2016 - 2017,0.84
,,2017 - 2018,0.91
,,2018 - 2019,1.19
,,2019 - 2020,1.32
,,2020 - 2021,1.18
,,2021 - 2022,1.31
,,2022 - 2023,1.31
,Barabanki,2000 - 2001,1.18
,,2001 - 2002,0.85
,,2002 - 2003,0.92
,,2003 - 2004,1.07
,,2004 - 2005,0.88
,,2005 - 2006,0.89
,,2006 - 2007,0.74
,,2007 - 2008,1.03
,,2008 - 2009,1.04
,,2009 - 2010,1.01
,,2010 - 2011,1.09
,,2011 - 2012,1.37
,,2012 - 2013,0.91
,,2013 - 2014,0.37
,,2014 - 2015,0.32
,,2015 - 2016,0.6
,,2016 - 2017,1.79
,,2017 - 2018,0.75
,,2018 - 2019,1.56
,,2019 - 2020,0.76
,,2020 - 2021,1.59
,,2021 - 2022,2.35
,,2022 - 2023,1.35
,Bareilly,2000 - 2001,0.85
,,2001 - 2002,1.0
,,2002 - 2003,0.92
,,2003 - 2004,1.05
,,2004 - 2005,0.94
,,2005 - 2006,0.89
,,2006 - 2007,0.75
,,2007 - 2008,0.78
,,2008 - 2009,1.0
,,2009 - 2010,0.82
,,2010 - 2011,0.83
,,2011 - 2012,1.2
,,2012 - 2013,1.1
,,2013 - 2014,0.44
,,2014 - 2015,0.25
,,2015 - 2016,0.5
,,2016 - 2017,1.17
,,2017 - 2018,1.05
,,2018 - 2019,1.26
,,2019 - 2020,1.34
,,2020 - 2021,1.19
,,2021 - 2022,1.33
,,2022 - 2023,1.35
,Basti,2000 - 2001,1.16
,,2001 - 2002,0.91
,,2002 - 2003,0.55
,,2003 - 2004,0.17
,,2004 - 2005,0.91
,,2005 - 2006,0.89
,,2006 - 2007,0.73
,,2007 - 2008,0.75
,,2008 - 2009,0.99
,,2009 - 2010,0.82
,,2010 - 2011,0.89
,,2011 - 2012,1.18
,,2012 - 2013,1.11
,,2013 - 2014,0.42
,,2014 - 2015,0.3
,,2015 - 2016,0.62
,,2016 - 2017,1.1
,,2017 - 2018,1.07
,,2019 - 2020,1.35
,,2020 - 2021,1.21
,,2021 - 2022,1.35
,,2022 - 2023,1.35
,Bijnor,2000 - 2001,0.86
,,2001 - 2002,1.0
,,2002 - 2003,0.91
,,2003 - 2004,1.05
,,2004 - 2005,0.92
,,2005 - 2006,0.89
,,2006 - 2007,0.73
,,2007 - 2008,0.75
,,2008 - 2009,0.99
,,2009 - 2010,0.83
,,2010 - 2011,0.88
,,2011 - 2012,1.18
,,2012 - 2013,1.11
,,2013 - 2014,0.5
,,2014 - 2015,0.3
,,2015 - 2016,0.41
,,2016 - 2017,1.07
,,2017 - 2018,1.23
,,2018 - 2019,1.29
,,2019 - 2020,1.33
,,2020 - 2021,1.21
,,2021 - 2022,1.25
,,2022 - 2023,1.25
,Budaun,2000 - 2001,0.86
,,2001 - 2002,1.0
,,2002 - 2003,0.91
,,2003 - 2004,1.05
,,2004 - 2005,0.92
,,2005 - 2006,0.89
,,2006 - 2007,0.73
,,2007 - 2008,0.74
,,2008 - 2009,0.99
,,2009 - 2010,0.83
,,2010 - 2011,0.89
,,2011 - 2012,1.25
,,2012 - 2013,1.2
,,2013 - 2014,0.42
,,2014 - 2015,0.31
,,2015 - 2016,0.6
,,2016 - 2017,1.09
,,2017 - 2018,1.06
,,2018 - 2019,1.27
,,2020 - 2021,1.21
,,2021 - 2022,1.35
,,2022 - 2023,1.34
,Bulandshahr,2000 - 2001,0.85
,,2001 - 2002,1.0
,,2002 - 2003,0.91
,,2003 - 2004,1.04
,,2004 - 2005,0.92
,,2005 - 2006,0.89
,,2006 - 2007,0.72
,,2007 - 2008,0.75
,,2008 - 2009,0.98
,,2009 - 2010,0.83
,,2010 - 2011,0.87
,,2011 - 2012,1.16
,,2012 - 2013,1.12
,,2013 - 2014,0.8
,,2015 - 2016,0.59
,,2016 - 2017,1.09
,,2017 - 2018,1.04
,,2018 - 2019,1.21
,,2019 - 2020,1.33
,,2020 - 2021,1.2
,,2021 - 2022,1.36
,,2022 - 2023,1.34
,Chandauli,2000 - 2001,0.96
,,2001 - 2002,1.0
,,2002 - 2003,0.62
,,2003 - 2004,1.21
,,2004 - 2005,0.72
,,2005 - 2006,0.92
,,2006 - 2007,0.86
,,2007 - 2008,0.84
,,2008 - 2009,1.08
,,2009 - 2010,0.88
,,2010 - 2011,0.97
,,2011 - 2012,1.24
,,2012 - 2013,1.15
,,2013 - 2014,0.94
,,2014 - 2015,0.62
,,2015 - 2016,1.0
,,2016 - 2017,1.08
,,2017 - 2018,1.35
,,2018 - 2019,1.32
,,2019 - 2020,1.38
,,2020 - 2021,1.38
,,2021 - 2022,1.4
,,2022 - 2023,1.31
,Chitrakoot,2000 - 2001,0.68
,,2001 - 2002,0.69
,,2002 - 2003,0.74
,,2003 - 2004,0.94
,,2004 - 2005,0.86
,,2005 - 2006,0.63
,,2006 - 2007,0.41
,,2007 - 2008,0.53
,,2008 - 2009,0.81
,,2009 - 2010,0.68
,,2010 - 2011,0.61
,,2011 - 2012,1.07
,,2012 - 2013,1.06
,,2013 - 2014,0.28
,,2014 - 2015,0.23
,,2015 - 2016,0.33
,,2016 - 2017,0.92
,,2017 - 2018,1.07
,,2018 - 2019,1.11
,,2019 - 2020,0.99
,,2020 - 2021,1.27
,,2021 - 2022,1.3
,,2022 - 2023,1.11
,Deoria,2000 - 2001,0.79
,,2001 - 2002,0.89
,,2002 - 2003,0.83
,,2003 - 2004,0.92
,,2004 - 2005,0.85
,,2005 - 2006,0.88
,,2006 - 2007,0.71
,,2007 - 2008,0.71
,,2008 - 2009,0.95
,,2009 - 2010,0.76
,,2010 - 2011,0.92
,,2011 - 2012,1.08
,,2012 - 2013,0.95
,,2013 - 2014,0.66
,,2014 - 2015,0.36
,,2015 - 2016,0.59
,,2016 - 2017,1.03
,,2017 - 2018,1.06
,,2018 - 2019,1.49
,,2019 - 2020,1.26
,,2020 - 2021,1.21
,,2021 - 2022,1.34
,,2022 - 2023,1.35
,Etah,2000 - 2001,1.15
,,2001 - 2002,1.25
,,2002 - 2003,0.81
,,2003 - 2004,1.36
,,2004 - 2005,1.24
,,2005 - 2006,13.08
,,2006 - 2007,0.83
,,2007 - 2008,1.35
,,2008 - 2009,1.01
,,2009 - 2010,0.82
,,2010 - 2011,0.88
,,2011 - 2012,1.18
,,2012 - 2013,1.11
,,2013 - 2014,0.42
,,2014 - 2015,0.3
,,2015 - 2016,0.59
,,2016 - 2017,1.08
,,2017 - 2018,1.05
,,2018 - 2019,1.25
,,2019 - 2020,1.34
,,2020 - 2021,1.21
,,2021 - 2022,1.35
,,2022 - 2023,1.35
,Etawah,2000 - 2001,1.11
,,2001 - 2002,1.31
,,2002 - 2003,1.01
,,2003 - 2004,1.39
,,2004 - 2005,1.23
,,2005 - 2006,1.26
,,2006 - 2007,1.27
,,2007 - 2008,0.94
,,2008 - 2009,1.52
,,2009 - 2010,1.22
,,2010 - 2011,1.52
,,2011 - 2012,1.54
,,2012 - 2013,1.36
,,2013 - 2014,0.61
,,2014 - 2015,0.41
,,2015 - 2016,0.93
,,2016 - 2017,1.3
,,2017 - 2018,1.68
,,2018 - 2019,1.46
,,2019 - 2020,1.39
,,2020 - 2021,1.44
,,2021 - 2022,1.46
,,2022 - 2023,1.22
,Faizabad,2000 - 2001,1.18
,,2001 - 2002,1.27
,,2002 - 2003,0.75
,,2003 - 2004,1.16
,,2004 - 2005,0.72
,,2005 - 2006,0.89
,,2006 - 2007,0.74
,,2007 - 2008,1.03
,,2008 - 2009,1.04
,,2009 - 2010,1.01
,,2010 - 2011,1.09
,,2011 - 2012,1.37
,,2012 - 2013,0.91
,,2013 - 2014,0.37
,,2014 - 2015,0.32
,,2015 - 2016,0.6
,,2016 - 2017,1.79
,,2017 - 2018,0.75
,,2018 - 2019,1.55
,,2019 - 2020,0.76
,,2020 - 2021,1.59
,,2021 - 2022,2.35
,,2022 - 2023,1.35
,Farrukhabad,2000 - 2001,1.28
,,2001 - 2002,1.22
,,2002 - 2003,1.25
,,2003 - 2004,1.26
,,2004 - 2005,1.13
,,2005 - 2006,1.38
,,2006 - 2007,1.16
,,2007 - 2008,1.21
,,2008 - 2009,1.52
,,2009 - 2010,1.22
,,2010 - 2011,1.52
,,2011 - 2012,1.54
,,2012 - 2013,1.36
,,2013 - 2014,0.61
,,2014 - 2015,0.41
,,2015 - 2016,0.93
,,2016 - 2017,1.3
,,2017 - 2018,1.68
,,2018 - 2019,1.46
,,2019 - 2020,1.39
,,2020 - 2021,1.41
,,2021 - 2022,1.46
,,2022 - 2023,1.22
,Fatehpur,2000 - 2001,0.93
,,2001 - 2002,1.1
,,2002 - 2003,1.19
,,2003 - 2004,1.23
,,2004 - 2005,0.98
,,2005 - 2006,1.04
,,2006 - 2007,1.09
,,2007 - 2008,0.91
,,2008 - 2009,1.2
,,2009 - 2010,0.97
,,2010 - 2011,1.16
,,2011 - 2012,1.33
,,2012 - 2013,1.25
,,2013 - 2014,0.43
,,2014 - 2015,0.18
,,2015 - 2016,0.57
,,2016 - 2017,1.28
,,2017 - 2018,1.61
,,2018 - 2019,1.27
,,2019 - 2020,1.21
,,2020 - 2021,1.42
,,2021 - 2022,1.4
,,2022 - 2023,1.31
,Firozabad,2000 - 2001,1.16
,,2001 - 2002,1.19
,,2002 - 2003,0.77
,,2003 - 2004,1.5
,,2004 - 2005,1.24
,,2005 - 2006,1.3
,,2006 - 2007,0.83
,,2007 - 2008,1.35
,,2008 - 2009,1.01
,,2009 - 2010,0.83
,,2010 - 2011,1.95
,,2011 - 2012,1.56
,,2012 - 2013,1.8
,,2013 - 2014,1.88
,,2014 - 2015,1.12
,,2015 - 2016,0.71
,,2016 - 2017,1.87
,,2017 - 2018,1.9
,,2018 - 2019,1.59
,,2019 - 2020,1.55
,,2020 - 2021,2.43
,,2021 - 2022,2.58
,,2022 - 2023,1.25
,Gautam buddha nagar,2000 - 2001,0.84
,,2001 - 2002,1.0
,,2002 - 2003,0.9
,,2003 - 2004,1.04
,,2004 - 2005,0.92
,,2005 - 2006,1.0
,,2010 - 2011,1.0
,,2020 - 2021,1.0
,,2021 - 2022,1.0
,,2022 - 2023,1.38
,Ghaziabad,2000 - 2001,0.86
,,2001 - 2002,1.0
,,2002 - 2003,0.91
,,2003 - 2004,2.0
,,2004 - 2005,0.91
,,2005 - 2006,0.89
,,2006 - 2007,0.83
,,2007 - 2008,0.8
,,2008 - 2009,1.0
,,2009 - 2010,0.67
,,2010 - 2011,1.0
,,2021 - 2022,1.0
,,2022 - 2023,1.36
,Ghazipur,2000 - 2001,0.92
,,2001 - 2002,0.97
,,2002 - 2003,0.84
,,2003 - 2004,0.94
,,2004 - 2005,0.91
,,2005 - 2006,0.92
,,2006 - 2007,0.86
,,2007 - 2008,0.84
,,2008 - 2009,1.08
,,2009 - 2010,0.88
,,2010 - 2011,0.97
,,2011 - 2012,1.24
,,2012 - 2013,1.15
,,2013 - 2014,0.94
,,2014 - 2015,1.29
,,2015 - 2016,1.56
,,2016 - 2017,2.44
,,2017 - 2018,1.73
,,2018 - 2019,1.85
,,2019 - 2020,1.77
,,2020 - 2021,1.65
,,2021 - 2022,1.74
,,2022 - 2023,1.8
,Gonda,2000 - 2001,0.64
,,2001 - 2002,0.66
,,2002 - 2003,0.51
,,2003 - 2004,0.68
,,2004 - 2005,0.92
,,2005 - 2006,0.92
,,2006 - 2007,0.75
,,2007 - 2008,0.75
,,2008 - 2009,0.99
,,2009 - 2010,0.83
,,2010 - 2011,0.92
,,2011 - 2012,1.18
,,2012 - 2013,1.11
,,2013 - 2014,0.43
,,2014 - 2015,0.3
,,2015 - 2016,0.98
,,2016 - 2017,1.09
,,2017 - 2018,1.05
,,2018 - 2019,1.26
,,2019 - 2020,1.35
,,2020 - 2021,1.21
,,2021 - 2022,1.35
,,2022 - 2023,1.35
,Gorakhpur,2000 - 2001,0.79
,,2001 - 2002,0.89
,,2002 - 2003,0.83
,,2003 - 2004,0.92
,,2004 - 2005,0.86
,,2005 - 2006,0.88
,,2006 - 2007,0.71
,,2007 - 2008,0.72
,,2008 - 2009,0.94
,,2009 - 2010,0.76
,,2010 - 2011,0.92
,,2011 - 2012,1.08
,,2012 - 2013,0.95
,,2013 - 2014,0.66
,,2014 - 2015,0.36
,,2015 - 2016,0.6
,,2016 - 2017,1.02
,,2017 - 2018,1.07
,,2018 - 2019,1.5
,,2019 - 2020,1.25
,,2020 - 2021,1.15
,,2021 - 2022,1.35
,,2022 - 2023,1.35
,Hamirpur,2000 - 2001,0.7
,,2001 - 2002,0.86
,,2002 - 2003,0.82
,,2003 - 2004,0.97
,,2004 - 2005,0.63
,,2005 - 2006,0.8
,,2006 - 2007,0.62
,,2007 - 2008,0.51
,,2008 - 2009,0.8
,,2009 - 2010,0.7
,,2010 - 2011,0.82
,,2011 - 2012,1.0
,,2012 - 2013,0.92
,,2013 - 2014,0.4
,,2014 - 2015,0.19
,,2015 - 2016,0.45
,,2016 - 2017,0.83
,,2017 - 2018,0.93
,,2018 - 2019,1.15
,,2019 - 2020,1.18
,,2020 - 2021,1.1
,,2021 - 2022,1.24
,,2022 - 2023,1.26
,Hapur,2017 - 2018,1.0
,,2020 - 2021,1.0
,,2021 - 2022,1.5
,,2022 - 2023,1.25
,Hardoi,2000 - 2001,0.8
,,2001 - 2002,0.82
,,2002 - 2003,0.92
,,2003 - 2004,0.87
,,2004 - 2005,0.94
,,2005 - 2006,1.14
,,2006 - 2007,0.78
,,2007 - 2008,0.99
,,2008 - 2009,1.15
,,2009 - 2010,0.88
,,2010 - 2011,0.59
,,2011 - 2012,1.29
,,2012 - 2013,1.18
,,2013 - 2014,0.47
,,2014 - 2015,0.53
,,2015 - 2016,0.5
,,2016 - 2017,0.75
,,2017 - 2018,0.94
,,2018 - 2019,1.14
,,2019 - 2020,0.7
,,2020 - 2021,1.05
,,2021 - 2022,0.85
,,2022 - 2023,1.03
,Hathras,2000 - 2001,1.16
,,2001 - 2002,1.19
,,2002 - 2003,0.96
,,2003 - 2004,1.36
,,2004 - 2005,1.24
,,2005 - 2006,1.3
,,2006 - 2007,0.83
,,2007 - 2008,1.35
,,2008 - 2009,1.02
,,2009 - 2010,0.88
,,2010 - 2011,0.86
,,2011 - 2012,1.19
,,2012 - 2013,1.11
,,2013 - 2014,0.43
,,2014 - 2015,0.25
,,2015 - 2016,0.58
,,2016 - 2017,1.12
,,2017 - 2018,1.06
,,2018 - 2019,1.2
,,2019 - 2020,1.4
,,2020 - 2021,1.23
,,2021 - 2022,1.35
,,2022 - 2023,1.35
,Jalaun,2000 - 2001,0.72
,,2001 - 2002,1.25
,,2002 - 2003,1.07
,,2003 - 2004,1.2
,,2004 - 2005,1.08
,,2005 - 2006,0.98
,,2006 - 2007,0.66
,,2007 - 2008,0.59
,,2008 - 2009,1.13
,,2009 - 2010,0.97
,,2010 - 2011,1.13
,,2011 - 2012,1.31
,,2012 - 2013,1.38
,,2013 - 2014,0.74
,,2014 - 2015,0.32
,,2015 - 2016,0.42
,,2016 - 2017,1.2
,,2017 - 2018,1.41
,,2018 - 2019,1.37
,,2019 - 2020,1.48
,,2020 - 2021,1.41
,,2021 - 2022,1.2
,,2022 - 2023,1.21
,Jaunpur,2000 - 2001,0.96
,,2001 - 2002,1.35
,,2002 - 2003,0.99
,,2003 - 2004,1.28
,,2004 - 2005,0.81
,,2005 - 2006,0.92
,,2006 - 2007,0.86
,,2007 - 2008,0.84
,,2008 - 2009,1.08
,,2009 - 2010,0.88
,,2010 - 2011,0.97
,,2011 - 2012,1.24
,,2012 - 2013,1.15
,,2013 - 2014,0.94
,,2014 - 2015,0.65
,,2015 - 2016,1.78
,,2016 - 2017,2.27
,,2017 - 2018,1.48
,,2018 - 2019,1.3
,,2019 - 2020,1.39
,,2020 - 2021,1.88
,,2021 - 2022,2.47
,,2022 - 2023,2.1
,Jhansi,2000 - 2001,0.85
,,2001 - 2002,1.12
,,2002 - 2003,0.81
,,2003 - 2004,1.01
,,2004 - 2005,0.9
,,2005 - 2006,0.76
,,2006 - 2007,0.6
,,2007 - 2008,0.61
,,2008 - 2009,1.17
,,2009 - 2010,0.99
,,2010 - 2011,0.98
,,2011 - 2012,1.29
,,2012 - 2013,1.13
,,2013 - 2014,0.29
,,2014 - 2015,0.33
,,2015 - 2016,0.62
,,2016 - 2017,1.22
,,2017 - 2018,1.01
,,2018 - 2019,1.5
,,2019 - 2020,1.85
,,2020 - 2021,1.07
,,2021 - 2022,1.37
,,2022 - 2023,1.47
,Kannauj,2000 - 2001,1.28
,,2001 - 2002,1.22
,,2002 - 2003,1.25
,,2003 - 2004,1.26
,,2004 - 2005,1.13
,,2005 - 2006,1.38
,,2006 - 2007,1.16
,,2007 - 2008,1.21
,,2008 - 2009,1.52
,,2009 - 2010,1.22
,,2010 - 2011,1.52
,,2011 - 2012,1.54
,,2012 - 2013,1.36
,,2013 - 2014,0.61
,,2014 - 2015,0.41
,,2015 - 2016,0.93
,,2016 - 2017,1.3
,,2017 - 2018,1.68
,,2018 - 2019,1.46
,,2019 - 2020,1.39
,,2020 - 2021,1.46
,,2021 - 2022,1.46
,,2022 - 2023,1.22
,Kanpur dehat,2003 - 2004,1.44
,,2004 - 2005,1.19
,,2005 - 2006,1.52
,,2006 - 2007,1.32
,,2007 - 2008,1.47
,,2008 - 2009,1.59
,,2009 - 2010,1.22
,,2010 - 2011,1.58
,,2011 - 2012,1.69
,,2012 - 2013,1.39
,,2013 - 2014,0.75
,,2014 - 2015,0.29
,,2015 - 2016,0.92
,,2016 - 2017,1.22
,,2017 - 2018,1.67
,,2018 - 2019,1.66
,,2019 - 2020,1.43
,,2020 - 2021,1.41
,,2021 - 2022,1.39
,,2022 - 2023,1.25
,Kanpur nagar,2000 - 2001,1.25
,,2001 - 2002,1.22
,,2002 - 2003,1.36
,,2003 - 2004,0.98
,,2004 - 2005,0.96
,,2005 - 2006,1.33
,,2006 - 2007,1.02
,,2007 - 2008,0.82
,,2008 - 2009,1.28
,,2009 - 2010,1.18
,,2010 - 2011,1.46
,,2011 - 2012,1.26
,,2012 - 2013,1.24
,,2013 - 2014,0.5
,,2014 - 2015,0.74
,,2015 - 2016,0.91
,,2016 - 2017,1.44
,,2017 - 2018,1.89
,,2018 - 2019,1.14
,,2019 - 2020,1.4
,,2020 - 2021,1.63
,,2021 - 2022,1.58
,,2022 - 2023,1.21
,Kasganj,2009 - 2010,0.82
,,2010 - 2011,0.89
,,2011 - 2012,1.16
,,2013 - 2014,0.41
,,2014 - 2015,0.3
,,2016 - 2017,1.08
,,2017 - 2018,1.0
,,2018 - 2019,1.26
,,2019 - 2020,1.35
,,2020 - 2021,1.21
,,2021 - 2022,1.35
,,2022 - 2023,1.35
,Kaushambi,2000 - 2001,0.98
,,2001 - 2002,1.06
,,2002 - 2003,0.91
,,2003 - 2004,1.1
,,2004 - 2005,1.16
,,2005 - 2006,1.17
,,2006 - 2007,1.03
,,2007 - 2008,1.0
,,2008 - 2009,1.25
,,2009 - 2010,0.97
,,2010 - 2011,1.02
,,2011 - 2012,1.32
,,2012 - 2013,1.33
,,2013 - 2014,0.3
,,2014 - 2015,0.32
,,2015 - 2016,0.68
,,2016 - 2017,1.14
,,2017 - 2018,1.43
,,2018 - 2019,1.17
,,2019 - 2020,1.3
,,2020 - 2021,1.16
,,2021 - 2022,1.45
,,2022 - 2023,1.2
,Kheri,2000 - 2001,0.95
,,2001 - 2002,0.94
,,2002 - 2003,0.92
,,2003 - 2004,0.87
,,2004 - 2005,0.94
,,2005 - 2006,1.15
,,2006 - 2007,0.77
,,2007 - 2008,0.98
,,2008 - 2009,1.15
,,2009 - 2010,0.87
,,2010 - 2011,0.59
,,2011 - 2012,1.28
,,2012 - 2013,1.18
,,2013 - 2014,0.48
,,2014 - 2015,0.53
,,2015 - 2016,0.49
,,2016 - 2017,0.75
,,2017 - 2018,0.94
,,2018 - 2019,1.13
,,2019 - 2020,0.7
,,2020 - 2021,1.06
,,2021 - 2022,0.85
,,2022 - 2023,1.04
,Kushi nagar,2000 - 2001,0.78
,,2001 - 2002,0.91
,,2002 - 2003,0.83
,,2003 - 2004,0.9
,,2004 - 2005,0.9
,,2005 - 2006,0.89
,,2006 - 2007,0.7
,,2007 - 2008,0.73
,,2008 - 2009,1.0
,,2009 - 2010,1.0
,,2010 - 2011,0.91
,,2012 - 2013,1.0
,,2014 - 2015,0.36
,,2015 - 2016,0.6
,,2016 - 2017,1.0
,,2019 - 2020,1.33
,,2021 - 2022,1.35
,,2022 - 2023,1.33
,Lalitpur,2000 - 2001,0.8
,,2001 - 2002,0.86
,,2002 - 2003,0.87
,,2003 - 2004,1.05
,,2004 - 2005,1.18
,,2005 - 2006,1.1
,,2006 - 2007,1.01
,,2007 - 2008,0.88
,,2008 - 2009,0.97
,,2009 - 2010,1.19
,,2010 - 2011,1.08
,,2011 - 2012,1.22
,,2012 - 2013,1.47
,,2013 - 2014,0.46
,,2014 - 2015,0.74
,,2015 - 2016,0.74
,,2016 - 2017,1.57
,,2017 - 2018,1.3
,,2018 - 2019,1.69
,,2019 - 2020,1.57
,,2020 - 2021,1.38
,,2021 - 2022,1.72
,,2022 - 2023,1.59
,Lucknow,2000 - 2001,0.95
,,2001 - 2002,0.94
,,2002 - 2003,0.92
,,2003 - 2004,0.87
,,2004 - 2005,0.94
,,2005 - 2006,1.14
,,2006 - 2007,0.78
,,2007 - 2008,0.99
,,2008 - 2009,1.15
,,2009 - 2010,0.88
,,2010 - 2011,0.59
,,2011 - 2012,1.29
,,2012 - 2013,1.18
,,2013 - 2014,0.47
,,2014 - 2015,0.54
,,2015 - 2016,0.5
,,2016 - 2017,0.75
,,2017 - 2018,0.94
,,2018 - 2019,1.14
,,2019 - 2020,0.7
,,2020 - 2021,1.42
,,2021 - 2022,0.98
,,2022 - 2023,0.74
,Maharajganj,2000 - 2001,0.78
,,2001 - 2002,0.89
,,2002 - 2003,0.83
,,2003 - 2004,0.92
,,2004 - 2005,0.85
,,2005 - 2006,0.88
,,2006 - 2007,0.71
,,2007 - 2008,0.75
,,2008 - 2009,0.94
,,2009 - 2010,0.71
,,2010 - 2011,0.94
,,2011 - 2012,1.08
,,2012 - 2013,0.95
,,2013 - 2014,0.66
,,2014 - 2015,0.38
,,2015 - 2016,0.59
,,2016 - 2017,1.0
,,2017 - 2018,1.0
,,2021 - 2022,1.34
,,2022 - 2023,1.35
,Mahoba,2000 - 2001,0.54
,,2001 - 2002,0.81
,,2002 - 2003,0.64
,,2003 - 2004,0.84
,,2004 - 2005,0.94
,,2005 - 2006,0.61
,,2006 - 2007,0.57
,,2007 - 2008,0.4
,,2008 - 2009,1.1
,,2009 - 2010,0.64
,,2010 - 2011,0.68
,,2011 - 2012,1.02
,,2012 - 2013,0.92
,,2013 - 2014,0.41
,,2014 - 2015,0.18
,,2015 - 2016,0.2
,,2016 - 2017,0.78
,,2017 - 2018,0.69
,,2018 - 2019,1.17
,,2019 - 2020,1.65
,,2020 - 2021,1.02
,,2021 - 2022,1.27
,,2022 - 2023,1.6
,Mainpuri,2000 - 2001,1.15
,,2001 - 2002,1.19
,,2002 - 2003,0.96
,,2003 - 2004,1.36
,,2004 - 2005,1.24
,,2005 - 2006,1.3
,,2006 - 2007,0.83
,,2007 - 2008,1.35
,,2008 - 2009,1.01
,,2009 - 2010,0.83
,,2010 - 2011,1.95
,,2011 - 2012,1.56
,,2012 - 2013,1.8
,,2013 - 2014,1.88
,,2014 - 2015,1.12
,,2015 - 2016,0.71
,,2016 - 2017,1.87
,,2017 - 2018,1.9
,,2018 - 2019,1.59
,,2019 - 2020,1.54
,,2020 - 2021,3.11
,,2021 - 2022,3.16
,,2022 - 2023,1.25
,Mathura,2000 - 2001,1.15
,,2001 - 2002,1.19
,,2002 - 2003,0.96
,,2003 - 2004,1.37
,,2004 - 2005,1.24
,,2005 - 2006,1.31
,,2006 - 2007,0.83
,,2007 - 2008,1.5
,,2008 - 2009,1.0
,,2009 - 2010,0.85
,,2010 - 2011,1.94
,,2011 - 2012,1.5
,,2012 - 2013,1.83
,,2013 - 2014,1.89
,,2014 - 2015,1.13
,,2015 - 2016,0.68
,,2017 - 2018,1.9
,,2018 - 2019,1.59
,,2021 - 2022,2.59
,,2022 - 2023,1.27
,Mau,2000 - 2001,1.27
,,2001 - 2002,0.93
,,2002 - 2003,0.9
,,2003 - 2004,1.16
,,2004 - 2005,0.81
,,2005 - 2006,1.06
,,2006 - 2007,1.05
,,2007 - 2008,1.27
,,2008 - 2009,1.37
,,2009 - 2010,1.03
,,2010 - 2011,1.2
,,2011 - 2012,1.3
,,2012 - 2013,1.66
,,2013 - 2014,0.8
,,2014 - 2015,1.42
,,2015 - 2016,0.93
,,2016 - 2017,1.64
,,2017 - 2018,1.05
,,2018 - 2019,0.95
,,2019 - 2020,1.1
,,2020 - 2021,1.53
,,2021 - 2022,1.36
,,2022 - 2023,1.41
,Meerut,2000 - 2001,0.85
,,2001 - 2002,1.0
,,2002 - 2003,0.91
,,2003 - 2004,1.04
,,2004 - 2005,0.93
,,2005 - 2006,0.89
,,2006 - 2007,0.73
,,2007 - 2008,0.76
,,2008 - 2009,0.97
,,2009 - 2010,0.83
,,2010 - 2011,0.88
,,2011 - 2012,1.19
,,2012 - 2013,1.1
,,2013 - 2014,0.78
,,2014 - 2015,0.33
,,2015 - 2016,0.59
,,2016 - 2017,1.0
,,2017 - 2018,1.0
,,2018 - 2019,1.17
,,2020 - 2021,1.14
,,2021 - 2022,1.36
,,2022 - 2023,1.33
,Mirzapur,2000 - 2001,0.86
,,2001 - 2002,0.93
,,2002 - 2003,1.08
,,2003 - 2004,1.12
,,2004 - 2005,0.98
,,2005 - 2006,0.81
,,2006 - 2007,1.05
,,2007 - 2008,0.87
,,2008 - 2009,0.96
,,2009 - 2010,0.89
,,2010 - 2011,1.01
,,2011 - 2012,1.09
,,2012 - 2013,1.15
,,2013 - 2014,1.13
,,2014 - 2015,1.0
,,2015 - 2016,0.82
,,2016 - 2017,1.15
,,2017 - 2018,1.42
,,2018 - 2019,1.27
,,2019 - 2020,0.85
,,2020 - 2021,1.38
,,2021 - 2022,1.27
,,2022 - 2023,1.31
,Moradabad,2000 - 2001,0.86
,,2001 - 2002,1.0
,,2002 - 2003,0.91
,,2003 - 2004,1.06
,,2004 - 2005,0.93
,,2005 - 2006,0.88
,,2006 - 2007,0.73
,,2007 - 2008,0.75
,,2008 - 2009,0.98
,,2009 - 2010,0.82
,,2010 - 2011,0.88
,,2011 - 2012,1.2
,,2012 - 2013,1.11
,,2013 - 2014,0.4
,,2014 - 2015,0.3
,,2015 - 2016,0.44
,,2016 - 2017,1.11
,,2017 - 2018,1.25
,,2019 - 2020,1.35
,,2020 - 2021,1.19
,,2021 - 2022,1.33
,,2022 - 2023,1.36
,Muzaffarnagar,2000 - 2001,0.85
,,2001 - 2002,1.0
,,2002 - 2003,0.91
,,2003 - 2004,1.06
,,2004 - 2005,0.93
,,2005 - 2006,0.9
,,2006 - 2007,0.73
,,2007 - 2008,0.74
,,2008 - 2009,0.99
,,2009 - 2010,0.82
,,2010 - 2011,0.97
,,2011 - 2012,1.18
,,2012 - 2013,1.08
,,2013 - 2014,0.4
,,2014 - 2015,0.5
,,2015 - 2016,0.63
,,2016 - 2017,1.07
,,2017 - 2018,1.06
,,2018 - 2019,1.25
,,2019 - 2020,1.34
,,2020 - 2021,1.22
,,2021 - 2022,1.35
,,2022 - 2023,1.37
,Pilibhit,2000 - 2001,0.84
,,2001 - 2002,1.0
,,2002 - 2003,0.91
,,2003 - 2004,1.08
,,2004 - 2005,0.83
,,2005 - 2006,0.88
,,2006 - 2007,0.69
,,2007 - 2008,0.76
,,2008 - 2009,1.0
,,2009 - 2010,1.0
,,2010 - 2011,1.0
,,2011 - 2012,1.0
,,2012 - 2013,1.0
,,2013 - 2014,0.5
,,2014 - 2015,0.0
,,2016 - 2017,1.0
,,2017 - 2018,1.05
,,2018 - 2019,1.26
,,2019 - 2020,1.34
,,2020 - 2021,1.2
,,2021 - 2022,1.4
,,2022 - 2023,1.4
,Pratapgarh,2000 - 2001,0.86
,,2001 - 2002,0.86
,,2002 - 2003,0.95
,,2003 - 2004,0.89
,,2004 - 2005,0.95
,,2005 - 2006,0.95
,,2006 - 2007,0.95
,,2007 - 2008,0.98
,,2008 - 2009,0.84
,,2009 - 2010,0.62
,,2010 - 2011,0.89
,,2011 - 2012,1.06
,,2012 - 2013,0.9
,,2013 - 2014,0.8
,,2014 - 2015,0.57
,,2015 - 2016,0.82
,,2016 - 2017,0.9
,,2017 - 2018,1.17
,,2018 - 2019,1.22
,,2019 - 2020,1.1
,,2020 - 2021,1.05
,,2021 - 2022,1.0
,,2022 - 2023,1.1
,Rae bareli,2000 - 2001,1.01
,,2001 - 2002,1.03
,,2002 - 2003,0.84
,,2003 - 2004,0.85
,,2004 - 2005,1.04
,,2005 - 2006,1.23
,,2006 - 2007,0.81
,,2007 - 2008,0.98
,,2008 - 2009,1.15
,,2009 - 2010,0.94
,,2010 - 2011,0.62
,,2011 - 2012,1.15
,,2012 - 2013,1.19
,,2013 - 2014,0.49
,,2014 - 2015,0.21
,,2015 - 2016,0.05
,,2016 - 2017,0.89
,,2017 - 2018,0.92
,,2018 - 2019,0.9
,,2019 - 2020,0.77
,,2020 - 2021,0.68
,,2021 - 2022,0.67
,,2022 - 2023,0.9
,Rampur,2000 - 2001,0.85
,,2001 - 2002,1.0
,,2002 - 2003,0.92
,,2003 - 2004,1.06
,,2004 - 2005,0.92
,,2005 - 2006,0.89
,,2006 - 2007,0.67
,,2007 - 2008,0.76
,,2008 - 2009,1.0
,,2011 - 2012,1.15
,,2017 - 2018,1.21
,,2020 - 2021,1.2
,,2021 - 2022,1.0
,,2022 - 2023,1.36
,Saharanpur,2000 - 2001,0.85
,,2001 - 2002,1.0
,,2002 - 2003,0.91
,,2003 - 2004,1.05
,,2004 - 2005,0.92
,,2005 - 2006,0.88
,,2006 - 2007,0.74
,,2007 - 2008,0.75
,,2008 - 2009,0.97
,,2009 - 2010,0.85
,,2010 - 2011,1.0
,,2011 - 2012,1.15
,,2012 - 2013,1.11
,,2013 - 2014,0.4
,,2014 - 2015,0.29
,,2015 - 2016,0.6
,,2016 - 2017,1.07
,,2017 - 2018,1.0
,,2018 - 2019,1.25
,,2019 - 2020,1.33
,,2020 - 2021,1.33
,,2021 - 2022,1.31
,,2022 - 2023,1.33
,Sambhal,2012 - 2013,1.11
,,2013 - 2014,0.5
,,2014 - 2015,0.2
,,2019 - 2020,1.33
,,2020 - 2021,1.25
,,2021 - 2022,1.25
,,2022 - 2023,1.33
,Sant kabeer nagar,2000 - 2001,1.16
,,2001 - 2002,0.85
,,2002 - 2003,0.56
,,2003 - 2004,0.17
,,2004 - 2005,0.91
,,2005 - 2006,0.89
,,2006 - 2007,0.73
,,2007 - 2008,0.75
,,2008 - 2009,0.99
,,2009 - 2010,0.82
,,2010 - 2011,0.89
,,2011 - 2012,1.18
,,2012 - 2013,1.11
,,2013 - 2014,0.42
,,2014 - 2015,0.3
,,2015 - 2016,0.62
,,2016 - 2017,1.1
,,2017 - 2018,1.07
,,2018 - 2019,1.25
,,2019 - 2020,1.35
,,2020 - 2021,1.22
,,2021 - 2022,1.35
,,2022 - 2023,1.35
,Sant ravidas nagar,2000 - 2001,0.7
,,2001 - 2002,0.92
,,2002 - 2003,1.04
,,2003 - 2004,1.01
,,2004 - 2005,0.82
,,2005 - 2006,0.72
,,2006 - 2007,1.05
,,2007 - 2008,0.85
,,2008 - 2009,0.83
,,2009 - 2010,0.92
,,2010 - 2011,0.96
,,2011 - 2012,1.02
,,2012 - 2013,1.09
,,2013 - 2014,0.9
,,2014 - 2015,0.9
,,2015 - 2016,0.78
,,2016 - 2017,1.08
,,2017 - 2018,1.06
,,2018 - 2019,1.1
,,2019 - 2020,0.86
,,2020 - 2021,1.23
,,2021 - 2022,1.24
,,2022 - 2023,1.4
,Shahjahanpur,2000 - 2001,0.86
,,2001 - 2002,1.0
,,2002 - 2003,0.91
,,2003 - 2004,1.05
,,2004 - 2005,0.92
,,2005 - 2006,0.89
,,2006 - 2007,0.73
,,2007 - 2008,0.75
,,2008 - 2009,0.99
,,2009 - 2010,0.82
,,2010 - 2011,0.89
,,2011 - 2012,1.19
,,2012 - 2013,1.1
,,2013 - 2014,0.43
,,2014 - 2015,0.3
,,2015 - 2016,0.6
,,2016 - 2017,1.08
,,2017 - 2018,1.05
,,2018 - 2019,1.26
,,2019 - 2020,1.35
,,2020 - 2021,1.23
,,2021 - 2022,1.35
,,2022 - 2023,1.35
,Shamli,2012 - 2013,1.25
,,2013 - 2014,1.0
,,2016 - 2017,1.17
,,2017 - 2018,1.05
,,2018 - 2019,1.5
,,2019 - 2020,1.33
,,2020 - 2021,1.21
,,2021 - 2022,1.33
,,2022 - 2023,1.4
,Shravasti,2000 - 2001,0.58
,,2001 - 2002,0.65
,,2002 - 2003,0.51
,,2003 - 2004,0.68
,,2004 - 2005,0.93
,,2005 - 2006,1.0
,,2006 - 2007,0.76
,,2007 - 2008,0.75
,,2008 - 2009,0.99
,,2009 - 2010,0.83
,,2010 - 2011,0.92
,,2011 - 2012,1.18
,,2012 - 2013,1.11
,,2013 - 2014,0.44
,,2014 - 2015,0.3
,,2015 - 2016,0.98
,,2016 - 2017,1.08
,,2017 - 2018,1.06
,,2018 - 2019,1.25
,,2019 - 2020,1.35
,,2020 - 2021,1.21
,,2021 - 2022,1.33
,,2022 - 2023,1.36
,Siddharth nagar,2000 - 2001,1.16
,,2001 - 2002,0.85
,,2002 - 2003,0.56
,,2003 - 2004,0.21
,,2004 - 2005,0.91
,,2005 - 2006,0.89
,,2006 - 2007,0.73
,,2007 - 2008,0.74
,,2008 - 2009,0.99
,,2009 - 2010,0.83
,,2010 - 2011,0.93
,,2011 - 2012,1.2
,,2012 - 2013,1.07
,,2013 - 2014,0.42
,,2016 - 2017,1.11
,,2017 - 2018,1.05
,,2018 - 2019,1.21
,,2019 - 2020,1.33
,,2020 - 2021,1.23
,,2021 - 2022,1.33
,,2022 - 2023,1.38
,Sitapur,2000 - 2001,0.95
,,2001 - 2002,0.94
,,2002 - 2003,0.92
,,2003 - 2004,0.87
,,2004 - 2005,0.94
,,2005 - 2006,1.14
,,2006 - 2007,0.78
,,2007 - 2008,0.99
,,2008 - 2009,1.15
,,2009 - 2010,0.88
,,2010 - 2011,0.59
,,2011 - 2012,1.29
,,2012 - 2013,1.19
,,2013 - 2014,0.48
,,2014 - 2015,0.54
,,2015 - 2016,0.5
,,2016 - 2017,0.75
,,2017 - 2018,0.94
,,2018 - 2019,1.14
,,2019 - 2020,0.7
,,2020 - 2021,1.07
,,2021 - 2022,0.85
,,2022 - 2023,1.03
,Sonbhadra,2000 - 2001,0.64
,,2001 - 2002,0.94
,,2002 - 2003,0.95
,,2003 - 2004,0.96
,,2004 - 2005,0.76
,,2005 - 2006,0.71
,,2006 - 2007,0.83
,,2007 - 2008,1.04
,,2008 - 2009,1.07
,,2009 - 2010,0.98
,,2010 - 2011,1.11
,,2011 - 2012,1.06
,,2012 - 2013,1.21
,,2013 - 2014,1.03
,,2014 - 2015,0.95
,,2015 - 2016,0.73
,,2016 - 2017,1.22
,,2017 - 2018,1.38
,,2018 - 2019,1.07
,,2019 - 2020,1.2
,,2020 - 2021,1.42
,,2021 - 2022,1.2
,,2022 - 2023,1.5
,Sultanpur,2000 - 2001,1.18
,,2001 - 2002,1.28
,,2002 - 2003,1.0
,,2003 - 2004,1.05
,,2004 - 2005,0.71
,,2005 - 2006,0.89
,,2006 - 2007,0.74
,,2007 - 2008,1.03
,,2008 - 2009,1.04
,,2009 - 2010,1.0
,,2010 - 2011,1.08
,,2011 - 2012,1.32
,,2012 - 2013,0.62
,,2013 - 2014,0.38
,,2014 - 2015,0.32
,,2015 - 2016,0.6
,,2016 - 2017,1.79
,,2017 - 2018,0.75
,,2018 - 2019,1.55
,,2019 - 2020,0.76
,,2020 - 2021,1.59
,,2021 - 2022,2.35
,,2022 - 2023,1.35
,Unnao,2000 - 2001,0.95
,,2001 - 2002,0.94
,,2002 - 2003,0.92
,,2003 - 2004,0.87
,,2004 - 2005,0.86
,,2005 - 2006,1.14
,,2006 - 2007,0.78
,,2007 - 2008,0.99
,,2008 - 2009,1.15
,,2009 - 2010,0.88
,,2010 - 2011,0.59
,,2011 - 2012,1.56
,,2012 - 2013,1.18
,,2013 - 2014,0.47
,,2014 - 2015,0.51
,,2015 - 2016,0.78
,,2016 - 2017,0.89
,,2017 - 2018,1.29
,,2018 - 2019,1.64
,,2019 - 2020,1.22
,,2020 - 2021,1.16
,,2021 - 2022,1.12
,,2022 - 2023,1.4
,Varanasi,2000 - 2001,0.96
,,2001 - 2002,1.15
,,2002 - 2003,0.87
,,2003 - 2004,1.55
,,2004 - 2005,0.9
,,2005 - 2006,0.92
,,2006 - 2007,0.86
,,2007 - 2008,0.84
,,2008 - 2009,1.08
,,2009 - 2010,0.88
,,2010 - 2011,0.97
,,2011 - 2012,1.24
,,2012 - 2013,1.15
,,2013 - 2014,0.96
,,2014 - 2015,0.61
,,2015 - 2016,1.07
,,2016 - 2017,1.68
,,2017 - 2018,1.49
,,2018 - 2019,1.13
,,2019 - 2020,1.98
,,2020 - 2021,1.26
,,2021 - 2022,0.67
,,2022 - 2023,1.25
Uttarakhand,Almora,2001 - 2002,0.52
,,2002 - 2003,0.52
,,2004 - 2005,0.58
,,2005 - 2006,0.61
,,2006 - 2007,0.67
,,2007 - 2008,0.43
,,2008 - 2009,0.0
,,2010 - 2011,0.57
,,2011 - 2012,0.58
,,2012 - 2013,0.5
,,2013 - 2014,0.57
,,2014 - 2015,0.6
,,2015 - 2016,0.57
,,2016 - 2017,0.55
,,2017 - 2018,0.61
,,2018 - 2019,0.56
,,2019 - 2020,0.5
,,2020 - 2021,0.46
,,2021 - 2022,0.55
,Bageshwar,2000 - 2001,0.6
,,2003 - 2004,1.0
,,2004 - 2005,0.82
,,2005 - 2006,0.58
,,2006 - 2007,0.5
,,2007 - 2008,0.5
,,2008 - 2009,0.3
,,2009 - 2010,0.7
,,2010 - 2011,0.6
,,2011 - 2012,0.67
,,2012 - 2013,0.57
,,2013 - 2014,0.54
,,2014 - 2015,0.5
,,2015 - 2016,1.0
,,2018 - 2019,1.0
,,2019 - 2020,1.0
,,2020 - 2021,1.0
,,2022 - 2023,0.5
,Chamoli,2001 - 2002,0.0
,,2006 - 2007,0.0
,,2007 - 2008,0.0
,,2012 - 2013,0.67
,,2019 - 2020,1.0
,Champawat,2000 - 2001,0.56
,,2001 - 2002,0.58
,,2002 - 2003,0.51
,,2003 - 2004,0.5
,,2004 - 2005,0.7
,,2005 - 2006,0.6
,,2006 - 2007,0.4
,,2007 - 2008,0.42
,,2008 - 2009,0.35
,,2009 - 2010,0.73
,,2010 - 2011,0.67
,,2011 - 2012,0.61
,,2012 - 2013,0.63
,,2013 - 2014,0.67
,,2014 - 2015,0.63
,,2015 - 2016,0.65
,,2016 - 2017,0.64
,,2017 - 2018,0.67
,,2018 - 2019,0.64
,,2019 - 2020,0.59
,,2020 - 2021,0.62
,,2021 - 2022,0.61
,,2022 - 2023,0.61
,Dehradun,2000 - 2001,0.75
,,2001 - 2002,0.77
,,2002 - 2003,0.75
,,2003 - 2004,0.8
,,2004 - 2005,0.9
,,2005 - 2006,0.76
,,2006 - 2007,0.79
,,2007 - 2008,0.83
,,2008 - 2009,0.56
,,2009 - 2010,0.87
,,2010 - 2011,0.73
,,2011 - 2012,0.83
,,2012 - 2013,0.82
,,2013 - 2014,0.88
,,2014 - 2015,0.85
,,2015 - 2016,0.82
,,2016 - 2017,0.81
,,2017 - 2018,0.83
,,2018 - 2019,0.88
,,2019 - 2020,0.89
,,2020 - 2021,0.89
,,2021 - 2022,0.82
,,2022 - 2023,0.88
,Haridwar,2000 - 2001,0.8
,,2001 - 2002,0.79
,,2002 - 2003,0.76
,,2003 - 2004,0.79
,,2004 - 2005,0.82
,,2005 - 2006,0.73
,,2006 - 2007,0.75
,,2007 - 2008,0.78
,,2008 - 2009,0.55
,,2009 - 2010,0.71
,,2010 - 2011,0.67
,,2011 - 2012,0.5
,,2012 - 2013,0.6
,,2013 - 2014,0.67
,,2015 - 2016,1.0
,,2016 - 2017,0.67
,,2017 - 2018,0.83
,,2018 - 2019,0.5
,,2019 - 2020,0.5
,,2020 - 2021,1.0
,,2021 - 2022,0.67
,,2022 - 2023,0.67
,Nainital,2000 - 2001,0.65
,,2001 - 2002,0.65
,,2002 - 2003,0.55
,,2003 - 2004,0.8
,,2004 - 2005,0.8
,,2005 - 2006,0.73
,,2006 - 2007,0.83
,,2007 - 2008,0.84
,,2008 - 2009,0.53
,,2009 - 2010,0.9
,,2010 - 2011,0.87
,,2011 - 2012,0.89
,,2012 - 2013,0.89
,,2013 - 2014,0.89
,,2014 - 2015,0.88
,,2015 - 2016,0.89
,,2016 - 2017,0.89
,,2017 - 2018,0.89
,,2018 - 2019,0.89
,,2019 - 2020,0.8
,,2020 - 2021,0.8
,,2021 - 2022,0.85
,,2022 - 2023,0.85
,Pauri garhwal,2000 - 2001,0.56
,,2001 - 2002,0.56
,,2002 - 2003,0.5
,,2003 - 2004,0.76
,,2004 - 2005,0.6
,,2005 - 2006,0.5
,,2006 - 2007,0.71
,,2007 - 2008,0.43
,,2008 - 2009,0.23
,,2009 - 2010,0.34
,,2010 - 2011,0.76
,,2011 - 2012,0.76
,,2012 - 2013,0.74
,,2013 - 2014,0.74
,,2014 - 2015,0.65
,,2015 - 2016,0.64
,,2016 - 2017,0.65
,,2017 - 2018,0.66
,,2018 - 2019,0.66
,,2019 - 2020,0.65
,,2020 - 2021,0.66
,,2021 - 2022,0.67
,,2022 - 2023,0.67
,Pithoragarh,2000 - 2001,0.64
,,2001 - 2002,0.76
,,2002 - 2003,0.61
,,2003 - 2004,0.6
,,2004 - 2005,0.72
,,2005 - 2006,0.55
,,2006 - 2007,0.46
,,2007 - 2008,0.44
,,2008 - 2009,0.25
,,2009 - 2010,1.0
,,2010 - 2011,0.58
,,2011 - 2012,0.5
,,2012 - 2013,0.71
,,2013 - 2014,0.8
,,2014 - 2015,1.0
,,2015 - 2016,0.7
,,2016 - 2017,0.72
,,2018 - 2019,0.76
,,2019 - 2020,0.7
,,2020 - 2021,0.7
,,2021 - 2022,0.71
,,2022 - 2023,0.73
,Rudra prayag,2001 - 2002,0.53
,Tehri garhwal,2000 - 2001,0.52
,,2001 - 2002,0.6
,,2002 - 2003,0.5
,,2003 - 2004,0.5
,,2004 - 2005,0.5
,,2006 - 2007,0.36
,,2007 - 2008,0.29
,,2009 - 2010,0.3
,,2010 - 2011,0.58
,,2011 - 2012,0.65
,,2012 - 2013,0.6
,,2013 - 2014,0.63
,,2014 - 2015,0.6
,,2015 - 2016,0.67
,,2016 - 2017,0.64
,,2017 - 2018,0.6
,,2018 - 2019,0.64
,,2019 - 2020,0.75
,,2020 - 2021,0.7
,,2021 - 2022,0.67
,,2022 - 2023,0.64
,Udam singh nagar,2000 - 2001,0.8
,,2001 - 2002,0.8
,,2002 - 2003,0.79
,,2003 - 2004,0.9
,,2004 - 2005,1.0
,,2005 - 2006,0.72
,,2006 - 2007,1.0
,,2007 - 2008,0.77
,,2008 - 2009,0.33
,,2009 - 2010,0.6
,,2010 - 2011,0.67
,,2011 - 2012,0.63
,,2012 - 2013,0.61
,,2013 - 2014,0.63
,,2014 - 2015,1.0
,,2015 - 2016,1.0
,,2016 - 2017,0.8
,,2017 - 2018,0.91
,,2018 - 2019,1.0
,,2019 - 2020,0.83
,,2020 - 2021,0.67
,,2021 - 2022,0.9
,,2022 - 2023,0.8
,Uttar kashi,2000 - 2001,1.0
,,2001 - 2002,0.57
,,2002 - 2003,0.5
,,2004 - 2005,0.67
,,2005 - 2006,0.5
,,2006 - 2007,0.6
,,2007 - 2008,0.5
,,2008 - 2009,0.0
,,2009 - 2010,0.5
,,2011 - 2012,1.0
,,2013 - 2014,1.0
,,2014 - 2015,1.0
,,2016 - 2017,0.5
,,2017 - 2018,0.6
,,2018 - 2019,0.83
,,2019 - 2020,0.67
,,2020 - 2021,0.73
,,2021 - 2022,0.72
,,2022 - 2023,0.71
West Bengal,paraganas north,2000 - 2001,0.69
,,2001 - 2002,0.81
,,2002 - 2003,0.75
,,2003 - 2004,1.02
,,2004 - 2005,0.97
,,2005 - 2006,0.99
,,2006 - 2007,0.67
,,2007 - 2008,0.85
,,2008 - 2009,0.93
,,2009 - 2010,1.02
,,2010 - 2011,0.91
,,2011 - 2012,1.06
,,2012 - 2013,1.06
,,2013 - 2014,1.11
,,2014 - 2015,1.13
,,2015 - 2016,0.61
,,2016 - 2017,0.87
,,2017 - 2018,1.24
,,2018 - 2019,0.68
,,2019 - 2020,0.43
,,2020 - 2021,0.87
,,2021 - 2022,0.77
,,2022 - 2023,1.04
,paraganas south,2000 - 2001,0.86
,,2001 - 2002,1.0
,,2005 - 2006,0.99
,,2006 - 2007,0.67
,,2007 - 2008,0.85
,,2008 - 2009,0.93
,,2009 - 2010,1.03
,,2010 - 2011,0.92
,,2011 - 2012,1.06
,,2012 - 2013,1.06
,,2013 - 2014,1.11
,,2014 - 2015,1.13
,,2015 - 2016,0.61
,,2016 - 2017,0.87
,,2017 - 2018,1.23
,,2018 - 2019,0.68
,,2019 - 2020,0.43
,,2020 - 2021,0.87
,,2021 - 2022,0.77
,,2022 - 2023,1.04
,Alipurduar,2016 - 2017,1.02
,,2017 - 2018,1.42
,,2018 - 2019,1.12
,,2019 - 2020,1.31
,,2020 - 2021,1.25
,,2021 - 2022,1.19
,,2022 - 2023,1.26
,Bankura,2000 - 2001,0.77
,,2001 - 2002,1.0
,,2002 - 2003,0.63
,,2003 - 2004,1.15
,,2004 - 2005,1.61
,,2005 - 2006,0.71
,,2006 - 2007,0.4
,,2007 - 2008,0.91
,,2008 - 2009,1.2
,,2009 - 2010,0.7
,,2010 - 2011,0.44
,,2011 - 2012,0.71
,,2012 - 2013,1.46
,,2013 - 2014,0.77
,,2014 - 2015,1.38
,,2015 - 2016,1.19
,,2016 - 2017,1.07
,,2017 - 2018,1.32
,,2018 - 2019,1.26
,,2019 - 2020,1.46
,,2020 - 2021,1.2
,,2021 - 2022,1.16
,,2022 - 2023,1.39
,Birbhum,2001 - 2002,1.04
,,2002 - 2003,0.98
,,2003 - 2004,1.26
,,2004 - 2005,0.79
,,2005 - 2006,0.83
,,2006 - 2007,0.79
,,2007 - 2008,1.17
,,2008 - 2009,1.2
,,2009 - 2010,1.08
,,2010 - 2011,1.29
,,2011 - 2012,1.08
,,2012 - 2013,1.3
,,2013 - 2014,1.33
,,2014 - 2015,1.39
,,2015 - 2016,1.01
,,2016 - 2017,1.3
,,2017 - 2018,1.48
,,2018 - 2019,1.51
,,2019 - 2020,1.61
,,2020 - 2021,1.44
,,2021 - 2022,1.29
,,2022 - 2023,1.47
,Coochbehar,2000 - 2001,0.78
,,2020 - 2021,1.25
,,2021 - 2022,1.19
,,2022 - 2023,1.26
,Darjeeling,2005 - 2006,0.74
,,2016 - 2017,1.0
,,2017 - 2018,1.44
,,2018 - 2019,1.17
,Dinajpur dakshin,2000 - 2001,0.11
,,2001 - 2002,0.37
,,2002 - 2003,0.41
,,2003 - 2004,0.56
,,2004 - 2005,1.17
,,2005 - 2006,0.73
,,2006 - 2007,0.5
,,2007 - 2008,0.92
,,2012 - 2013,1.36
,,2014 - 2015,0.95
,,2015 - 2016,1.11
,,2016 - 2017,0.93
,,2017 - 2018,1.47
,,2018 - 2019,1.11
,,2019 - 2020,1.46
,,2020 - 2021,1.27
,,2021 - 2022,1.21
,,2022 - 2023,1.15
,Dinajpur uttar,2000 - 2001,0.46
,,2001 - 2002,0.54
,,2002 - 2003,0.31
,,2003 - 2004,0.89
,,2004 - 2005,1.29
,,2005 - 2006,0.76
,,2006 - 2007,0.88
,,2007 - 2008,0.36
,,2008 - 2009,0.87
,,2009 - 2010,1.46
,,2010 - 2011,0.88
,,2011 - 2012,1.1
,,2012 - 2013,1.4
,,2014 - 2015,0.94
,,2015 - 2016,1.14
,,2016 - 2017,0.92
,,2017 - 2018,1.47
,,2018 - 2019,1.11
,,2019 - 2020,1.46
,,2020 - 2021,1.27
,,2021 - 2022,1.21
,,2022 - 2023,1.15
,Hooghly,2000 - 2001,0.63
,,2001 - 2002,1.0
,,2003 - 2004,1.0
,,2006 - 2007,0.75
,,2008 - 2009,1.23
,,2013 - 2014,1.25
,,2014 - 2015,1.37
,,2015 - 2016,1.0
,,2016 - 2017,1.26
,,2017 - 2018,1.44
,,2018 - 2019,1.25
,,2020 - 2021,1.42
,,2021 - 2022,1.26
,,2022 - 2023,1.41
,Howrah,2001 - 2002,0.75
,,2003 - 2004,1.0
,,2004 - 2005,1.0
,,2005 - 2006,1.0
,,2006 - 2007,0.5
,,2010 - 2011,1.0
,,2015 - 2016,0.5
,,2016 - 2017,0.75
,,2017 - 2018,1.27
,,2018 - 2019,0.6
,,2020 - 2021,0.86
,,2021 - 2022,0.79
,,2022 - 2023,1.0
,Jalpaiguri,2003 - 2004,0.9
,,2004 - 2005,1.29
,,2005 - 2006,0.75
,,2006 - 2007,0.88
,,2007 - 2008,0.95
,,2008 - 2009,0.86
,,2009 - 2010,1.45
,,2010 - 2011,0.88
,,2011 - 2012,1.09
,,2012 - 2013,1.4
,,2013 - 2014,1.12
,,2014 - 2015,0.95
,,2015 - 2016,1.15
,,2016 - 2017,1.01
,,2017 - 2018,1.42
,,2018 - 2019,1.12
,,2019 - 2020,1.3
,,2020 - 2021,1.24
,,2021 - 2022,1.19
,,2022 - 2023,1.26
,Jhargram,2017 - 2018,1.33
,,2018 - 2019,1.3
,,2019 - 2020,1.61
,,2020 - 2021,1.3
,,2021 - 2022,1.45
,,2022 - 2023,1.47
,Maldah,2000 - 2001,1.28
,,2001 - 2002,0.73
,,2002 - 2003,0.67
,,2003 - 2004,0.94
,,2004 - 2005,1.39
,,2005 - 2006,0.85
,,2006 - 2007,0.97
,,2007 - 2008,1.03
,,2008 - 2009,0.95
,,2009 - 2010,1.46
,,2010 - 2011,1.07
,,2011 - 2012,1.11
,,2012 - 2013,1.45
,,2013 - 2014,1.13
,,2014 - 2015,0.94
,,2015 - 2016,1.15
,,2016 - 2017,0.93
,,2017 - 2018,0.97
,,2018 - 2019,1.05
,,2019 - 2020,1.67
,,2020 - 2021,1.35
,,2021 - 2022,1.34
,,2022 - 2023,1.31
,Medinipur east,2000 - 2001,0.85
,,2018 - 2019,1.31
,,2019 - 2020,1.6
,,2020 - 2021,1.3
,,2021 - 2022,1.46
,,2022 - 2023,1.47
,Medinipur west,2000 - 2001,0.84
,,2001 - 2002,1.02
,,2002 - 2003,0.87
,,2003 - 2004,1.14
,,2004 - 2005,0.82
,,2005 - 2006,0.8
,,2006 - 2007,0.77
,,2009 - 2010,1.0
,,2010 - 2011,1.2
,,2011 - 2012,1.0
,,2013 - 2014,1.0
,,2014 - 2015,1.33
,,2015 - 2016,1.0
,,2016 - 2017,1.06
,,2017 - 2018,1.33
,,2018 - 2019,1.31
,,2019 - 2020,1.6
,,2020 - 2021,1.3
,,2021 - 2022,1.45
,,2022 - 2023,1.47
,Murshidabad,2000 - 2001,1.01
,,2001 - 2002,0.78
,,2002 - 2003,0.55
,,2003 - 2004,0.91
,,2004 - 2005,0.88
,,2005 - 2006,0.97
,,2006 - 2007,0.68
,,2007 - 2008,0.81
,,2008 - 2009,1.11
,,2009 - 2010,1.13
,,2010 - 2011,0.99
,,2011 - 2012,0.91
,,2012 - 2013,1.21
,,2013 - 2014,1.15
,,2014 - 2015,1.24
,,2015 - 2016,0.55
,,2016 - 2017,0.92
,,2017 - 2018,1.53
,,2018 - 2019,1.13
,,2019 - 2020,1.4
,,2020 - 2021,1.32
,,2021 - 2022,1.28
,,2022 - 2023,1.16
,Nadia,2000 - 2001,0.87
,,2001 - 2002,0.83
,,2002 - 2003,0.88
,,2003 - 2004,1.06
,,2004 - 2005,1.12
,,2005 - 2006,1.0
,,2006 - 2007,0.65
,,2007 - 2008,0.86
,,2008 - 2009,0.74
,,2009 - 2010,0.86
,,2010 - 2011,0.85
,,2011 - 2012,1.09
,,2012 - 2013,0.91
,,2013 - 2014,1.07
,,2014 - 2015,1.07
,,2015 - 2016,0.66
,,2016 - 2017,0.88
,,2017 - 2018,1.21
,,2018 - 2019,0.68
,,2019 - 2020,0.4
,,2020 - 2021,0.84
,,2021 - 2022,0.72
,,2022 - 2023,0.96
,Paschim bardhaman,2016 - 2017,1.5
,,2017 - 2018,1.44
,,2018 - 2019,1.1
,,2019 - 2020,1.06
,,2020 - 2021,0.83
,,2021 - 2022,1.25
,,2022 - 2023,1.4
,Purba bardhaman,2000 - 2001,1.24
,,2001 - 2002,0.57
,,2002 - 2003,0.81
,,2003 - 2004,0.66
,,2004 - 2005,0.53
,,2005 - 2006,0.7
,,2006 - 2007,0.63
,,2007 - 2008,0.93
,,2008 - 2009,1.06
,,2009 - 2010,0.61
,,2010 - 2011,1.73
,,2011 - 2012,1.0
,,2012 - 2013,1.58
,,2013 - 2014,1.19
,,2014 - 2015,1.21
,,2015 - 2016,0.82
,,2016 - 2017,1.26
,,2017 - 2018,1.29
,,2018 - 2019,1.22
,,2019 - 2020,1.58
,,2020 - 2021,1.41
,,2021 - 2022,1.23
,,2022 - 2023,1.22
,Purulia,2000 - 2001,0.9
,,2001 - 2002,1.03
,,2002 - 2003,0.61
,,2003 - 2004,1.14
,,2004 - 2005,0.64
,,2005 - 2006,0.18
,,2006 - 2007,0.75
,,2007 - 2008,0.84
,,2008 - 2009,1.23
,,2009 - 2010,0.5
,,2010 - 2011,1.21
,,2011 - 2012,1.0
,,2012 - 2013,1.24
,,2013 - 2014,1.26
,,2014 - 2015,1.03
,,2015 - 2016,1.0
,,2016 - 2017,1.08
,,2017 - 2018,1.15
,,2018 - 2019,1.23
,,2019 - 2020,1.63
,,2020 - 2021,1.11
,,2021 - 2022,1.47
,,2022 - 2023,1.45
