state,district,year,peas_and_beans_rabi_yield_tonne_per_hectare
Arunachal Pradesh,Anjaw,2016 - 2017,1.4
,,2017 - 2018,1.61
,,2018 - 2019,1.61
,,2019 - 2020,1.6
,,2020 - 2021,1.63
,,2021 - 2022,1.64
,,2022 - 2023,1.64
,Changlang,2016 - 2017,1.31
,,2017 - 2018,1.3
,,2018 - 2019,3.22
,,2019 - 2020,1.33
,,2020 - 2021,1.34
,,2021 - 2022,1.34
,,2022 - 2023,1.34
,Dibang valley,2016 - 2017,0.79
,,2017 - 2018,0.8
,,2018 - 2019,0.8
,,2019 - 2020,0.8
,,2020 - 2021,0.8
,,2021 - 2022,0.8
,,2022 - 2023,0.8
,East kameng,2016 - 2017,1.15
,,2017 - 2018,1.16
,,2018 - 2019,1.16
,,2019 - 2020,1.19
,,2020 - 2021,1.2
,,2021 - 2022,1.19
,,2022 - 2023,1.33
,East siang,2016 - 2017,1.17
,,2017 - 2018,1.16
,,2018 - 2019,1.34
,,2019 - 2020,1.34
,,2020 - 2021,1.35
,,2021 - 2022,1.36
,,2022 - 2023,1.39
,Kamle,2018 - 2019,0.91
,,2019 - 2020,0.91
,,2020 - 2021,0.91
,,2021 - 2022,0.91
,,2022 - 2023,0.96
,Kra daadi,2016 - 2017,1.51
,,2017 - 2018,1.67
,,2018 - 2019,1.67
,,2019 - 2020,1.61
,,2020 - 2021,1.61
,,2021 - 2022,1.61
,,2022 - 2023,4.11
,Kurung kumey,2016 - 2017,1.42
,,2017 - 2018,1.65
,,2018 - 2019,1.65
,,2019 - 2020,1.59
,,2020 - 2021,1.59
,,2021 - 2022,1.57
,,2022 - 2023,1.57
,Leparada,2019 - 2020,2.35
,,2020 - 2021,1.98
,,2021 - 2022,2.0
,,2022 - 2023,2.0
,Lohit,2016 - 2017,1.35
,,2017 - 2018,1.47
,,2018 - 2019,1.47
,,2019 - 2020,1.46
,,2020 - 2021,1.47
,,2021 - 2022,1.47
,,2022 - 2023,1.48
,Longding,2016 - 2017,1.03
,,2017 - 2018,1.11
,,2018 - 2019,1.11
,,2019 - 2020,1.18
,,2020 - 2021,1.2
,,2021 - 2022,1.21
,,2022 - 2023,1.21
,Lower dibang valley,2016 - 2017,1.29
,,2017 - 2018,1.29
,,2018 - 2019,1.29
,,2019 - 2020,1.29
,,2020 - 2021,1.29
,,2021 - 2022,1.29
,,2022 - 2023,1.31
,Lower siang,2018 - 2019,1.26
,,2019 - 2020,1.28
,,2020 - 2021,1.28
,,2021 - 2022,1.28
,,2022 - 2023,1.3
,Lower subansiri,2016 - 2017,2.46
,,2017 - 2018,2.26
,,2018 - 2019,3.14
,,2019 - 2020,3.11
,,2020 - 2021,3.13
,,2021 - 2022,3.11
,,2022 - 2023,2.11
,Namsai,2016 - 2017,1.21
,,2017 - 2018,1.16
,,2018 - 2019,1.16
,,2019 - 2020,1.17
,,2020 - 2021,1.17
,,2021 - 2022,1.17
,,2022 - 2023,1.17
,Pakke kessang,2019 - 2020,1.17
,,2020 - 2021,1.2
,,2021 - 2022,1.19
,,2022 - 2023,1.52
,Papum pare,2016 - 2017,2.56
,,2017 - 2018,2.29
,,2018 - 2019,2.29
,,2019 - 2020,2.26
,,2020 - 2021,2.28
,,2021 - 2022,2.28
,,2022 - 2023,2.28
,Shi yomi,2019 - 2020,3.79
,,2020 - 2021,1.68
,,2021 - 2022,1.74
,,2022 - 2023,1.44
,Siang,2016 - 2017,1.05
,,2017 - 2018,1.1
,,2018 - 2019,1.1
,,2019 - 2020,1.14
,,2020 - 2021,1.95
,,2021 - 2022,1.96
,,2022 - 2023,1.91
,Tirap,2016 - 2017,1.52
,,2017 - 2018,1.8
,,2018 - 2019,1.8
,,2019 - 2020,1.88
,,2020 - 2021,1.92
,,2021 - 2022,1.9
,,2022 - 2023,1.74
,Upper siang,2016 - 2017,1.68
,,2017 - 2018,1.76
,,2018 - 2019,1.76
,,2019 - 2020,1.76
,,2020 - 2021,1.78
,,2021 - 2022,1.77
,,2022 - 2023,1.77
,Upper subansiri,2016 - 2017,1.57
,,2017 - 2018,1.67
,,2018 - 2019,1.37
,,2019 - 2020,1.36
,,2020 - 2021,1.37
,,2021 - 2022,1.37
,,2022 - 2023,1.37
,West kameng,2016 - 2017,1.96
,,2017 - 2018,1.89
,,2018 - 2019,1.89
,,2019 - 2020,1.89
,,2020 - 2021,1.9
,,2021 - 2022,1.9
,,2022 - 2023,2.01
,West siang,2016 - 2017,2.17
,,2017 - 2018,2.07
,,2018 - 2019,4.45
,,2019 - 2020,5.1
,,2020 - 2021,1.83
,,2021 - 2022,1.87
,,2022 - 2023,1.87
Assam,Baksa,2005 - 2006,0.78
,,2006 - 2007,0.78
,,2007 - 2008,0.78
,,2008 - 2009,0.79
,,2009 - 2010,0.78
,,2010 - 2011,0.78
,,2011 - 2012,0.81
,,2012 - 2013,0.82
,,2013 - 2014,0.97
,,2014 - 2015,1.12
,,2015 - 2016,0.95
,,2016 - 2017,1.14
,,2017 - 2018,0.94
,,2018 - 2019,1.05
,,2019 - 2020,1.08
,,2020 - 2021,1.06
,,2021 - 2022,1.07
,,2022 - 2023,1.08
,Barpeta,2001 - 2002,0.8
,,2002 - 2003,0.8
,,2003 - 2004,0.8
,,2004 - 2005,0.8
,,2005 - 2006,0.8
,,2006 - 2007,0.8
,,2007 - 2008,0.8
,,2008 - 2009,0.8
,,2009 - 2010,0.8
,,2010 - 2011,0.8
,,2011 - 2012,0.83
,,2012 - 2013,0.85
,,2013 - 2014,0.85
,,2014 - 2015,1.15
,,2015 - 2016,1.15
,,2016 - 2017,1.05
,,2017 - 2018,0.63
,,2018 - 2019,0.63
,,2019 - 2020,0.88
,,2020 - 2021,0.64
,,2021 - 2022,0.67
,,2022 - 2023,0.68
,Biswanath,2020 - 2021,1.22
,,2021 - 2022,1.23
,,2022 - 2023,1.23
,Bongaigaon,2001 - 2002,0.73
,,2002 - 2003,0.71
,,2003 - 2004,0.72
,,2004 - 2005,0.72
,,2005 - 2006,0.74
,,2006 - 2007,0.74
,,2007 - 2008,0.76
,,2008 - 2009,0.75
,,2009 - 2010,0.75
,,2010 - 2011,0.75
,,2011 - 2012,0.78
,,2012 - 2013,0.78
,,2013 - 2014,0.86
,,2014 - 2015,1.07
,,2015 - 2016,0.83
,,2016 - 2017,1.05
,,2017 - 2018,1.25
,,2018 - 2019,0.73
,,2019 - 2020,1.35
,,2020 - 2021,0.69
,,2021 - 2022,0.69
,,2022 - 2023,0.75
,Cachar,2001 - 2002,0.53
,,2002 - 2003,0.53
,,2003 - 2004,0.52
,,2004 - 2005,0.6
,,2005 - 2006,0.6
,,2006 - 2007,0.57
,,2007 - 2008,0.58
,,2008 - 2009,0.59
,,2009 - 2010,0.58
,,2010 - 2011,0.59
,,2011 - 2012,0.6
,,2012 - 2013,0.61
,,2013 - 2014,0.67
,,2014 - 2015,0.84
,,2015 - 2016,0.75
,,2016 - 2017,0.75
,,2017 - 2018,0.76
,,2018 - 2019,0.78
,,2019 - 2020,1.17
,,2020 - 2021,0.23
,,2021 - 2022,0.36
,,2022 - 2023,0.35
,Charaideo,2020 - 2021,0.65
,,2021 - 2022,0.65
,,2022 - 2023,0.65
,Chirang,2005 - 2006,0.74
,,2006 - 2007,0.74
,,2007 - 2008,0.76
,,2008 - 2009,0.75
,,2009 - 2010,0.75
,,2010 - 2011,0.76
,,2011 - 2012,0.77
,,2012 - 2013,0.8
,,2013 - 2014,0.69
,,2014 - 2015,1.09
,,2015 - 2016,0.92
,,2016 - 2017,1.01
,,2017 - 2018,0.63
,,2018 - 2019,0.63
,,2019 - 2020,1.16
,,2020 - 2021,0.69
,,2021 - 2022,0.93
,,2022 - 2023,1.2
,Darrang,2001 - 2002,0.58
,,2002 - 2003,0.59
,,2003 - 2004,0.6
,,2004 - 2005,0.62
,,2005 - 2006,0.71
,,2006 - 2007,0.71
,,2007 - 2008,0.71
,,2008 - 2009,0.71
,,2009 - 2010,0.71
,,2010 - 2011,0.71
,,2011 - 2012,0.74
,,2012 - 2013,0.77
,,2013 - 2014,2.55
,,2014 - 2015,1.05
,,2015 - 2016,1.19
,,2016 - 2017,1.2
,,2017 - 2018,1.23
,,2018 - 2019,1.23
,,2019 - 2020,0.77
,,2020 - 2021,1.23
,,2021 - 2022,1.18
,,2022 - 2023,1.3
,Dhemaji,2001 - 2002,0.64
,,2002 - 2003,0.64
,,2003 - 2004,0.63
,,2004 - 2005,0.64
,,2005 - 2006,0.63
,,2006 - 2007,0.63
,,2007 - 2008,0.65
,,2008 - 2009,0.66
,,2009 - 2010,0.6
,,2010 - 2011,0.64
,,2011 - 2012,0.63
,,2012 - 2013,0.6
,,2013 - 2014,0.69
,,2014 - 2015,0.96
,,2015 - 2016,0.86
,,2016 - 2017,0.86
,,2017 - 2018,0.86
,,2018 - 2019,1.4
,,2019 - 2020,0.85
,,2020 - 2021,1.06
,,2021 - 2022,1.04
,,2022 - 2023,0.71
,Dhubri,2001 - 2002,0.77
,,2002 - 2003,0.77
,,2003 - 2004,0.77
,,2004 - 2005,0.77
,,2005 - 2006,0.77
,,2006 - 2007,0.77
,,2007 - 2008,0.77
,,2008 - 2009,0.77
,,2009 - 2010,0.77
,,2010 - 2011,0.77
,,2011 - 2012,0.8
,,2012 - 2013,0.82
,,2013 - 2014,0.85
,,2014 - 2015,1.11
,,2015 - 2016,1.11
,,2016 - 2017,0.92
,,2017 - 2018,0.91
,,2018 - 2019,0.92
,,2019 - 2020,0.92
,,2020 - 2021,0.93
,,2021 - 2022,0.93
,,2022 - 2023,0.94
,Dibrugarh,2001 - 2002,0.34
,,2002 - 2003,0.34
,,2003 - 2004,0.34
,,2004 - 2005,0.34
,,2005 - 2006,0.34
,,2006 - 2007,0.34
,,2007 - 2008,0.34
,,2008 - 2009,0.34
,,2009 - 2010,0.34
,,2010 - 2011,0.34
,,2011 - 2012,0.35
,,2012 - 2013,0.36
,,2013 - 2014,0.57
,,2014 - 2015,0.49
,,2015 - 2016,0.61
,,2016 - 2017,0.61
,,2017 - 2018,0.61
,,2018 - 2019,0.76
,,2019 - 2020,0.8
,,2020 - 2021,0.78
,,2021 - 2022,0.41
,,2022 - 2023,0.61
,Dima hasao,2001 - 2002,0.5
,,2002 - 2003,0.47
,,2003 - 2004,0.49
,,2004 - 2005,0.49
,,2005 - 2006,0.48
,,2006 - 2007,0.49
,,2007 - 2008,0.49
,,2008 - 2009,0.48
,,2009 - 2010,0.49
,,2010 - 2011,0.49
,,2011 - 2012,0.51
,,2012 - 2013,0.51
,,2013 - 2014,0.56
,,2014 - 2015,0.69
,,2015 - 2016,0.49
,,2016 - 2017,0.49
,,2017 - 2018,0.45
,,2018 - 2019,0.49
,,2019 - 2020,0.8
,,2020 - 2021,0.49
,,2021 - 2022,0.49
,,2022 - 2023,0.49
,Goalpara,2001 - 2002,0.51
,,2002 - 2003,0.53
,,2003 - 2004,0.52
,,2004 - 2005,0.52
,,2005 - 2006,0.52
,,2006 - 2007,0.52
,,2007 - 2008,0.52
,,2008 - 2009,0.52
,,2009 - 2010,0.52
,,2010 - 2011,0.52
,,2011 - 2012,0.54
,,2012 - 2013,0.55
,,2013 - 2014,1.0
,,2014 - 2015,0.74
,,2015 - 2016,0.76
,,2016 - 2017,0.72
,,2017 - 2018,0.7
,,2018 - 2019,0.7
,,2019 - 2020,0.99
,,2020 - 2021,0.71
,,2021 - 2022,0.73
,,2022 - 2023,0.79
,Golaghat,2001 - 2002,0.87
,,2002 - 2003,0.87
,,2003 - 2004,0.87
,,2004 - 2005,0.87
,,2005 - 2006,0.87
,,2006 - 2007,0.87
,,2007 - 2008,0.87
,,2008 - 2009,0.89
,,2009 - 2010,0.88
,,2010 - 2011,0.88
,,2011 - 2012,0.91
,,2012 - 2013,0.94
,,2013 - 2014,0.95
,,2014 - 2015,1.28
,,2015 - 2016,0.93
,,2016 - 2017,0.95
,,2017 - 2018,0.98
,,2018 - 2019,0.97
,,2019 - 2020,1.19
,,2020 - 2021,0.91
,,2021 - 2022,0.91
,,2022 - 2023,0.91
,Hailakandi,2001 - 2002,0.57
,,2002 - 2003,0.57
,,2003 - 2004,0.57
,,2004 - 2005,0.57
,,2005 - 2006,0.57
,,2006 - 2007,0.57
,,2007 - 2008,0.57
,,2008 - 2009,0.57
,,2009 - 2010,0.57
,,2010 - 2011,0.57
,,2011 - 2012,0.59
,,2012 - 2013,0.6
,,2013 - 2014,1.09
,,2014 - 2015,0.8
,,2015 - 2016,0.62
,,2016 - 2017,0.62
,,2017 - 2018,0.91
,,2018 - 2019,0.9
,,2019 - 2020,1.33
,,2020 - 2021,0.9
,,2021 - 2022,0.96
,,2022 - 2023,1.24
,Hojai,2020 - 2021,0.83
,,2021 - 2022,0.83
,,2022 - 2023,0.83
,Jorhat,2001 - 2002,0.42
,,2002 - 2003,0.43
,,2003 - 2004,0.44
,,2004 - 2005,0.43
,,2005 - 2006,0.43
,,2006 - 2007,0.42
,,2007 - 2008,0.44
,,2008 - 2009,0.42
,,2009 - 2010,0.43
,,2010 - 2011,0.43
,,2011 - 2012,0.44
,,2012 - 2013,0.47
,,2013 - 2014,0.67
,,2014 - 2015,0.63
,,2015 - 2016,0.63
,,2016 - 2017,0.62
,,2017 - 2018,0.96
,,2018 - 2019,0.67
,,2019 - 2020,0.72
,,2020 - 2021,0.63
,,2021 - 2022,0.64
,,2022 - 2023,0.64
,Kamrup,2001 - 2002,0.78
,,2002 - 2003,0.77
,,2003 - 2004,0.79
,,2004 - 2005,0.83
,,2005 - 2006,0.82
,,2006 - 2007,0.78
,,2007 - 2008,0.81
,,2008 - 2009,0.81
,,2009 - 2010,0.8
,,2010 - 2011,0.8
,,2011 - 2012,0.84
,,2012 - 2013,0.84
,,2013 - 2014,0.86
,,2014 - 2015,1.14
,,2015 - 2016,0.85
,,2016 - 2017,0.87
,,2017 - 2018,0.86
,,2018 - 2019,0.9
,,2019 - 2020,1.05
,,2020 - 2021,0.9
,,2021 - 2022,0.67
,,2022 - 2023,1.2
,Kamrup metro,2005 - 2006,0.86
,,2006 - 2007,0.86
,,2007 - 2008,0.81
,,2008 - 2009,0.84
,,2009 - 2010,0.84
,,2010 - 2011,0.83
,,2011 - 2012,0.87
,,2012 - 2013,0.88
,,2013 - 2014,0.89
,,2014 - 2015,1.2
,,2015 - 2016,0.89
,,2016 - 2017,0.9
,,2017 - 2018,0.9
,,2018 - 2019,0.89
,,2019 - 2020,1.72
,,2020 - 2021,0.9
,,2021 - 2022,0.75
,,2022 - 2023,1.16
,Karbi anglong,2001 - 2002,0.57
,,2002 - 2003,0.57
,,2003 - 2004,0.6
,,2004 - 2005,0.63
,,2005 - 2006,0.62
,,2006 - 2007,0.62
,,2007 - 2008,0.63
,,2008 - 2009,0.63
,,2009 - 2010,0.63
,,2010 - 2011,0.81
,,2011 - 2012,0.65
,,2012 - 2013,0.62
,,2013 - 2014,0.71
,,2014 - 2015,0.84
,,2015 - 2016,0.74
,,2016 - 2017,0.72
,,2017 - 2018,0.72
,,2018 - 2019,0.73
,,2019 - 2020,1.06
,,2020 - 2021,0.73
,,2021 - 2022,0.73
,,2022 - 2023,0.73
,Karimganj,2001 - 2002,0.35
,,2002 - 2003,0.33
,,2003 - 2004,0.33
,,2004 - 2005,0.33
,,2005 - 2006,0.33
,,2006 - 2007,0.33
,,2007 - 2008,0.32
,,2008 - 2009,0.33
,,2009 - 2010,0.33
,,2010 - 2011,0.52
,,2011 - 2012,0.33
,,2012 - 2013,0.34
,,2013 - 2014,0.63
,,2014 - 2015,0.46
,,2015 - 2016,0.85
,,2016 - 2017,0.65
,,2017 - 2018,0.37
,,2018 - 2019,0.8
,,2019 - 2020,1.0
,,2020 - 2021,0.86
,,2021 - 2022,0.95
,,2022 - 2023,1.05
,Kokrajhar,2001 - 2002,0.53
,,2002 - 2003,0.53
,,2003 - 2004,0.53
,,2004 - 2005,0.53
,,2005 - 2006,0.54
,,2006 - 2007,0.54
,,2007 - 2008,0.63
,,2008 - 2009,0.61
,,2009 - 2010,0.55
,,2010 - 2011,0.6
,,2011 - 2012,0.54
,,2012 - 2013,0.59
,,2013 - 2014,0.65
,,2014 - 2015,0.83
,,2015 - 2016,0.69
,,2016 - 2017,0.63
,,2017 - 2018,0.63
,,2018 - 2019,0.63
,,2019 - 2020,1.05
,,2020 - 2021,0.63
,,2021 - 2022,0.72
,,2022 - 2023,1.19
,Lakhimpur,2001 - 2002,0.42
,,2002 - 2003,0.42
,,2003 - 2004,0.42
,,2004 - 2005,0.43
,,2005 - 2006,0.42
,,2006 - 2007,0.41
,,2007 - 2008,0.42
,,2008 - 2009,0.47
,,2009 - 2010,0.43
,,2010 - 2011,0.44
,,2011 - 2012,0.45
,,2012 - 2013,0.46
,,2013 - 2014,0.62
,,2014 - 2015,0.9
,,2015 - 2016,0.91
,,2016 - 2017,0.91
,,2017 - 2018,0.84
,,2018 - 2019,1.25
,,2019 - 2020,0.76
,,2020 - 2021,1.27
,,2021 - 2022,1.25
,,2022 - 2023,1.21
,Majuli,2020 - 2021,0.67
,,2021 - 2022,0.67
,,2022 - 2023,0.67
,Marigaon,2001 - 2002,1.0
,,2002 - 2003,1.0
,,2003 - 2004,1.0
,,2004 - 2005,1.0
,,2005 - 2006,1.0
,,2006 - 2007,1.0
,,2007 - 2008,1.0
,,2008 - 2009,1.0
,,2009 - 2010,1.0
,,2010 - 2011,0.1
,,2011 - 2012,0.98
,,2012 - 2013,1.03
,,2013 - 2014,0.98
,,2014 - 2015,1.4
,,2015 - 2016,1.4
,,2016 - 2017,1.42
,,2017 - 2018,1.44
,,2018 - 2019,1.3
,,2019 - 2020,1.32
,,2020 - 2021,1.25
,,2021 - 2022,1.25
,,2022 - 2023,1.16
,Nagaon,2001 - 2002,0.32
,,2002 - 2003,0.32
,,2003 - 2004,0.32
,,2004 - 2005,0.32
,,2005 - 2006,0.32
,,2006 - 2007,0.32
,,2007 - 2008,0.32
,,2008 - 2009,0.32
,,2009 - 2010,0.32
,,2010 - 2011,0.32
,,2011 - 2012,0.33
,,2012 - 2013,0.42
,,2013 - 2014,0.55
,,2014 - 2015,0.57
,,2015 - 2016,0.81
,,2016 - 2017,0.77
,,2017 - 2018,0.68
,,2018 - 2019,0.74
,,2019 - 2020,0.59
,,2020 - 2021,0.69
,,2021 - 2022,0.69
,,2022 - 2023,0.71
,Nalbari,2001 - 2002,0.78
,,2002 - 2003,0.78
,,2003 - 2004,0.78
,,2004 - 2005,0.78
,,2005 - 2006,0.78
,,2006 - 2007,0.78
,,2007 - 2008,0.78
,,2008 - 2009,0.77
,,2009 - 2010,0.78
,,2010 - 2011,0.78
,,2011 - 2012,0.8
,,2012 - 2013,0.82
,,2013 - 2014,0.84
,,2014 - 2015,1.11
,,2015 - 2016,0.83
,,2016 - 2017,1.2
,,2017 - 2018,1.28
,,2018 - 2019,1.2
,,2019 - 2020,1.15
,,2020 - 2021,1.3
,,2021 - 2022,1.31
,,2022 - 2023,1.25
,Sivasagar,2001 - 2002,0.58
,,2002 - 2003,0.56
,,2003 - 2004,0.53
,,2004 - 2005,0.56
,,2005 - 2006,0.57
,,2006 - 2007,0.62
,,2007 - 2008,0.65
,,2008 - 2009,0.75
,,2009 - 2010,0.73
,,2010 - 2011,0.63
,,2011 - 2012,0.85
,,2012 - 2013,0.66
,,2013 - 2014,0.62
,,2014 - 2015,0.84
,,2015 - 2016,1.17
,,2016 - 2017,0.92
,,2017 - 2018,1.19
,,2018 - 2019,1.23
,,2019 - 2020,1.5
,,2020 - 2021,0.8
,,2021 - 2022,0.66
,,2022 - 2023,0.72
,Sonitpur,2001 - 2002,0.52
,,2002 - 2003,0.52
,,2003 - 2004,0.52
,,2004 - 2005,0.53
,,2005 - 2006,0.55
,,2006 - 2007,0.53
,,2007 - 2008,0.54
,,2008 - 2009,0.54
,,2009 - 2010,0.53
,,2010 - 2011,0.53
,,2011 - 2012,0.54
,,2012 - 2013,0.55
,,2013 - 2014,0.55
,,2014 - 2015,0.75
,,2015 - 2016,0.81
,,2016 - 2017,0.82
,,2017 - 2018,0.94
,,2018 - 2019,0.9
,,2019 - 2020,0.86
,,2020 - 2021,0.92
,,2021 - 2022,0.89
,,2022 - 2023,0.89
,South salmara mancachar,2020 - 2021,0.88
,,2021 - 2022,0.88
,,2022 - 2023,1.1
,Tinsukia,2001 - 2002,0.41
,,2002 - 2003,0.41
,,2003 - 2004,0.41
,,2004 - 2005,0.41
,,2005 - 2006,0.41
,,2006 - 2007,0.41
,,2007 - 2008,0.41
,,2008 - 2009,0.41
,,2009 - 2010,0.41
,,2010 - 2011,0.41
,,2011 - 2012,0.42
,,2012 - 2013,0.44
,,2013 - 2014,0.68
,,2014 - 2015,1.01
,,2015 - 2016,0.97
,,2016 - 2017,0.98
,,2017 - 2018,1.09
,,2018 - 2019,1.12
,,2019 - 2020,0.85
,,2020 - 2021,1.23
,,2021 - 2022,1.18
,,2022 - 2023,1.27
,Udalguri,2005 - 2006,0.5
,,2006 - 2007,0.5
,,2007 - 2008,0.51
,,2008 - 2009,0.55
,,2009 - 2010,0.52
,,2010 - 2011,0.53
,,2011 - 2012,0.54
,,2012 - 2013,0.55
,,2013 - 2014,0.57
,,2014 - 2015,0.74
,,2015 - 2016,1.65
,,2016 - 2017,1.65
,,2017 - 2018,1.64
,,2018 - 2019,1.29
,,2019 - 2020,1.03
,,2020 - 2021,1.27
,,2021 - 2022,1.28
,,2022 - 2023,1.22
,West karbi anglong,2020 - 2021,0.73
,,2021 - 2022,0.73
,,2022 - 2023,0.73
Bihar,Araria,2000 - 2001,1.11
,,2001 - 2002,1.01
,,2002 - 2003,0.89
,,2003 - 2004,0.93
,,2004 - 2005,0.88
,,2005 - 2006,0.92
,,2006 - 2007,0.93
,,2007 - 2008,1.73
,,2008 - 2009,0.96
,,2009 - 2010,1.0
,,2010 - 2011,1.04
,,2011 - 2012,1.03
,,2012 - 2013,1.04
,,2013 - 2014,1.05
,,2016 - 2017,1.0
,Arwal,2003 - 2004,0.93
,,2004 - 2005,0.88
,,2005 - 2006,0.92
,,2007 - 2008,1.08
,,2008 - 2009,0.96
,,2009 - 2010,1.0
,,2010 - 2011,1.03
,,2011 - 2012,1.03
,,2012 - 2013,1.04
,,2013 - 2014,0.75
,,2014 - 2015,1.01
,,2015 - 2016,1.0
,,2016 - 2017,0.92
,,2017 - 2018,0.82
,,2018 - 2019,0.91
,,2019 - 2020,0.88
,,2020 - 2021,0.88
,,2021 - 2022,0.99
,,2022 - 2023,0.91
,Aurangabad,2000 - 2001,0.96
,,2001 - 2002,0.98
,,2002 - 2003,0.89
,,2003 - 2004,0.93
,,2004 - 2005,0.88
,,2005 - 2006,0.92
,,2006 - 2007,0.93
,,2007 - 2008,1.08
,,2008 - 2009,0.96
,,2009 - 2010,1.0
,,2010 - 2011,1.03
,,2011 - 2012,1.03
,,2012 - 2013,1.04
,,2013 - 2014,0.75
,,2014 - 2015,1.01
,,2015 - 2016,1.0
,,2016 - 2017,0.92
,,2017 - 2018,0.82
,,2018 - 2019,0.91
,,2019 - 2020,0.88
,,2020 - 2021,0.87
,,2021 - 2022,0.99
,,2022 - 2023,0.92
,Banka,2000 - 2001,0.96
,,2001 - 2002,0.98
,,2002 - 2003,0.9
,,2003 - 2004,0.93
,,2004 - 2005,0.88
,,2005 - 2006,0.86
,,2006 - 2007,0.93
,,2007 - 2008,1.08
,,2008 - 2009,0.96
,,2009 - 2010,1.0
,,2010 - 2011,1.0
,,2011 - 2012,1.0
,,2012 - 2013,1.0
,,2013 - 2014,1.0
,,2014 - 2015,0.96
,,2015 - 2016,1.1
,,2016 - 2017,1.04
,,2017 - 2018,1.04
,,2018 - 2019,1.05
,,2019 - 2020,1.04
,,2020 - 2021,1.04
,,2021 - 2022,1.04
,,2022 - 2023,1.03
,Begusarai,2000 - 2001,0.79
,,2001 - 2002,0.98
,,2002 - 2003,0.89
,,2003 - 2004,0.93
,,2004 - 2005,0.88
,,2005 - 2006,0.97
,,2006 - 2007,0.93
,,2007 - 2008,0.99
,,2008 - 2009,0.96
,,2009 - 2010,1.0
,,2010 - 2011,1.04
,,2011 - 2012,1.03
,,2012 - 2013,1.04
,,2013 - 2014,1.06
,,2014 - 2015,1.01
,,2015 - 2016,1.17
,,2016 - 2017,0.97
,,2017 - 2018,1.18
,,2018 - 2019,1.11
,,2019 - 2020,1.08
,,2020 - 2021,1.12
,,2021 - 2022,1.1
,,2022 - 2023,1.54
,Bhagalpur,2000 - 2001,0.96
,,2001 - 2002,0.98
,,2002 - 2003,0.89
,,2003 - 2004,0.93
,,2004 - 2005,0.88
,,2005 - 2006,0.87
,,2006 - 2007,0.93
,,2007 - 2008,1.08
,,2008 - 2009,0.96
,,2009 - 2010,1.0
,,2010 - 2011,1.04
,,2011 - 2012,1.03
,,2012 - 2013,1.04
,,2013 - 2014,1.06
,,2014 - 2015,0.98
,,2015 - 2016,1.05
,,2016 - 2017,1.03
,,2017 - 2018,1.03
,,2018 - 2019,1.04
,,2019 - 2020,1.03
,,2020 - 2021,1.03
,,2021 - 2022,1.03
,,2022 - 2023,1.03
,Bhojpur,2000 - 2001,0.96
,,2001 - 2002,0.98
,,2002 - 2003,0.91
,,2003 - 2004,0.94
,,2004 - 2005,0.86
,,2005 - 2006,0.91
,,2006 - 2007,0.93
,,2007 - 2008,0.93
,,2008 - 2009,0.96
,,2009 - 2010,1.0
,,2010 - 2011,1.04
,,2011 - 2012,1.03
,,2012 - 2013,1.04
,,2013 - 2014,1.25
,,2014 - 2015,1.01
,,2015 - 2016,1.05
,,2016 - 2017,1.1
,,2017 - 2018,1.03
,,2018 - 2019,1.06
,,2019 - 2020,1.07
,,2020 - 2021,1.05
,,2021 - 2022,1.06
,,2022 - 2023,1.06
,Buxar,2000 - 2001,0.96
,,2001 - 2002,0.98
,,2002 - 2003,0.87
,,2003 - 2004,0.94
,,2004 - 2005,0.86
,,2005 - 2006,0.91
,,2006 - 2007,0.93
,,2007 - 2008,0.93
,,2008 - 2009,0.96
,,2009 - 2010,1.0
,,2010 - 2011,1.04
,,2011 - 2012,1.03
,,2012 - 2013,1.04
,,2013 - 2014,1.25
,,2014 - 2015,1.01
,,2015 - 2016,1.05
,,2016 - 2017,1.1
,,2017 - 2018,1.03
,,2018 - 2019,1.06
,,2019 - 2020,1.07
,,2020 - 2021,1.05
,,2021 - 2022,1.06
,,2022 - 2023,1.06
,Darbhanga,2000 - 2001,0.96
,,2002 - 2003,0.9
,,2003 - 2004,0.88
,,2004 - 2005,1.05
,,2005 - 2006,0.92
,,2006 - 2007,0.93
,,2007 - 2008,1.08
,,2008 - 2009,0.96
,,2009 - 2010,1.0
,,2010 - 2011,1.0
,,2011 - 2012,1.0
,,2012 - 2013,1.0
,,2013 - 2014,1.0
,,2014 - 2015,1.0
,,2015 - 2016,1.0
,,2016 - 2017,1.0
,,2017 - 2018,1.0
,,2018 - 2019,1.0
,Gaya,2000 - 2001,0.97
,,2001 - 2002,0.98
,,2002 - 2003,0.89
,,2003 - 2004,0.93
,,2004 - 2005,0.88
,,2005 - 2006,0.92
,,2006 - 2007,0.93
,,2007 - 2008,1.08
,,2008 - 2009,0.96
,,2009 - 2010,1.0
,,2010 - 2011,1.04
,,2011 - 2012,1.03
,,2012 - 2013,1.04
,,2013 - 2014,0.75
,,2014 - 2015,1.01
,,2015 - 2016,1.0
,,2016 - 2017,0.92
,,2017 - 2018,0.82
,Gopalganj,2000 - 2001,0.99
,,2001 - 2002,0.99
,,2002 - 2003,0.99
,,2003 - 2004,0.93
,,2004 - 2005,0.88
,,2005 - 2006,0.92
,,2006 - 2007,0.93
,,2007 - 2008,1.08
,,2008 - 2009,0.96
,,2009 - 2010,1.0
,,2010 - 2011,1.04
,,2011 - 2012,1.03
,,2012 - 2013,1.04
,,2013 - 2014,1.25
,,2014 - 2015,1.25
,,2015 - 2016,0.82
,,2016 - 2017,1.11
,,2017 - 2018,1.03
,,2018 - 2019,0.98
,,2019 - 2020,1.04
,,2020 - 2021,1.02
,,2021 - 2022,1.02
,,2022 - 2023,1.03
,Jamui,2000 - 2001,0.8
,,2001 - 2002,0.98
,,2002 - 2003,0.9
,,2003 - 2004,0.93
,,2004 - 2005,0.88
,,2005 - 2006,0.96
,,2006 - 2007,0.91
,,2007 - 2008,1.0
,,2008 - 2009,0.96
,,2010 - 2011,1.0
,,2011 - 2012,1.0
,,2012 - 2013,1.0
,,2013 - 2014,1.05
,,2014 - 2015,1.0
,,2015 - 2016,1.17
,,2016 - 2017,0.97
,,2017 - 2018,1.18
,,2021 - 2022,1.11
,Jehanabad,2000 - 2001,0.97
,,2001 - 2002,0.98
,,2002 - 2003,0.89
,,2003 - 2004,0.94
,,2004 - 2005,0.88
,,2005 - 2006,0.92
,,2006 - 2007,0.93
,,2007 - 2008,1.08
,,2008 - 2009,0.96
,,2009 - 2010,1.0
,,2010 - 2011,1.03
,,2011 - 2012,1.03
,,2012 - 2013,1.04
,,2013 - 2014,0.75
,,2014 - 2015,1.01
,,2015 - 2016,1.0
,,2016 - 2017,0.92
,,2017 - 2018,0.82
,,2018 - 2019,0.91
,,2019 - 2020,0.88
,,2020 - 2021,0.87
,,2021 - 2022,0.99
,,2022 - 2023,0.91
,Kaimur (bhabua),2000 - 2001,0.96
,,2001 - 2002,0.98
,,2002 - 2003,0.92
,,2003 - 2004,1.15
,,2004 - 2005,0.96
,,2005 - 2006,0.91
,,2006 - 2007,0.93
,,2007 - 2008,0.93
,,2008 - 2009,0.96
,,2009 - 2010,1.0
,,2010 - 2011,1.04
,,2011 - 2012,1.03
,,2012 - 2013,1.04
,,2013 - 2014,1.25
,,2014 - 2015,1.01
,,2015 - 2016,1.05
,,2016 - 2017,1.1
,,2017 - 2018,1.03
,,2018 - 2019,1.06
,,2019 - 2020,1.07
,,2020 - 2021,1.05
,,2021 - 2022,1.06
,,2022 - 2023,1.06
,Katihar,2000 - 2001,1.11
,,2001 - 2002,1.01
,,2002 - 2003,0.89
,,2003 - 2004,0.94
,,2004 - 2005,0.88
,,2005 - 2006,0.92
,,2006 - 2007,0.93
,,2007 - 2008,1.73
,,2008 - 2009,0.96
,,2009 - 2010,1.0
,,2010 - 2011,1.04
,,2011 - 2012,1.03
,,2012 - 2013,1.04
,,2013 - 2014,1.06
,,2014 - 2015,1.01
,,2015 - 2016,1.06
,,2016 - 2017,1.03
,,2017 - 2018,1.06
,,2018 - 2019,1.04
,,2019 - 2020,1.04
,,2020 - 2021,1.04
,,2021 - 2022,1.01
,,2022 - 2023,1.03
,Khagaria,2000 - 2001,0.79
,,2001 - 2002,0.98
,,2002 - 2003,0.89
,,2003 - 2004,0.93
,,2004 - 2005,0.88
,,2005 - 2006,0.97
,,2006 - 2007,0.93
,,2007 - 2008,0.99
,,2008 - 2009,0.96
,,2009 - 2010,1.0
,,2010 - 2011,1.04
,,2011 - 2012,1.03
,,2012 - 2013,1.04
,,2013 - 2014,1.06
,,2014 - 2015,1.01
,,2015 - 2016,1.17
,,2016 - 2017,0.97
,,2017 - 2018,1.18
,,2018 - 2019,1.11
,,2019 - 2020,1.08
,,2020 - 2021,1.12
,,2021 - 2022,1.1
,,2022 - 2023,1.49
,Kishanganj,2001 - 2002,1.0
,,2002 - 2003,0.92
,,2003 - 2004,0.94
,,2004 - 2005,0.87
,,2005 - 2006,0.92
,,2006 - 2007,0.93
,,2007 - 2008,1.73
,,2008 - 2009,0.96
,,2009 - 2010,1.0
,,2010 - 2011,1.03
,,2011 - 2012,1.03
,,2012 - 2013,1.04
,,2013 - 2014,1.06
,,2014 - 2015,1.01
,,2015 - 2016,1.05
,,2016 - 2017,1.03
,,2017 - 2018,1.03
,Lakhisarai,2000 - 2001,0.78
,,2001 - 2002,0.98
,,2002 - 2003,0.89
,,2003 - 2004,0.93
,,2004 - 2005,0.88
,,2005 - 2006,0.97
,,2006 - 2007,0.93
,,2007 - 2008,0.99
,,2008 - 2009,0.96
,,2009 - 2010,1.0
,,2010 - 2011,1.03
,,2011 - 2012,1.03
,,2012 - 2013,1.04
,,2013 - 2014,1.06
,,2014 - 2015,1.01
,,2015 - 2016,1.17
,,2016 - 2017,0.97
,,2017 - 2018,1.18
,,2018 - 2019,1.11
,,2019 - 2020,1.08
,,2020 - 2021,1.12
,,2021 - 2022,1.1
,,2022 - 2023,0.99
,Madhepura,2000 - 2001,1.04
,,2001 - 2002,0.99
,,2002 - 2003,0.86
,,2003 - 2004,0.93
,,2004 - 2005,0.88
,,2005 - 2006,0.92
,,2006 - 2007,0.93
,,2007 - 2008,1.08
,,2008 - 2009,0.96
,,2009 - 2010,1.0
,,2010 - 2011,1.03
,,2011 - 2012,1.03
,,2012 - 2013,1.04
,,2013 - 2014,1.06
,,2014 - 2015,1.01
,,2015 - 2016,1.01
,,2016 - 2017,1.03
,,2017 - 2018,1.03
,,2018 - 2019,1.02
,,2019 - 2020,1.03
,,2020 - 2021,1.03
,,2021 - 2022,1.04
,,2022 - 2023,1.03
,Madhubani,2000 - 2001,0.96
,,2001 - 2002,0.6
,,2002 - 2003,0.9
,,2003 - 2004,0.88
,,2004 - 2005,1.05
,,2005 - 2006,0.92
,,2006 - 2007,0.93
,,2007 - 2008,1.08
,,2008 - 2009,0.96
,,2009 - 2010,1.0
,,2010 - 2011,1.03
,,2011 - 2012,1.03
,,2012 - 2013,1.04
,,2013 - 2014,1.06
,,2014 - 2015,1.0
,,2015 - 2016,1.05
,,2016 - 2017,1.05
,,2017 - 2018,1.02
,,2018 - 2019,1.05
,,2019 - 2020,1.04
,,2020 - 2021,1.03
,,2021 - 2022,1.03
,,2022 - 2023,1.03
,Munger,2000 - 2001,0.79
,,2001 - 2002,1.02
,,2002 - 2003,0.89
,,2003 - 2004,0.93
,,2004 - 2005,0.88
,,2005 - 2006,0.97
,,2006 - 2007,0.93
,,2007 - 2008,0.99
,,2008 - 2009,0.96
,,2009 - 2010,1.0
,,2010 - 2011,1.03
,,2011 - 2012,1.03
,,2012 - 2013,1.04
,,2013 - 2014,1.06
,,2014 - 2015,1.01
,,2015 - 2016,1.17
,,2016 - 2017,0.97
,,2017 - 2018,1.18
,,2018 - 2019,1.1
,,2019 - 2020,1.08
,,2020 - 2021,1.12
,,2021 - 2022,1.1
,,2022 - 2023,1.19
,Muzaffarpur,2000 - 2001,0.96
,,2001 - 2002,0.98
,,2002 - 2003,0.89
,,2003 - 2004,0.93
,,2004 - 2005,0.88
,,2005 - 2006,0.92
,,2006 - 2007,0.94
,,2007 - 2008,0.96
,,2008 - 2009,0.99
,,2009 - 2010,1.0
,,2010 - 2011,1.04
,,2011 - 2012,1.03
,,2012 - 2013,1.05
,,2013 - 2014,1.06
,,2014 - 2015,0.77
,,2015 - 2016,1.05
,,2016 - 2017,0.96
,,2017 - 2018,0.93
,,2018 - 2019,0.98
,,2019 - 2020,0.95
,,2020 - 2021,0.96
,,2021 - 2022,0.96
,,2022 - 2023,0.96
,Nalanda,2000 - 2001,0.62
,,2001 - 2002,0.98
,,2002 - 2003,0.87
,,2003 - 2004,0.94
,,2004 - 2005,0.86
,,2005 - 2006,0.91
,,2006 - 2007,0.92
,,2007 - 2008,0.93
,,2008 - 2009,0.96
,,2009 - 2010,1.0
,,2010 - 2011,1.03
,,2011 - 2012,1.03
,,2012 - 2013,1.04
,,2013 - 2014,1.25
,,2014 - 2015,1.01
,,2015 - 2016,1.05
,,2016 - 2017,1.1
,,2017 - 2018,1.03
,,2018 - 2019,1.06
,,2019 - 2020,1.07
,,2020 - 2021,1.05
,,2021 - 2022,1.06
,,2022 - 2023,1.06
,Nawada,2000 - 2001,0.97
,,2001 - 2002,0.97
,,2002 - 2003,0.89
,,2003 - 2004,0.94
,,2004 - 2005,0.88
,,2005 - 2006,0.92
,,2006 - 2007,0.93
,,2007 - 2008,1.08
,,2008 - 2009,0.96
,,2009 - 2010,1.0
,,2010 - 2011,1.04
,,2011 - 2012,1.03
,,2012 - 2013,1.04
,,2013 - 2014,0.75
,,2014 - 2015,1.01
,,2015 - 2016,1.0
,,2016 - 2017,0.92
,,2017 - 2018,0.82
,,2018 - 2019,0.92
,,2019 - 2020,0.89
,,2020 - 2021,0.87
,,2021 - 2022,0.99
,,2022 - 2023,0.92
,Pashchim champaran,2000 - 2001,0.97
,,2001 - 2002,0.98
,,2002 - 2003,0.89
,,2003 - 2004,0.93
,,2004 - 2005,0.88
,,2005 - 2006,0.92
,,2006 - 2007,0.94
,,2007 - 2008,1.0
,,2008 - 2009,0.96
,,2009 - 2010,1.0
,,2010 - 2011,1.03
,,2011 - 2012,1.03
,,2012 - 2013,1.04
,,2013 - 2014,1.06
,,2014 - 2015,0.78
,,2015 - 2016,1.05
,,2016 - 2017,0.96
,,2017 - 2018,0.93
,,2018 - 2019,0.98
,,2019 - 2020,0.96
,,2020 - 2021,0.96
,,2021 - 2022,0.96
,,2022 - 2023,0.96
,Patna,2000 - 2001,0.96
,,2001 - 2002,0.98
,,2002 - 2003,0.81
,,2003 - 2004,0.85
,,2004 - 2005,0.86
,,2005 - 2006,0.91
,,2006 - 2007,0.93
,,2007 - 2008,0.93
,,2008 - 2009,0.96
,,2009 - 2010,1.0
,,2010 - 2011,1.04
,,2011 - 2012,1.03
,,2012 - 2013,1.04
,,2013 - 2014,1.25
,,2014 - 2015,1.01
,,2015 - 2016,1.05
,,2016 - 2017,1.1
,,2017 - 2018,1.03
,,2018 - 2019,1.06
,,2019 - 2020,1.07
,,2020 - 2021,1.05
,,2021 - 2022,1.06
,,2022 - 2023,1.06
,Purbi champaran,2000 - 2001,0.96
,,2001 - 2002,0.98
,,2002 - 2003,0.89
,,2003 - 2004,0.93
,,2004 - 2005,0.88
,,2005 - 2006,0.92
,,2006 - 2007,0.94
,,2007 - 2008,0.99
,,2008 - 2009,0.96
,,2009 - 2010,1.0
,,2010 - 2011,1.04
,,2011 - 2012,1.03
,,2012 - 2013,1.04
,,2013 - 2014,1.05
,,2014 - 2015,0.78
,,2015 - 2016,1.05
,,2016 - 2017,0.96
,,2017 - 2018,0.94
,,2018 - 2019,0.97
,,2019 - 2020,0.97
,,2020 - 2021,0.97
,,2021 - 2022,0.97
,,2022 - 2023,0.97
,Purnia,2000 - 2001,1.11
,,2001 - 2002,1.01
,,2002 - 2003,0.89
,,2003 - 2004,0.93
,,2004 - 2005,0.88
,,2005 - 2006,0.92
,,2006 - 2007,0.93
,,2007 - 2008,1.73
,,2008 - 2009,0.96
,,2009 - 2010,1.0
,,2010 - 2011,1.04
,,2011 - 2012,1.03
,,2012 - 2013,1.04
,,2013 - 2014,1.06
,,2014 - 2015,1.01
,,2015 - 2016,1.05
,,2016 - 2017,1.03
,,2017 - 2018,1.03
,,2019 - 2020,1.0
,,2020 - 2021,1.0
,,2021 - 2022,1.0
,,2022 - 2023,1.0
,Rohtas,2000 - 2001,1.05
,,2001 - 2002,0.98
,,2002 - 2003,0.87
,,2003 - 2004,0.94
,,2004 - 2005,0.78
,,2005 - 2006,0.91
,,2006 - 2007,0.93
,,2007 - 2008,0.93
,,2008 - 2009,0.96
,,2009 - 2010,1.0
,,2010 - 2011,1.04
,,2011 - 2012,1.03
,,2012 - 2013,1.04
,,2013 - 2014,1.25
,,2014 - 2015,1.01
,,2015 - 2016,1.05
,,2016 - 2017,1.1
,,2017 - 2018,1.03
,,2018 - 2019,1.06
,,2019 - 2020,1.07
,,2020 - 2021,1.05
,,2021 - 2022,1.06
,,2022 - 2023,1.07
,Saharsa,2000 - 2001,1.04
,,2001 - 2002,0.99
,,2002 - 2003,0.87
,,2003 - 2004,0.93
,,2004 - 2005,0.88
,,2005 - 2006,0.92
,,2006 - 2007,0.93
,,2007 - 2008,1.08
,,2008 - 2009,0.96
,,2009 - 2010,1.0
,,2010 - 2011,1.04
,,2011 - 2012,1.03
,,2012 - 2013,1.04
,,2013 - 2014,1.06
,,2014 - 2015,1.01
,,2015 - 2016,1.01
,,2016 - 2017,1.03
,,2017 - 2018,1.03
,,2018 - 2019,1.03
,,2019 - 2020,1.03
,,2020 - 2021,1.03
,,2021 - 2022,1.04
,,2022 - 2023,1.03
,Samastipur,2000 - 2001,0.97
,,2001 - 2002,0.84
,,2002 - 2003,0.9
,,2003 - 2004,0.88
,,2004 - 2005,1.05
,,2005 - 2006,0.92
,,2006 - 2007,0.93
,,2007 - 2008,1.08
,,2008 - 2009,0.96
,,2009 - 2010,1.0
,,2010 - 2011,1.04
,,2011 - 2012,1.03
,,2012 - 2013,1.04
,,2013 - 2014,1.06
,,2014 - 2015,1.01
,,2015 - 2016,1.05
,,2016 - 2017,1.04
,,2017 - 2018,1.03
,,2018 - 2019,1.04
,,2019 - 2020,1.04
,,2020 - 2021,1.04
,,2021 - 2022,1.04
,,2022 - 2023,1.04
,Saran,2000 - 2001,0.99
,,2001 - 2002,0.99
,,2002 - 2003,0.99
,,2003 - 2004,0.93
,,2004 - 2005,0.88
,,2005 - 2006,0.92
,,2006 - 2007,0.93
,,2007 - 2008,1.08
,,2008 - 2009,0.96
,,2009 - 2010,1.0
,,2010 - 2011,1.03
,,2011 - 2012,1.03
,,2012 - 2013,1.04
,,2013 - 2014,1.25
,,2014 - 2015,1.25
,,2015 - 2016,0.82
,,2016 - 2017,1.11
,,2017 - 2018,1.03
,,2018 - 2019,0.98
,,2019 - 2020,1.04
,,2020 - 2021,1.02
,,2021 - 2022,1.03
,,2022 - 2023,1.02
,Sheikhpura,2000 - 2001,0.86
,,2005 - 2006,0.97
,,2006 - 2007,0.93
,,2007 - 2008,0.99
,,2008 - 2009,0.96
,,2009 - 2010,1.0
,,2010 - 2011,1.03
,,2011 - 2012,1.04
,,2012 - 2013,1.05
,,2013 - 2014,1.06
,,2014 - 2015,1.01
,,2015 - 2016,1.17
,,2016 - 2017,0.96
,,2017 - 2018,1.18
,,2018 - 2019,1.11
,,2019 - 2020,1.08
,,2020 - 2021,1.12
,,2021 - 2022,1.1
,,2022 - 2023,1.34
,Sheohar,2000 - 2001,0.96
,,2005 - 2006,1.0
,,2006 - 2007,0.92
,,2009 - 2010,1.0
,,2010 - 2011,1.04
,,2011 - 2012,1.03
,,2012 - 2013,1.04
,,2013 - 2014,1.06
,,2014 - 2015,0.77
,,2015 - 2016,1.05
,,2016 - 2017,0.97
,,2017 - 2018,0.94
,,2018 - 2019,0.98
,,2019 - 2020,0.95
,,2020 - 2021,0.95
,,2021 - 2022,0.96
,,2022 - 2023,0.95
,Sitamarhi,2000 - 2001,0.96
,,2001 - 2002,0.98
,,2002 - 2003,0.89
,,2003 - 2004,0.93
,,2004 - 2005,0.88
,,2005 - 2006,0.92
,,2006 - 2007,0.94
,,2007 - 2008,0.99
,,2008 - 2009,0.96
,,2009 - 2010,1.0
,,2010 - 2011,1.04
,,2011 - 2012,1.0
,,2012 - 2013,1.06
,,2013 - 2014,1.06
,,2014 - 2015,0.8
,,2015 - 2016,1.07
,,2016 - 2017,0.94
,,2017 - 2018,0.94
,,2018 - 2019,1.0
,,2019 - 2020,0.94
,,2020 - 2021,0.94
,,2021 - 2022,0.94
,,2022 - 2023,0.93
,Siwan,2000 - 2001,0.99
,,2001 - 2002,0.99
,,2002 - 2003,0.99
,,2003 - 2004,0.93
,,2004 - 2005,0.88
,,2005 - 2006,0.92
,,2006 - 2007,0.93
,,2007 - 2008,1.08
,,2008 - 2009,0.96
,,2009 - 2010,1.0
,,2010 - 2011,1.03
,,2011 - 2012,1.03
,,2012 - 2013,1.04
,,2013 - 2014,1.25
,,2014 - 2015,1.25
,,2015 - 2016,0.82
,,2016 - 2017,1.11
,,2017 - 2018,1.03
,,2018 - 2019,0.98
,,2019 - 2020,1.04
,,2020 - 2021,1.02
,,2021 - 2022,1.02
,,2022 - 2023,1.03
,Supaul,2000 - 2001,1.04
,,2001 - 2002,0.99
,,2002 - 2003,0.87
,,2003 - 2004,0.93
,,2004 - 2005,0.88
,,2005 - 2006,0.92
,,2006 - 2007,0.93
,,2007 - 2008,1.08
,,2008 - 2009,0.96
,,2009 - 2010,1.0
,,2010 - 2011,1.03
,,2011 - 2012,1.03
,,2012 - 2013,1.04
,,2013 - 2014,1.06
,,2014 - 2015,1.01
,,2015 - 2016,1.01
,,2016 - 2017,1.03
,,2017 - 2018,1.03
,,2018 - 2019,1.02
,,2019 - 2020,1.03
,,2020 - 2021,1.03
,,2021 - 2022,1.04
,,2022 - 2023,1.03
,Vaishali,2000 - 2001,0.97
,,2001 - 2002,1.0
,,2002 - 2003,0.89
,,2003 - 2004,0.93
,,2004 - 2005,0.89
,,2005 - 2006,0.93
,,2006 - 2007,0.93
,,2007 - 2008,0.82
,,2008 - 2009,0.84
,,2009 - 2010,1.0
,,2010 - 2011,1.03
,,2011 - 2012,1.05
,,2012 - 2013,1.04
,,2013 - 2014,1.09
,,2014 - 2015,0.79
,,2016 - 2017,1.0
Chhattisgarh,Balod,2011 - 2012,0.33
,,2012 - 2013,0.29
,,2013 - 2014,0.29
,,2014 - 2015,0.33
,,2015 - 2016,0.27
,,2016 - 2017,0.33
,,2017 - 2018,0.35
,,2018 - 2019,0.36
,,2019 - 2020,0.36
,,2020 - 2021,0.38
,,2021 - 2022,0.33
,,2022 - 2023,0.38
,Baloda bazar,2011 - 2012,0.35
,,2012 - 2013,0.42
,,2013 - 2014,0.39
,,2014 - 2015,0.46
,,2015 - 2016,0.36
,,2016 - 2017,0.49
,,2017 - 2018,0.33
,,2018 - 2019,0.33
,,2019 - 2020,0.34
,,2020 - 2021,0.4
,,2021 - 2022,0.34
,,2022 - 2023,0.41
,Balrampur,2011 - 2012,0.36
,,2012 - 2013,0.54
,,2013 - 2014,0.35
,,2014 - 2015,0.43
,,2015 - 2016,0.4
,,2016 - 2017,0.44
,,2017 - 2018,0.45
,,2018 - 2019,0.4
,,2019 - 2020,0.45
,,2020 - 2021,0.49
,,2021 - 2022,0.44
,,2022 - 2023,0.41
,Bastar,2000 - 2001,0.29
,,2001 - 2002,0.32
,,2002 - 2003,0.28
,,2003 - 2004,0.29
,,2004 - 2005,0.3
,,2005 - 2006,0.22
,,2006 - 2007,0.32
,,2007 - 2008,0.29
,,2008 - 2009,0.29
,,2009 - 2010,0.28
,,2010 - 2011,0.33
,,2011 - 2012,0.26
,,2012 - 2013,0.29
,,2013 - 2014,0.28
,,2014 - 2015,0.28
,,2015 - 2016,0.15
,,2016 - 2017,0.34
,,2017 - 2018,0.31
,,2018 - 2019,0.33
,,2019 - 2020,0.33
,,2020 - 2021,0.34
,,2021 - 2022,0.33
,,2022 - 2023,0.36
,Bemetara,2011 - 2012,0.33
,,2012 - 2013,0.33
,,2013 - 2014,0.31
,,2014 - 2015,0.3
,,2015 - 2016,0.36
,,2016 - 2017,0.38
,,2017 - 2018,0.38
,,2018 - 2019,0.41
,,2019 - 2020,0.4
,,2020 - 2021,0.53
,,2021 - 2022,0.38
,,2022 - 2023,0.49
,Bilaspur,2000 - 2001,0.31
,,2001 - 2002,0.34
,,2002 - 2003,0.32
,,2003 - 2004,0.35
,,2004 - 2005,0.3
,,2005 - 2006,0.34
,,2006 - 2007,0.34
,,2007 - 2008,0.34
,,2008 - 2009,0.35
,,2009 - 2010,0.33
,,2010 - 2011,0.36
,,2011 - 2012,0.36
,,2012 - 2013,0.37
,,2013 - 2014,0.39
,,2014 - 2015,0.39
,,2015 - 2016,0.36
,,2016 - 2017,0.36
,,2017 - 2018,0.3
,,2018 - 2019,0.39
,,2019 - 2020,0.36
,,2020 - 2021,0.48
,,2021 - 2022,0.36
,,2022 - 2023,0.48
,Dantewada,2001 - 2002,0.0
,,2002 - 2003,0.25
,,2003 - 2004,0.33
,,2004 - 2005,0.0
,,2006 - 2007,0.5
,,2009 - 2010,0.0
,,2012 - 2013,0.0
,,2013 - 2014,0.0
,,2014 - 2015,0.17
,,2015 - 2016,0.11
,,2016 - 2017,0.33
,,2017 - 2018,0.17
,,2018 - 2019,0.33
,,2019 - 2020,0.0
,,2020 - 2021,0.0
,,2021 - 2022,0.5
,,2022 - 2023,0.5
,Dhamtari,2000 - 2001,0.39
,,2001 - 2002,0.39
,,2002 - 2003,0.39
,,2003 - 2004,0.39
,,2004 - 2005,0.33
,,2005 - 2006,0.39
,,2006 - 2007,0.39
,,2007 - 2008,0.39
,,2008 - 2009,0.39
,,2009 - 2010,0.39
,,2010 - 2011,0.39
,,2011 - 2012,0.39
,,2012 - 2013,0.39
,,2013 - 2014,0.39
,,2014 - 2015,0.39
,,2015 - 2016,0.41
,,2016 - 2017,0.41
,,2017 - 2018,0.41
,,2018 - 2019,0.41
,,2019 - 2020,0.43
,,2020 - 2021,0.46
,,2021 - 2022,0.44
,,2022 - 2023,0.44
,Durg,2000 - 2001,0.24
,,2001 - 2002,0.29
,,2002 - 2003,0.3
,,2003 - 2004,0.31
,,2004 - 2005,0.23
,,2005 - 2006,0.33
,,2006 - 2007,0.33
,,2007 - 2008,0.35
,,2008 - 2009,0.34
,,2009 - 2010,0.29
,,2010 - 2011,0.32
,,2011 - 2012,0.33
,,2012 - 2013,0.33
,,2013 - 2014,0.24
,,2014 - 2015,0.33
,,2015 - 2016,0.34
,,2016 - 2017,0.39
,,2017 - 2018,0.33
,,2018 - 2019,0.35
,,2019 - 2020,0.27
,,2020 - 2021,0.51
,,2021 - 2022,0.35
,,2022 - 2023,0.47
,Gariyaband,2011 - 2012,0.35
,,2012 - 2013,0.36
,,2013 - 2014,0.32
,,2014 - 2015,0.46
,,2015 - 2016,0.39
,,2016 - 2017,0.39
,,2017 - 2018,0.36
,,2018 - 2019,0.34
,,2019 - 2020,0.36
,,2020 - 2021,0.45
,,2021 - 2022,0.39
,,2022 - 2023,0.45
,Gaurella-pendra-marwahi,2019 - 2020,0.36
,,2020 - 2021,0.5
,,2021 - 2022,0.4
,,2022 - 2023,0.51
,Janjgir-champa,2000 - 2001,0.35
,,2001 - 2002,0.32
,,2002 - 2003,0.33
,,2003 - 2004,0.36
,,2004 - 2005,0.33
,,2005 - 2006,0.39
,,2006 - 2007,0.36
,,2007 - 2008,0.37
,,2008 - 2009,0.36
,,2009 - 2010,0.33
,,2010 - 2011,0.35
,,2011 - 2012,0.37
,,2012 - 2013,0.39
,,2013 - 2014,0.41
,,2014 - 2015,0.36
,,2015 - 2016,0.41
,,2016 - 2017,0.41
,,2017 - 2018,0.38
,,2018 - 2019,0.42
,,2019 - 2020,0.38
,,2020 - 2021,0.76
,,2021 - 2022,0.37
,,2022 - 2023,0.71
,Jashpur,2000 - 2001,0.34
,,2001 - 2002,0.34
,,2002 - 2003,0.33
,,2003 - 2004,0.35
,,2004 - 2005,0.34
,,2005 - 2006,0.31
,,2006 - 2007,0.34
,,2007 - 2008,0.33
,,2008 - 2009,0.34
,,2009 - 2010,0.36
,,2010 - 2011,0.34
,,2011 - 2012,0.36
,,2012 - 2013,0.35
,,2013 - 2014,0.36
,,2014 - 2015,0.36
,,2015 - 2016,0.39
,,2016 - 2017,0.38
,,2017 - 2018,0.36
,,2018 - 2019,0.34
,,2019 - 2020,0.34
,,2020 - 2021,0.36
,,2021 - 2022,0.37
,,2022 - 2023,0.38
,Kabirdham,2000 - 2001,0.13
,,2001 - 2002,0.31
,,2002 - 2003,0.29
,,2003 - 2004,0.28
,,2004 - 2005,0.24
,,2005 - 2006,0.27
,,2006 - 2007,0.27
,,2007 - 2008,0.27
,,2008 - 2009,0.27
,,2009 - 2010,0.27
,,2010 - 2011,0.32
,,2011 - 2012,0.33
,,2012 - 2013,0.35
,,2013 - 2014,0.35
,,2014 - 2015,0.32
,,2015 - 2016,0.32
,,2016 - 2017,0.41
,,2017 - 2018,0.32
,,2018 - 2019,0.33
,,2019 - 2020,0.35
,,2020 - 2021,0.26
,,2021 - 2022,0.35
,,2022 - 2023,0.37
,Kanker,2000 - 2001,0.25
,,2001 - 2002,0.28
,,2002 - 2003,0.23
,,2003 - 2004,0.38
,,2004 - 2005,0.28
,,2005 - 2006,0.31
,,2006 - 2007,0.33
,,2007 - 2008,0.33
,,2008 - 2009,0.29
,,2009 - 2010,0.28
,,2010 - 2011,0.33
,,2011 - 2012,0.27
,,2012 - 2013,0.26
,,2013 - 2014,0.24
,,2014 - 2015,0.26
,,2015 - 2016,0.26
,,2016 - 2017,0.29
,,2017 - 2018,0.24
,,2018 - 2019,0.27
,,2019 - 2020,0.26
,,2020 - 2021,0.34
,,2021 - 2022,0.28
,,2022 - 2023,0.31
,Khairgarh chhuikhadan gandai,2022 - 2023,1.1
,Kondagaon,2011 - 2012,0.27
,,2012 - 2013,0.28
,,2013 - 2014,0.27
,,2014 - 2015,0.28
,,2015 - 2016,0.31
,,2016 - 2017,0.31
,,2017 - 2018,0.28
,,2018 - 2019,0.36
,,2019 - 2020,0.34
,,2020 - 2021,0.49
,,2021 - 2022,0.3
,,2022 - 2023,0.49
,Korba,2000 - 2001,0.3
,,2001 - 2002,0.36
,,2002 - 2003,0.29
,,2003 - 2004,0.3
,,2004 - 2005,0.25
,,2005 - 2006,0.29
,,2006 - 2007,0.25
,,2007 - 2008,0.27
,,2008 - 2009,0.36
,,2009 - 2010,0.33
,,2010 - 2011,0.33
,,2011 - 2012,0.3
,,2012 - 2013,0.33
,,2013 - 2014,0.3
,,2014 - 2015,0.36
,,2015 - 2016,0.27
,,2016 - 2017,0.36
,,2017 - 2018,0.36
,,2018 - 2019,0.33
,,2019 - 2020,0.36
,,2020 - 2021,0.34
,,2021 - 2022,0.34
,,2022 - 2023,0.33
,Korea,2000 - 2001,0.44
,,2001 - 2002,0.4
,,2002 - 2003,0.26
,,2003 - 2004,0.39
,,2004 - 2005,0.34
,,2005 - 2006,0.36
,,2006 - 2007,0.35
,,2007 - 2008,0.33
,,2008 - 2009,0.44
,,2009 - 2010,0.36
,,2010 - 2011,0.29
,,2011 - 2012,0.43
,,2012 - 2013,0.38
,,2014 - 2015,0.4
,,2015 - 2016,0.33
,,2016 - 2017,0.43
,,2017 - 2018,0.4
,,2018 - 2019,0.25
,,2019 - 2020,0.43
,,2020 - 2021,0.39
,,2021 - 2022,0.37
,,2022 - 2023,0.4
,Mahasamund,2000 - 2001,0.4
,,2001 - 2002,0.4
,,2002 - 2003,0.32
,,2003 - 2004,0.33
,,2004 - 2005,0.31
,,2005 - 2006,0.33
,,2006 - 2007,0.33
,,2007 - 2008,0.34
,,2008 - 2009,0.33
,,2009 - 2010,0.44
,,2010 - 2011,0.49
,,2011 - 2012,0.49
,,2012 - 2013,0.53
,,2013 - 2014,0.53
,,2014 - 2015,0.53
,,2015 - 2016,0.52
,,2016 - 2017,0.49
,,2017 - 2018,0.53
,,2018 - 2019,0.56
,,2019 - 2020,0.45
,,2020 - 2021,0.57
,,2021 - 2022,0.73
,,2022 - 2023,0.58
,Manendragarh chirimiri bharatpur,2022 - 2023,0.41
,Mohla manpur ambagarh chouki,2022 - 2023,0.47
,Mungeli,2011 - 2012,0.36
,,2012 - 2013,0.39
,,2013 - 2014,0.39
,,2014 - 2015,0.37
,,2015 - 2016,0.4
,,2016 - 2017,0.39
,,2017 - 2018,0.3
,,2018 - 2019,0.36
,,2019 - 2020,0.36
,,2020 - 2021,0.37
,,2021 - 2022,0.36
,,2022 - 2023,0.37
,Narayanpur,2006 - 2007,0.0
,,2007 - 2008,0.29
,,2008 - 2009,0.29
,,2009 - 2010,0.31
,,2010 - 2011,0.31
,,2011 - 2012,0.2
,,2012 - 2013,0.25
,,2013 - 2014,0.27
,,2014 - 2015,0.33
,,2015 - 2016,0.25
,,2016 - 2017,0.25
,,2017 - 2018,0.27
,,2018 - 2019,0.29
,,2019 - 2020,0.23
,,2020 - 2021,0.29
,,2021 - 2022,0.25
,,2022 - 2023,0.29
,Raigarh,2000 - 2001,0.33
,,2001 - 2002,0.36
,,2002 - 2003,0.34
,,2003 - 2004,0.37
,,2004 - 2005,0.33
,,2005 - 2006,0.34
,,2006 - 2007,0.34
,,2007 - 2008,0.36
,,2008 - 2009,0.36
,,2009 - 2010,0.3
,,2010 - 2011,0.37
,,2011 - 2012,0.36
,,2012 - 2013,0.38
,,2013 - 2014,0.37
,,2014 - 2015,0.39
,,2015 - 2016,0.39
,,2016 - 2017,0.39
,,2017 - 2018,0.39
,,2018 - 2019,0.37
,,2019 - 2020,0.37
,,2020 - 2021,0.4
,,2021 - 2022,0.37
,,2022 - 2023,0.37
,Raipur,2000 - 2001,0.43
,,2001 - 2002,0.42
,,2002 - 2003,0.36
,,2003 - 2004,0.36
,,2004 - 2005,0.29
,,2005 - 2006,0.34
,,2006 - 2007,0.34
,,2007 - 2008,0.34
,,2008 - 2009,0.34
,,2009 - 2010,0.35
,,2010 - 2011,0.37
,,2011 - 2012,0.35
,,2012 - 2013,0.42
,,2013 - 2014,0.39
,,2014 - 2015,0.46
,,2015 - 2016,0.42
,,2016 - 2017,0.49
,,2017 - 2018,0.46
,,2018 - 2019,0.49
,,2019 - 2020,0.49
,,2020 - 2021,0.63
,,2021 - 2022,0.45
,,2022 - 2023,0.68
,Rajnandgaon,2000 - 2001,0.29
,,2001 - 2002,0.3
,,2002 - 2003,0.24
,,2003 - 2004,0.3
,,2004 - 2005,0.29
,,2005 - 2006,0.3
,,2006 - 2007,0.29
,,2007 - 2008,0.29
,,2008 - 2009,0.28
,,2009 - 2010,0.28
,,2010 - 2011,0.32
,,2011 - 2012,0.32
,,2012 - 2013,0.3
,,2013 - 2014,0.35
,,2014 - 2015,0.32
,,2015 - 2016,0.33
,,2016 - 2017,0.35
,,2017 - 2018,0.38
,,2018 - 2019,0.38
,,2019 - 2020,0.35
,,2020 - 2021,0.47
,,2021 - 2022,0.35
,,2022 - 2023,0.47
,Sakti,2022 - 2023,0.77
,Sarangarh bilaigarh,2022 - 2023,0.43
,Sukma,2019 - 2020,0.45
,,2020 - 2021,0.45
,,2021 - 2022,0.43
,,2022 - 2023,0.45
,Surajpur,2011 - 2012,0.35
,,2012 - 2013,0.46
,,2013 - 2014,0.43
,,2014 - 2015,0.43
,,2015 - 2016,0.43
,,2016 - 2017,0.43
,,2017 - 2018,0.47
,,2018 - 2019,0.51
,,2019 - 2020,0.54
,,2020 - 2021,0.51
,,2021 - 2022,0.53
,,2022 - 2023,0.51
,Surguja,2000 - 2001,0.44
,,2001 - 2002,0.44
,,2002 - 2003,0.41
,,2003 - 2004,0.45
,,2004 - 2005,0.42
,,2005 - 2006,0.42
,,2006 - 2007,0.43
,,2007 - 2008,0.43
,,2008 - 2009,0.43
,,2009 - 2010,0.4
,,2010 - 2011,0.29
,,2011 - 2012,0.36
,,2012 - 2013,0.35
,,2013 - 2014,0.45
,,2014 - 2015,0.47
,,2015 - 2016,0.5
,,2016 - 2017,0.42
,,2017 - 2018,0.47
,,2018 - 2019,0.47
,,2019 - 2020,0.43
,,2020 - 2021,0.5
,,2021 - 2022,0.47
,,2022 - 2023,0.52
Haryana,Ambala,2000 - 2001,1.64
,,2001 - 2002,1.82
,,2002 - 2003,0.0
,,2003 - 2004,0.72
,,2004 - 2005,0.0
,,2005 - 2006,0.0
,,2007 - 2008,0.0
,,2008 - 2009,0.0
,,2009 - 2010,0.0
,,2011 - 2012,0.0
,,2012 - 2013,1.19
,,2013 - 2014,
,,2014 - 2015,
,,2015 - 2016,
,,2016 - 2017,
,,2017 - 2018,
,,2018 - 2019,1.0
,,2019 - 2020,1.0
,,2020 - 2021,1.0
,,2021 - 2022,2.0
,Bhiwani,2001 - 2002,0.0
,,2002 - 2003,0.0
,,2003 - 2004,0.0
,,2004 - 2005,0.0
,,2005 - 2006,0.0
,,2007 - 2008,0.0
,,2008 - 2009,0.0
,,2013 - 2014,
,,2014 - 2015,
,,2015 - 2016,
,,2016 - 2017,
,,2017 - 2018,
,,2018 - 2019,1.1
,,2019 - 2020,1.0
,,2020 - 2021,1.0
,,2021 - 2022,1.0
,Charki dadri,2018 - 2019,
,,2019 - 2020,
,,2021 - 2022,0.0
,Faridabad,2000 - 2001,0.0
,,2001 - 2002,0.0
,,2002 - 2003,0.0
,,2003 - 2004,0.0
,,2004 - 2005,0.0
,,2005 - 2006,0.0
,,2006 - 2007,0.0
,,2007 - 2008,0.0
,,2011 - 2012,0.0
,,2013 - 2014,
,,2014 - 2015,
,,2015 - 2016,
,,2016 - 2017,
,,2017 - 2018,
,,2018 - 2019,1.09
,,2019 - 2020,1.0
,,2020 - 2021,1.0
,,2021 - 2022,0.95
,Fatehabad,2000 - 2001,1.85
,,2001 - 2002,0.0
,,2002 - 2003,0.0
,,2003 - 2004,3.45
,,2004 - 2005,4.17
,,2005 - 2006,1.85
,,2006 - 2007,1.82
,,2007 - 2008,2.94
,,2008 - 2009,0.0
,,2009 - 2010,0.0
,,2010 - 2011,1.28
,,2011 - 2012,0.0
,,2012 - 2013,1.3
,,2013 - 2014,1.0
,,2014 - 2015,1.0
,,2015 - 2016,2.0
,,2016 - 2017,1.5
,,2017 - 2018,1.3
,,2018 - 2019,1.35
,,2019 - 2020,1.5
,,2020 - 2021,1.5
,,2021 - 2022,1.5
,Gurgaon,2000 - 2001,0.49
,,2010 - 2011,0.0
,,2013 - 2014,
,,2014 - 2015,
,,2015 - 2016,
,,2016 - 2017,
,,2017 - 2018,
,,2018 - 2019,1.11
,,2019 - 2020,
,,2020 - 2021,0.95
,,2021 - 2022,0.95
,Hisar,2001 - 2002,1.56
,,2003 - 2004,0.0
,,2005 - 2006,0.87
,,2006 - 2007,1.55
,,2007 - 2008,0.0
,,2008 - 2009,1.64
,,2009 - 2010,2.0
,,2013 - 2014,
,,2014 - 2015,
,,2015 - 2016,
,,2016 - 2017,
,,2017 - 2018,
,,2018 - 2019,
,,2019 - 2020,
,Jhajjar,2000 - 2001,1.16
,,2001 - 2002,0.91
,,2002 - 2003,1.19
,,2003 - 2004,0.76
,,2004 - 2005,0.0
,,2005 - 2006,0.0
,,2006 - 2007,1.28
,,2007 - 2008,1.33
,,2011 - 2012,0.0
,,2012 - 2013,1.0
,,2013 - 2014,
,,2014 - 2015,
,,2015 - 2016,
,,2016 - 2017,
,,2017 - 2018,1.0
,,2018 - 2019,
,,2019 - 2020,1.0
,,2020 - 2021,1.0
,,2021 - 2022,1.0
,Jind,2001 - 2002,0.0
,,2013 - 2014,
,,2014 - 2015,
,,2015 - 2016,
,,2016 - 2017,
,,2017 - 2018,1.2
,,2018 - 2019,1.14
,,2019 - 2020,1.1
,,2020 - 2021,1.1
,,2021 - 2022,1.1
,Kaithal,2009 - 2010,1.2
,,2013 - 2014,
,,2014 - 2015,
,,2015 - 2016,
,,2016 - 2017,1.5
,,2017 - 2018,1.2
,,2018 - 2019,1.09
,,2019 - 2020,1.5
,,2020 - 2021,1.5
,,2021 - 2022,1.5
,Karnal,2000 - 2001,1.56
,,2001 - 2002,1.49
,,2002 - 2003,1.18
,,2003 - 2004,1.22
,,2004 - 2005,1.2
,,2005 - 2006,1.1
,,2006 - 2007,1.4
,,2007 - 2008,1.25
,,2008 - 2009,1.7
,,2009 - 2010,1.19
,,2010 - 2011,2.25
,,2011 - 2012,1.73
,,2012 - 2013,1.5
,,2013 - 2014,1.5
,,2014 - 2015,2.0
,,2015 - 2016,1.0
,,2016 - 2017,1.0
,,2017 - 2018,1.23
,,2018 - 2019,1.2
,,2019 - 2020,1.0
,,2020 - 2021,1.0
,,2021 - 2022,1.0
,Kurukshetra,2001 - 2002,1.01
,,2002 - 2003,1.62
,,2005 - 2006,1.28
,,2006 - 2007,1.3
,,2007 - 2008,0.0
,,2008 - 2009,1.22
,,2009 - 2010,1.04
,,2010 - 2011,1.05
,,2012 - 2013,1.1
,,2013 - 2014,1.5
,,2014 - 2015,2.0
,,2015 - 2016,1.25
,,2016 - 2017,1.4
,,2017 - 2018,1.43
,,2018 - 2019,1.47
,,2019 - 2020,1.4
,,2020 - 2021,1.4
,,2021 - 2022,1.4
,Mahendragarh,2001 - 2002,0.0
,,2002 - 2003,0.0
,,2003 - 2004,0.0
,,2004 - 2005,0.0
,,2009 - 2010,0.65
,,2010 - 2011,0.58
,,2013 - 2014,0.5
,,2014 - 2015,2.0
,,2015 - 2016,1.4
,,2016 - 2017,1.4
,,2017 - 2018,1.25
,,2018 - 2019,1.3
,,2019 - 2020,1.4
,,2020 - 2021,1.4
,,2021 - 2022,1.4
,Mewat,2005 - 2006,0.0
,,2006 - 2007,0.0
,,2007 - 2008,0.0
,,2008 - 2009,0.0
,,2009 - 2010,0.0
,,2010 - 2011,0.0
,,2013 - 2014,
,,2015 - 2016,
,,2016 - 2017,
,,2017 - 2018,
,,2018 - 2019,0.05
,,2019 - 2020,
,Palwal,2009 - 2010,0.0
,,2013 - 2014,
,,2014 - 2015,
,,2015 - 2016,
,,2016 - 2017,
,,2017 - 2018,
,,2018 - 2019,
,,2019 - 2020,
,,2020 - 2021,1.0
,Panchkula,2001 - 2002,0.0
,,2002 - 2003,0.0
,,2003 - 2004,0.0
,,2004 - 2005,0.0
,,2005 - 2006,0.0
,,2007 - 2008,0.9
,,2009 - 2010,0.0
,,2011 - 2012,0.0
,,2012 - 2013,1.25
,,2013 - 2014,
,,2014 - 2015,
,,2015 - 2016,
,,2016 - 2017,
,,2017 - 2018,
,,2018 - 2019,1.0
,,2019 - 2020,
,,2021 - 2022,0.0
,Panipat,2000 - 2001,1.04
,,2001 - 2002,1.28
,,2002 - 2003,1.23
,,2003 - 2004,4.17
,,2006 - 2007,1.14
,,2007 - 2008,1.53
,,2008 - 2009,1.08
,,2009 - 2010,1.42
,,2010 - 2011,1.3
,,2011 - 2012,0.92
,,2012 - 2013,1.5
,,2013 - 2014,1.67
,,2014 - 2015,2.0
,,2015 - 2016,1.25
,,2016 - 2017,
,,2017 - 2018,
,,2018 - 2019,1.25
,,2019 - 2020,1.4
,,2020 - 2021,1.4
,,2021 - 2022,1.4
,Rewari,2001 - 2002,0.0
,,2004 - 2005,0.0
,,2006 - 2007,0.0
,,2007 - 2008,0.0
,,2008 - 2009,0.45
,,2009 - 2010,0.61
,,2010 - 2011,0.5
,,2011 - 2012,0.61
,,2013 - 2014,
,,2014 - 2015,1.0
,,2015 - 2016,
,,2016 - 2017,1.0
,,2017 - 2018,1.18
,,2018 - 2019,1.25
,,2019 - 2020,1.0
,,2020 - 2021,1.0
,,2021 - 2022,1.0
,Rohtak,2000 - 2001,0.0
,,2001 - 2002,0.0
,,2009 - 2010,0.0
,,2010 - 2011,0.0
,,2013 - 2014,
,,2014 - 2015,
,,2015 - 2016,
,,2016 - 2017,
,,2017 - 2018,
,,2019 - 2020,
,Sirsa,2006 - 2007,0.0
,,2007 - 2008,0.0
,,2009 - 2010,0.0
,,2010 - 2011,0.0
,,2013 - 2014,
,,2014 - 2015,
,,2015 - 2016,
,,2016 - 2017,1.0
,,2017 - 2018,1.2
,,2018 - 2019,0.6
,,2019 - 2020,1.0
,,2020 - 2021,1.0
,,2021 - 2022,1.0
,Sonipat,2000 - 2001,1.29
,,2002 - 2003,1.17
,,2003 - 2004,1.39
,,2004 - 2005,1.39
,,2005 - 2006,1.5
,,2007 - 2008,2.0
,,2008 - 2009,0.0
,,2009 - 2010,1.28
,,2010 - 2011,0.0
,,2011 - 2012,0.0
,,2013 - 2014,
,,2014 - 2015,
,,2015 - 2016,
,,2016 - 2017,
,,2017 - 2018,
,,2018 - 2019,
,,2019 - 2020,1.0
,,2020 - 2021,1.0
,Yamunanagar,2000 - 2001,0.0
,,2002 - 2003,2.27
,,2003 - 2004,0.0
,,2004 - 2005,0.0
,,2005 - 2006,2.04
,,2007 - 2008,0.0
,,2008 - 2009,0.0
,,2009 - 2010,0.0
,,2010 - 2011,0.0
,,2011 - 2012,0.0
,,2012 - 2013,1.04
,,2013 - 2014,
,,2014 - 2015,
,,2015 - 2016,
,,2016 - 2017,
,,2017 - 2018,
,,2018 - 2019,1.21
,,2019 - 2020,1.4
,,2020 - 2021,1.4
,,2021 - 2022,0.0
Himachal Pradesh,Bilaspur,2000 - 2001,
,,2001 - 2002,
,,2002 - 2003,
,,2005 - 2006,0.88
,,2006 - 2007,0.45
,,2007 - 2008,
,,2008 - 2009,0.0
,,2009 - 2010,1.5
,,2010 - 2011,2.13
,,2011 - 2012,1.0
,,2012 - 2013,1.0
,,2013 - 2014,0.0
,,2014 - 2015,0.0
,,2015 - 2016,2.25
,,2016 - 2017,0.0
,,2017 - 2018,2.25
,,2018 - 2019,2.25
,,2019 - 2020,2.0
,,2020 - 2021,1.0
,,2021 - 2022,1.0
,Chamba,2001 - 2002,
,,2002 - 2003,
,,2006 - 2007,0.81
,,2007 - 2008,
,,2008 - 2009,1.51
,,2009 - 2010,1.27
,,2010 - 2011,3.13
,,2011 - 2012,1.56
,,2012 - 2013,4.16
,,2013 - 2014,0.25
,,2014 - 2015,0.58
,,2015 - 2016,2.11
,,2016 - 2017,1.82
,,2017 - 2018,2.17
,,2018 - 2019,2.17
,,2019 - 2020,2.07
,,2020 - 2021,2.62
,,2021 - 2022,
,,2022 - 2023,2.62
,Hamirpur,2011 - 2012,
,,2012 - 2013,
,,2013 - 2014,
,,2014 - 2015,
,,2015 - 2016,
,Kangra,2000 - 2001,
,,2001 - 2002,
,,2002 - 2003,
,,2005 - 2006,1.07
,,2006 - 2007,1.56
,,2007 - 2008,
,,2008 - 2009,1.35
,,2009 - 2010,1.38
,,2010 - 2011,1.07
,,2011 - 2012,0.8
,,2012 - 2013,1.88
,,2013 - 2014,0.29
,,2014 - 2015,0.37
,,2015 - 2016,2.37
,,2016 - 2017,1.05
,,2017 - 2018,2.32
,,2018 - 2019,2.32
,,2019 - 2020,2.1
,Kinnaur,2000 - 2001,
,,2001 - 2002,
,,2002 - 2003,
,,2005 - 2006,0.62
,,2006 - 2007,0.64
,,2007 - 2008,
,,2008 - 2009,0.64
,,2009 - 2010,1.18
,,2010 - 2011,1.42
,,2011 - 2012,1.13
,,2012 - 2013,0.93
,,2013 - 2014,
,,2014 - 2015,
,,2015 - 2016,2.13
,,2016 - 2017,0.53
,,2017 - 2018,2.12
,,2018 - 2019,2.12
,,2019 - 2020,1.98
,,2020 - 2021,3.61
,,2021 - 2022,3.53
,,2022 - 2023,3.59
,Kullu,2000 - 2001,
,,2001 - 2002,
,,2002 - 2003,
,,2005 - 2006,1.2
,,2006 - 2007,1.25
,,2007 - 2008,
,,2008 - 2009,0.56
,,2009 - 2010,1.2
,,2010 - 2011,1.27
,,2011 - 2012,1.8
,,2012 - 2013,1.11
,,2013 - 2014,
,,2014 - 2015,
,,2015 - 2016,2.07
,,2016 - 2017,0.42
,,2017 - 2018,1.98
,,2018 - 2019,1.98
,,2019 - 2020,1.97
,,2020 - 2021,
,,2021 - 2022,2.6
,,2022 - 2023,0.0
,Lahul and spiti,2000 - 2001,
,,2001 - 2002,
,,2002 - 2003,
,,2005 - 2006,5.5
,,2006 - 2007,5.55
,,2007 - 2008,
,,2008 - 2009,5.55
,,2009 - 2010,1.94
,,2010 - 2011,5.98
,,2011 - 2012,1.82
,,2012 - 2013,2.02
,,2013 - 2014,0.33
,,2014 - 2015,0.36
,,2015 - 2016,2.22
,,2016 - 2017,5.98
,,2017 - 2018,2.22
,,2018 - 2019,2.32
,,2019 - 2020,2.32
,,2020 - 2021,
,Mandi,2000 - 2001,
,,2002 - 2003,
,,2006 - 2007,1.96
,,2007 - 2008,
,,2008 - 2009,0.31
,,2009 - 2010,1.23
,,2010 - 2011,1.04
,,2011 - 2012,1.44
,,2012 - 2013,1.75
,,2013 - 2014,
,,2014 - 2015,0.21
,,2015 - 2016,2.31
,,2016 - 2017,0.29
,,2017 - 2018,2.05
,,2018 - 2019,2.03
,,2019 - 2020,1.96
,,2020 - 2021,1.98
,,2021 - 2022,1.98
,,2022 - 2023,1.98
,Shimla,2002 - 2003,
,,2007 - 2008,
,,2008 - 2009,0.62
,,2009 - 2010,1.23
,,2010 - 2011,2.84
,,2011 - 2012,0.67
,,2012 - 2013,0.67
,,2013 - 2014,
,,2014 - 2015,0.49
,,2015 - 2016,1.83
,,2016 - 2017,0.67
,,2017 - 2018,2.17
,,2018 - 2019,2.17
,,2019 - 2020,2.14
,,2020 - 2021,3.51
,,2021 - 2022,3.52
,,2022 - 2023,3.52
,Sirmaur,2000 - 2001,
,,2001 - 2002,
,,2002 - 2003,
,,2005 - 2006,0.39
,,2006 - 2007,0.39
,,2007 - 2008,
,,2008 - 2009,0.29
,,2009 - 2010,1.14
,,2010 - 2011,1.17
,,2011 - 2012,1.59
,,2012 - 2013,1.08
,,2013 - 2014,
,,2014 - 2015,
,,2015 - 2016,2.45
,,2016 - 2017,0.29
,,2017 - 2018,2.45
,,2018 - 2019,2.45
,,2019 - 2020,2.35
,,2020 - 2021,0.66
,,2021 - 2022,1.75
,,2022 - 2023,0.66
,Solan,2000 - 2001,
,,2001 - 2002,
,,2002 - 2003,
,,2005 - 2006,0.27
,,2006 - 2007,0.52
,,2007 - 2008,
,,2008 - 2009,0.52
,,2009 - 2010,1.19
,,2010 - 2011,1.15
,,2011 - 2012,2.55
,,2012 - 2013,1.78
,,2013 - 2014,0.4
,,2014 - 2015,0.21
,,2015 - 2016,2.14
,,2016 - 2017,0.54
,,2017 - 2018,1.9
,,2018 - 2019,1.79
,,2019 - 2020,1.8
,,2020 - 2021,3.71
,,2021 - 2022,3.74
,,2022 - 2023,3.7
,Una,2000 - 2001,
,,2001 - 2002,
,,2002 - 2003,
,,2005 - 2006,0.86
,,2006 - 2007,2.0
,,2007 - 2008,
,,2008 - 2009,1.0
,,2009 - 2010,1.41
,,2010 - 2011,1.09
,,2011 - 2012,1.0
,,2012 - 2013,0.94
,,2013 - 2014,0.0
,,2014 - 2015,0.4
,,2015 - 2016,1.0
,,2016 - 2017,1.0
,,2017 - 2018,1.0
,,2018 - 2019,1.0
,,2019 - 2020,2.0
,,2020 - 2021,3.67
,,2021 - 2022,3.56
,,2022 - 2023,3.56
Jammu and Kashmir,Anantnag,2003 - 2004,1.53
,,2006 - 2007,0.7
,,2007 - 2008,0.7
,,2008 - 2009,0.7
,,2009 - 2010,0.71
,,2010 - 2011,0.71
,,2011 - 2012,0.71
,,2012 - 2013,0.71
,,2013 - 2014,0.71
,,2015 - 2016,0.69
,,2016 - 2017,0.69
,,2017 - 2018,0.69
,,2018 - 2019,0.67
,,2019 - 2020,0.67
,,2020 - 2021,0.67
,,2021 - 2022,0.67
,,2022 - 2023,0.67
,Badgam,2001 - 2002,1.19
,,2002 - 2003,1.2
,,2003 - 2004,1.2
,,2004 - 2005,1.2
,,2006 - 2007,1.2
,,2007 - 2008,1.2
,,2008 - 2009,1.2
,,2009 - 2010,1.2
,,2010 - 2011,1.2
,,2011 - 2012,1.2
,,2012 - 2013,1.2
,,2013 - 2014,1.2
,,2015 - 2016,1.18
,,2016 - 2017,1.18
,,2017 - 2018,1.18
,,2018 - 2019,1.18
,,2019 - 2020,1.18
,,2020 - 2021,1.18
,,2021 - 2022,1.18
,,2022 - 2023,1.18
,Bandipora,2007 - 2008,
,,2009 - 2010,
,,2010 - 2011,
,,2011 - 2012,
,,2015 - 2016,0.68
,,2016 - 2017,0.68
,,2017 - 2018,0.68
,,2018 - 2019,0.68
,,2019 - 2020,0.68
,,2020 - 2021,0.68
,,2021 - 2022,0.68
,,2022 - 2023,0.68
,Baramulla,2003 - 2004,0.7
,,2004 - 2005,0.71
,,2006 - 2007,0.7
,,2007 - 2008,0.7
,,2008 - 2009,0.7
,,2009 - 2010,0.72
,,2010 - 2011,0.72
,,2011 - 2012,0.72
,,2012 - 2013,0.72
,,2013 - 2014,0.72
,,2015 - 2016,0.9
,,2018 - 2019,
,,2019 - 2020,
,Doda,2001 - 2002,0.6
,,2002 - 2003,0.6
,,2003 - 2004,0.6
,,2004 - 2005,0.6
,,2005 - 2006,
,,2006 - 2007,0.6
,,2007 - 2008,0.6
,,2008 - 2009,0.6
,,2009 - 2010,0.6
,,2010 - 2011,0.6
,,2011 - 2012,0.6
,,2012 - 2013,0.6
,,2013 - 2014,0.6
,,2015 - 2016,0.6
,,2016 - 2017,0.6
,,2017 - 2018,0.6
,,2018 - 2019,0.6
,,2019 - 2020,0.6
,,2020 - 2021,0.6
,,2021 - 2022,0.6
,,2022 - 2023,0.6
,Ganderbal,2021 - 2022,0.35
,,2022 - 2023,0.35
,Jammu,2001 - 2002,1.85
,,2002 - 2003,1.85
,,2003 - 2004,1.86
,,2004 - 2005,1.82
,,2006 - 2007,1.86
,,2007 - 2008,1.86
,,2008 - 2009,1.86
,,2009 - 2010,1.86
,,2010 - 2011,0.48
,,2011 - 2012,0.49
,,2012 - 2013,0.49
,,2013 - 2014,0.49
,,2015 - 2016,0.48
,,2016 - 2017,0.48
,,2018 - 2019,0.48
,,2019 - 2020,0.48
,,2020 - 2021,0.48
,,2022 - 2023,26.36
,Kargil,2001 - 2002,0.78
,,2002 - 2003,0.78
,,2003 - 2004,0.78
,,2004 - 2005,0.78
,,2006 - 2007,0.78
,,2007 - 2008,0.78
,,2008 - 2009,0.78
,,2009 - 2010,0.78
,,2010 - 2011,0.78
,,2011 - 2012,0.78
,,2012 - 2013,0.78
,,2013 - 2014,0.78
,,2015 - 2016,0.78
,,2016 - 2017,0.78
,,2017 - 2018,0.78
,,2018 - 2019,0.78
,Kathua,2001 - 2002,0.5
,,2003 - 2004,0.75
,,2004 - 2005,0.67
,,2006 - 2007,0.7
,,2007 - 2008,0.7
,,2008 - 2009,0.7
,,2009 - 2010,0.72
,,2010 - 2011,0.7
,,2011 - 2012,0.7
,,2012 - 2013,0.7
,,2013 - 2014,0.7
,,2015 - 2016,0.7
,,2016 - 2017,0.7
,,2017 - 2018,0.7
,,2018 - 2019,0.7
,,2019 - 2020,0.7
,,2020 - 2021,0.7
,,2021 - 2022,0.7
,,2022 - 2023,0.7
,Kishtwar,2007 - 2008,0.6
,,2008 - 2009,0.6
,,2009 - 2010,
,,2010 - 2011,
,,2011 - 2012,
,,2012 - 2013,0.55
,,2013 - 2014,0.55
,,2014 - 2015,
,,2015 - 2016,
,,2016 - 2017,
,,2017 - 2018,
,,2018 - 2019,
,,2019 - 2020,
,,2020 - 2021,
,Kulgam,2007 - 2008,0.7
,,2008 - 2009,0.7
,,2009 - 2010,0.71
,,2010 - 2011,0.71
,,2011 - 2012,0.71
,,2012 - 2013,0.71
,,2013 - 2014,0.71
,,2015 - 2016,0.78
,,2016 - 2017,0.78
,,2017 - 2018,0.78
,,2018 - 2019,0.78
,,2019 - 2020,0.78
,,2020 - 2021,0.78
,,2021 - 2022,0.78
,,2022 - 2023,0.78
,Leh ladakh,2001 - 2002,0.49
,,2002 - 2003,0.49
,,2003 - 2004,0.49
,,2004 - 2005,0.49
,,2006 - 2007,0.49
,,2007 - 2008,0.49
,,2008 - 2009,0.49
,,2009 - 2010,0.49
,,2010 - 2011,0.78
,,2011 - 2012,0.78
,,2012 - 2013,0.78
,,2013 - 2014,0.78
,,2015 - 2016,0.78
,,2016 - 2017,0.78
,,2017 - 2018,0.78
,,2018 - 2019,0.78
,Poonch,2020 - 2021,0.6
,,2021 - 2022,0.6
,Pulwama,2001 - 2002,0.69
,,2002 - 2003,0.7
,,2003 - 2004,0.7
,,2004 - 2005,0.7
,,2006 - 2007,0.7
,,2007 - 2008,0.7
,,2008 - 2009,0.7
,,2009 - 2010,0.7
,,2010 - 2011,0.7
,,2011 - 2012,0.7
,,2012 - 2013,0.7
,,2013 - 2014,0.7
,,2015 - 2016,0.7
,,2016 - 2017,0.7
,,2017 - 2018,0.7
,,2018 - 2019,0.7
,,2019 - 2020,0.7
,,2020 - 2021,0.7
,,2021 - 2022,0.7
,,2022 - 2023,0.7
,Rajauri,2001 - 2002,0.57
,,2002 - 2003,0.73
,,2003 - 2004,0.8
,,2004 - 2005,0.67
,,2006 - 2007,0.7
,,2007 - 2008,0.7
,,2015 - 2016,
,,2017 - 2018,0.48
,Ramban,2015 - 2016,0.6
,Reasi,2007 - 2008,0.7
,,2012 - 2013,0.6
,,2013 - 2014,0.6
,Samba,2008 - 2009,1.86
,,2009 - 2010,1.87
,,2015 - 2016,0.6
,,2016 - 2017,0.6
,Shopian,2007 - 2008,0.7
,,2008 - 2009,0.7
,,2009 - 2010,0.7
,,2010 - 2011,0.7
,,2011 - 2012,0.7
,,2012 - 2013,0.7
,,2013 - 2014,0.7
,Srinagar,2001 - 2002,0.59
,,2002 - 2003,0.6
,,2003 - 2004,0.6
,,2004 - 2005,0.6
,,2006 - 2007,0.6
,,2007 - 2008,0.6
,,2008 - 2009,0.6
,,2009 - 2010,0.6
,,2010 - 2011,0.6
,,2011 - 2012,0.6
,,2012 - 2013,0.6
,,2013 - 2014,0.6
,,2015 - 2016,0.6
,,2016 - 2017,0.6
,,2017 - 2018,0.6
,,2018 - 2019,0.6
,,2019 - 2020,0.6
,,2020 - 2021,0.6
,,2021 - 2022,0.6
,,2022 - 2023,0.6
,Udhampur,2001 - 2002,0.5
,,2002 - 2003,0.7
,,2004 - 2005,0.5
,,2006 - 2007,0.7
,,2007 - 2008,0.7
,,2008 - 2009,0.7
,,2009 - 2010,0.75
,,2011 - 2012,
,,2014 - 2015,
,,2015 - 2016,0.6
,,2016 - 2017,0.6
,,2017 - 2018,0.6
,,2018 - 2019,0.6
,,2019 - 2020,0.6
,,2020 - 2021,0.6
,,2021 - 2022,0.6
,,2022 - 2023,0.6
Jharkhand,Bokaro,2017 - 2018,1.18
,,2018 - 2019,0.91
,,2019 - 2020,1.8
,,2020 - 2021,1.8
,,2021 - 2022,1.1
,,2022 - 2023,1.8
,Chatra,2014 - 2015,0.89
,,2015 - 2016,0.69
,,2017 - 2018,1.48
,,2018 - 2019,1.47
,,2019 - 2020,1.48
,,2020 - 2021,1.49
,,2021 - 2022,1.1
,,2022 - 2023,1.1
,Deoghar,2017 - 2018,1.8
,,2018 - 2019,2.0
,,2019 - 2020,1.8
,,2020 - 2021,1.8
,,2021 - 2022,1.8
,,2022 - 2023,1.8
,Dhanbad,2017 - 2018,1.2
,,2018 - 2019,1.2
,,2019 - 2020,0.9
,,2020 - 2021,0.9
,,2021 - 2022,0.9
,,2022 - 2023,0.9
,Dumka,2017 - 2018,1.35
,,2018 - 2019,1.8
,,2019 - 2020,1.8
,,2020 - 2021,1.8
,,2021 - 2022,1.8
,,2022 - 2023,1.8
,East singhbum,2014 - 2015,1.0
,,2015 - 2016,1.0
,,2017 - 2018,1.0
,,2018 - 2019,0.85
,,2019 - 2020,0.85
,,2020 - 2021,0.85
,,2021 - 2022,0.86
,,2022 - 2023,0.87
,Garhwa,2014 - 2015,0.4
,,2015 - 2016,0.78
,,2017 - 2018,0.71
,,2018 - 2019,0.62
,,2019 - 2020,0.57
,,2020 - 2021,0.67
,,2021 - 2022,1.02
,,2022 - 2023,1.03
,Giridih,2017 - 2018,1.08
,,2018 - 2019,1.04
,,2019 - 2020,1.21
,,2020 - 2021,1.25
,,2021 - 2022,1.26
,,2022 - 2023,1.32
,Godda,2015 - 2016,0.88
,,2017 - 2018,1.89
,,2018 - 2019,1.86
,,2019 - 2020,1.84
,,2020 - 2021,1.9
,,2021 - 2022,1.82
,,2022 - 2023,0.9
,Gumla,2014 - 2015,0.48
,,2015 - 2016,0.88
,,2017 - 2018,1.74
,,2018 - 2019,1.71
,,2019 - 2020,1.82
,,2020 - 2021,1.81
,,2021 - 2022,0.66
,,2022 - 2023,0.67
,Hazaribagh,2014 - 2015,0.89
,,2015 - 2016,1.13
,,2017 - 2018,1.02
,,2018 - 2019,1.02
,,2019 - 2020,1.03
,,2020 - 2021,1.03
,,2021 - 2022,1.01
,,2022 - 2023,1.01
,Jamtara,2015 - 2016,0.4
,,2017 - 2018,1.15
,,2018 - 2019,1.6
,,2019 - 2020,1.38
,,2020 - 2021,1.0
,,2021 - 2022,1.05
,,2022 - 2023,2.15
,Khunti,2014 - 2015,0.93
,,2015 - 2016,0.77
,,2017 - 2018,1.25
,,2018 - 2019,1.2
,,2019 - 2020,1.2
,,2020 - 2021,0.9
,,2021 - 2022,0.9
,,2022 - 2023,0.9
,Koderma,2014 - 2015,0.9
,,2015 - 2016,1.2
,,2017 - 2018,2.0
,,2018 - 2019,2.0
,,2019 - 2020,2.0
,,2020 - 2021,2.0
,,2021 - 2022,1.5
,,2022 - 2023,1.5
,Latehar,2014 - 2015,0.69
,,2015 - 2016,0.45
,,2017 - 2018,0.48
,,2018 - 2019,0.49
,,2019 - 2020,0.48
,,2020 - 2021,0.48
,,2021 - 2022,0.48
,,2022 - 2023,0.48
,Lohardaga,2014 - 2015,1.8
,,2015 - 2016,1.06
,,2017 - 2018,0.51
,,2018 - 2019,0.99
,,2019 - 2020,0.99
,,2020 - 2021,0.99
,,2021 - 2022,0.94
,,2022 - 2023,0.99
,Pakur,2015 - 2016,0.97
,,2017 - 2018,0.9
,,2018 - 2019,0.9
,,2019 - 2020,0.9
,,2020 - 2021,0.9
,,2021 - 2022,0.9
,,2022 - 2023,0.6
,Palamu,2014 - 2015,0.71
,,2015 - 2016,0.56
,,2017 - 2018,0.93
,,2018 - 2019,1.05
,,2019 - 2020,0.93
,,2020 - 2021,0.94
,,2021 - 2022,0.94
,,2022 - 2023,0.84
,Ramgarh,2017 - 2018,1.03
,,2018 - 2019,1.03
,,2019 - 2020,1.03
,,2020 - 2021,1.03
,,2021 - 2022,1.01
,,2022 - 2023,1.01
,Ranchi,2014 - 2015,0.69
,,2015 - 2016,1.23
,,2017 - 2018,1.1
,,2018 - 2019,1.2
,,2019 - 2020,1.2
,,2020 - 2021,0.8
,,2021 - 2022,1.2
,,2022 - 2023,1.2
,Sahebganj,2014 - 2015,1.71
,,2015 - 2016,1.3
,,2017 - 2018,0.5
,,2018 - 2019,0.56
,,2019 - 2020,0.56
,,2020 - 2021,0.56
,,2021 - 2022,0.56
,,2022 - 2023,0.56
,Saraikela kharsawan,2014 - 2015,0.89
,,2015 - 2016,0.66
,,2017 - 2018,1.25
,,2018 - 2019,0.85
,,2019 - 2020,0.95
,,2020 - 2021,0.95
,,2021 - 2022,0.95
,,2022 - 2023,0.95
,Simdega,2014 - 2015,0.63
,,2015 - 2016,0.98
,,2017 - 2018,1.98
,,2018 - 2019,1.98
,,2019 - 2020,1.73
,,2020 - 2021,1.93
,,2021 - 2022,1.75
,,2022 - 2023,1.75
,West singhbhum,2014 - 2015,0.89
,,2017 - 2018,1.18
,,2018 - 2019,1.14
,,2019 - 2020,1.12
,,2020 - 2021,1.14
,,2021 - 2022,1.14
,,2022 - 2023,1.14
Karnataka,Bangalore rural,2001 - 2002,
,,2005 - 2006,12.41
,,2010 - 2011,7.11
,,2011 - 2012,3.36
,Belgaum,2001 - 2002,
,,2005 - 2006,5.26
,,2010 - 2011,7.09
,,2011 - 2012,5.89
,Bengaluru urban,2001 - 2002,
,,2005 - 2006,11.75
,,2010 - 2011,7.67
,,2011 - 2012,7.36
,Bidar,2001 - 2002,
,,2005 - 2006,7.0
,,2010 - 2011,7.08
,,2011 - 2012,7.33
,Bijapur,2001 - 2002,
,,2005 - 2006,
,,2010 - 2011,
,,2011 - 2012,
,Chamarajanagar,2001 - 2002,
,,2005 - 2006,2.1
,,2010 - 2011,8.44
,,2011 - 2012,8.34
,Chikballapur,2010 - 2011,6.33
,,2011 - 2012,9.31
,Chikmagalur,2001 - 2002,
,,2005 - 2006,7.0
,,2010 - 2011,7.07
,,2011 - 2012,9.72
,Chitradurga,2001 - 2002,
,,2005 - 2006,
,,2010 - 2011,7.13
,,2011 - 2012,7.33
,Davangere,2001 - 2002,
,,2005 - 2006,7.0
,,2010 - 2011,7.11
,,2011 - 2012,10.05
,Dharwad,2001 - 2002,
,,2005 - 2006,
,,2010 - 2011,
,,2011 - 2012,7.5
,Gadag,2005 - 2006,7.0
,Gulbarga,2011 - 2012,
,Hassan,2001 - 2002,
,,2005 - 2006,7.0
,,2010 - 2011,7.57
,,2011 - 2012,8.37
,Haveri,2001 - 2002,
,,2005 - 2006,7.0
,,2010 - 2011,7.13
,,2011 - 2012,7.25
,Kodagu,2005 - 2006,
,,2010 - 2011,7.07
,,2011 - 2012,
,Kolar,2001 - 2002,
,,2005 - 2006,6.31
,,2010 - 2011,7.54
,,2011 - 2012,8.47
,Koppal,2005 - 2006,
,Mandya,2001 - 2002,
,,2005 - 2006,7.03
,,2010 - 2011,3.39
,,2011 - 2012,3.19
,Mysore,2001 - 2002,
,,2005 - 2006,7.0
,,2010 - 2011,9.25
,,2011 - 2012,7.91
,Raichur,2001 - 2002,
,Ramanagara,2010 - 2011,7.17
,,2011 - 2012,9.5
,Shimoga,2001 - 2002,
,,2005 - 2006,7.0
,,2010 - 2011,
,,2011 - 2012,
,Tumkur,2001 - 2002,
,,2005 - 2006,7.04
,,2010 - 2011,7.09
,,2011 - 2012,4.71
Ladakh,Kargil,2022 - 2023,1.34
,Leh ladakh,2020 - 2021,1.31
,,2021 - 2022,1.34
,,2022 - 2023,1.2
Madhya Pradesh,Agar malwa,2013 - 2014,0.58
,,2015 - 2016,1.0
,,2017 - 2018,1.4
,,2018 - 2019,0.27
,,2019 - 2020,0.29
,,2020 - 2021,1.15
,,2021 - 2022,0.5
,Alirajpur,2008 - 2009,0.53
,,2009 - 2010,
,,2010 - 2011,0.33
,,2011 - 2012,0.35
,,2012 - 2013,0.51
,,2013 - 2014,0.98
,,2018 - 2019,0.88
,,2019 - 2020,0.88
,,2020 - 2021,0.5
,,2021 - 2022,1.0
,Anuppur,2005 - 2006,0.32
,,2006 - 2007,0.33
,,2007 - 2008,0.38
,,2008 - 2009,0.31
,,2009 - 2010,
,,2010 - 2011,0.16
,,2011 - 2012,0.24
,,2012 - 2013,0.47
,,2013 - 2014,0.72
,,2014 - 2015,0.67
,,2015 - 2016,0.5
,,2016 - 2017,0.67
,,2017 - 2018,0.7
,,2018 - 2019,0.5
,,2019 - 2020,0.67
,,2020 - 2021,0.66
,,2021 - 2022,0.7
,,2022 - 2023,0.72
,Ashoknagar,2005 - 2006,0.52
,,2006 - 2007,0.61
,,2007 - 2008,0.52
,,2008 - 2009,0.59
,,2009 - 2010,
,,2010 - 2011,0.43
,,2011 - 2012,0.54
,,2012 - 2013,0.64
,,2013 - 2014,0.73
,,2014 - 2015,2.0
,,2015 - 2016,0.75
,,2016 - 2017,0.5
,,2018 - 2019,0.65
,,2019 - 2020,0.65
,,2020 - 2021,1.56
,,2021 - 2022,0.65
,,2022 - 2023,0.86
,Balaghat,2005 - 2006,0.29
,,2006 - 2007,0.29
,,2007 - 2008,0.29
,,2008 - 2009,0.29
,,2009 - 2010,
,,2010 - 2011,0.25
,,2011 - 2012,0.25
,,2012 - 2013,0.45
,,2013 - 2014,0.47
,,2014 - 2015,1.5
,,2015 - 2016,1.33
,,2016 - 2017,0.21
,,2017 - 2018,0.86
,,2018 - 2019,0.45
,,2019 - 2020,0.45
,,2020 - 2021,0.46
,,2021 - 2022,0.46
,,2022 - 2023,0.56
,Barwani,2005 - 2006,0.25
,,2006 - 2007,0.33
,,2007 - 2008,0.33
,,2008 - 2009,0.5
,,2011 - 2012,0.0
,,2014 - 2015,1.0
,,2019 - 2020,0.0
,,2020 - 2021,1.0
,Betul,2005 - 2006,0.35
,,2006 - 2007,0.36
,,2007 - 2008,0.37
,,2008 - 2009,0.36
,,2009 - 2010,
,,2010 - 2011,0.11
,,2011 - 2012,0.52
,,2012 - 2013,0.51
,,2013 - 2014,0.62
,,2014 - 2015,1.5
,,2015 - 2016,0.75
,,2016 - 2017,0.33
,,2017 - 2018,1.06
,,2018 - 2019,1.05
,,2019 - 2020,0.46
,,2020 - 2021,1.04
,,2021 - 2022,0.45
,,2022 - 2023,0.76
,Bhind,2005 - 2006,0.54
,,2006 - 2007,0.42
,,2007 - 2008,0.38
,,2008 - 2009,0.52
,,2009 - 2010,
,,2010 - 2011,0.34
,,2011 - 2012,0.39
,,2012 - 2013,1.44
,,2013 - 2014,1.61
,,2014 - 2015,1.75
,,2015 - 2016,0.88
,,2016 - 2017,1.44
,,2017 - 2018,2.01
,,2018 - 2019,1.25
,,2019 - 2020,0.97
,,2020 - 2021,1.37
,,2021 - 2022,0.9
,,2022 - 2023,1.43
,Bhopal,2005 - 2006,0.36
,,2006 - 2007,0.37
,,2007 - 2008,0.37
,,2008 - 2009,0.37
,,2009 - 2010,
,,2010 - 2011,0.23
,,2011 - 2012,0.37
,,2012 - 2013,0.6
,,2013 - 2014,0.46
,,2014 - 2015,2.0
,,2015 - 2016,0.8
,,2017 - 2018,0.46
,,2018 - 2019,0.43
,,2019 - 2020,0.54
,,2020 - 2021,1.26
,,2021 - 2022,0.88
,,2022 - 2023,0.82
,Burhanpur,2003 - 2004,0.4
,,2005 - 2006,0.4
,,2006 - 2007,0.38
,,2007 - 2008,0.38
,,2008 - 2009,0.3
,,2009 - 2010,
,,2010 - 2011,0.22
,,2011 - 2012,0.31
,,2012 - 2013,0.45
,,2013 - 2014,0.86
,,2018 - 2019,1.0
,,2020 - 2021,1.0
,Chhatarpur,2005 - 2006,0.34
,,2006 - 2007,0.25
,,2007 - 2008,0.24
,,2008 - 2009,0.32
,,2009 - 2010,
,,2010 - 2011,0.18
,,2011 - 2012,0.19
,,2012 - 2013,0.69
,,2013 - 2014,0.61
,,2014 - 2015,0.7
,,2015 - 2016,0.85
,,2016 - 2017,1.36
,,2017 - 2018,0.98
,,2018 - 2019,1.07
,,2019 - 2020,0.9
,,2020 - 2021,1.2
,,2021 - 2022,0.81
,,2022 - 2023,0.97
,Chhindwara,2005 - 2006,0.43
,,2006 - 2007,0.51
,,2007 - 2008,0.51
,,2008 - 2009,0.44
,,2009 - 2010,
,,2010 - 2011,0.48
,,2011 - 2012,0.54
,,2012 - 2013,0.66
,,2013 - 2014,0.72
,,2014 - 2015,1.17
,,2015 - 2016,0.75
,,2018 - 2019,0.51
,,2019 - 2020,0.83
,,2020 - 2021,0.58
,,2021 - 2022,0.6
,,2022 - 2023,0.74
,Damoh,2005 - 2006,0.52
,,2006 - 2007,0.44
,,2007 - 2008,0.45
,,2008 - 2009,0.65
,,2009 - 2010,
,,2010 - 2011,0.4
,,2011 - 2012,0.53
,,2012 - 2013,0.73
,,2013 - 2014,0.35
,,2014 - 2015,0.7
,,2015 - 2016,0.93
,,2016 - 2017,0.45
,,2017 - 2018,1.14
,,2018 - 2019,0.73
,,2019 - 2020,0.71
,,2020 - 2021,0.73
,,2021 - 2022,0.73
,,2022 - 2023,0.75
,Datia,2005 - 2006,0.67
,,2006 - 2007,0.55
,,2007 - 2008,0.41
,,2008 - 2009,0.72
,,2009 - 2010,
,,2010 - 2011,0.31
,,2011 - 2012,0.48
,,2012 - 2013,1.52
,,2013 - 2014,1.93
,,2014 - 2015,1.67
,,2015 - 2016,1.03
,,2016 - 2017,1.66
,,2018 - 2019,1.93
,,2019 - 2020,1.93
,,2020 - 2021,1.2
,,2021 - 2022,0.82
,,2022 - 2023,1.59
,Dewas,2005 - 2006,0.47
,,2006 - 2007,0.55
,,2007 - 2008,0.59
,,2008 - 2009,0.59
,,2014 - 2015,1.33
,,2015 - 2016,0.5
,,2018 - 2019,0.59
,,2019 - 2020,0.63
,,2020 - 2021,0.83
,,2021 - 2022,0.79
,,2022 - 2023,0.83
,Dhar,2005 - 2006,0.32
,,2006 - 2007,0.45
,,2007 - 2008,0.42
,,2008 - 2009,0.4
,,2009 - 2010,
,,2010 - 2011,0.31
,,2011 - 2012,0.31
,,2012 - 2013,0.4
,,2013 - 2014,0.61
,,2014 - 2015,1.0
,,2015 - 2016,0.67
,,2017 - 2018,0.54
,,2018 - 2019,0.58
,,2019 - 2020,0.9
,,2020 - 2021,0.83
,,2021 - 2022,0.51
,,2022 - 2023,0.71
,Dindori,2005 - 2006,0.19
,,2006 - 2007,0.23
,,2007 - 2008,0.18
,,2008 - 2009,0.23
,,2009 - 2010,
,,2010 - 2011,0.06
,,2011 - 2012,0.13
,,2012 - 2013,0.4
,,2013 - 2014,0.89
,,2014 - 2015,1.38
,,2015 - 2016,1.07
,,2016 - 2017,0.89
,,2017 - 2018,0.78
,,2018 - 2019,0.57
,,2019 - 2020,0.69
,,2020 - 2021,0.98
,,2021 - 2022,0.71
,,2022 - 2023,0.71
,Guna,2005 - 2006,0.57
,,2006 - 2007,0.58
,,2007 - 2008,0.49
,,2008 - 2009,0.53
,,2009 - 2010,
,,2010 - 2011,0.48
,,2011 - 2012,0.42
,,2012 - 2013,0.73
,,2013 - 2014,1.01
,,2015 - 2016,0.8
,,2018 - 2019,1.3
,,2019 - 2020,1.33
,,2020 - 2021,0.99
,,2021 - 2022,0.9
,,2022 - 2023,0.88
,Gwalior,2005 - 2006,0.61
,,2006 - 2007,0.56
,,2007 - 2008,0.43
,,2008 - 2009,0.7
,,2009 - 2010,
,,2010 - 2011,0.49
,,2011 - 2012,0.51
,,2012 - 2013,0.51
,,2013 - 2014,0.51
,,2014 - 2015,1.5
,,2015 - 2016,0.6
,,2016 - 2017,1.75
,,2018 - 2019,0.54
,,2019 - 2020,0.59
,,2020 - 2021,1.39
,,2021 - 2022,0.66
,,2022 - 2023,1.03
,Harda,2005 - 2006,0.35
,,2006 - 2007,0.35
,,2007 - 2008,0.27
,,2008 - 2009,0.38
,,2009 - 2010,
,,2010 - 2011,0.35
,,2011 - 2012,0.32
,,2012 - 2013,0.6
,,2013 - 2014,0.62
,,2015 - 2016,1.0
,,2018 - 2019,0.57
,,2019 - 2020,0.7
,,2020 - 2021,0.95
,,2021 - 2022,98.89
,,2022 - 2023,0.59
,Hoshangabad,2005 - 2006,0.48
,,2006 - 2007,0.49
,,2007 - 2008,0.47
,,2008 - 2009,0.49
,,2009 - 2010,
,,2010 - 2011,0.42
,,2011 - 2012,0.45
,,2012 - 2013,0.56
,,2013 - 2014,0.37
,,2014 - 2015,1.0
,,2015 - 2016,0.67
,,2016 - 2017,0.33
,,2017 - 2018,0.64
,,2018 - 2019,0.48
,,2019 - 2020,0.51
,,2020 - 2021,1.24
,,2021 - 2022,103.57
,,2022 - 2023,0.59
,Indore,2005 - 2006,0.32
,,2006 - 2007,0.33
,,2007 - 2008,0.38
,,2008 - 2009,0.39
,,2009 - 2010,
,,2010 - 2011,0.29
,,2011 - 2012,0.29
,,2012 - 2013,0.43
,,2013 - 2014,0.43
,,2014 - 2015,2.0
,,2015 - 2016,0.43
,,2016 - 2017,1.0
,,2017 - 2018,0.9
,,2018 - 2019,0.4
,,2019 - 2020,0.43
,,2020 - 2021,0.93
,,2021 - 2022,0.67
,,2022 - 2023,0.77
,Jabalpur,2005 - 2006,0.58
,,2006 - 2007,0.49
,,2007 - 2008,0.33
,,2008 - 2009,0.54
,,2009 - 2010,
,,2010 - 2011,0.22
,,2011 - 2012,0.39
,,2012 - 2013,0.32
,,2013 - 2014,1.03
,,2014 - 2015,0.95
,,2015 - 2016,1.2
,,2016 - 2017,1.31
,,2017 - 2018,1.66
,,2018 - 2019,1.37
,,2019 - 2020,1.37
,,2020 - 2021,1.41
,,2021 - 2022,1.09
,,2022 - 2023,1.29
,Jhabua,2005 - 2006,0.41
,,2006 - 2007,0.5
,,2007 - 2008,0.47
,,2008 - 2009,0.51
,,2009 - 2010,
,,2010 - 2011,0.33
,,2011 - 2012,0.35
,,2012 - 2013,0.61
,,2013 - 2014,1.12
,,2017 - 2018,1.17
,,2018 - 2019,0.57
,,2019 - 2020,0.77
,,2020 - 2021,0.95
,,2021 - 2022,0.69
,,2022 - 2023,0.68
,Katni,2005 - 2006,0.33
,,2006 - 2007,0.29
,,2007 - 2008,0.31
,,2008 - 2009,0.4
,,2009 - 2010,
,,2010 - 2011,0.18
,,2011 - 2012,0.26
,,2012 - 2013,0.52
,,2013 - 2014,1.39
,,2014 - 2015,1.0
,,2015 - 2016,1.17
,,2016 - 2017,0.59
,,2017 - 2018,1.57
,,2018 - 2019,1.26
,,2019 - 2020,1.26
,,2020 - 2021,1.17
,,2021 - 2022,0.98
,,2022 - 2023,1.28
,Khandwa,2005 - 2006,0.33
,,2006 - 2007,0.33
,,2007 - 2008,0.35
,,2008 - 2009,0.33
,,2009 - 2010,
,,2010 - 2011,0.21
,,2011 - 2012,0.23
,,2012 - 2013,0.25
,,2013 - 2014,0.72
,,2017 - 2018,0.47
,,2018 - 2019,0.37
,,2019 - 2020,0.35
,,2020 - 2021,0.54
,,2021 - 2022,0.54
,,2022 - 2023,0.53
,Khargone,2005 - 2006,0.52
,,2006 - 2007,0.59
,,2008 - 2009,0.46
,,2009 - 2010,
,,2010 - 2011,0.39
,,2011 - 2012,0.41
,,2012 - 2013,0.47
,,2013 - 2014,0.44
,,2017 - 2018,0.33
,,2018 - 2019,0.5
,,2019 - 2020,0.57
,,2020 - 2021,0.78
,,2021 - 2022,0.75
,Mandla,2005 - 2006,0.24
,,2006 - 2007,0.24
,,2007 - 2008,0.24
,,2008 - 2009,0.24
,,2009 - 2010,
,,2010 - 2011,0.16
,,2011 - 2012,0.16
,,2012 - 2013,0.24
,,2013 - 2014,0.34
,,2014 - 2015,1.11
,,2015 - 2016,0.5
,,2017 - 2018,0.38
,,2018 - 2019,0.35
,,2019 - 2020,0.35
,,2020 - 2021,0.35
,,2021 - 2022,0.56
,,2022 - 2023,0.56
,Mandsaur,2005 - 2006,0.43
,,2006 - 2007,0.58
,,2007 - 2008,0.46
,,2008 - 2009,0.52
,,2009 - 2010,
,,2010 - 2011,0.31
,,2011 - 2012,0.36
,,2012 - 2013,0.62
,,2013 - 2014,0.86
,,2014 - 2015,1.0
,,2015 - 2016,0.67
,,2018 - 2019,0.48
,,2019 - 2020,0.59
,,2020 - 2021,0.97
,,2021 - 2022,0.6
,,2022 - 2023,0.7
,Morena,2005 - 2006,0.63
,,2006 - 2007,0.53
,,2007 - 2008,0.43
,,2008 - 2009,0.62
,,2009 - 2010,
,,2010 - 2011,0.39
,,2011 - 2012,0.43
,,2012 - 2013,0.89
,,2013 - 2014,0.84
,,2014 - 2015,1.0
,,2015 - 2016,0.81
,,2017 - 2018,1.06
,,2018 - 2019,0.71
,,2019 - 2020,0.94
,,2020 - 2021,1.23
,,2021 - 2022,0.9
,,2022 - 2023,0.84
,Narsinghpur,2005 - 2006,0.64
,,2006 - 2007,0.64
,,2007 - 2008,0.56
,,2008 - 2009,0.56
,,2009 - 2010,
,,2010 - 2011,0.44
,,2011 - 2012,0.44
,,2012 - 2013,0.87
,,2013 - 2014,0.86
,,2014 - 2015,1.13
,,2015 - 2016,1.06
,,2016 - 2017,1.14
,,2017 - 2018,1.09
,,2018 - 2019,1.01
,,2019 - 2020,1.05
,,2020 - 2021,1.05
,,2021 - 2022,0.93
,,2022 - 2023,0.93
,Neemuch,2006 - 2007,0.5
,,2007 - 2008,0.57
,,2008 - 2009,0.47
,,2009 - 2010,
,,2010 - 2011,0.38
,,2011 - 2012,0.37
,,2012 - 2013,1.16
,,2013 - 2014,1.07
,,2017 - 2018,0.83
,,2018 - 2019,0.64
,,2019 - 2020,0.91
,,2020 - 2021,0.9
,,2021 - 2022,0.85
,,2022 - 2023,0.85
,Niwari,2019 - 2020,1.24
,,2020 - 2021,1.03
,,2021 - 2022,0.89
,,2022 - 2023,1.28
,Panna,2005 - 2006,0.31
,,2006 - 2007,0.38
,,2007 - 2008,0.39
,,2008 - 2009,0.56
,,2009 - 2010,
,,2010 - 2011,0.34
,,2011 - 2012,0.34
,,2012 - 2013,0.63
,,2013 - 2014,1.22
,,2014 - 2015,0.4
,,2015 - 2016,1.22
,,2016 - 2017,3.48
,,2017 - 2018,1.21
,,2018 - 2019,1.94
,,2019 - 2020,1.54
,,2020 - 2021,1.28
,,2021 - 2022,0.85
,,2022 - 2023,1.05
,Raisen,2005 - 2006,0.65
,,2006 - 2007,0.65
,,2007 - 2008,0.65
,,2008 - 2009,0.65
,,2009 - 2010,
,,2010 - 2011,0.32
,,2011 - 2012,0.61
,,2012 - 2013,0.49
,,2013 - 2014,1.14
,,2014 - 2015,1.38
,,2015 - 2016,0.86
,,2016 - 2017,0.67
,,2017 - 2018,1.14
,,2018 - 2019,0.86
,,2019 - 2020,0.76
,,2020 - 2021,0.89
,,2021 - 2022,0.73
,,2022 - 2023,0.95
,Rajgarh,2005 - 2006,0.32
,,2006 - 2007,0.43
,,2007 - 2008,0.39
,,2008 - 2009,0.39
,,2009 - 2010,
,,2010 - 2011,0.26
,,2011 - 2012,0.38
,,2012 - 2013,0.51
,,2013 - 2014,1.09
,,2014 - 2015,2.5
,,2015 - 2016,1.17
,,2016 - 2017,0.43
,,2017 - 2018,0.76
,,2018 - 2019,0.7
,,2019 - 2020,0.92
,,2020 - 2021,0.88
,,2021 - 2022,0.83
,,2022 - 2023,0.83
,Ratlam,2005 - 2006,0.72
,,2006 - 2007,0.87
,,2007 - 2008,0.87
,,2008 - 2009,0.71
,,2009 - 2010,
,,2010 - 2011,0.59
,,2011 - 2012,0.73
,,2012 - 2013,1.15
,,2013 - 2014,1.1
,,2014 - 2015,1.5
,,2015 - 2016,0.8
,,2016 - 2017,1.0
,,2017 - 2018,1.35
,,2018 - 2019,1.04
,,2019 - 2020,0.69
,,2020 - 2021,1.32
,,2021 - 2022,0.78
,,2022 - 2023,1.07
,Rewa,2005 - 2006,0.49
,,2006 - 2007,0.4
,,2007 - 2008,0.41
,,2008 - 2009,0.55
,,2009 - 2010,
,,2010 - 2011,0.31
,,2011 - 2012,0.34
,,2012 - 2013,0.44
,,2013 - 2014,0.6
,,2015 - 2016,0.5
,,2017 - 2018,1.32
,,2018 - 2019,0.92
,,2019 - 2020,0.81
,,2020 - 2021,0.91
,,2021 - 2022,0.81
,,2022 - 2023,0.84
,Sagar,2005 - 2006,0.47
,,2006 - 2007,0.48
,,2007 - 2008,0.45
,,2008 - 2009,0.51
,,2009 - 2010,
,,2010 - 2011,0.31
,,2011 - 2012,0.35
,,2012 - 2013,0.74
,,2013 - 2014,0.58
,,2014 - 2015,0.73
,,2015 - 2016,1.08
,,2016 - 2017,0.42
,,2017 - 2018,1.13
,,2018 - 2019,1.22
,,2019 - 2020,1.06
,,2020 - 2021,1.0
,,2021 - 2022,0.92
,,2022 - 2023,0.97
,Satna,2005 - 2006,0.51
,,2006 - 2007,0.39
,,2007 - 2008,0.31
,,2008 - 2009,0.46
,,2009 - 2010,
,,2010 - 2011,0.28
,,2011 - 2012,0.31
,,2012 - 2013,0.43
,,2013 - 2014,0.35
,,2014 - 2015,1.5
,,2015 - 2016,1.0
,,2016 - 2017,1.0
,,2017 - 2018,1.06
,,2018 - 2019,0.37
,,2019 - 2020,0.5
,,2020 - 2021,1.11
,,2021 - 2022,0.83
,,2022 - 2023,0.83
,Sehore,2005 - 2006,0.65
,,2006 - 2007,0.43
,,2007 - 2008,0.43
,,2008 - 2009,0.43
,,2009 - 2010,
,,2010 - 2011,0.29
,,2011 - 2012,0.47
,,2012 - 2013,0.44
,,2013 - 2014,0.47
,,2014 - 2015,3.0
,,2015 - 2016,1.0
,,2017 - 2018,0.6
,,2018 - 2019,0.5
,,2019 - 2020,0.59
,,2020 - 2021,1.34
,,2021 - 2022,0.64
,,2022 - 2023,0.86
,Seoni,2005 - 2006,0.36
,,2006 - 2007,0.39
,,2007 - 2008,0.36
,,2008 - 2009,0.36
,,2009 - 2010,
,,2010 - 2011,0.27
,,2011 - 2012,0.27
,,2012 - 2013,0.58
,,2013 - 2014,0.72
,,2014 - 2015,1.14
,,2015 - 2016,0.57
,,2016 - 2017,0.64
,,2017 - 2018,0.82
,,2018 - 2019,0.51
,,2019 - 2020,0.61
,,2020 - 2021,0.58
,,2021 - 2022,0.6
,,2022 - 2023,0.63
,Shahdol,2005 - 2006,0.34
,,2006 - 2007,0.33
,,2007 - 2008,0.38
,,2008 - 2009,0.34
,,2009 - 2010,
,,2010 - 2011,0.25
,,2011 - 2012,0.23
,,2012 - 2013,0.64
,,2013 - 2014,0.98
,,2014 - 2015,1.0
,,2015 - 2016,1.0
,,2017 - 2018,0.64
,,2018 - 2019,0.62
,,2019 - 2020,0.74
,,2020 - 2021,0.91
,,2021 - 2022,0.74
,,2022 - 2023,0.76
,Shajapur,2005 - 2006,0.31
,,2006 - 2007,0.44
,,2007 - 2008,0.3
,,2008 - 2009,0.3
,,2009 - 2010,
,,2010 - 2011,0.21
,,2011 - 2012,0.26
,,2012 - 2013,0.45
,,2013 - 2014,0.58
,,2014 - 2015,1.0
,,2015 - 2016,0.5
,,2017 - 2018,0.58
,,2018 - 2019,0.38
,,2019 - 2020,0.52
,,2020 - 2021,0.76
,,2021 - 2022,0.42
,,2022 - 2023,0.62
,Sheopur,2005 - 2006,0.43
,,2006 - 2007,0.64
,,2007 - 2008,0.62
,,2008 - 2009,0.64
,,2009 - 2010,
,,2010 - 2011,0.33
,,2011 - 2012,0.35
,,2012 - 2013,1.0
,,2013 - 2014,1.35
,,2017 - 2018,0.93
,,2018 - 2019,1.55
,,2019 - 2020,1.33
,,2020 - 2021,1.19
,,2021 - 2022,0.8
,,2022 - 2023,1.14
,Shivpuri,2005 - 2006,0.57
,,2006 - 2007,0.51
,,2007 - 2008,0.42
,,2008 - 2009,0.51
,,2009 - 2010,
,,2010 - 2011,0.41
,,2011 - 2012,0.4
,,2012 - 2013,0.41
,,2013 - 2014,0.6
,,2014 - 2015,1.5
,,2015 - 2016,0.57
,,2018 - 2019,0.69
,,2019 - 2020,0.65
,,2020 - 2021,1.42
,,2021 - 2022,0.75
,,2022 - 2023,0.86
,Sidhi,2005 - 2006,0.51
,,2006 - 2007,0.51
,,2007 - 2008,0.46
,,2008 - 2009,0.54
,,2009 - 2010,
,,2010 - 2011,0.35
,,2011 - 2012,0.37
,,2012 - 2013,0.43
,,2013 - 2014,0.46
,,2014 - 2015,1.0
,,2015 - 2016,0.67
,,2017 - 2018,0.51
,,2018 - 2019,0.5
,,2019 - 2020,0.5
,,2020 - 2021,1.05
,,2021 - 2022,0.7
,,2022 - 2023,0.7
,Singrauli,2008 - 2009,0.54
,,2009 - 2010,
,,2010 - 2011,0.55
,,2011 - 2012,0.51
,,2012 - 2013,0.94
,,2013 - 2014,1.47
,,2015 - 2016,1.0
,,2018 - 2019,1.25
,,2019 - 2020,1.32
,,2020 - 2021,1.06
,,2021 - 2022,0.89
,,2022 - 2023,1.08
,Tikamgarh,2005 - 2006,0.49
,,2006 - 2007,0.46
,,2007 - 2008,0.36
,,2008 - 2009,0.55
,,2009 - 2010,
,,2010 - 2011,0.23
,,2011 - 2012,0.38
,,2012 - 2013,0.43
,,2013 - 2014,0.73
,,2014 - 2015,0.86
,,2015 - 2016,0.75
,,2016 - 2017,1.23
,,2017 - 2018,1.19
,,2018 - 2019,0.85
,,2019 - 2020,1.24
,,2020 - 2021,1.3
,,2021 - 2022,0.91
,,2022 - 2023,1.11
,Ujjain,2005 - 2006,0.43
,,2006 - 2007,0.47
,,2007 - 2008,0.32
,,2008 - 2009,0.38
,,2009 - 2010,
,,2010 - 2011,0.28
,,2011 - 2012,0.33
,,2012 - 2013,0.37
,,2013 - 2014,0.63
,,2014 - 2015,1.0
,,2015 - 2016,0.57
,,2017 - 2018,0.47
,,2018 - 2019,0.38
,,2019 - 2020,0.63
,,2020 - 2021,1.01
,,2021 - 2022,0.55
,,2022 - 2023,0.75
,Umaria,2005 - 2006,0.4
,,2006 - 2007,0.34
,,2007 - 2008,0.36
,,2008 - 2009,0.4
,,2009 - 2010,
,,2010 - 2011,0.14
,,2011 - 2012,0.29
,,2012 - 2013,0.4
,,2013 - 2014,0.73
,,2014 - 2015,1.0
,,2015 - 2016,0.5
,,2016 - 2017,0.67
,,2017 - 2018,0.57
,,2018 - 2019,0.58
,,2019 - 2020,0.59
,,2020 - 2021,0.68
,,2021 - 2022,0.59
,,2022 - 2023,0.61
,Vidisha,2005 - 2006,0.63
,,2006 - 2007,0.65
,,2007 - 2008,0.52
,,2008 - 2009,0.59
,,2009 - 2010,
,,2010 - 2011,0.44
,,2011 - 2012,0.51
,,2012 - 2013,0.67
,,2013 - 2014,0.58
,,2014 - 2015,1.6
,,2015 - 2016,0.5
,,2016 - 2017,1.07
,,2017 - 2018,1.04
,,2018 - 2019,0.67
,,2019 - 2020,0.67
,,2020 - 2021,0.64
,,2021 - 2022,0.72
,,2022 - 2023,0.81
Manipur,Bishnupur,2000 - 2001,
,,2001 - 2002,
,,2002 - 2003,
,,2003 - 2004,
,,2004 - 2005,
,,2005 - 2006,
,,2006 - 2007,
,,2007 - 2008,
,,2008 - 2009,0.8
,,2009 - 2010,0.95
,,2010 - 2011,0.86
,,2011 - 2012,0.99
,,2012 - 2013,0.99
,,2013 - 2014,0.91
,,2014 - 2015,0.97
,,2015 - 2016,0.95
,,2016 - 2017,0.95
,,2017 - 2018,0.96
,,2018 - 2019,0.96
,Chandel,2000 - 2001,
,,2001 - 2002,
,,2002 - 2003,
,,2003 - 2004,
,,2004 - 2005,
,,2005 - 2006,
,,2006 - 2007,
,,2007 - 2008,
,,2008 - 2009,1.03
,,2009 - 2010,0.74
,,2010 - 2011,0.98
,,2011 - 2012,1.0
,,2012 - 2013,0.93
,,2013 - 2014,0.92
,,2014 - 2015,0.93
,,2015 - 2016,0.92
,,2016 - 2017,0.93
,,2017 - 2018,0.94
,,2018 - 2019,0.84
,Churachandpur,2000 - 2001,
,,2001 - 2002,
,,2002 - 2003,
,,2003 - 2004,
,,2004 - 2005,
,,2005 - 2006,
,,2006 - 2007,
,,2007 - 2008,
,,2008 - 2009,0.82
,,2009 - 2010,0.74
,,2010 - 2011,0.88
,,2011 - 2012,0.97
,,2012 - 2013,0.94
,,2013 - 2014,0.92
,,2014 - 2015,0.95
,,2015 - 2016,0.94
,,2016 - 2017,0.95
,,2017 - 2018,0.96
,,2018 - 2019,0.94
,Imphal east,2000 - 2001,
,,2001 - 2002,
,,2002 - 2003,
,,2003 - 2004,
,,2004 - 2005,
,,2005 - 2006,
,,2006 - 2007,
,,2007 - 2008,
,,2008 - 2009,0.73
,,2009 - 2010,0.93
,,2010 - 2011,0.89
,,2011 - 2012,0.92
,,2012 - 2013,0.95
,,2013 - 2014,0.97
,,2014 - 2015,0.96
,,2015 - 2016,0.95
,,2016 - 2017,0.96
,,2017 - 2018,0.97
,,2018 - 2019,0.96
,Imphal west,2000 - 2001,
,,2001 - 2002,
,,2002 - 2003,
,,2003 - 2004,
,,2004 - 2005,
,,2005 - 2006,
,,2006 - 2007,
,,2007 - 2008,
,,2008 - 2009,0.77
,,2009 - 2010,0.97
,,2010 - 2011,0.92
,,2011 - 2012,0.92
,,2012 - 2013,0.92
,,2013 - 2014,0.94
,,2014 - 2015,0.95
,,2015 - 2016,0.94
,,2016 - 2017,0.93
,,2017 - 2018,0.95
,,2018 - 2019,0.94
,Senapati,2000 - 2001,
,,2001 - 2002,
,,2002 - 2003,
,,2003 - 2004,
,,2004 - 2005,
,,2005 - 2006,
,,2006 - 2007,
,,2007 - 2008,
,,2008 - 2009,0.7
,,2009 - 2010,0.74
,,2010 - 2011,0.78
,,2011 - 2012,0.93
,,2012 - 2013,0.9
,,2013 - 2014,0.86
,,2014 - 2015,0.88
,,2015 - 2016,0.86
,,2016 - 2017,0.87
,,2017 - 2018,0.87
,,2018 - 2019,0.9
,Tamenglong,2000 - 2001,
,,2001 - 2002,
,,2002 - 2003,
,,2003 - 2004,
,,2004 - 2005,
,,2005 - 2006,
,,2006 - 2007,
,,2007 - 2008,
,,2008 - 2009,0.73
,,2009 - 2010,0.64
,,2010 - 2011,0.73
,,2011 - 2012,0.87
,,2012 - 2013,0.9
,,2013 - 2014,0.9
,,2014 - 2015,0.92
,,2015 - 2016,0.98
,,2016 - 2017,0.89
,,2017 - 2018,0.89
,,2018 - 2019,0.95
,Thoubal,2000 - 2001,
,,2001 - 2002,
,,2002 - 2003,
,,2003 - 2004,
,,2004 - 2005,
,,2005 - 2006,
,,2006 - 2007,
,,2007 - 2008,
,,2008 - 2009,0.72
,,2009 - 2010,0.9
,,2010 - 2011,0.89
,,2011 - 2012,0.94
,,2012 - 2013,0.98
,,2013 - 2014,0.92
,,2014 - 2015,0.96
,,2015 - 2016,0.97
,,2016 - 2017,0.94
,,2017 - 2018,0.95
,,2018 - 2019,0.96
,Ukhrul,2002 - 2003,
,,2003 - 2004,
,,2004 - 2005,
,,2005 - 2006,
,,2006 - 2007,
,,2007 - 2008,
,,2008 - 2009,1.28
,,2009 - 2010,0.77
,,2010 - 2011,0.96
,,2011 - 2012,0.88
,,2012 - 2013,0.93
,,2013 - 2014,0.89
,,2014 - 2015,0.93
,,2015 - 2016,0.91
,,2016 - 2017,0.91
,,2017 - 2018,0.92
,,2018 - 2019,0.92
Meghalaya,East garo hills,2009 - 2010,0.63
,,2010 - 2011,0.59
,,2011 - 2012,0.7
,,2012 - 2013,1.05
,,2013 - 2014,1.06
,,2014 - 2015,1.08
,,2015 - 2016,1.12
,,2016 - 2017,1.02
,,2017 - 2018,1.02
,,2018 - 2019,1.02
,,2019 - 2020,1.03
,,2020 - 2021,1.03
,,2022 - 2023,1.04
,East jaintia hills,2009 - 2010,0.69
,,2010 - 2011,0.7
,,2011 - 2012,0.75
,,2012 - 2013,0.97
,,2013 - 2014,0.83
,,2014 - 2015,0.94
,,2015 - 2016,1.0
,,2016 - 2017,1.0
,,2017 - 2018,1.0
,,2018 - 2019,1.0
,,2019 - 2020,1.0
,,2020 - 2021,1.0
,,2022 - 2023,1.05
,East khasi hills,2009 - 2010,2.78
,,2010 - 2011,2.75
,,2011 - 2012,2.8
,,2012 - 2013,3.48
,,2013 - 2014,3.51
,,2014 - 2015,3.54
,,2015 - 2016,3.57
,,2016 - 2017,3.58
,,2017 - 2018,3.58
,,2018 - 2019,3.58
,,2019 - 2020,3.58
,,2020 - 2021,3.58
,,2022 - 2023,3.58
,North garo hills,2013 - 2014,1.08
,,2014 - 2015,1.12
,,2015 - 2016,1.16
,,2016 - 2017,1.16
,,2017 - 2018,1.16
,,2018 - 2019,1.17
,,2019 - 2020,1.17
,,2020 - 2021,1.17
,,2022 - 2023,1.18
,Ri bhoi,2009 - 2010,0.58
,,2010 - 2011,0.64
,,2011 - 2012,0.65
,,2012 - 2013,1.09
,,2013 - 2014,1.11
,,2014 - 2015,1.14
,,2015 - 2016,1.18
,,2016 - 2017,1.14
,,2017 - 2018,1.14
,,2018 - 2019,1.14
,,2019 - 2020,1.14
,,2020 - 2021,1.14
,,2022 - 2023,1.17
,South garo hills,2009 - 2010,2.05
,,2010 - 2011,1.98
,,2011 - 2012,2.05
,,2012 - 2013,3.23
,,2013 - 2014,3.27
,,2014 - 2015,3.31
,,2015 - 2016,3.52
,,2016 - 2017,3.51
,,2017 - 2018,3.52
,,2018 - 2019,3.52
,,2019 - 2020,3.53
,,2020 - 2021,3.53
,,2022 - 2023,4.96
,South west garo hills,2013 - 2014,1.26
,,2014 - 2015,1.35
,,2015 - 2016,1.36
,,2016 - 2017,1.36
,,2017 - 2018,1.37
,,2018 - 2019,1.37
,,2019 - 2020,1.37
,,2020 - 2021,1.37
,,2022 - 2023,1.38
,South west khasi hills,2013 - 2014,1.83
,,2014 - 2015,2.17
,,2015 - 2016,2.33
,,2016 - 2017,2.33
,,2017 - 2018,2.33
,,2018 - 2019,2.33
,,2019 - 2020,2.33
,,2020 - 2021,2.33
,,2022 - 2023,2.78
,West garo hills,2009 - 2010,0.83
,,2010 - 2011,0.83
,,2011 - 2012,0.83
,,2012 - 2013,1.19
,,2013 - 2014,1.2
,,2014 - 2015,1.22
,,2015 - 2016,1.26
,,2016 - 2017,1.26
,,2017 - 2018,1.26
,,2018 - 2019,1.26
,,2019 - 2020,1.27
,,2020 - 2021,1.27
,,2022 - 2023,1.27
,West jaintia hills,2013 - 2014,1.05
,,2014 - 2015,1.09
,,2015 - 2016,1.13
,,2016 - 2017,1.13
,,2017 - 2018,1.13
,,2018 - 2019,1.13
,,2019 - 2020,1.14
,,2020 - 2021,1.14
,,2022 - 2023,1.13
,West khasi hills,2009 - 2010,0.86
,,2010 - 2011,1.43
,,2011 - 2012,1.43
,,2012 - 2013,2.07
,,2013 - 2014,2.13
,,2014 - 2015,2.22
,,2015 - 2016,2.29
,,2016 - 2017,2.28
,,2017 - 2018,2.28
,,2018 - 2019,2.29
,,2019 - 2020,2.29
,,2020 - 2021,2.29
,,2022 - 2023,2.3
Mizoram,Aizawl,2001 - 2002,0.61
,,2003 - 2004,0.89
,,2005 - 2006,0.72
,Champhai,2003 - 2004,0.79
,,2005 - 2006,1.15
,Kolasib,2001 - 2002,
,,2003 - 2004,1.21
,,2005 - 2006,0.87
,Lawngtlai,2005 - 2006,
,Lunglei,2001 - 2002,1.09
,,2003 - 2004,1.33
,,2005 - 2006,0.83
,Mamit,2003 - 2004,1.29
,,2005 - 2006,0.82
,Saiha,2003 - 2004,0.6
,,2005 - 2006,
,Serchhip,2005 - 2006,0.9
Nagaland,Chumoukedima,2022 - 2023,1.09
,Dimapur,2000 - 2001,1.02
,,2001 - 2002,1.02
,,2002 - 2003,0.17
,,2003 - 2004,0.96
,,2004 - 2005,0.94
,,2005 - 2006,1.49
,,2006 - 2007,1.22
,,2007 - 2008,2.07
,,2008 - 2009,1.68
,,2009 - 2010,1.01
,,2011 - 2012,0.93
,,2012 - 2013,1.04
,,2013 - 2014,1.09
,,2014 - 2015,1.09
,,2015 - 2016,1.11
,,2016 - 2017,1.11
,,2017 - 2018,1.11
,,2018 - 2019,1.11
,,2019 - 2020,1.11
,,2020 - 2021,1.12
,,2021 - 2022,1.12
,,2022 - 2023,1.09
,Kiphire,2008 - 2009,1.3
,,2009 - 2010,1.03
,,2010 - 2011,
,,2011 - 2012,0.88
,,2012 - 2013,1.03
,,2013 - 2014,1.06
,,2014 - 2015,1.09
,,2015 - 2016,1.09
,,2016 - 2017,1.09
,,2017 - 2018,1.09
,,2018 - 2019,1.09
,,2019 - 2020,1.09
,,2020 - 2021,1.1
,,2021 - 2022,0.92
,,2022 - 2023,1.0
,Kohima,2000 - 2001,1.03
,,2001 - 2002,0.99
,,2002 - 2003,0.8
,,2003 - 2004,0.47
,,2004 - 2005,0.92
,,2005 - 2006,1.36
,,2006 - 2007,1.21
,,2007 - 2008,1.15
,,2008 - 2009,1.32
,,2009 - 2010,1.02
,,2010 - 2011,
,,2011 - 2012,0.89
,,2012 - 2013,1.05
,,2013 - 2014,1.08
,,2014 - 2015,1.09
,,2015 - 2016,1.09
,,2016 - 2017,1.09
,,2017 - 2018,1.09
,,2018 - 2019,1.09
,,2019 - 2020,1.09
,,2020 - 2021,1.11
,,2021 - 2022,1.1
,,2022 - 2023,1.09
,Longleng,2008 - 2009,1.27
,,2009 - 2010,1.0
,,2010 - 2011,
,,2011 - 2012,0.88
,,2012 - 2013,1.05
,,2013 - 2014,1.08
,,2014 - 2015,1.11
,,2015 - 2016,1.11
,,2016 - 2017,1.11
,,2017 - 2018,1.11
,,2018 - 2019,1.11
,,2019 - 2020,1.1
,,2020 - 2021,1.12
,,2021 - 2022,1.12
,,2022 - 2023,1.08
,Mokokchung,2000 - 2001,0.99
,,2001 - 2002,1.02
,,2002 - 2003,1.09
,,2003 - 2004,1.15
,,2004 - 2005,0.8
,,2005 - 2006,1.4
,,2006 - 2007,1.18
,,2007 - 2008,1.11
,,2008 - 2009,1.31
,,2009 - 2010,1.01
,,2010 - 2011,
,,2011 - 2012,0.91
,,2012 - 2013,1.05
,,2013 - 2014,1.08
,,2014 - 2015,1.09
,,2015 - 2016,1.09
,,2016 - 2017,1.11
,,2017 - 2018,1.11
,,2018 - 2019,1.11
,,2019 - 2020,1.11
,,2020 - 2021,1.12
,,2021 - 2022,1.12
,,2022 - 2023,1.02
,Mon,2000 - 2001,1.0
,,2001 - 2002,1.01
,,2002 - 2003,1.0
,,2003 - 2004,0.46
,,2004 - 2005,0.53
,,2005 - 2006,1.69
,,2006 - 2007,1.21
,,2007 - 2008,1.21
,,2008 - 2009,1.27
,,2009 - 2010,0.97
,,2010 - 2011,
,,2011 - 2012,0.91
,,2012 - 2013,1.06
,,2013 - 2014,1.08
,,2014 - 2015,1.08
,,2015 - 2016,1.08
,,2016 - 2017,1.08
,,2017 - 2018,1.09
,,2018 - 2019,1.09
,,2019 - 2020,1.09
,,2020 - 2021,1.1
,,2021 - 2022,1.11
,,2022 - 2023,1.09
,Noklak,2021 - 2022,1.13
,,2022 - 2023,1.12
,Nuiland,2022 - 2023,1.09
,Peren,2008 - 2009,1.3
,,2009 - 2010,0.96
,,2010 - 2011,
,,2011 - 2012,0.93
,,2012 - 2013,1.02
,,2013 - 2014,1.09
,,2014 - 2015,1.11
,,2015 - 2016,1.11
,,2016 - 2017,1.11
,,2017 - 2018,1.1
,,2018 - 2019,1.1
,,2019 - 2020,1.1
,,2020 - 2021,1.11
,,2021 - 2022,1.1
,,2022 - 2023,1.09
,Phek,2000 - 2001,0.99
,,2001 - 2002,1.02
,,2002 - 2003,0.91
,,2003 - 2004,0.86
,,2004 - 2005,0.79
,,2005 - 2006,1.35
,,2006 - 2007,1.2
,,2007 - 2008,1.24
,,2008 - 2009,1.63
,,2009 - 2010,1.01
,,2010 - 2011,
,,2011 - 2012,0.92
,,2012 - 2013,1.04
,,2013 - 2014,1.07
,,2014 - 2015,1.1
,,2015 - 2016,1.1
,,2016 - 2017,1.09
,,2017 - 2018,1.11
,,2018 - 2019,1.11
,,2019 - 2020,1.11
,,2020 - 2021,1.12
,,2021 - 2022,1.12
,,2022 - 2023,1.08
,Shamator,2022 - 2023,1.07
,Tseminyu,2022 - 2023,1.09
,Tuensang,2000 - 2001,0.98
,,2001 - 2002,1.0
,,2002 - 2003,0.92
,,2003 - 2004,0.49
,,2004 - 2005,0.56
,,2005 - 2006,1.45
,,2006 - 2007,1.21
,,2007 - 2008,1.16
,,2008 - 2009,1.25
,,2009 - 2010,0.96
,,2010 - 2011,
,,2011 - 2012,0.88
,,2012 - 2013,1.05
,,2013 - 2014,1.07
,,2014 - 2015,1.1
,,2015 - 2016,1.1
,,2016 - 2017,1.11
,,2017 - 2018,1.11
,,2018 - 2019,1.11
,,2019 - 2020,1.11
,,2020 - 2021,1.12
,,2021 - 2022,0.98
,,2022 - 2023,1.08
,Wokha,2000 - 2001,1.0
,,2001 - 2002,0.98
,,2002 - 2003,0.78
,,2003 - 2004,0.55
,,2004 - 2005,0.8
,,2005 - 2006,1.48
,,2006 - 2007,1.19
,,2007 - 2008,2.12
,,2008 - 2009,1.3
,,2009 - 2010,1.03
,,2010 - 2011,
,,2011 - 2012,0.93
,,2012 - 2013,1.05
,,2013 - 2014,1.08
,,2014 - 2015,1.11
,,2015 - 2016,1.12
,,2016 - 2017,1.12
,,2017 - 2018,1.1
,,2018 - 2019,1.1
,,2019 - 2020,1.1
,,2020 - 2021,1.11
,,2021 - 2022,1.12
,,2022 - 2023,1.07
,Zunheboto,2000 - 2001,0.99
,,2001 - 2002,0.96
,,2002 - 2003,0.89
,,2003 - 2004,0.52
,,2004 - 2005,0.63
,,2005 - 2006,1.68
,,2006 - 2007,1.21
,,2007 - 2008,1.06
,,2008 - 2009,1.29
,,2009 - 2010,0.98
,,2010 - 2011,
,,2011 - 2012,0.9
,,2012 - 2013,1.05
,,2013 - 2014,1.07
,,2014 - 2015,1.1
,,2015 - 2016,1.1
,,2016 - 2017,1.1
,,2017 - 2018,1.1
,,2018 - 2019,1.1
,,2019 - 2020,1.1
,,2020 - 2021,1.11
,,2021 - 2022,1.11
,,2022 - 2023,1.1
Odisha,Anugul,2019 - 2020,0.78
,Balangir,2019 - 2020,0.79
,Baleshwar,2019 - 2020,0.77
,Bargarh,2019 - 2020,0.89
,Bhadrak,2019 - 2020,0.8
,Boudh,2019 - 2020,0.81
,Cuttack,2019 - 2020,0.77
,Deogarh,2019 - 2020,0.71
,Dhenkanal,2019 - 2020,0.76
,Gajapati,2019 - 2020,0.76
,Ganjam,2019 - 2020,0.77
,Jagatsinghapur,2019 - 2020,0.8
,Jajapur,2019 - 2020,0.74
,Jharsuguda,2019 - 2020,0.79
,Kalahandi,2019 - 2020,0.76
,Kandhamal,2019 - 2020,0.73
,Kendrapara,2019 - 2020,0.79
,Kendujhar,2019 - 2020,0.74
,Khordha,2019 - 2020,0.76
,Koraput,2019 - 2020,0.74
,Malkangiri,2019 - 2020,0.77
,Mayurbhanj,2019 - 2020,0.78
,Nabarangpur,2019 - 2020,0.77
,Nayagarh,2019 - 2020,0.75
,Nuapada,2019 - 2020,0.68
,Puri,2019 - 2020,0.83
,Rayagada,2019 - 2020,0.74
,Sambalpur,2019 - 2020,0.78
,Sonepur,2019 - 2020,0.79
,Sundargarh,2019 - 2020,0.75
Punjab,Amritsar,2005 - 2006,1.33
,,2006 - 2007,1.0
,,2010 - 2011,1.25
,,2011 - 2012,1.0
,,2014 - 2015,1.08
,,2015 - 2016,1.5
,,2016 - 2017,1.0
,,2017 - 2018,0.38
,,2018 - 2019,0.57
,,2019 - 2020,0.56
,,2021 - 2022,0.5
,Firozepur,2005 - 2006,1.0
,,2006 - 2007,1.0
,,2008 - 2009,1.0
,,2014 - 2015,0.9
,,2016 - 2017,1.0
,,2017 - 2018,1.0
,,2018 - 2019,1.5
,,2019 - 2020,1.0
,,2021 - 2022,1.0
,Gurdaspur,2005 - 2006,0.0
,,2006 - 2007,1.0
,,2009 - 2010,1.0
,,2010 - 2011,1.0
,,2011 - 2012,1.0
,,2014 - 2015,0.9
,,2019 - 2020,1.0
,Hoshiarpur,2005 - 2006,1.0
,,2006 - 2007,1.0
,,2008 - 2009,1.0
,,2009 - 2010,1.0
,,2010 - 2011,1.0
,,2011 - 2012,1.33
,,2012 - 2013,1.0
,,2013 - 2014,1.3
,,2014 - 2015,1.3
,,2015 - 2016,1.5
,,2016 - 2017,1.5
,,2021 - 2022,1.0
,Jalandhar,2005 - 2006,1.0
,,2006 - 2007,1.0
,,2008 - 2009,1.0
,,2009 - 2010,1.0
,,2010 - 2011,1.0
,,2013 - 2014,1.05
,,2014 - 2015,1.1
,,2015 - 2016,1.0
,,2016 - 2017,1.0
,,2017 - 2018,1.0
,,2018 - 2019,1.0
,,2019 - 2020,1.0
,,2021 - 2022,1.0
,Kapurthala,2005 - 2006,1.0
,,2006 - 2007,1.0
,,2010 - 2011,1.0
,,2014 - 2015,1.4
,,2015 - 2016,2.0
,,2017 - 2018,1.0
,,2018 - 2019,2.0
,,2021 - 2022,1.0
,Ludhiana,2005 - 2006,1.25
,,2006 - 2007,1.4
,,2008 - 2009,1.5
,,2009 - 2010,1.33
,,2010 - 2011,1.33
,,2011 - 2012,1.33
,,2012 - 2013,1.67
,,2013 - 2014,1.5
,,2014 - 2015,1.5
,,2015 - 2016,1.5
,,2016 - 2017,1.5
,,2017 - 2018,3.0
,,2018 - 2019,1.0
,,2019 - 2020,1.0
,,2020 - 2021,1.5
,,2021 - 2022,1.0
,Mansa,2018 - 2019,1.0
,Moga,2015 - 2016,1.0
,Muktsar,2005 - 2006,1.0
,,2006 - 2007,1.0
,Nawanshahr,2011 - 2012,1.0
,,2013 - 2014,1.7
,,2014 - 2015,1.2
,,2015 - 2016,2.0
,,2018 - 2019,1.0
,,2021 - 2022,1.0
,Patiala,2005 - 2006,1.29
,,2006 - 2007,1.25
,,2008 - 2009,1.25
,,2009 - 2010,1.17
,,2010 - 2011,1.29
,,2011 - 2012,1.29
,,2014 - 2015,1.15
,,2015 - 2016,1.5
,,2016 - 2017,1.5
,,2018 - 2019,1.5
,,2021 - 2022,1.06
,Sangrur,2005 - 2006,1.0
,,2006 - 2007,1.0
,,2008 - 2009,1.0
,,2009 - 2010,1.0
,,2010 - 2011,1.67
,,2011 - 2012,1.33
,,2012 - 2013,1.33
,,2014 - 2015,1.03
,,2015 - 2016,1.75
,,2016 - 2017,2.0
,,2017 - 2018,1.8
,,2018 - 2019,1.75
,,2019 - 2020,1.5
,,2021 - 2022,1.67
,Tarn taran,2006 - 2007,1.0
,,2008 - 2009,0.0
,,2009 - 2010,1.0
,,2010 - 2011,1.5
,,2011 - 2012,1.0
,,2012 - 2013,1.0
,,2013 - 2014,1.7
,,2015 - 2016,1.0
,,2016 - 2017,1.5
,,2017 - 2018,0.5
,,2019 - 2020,1.0
,,2021 - 2022,1.0
Rajasthan,Ajmer,2000 - 2001,1.66
,,2001 - 2002,1.41
,,2002 - 2003,1.09
,,2003 - 2004,1.76
,,2005 - 2006,2.43
,,2006 - 2007,1.71
,,2013 - 2014,1.79
,,2014 - 2015,1.85
,,2015 - 2016,1.83
,,2016 - 2017,1.57
,,2017 - 2018,1.79
,,2018 - 2019,2.79
,,2019 - 2020,3.85
,,2020 - 2021,2.33
,,2021 - 2022,3.86
,,2022 - 2023,2.8
,Alwar,2000 - 2001,1.15
,,2001 - 2002,1.11
,,2002 - 2003,1.21
,,2003 - 2004,1.94
,,2005 - 2006,2.0
,,2006 - 2007,0.98
,,2007 - 2008,1.65
,,2008 - 2009,0.55
,,2009 - 2010,0.55
,,2010 - 2011,1.76
,,2011 - 2012,1.0
,,2012 - 2013,0.52
,,2013 - 2014,0.98
,,2014 - 2015,2.81
,,2015 - 2016,3.31
,,2016 - 2017,2.48
,,2017 - 2018,2.45
,,2018 - 2019,2.93
,,2019 - 2020,3.53
,,2020 - 2021,2.92
,,2021 - 2022,3.64
,,2022 - 2023,3.47
,Banswara,2000 - 2001,0.8
,,2001 - 2002,0.75
,,2002 - 2003,0.25
,,2003 - 2004,0.75
,,2004 - 2005,0.7
,,2005 - 2006,0.71
,,2006 - 2007,1.5
,,2007 - 2008,0.75
,,2009 - 2010,0.5
,,2010 - 2011,0.5
,,2011 - 2012,1.0
,,2012 - 2013,0.83
,,2013 - 2014,0.5
,,2014 - 2015,1.0
,,2015 - 2016,1.0
,,2016 - 2017,0.75
,,2018 - 2019,7.63
,,2019 - 2020,1.0
,Baran,2000 - 2001,1.29
,,2001 - 2002,1.59
,,2002 - 2003,1.86
,,2003 - 2004,1.41
,,2004 - 2005,0.0
,,2005 - 2006,2.82
,,2006 - 2007,1.89
,,2007 - 2008,2.02
,,2008 - 2009,2.19
,,2009 - 2010,1.7
,,2010 - 2011,1.78
,,2011 - 2012,2.14
,,2012 - 2013,2.11
,,2013 - 2014,1.39
,,2014 - 2015,1.46
,,2015 - 2016,1.67
,,2016 - 2017,3.58
,,2017 - 2018,1.88
,,2018 - 2019,2.09
,,2019 - 2020,2.34
,,2020 - 2021,2.48
,,2021 - 2022,2.03
,,2022 - 2023,2.17
,Barmer,2006 - 2007,1.25
,,2013 - 2014,1.0
,,2016 - 2017,0.0
,Bharatpur,2000 - 2001,1.69
,,2001 - 2002,1.85
,,2002 - 2003,1.22
,,2003 - 2004,1.74
,,2005 - 2006,1.65
,,2006 - 2007,1.83
,,2007 - 2008,1.28
,,2008 - 2009,1.97
,,2009 - 2010,2.52
,,2010 - 2011,1.65
,,2011 - 2012,1.5
,,2012 - 2013,1.48
,,2013 - 2014,1.52
,,2014 - 2015,1.55
,,2015 - 2016,5.19
,,2016 - 2017,4.84
,,2017 - 2018,5.78
,,2018 - 2019,5.61
,,2019 - 2020,4.57
,,2020 - 2021,4.76
,,2021 - 2022,6.34
,,2022 - 2023,2.98
,Bhilwara,2000 - 2001,1.09
,,2001 - 2002,0.89
,,2002 - 2003,1.25
,,2003 - 2004,1.18
,,2005 - 2006,0.96
,,2006 - 2007,1.0
,,2007 - 2008,1.75
,,2008 - 2009,1.0
,,2009 - 2010,0.97
,,2010 - 2011,1.0
,,2011 - 2012,1.26
,,2012 - 2013,0.1
,,2013 - 2014,3.69
,,2014 - 2015,3.75
,,2015 - 2016,4.1
,,2016 - 2017,1.31
,,2017 - 2018,3.94
,,2018 - 2019,5.44
,,2019 - 2020,2.37
,,2020 - 2021,2.97
,,2021 - 2022,2.05
,,2022 - 2023,1.91
,Bikaner,2000 - 2001,1.3
,,2001 - 2002,0.53
,,2002 - 2003,0.5
,,2003 - 2004,0.49
,,2005 - 2006,1.0
,,2006 - 2007,1.0
,,2008 - 2009,1.0
,,2010 - 2011,1.0
,,2011 - 2012,1.0
,,2012 - 2013,1.0
,,2014 - 2015,0.64
,,2015 - 2016,5.0
,,2016 - 2017,1.0
,,2017 - 2018,1.14
,,2018 - 2019,1.27
,,2019 - 2020,1.07
,,2020 - 2021,1.12
,,2021 - 2022,1.06
,,2022 - 2023,15.0
,Bundi,2000 - 2001,0.91
,,2001 - 2002,1.02
,,2002 - 2003,1.0
,,2003 - 2004,1.48
,,2005 - 2006,6.33
,,2006 - 2007,1.55
,,2007 - 2008,1.01
,,2008 - 2009,1.49
,,2009 - 2010,1.95
,,2010 - 2011,0.57
,,2011 - 2012,2.01
,,2012 - 2013,2.98
,,2013 - 2014,3.01
,,2014 - 2015,3.0
,,2015 - 2016,3.03
,,2016 - 2017,2.84
,,2017 - 2018,2.79
,,2018 - 2019,2.76
,,2019 - 2020,3.8
,,2020 - 2021,2.98
,,2021 - 2022,3.61
,,2022 - 2023,3.56
,Chittorgarh,2000 - 2001,2.19
,,2001 - 2002,0.9
,,2002 - 2003,0.6
,,2003 - 2004,0.6
,,2005 - 2006,0.8
,,2006 - 2007,2.0
,,2007 - 2008,2.09
,,2008 - 2009,1.2
,,2009 - 2010,1.0
,,2010 - 2011,1.09
,,2011 - 2012,1.0
,,2012 - 2013,1.1
,,2013 - 2014,2.0
,,2014 - 2015,3.76
,,2015 - 2016,4.0
,,2016 - 2017,2.59
,,2017 - 2018,3.8
,,2018 - 2019,4.02
,,2019 - 2020,3.72
,,2020 - 2021,4.39
,,2021 - 2022,3.67
,,2022 - 2023,4.41
,Churu,2013 - 2014,1.0
,,2014 - 2015,1.0
,,2016 - 2017,1.5
,,2017 - 2018,1.0
,,2018 - 2019,3.57
,,2019 - 2020,4.5
,,2020 - 2021,3.0
,,2021 - 2022,13.0
,,2022 - 2023,4.0
,Dausa,2000 - 2001,1.44
,,2001 - 2002,1.59
,,2002 - 2003,1.35
,,2003 - 2004,1.95
,,2005 - 2006,1.37
,,2006 - 2007,0.7
,,2007 - 2008,1.56
,,2008 - 2009,2.0
,,2009 - 2010,3.08
,,2010 - 2011,1.6
,,2011 - 2012,1.13
,,2012 - 2013,1.43
,,2013 - 2014,2.0
,,2014 - 2015,0.47
,,2015 - 2016,0.66
,,2016 - 2017,1.38
,,2017 - 2018,2.27
,,2018 - 2019,1.92
,,2019 - 2020,2.65
,,2020 - 2021,1.76
,,2021 - 2022,2.67
,,2022 - 2023,3.56
,Dholpur,2000 - 2001,0.77
,,2001 - 2002,0.84
,,2002 - 2003,0.84
,,2003 - 2004,1.8
,,2005 - 2006,1.0
,,2006 - 2007,1.57
,,2007 - 2008,1.51
,,2008 - 2009,1.51
,,2009 - 2010,1.51
,,2010 - 2011,1.51
,,2011 - 2012,2.0
,,2012 - 2013,2.39
,,2013 - 2014,1.71
,,2014 - 2015,1.64
,,2015 - 2016,1.87
,,2016 - 2017,1.95
,,2017 - 2018,1.99
,,2018 - 2019,1.81
,,2019 - 2020,1.78
,,2020 - 2021,4.46
,,2021 - 2022,5.0
,,2022 - 2023,5.0
,Dungarpur,2004 - 2005,1.0
,Ganganagar,2000 - 2001,2.0
,,2001 - 2002,2.0
,,2002 - 2003,2.0
,,2003 - 2004,7.0
,,2005 - 2006,10.0
,,2006 - 2007,8.0
,,2007 - 2008,8.0
,,2008 - 2009,8.0
,,2009 - 2010,2.0
,,2010 - 2011,2.0
,,2013 - 2014,3.0
,,2014 - 2015,2.0
,,2015 - 2016,2.0
,,2016 - 2017,3.86
,,2017 - 2018,0.44
,,2018 - 2019,1.02
,,2019 - 2020,0.69
,,2020 - 2021,3.97
,,2021 - 2022,1.61
,,2022 - 2023,2.51
,Hanumangarh,2000 - 2001,2.0
,,2001 - 2002,2.0
,,2002 - 2003,1.0
,,2003 - 2004,2.0
,,2005 - 2006,1.0
,,2006 - 2007,0.93
,,2009 - 2010,0.0
,,2010 - 2011,0.5
,,2011 - 2012,0.25
,,2013 - 2014,11.38
,,2014 - 2015,11.23
,,2015 - 2016,1.51
,,2016 - 2017,11.36
,,2017 - 2018,11.42
,,2018 - 2019,13.79
,,2019 - 2020,14.0
,,2020 - 2021,10.64
,,2021 - 2022,13.19
,,2022 - 2023,15.61
,Jaipur,2000 - 2001,2.43
,,2001 - 2002,2.35
,,2002 - 2003,2.48
,,2003 - 2004,2.14
,,2005 - 2006,2.09
,,2006 - 2007,2.22
,,2013 - 2014,1.33
,,2014 - 2015,2.14
,,2015 - 2016,1.78
,,2016 - 2017,2.12
,,2017 - 2018,1.83
,,2018 - 2019,1.39
,,2019 - 2020,1.82
,,2020 - 2021,1.85
,,2021 - 2022,1.49
,,2022 - 2023,1.19
,Jaisalmer,2007 - 2008,0.33
,,2009 - 2010,0.56
,,2014 - 2015,1.0
,,2015 - 2016,1.0
,,2016 - 2017,2.0
,,2020 - 2021,2.0
,Jalore,2005 - 2006,2.0
,,2006 - 2007,2.0
,,2013 - 2014,3.0
,,2014 - 2015,1.0
,,2016 - 2017,1.0
,,2017 - 2018,2.0
,,2019 - 2020,0.0
,,2020 - 2021,2.5
,,2021 - 2022,1.29
,,2022 - 2023,1.31
,Jhalawar,2000 - 2001,1.74
,,2001 - 2002,2.26
,,2002 - 2003,1.47
,,2003 - 2004,2.45
,,2004 - 2005,0.99
,,2005 - 2006,1.53
,,2006 - 2007,4.89
,,2007 - 2008,0.29
,,2008 - 2009,0.42
,,2009 - 2010,2.0
,,2010 - 2011,0.67
,,2011 - 2012,1.5
,,2012 - 2013,4.0
,,2013 - 2014,4.0
,,2014 - 2015,2.07
,,2015 - 2016,3.54
,,2016 - 2017,3.0
,,2017 - 2018,1.35
,,2018 - 2019,1.67
,,2019 - 2020,0.47
,,2020 - 2021,3.24
,,2021 - 2022,2.39
,,2022 - 2023,2.93
,Jhunjhunu,2000 - 2001,1.0
,,2001 - 2002,2.0
,,2002 - 2003,2.0
,,2003 - 2004,2.0
,,2004 - 2005,0.0
,,2007 - 2008,1.31
,,2008 - 2009,2.0
,,2011 - 2012,1.98
,,2013 - 2014,1.99
,,2014 - 2015,1.99
,,2015 - 2016,2.0
,,2016 - 2017,1.0
,,2017 - 2018,1.0
,,2018 - 2019,1.0
,,2019 - 2020,0.7
,,2020 - 2021,0.58
,,2021 - 2022,0.4
,,2022 - 2023,4.74
,Jodhpur,2000 - 2001,0.8
,,2001 - 2002,1.87
,,2002 - 2003,1.74
,,2003 - 2004,0.8
,,2006 - 2007,12.0
,,2015 - 2016,1.0
,,2016 - 2017,4.0
,,2017 - 2018,4.0
,,2018 - 2019,4.0
,,2019 - 2020,0.0
,,2020 - 2021,4.0
,,2021 - 2022,6.25
,Karauli,2000 - 2001,1.2
,,2001 - 2002,1.31
,,2002 - 2003,1.67
,,2003 - 2004,1.08
,,2005 - 2006,1.2
,,2007 - 2008,2.0
,,2008 - 2009,2.0
,,2009 - 2010,2.0
,,2010 - 2011,1.5
,,2012 - 2013,1.0
,,2013 - 2014,1.0
,,2014 - 2015,1.0
,,2015 - 2016,3.2
,,2016 - 2017,3.11
,,2017 - 2018,2.86
,,2018 - 2019,2.78
,,2019 - 2020,1.92
,,2020 - 2021,1.45
,,2021 - 2022,1.33
,,2022 - 2023,6.67
,Kota,2000 - 2001,1.92
,,2001 - 2002,2.54
,,2002 - 2003,2.09
,,2003 - 2004,2.32
,,2005 - 2006,1.5
,,2006 - 2007,1.49
,,2007 - 2008,1.51
,,2008 - 2009,1.61
,,2009 - 2010,1.61
,,2010 - 2011,1.6
,,2011 - 2012,1.4
,,2012 - 2013,1.5
,,2013 - 2014,1.5
,,2014 - 2015,2.43
,,2015 - 2016,4.0
,,2016 - 2017,2.51
,,2017 - 2018,1.15
,,2018 - 2019,2.0
,,2019 - 2020,2.47
,,2020 - 2021,2.92
,,2021 - 2022,2.84
,,2022 - 2023,2.96
,Nagaur,2000 - 2001,1.12
,,2001 - 2002,1.03
,,2002 - 2003,1.06
,,2003 - 2004,1.73
,,2005 - 2006,1.68
,,2006 - 2007,1.84
,,2007 - 2008,1.26
,,2008 - 2009,1.87
,,2009 - 2010,1.86
,,2010 - 2011,1.25
,,2011 - 2012,1.86
,,2012 - 2013,2.0
,,2013 - 2014,1.54
,,2014 - 2015,2.34
,,2015 - 2016,2.32
,,2016 - 2017,5.79
,,2017 - 2018,5.7
,,2018 - 2019,1.9
,,2019 - 2020,1.79
,,2020 - 2021,4.41
,,2021 - 2022,4.11
,,2022 - 2023,3.98
,Pali,2000 - 2001,1.26
,,2001 - 2002,1.11
,,2002 - 2003,0.96
,,2003 - 2004,1.0
,,2005 - 2006,0.86
,,2006 - 2007,1.21
,,2013 - 2014,1.86
,,2014 - 2015,1.0
,,2017 - 2018,1.91
,,2018 - 2019,1.33
,,2019 - 2020,1.93
,,2020 - 2021,1.3
,,2021 - 2022,1.13
,,2022 - 2023,1.38
,Pratapgarh,2009 - 2010,1.52
,,2010 - 2011,5.13
,,2012 - 2013,1.0
,,2013 - 2014,1.83
,,2014 - 2015,2.51
,,2015 - 2016,1.0
,,2016 - 2017,1.27
,,2017 - 2018,2.0
,,2018 - 2019,1.06
,,2019 - 2020,1.07
,,2020 - 2021,1.21
,,2021 - 2022,1.38
,,2022 - 2023,1.2
,Rajsamand,2000 - 2001,1.0
,,2001 - 2002,1.3
,,2002 - 2003,2.0
,,2003 - 2004,0.0
,,2005 - 2006,2.0
,,2006 - 2007,0.5
,,2013 - 2014,3.0
,,2014 - 2015,3.0
,,2015 - 2016,3.0
,,2016 - 2017,3.0
,,2017 - 2018,3.0
,,2018 - 2019,3.0
,,2019 - 2020,3.0
,,2020 - 2021,3.0
,,2021 - 2022,3.0
,,2022 - 2023,3.0
,Sawai madhopur,2000 - 2001,0.91
,,2001 - 2002,1.02
,,2002 - 2003,1.11
,,2003 - 2004,1.43
,,2005 - 2006,1.0
,,2006 - 2007,1.75
,,2007 - 2008,0.51
,,2008 - 2009,1.0
,,2009 - 2010,0.72
,,2010 - 2011,0.96
,,2011 - 2012,1.0
,,2012 - 2013,0.95
,,2013 - 2014,0.5
,,2014 - 2015,0.8
,,2015 - 2016,1.0
,,2016 - 2017,2.05
,,2017 - 2018,1.0
,,2018 - 2019,1.0
,,2019 - 2020,1.0
,,2020 - 2021,1.0
,,2021 - 2022,7.52
,,2022 - 2023,1.34
,Sikar,2000 - 2001,1.0
,,2001 - 2002,1.0
,,2002 - 2003,1.0
,,2003 - 2004,1.5
,,2013 - 2014,8.43
,,2014 - 2015,8.31
,,2015 - 2016,8.0
,,2016 - 2017,8.07
,,2017 - 2018,8.24
,,2018 - 2019,8.03
,,2019 - 2020,8.05
,,2020 - 2021,8.06
,,2021 - 2022,12.54
,,2022 - 2023,1.38
,Sirohi,2000 - 2001,1.0
,,2001 - 2002,1.0
,,2002 - 2003,1.0
,,2003 - 2004,1.0
,,2004 - 2005,0.51
,,2006 - 2007,1.0
,,2013 - 2014,9.4
,,2014 - 2015,2.65
,,2015 - 2016,10.0
,,2016 - 2017,10.0
,,2017 - 2018,10.0
,,2018 - 2019,7.6
,,2019 - 2020,10.0
,,2020 - 2021,9.37
,,2021 - 2022,10.0
,,2022 - 2023,10.0
,Tonk,2000 - 2001,3.87
,,2001 - 2002,3.27
,,2002 - 2003,3.52
,,2003 - 2004,3.73
,,2004 - 2005,0.97
,,2005 - 2006,3.77
,,2006 - 2007,1.0
,,2007 - 2008,0.79
,,2008 - 2009,1.0
,,2009 - 2010,1.0
,,2010 - 2011,1.0
,,2012 - 2013,2.0
,,2013 - 2014,1.0
,,2014 - 2015,1.0
,,2015 - 2016,1.0
,,2016 - 2017,0.94
,,2017 - 2018,1.0
,,2018 - 2019,1.0
,,2019 - 2020,1.0
,,2020 - 2021,1.0
,,2021 - 2022,1.0
,,2022 - 2023,1.0
,Udaipur,2000 - 2001,2.0
,,2001 - 2002,2.96
,,2002 - 2003,2.5
,,2003 - 2004,1.7
,,2004 - 2005,1.56
,,2005 - 2006,3.54
,,2007 - 2008,1.0
,,2008 - 2009,4.0
,,2012 - 2013,1.0
,,2013 - 2014,1.75
,,2014 - 2015,2.09
,,2015 - 2016,2.87
,,2016 - 2017,2.04
,,2017 - 2018,2.74
,,2018 - 2019,1.66
,,2019 - 2020,2.28
,,2020 - 2021,2.33
,,2021 - 2022,2.94
,,2022 - 2023,2.11
Tripura,Dhalai,2004 - 2005,0.61
,,2005 - 2006,0.32
,,2006 - 2007,0.82
,,2007 - 2008,0.73
,,2008 - 2009,1.31
,,2009 - 2010,0.81
,,2010 - 2011,0.84
,,2011 - 2012,0.82
,,2012 - 2013,0.81
,,2013 - 2014,1.03
,,2014 - 2015,0.99
,,2015 - 2016,0.95
,,2016 - 2017,0.97
,,2017 - 2018,0.98
,,2018 - 2019,0.99
,,2019 - 2020,1.02
,,2020 - 2021,0.96
,,2021 - 2022,0.99
,,2022 - 2023,1.05
,Gomati,2012 - 2013,0.92
,,2013 - 2014,0.88
,,2014 - 2015,0.93
,,2015 - 2016,0.91
,,2016 - 2017,0.94
,,2017 - 2018,1.04
,,2018 - 2019,0.89
,,2019 - 2020,0.91
,,2020 - 2021,0.85
,,2021 - 2022,0.85
,,2022 - 2023,0.92
,Khowai,2012 - 2013,0.67
,,2013 - 2014,0.86
,,2014 - 2015,0.8
,,2015 - 2016,0.83
,,2016 - 2017,0.83
,,2017 - 2018,0.84
,,2018 - 2019,0.88
,,2019 - 2020,0.95
,,2020 - 2021,0.92
,,2021 - 2022,0.91
,,2022 - 2023,1.03
,North tripura,2004 - 2005,0.69
,,2005 - 2006,0.61
,,2006 - 2007,0.67
,,2007 - 2008,0.58
,,2008 - 2009,0.68
,,2009 - 2010,0.7
,,2010 - 2011,0.72
,,2011 - 2012,0.74
,,2012 - 2013,0.75
,,2013 - 2014,0.84
,,2014 - 2015,0.81
,,2015 - 2016,0.83
,,2016 - 2017,0.86
,,2017 - 2018,0.85
,,2018 - 2019,0.76
,,2019 - 2020,0.76
,,2020 - 2021,0.8
,,2021 - 2022,0.78
,,2022 - 2023,0.84
,Sepahijala,2012 - 2013,0.73
,,2013 - 2014,0.82
,,2014 - 2015,0.82
,,2015 - 2016,0.85
,,2016 - 2017,0.85
,,2017 - 2018,0.81
,,2018 - 2019,0.83
,,2019 - 2020,0.83
,,2020 - 2021,0.88
,,2021 - 2022,0.84
,,2022 - 2023,0.97
,South tripura,2004 - 2005,0.81
,,2005 - 2006,0.96
,,2006 - 2007,0.89
,,2007 - 2008,0.82
,,2008 - 2009,0.84
,,2009 - 2010,0.79
,,2010 - 2011,0.8
,,2011 - 2012,0.81
,,2012 - 2013,0.81
,,2013 - 2014,0.89
,,2014 - 2015,0.86
,,2015 - 2016,0.89
,,2016 - 2017,0.92
,,2017 - 2018,0.91
,,2018 - 2019,0.92
,,2019 - 2020,0.94
,,2020 - 2021,0.91
,,2021 - 2022,0.9
,,2022 - 2023,0.97
,Unakoti,2012 - 2013,0.68
,,2013 - 2014,0.77
,,2014 - 2015,0.77
,,2015 - 2016,0.81
,,2016 - 2017,0.79
,,2017 - 2018,0.78
,,2018 - 2019,0.65
,,2019 - 2020,0.64
,,2020 - 2021,0.68
,,2021 - 2022,0.67
,,2022 - 2023,0.78
,West tripura,2004 - 2005,0.64
,,2005 - 2006,0.49
,,2006 - 2007,0.58
,,2007 - 2008,0.64
,,2008 - 2009,0.64
,,2009 - 2010,0.66
,,2010 - 2011,0.7
,,2011 - 2012,0.75
,,2012 - 2013,0.68
,,2013 - 2014,0.76
,,2014 - 2015,0.75
,,2015 - 2016,0.82
,,2016 - 2017,0.79
,,2017 - 2018,0.77
,,2018 - 2019,0.8
,,2019 - 2020,0.81
,,2020 - 2021,0.83
,,2021 - 2022,0.81
,,2022 - 2023,0.94
Uttar Pradesh,Agra,2000 - 2001,1.91
,,2001 - 2002,1.78
,,2002 - 2003,1.67
,,2003 - 2004,2.03
,,2008 - 2009,1.21
,,2009 - 2010,1.28
,,2010 - 2011,2.38
,,2011 - 2012,1.66
,,2012 - 2013,2.07
,,2013 - 2014,2.19
,,2014 - 2015,0.45
,,2015 - 2016,0.99
,,2016 - 2017,2.81
,,2017 - 2018,2.33
,,2018 - 2019,1.63
,,2019 - 2020,2.77
,,2020 - 2021,3.23
,,2021 - 2022,3.24
,,2022 - 2023,1.55
,Aligarh,2000 - 2001,1.91
,,2001 - 2002,1.78
,,2002 - 2003,1.67
,,2003 - 2004,2.03
,,2008 - 2009,1.21
,,2009 - 2010,1.28
,,2010 - 2011,1.17
,,2011 - 2012,1.43
,,2012 - 2013,1.5
,,2013 - 2014,0.99
,,2014 - 2015,1.3
,,2015 - 2016,0.99
,,2016 - 2017,1.38
,,2017 - 2018,1.47
,,2018 - 2019,1.62
,,2019 - 2020,1.65
,,2020 - 2021,1.55
,,2021 - 2022,1.63
,,2022 - 2023,1.55
,Allahabad,2000 - 2001,1.1
,,2001 - 2002,1.04
,,2003 - 2004,0.86
,,2008 - 2009,0.82
,,2009 - 2010,0.82
,,2010 - 2011,0.9
,,2011 - 2012,1.13
,,2012 - 2013,1.16
,,2013 - 2014,1.06
,,2014 - 2015,0.66
,,2015 - 2016,0.48
,,2016 - 2017,1.56
,,2017 - 2018,0.71
,,2018 - 2019,1.44
,,2019 - 2020,1.13
,,2020 - 2021,1.23
,,2021 - 2022,1.43
,,2022 - 2023,1.52
,Ambedkar nagar,2000 - 2001,1.01
,,2001 - 2002,0.73
,,2002 - 2003,0.64
,,2003 - 2004,1.12
,,2008 - 2009,1.21
,,2009 - 2010,1.28
,,2010 - 2011,1.19
,,2011 - 2012,1.08
,,2012 - 2013,0.87
,,2013 - 2014,0.25
,,2014 - 2015,0.65
,,2015 - 2016,0.99
,,2016 - 2017,0.61
,,2017 - 2018,1.47
,,2018 - 2019,1.62
,,2019 - 2020,1.65
,,2020 - 2021,1.56
,,2021 - 2022,1.63
,,2022 - 2023,1.55
,Amethi,2010 - 2011,1.19
,,2011 - 2012,1.08
,,2012 - 2013,0.87
,,2013 - 2014,0.25
,,2014 - 2015,0.65
,,2015 - 2016,1.0
,,2016 - 2017,0.61
,,2017 - 2018,1.47
,,2018 - 2019,1.62
,,2019 - 2020,1.64
,,2020 - 2021,1.56
,,2021 - 2022,1.63
,,2022 - 2023,1.55
,Amroha,2000 - 2001,1.03
,,2001 - 2002,1.21
,,2002 - 2003,1.23
,,2003 - 2004,1.37
,,2008 - 2009,1.21
,,2009 - 2010,1.28
,,2010 - 2011,1.16
,,2011 - 2012,1.65
,,2012 - 2013,1.29
,,2013 - 2014,1.0
,,2014 - 2015,0.96
,,2015 - 2016,0.89
,,2016 - 2017,0.94
,,2017 - 2018,0.95
,,2018 - 2019,1.02
,,2019 - 2020,1.22
,,2020 - 2021,1.1
,,2021 - 2022,4.62
,,2022 - 2023,1.55
,Auraiya,2000 - 2001,1.77
,,2001 - 2002,1.81
,,2002 - 2003,1.55
,,2003 - 2004,1.85
,,2008 - 2009,1.69
,,2009 - 2010,1.39
,,2010 - 2011,1.46
,,2011 - 2012,1.54
,,2012 - 2013,1.61
,,2013 - 2014,1.75
,,2014 - 2015,0.56
,,2015 - 2016,1.33
,,2016 - 2017,1.58
,,2017 - 2018,1.65
,,2018 - 2019,1.5
,,2019 - 2020,0.96
,,2020 - 2021,1.29
,,2021 - 2022,1.62
,,2022 - 2023,1.55
,Azamgarh,2000 - 2001,1.39
,,2001 - 2002,1.07
,,2002 - 2003,0.99
,,2003 - 2004,1.2
,,2008 - 2009,1.26
,,2009 - 2010,1.21
,,2010 - 2011,1.27
,,2011 - 2012,1.36
,,2012 - 2013,1.48
,,2013 - 2014,0.57
,,2014 - 2015,1.43
,,2015 - 2016,0.91
,,2016 - 2017,1.46
,,2017 - 2018,1.02
,,2018 - 2019,1.29
,,2019 - 2020,1.4
,,2020 - 2021,1.17
,,2021 - 2022,1.82
,,2022 - 2023,1.51
,Baghpat,2000 - 2001,1.03
,,2001 - 2002,1.21
,,2002 - 2003,1.24
,,2003 - 2004,1.38
,,2010 - 2011,1.17
,,2011 - 2012,1.43
,,2012 - 2013,1.5
,,2013 - 2014,1.0
,,2014 - 2015,0.79
,,2015 - 2016,1.0
,,2016 - 2017,1.38
,,2017 - 2018,1.47
,,2018 - 2019,1.6
,,2019 - 2020,1.6
,,2020 - 2021,1.54
,,2021 - 2022,1.63
,,2022 - 2023,1.55
,Bahraich,2000 - 2001,0.99
,,2001 - 2002,1.07
,,2002 - 2003,0.74
,,2003 - 2004,1.37
,,2008 - 2009,1.21
,,2009 - 2010,1.28
,,2010 - 2011,1.16
,,2011 - 2012,1.43
,,2012 - 2013,1.49
,,2013 - 2014,0.99
,,2014 - 2015,0.76
,,2015 - 2016,0.99
,,2016 - 2017,1.38
,,2017 - 2018,1.47
,,2018 - 2019,1.62
,,2019 - 2020,1.65
,,2020 - 2021,1.56
,,2021 - 2022,1.63
,,2022 - 2023,1.55
,Ballia,2000 - 2001,1.39
,,2001 - 2002,0.98
,,2002 - 2003,0.99
,,2003 - 2004,1.2
,,2008 - 2009,1.26
,,2009 - 2010,1.21
,,2010 - 2011,1.27
,,2011 - 2012,1.36
,,2012 - 2013,1.48
,,2013 - 2014,0.57
,,2014 - 2015,0.72
,,2015 - 2016,0.91
,,2016 - 2017,1.46
,,2017 - 2018,1.7
,,2018 - 2019,2.14
,,2019 - 2020,2.02
,,2020 - 2021,2.2
,,2021 - 2022,1.42
,,2022 - 2023,1.48
,Balrampur,2000 - 2001,0.99
,,2001 - 2002,1.07
,,2002 - 2003,0.74
,,2003 - 2004,1.37
,,2008 - 2009,1.21
,,2009 - 2010,1.28
,,2010 - 2011,1.17
,,2011 - 2012,1.43
,,2012 - 2013,1.49
,,2013 - 2014,0.99
,,2014 - 2015,0.75
,,2015 - 2016,1.0
,,2016 - 2017,1.38
,,2017 - 2018,1.47
,,2018 - 2019,1.62
,,2019 - 2020,1.64
,,2020 - 2021,1.56
,,2021 - 2022,1.63
,,2022 - 2023,1.55
,Banda,2000 - 2001,0.6
,,2001 - 2002,1.06
,,2002 - 2003,0.89
,,2003 - 2004,1.05
,,2008 - 2009,1.4
,,2009 - 2010,0.9
,,2010 - 2011,0.61
,,2011 - 2012,0.98
,,2012 - 2013,1.01
,,2013 - 2014,0.55
,,2014 - 2015,0.66
,,2015 - 2016,0.52
,,2016 - 2017,1.11
,,2017 - 2018,0.96
,,2018 - 2019,1.27
,,2019 - 2020,1.43
,,2020 - 2021,1.42
,,2021 - 2022,1.08
,,2022 - 2023,1.39
,Barabanki,2000 - 2001,1.01
,,2001 - 2002,0.85
,,2002 - 2003,0.79
,,2003 - 2004,0.97
,,2008 - 2009,1.21
,,2009 - 2010,1.28
,,2010 - 2011,1.19
,,2011 - 2012,1.08
,,2012 - 2013,0.87
,,2013 - 2014,0.25
,,2014 - 2015,0.65
,,2015 - 2016,0.99
,,2016 - 2017,0.61
,,2017 - 2018,1.47
,,2018 - 2019,1.62
,,2019 - 2020,1.64
,,2020 - 2021,1.56
,,2021 - 2022,1.63
,,2022 - 2023,1.45
,Bareilly,2000 - 2001,1.85
,,2001 - 2002,1.61
,,2002 - 2003,1.23
,,2003 - 2004,1.37
,,2008 - 2009,1.21
,,2009 - 2010,1.28
,,2010 - 2011,2.16
,,2011 - 2012,1.74
,,2012 - 2013,2.12
,,2013 - 2014,2.16
,,2014 - 2015,0.98
,,2015 - 2016,0.99
,,2016 - 2017,1.38
,,2017 - 2018,2.36
,,2018 - 2019,2.75
,,2019 - 2020,1.77
,,2020 - 2021,3.02
,,2021 - 2022,1.64
,,2022 - 2023,0.96
,Basti,2000 - 2001,1.12
,,2001 - 2002,0.8
,,2002 - 2003,0.88
,,2003 - 2004,0.71
,,2008 - 2009,1.21
,,2009 - 2010,1.28
,,2010 - 2011,1.17
,,2011 - 2012,1.43
,,2012 - 2013,1.49
,,2013 - 2014,0.99
,,2014 - 2015,0.75
,,2015 - 2016,0.99
,,2016 - 2017,1.11
,,2017 - 2018,1.37
,,2018 - 2019,0.79
,,2019 - 2020,0.89
,,2020 - 2021,1.02
,,2021 - 2022,1.01
,,2022 - 2023,1.12
,Bijnor,2000 - 2001,1.03
,,2001 - 2002,1.21
,,2002 - 2003,1.23
,,2003 - 2004,1.37
,,2008 - 2009,1.21
,,2009 - 2010,1.28
,,2010 - 2011,1.16
,,2011 - 2012,1.65
,,2012 - 2013,1.28
,,2013 - 2014,1.0
,,2014 - 2015,0.96
,,2015 - 2016,0.88
,,2016 - 2017,0.96
,,2017 - 2018,0.95
,,2018 - 2019,1.03
,,2019 - 2020,1.22
,,2020 - 2021,1.1
,,2021 - 2022,4.61
,,2022 - 2023,1.54
,Budaun,2000 - 2001,1.85
,,2001 - 2002,1.61
,,2002 - 2003,1.23
,,2003 - 2004,1.37
,,2008 - 2009,1.21
,,2009 - 2010,1.28
,,2010 - 2011,2.17
,,2011 - 2012,1.74
,,2012 - 2013,2.12
,,2013 - 2014,2.16
,,2014 - 2015,0.98
,,2015 - 2016,0.99
,,2016 - 2017,1.38
,,2017 - 2018,2.36
,,2018 - 2019,2.75
,,2019 - 2020,1.77
,,2020 - 2021,3.02
,,2021 - 2022,1.64
,,2022 - 2023,0.96
,Bulandshahr,2000 - 2001,1.03
,,2001 - 2002,1.21
,,2002 - 2003,1.23
,,2003 - 2004,1.37
,,2008 - 2009,1.21
,,2009 - 2010,1.28
,,2010 - 2011,1.17
,,2011 - 2012,1.43
,,2012 - 2013,1.49
,,2013 - 2014,0.99
,,2014 - 2015,0.75
,,2015 - 2016,1.0
,,2016 - 2017,1.38
,,2017 - 2018,1.47
,,2018 - 2019,1.62
,,2019 - 2020,1.65
,,2020 - 2021,1.56
,,2021 - 2022,1.63
,,2022 - 2023,1.55
,Chandauli,2000 - 2001,1.19
,,2001 - 2002,0.81
,,2002 - 2003,1.23
,,2003 - 2004,1.25
,,2008 - 2009,1.14
,,2009 - 2010,0.94
,,2010 - 2011,1.65
,,2011 - 2012,1.42
,,2012 - 2013,1.17
,,2013 - 2014,0.85
,,2014 - 2015,0.96
,,2015 - 2016,0.85
,,2016 - 2017,0.93
,,2017 - 2018,1.55
,,2018 - 2019,1.45
,,2019 - 2020,1.39
,,2020 - 2021,1.31
,,2021 - 2022,1.38
,,2022 - 2023,0.92
,Chitrakoot,2000 - 2001,0.61
,,2001 - 2002,1.06
,,2002 - 2003,0.9
,,2003 - 2004,1.05
,,2008 - 2009,1.4
,,2009 - 2010,0.9
,,2010 - 2011,0.15
,,2011 - 2012,1.09
,,2012 - 2013,1.11
,,2013 - 2014,0.7
,,2014 - 2015,0.18
,,2015 - 2016,0.56
,,2016 - 2017,0.69
,,2017 - 2018,0.85
,,2018 - 2019,1.04
,,2019 - 2020,0.51
,,2020 - 2021,0.99
,,2021 - 2022,0.97
,,2022 - 2023,1.21
,Deoria,2000 - 2001,1.39
,,2001 - 2002,1.21
,,2002 - 2003,1.23
,,2003 - 2004,1.37
,,2008 - 2009,1.21
,,2009 - 2010,1.28
,,2010 - 2011,1.16
,,2011 - 2012,1.08
,,2012 - 2013,1.04
,,2013 - 2014,0.58
,,2014 - 2015,0.48
,,2015 - 2016,1.0
,,2016 - 2017,1.38
,,2017 - 2018,1.47
,,2018 - 2019,1.62
,,2019 - 2020,1.64
,,2020 - 2021,1.56
,,2021 - 2022,1.63
,,2022 - 2023,1.55
,Etah,2000 - 2001,1.92
,,2001 - 2002,1.77
,,2002 - 2003,1.67
,,2003 - 2004,2.03
,,2008 - 2009,1.21
,,2013 - 2014,0.99
,,2014 - 2015,1.3
,,2015 - 2016,1.0
,,2017 - 2018,1.47
,,2018 - 2019,1.62
,,2019 - 2020,1.64
,,2020 - 2021,1.56
,,2022 - 2023,1.54
,Etawah,2000 - 2001,1.77
,,2001 - 2002,1.82
,,2002 - 2003,1.78
,,2003 - 2004,1.82
,,2008 - 2009,1.69
,,2009 - 2010,1.39
,,2010 - 2011,1.46
,,2011 - 2012,1.53
,,2012 - 2013,1.61
,,2013 - 2014,1.75
,,2014 - 2015,0.55
,,2015 - 2016,1.33
,,2016 - 2017,1.57
,,2017 - 2018,1.65
,,2018 - 2019,1.5
,,2019 - 2020,0.97
,,2020 - 2021,1.29
,,2021 - 2022,1.63
,,2022 - 2023,1.55
,Faizabad,2000 - 2001,1.01
,,2001 - 2002,0.85
,,2002 - 2003,0.79
,,2003 - 2004,1.1
,,2008 - 2009,1.21
,,2009 - 2010,1.28
,,2010 - 2011,1.19
,,2011 - 2012,1.08
,,2012 - 2013,0.87
,,2013 - 2014,0.25
,,2014 - 2015,0.65
,,2015 - 2016,1.0
,,2016 - 2017,0.61
,,2017 - 2018,1.47
,,2018 - 2019,1.62
,,2019 - 2020,1.65
,,2020 - 2021,1.56
,,2021 - 2022,1.63
,,2022 - 2023,1.55
,Farrukhabad,2000 - 2001,1.77
,,2001 - 2002,1.66
,,2002 - 2003,1.67
,,2003 - 2004,1.85
,,2008 - 2009,1.69
,,2009 - 2010,1.39
,,2010 - 2011,1.46
,,2011 - 2012,1.53
,,2012 - 2013,1.61
,,2013 - 2014,1.75
,,2014 - 2015,0.55
,,2015 - 2016,1.32
,,2016 - 2017,1.57
,,2017 - 2018,1.65
,,2018 - 2019,1.5
,,2019 - 2020,0.97
,,2020 - 2021,1.29
,,2021 - 2022,1.63
,,2022 - 2023,1.55
,Fatehpur,2000 - 2001,1.1
,,2001 - 2002,1.04
,,2002 - 2003,0.97
,,2003 - 2004,1.08
,,2008 - 2009,0.82
,,2009 - 2010,0.82
,,2010 - 2011,0.9
,,2011 - 2012,1.18
,,2012 - 2013,1.07
,,2013 - 2014,1.06
,,2014 - 2015,0.73
,,2015 - 2016,0.95
,,2016 - 2017,1.44
,,2017 - 2018,1.3
,,2018 - 2019,0.98
,,2019 - 2020,1.33
,,2020 - 2021,1.23
,,2021 - 2022,1.18
,,2022 - 2023,1.3
,Firozabad,2000 - 2001,1.91
,,2001 - 2002,1.42
,,2002 - 2003,1.67
,,2003 - 2004,2.09
,,2008 - 2009,1.21
,,2009 - 2010,1.28
,,2010 - 2011,2.39
,,2011 - 2012,1.65
,,2012 - 2013,2.07
,,2013 - 2014,2.19
,,2014 - 2015,0.45
,,2015 - 2016,1.0
,,2016 - 2017,2.82
,,2017 - 2018,2.32
,,2018 - 2019,1.62
,,2019 - 2020,2.76
,,2020 - 2021,3.23
,,2021 - 2022,3.23
,,2022 - 2023,1.55
,Gautam buddha nagar,2000 - 2001,1.04
,,2001 - 2002,1.21
,,2002 - 2003,1.23
,,2003 - 2004,1.37
,,2008 - 2009,1.22
,,2009 - 2010,1.27
,,2010 - 2011,1.16
,,2011 - 2012,1.43
,,2012 - 2013,1.49
,,2013 - 2014,1.0
,,2014 - 2015,0.76
,,2015 - 2016,1.0
,,2016 - 2017,1.36
,,2017 - 2018,1.47
,,2018 - 2019,1.62
,,2019 - 2020,1.64
,,2020 - 2021,1.56
,,2021 - 2022,1.63
,,2022 - 2023,1.55
,Ghaziabad,2000 - 2001,1.03
,,2001 - 2002,1.21
,,2002 - 2003,1.23
,,2003 - 2004,1.37
,,2008 - 2009,1.2
,,2009 - 2010,1.3
,,2011 - 2012,1.5
,,2013 - 2014,1.0
,,2014 - 2015,0.71
,,2015 - 2016,1.0
,,2016 - 2017,1.38
,,2022 - 2023,1.6
,Ghazipur,2000 - 2001,1.19
,,2001 - 2002,0.81
,,2002 - 2003,1.24
,,2003 - 2004,1.11
,,2008 - 2009,1.14
,,2009 - 2010,1.13
,,2010 - 2011,1.65
,,2011 - 2012,1.75
,,2012 - 2013,1.27
,,2013 - 2014,0.93
,,2014 - 2015,1.18
,,2015 - 2016,1.4
,,2016 - 2017,1.16
,,2017 - 2018,1.45
,,2018 - 2019,1.5
,,2019 - 2020,1.47
,,2020 - 2021,1.44
,,2021 - 2022,1.6
,,2022 - 2023,1.31
,Gonda,2000 - 2001,0.99
,,2001 - 2002,1.07
,,2002 - 2003,0.74
,,2003 - 2004,1.37
,,2008 - 2009,1.21
,,2009 - 2010,1.28
,,2010 - 2011,1.16
,,2011 - 2012,1.43
,,2012 - 2013,1.49
,,2013 - 2014,0.99
,,2014 - 2015,0.76
,,2015 - 2016,0.99
,,2016 - 2017,1.38
,,2017 - 2018,1.47
,,2018 - 2019,1.62
,,2019 - 2020,1.65
,,2020 - 2021,1.56
,,2021 - 2022,1.63
,,2022 - 2023,1.55
,Gorakhpur,2000 - 2001,1.39
,,2001 - 2002,1.21
,,2002 - 2003,1.23
,,2003 - 2004,1.37
,,2008 - 2009,1.21
,,2009 - 2010,1.28
,,2010 - 2011,1.16
,,2011 - 2012,1.08
,,2012 - 2013,1.04
,,2013 - 2014,0.58
,,2014 - 2015,0.49
,,2015 - 2016,1.0
,,2016 - 2017,1.38
,,2017 - 2018,1.47
,,2018 - 2019,1.62
,,2019 - 2020,1.64
,,2020 - 2021,1.56
,,2021 - 2022,1.63
,,2022 - 2023,1.55
,Hamirpur,2000 - 2001,0.58
,,2001 - 2002,1.1
,,2002 - 2003,1.05
,,2003 - 2004,1.25
,,2008 - 2009,1.07
,,2009 - 2010,1.01
,,2010 - 2011,0.93
,,2011 - 2012,1.06
,,2012 - 2013,1.21
,,2013 - 2014,1.0
,,2014 - 2015,0.49
,,2015 - 2016,0.71
,,2016 - 2017,1.28
,,2017 - 2018,1.31
,,2018 - 2019,1.48
,,2019 - 2020,1.31
,,2020 - 2021,1.38
,,2021 - 2022,1.38
,,2022 - 2023,1.31
,Hapur,2013 - 2014,0.99
,,2014 - 2015,0.75
,,2015 - 2016,1.0
,,2016 - 2017,1.37
,,2017 - 2018,1.48
,,2018 - 2019,1.62
,,2019 - 2020,1.64
,,2020 - 2021,1.56
,,2021 - 2022,1.63
,,2022 - 2023,1.55
,Hardoi,2000 - 2001,1.23
,,2001 - 2002,1.17
,,2002 - 2003,1.05
,,2003 - 2004,0.98
,,2008 - 2009,1.21
,,2009 - 2010,1.28
,,2010 - 2011,1.19
,,2011 - 2012,1.08
,,2012 - 2013,0.79
,,2013 - 2014,0.95
,,2014 - 2015,1.16
,,2015 - 2016,1.23
,,2016 - 2017,1.2
,,2017 - 2018,1.22
,,2018 - 2019,1.31
,,2019 - 2020,0.81
,,2020 - 2021,1.16
,,2021 - 2022,1.69
,,2022 - 2023,1.32
,Hathras,2000 - 2001,1.91
,,2001 - 2002,1.78
,,2002 - 2003,1.67
,,2003 - 2004,2.03
,,2008 - 2009,1.21
,,2009 - 2010,1.28
,,2010 - 2011,1.17
,,2011 - 2012,1.43
,,2012 - 2013,1.49
,,2013 - 2014,1.0
,,2014 - 2015,1.29
,,2015 - 2016,0.99
,,2016 - 2017,1.37
,,2017 - 2018,1.47
,,2018 - 2019,1.62
,,2019 - 2020,1.63
,,2020 - 2021,1.56
,,2021 - 2022,1.62
,,2022 - 2023,1.56
,Jalaun,2000 - 2001,0.99
,,2001 - 2002,1.81
,,2002 - 2003,1.89
,,2003 - 2004,2.02
,,2008 - 2009,1.26
,,2009 - 2010,1.5
,,2010 - 2011,1.25
,,2011 - 2012,1.85
,,2012 - 2013,1.83
,,2013 - 2014,1.55
,,2014 - 2015,0.92
,,2015 - 2016,1.26
,,2016 - 2017,1.76
,,2017 - 2018,1.78
,,2018 - 2019,2.03
,,2019 - 2020,1.96
,,2020 - 2021,2.01
,,2021 - 2022,1.82
,,2022 - 2023,1.75
,Jaunpur,2000 - 2001,1.19
,,2001 - 2002,0.81
,,2002 - 2003,1.22
,,2003 - 2004,1.2
,,2008 - 2009,1.15
,,2009 - 2010,1.08
,,2010 - 2011,1.65
,,2011 - 2012,1.42
,,2012 - 2013,1.17
,,2013 - 2014,0.85
,,2014 - 2015,0.96
,,2015 - 2016,0.89
,,2016 - 2017,1.78
,,2017 - 2018,1.68
,,2018 - 2019,1.35
,,2019 - 2020,1.49
,,2020 - 2021,1.95
,,2021 - 2022,2.35
,,2022 - 2023,1.84
,Jhansi,2000 - 2001,0.94
,,2001 - 2002,1.57
,,2002 - 2003,1.7
,,2003 - 2004,1.52
,,2008 - 2009,1.51
,,2009 - 2010,1.42
,,2010 - 2011,1.09
,,2011 - 2012,1.54
,,2012 - 2013,1.75
,,2013 - 2014,0.66
,,2014 - 2015,0.66
,,2015 - 2016,1.1
,,2016 - 2017,1.4
,,2017 - 2018,1.25
,,2018 - 2019,1.73
,,2019 - 2020,1.91
,,2020 - 2021,1.39
,,2021 - 2022,1.42
,,2022 - 2023,1.61
,Kannauj,2000 - 2001,1.77
,,2001 - 2002,1.66
,,2002 - 2003,1.67
,,2003 - 2004,1.88
,,2008 - 2009,1.69
,,2009 - 2010,1.39
,,2010 - 2011,1.46
,,2011 - 2012,1.53
,,2012 - 2013,1.61
,,2013 - 2014,1.75
,,2014 - 2015,0.55
,,2015 - 2016,1.32
,,2016 - 2017,1.57
,,2017 - 2018,1.65
,,2018 - 2019,1.5
,,2019 - 2020,0.96
,,2020 - 2021,1.29
,,2021 - 2022,1.63
,,2022 - 2023,1.55
,Kanpur dehat,2003 - 2004,2.02
,,2008 - 2009,1.73
,,2009 - 2010,1.1
,,2010 - 2011,1.36
,,2011 - 2012,2.11
,,2012 - 2013,1.78
,,2013 - 2014,1.52
,,2014 - 2015,0.55
,,2015 - 2016,1.32
,,2016 - 2017,1.57
,,2017 - 2018,1.65
,,2018 - 2019,1.5
,,2019 - 2020,0.97
,,2020 - 2021,1.29
,,2021 - 2022,1.63
,,2022 - 2023,1.55
,Kanpur nagar,2000 - 2001,1.77
,,2001 - 2002,1.56
,,2002 - 2003,1.63
,,2003 - 2004,1.6
,,2008 - 2009,1.64
,,2009 - 2010,1.67
,,2010 - 2011,1.59
,,2011 - 2012,1.53
,,2012 - 2013,1.61
,,2013 - 2014,1.97
,,2014 - 2015,0.55
,,2015 - 2016,1.32
,,2016 - 2017,1.57
,,2017 - 2018,1.65
,,2018 - 2019,1.5
,,2019 - 2020,0.96
,,2020 - 2021,1.29
,,2021 - 2022,1.63
,,2022 - 2023,1.55
,Kasganj,2009 - 2010,1.5
,,2010 - 2011,1.16
,,2011 - 2012,1.42
,,2013 - 2014,0.99
,,2015 - 2016,1.0
,,2018 - 2019,1.62
,,2020 - 2021,1.56
,Kaushambi,2000 - 2001,1.1
,,2001 - 2002,1.04
,,2002 - 2003,0.97
,,2003 - 2004,1.08
,,2008 - 2009,0.82
,,2009 - 2010,0.82
,,2010 - 2011,0.9
,,2011 - 2012,1.18
,,2012 - 2013,1.07
,,2013 - 2014,1.06
,,2014 - 2015,0.73
,,2015 - 2016,0.95
,,2016 - 2017,1.18
,,2017 - 2018,1.5
,,2018 - 2019,1.25
,,2019 - 2020,0.9
,,2020 - 2021,1.26
,,2021 - 2022,1.81
,,2022 - 2023,1.61
,Kheri,2000 - 2001,1.0
,,2001 - 2002,1.17
,,2002 - 2003,1.05
,,2003 - 2004,0.98
,,2008 - 2009,1.21
,,2009 - 2010,1.28
,,2010 - 2011,1.19
,,2011 - 2012,1.08
,,2012 - 2013,0.79
,,2013 - 2014,0.95
,,2014 - 2015,1.16
,,2015 - 2016,1.23
,,2016 - 2017,1.2
,,2017 - 2018,1.22
,,2018 - 2019,1.31
,,2019 - 2020,0.81
,,2020 - 2021,1.16
,,2021 - 2022,1.69
,,2022 - 2023,1.32
,Kushi nagar,2000 - 2001,1.39
,,2001 - 2002,1.21
,,2002 - 2003,1.23
,,2003 - 2004,1.37
,,2008 - 2009,1.21
,,2009 - 2010,1.28
,,2010 - 2011,1.16
,,2011 - 2012,1.08
,,2012 - 2013,1.04
,,2013 - 2014,0.58
,,2014 - 2015,0.48
,,2015 - 2016,0.99
,,2016 - 2017,1.38
,,2017 - 2018,1.47
,,2018 - 2019,1.62
,,2019 - 2020,1.64
,,2020 - 2021,1.56
,,2021 - 2022,1.63
,,2022 - 2023,1.55
,Lalitpur,2000 - 2001,0.9
,,2001 - 2002,0.84
,,2002 - 2003,0.78
,,2003 - 2004,1.23
,,2008 - 2009,1.06
,,2009 - 2010,1.4
,,2010 - 2011,1.2
,,2011 - 2012,1.35
,,2012 - 2013,1.73
,,2013 - 2014,0.98
,,2014 - 2015,0.83
,,2015 - 2016,0.82
,,2016 - 2017,1.54
,,2017 - 2018,1.8
,,2018 - 2019,1.61
,,2019 - 2020,1.69
,,2020 - 2021,1.46
,,2021 - 2022,1.92
,,2022 - 2023,1.52
,Lucknow,2000 - 2001,1.0
,,2001 - 2002,1.17
,,2002 - 2003,1.05
,,2003 - 2004,1.03
,,2008 - 2009,1.21
,,2009 - 2010,1.28
,,2010 - 2011,1.19
,,2011 - 2012,1.08
,,2012 - 2013,0.79
,,2013 - 2014,0.95
,,2014 - 2015,1.16
,,2015 - 2016,1.23
,,2016 - 2017,1.2
,,2017 - 2018,1.22
,,2018 - 2019,1.31
,,2019 - 2020,0.81
,,2020 - 2021,1.16
,,2021 - 2022,1.69
,,2022 - 2023,1.32
,Maharajganj,2000 - 2001,1.39
,,2001 - 2002,1.21
,,2002 - 2003,1.23
,,2003 - 2004,1.37
,,2008 - 2009,1.21
,,2009 - 2010,1.28
,,2010 - 2011,1.17
,,2011 - 2012,1.08
,,2012 - 2013,1.04
,,2013 - 2014,0.58
,,2014 - 2015,0.48
,,2015 - 2016,0.99
,,2016 - 2017,1.38
,,2017 - 2018,1.47
,,2018 - 2019,1.62
,,2019 - 2020,1.65
,,2020 - 2021,1.56
,,2021 - 2022,1.63
,,2022 - 2023,1.55
,Mahoba,2000 - 2001,0.58
,,2001 - 2002,1.03
,,2002 - 2003,0.78
,,2003 - 2004,0.94
,,2008 - 2009,0.97
,,2009 - 2010,0.85
,,2010 - 2011,0.61
,,2011 - 2012,1.05
,,2012 - 2013,0.96
,,2013 - 2014,0.62
,,2014 - 2015,0.44
,,2015 - 2016,0.31
,,2016 - 2017,0.8
,,2017 - 2018,0.67
,,2018 - 2019,1.12
,,2019 - 2020,1.69
,,2020 - 2021,1.43
,,2021 - 2022,1.14
,,2022 - 2023,1.62
,Mainpuri,2000 - 2001,1.91
,,2001 - 2002,1.75
,,2002 - 2003,1.67
,,2003 - 2004,2.03
,,2008 - 2009,1.21
,,2009 - 2010,1.28
,,2010 - 2011,2.39
,,2011 - 2012,1.65
,,2012 - 2013,2.07
,,2013 - 2014,2.19
,,2014 - 2015,0.45
,,2015 - 2016,0.99
,,2016 - 2017,2.82
,,2017 - 2018,2.32
,,2018 - 2019,1.62
,,2019 - 2020,2.76
,,2020 - 2021,3.23
,,2021 - 2022,3.23
,,2022 - 2023,1.55
,Mathura,2000 - 2001,1.9
,,2001 - 2002,1.78
,,2002 - 2003,1.69
,,2003 - 2004,2.03
,,2008 - 2009,1.2
,,2009 - 2010,1.5
,,2011 - 2012,1.6
,,2012 - 2013,2.0
,,2013 - 2014,2.0
,,2014 - 2015,0.33
,,2015 - 2016,1.0
,,2016 - 2017,2.82
,,2017 - 2018,2.0
,,2018 - 2019,1.61
,,2019 - 2020,3.0
,,2020 - 2021,3.0
,Mau,2000 - 2001,1.39
,,2001 - 2002,0.98
,,2002 - 2003,0.99
,,2003 - 2004,1.2
,,2008 - 2009,1.26
,,2009 - 2010,1.21
,,2010 - 2011,1.27
,,2011 - 2012,1.36
,,2012 - 2013,1.48
,,2013 - 2014,0.57
,,2014 - 2015,1.43
,,2015 - 2016,0.91
,,2016 - 2017,1.46
,,2017 - 2018,1.25
,,2018 - 2019,1.55
,,2019 - 2020,1.59
,,2020 - 2021,1.5
,,2021 - 2022,1.7
,,2022 - 2023,1.31
,Meerut,2000 - 2001,1.03
,,2001 - 2002,1.21
,,2002 - 2003,1.23
,,2003 - 2004,1.37
,,2008 - 2009,1.21
,,2009 - 2010,1.29
,,2010 - 2011,1.16
,,2011 - 2012,1.44
,,2012 - 2013,1.5
,,2013 - 2014,0.99
,,2014 - 2015,0.76
,,2015 - 2016,0.99
,,2016 - 2017,1.38
,,2017 - 2018,1.47
,,2018 - 2019,1.62
,,2019 - 2020,1.65
,,2020 - 2021,1.55
,,2021 - 2022,1.63
,,2022 - 2023,1.55
,Mirzapur,2000 - 2001,1.19
,,2001 - 2002,1.27
,,2002 - 2003,0.95
,,2003 - 2004,1.44
,,2008 - 2009,1.39
,,2009 - 2010,1.5
,,2010 - 2011,1.66
,,2011 - 2012,1.18
,,2012 - 2013,1.4
,,2013 - 2014,1.13
,,2014 - 2015,1.25
,,2015 - 2016,0.97
,,2016 - 2017,1.19
,,2017 - 2018,1.14
,,2018 - 2019,1.27
,,2019 - 2020,0.78
,,2020 - 2021,1.15
,,2021 - 2022,1.13
,,2022 - 2023,1.32
,Moradabad,2000 - 2001,1.03
,,2001 - 2002,1.21
,,2002 - 2003,1.23
,,2003 - 2004,1.37
,,2008 - 2009,1.21
,,2009 - 2010,1.28
,,2010 - 2011,1.16
,,2011 - 2012,1.65
,,2012 - 2013,1.28
,,2013 - 2014,1.0
,,2014 - 2015,0.96
,,2015 - 2016,0.89
,,2016 - 2017,0.95
,,2017 - 2018,0.95
,,2018 - 2019,1.03
,,2019 - 2020,1.22
,,2020 - 2021,1.1
,,2021 - 2022,4.62
,,2022 - 2023,1.55
,Muzaffarnagar,2000 - 2001,1.03
,,2001 - 2002,1.21
,,2002 - 2003,1.23
,,2003 - 2004,1.37
,,2008 - 2009,1.21
,,2009 - 2010,1.28
,,2010 - 2011,1.16
,,2011 - 2012,1.43
,,2012 - 2013,1.5
,,2013 - 2014,1.0
,,2014 - 2015,0.76
,,2015 - 2016,1.0
,,2016 - 2017,1.39
,,2017 - 2018,1.47
,,2018 - 2019,1.62
,,2019 - 2020,1.66
,,2020 - 2021,1.57
,,2021 - 2022,1.62
,,2022 - 2023,1.54
,Pilibhit,2000 - 2001,1.84
,,2001 - 2002,1.61
,,2002 - 2003,1.23
,,2003 - 2004,1.37
,,2008 - 2009,1.21
,,2009 - 2010,1.28
,,2010 - 2011,2.17
,,2011 - 2012,1.74
,,2012 - 2013,2.12
,,2013 - 2014,2.16
,,2014 - 2015,0.98
,,2015 - 2016,0.99
,,2016 - 2017,1.38
,,2017 - 2018,2.36
,,2018 - 2019,2.75
,,2019 - 2020,1.77
,,2020 - 2021,3.02
,,2021 - 2022,1.64
,,2022 - 2023,0.96
,Pratapgarh,2000 - 2001,1.1
,,2001 - 2002,1.04
,,2002 - 2003,0.87
,,2003 - 2004,1.34
,,2008 - 2009,0.82
,,2009 - 2010,0.82
,,2010 - 2011,0.9
,,2011 - 2012,1.18
,,2012 - 2013,1.07
,,2013 - 2014,1.06
,,2014 - 2015,0.73
,,2015 - 2016,0.95
,,2016 - 2017,1.18
,,2017 - 2018,1.19
,,2018 - 2019,1.08
,,2019 - 2020,1.02
,,2020 - 2021,1.03
,,2021 - 2022,1.28
,,2022 - 2023,1.22
,Rae bareli,2000 - 2001,1.0
,,2001 - 2002,1.17
,,2002 - 2003,1.05
,,2003 - 2004,0.98
,,2008 - 2009,1.21
,,2009 - 2010,1.28
,,2010 - 2011,1.19
,,2011 - 2012,1.08
,,2012 - 2013,0.79
,,2013 - 2014,0.95
,,2014 - 2015,1.16
,,2015 - 2016,1.23
,,2016 - 2017,1.2
,,2017 - 2018,1.22
,,2018 - 2019,1.31
,,2019 - 2020,0.81
,,2020 - 2021,1.16
,,2021 - 2022,1.69
,,2022 - 2023,1.32
,Rampur,2000 - 2001,1.03
,,2001 - 2002,1.21
,,2002 - 2003,1.23
,,2003 - 2004,1.37
,,2008 - 2009,1.21
,,2009 - 2010,1.28
,,2010 - 2011,1.17
,,2011 - 2012,1.65
,,2012 - 2013,1.28
,,2013 - 2014,1.0
,,2014 - 2015,0.96
,,2015 - 2016,0.89
,,2016 - 2017,0.95
,,2017 - 2018,0.95
,,2018 - 2019,1.02
,,2019 - 2020,1.22
,,2020 - 2021,1.1
,,2021 - 2022,4.62
,,2022 - 2023,1.55
,Saharanpur,2000 - 2001,1.03
,,2001 - 2002,1.21
,,2002 - 2003,1.23
,,2003 - 2004,1.37
,,2008 - 2009,1.21
,,2009 - 2010,1.27
,,2010 - 2011,1.16
,,2011 - 2012,1.43
,,2012 - 2013,1.55
,,2013 - 2014,1.0
,,2014 - 2015,0.77
,,2015 - 2016,1.0
,,2016 - 2017,1.38
,,2017 - 2018,1.45
,,2018 - 2019,1.64
,,2019 - 2020,1.64
,,2020 - 2021,1.55
,,2021 - 2022,1.65
,,2022 - 2023,1.53
,Sambhal,2012 - 2013,1.28
,,2013 - 2014,1.0
,,2014 - 2015,0.96
,,2015 - 2016,0.88
,,2016 - 2017,0.95
,,2017 - 2018,0.95
,,2018 - 2019,1.02
,,2019 - 2020,1.23
,,2020 - 2021,1.1
,,2021 - 2022,4.62
,,2022 - 2023,1.55
,Sant kabeer nagar,2000 - 2001,1.12
,,2001 - 2002,0.91
,,2002 - 2003,0.72
,,2003 - 2004,1.03
,,2008 - 2009,1.21
,,2009 - 2010,1.28
,,2010 - 2011,1.16
,,2011 - 2012,1.43
,,2012 - 2013,1.49
,,2013 - 2014,0.99
,,2014 - 2015,0.75
,,2015 - 2016,1.0
,,2016 - 2017,1.08
,,2017 - 2018,1.11
,,2018 - 2019,1.1
,,2019 - 2020,0.86
,,2020 - 2021,0.94
,,2021 - 2022,1.01
,,2022 - 2023,1.12
,Sant ravidas nagar,2000 - 2001,1.19
,,2001 - 2002,1.09
,,2002 - 2003,0.93
,,2003 - 2004,1.19
,,2008 - 2009,1.08
,,2009 - 2010,1.2
,,2010 - 2011,1.22
,,2011 - 2012,1.01
,,2012 - 2013,1.17
,,2013 - 2014,0.98
,,2014 - 2015,1.01
,,2015 - 2016,0.97
,,2016 - 2017,1.12
,,2017 - 2018,1.01
,,2018 - 2019,1.06
,,2019 - 2020,0.8
,,2020 - 2021,1.03
,,2021 - 2022,1.04
,,2022 - 2023,1.4
,Shahjahanpur,2000 - 2001,1.85
,,2001 - 2002,1.61
,,2002 - 2003,1.23
,,2003 - 2004,1.37
,,2008 - 2009,1.21
,,2009 - 2010,1.28
,,2010 - 2011,2.17
,,2011 - 2012,1.74
,,2012 - 2013,2.12
,,2013 - 2014,2.16
,,2014 - 2015,0.98
,,2015 - 2016,0.99
,,2016 - 2017,1.38
,,2017 - 2018,2.36
,,2018 - 2019,2.75
,,2019 - 2020,1.77
,,2020 - 2021,3.02
,,2021 - 2022,1.63
,,2022 - 2023,0.96
,Shamli,2012 - 2013,1.47
,,2013 - 2014,1.0
,,2014 - 2015,0.71
,,2015 - 2016,1.0
,,2016 - 2017,1.35
,,2017 - 2018,1.5
,,2018 - 2019,1.64
,,2019 - 2020,1.65
,,2020 - 2021,1.55
,,2021 - 2022,1.58
,,2022 - 2023,1.54
,Shravasti,2000 - 2001,0.99
,,2001 - 2002,1.07
,,2002 - 2003,0.74
,,2003 - 2004,1.37
,,2008 - 2009,1.21
,,2009 - 2010,1.28
,,2010 - 2011,1.17
,,2011 - 2012,1.43
,,2012 - 2013,1.49
,,2013 - 2014,0.99
,,2014 - 2015,0.76
,,2015 - 2016,1.0
,,2016 - 2017,1.38
,,2017 - 2018,1.47
,,2018 - 2019,1.62
,,2019 - 2020,1.64
,,2020 - 2021,1.56
,,2021 - 2022,1.63
,,2022 - 2023,1.55
,Siddharth nagar,2000 - 2001,1.12
,,2001 - 2002,1.27
,,2002 - 2003,0.77
,,2003 - 2004,0.79
,,2008 - 2009,1.21
,,2009 - 2010,1.28
,,2010 - 2011,1.16
,,2011 - 2012,1.43
,,2012 - 2013,1.49
,,2013 - 2014,0.99
,,2014 - 2015,0.76
,,2015 - 2016,0.99
,,2016 - 2017,1.11
,,2017 - 2018,1.25
,,2018 - 2019,0.93
,,2019 - 2020,0.88
,,2020 - 2021,0.98
,,2021 - 2022,1.01
,,2022 - 2023,1.12
,Sitapur,2000 - 2001,1.0
,,2001 - 2002,1.17
,,2002 - 2003,1.05
,,2003 - 2004,0.98
,,2008 - 2009,1.21
,,2009 - 2010,1.28
,,2010 - 2011,1.19
,,2011 - 2012,1.08
,,2012 - 2013,0.79
,,2013 - 2014,0.95
,,2014 - 2015,1.16
,,2015 - 2016,1.23
,,2016 - 2017,1.2
,,2017 - 2018,1.22
,,2018 - 2019,1.31
,,2019 - 2020,0.81
,,2020 - 2021,1.16
,,2021 - 2022,1.69
,,2022 - 2023,1.32
,Sonbhadra,2000 - 2001,1.19
,,2001 - 2002,0.83
,,2002 - 2003,0.9
,,2003 - 2004,0.86
,,2008 - 2009,0.67
,,2009 - 2010,0.88
,,2010 - 2011,0.72
,,2011 - 2012,0.87
,,2012 - 2013,0.92
,,2013 - 2014,0.81
,,2014 - 2015,0.81
,,2015 - 2016,0.97
,,2016 - 2017,1.05
,,2017 - 2018,0.87
,,2018 - 2019,0.78
,,2019 - 2020,0.82
,,2020 - 2021,0.92
,,2021 - 2022,0.98
,,2022 - 2023,1.52
,Sultanpur,2000 - 2001,1.01
,,2001 - 2002,0.92
,,2002 - 2003,0.87
,,2003 - 2004,0.87
,,2008 - 2009,1.21
,,2009 - 2010,1.28
,,2010 - 2011,1.19
,,2011 - 2012,1.08
,,2012 - 2013,0.87
,,2013 - 2014,0.25
,,2014 - 2015,0.65
,,2015 - 2016,0.99
,,2016 - 2017,0.61
,,2017 - 2018,1.47
,,2018 - 2019,1.62
,,2019 - 2020,1.65
,,2020 - 2021,1.56
,,2021 - 2022,1.63
,,2022 - 2023,1.55
,Unnao,2000 - 2001,1.0
,,2001 - 2002,1.17
,,2002 - 2003,1.05
,,2003 - 2004,0.98
,,2008 - 2009,1.21
,,2009 - 2010,1.28
,,2010 - 2011,1.19
,,2011 - 2012,1.08
,,2012 - 2013,0.79
,,2013 - 2014,0.95
,,2014 - 2015,1.16
,,2015 - 2016,1.23
,,2016 - 2017,1.2
,,2017 - 2018,1.22
,,2018 - 2019,1.31
,,2019 - 2020,0.81
,,2020 - 2021,1.16
,,2021 - 2022,1.69
,,2022 - 2023,1.32
,Varanasi,2000 - 2001,1.19
,,2001 - 2002,0.81
,,2002 - 2003,1.23
,,2003 - 2004,1.59
,,2008 - 2009,1.15
,,2009 - 2010,1.08
,,2010 - 2011,1.65
,,2011 - 2012,1.42
,,2012 - 2013,1.17
,,2013 - 2014,0.83
,,2014 - 2015,0.72
,,2015 - 2016,1.07
,,2016 - 2017,1.42
,,2017 - 2018,1.2
,,2018 - 2019,1.35
,,2019 - 2020,1.52
,,2020 - 2021,1.56
,,2021 - 2022,1.83
,,2022 - 2023,1.42
Uttarakhand,Almora,2000 - 2001,0.6
,,2001 - 2002,0.58
,,2002 - 2003,0.45
,,2003 - 2004,0.65
,,2004 - 2005,0.7
,,2005 - 2006,0.65
,,2006 - 2007,0.74
,,2007 - 2008,0.63
,,2008 - 2009,0.31
,,2009 - 2010,0.42
,,2010 - 2011,0.55
,,2011 - 2012,0.51
,,2012 - 2013,0.5
,,2013 - 2014,0.5
,,2014 - 2015,0.51
,,2015 - 2016,0.5
,,2016 - 2017,0.52
,,2017 - 2018,0.5
,,2018 - 2019,0.51
,,2019 - 2020,0.52
,,2020 - 2021,0.51
,,2021 - 2022,0.51
,,2022 - 2023,0.51
,Bageshwar,2000 - 2001,0.53
,,2002 - 2003,0.5
,,2003 - 2004,0.0
,,2004 - 2005,0.61
,,2005 - 2006,0.67
,,2006 - 2007,0.67
,,2007 - 2008,0.67
,,2008 - 2009,0.29
,,2009 - 2010,0.63
,,2010 - 2011,0.75
,,2011 - 2012,0.67
,,2012 - 2013,0.71
,,2013 - 2014,0.71
,,2014 - 2015,0.67
,,2015 - 2016,1.0
,,2016 - 2017,0.5
,,2017 - 2018,1.0
,,2018 - 2019,0.69
,,2019 - 2020,0.58
,,2020 - 2021,1.0
,,2021 - 2022,0.64
,,2022 - 2023,0.62
,Chamoli,2000 - 2001,0.67
,,2001 - 2002,0.75
,,2002 - 2003,0.67
,,2003 - 2004,0.75
,,2004 - 2005,0.73
,,2005 - 2006,0.58
,,2006 - 2007,0.71
,,2007 - 2008,0.67
,,2008 - 2009,0.33
,,2009 - 2010,0.36
,,2010 - 2011,0.7
,,2011 - 2012,0.73
,,2012 - 2013,0.76
,,2013 - 2014,0.75
,,2014 - 2015,0.75
,,2015 - 2016,0.74
,,2016 - 2017,0.67
,,2017 - 2018,0.74
,,2018 - 2019,0.74
,,2019 - 2020,0.66
,,2020 - 2021,0.64
,,2021 - 2022,0.69
,,2022 - 2023,0.67
,Champawat,2000 - 2001,0.69
,,2001 - 2002,0.66
,,2002 - 2003,0.57
,,2003 - 2004,0.71
,,2004 - 2005,0.71
,,2005 - 2006,0.66
,,2006 - 2007,0.61
,,2007 - 2008,0.57
,,2008 - 2009,0.37
,,2009 - 2010,0.82
,,2010 - 2011,0.81
,,2011 - 2012,0.81
,,2012 - 2013,0.82
,,2013 - 2014,0.88
,,2014 - 2015,0.88
,,2015 - 2016,0.82
,,2016 - 2017,0.84
,,2017 - 2018,0.85
,,2018 - 2019,0.86
,,2019 - 2020,0.62
,,2020 - 2021,0.61
,,2021 - 2022,0.74
,,2022 - 2023,0.73
,Dehradun,2000 - 2001,0.69
,,2001 - 2002,0.65
,,2002 - 2003,0.68
,,2003 - 2004,0.74
,,2004 - 2005,0.71
,,2005 - 2006,0.8
,,2006 - 2007,0.65
,,2007 - 2008,0.77
,,2008 - 2009,0.41
,,2009 - 2010,0.72
,,2010 - 2011,0.7
,,2011 - 2012,0.71
,,2012 - 2013,0.71
,,2013 - 2014,0.68
,,2014 - 2015,0.69
,,2015 - 2016,0.68
,,2016 - 2017,0.7
,,2017 - 2018,0.68
,,2018 - 2019,0.71
,,2019 - 2020,0.65
,,2020 - 2021,0.62
,,2021 - 2022,0.67
,,2022 - 2023,0.66
,Haridwar,2000 - 2001,0.75
,,2001 - 2002,0.71
,,2002 - 2003,0.72
,,2003 - 2004,0.75
,,2004 - 2005,0.8
,,2005 - 2006,0.68
,,2006 - 2007,1.3
,,2007 - 2008,1.0
,,2008 - 2009,0.54
,,2009 - 2010,1.0
,,2010 - 2011,0.78
,,2011 - 2012,0.67
,,2012 - 2013,1.09
,,2013 - 2014,0.84
,,2014 - 2015,0.86
,,2015 - 2016,0.64
,,2016 - 2017,0.5
,,2017 - 2018,1.0
,,2018 - 2019,0.73
,,2019 - 2020,0.7
,,2020 - 2021,0.67
,,2021 - 2022,0.7
,,2022 - 2023,0.73
,Nainital,2000 - 2001,0.68
,,2001 - 2002,0.65
,,2002 - 2003,0.67
,,2003 - 2004,0.77
,,2004 - 2005,0.76
,,2005 - 2006,0.74
,,2006 - 2007,0.75
,,2007 - 2008,0.85
,,2008 - 2009,0.37
,,2009 - 2010,0.84
,,2010 - 2011,0.85
,,2011 - 2012,0.86
,,2012 - 2013,0.85
,,2013 - 2014,0.87
,,2014 - 2015,0.87
,,2015 - 2016,0.86
,,2016 - 2017,0.86
,,2017 - 2018,0.86
,,2018 - 2019,0.86
,,2019 - 2020,0.68
,,2020 - 2021,0.66
,,2021 - 2022,0.66
,,2022 - 2023,0.68
,Pauri garhwal,2000 - 2001,0.6
,,2001 - 2002,0.58
,,2002 - 2003,0.67
,,2004 - 2005,0.71
,,2005 - 2006,0.55
,,2006 - 2007,0.76
,,2007 - 2008,0.6
,,2008 - 2009,0.4
,,2009 - 2010,0.4
,,2010 - 2011,0.57
,,2011 - 2012,0.72
,,2012 - 2013,0.67
,,2013 - 2014,0.67
,,2014 - 2015,0.69
,,2015 - 2016,0.69
,,2017 - 2018,0.69
,,2018 - 2019,0.73
,,2019 - 2020,0.67
,,2020 - 2021,0.68
,,2021 - 2022,0.71
,,2022 - 2023,0.7
,Pithoragarh,2000 - 2001,0.77
,,2001 - 2002,0.7
,,2002 - 2003,0.7
,,2003 - 2004,0.73
,,2004 - 2005,0.59
,,2005 - 2006,0.55
,,2006 - 2007,0.45
,,2007 - 2008,0.48
,,2008 - 2009,0.42
,,2009 - 2010,0.45
,,2010 - 2011,0.55
,,2011 - 2012,0.55
,,2012 - 2013,0.55
,,2013 - 2014,0.59
,,2014 - 2015,0.58
,,2015 - 2016,0.56
,,2016 - 2017,0.57
,,2017 - 2018,0.57
,,2018 - 2019,0.58
,,2019 - 2020,0.57
,,2020 - 2021,0.57
,,2021 - 2022,0.57
,,2022 - 2023,0.57
,Rudra prayag,2000 - 2001,0.67
,,2001 - 2002,0.5
,,2002 - 2003,0.5
,,2003 - 2004,1.0
,,2004 - 2005,0.67
,,2005 - 2006,0.8
,,2006 - 2007,1.0
,,2007 - 2008,0.62
,,2008 - 2009,0.33
,,2009 - 2010,0.42
,,2010 - 2011,0.67
,,2011 - 2012,0.67
,,2012 - 2013,1.0
,,2013 - 2014,0.86
,,2015 - 2016,0.77
,,2016 - 2017,0.71
,,2017 - 2018,0.78
,,2018 - 2019,0.75
,,2019 - 2020,0.6
,,2020 - 2021,0.6
,,2021 - 2022,0.69
,,2022 - 2023,0.5
,Tehri garhwal,2000 - 2001,0.61
,,2001 - 2002,0.59
,,2002 - 2003,0.59
,,2003 - 2004,0.49
,,2004 - 2005,0.5
,,2005 - 2006,0.6
,,2006 - 2007,0.5
,,2007 - 2008,0.63
,,2008 - 2009,0.25
,,2009 - 2010,0.6
,,2010 - 2011,0.54
,,2011 - 2012,0.55
,,2012 - 2013,0.55
,,2013 - 2014,0.52
,,2014 - 2015,0.51
,,2015 - 2016,0.54
,,2016 - 2017,0.55
,,2017 - 2018,0.55
,,2018 - 2019,0.54
,,2019 - 2020,0.56
,,2020 - 2021,0.62
,,2021 - 2022,0.57
,,2022 - 2023,0.57
,Udam singh nagar,2000 - 2001,0.85
,,2001 - 2002,0.8
,,2002 - 2003,0.82
,,2003 - 2004,0.87
,,2004 - 2005,0.9
,,2005 - 2006,0.73
,,2006 - 2007,1.1
,,2007 - 2008,1.05
,,2008 - 2009,0.45
,,2009 - 2010,1.1
,,2010 - 2011,1.1
,,2011 - 2012,1.12
,,2012 - 2013,1.12
,,2013 - 2014,1.12
,,2014 - 2015,1.13
,,2015 - 2016,1.12
,,2016 - 2017,1.09
,,2017 - 2018,1.09
,,2018 - 2019,1.11
,,2019 - 2020,0.99
,,2020 - 2021,0.99
,,2021 - 2022,1.06
,,2022 - 2023,1.05
,Uttar kashi,2000 - 2001,0.75
,,2001 - 2002,0.7
,,2002 - 2003,0.62
,,2003 - 2004,0.5
,,2004 - 2005,0.5
,,2005 - 2006,0.45
,,2006 - 2007,0.8
,,2007 - 2008,0.73
,,2008 - 2009,0.38
,,2009 - 2010,0.7
,,2010 - 2011,0.68
,,2011 - 2012,0.66
,,2012 - 2013,0.66
,,2013 - 2014,0.66
,,2014 - 2015,0.66
,,2015 - 2016,0.66
,,2016 - 2017,0.66
,,2017 - 2018,0.66
,,2018 - 2019,0.53
,,2019 - 2020,0.53
,,2020 - 2021,0.53
,,2021 - 2022,0.59
,,2022 - 2023,0.57
West Bengal,paraganas north,2000 - 2001,0.85
,,2001 - 2002,0.64
,,2002 - 2003,0.79
,,2003 - 2004,1.2
,,2004 - 2005,0.64
,,2005 - 2006,0.8
,,2006 - 2007,0.69
,,2007 - 2008,0.71
,,2008 - 2009,0.78
,,2009 - 2010,2.77
,,2010 - 2011,1.27
,,2011 - 2012,0.88
,,2012 - 2013,1.18
,,2013 - 2014,1.16
,,2014 - 2015,1.2
,,2015 - 2016,0.74
,,2016 - 2017,0.95
,,2017 - 2018,1.01
,,2018 - 2019,1.14
,,2019 - 2020,0.8
,,2020 - 2021,1.33
,,2021 - 2022,1.09
,,2022 - 2023,1.16
,paraganas south,2000 - 2001,0.84
,,2001 - 2002,0.64
,,2002 - 2003,0.79
,,2003 - 2004,1.2
,,2004 - 2005,0.64
,,2005 - 2006,0.8
,,2006 - 2007,0.69
,,2007 - 2008,0.71
,,2008 - 2009,0.78
,,2009 - 2010,1.3
,,2010 - 2011,1.26
,,2011 - 2012,0.88
,,2012 - 2013,1.18
,,2013 - 2014,1.16
,,2014 - 2015,1.2
,,2015 - 2016,0.74
,,2016 - 2017,0.95
,,2017 - 2018,1.01
,,2018 - 2019,1.14
,,2019 - 2020,0.8
,,2020 - 2021,1.33
,,2021 - 2022,1.09
,,2022 - 2023,2.38
,Alipurduar,2016 - 2017,1.16
,,2017 - 2018,1.11
,,2018 - 2019,1.14
,,2019 - 2020,0.92
,,2020 - 2021,1.24
,,2021 - 2022,0.99
,,2022 - 2023,1.14
,Bankura,2001 - 2002,0.42
,,2002 - 2003,1.0
,,2003 - 2004,1.15
,,2004 - 2005,0.75
,,2005 - 2006,1.27
,,2006 - 2007,0.58
,,2007 - 2008,0.67
,,2008 - 2009,0.73
,,2009 - 2010,1.2
,,2010 - 2011,0.56
,,2011 - 2012,0.05
,,2012 - 2013,0.32
,,2013 - 2014,1.2
,,2014 - 2015,1.22
,,2015 - 2016,0.68
,,2016 - 2017,0.96
,,2017 - 2018,1.11
,,2018 - 2019,1.14
,,2019 - 2020,0.92
,,2020 - 2021,0.96
,,2021 - 2022,0.99
,,2022 - 2023,2.02
,Birbhum,2000 - 2001,0.82
,,2001 - 2002,0.41
,,2002 - 2003,0.8
,,2003 - 2004,1.14
,,2004 - 2005,0.79
,,2005 - 2006,1.27
,,2006 - 2007,0.6
,,2007 - 2008,0.72
,,2008 - 2009,0.76
,,2009 - 2010,1.26
,,2010 - 2011,0.06
,,2011 - 2012,1.18
,,2012 - 2013,1.08
,,2013 - 2014,1.37
,,2014 - 2015,1.01
,,2015 - 2016,0.72
,,2016 - 2017,1.24
,,2017 - 2018,1.16
,,2018 - 2019,1.55
,,2019 - 2020,1.29
,,2020 - 2021,1.33
,,2021 - 2022,1.02
,,2022 - 2023,1.06
,Coochbehar,2000 - 2001,0.88
,,2001 - 2002,0.63
,,2002 - 2003,0.8
,,2003 - 2004,1.16
,,2004 - 2005,0.57
,,2005 - 2006,0.83
,,2006 - 2007,1.0
,,2008 - 2009,0.6
,,2009 - 2010,0.69
,,2010 - 2011,1.21
,,2017 - 2018,1.11
,,2018 - 2019,1.14
,,2019 - 2020,0.92
,,2020 - 2021,1.24
,,2021 - 2022,0.99
,,2022 - 2023,1.14
,Darjeeling,2000 - 2001,0.83
,,2001 - 2002,0.64
,,2002 - 2003,0.8
,,2003 - 2004,1.14
,,2004 - 2005,0.64
,,2005 - 2006,0.81
,,2006 - 2007,0.68
,,2007 - 2008,0.78
,,2008 - 2009,0.57
,,2009 - 2010,0.7
,,2010 - 2011,1.21
,,2011 - 2012,0.74
,,2012 - 2013,0.84
,,2013 - 2014,1.15
,,2014 - 2015,1.21
,,2015 - 2016,0.75
,,2016 - 2017,1.16
,,2017 - 2018,1.11
,,2018 - 2019,1.14
,,2019 - 2020,0.92
,,2020 - 2021,1.24
,,2021 - 2022,0.99
,,2022 - 2023,1.14
,Dinajpur dakshin,2000 - 2001,0.78
,,2002 - 2003,0.78
,,2003 - 2004,1.13
,,2004 - 2005,0.63
,,2005 - 2006,1.0
,,2006 - 2007,0.67
,,2007 - 2008,0.75
,,2008 - 2009,0.56
,,2009 - 2010,0.5
,,2010 - 2011,1.33
,,2013 - 2014,1.15
,,2014 - 2015,1.22
,,2015 - 2016,0.74
,,2016 - 2017,1.32
,,2017 - 2018,1.29
,,2018 - 2019,1.09
,,2019 - 2020,1.05
,,2020 - 2021,0.96
,,2021 - 2022,0.75
,,2022 - 2023,1.02
,Dinajpur uttar,2001 - 2002,0.64
,,2002 - 2003,0.83
,,2003 - 2004,1.15
,,2004 - 2005,0.6
,,2005 - 2006,1.0
,,2006 - 2007,0.67
,,2007 - 2008,1.0
,,2008 - 2009,0.56
,,2010 - 2011,1.21
,,2011 - 2012,0.76
,,2012 - 2013,0.88
,,2013 - 2014,1.14
,,2014 - 2015,1.21
,,2015 - 2016,0.75
,,2016 - 2017,1.33
,,2017 - 2018,1.28
,,2018 - 2019,1.09
,,2019 - 2020,1.05
,,2020 - 2021,1.19
,,2021 - 2022,0.75
,,2022 - 2023,1.02
,Hooghly,2000 - 2001,0.83
,,2001 - 2002,0.33
,,2002 - 2003,0.76
,,2003 - 2004,1.0
,,2004 - 2005,0.75
,,2005 - 2006,1.27
,,2006 - 2007,0.6
,,2007 - 2008,0.72
,,2008 - 2009,0.77
,,2009 - 2010,1.26
,,2010 - 2011,0.06
,,2011 - 2012,1.18
,,2012 - 2013,1.08
,,2013 - 2014,1.42
,,2014 - 2015,1.01
,,2015 - 2016,0.73
,,2016 - 2017,1.26
,,2017 - 2018,1.22
,,2018 - 2019,1.62
,,2019 - 2020,1.36
,,2020 - 2021,1.41
,,2021 - 2022,1.08
,,2022 - 2023,1.06
,Howrah,2000 - 2001,1.0
,,2001 - 2002,0.63
,,2002 - 2003,0.78
,,2003 - 2004,1.22
,,2004 - 2005,0.65
,,2005 - 2006,0.79
,,2006 - 2007,0.5
,,2007 - 2008,0.75
,,2008 - 2009,0.78
,,2009 - 2010,1.2
,,2010 - 2011,1.25
,,2011 - 2012,0.89
,,2012 - 2013,1.17
,,2013 - 2014,1.15
,,2014 - 2015,1.2
,,2015 - 2016,0.5
,,2016 - 2017,1.0
,,2017 - 2018,1.01
,,2018 - 2019,1.14
,,2019 - 2020,0.8
,,2020 - 2021,1.33
,,2021 - 2022,1.1
,,2022 - 2023,1.16
,Jalpaiguri,2000 - 2001,0.86
,,2001 - 2002,0.63
,,2002 - 2003,0.79
,,2003 - 2004,1.14
,,2004 - 2005,0.64
,,2005 - 2006,0.81
,,2006 - 2007,0.68
,,2007 - 2008,0.77
,,2008 - 2009,0.59
,,2009 - 2010,0.7
,,2010 - 2011,1.21
,,2011 - 2012,0.75
,,2012 - 2013,0.84
,,2013 - 2014,1.14
,,2014 - 2015,1.21
,,2015 - 2016,0.75
,,2016 - 2017,1.16
,,2017 - 2018,1.11
,,2018 - 2019,1.14
,,2019 - 2020,0.92
,,2020 - 2021,1.24
,,2021 - 2022,0.99
,,2022 - 2023,1.14
,Jhargram,2016 - 2017,1.0
,,2017 - 2018,1.07
,,2018 - 2019,1.14
,,2019 - 2020,0.92
,,2020 - 2021,0.74
,,2021 - 2022,0.99
,,2022 - 2023,2.03
,Kalimpong,2016 - 2017,1.15
,,2017 - 2018,1.12
,,2018 - 2019,1.15
,,2019 - 2020,0.93
,,2020 - 2021,1.25
,,2021 - 2022,0.98
,,2022 - 2023,1.14
,Maldah,2000 - 2001,0.83
,,2001 - 2002,0.64
,,2002 - 2003,0.8
,,2003 - 2004,1.14
,,2004 - 2005,0.64
,,2005 - 2006,0.81
,,2006 - 2007,0.68
,,2007 - 2008,0.92
,,2008 - 2009,0.7
,,2009 - 2010,0.75
,,2010 - 2011,1.21
,,2011 - 2012,0.87
,,2012 - 2013,0.84
,,2013 - 2014,1.11
,,2014 - 2015,1.27
,,2015 - 2016,0.77
,,2016 - 2017,1.33
,,2017 - 2018,1.23
,,2018 - 2019,1.29
,,2019 - 2020,1.11
,,2020 - 2021,1.0
,,2021 - 2022,1.11
,,2022 - 2023,1.07
,Medinipur east,2000 - 2001,0.8
,,2017 - 2018,1.06
,,2018 - 2019,1.12
,,2019 - 2020,0.92
,Medinipur west,2000 - 2001,0.79
,,2002 - 2003,1.0
,,2003 - 2004,1.14
,,2004 - 2005,0.71
,,2005 - 2006,1.27
,,2006 - 2007,0.57
,,2007 - 2008,1.0
,,2009 - 2010,1.33
,,2010 - 2011,0.0
,,2014 - 2015,1.0
,,2015 - 2016,0.73
,,2016 - 2017,0.98
,,2017 - 2018,1.07
,,2018 - 2019,1.14
,,2019 - 2020,0.92
,,2020 - 2021,0.74
,,2021 - 2022,0.99
,,2022 - 2023,2.03
,Murshidabad,2000 - 2001,0.9
,,2001 - 2002,0.61
,,2002 - 2003,0.59
,,2003 - 2004,1.22
,,2004 - 2005,0.48
,,2005 - 2006,0.83
,,2006 - 2007,0.45
,,2007 - 2008,0.54
,,2008 - 2009,0.68
,,2009 - 2010,1.5
,,2010 - 2011,1.67
,,2011 - 2012,0.99
,,2012 - 2013,1.54
,,2013 - 2014,1.76
,,2014 - 2015,1.81
,,2015 - 2016,0.63
,,2016 - 2017,1.4
,,2017 - 2018,1.38
,,2018 - 2019,1.11
,,2019 - 2020,1.08
,,2020 - 2021,1.28
,,2021 - 2022,0.78
,,2022 - 2023,1.08
,Nadia,2000 - 2001,0.79
,,2001 - 2002,0.65
,,2002 - 2003,0.89
,,2003 - 2004,1.12
,,2004 - 2005,0.88
,,2005 - 2006,0.83
,,2006 - 2007,0.88
,,2007 - 2008,0.9
,,2008 - 2009,0.81
,,2009 - 2010,1.0
,,2010 - 2011,1.06
,,2011 - 2012,0.86
,,2012 - 2013,1.04
,,2013 - 2014,1.03
,,2014 - 2015,1.01
,,2015 - 2016,0.93
,,2016 - 2017,0.96
,,2017 - 2018,1.01
,,2018 - 2019,1.14
,,2019 - 2020,0.81
,,2020 - 2021,0.86
,,2021 - 2022,0.65
,,2022 - 2023,0.83
,Paschim bardhaman,2017 - 2018,1.22
,,2020 - 2021,1.41
,,2021 - 2022,1.08
,,2022 - 2023,1.06
,Purba bardhaman,2000 - 2001,0.85
,,2001 - 2002,0.94
,,2002 - 2003,0.78
,,2003 - 2004,1.14
,,2004 - 2005,1.0
,,2005 - 2006,0.2
,,2006 - 2007,0.61
,,2007 - 2008,0.73
,,2008 - 2009,0.76
,,2009 - 2010,1.25
,,2010 - 2011,0.05
,,2011 - 2012,1.36
,,2012 - 2013,1.08
,,2013 - 2014,1.34
,,2014 - 2015,1.02
,,2015 - 2016,0.71
,,2016 - 2017,1.25
,,2017 - 2018,1.22
,,2018 - 2019,1.62
,,2019 - 2020,1.36
,,2020 - 2021,1.41
,,2021 - 2022,1.08
,,2022 - 2023,1.23
,Purulia,2001 - 2002,0.5
,,2002 - 2003,0.75
,,2003 - 2004,1.0
,,2005 - 2006,1.33
,,2006 - 2007,1.0
,,2007 - 2008,0.8
,,2013 - 2014,1.42
,,2014 - 2015,1.0
,,2016 - 2017,0.96
,,2017 - 2018,1.07
,,2018 - 2019,1.14
,,2019 - 2020,0.92
,,2020 - 2021,0.74
,,2021 - 2022,0.99
,,2022 - 2023,2.03
