state,district,year,onion_whole_year_yield_tonne_per_hectare
Andhra Pradesh,Anantapur,2000 - 2001,
,,2001 - 2002,
,,2002 - 2003,
,,2003 - 2004,
,,2004 - 2005,
,,2005 - 2006,
,,2006 - 2007,
,,2007 - 2008,
,,2008 - 2009,
,,2009 - 2010,
,,2010 - 2011,
,,2011 - 2012,
,,2012 - 2013,
,,2013 - 2014,
,,2014 - 2015,
,,2015 - 2016,
,,2016 - 2017,
,,2017 - 2018,
,,2018 - 2019,
,,2019 - 2020,
,Chittoor,2000 - 2001,
,,2001 - 2002,
,,2002 - 2003,
,,2003 - 2004,
,,2004 - 2005,
,,2005 - 2006,
,,2006 - 2007,
,,2008 - 2009,
,,2009 - 2010,
,,2010 - 2011,
,,2011 - 2012,
,,2013 - 2014,
,,2014 - 2015,
,,2015 - 2016,
,,2016 - 2017,
,,2017 - 2018,
,,2018 - 2019,
,,2019 - 2020,
,East godavari,2000 - 2001,
,,2001 - 2002,
,,2002 - 2003,
,,2003 - 2004,
,,2004 - 2005,
,,2005 - 2006,
,,2006 - 2007,
,,2007 - 2008,
,,2008 - 2009,
,,2009 - 2010,
,,2010 - 2011,
,,2011 - 2012,
,,2012 - 2013,
,,2013 - 2014,
,,2014 - 2015,
,,2015 - 2016,
,,2016 - 2017,
,,2017 - 2018,
,,2018 - 2019,
,,2019 - 2020,
,Guntur,2000 - 2001,
,,2001 - 2002,
,,2002 - 2003,
,,2003 - 2004,
,,2004 - 2005,
,,2005 - 2006,
,,2006 - 2007,
,,2007 - 2008,
,,2008 - 2009,
,,2009 - 2010,
,,2010 - 2011,
,,2011 - 2012,
,,2012 - 2013,
,,2013 - 2014,
,,2014 - 2015,
,,2015 - 2016,
,,2016 - 2017,
,,2017 - 2018,
,,2018 - 2019,
,,2019 - 2020,
,Kadapa,2000 - 2001,
,,2001 - 2002,
,,2002 - 2003,
,,2003 - 2004,
,,2004 - 2005,
,,2005 - 2006,
,,2006 - 2007,
,,2007 - 2008,
,,2008 - 2009,
,,2009 - 2010,
,,2010 - 2011,
,,2011 - 2012,
,,2012 - 2013,
,,2013 - 2014,
,,2014 - 2015,
,,2015 - 2016,
,,2016 - 2017,
,,2017 - 2018,
,,2018 - 2019,
,,2019 - 2020,
,Krishna,2000 - 2001,
,,2001 - 2002,
,,2002 - 2003,
,,2003 - 2004,
,,2004 - 2005,
,,2005 - 2006,
,,2006 - 2007,
,,2008 - 2009,
,,2009 - 2010,
,,2010 - 2011,
,,2011 - 2012,
,,2013 - 2014,
,,2014 - 2015,
,,2016 - 2017,
,Kurnool,2000 - 2001,
,,2001 - 2002,
,,2002 - 2003,
,,2003 - 2004,
,,2004 - 2005,
,,2005 - 2006,
,,2006 - 2007,
,,2007 - 2008,
,,2008 - 2009,
,,2009 - 2010,
,,2010 - 2011,
,,2011 - 2012,
,,2012 - 2013,
,,2013 - 2014,
,,2014 - 2015,
,,2015 - 2016,
,,2016 - 2017,
,,2017 - 2018,
,,2018 - 2019,
,,2019 - 2020,
,Prakasam,2000 - 2001,
,,2001 - 2002,
,,2002 - 2003,
,,2003 - 2004,
,,2004 - 2005,
,,2005 - 2006,
,,2006 - 2007,
,,2008 - 2009,
,,2009 - 2010,
,,2010 - 2011,
,,2011 - 2012,
,,2012 - 2013,
,,2013 - 2014,
,,2014 - 2015,
,,2015 - 2016,
,,2016 - 2017,
,,2017 - 2018,
,,2018 - 2019,
,,2019 - 2020,
,Spsr nellore,2000 - 2001,
,,2001 - 2002,
,,2002 - 2003,
,,2003 - 2004,
,,2004 - 2005,
,,2005 - 2006,
,,2006 - 2007,
,,2008 - 2009,
,,2009 - 2010,
,,2010 - 2011,
,,2011 - 2012,
,,2013 - 2014,
,,2014 - 2015,
,,2015 - 2016,
,,2016 - 2017,
,,2017 - 2018,
,,2018 - 2019,
,Srikakulam,2000 - 2001,
,,2001 - 2002,
,,2002 - 2003,
,,2003 - 2004,
,,2004 - 2005,
,,2005 - 2006,
,,2006 - 2007,
,,2007 - 2008,
,,2008 - 2009,
,,2009 - 2010,
,,2010 - 2011,
,,2011 - 2012,
,,2012 - 2013,
,,2013 - 2014,
,,2014 - 2015,
,,2015 - 2016,
,,2016 - 2017,
,,2017 - 2018,
,,2018 - 2019,
,,2019 - 2020,
,Visakhapatanam,2000 - 2001,
,,2001 - 2002,
,,2002 - 2003,
,,2003 - 2004,
,,2004 - 2005,
,,2005 - 2006,
,,2006 - 2007,
,,2008 - 2009,
,,2009 - 2010,
,,2010 - 2011,
,,2011 - 2012,
,,2013 - 2014,
,,2014 - 2015,
,,2015 - 2016,
,,2016 - 2017,
,,2017 - 2018,
,,2018 - 2019,
,,2019 - 2020,
,Vizianagaram,2000 - 2001,
,,2001 - 2002,
,,2002 - 2003,
,,2003 - 2004,
,,2004 - 2005,
,,2005 - 2006,
,,2006 - 2007,
,,2008 - 2009,
,,2009 - 2010,
,,2010 - 2011,
,,2011 - 2012,
,,2013 - 2014,
,,2014 - 2015,
,,2015 - 2016,
,,2016 - 2017,
,,2017 - 2018,
,,2018 - 2019,
,,2019 - 2020,
,West godavari,2001 - 2002,
,,2015 - 2016,
Assam,Baksa,2005 - 2006,1.0
,,2006 - 2007,1.0
,,2007 - 2008,1.0
,,2008 - 2009,1.0
,,2009 - 2010,1.0
,,2010 - 2011,1.0
,,2011 - 2012,3.0
,,2012 - 2013,3.25
,,2013 - 2014,3.26
,,2014 - 2015,3.27
,,2015 - 2016,3.27
,,2016 - 2017,3.6
,,2017 - 2018,3.61
,,2018 - 2019,3.75
,,2019 - 2020,4.22
,,2020 - 2021,4.23
,,2021 - 2022,4.23
,,2022 - 2023,4.39
,Barpeta,2000 - 2001,1.5
,,2001 - 2002,1.5
,,2002 - 2003,1.5
,,2003 - 2004,1.5
,,2004 - 2005,1.5
,,2005 - 2006,1.5
,,2006 - 2007,1.5
,,2007 - 2008,1.5
,,2008 - 2009,1.5
,,2009 - 2010,1.5
,,2010 - 2011,1.5
,,2011 - 2012,3.14
,,2012 - 2013,5.36
,,2013 - 2014,6.0
,,2014 - 2015,6.01
,,2015 - 2016,14.87
,,2016 - 2017,15.84
,,2017 - 2018,15.84
,,2018 - 2019,18.54
,,2019 - 2020,18.58
,,2020 - 2021,18.58
,,2021 - 2022,17.58
,,2022 - 2023,18.57
,Biswanath,2020 - 2021,12.39
,,2021 - 2022,12.37
,,2022 - 2023,12.39
,Bongaigaon,2000 - 2001,2.0
,,2001 - 2002,2.0
,,2002 - 2003,2.0
,,2003 - 2004,2.0
,,2004 - 2005,2.0
,,2005 - 2006,2.0
,,2006 - 2007,2.0
,,2007 - 2008,2.0
,,2008 - 2009,2.0
,,2009 - 2010,2.0
,,2010 - 2011,2.0
,,2011 - 2012,2.17
,,2012 - 2013,2.37
,,2013 - 2014,2.38
,,2014 - 2015,2.39
,,2015 - 2016,2.39
,,2016 - 2017,2.71
,,2017 - 2018,2.73
,,2018 - 2019,2.9
,,2019 - 2020,3.35
,,2020 - 2021,3.34
,,2021 - 2022,4.17
,,2022 - 2023,4.2
,Cachar,2000 - 2001,3.24
,,2001 - 2002,3.24
,,2002 - 2003,3.24
,,2003 - 2004,3.25
,,2004 - 2005,3.25
,,2005 - 2006,3.25
,,2006 - 2007,3.25
,,2007 - 2008,3.25
,,2008 - 2009,3.25
,,2009 - 2010,3.26
,,2010 - 2011,3.25
,,2011 - 2012,3.35
,,2012 - 2013,3.63
,,2013 - 2014,3.45
,,2014 - 2015,3.46
,,2015 - 2016,13.23
,,2016 - 2017,13.31
,,2017 - 2018,13.4
,,2018 - 2019,13.36
,,2019 - 2020,13.52
,,2020 - 2021,13.52
,,2021 - 2022,13.51
,,2022 - 2023,13.52
,Charaideo,2020 - 2021,4.03
,,2021 - 2022,4.03
,,2022 - 2023,4.34
,Chirang,2005 - 2006,2.0
,,2006 - 2007,2.0
,,2007 - 2008,2.0
,,2008 - 2009,2.01
,,2009 - 2010,2.0
,,2010 - 2011,2.0
,,2011 - 2012,3.02
,,2012 - 2013,3.15
,,2013 - 2014,3.15
,,2014 - 2015,3.16
,,2015 - 2016,3.18
,,2016 - 2017,3.56
,,2017 - 2018,3.56
,,2018 - 2019,3.72
,,2019 - 2020,3.82
,,2020 - 2021,6.84
,,2021 - 2022,6.84
,,2022 - 2023,6.86
,Darrang,2000 - 2001,2.5
,,2001 - 2002,2.5
,,2002 - 2003,2.5
,,2003 - 2004,2.5
,,2004 - 2005,2.5
,,2005 - 2006,2.5
,,2006 - 2007,2.5
,,2007 - 2008,2.5
,,2008 - 2009,2.5
,,2009 - 2010,2.5
,,2010 - 2011,2.5
,,2011 - 2012,4.63
,,2012 - 2013,4.73
,,2013 - 2014,6.42
,,2014 - 2015,6.42
,,2015 - 2016,18.96
,,2016 - 2017,18.96
,,2017 - 2018,18.98
,,2018 - 2019,18.95
,,2019 - 2020,18.97
,,2020 - 2021,18.97
,,2021 - 2022,17.97
,,2022 - 2023,18.97
,Dhemaji,2000 - 2001,2.68
,,2001 - 2002,2.67
,,2002 - 2003,2.67
,,2003 - 2004,2.68
,,2004 - 2005,2.54
,,2005 - 2006,2.65
,,2006 - 2007,2.63
,,2007 - 2008,2.8
,,2008 - 2009,2.8
,,2009 - 2010,2.75
,,2010 - 2011,2.75
,,2011 - 2012,1.5
,,2012 - 2013,1.73
,,2013 - 2014,1.73
,,2014 - 2015,1.73
,,2015 - 2016,1.75
,,2016 - 2017,2.42
,,2017 - 2018,2.43
,,2018 - 2019,2.6
,,2019 - 2020,3.12
,,2020 - 2021,3.12
,,2021 - 2022,3.12
,,2022 - 2023,3.19
,Dhubri,2000 - 2001,2.6
,,2001 - 2002,2.6
,,2002 - 2003,2.6
,,2003 - 2004,2.6
,,2004 - 2005,2.6
,,2005 - 2006,2.6
,,2006 - 2007,2.6
,,2007 - 2008,2.6
,,2008 - 2009,2.6
,,2009 - 2010,2.6
,,2010 - 2011,2.6
,,2011 - 2012,3.07
,,2012 - 2013,3.28
,,2013 - 2014,3.28
,,2014 - 2015,3.28
,,2015 - 2016,17.56
,,2016 - 2017,17.57
,,2017 - 2018,17.57
,,2018 - 2019,18.66
,,2019 - 2020,19.76
,,2020 - 2021,18.1
,,2021 - 2022,18.1
,,2022 - 2023,18.1
,Dibrugarh,2000 - 2001,1.55
,,2001 - 2002,1.85
,,2002 - 2003,1.64
,,2003 - 2004,1.69
,,2004 - 2005,1.73
,,2005 - 2006,1.69
,,2006 - 2007,1.7
,,2007 - 2008,1.7
,,2008 - 2009,1.69
,,2009 - 2010,1.7
,,2010 - 2011,1.71
,,2011 - 2012,2.96
,,2012 - 2013,2.97
,,2013 - 2014,2.97
,,2014 - 2015,2.99
,,2015 - 2016,3.0
,,2016 - 2017,3.84
,,2017 - 2018,3.86
,,2018 - 2019,3.23
,,2019 - 2020,4.46
,,2020 - 2021,4.46
,,2021 - 2022,4.46
,,2022 - 2023,4.58
,Dima hasao,2000 - 2001,1.39
,,2001 - 2002,1.42
,,2002 - 2003,1.4
,,2003 - 2004,1.38
,,2004 - 2005,2.05
,,2005 - 2006,1.62
,,2006 - 2007,1.7
,,2007 - 2008,1.64
,,2008 - 2009,1.63
,,2009 - 2010,1.67
,,2010 - 2011,1.66
,,2011 - 2012,3.19
,,2012 - 2013,3.42
,,2013 - 2014,3.41
,,2014 - 2015,3.43
,,2015 - 2016,3.49
,,2016 - 2017,4.26
,,2017 - 2018,4.27
,,2018 - 2019,4.5
,,2019 - 2020,5.53
,,2020 - 2021,5.53
,,2021 - 2022,5.53
,,2022 - 2023,5.69
,Goalpara,2000 - 2001,1.98
,,2001 - 2002,1.98
,,2002 - 2003,1.99
,,2003 - 2004,1.98
,,2004 - 2005,1.98
,,2005 - 2006,1.98
,,2006 - 2007,1.98
,,2007 - 2008,1.98
,,2008 - 2009,2.04
,,2009 - 2010,2.0
,,2010 - 2011,2.01
,,2011 - 2012,2.16
,,2012 - 2013,3.27
,,2013 - 2014,3.27
,,2014 - 2015,3.61
,,2015 - 2016,11.68
,,2016 - 2017,11.73
,,2017 - 2018,11.74
,,2018 - 2019,11.73
,,2019 - 2020,10.72
,,2020 - 2021,10.71
,,2021 - 2022,10.71
,,2022 - 2023,10.73
,Golaghat,2000 - 2001,3.18
,,2001 - 2002,3.22
,,2002 - 2003,3.23
,,2003 - 2004,3.22
,,2004 - 2005,3.23
,,2005 - 2006,3.23
,,2006 - 2007,3.23
,,2007 - 2008,3.22
,,2008 - 2009,3.22
,,2009 - 2010,3.24
,,2010 - 2011,3.23
,,2011 - 2012,3.34
,,2012 - 2013,3.46
,,2013 - 2014,3.46
,,2014 - 2015,3.47
,,2015 - 2016,3.47
,,2016 - 2017,4.12
,,2017 - 2018,4.12
,,2018 - 2019,4.37
,,2019 - 2020,5.23
,,2020 - 2021,5.23
,,2021 - 2022,5.23
,,2022 - 2023,5.22
,Hailakandi,2000 - 2001,1.77
,,2001 - 2002,1.7
,,2002 - 2003,1.7
,,2003 - 2004,1.72
,,2004 - 2005,1.71
,,2005 - 2006,1.72
,,2006 - 2007,1.72
,,2007 - 2008,1.71
,,2008 - 2009,1.7
,,2009 - 2010,1.72
,,2010 - 2011,1.73
,,2011 - 2012,1.5
,,2012 - 2013,1.71
,,2013 - 2014,1.75
,,2014 - 2015,1.75
,,2015 - 2016,12.11
,,2016 - 2017,12.2
,,2017 - 2018,12.33
,,2018 - 2019,12.22
,,2019 - 2020,12.38
,,2020 - 2021,12.43
,,2021 - 2022,12.33
,,2022 - 2023,14.2
,Hojai,2020 - 2021,14.55
,,2021 - 2022,14.55
,,2022 - 2023,14.53
,Jorhat,2000 - 2001,2.2
,,2001 - 2002,2.2
,,2002 - 2003,2.2
,,2003 - 2004,2.2
,,2004 - 2005,2.2
,,2005 - 2006,2.2
,,2006 - 2007,2.2
,,2007 - 2008,2.2
,,2008 - 2009,2.19
,,2009 - 2010,2.2
,,2010 - 2011,2.2
,,2011 - 2012,2.27
,,2012 - 2013,2.29
,,2013 - 2014,2.29
,,2014 - 2015,2.29
,,2015 - 2016,2.35
,,2016 - 2017,2.79
,,2017 - 2018,2.8
,,2018 - 2019,2.99
,,2019 - 2020,3.59
,,2020 - 2021,3.58
,,2021 - 2022,3.58
,,2022 - 2023,3.82
,Kamrup,2000 - 2001,2.76
,,2001 - 2002,2.75
,,2002 - 2003,2.77
,,2003 - 2004,2.78
,,2004 - 2005,2.95
,,2005 - 2006,2.9
,,2006 - 2007,2.91
,,2007 - 2008,2.94
,,2008 - 2009,2.93
,,2009 - 2010,2.92
,,2010 - 2011,2.92
,,2011 - 2012,3.38
,,2012 - 2013,3.48
,,2013 - 2014,3.49
,,2014 - 2015,3.49
,,2015 - 2016,10.43
,,2016 - 2017,10.46
,,2017 - 2018,10.47
,,2018 - 2019,12.4
,,2019 - 2020,14.4
,,2020 - 2021,13.41
,,2021 - 2022,13.41
,,2022 - 2023,13.41
,Kamrup metro,2005 - 2006,3.0
,,2006 - 2007,3.0
,,2007 - 2008,2.94
,,2008 - 2009,2.97
,,2009 - 2010,2.97
,,2010 - 2011,2.96
,,2011 - 2012,3.84
,,2012 - 2013,2.45
,,2013 - 2014,2.45
,,2014 - 2015,2.46
,,2015 - 2016,2.46
,,2016 - 2017,3.26
,,2017 - 2018,3.28
,,2018 - 2019,3.58
,,2019 - 2020,4.61
,,2020 - 2021,4.61
,,2021 - 2022,4.6
,,2022 - 2023,4.75
,Karbi anglong,2000 - 2001,2.02
,,2001 - 2002,2.04
,,2002 - 2003,2.04
,,2003 - 2004,2.04
,,2004 - 2005,2.37
,,2005 - 2006,2.07
,,2006 - 2007,2.27
,,2007 - 2008,2.3
,,2008 - 2009,2.21
,,2009 - 2010,2.24
,,2010 - 2011,1.91
,,2011 - 2012,2.0
,,2012 - 2013,2.13
,,2013 - 2014,2.13
,,2014 - 2015,2.53
,,2015 - 2016,2.55
,,2016 - 2017,2.86
,,2017 - 2018,2.87
,,2018 - 2019,3.01
,,2019 - 2020,3.45
,,2020 - 2021,3.45
,,2021 - 2022,3.45
,,2022 - 2023,3.58
,Karimganj,2000 - 2001,3.08
,,2001 - 2002,3.07
,,2002 - 2003,3.07
,,2003 - 2004,3.07
,,2004 - 2005,3.08
,,2005 - 2006,3.09
,,2006 - 2007,3.08
,,2007 - 2008,3.04
,,2008 - 2009,3.06
,,2009 - 2010,3.07
,,2010 - 2011,3.07
,,2011 - 2012,3.17
,,2012 - 2013,3.4
,,2013 - 2014,3.39
,,2014 - 2015,3.4
,,2015 - 2016,8.84
,,2016 - 2017,8.95
,,2017 - 2018,8.95
,,2018 - 2019,8.95
,,2019 - 2020,9.18
,,2020 - 2021,9.21
,,2021 - 2022,9.2
,,2022 - 2023,9.5
,Kokrajhar,2000 - 2001,2.8
,,2001 - 2002,2.8
,,2002 - 2003,2.8
,,2003 - 2004,2.8
,,2004 - 2005,2.8
,,2005 - 2006,2.8
,,2006 - 2007,2.8
,,2007 - 2008,2.8
,,2008 - 2009,2.8
,,2009 - 2010,2.8
,,2010 - 2011,2.8
,,2011 - 2012,2.84
,,2012 - 2013,2.94
,,2013 - 2014,2.94
,,2014 - 2015,2.96
,,2015 - 2016,2.97
,,2016 - 2017,3.2
,,2017 - 2018,3.23
,,2018 - 2019,3.34
,,2019 - 2020,3.67
,,2020 - 2021,3.67
,,2021 - 2022,3.67
,,2022 - 2023,3.7
,Lakhimpur,2000 - 2001,2.67
,,2001 - 2002,2.67
,,2002 - 2003,2.67
,,2003 - 2004,2.67
,,2004 - 2005,2.67
,,2005 - 2006,2.67
,,2006 - 2007,2.68
,,2007 - 2008,2.68
,,2008 - 2009,2.66
,,2009 - 2010,2.66
,,2010 - 2011,2.66
,,2011 - 2012,2.83
,,2012 - 2013,2.94
,,2013 - 2014,2.94
,,2014 - 2015,2.97
,,2015 - 2016,2.98
,,2016 - 2017,3.33
,,2017 - 2018,3.34
,,2018 - 2019,3.48
,,2019 - 2020,3.94
,,2020 - 2021,4.33
,,2021 - 2022,4.32
,,2022 - 2023,4.38
,Majuli,2020 - 2021,3.59
,,2021 - 2022,3.59
,,2022 - 2023,3.63
,Marigaon,2000 - 2001,2.65
,,2001 - 2002,2.65
,,2002 - 2003,2.65
,,2003 - 2004,2.65
,,2004 - 2005,2.65
,,2005 - 2006,2.65
,,2006 - 2007,2.65
,,2007 - 2008,2.65
,,2008 - 2009,2.65
,,2009 - 2010,2.65
,,2010 - 2011,2.65
,,2011 - 2012,2.14
,,2012 - 2013,2.41
,,2013 - 2014,2.41
,,2014 - 2015,2.42
,,2015 - 2016,2.43
,,2016 - 2017,2.7
,,2017 - 2018,2.71
,,2018 - 2019,2.82
,,2019 - 2020,3.15
,,2020 - 2021,3.55
,,2021 - 2022,3.55
,,2022 - 2023,3.61
,Nagaon,2000 - 2001,2.1
,,2001 - 2002,2.1
,,2002 - 2003,2.1
,,2003 - 2004,2.1
,,2004 - 2005,2.1
,,2005 - 2006,2.1
,,2006 - 2007,2.1
,,2007 - 2008,2.1
,,2008 - 2009,2.22
,,2009 - 2010,2.14
,,2010 - 2011,2.16
,,2011 - 2012,2.28
,,2012 - 2013,3.29
,,2013 - 2014,3.29
,,2014 - 2015,3.3
,,2015 - 2016,16.51
,,2016 - 2017,16.52
,,2017 - 2018,13.09
,,2018 - 2019,12.78
,,2019 - 2020,14.55
,,2020 - 2021,14.55
,,2021 - 2022,14.55
,,2022 - 2023,14.55
,Nalbari,2000 - 2001,1.0
,,2001 - 2002,1.0
,,2002 - 2003,1.0
,,2003 - 2004,1.0
,,2004 - 2005,1.0
,,2005 - 2006,1.0
,,2006 - 2007,1.0
,,2007 - 2008,1.0
,,2008 - 2009,1.0
,,2009 - 2010,1.0
,,2010 - 2011,1.0
,,2011 - 2012,4.52
,,2012 - 2013,4.64
,,2013 - 2014,4.64
,,2014 - 2015,4.65
,,2015 - 2016,4.65
,,2016 - 2017,3.58
,,2017 - 2018,3.58
,,2018 - 2019,5.13
,,2019 - 2020,5.63
,,2020 - 2021,5.63
,,2021 - 2022,5.63
,,2022 - 2023,5.69
,Sivasagar,2000 - 2001,2.43
,,2001 - 2002,2.49
,,2002 - 2003,2.46
,,2003 - 2004,2.43
,,2004 - 2005,2.46
,,2005 - 2006,2.52
,,2006 - 2007,2.53
,,2007 - 2008,2.53
,,2008 - 2009,2.56
,,2009 - 2010,2.44
,,2010 - 2011,2.33
,,2011 - 2012,2.68
,,2012 - 2013,2.78
,,2013 - 2014,2.79
,,2014 - 2015,2.79
,,2015 - 2016,2.79
,,2016 - 2017,3.64
,,2017 - 2018,8.59
,,2018 - 2019,3.97
,,2019 - 2020,4.05
,,2020 - 2021,4.04
,,2021 - 2022,4.03
,,2022 - 2023,4.22
,Sonitpur,2000 - 2001,3.52
,,2001 - 2002,3.5
,,2002 - 2003,3.5
,,2003 - 2004,3.55
,,2004 - 2005,3.64
,,2005 - 2006,4.71
,,2006 - 2007,4.73
,,2007 - 2008,4.35
,,2008 - 2009,4.61
,,2009 - 2010,4.57
,,2010 - 2011,3.23
,,2011 - 2012,4.64
,,2012 - 2013,4.75
,,2013 - 2014,4.75
,,2014 - 2015,4.76
,,2015 - 2016,10.46
,,2016 - 2017,10.51
,,2017 - 2018,10.05
,,2018 - 2019,11.38
,,2019 - 2020,12.38
,,2020 - 2021,12.38
,,2021 - 2022,12.38
,,2022 - 2023,12.38
,South salmara mancachar,2020 - 2021,18.1
,,2021 - 2022,18.1
,,2022 - 2023,18.08
,Tinsukia,2000 - 2001,2.0
,,2001 - 2002,2.13
,,2002 - 2003,2.04
,,2003 - 2004,2.05
,,2004 - 2005,2.12
,,2005 - 2006,2.13
,,2006 - 2007,2.13
,,2007 - 2008,2.07
,,2008 - 2009,2.0
,,2009 - 2010,2.03
,,2010 - 2011,2.0
,,2011 - 2012,5.41
,,2012 - 2013,5.46
,,2013 - 2014,5.46
,,2014 - 2015,5.46
,,2015 - 2016,5.48
,,2016 - 2017,3.68
,,2017 - 2018,6.4
,,2018 - 2019,5.58
,,2019 - 2020,6.56
,,2020 - 2021,6.52
,,2021 - 2022,5.6
,,2022 - 2023,6.65
,Udalguri,2005 - 2006,2.5
,,2006 - 2007,2.5
,,2007 - 2008,2.5
,,2008 - 2009,2.5
,,2009 - 2010,2.5
,,2010 - 2011,2.5
,,2011 - 2012,2.77
,,2012 - 2013,2.87
,,2013 - 2014,2.87
,,2014 - 2015,2.88
,,2015 - 2016,2.88
,,2016 - 2017,3.21
,,2017 - 2018,3.22
,,2018 - 2019,3.35
,,2019 - 2020,3.8
,,2020 - 2021,3.8
,,2021 - 2022,3.81
,,2022 - 2023,3.83
,West karbi anglong,2020 - 2021,3.43
,,2021 - 2022,3.44
,,2022 - 2023,3.75
Bihar,Araria,2000 - 2001,7.93
,,2001 - 2002,8.28
,,2002 - 2003,8.48
,,2003 - 2004,7.5
,,2004 - 2005,7.96
,,2005 - 2006,8.92
,,2007 - 2008,10.11
,,2008 - 2009,10.25
,,2016 - 2017,
,,2017 - 2018,
,,2018 - 2019,
,,2019 - 2020,
,,2020 - 2021,
,,2021 - 2022,
,,2022 - 2023,
,Arwal,2003 - 2004,7.64
,,2004 - 2005,7.24
,,2005 - 2006,7.35
,,2007 - 2008,8.69
,,2008 - 2009,6.88
,,2016 - 2017,
,,2017 - 2018,
,,2018 - 2019,
,,2019 - 2020,
,,2020 - 2021,
,,2021 - 2022,
,,2022 - 2023,
,Aurangabad,2000 - 2001,8.6
,,2001 - 2002,11.22
,,2002 - 2003,4.68
,,2003 - 2004,8.53
,,2004 - 2005,8.31
,,2005 - 2006,7.86
,,2007 - 2008,12.05
,,2008 - 2009,7.34
,,2016 - 2017,
,,2017 - 2018,
,,2018 - 2019,
,,2019 - 2020,
,,2020 - 2021,
,,2021 - 2022,
,,2022 - 2023,
,Banka,2000 - 2001,10.21
,,2001 - 2002,9.55
,,2002 - 2003,8.62
,,2003 - 2004,9.48
,,2004 - 2005,7.53
,,2005 - 2006,8.72
,,2007 - 2008,9.0
,,2008 - 2009,9.29
,,2016 - 2017,
,,2017 - 2018,
,,2018 - 2019,
,,2019 - 2020,
,,2020 - 2021,
,,2021 - 2022,
,,2022 - 2023,
,Begusarai,2000 - 2001,11.24
,,2001 - 2002,11.15
,,2002 - 2003,8.59
,,2003 - 2004,9.49
,,2004 - 2005,5.83
,,2005 - 2006,8.73
,,2007 - 2008,8.55
,,2016 - 2017,
,,2017 - 2018,
,,2019 - 2020,
,,2021 - 2022,
,,2022 - 2023,
,Bhagalpur,2000 - 2001,10.21
,,2001 - 2002,9.55
,,2002 - 2003,8.59
,,2003 - 2004,9.49
,,2004 - 2005,7.55
,,2005 - 2006,8.73
,,2007 - 2008,8.99
,,2008 - 2009,9.31
,,2016 - 2017,
,,2017 - 2018,
,,2018 - 2019,
,,2019 - 2020,
,,2020 - 2021,
,,2021 - 2022,
,,2022 - 2023,
,Bhojpur,2000 - 2001,10.65
,,2001 - 2002,8.4
,,2002 - 2003,8.04
,,2003 - 2004,8.09
,,2004 - 2005,7.3
,,2005 - 2006,8.54
,,2007 - 2008,7.09
,,2008 - 2009,8.0
,,2016 - 2017,
,,2017 - 2018,
,,2018 - 2019,
,,2019 - 2020,
,,2020 - 2021,
,,2021 - 2022,
,,2022 - 2023,
,Buxar,2000 - 2001,12.08
,,2001 - 2002,10.58
,,2002 - 2003,9.64
,,2003 - 2004,12.79
,,2004 - 2005,9.45
,,2005 - 2006,8.54
,,2007 - 2008,9.97
,,2008 - 2009,8.55
,,2016 - 2017,
,,2017 - 2018,
,,2018 - 2019,
,,2019 - 2020,
,,2020 - 2021,
,,2021 - 2022,
,,2022 - 2023,
,Darbhanga,2000 - 2001,17.16
,,2001 - 2002,6.03
,,2002 - 2003,10.09
,,2003 - 2004,9.32
,,2004 - 2005,7.88
,,2005 - 2006,7.17
,,2007 - 2008,7.77
,,2008 - 2009,8.55
,,2016 - 2017,
,,2017 - 2018,
,,2018 - 2019,
,,2019 - 2020,
,,2020 - 2021,
,,2021 - 2022,
,,2022 - 2023,
,Gaya,2000 - 2001,5.87
,,2001 - 2002,11.22
,,2002 - 2003,4.68
,,2003 - 2004,7.17
,,2004 - 2005,5.8
,,2005 - 2006,6.1
,,2007 - 2008,4.79
,,2008 - 2009,6.49
,,2016 - 2017,
,,2017 - 2018,
,,2018 - 2019,
,,2019 - 2020,
,,2020 - 2021,
,,2021 - 2022,
,,2022 - 2023,
,Gopalganj,2000 - 2001,7.26
,,2001 - 2002,7.48
,,2002 - 2003,8.06
,,2003 - 2004,8.45
,,2004 - 2005,8.97
,,2005 - 2006,8.62
,,2007 - 2008,9.47
,,2008 - 2009,9.29
,,2016 - 2017,
,,2017 - 2018,
,,2018 - 2019,
,,2019 - 2020,
,,2020 - 2021,
,,2021 - 2022,
,,2022 - 2023,
,Jamui,2000 - 2001,7.88
,,2001 - 2002,14.57
,,2002 - 2003,8.59
,,2003 - 2004,9.49
,,2004 - 2005,5.83
,,2005 - 2006,8.73
,,2008 - 2009,8.8
,,2016 - 2017,
,,2017 - 2018,
,,2018 - 2019,
,,2019 - 2020,
,,2020 - 2021,
,,2021 - 2022,
,,2022 - 2023,
,Jehanabad,2000 - 2001,8.6
,,2001 - 2002,11.22
,,2002 - 2003,4.68
,,2003 - 2004,7.64
,,2004 - 2005,7.24
,,2005 - 2006,7.35
,,2007 - 2008,8.69
,,2008 - 2009,6.88
,,2016 - 2017,
,,2017 - 2018,
,,2018 - 2019,
,,2019 - 2020,
,,2020 - 2021,
,,2021 - 2022,
,,2022 - 2023,
,Kaimur (bhabua),2000 - 2001,12.54
,,2001 - 2002,10.58
,,2002 - 2003,9.64
,,2003 - 2004,12.79
,,2004 - 2005,9.45
,,2005 - 2006,8.54
,,2007 - 2008,9.97
,,2008 - 2009,11.38
,,2016 - 2017,
,,2019 - 2020,
,,2020 - 2021,
,,2021 - 2022,
,,2022 - 2023,
,Katihar,2000 - 2001,7.86
,,2001 - 2002,8.08
,,2002 - 2003,8.09
,,2003 - 2004,7.1
,,2004 - 2005,8.06
,,2005 - 2006,8.28
,,2007 - 2008,9.28
,,2008 - 2009,9.1
,,2016 - 2017,
,,2017 - 2018,
,,2018 - 2019,
,,2019 - 2020,
,,2020 - 2021,
,,2021 - 2022,
,,2022 - 2023,
,Khagaria,2000 - 2001,4.94
,,2001 - 2002,14.57
,,2002 - 2003,8.59
,,2003 - 2004,9.49
,,2004 - 2005,5.83
,,2005 - 2006,8.73
,,2007 - 2008,8.55
,,2008 - 2009,8.81
,,2016 - 2017,
,,2017 - 2018,
,,2018 - 2019,
,,2019 - 2020,
,,2020 - 2021,
,,2021 - 2022,
,,2022 - 2023,
,Kishanganj,2000 - 2001,7.82
,,2001 - 2002,7.92
,,2002 - 2003,7.77
,,2003 - 2004,7.56
,,2004 - 2005,8.52
,,2005 - 2006,7.82
,,2007 - 2008,7.8
,,2008 - 2009,7.46
,,2016 - 2017,
,,2017 - 2018,
,,2018 - 2019,
,,2019 - 2020,
,,2020 - 2021,
,,2021 - 2022,
,,2022 - 2023,
,Lakhisarai,2000 - 2001,7.88
,,2001 - 2002,14.57
,,2002 - 2003,8.59
,,2003 - 2004,9.49
,,2004 - 2005,5.84
,,2005 - 2006,8.73
,,2007 - 2008,8.55
,,2008 - 2009,8.81
,,2018 - 2019,
,,2019 - 2020,
,,2020 - 2021,
,,2021 - 2022,
,,2022 - 2023,
,Madhepura,2000 - 2001,12.37
,,2001 - 2002,13.89
,,2002 - 2003,12.99
,,2003 - 2004,10.65
,,2004 - 2005,7.55
,,2005 - 2006,6.23
,,2007 - 2008,6.57
,,2008 - 2009,6.99
,,2016 - 2017,
,,2017 - 2018,
,,2018 - 2019,
,,2019 - 2020,
,,2020 - 2021,
,,2021 - 2022,
,,2022 - 2023,
,Madhubani,2000 - 2001,17.16
,,2001 - 2002,6.03
,,2002 - 2003,11.04
,,2003 - 2004,10.69
,,2004 - 2005,11.19
,,2005 - 2006,8.42
,,2007 - 2008,8.77
,,2008 - 2009,9.23
,,2016 - 2017,
,,2017 - 2018,
,,2018 - 2019,
,,2019 - 2020,
,,2020 - 2021,
,,2021 - 2022,
,,2022 - 2023,
,Munger,2000 - 2001,7.88
,,2001 - 2002,14.58
,,2002 - 2003,8.58
,,2003 - 2004,9.49
,,2004 - 2005,5.83
,,2005 - 2006,8.74
,,2007 - 2008,8.55
,,2008 - 2009,8.81
,,2016 - 2017,
,,2017 - 2018,
,,2018 - 2019,
,,2019 - 2020,
,,2020 - 2021,
,,2021 - 2022,
,,2022 - 2023,
,Muzaffarpur,2000 - 2001,7.41
,,2001 - 2002,10.02
,,2002 - 2003,7.24
,,2003 - 2004,7.55
,,2004 - 2005,5.69
,,2005 - 2006,7.32
,,2007 - 2008,9.52
,,2008 - 2009,5.97
,,2016 - 2017,
,,2017 - 2018,
,,2018 - 2019,
,,2019 - 2020,
,,2020 - 2021,
,,2021 - 2022,
,,2022 - 2023,
,Nalanda,2000 - 2001,10.04
,,2001 - 2002,6.73
,,2002 - 2003,8.51
,,2003 - 2004,18.01
,,2004 - 2005,11.15
,,2005 - 2006,10.99
,,2007 - 2008,13.91
,,2008 - 2009,19.34
,,2016 - 2017,
,,2017 - 2018,
,,2018 - 2019,
,,2019 - 2020,
,,2020 - 2021,
,,2021 - 2022,
,,2022 - 2023,
,Nawada,2000 - 2001,13.9
,,2001 - 2002,11.22
,,2002 - 2003,4.68
,,2003 - 2004,7.64
,,2004 - 2005,9.16
,,2005 - 2006,7.15
,,2007 - 2008,8.69
,,2008 - 2009,6.88
,,2016 - 2017,
,,2017 - 2018,
,,2018 - 2019,
,,2019 - 2020,
,,2020 - 2021,
,,2021 - 2022,
,Pashchim champaran,2000 - 2001,9.18
,,2001 - 2002,9.21
,,2002 - 2003,7.6
,,2003 - 2004,8.38
,,2004 - 2005,1.55
,,2005 - 2006,7.83
,,2007 - 2008,7.9
,,2008 - 2009,8.07
,,2016 - 2017,
,,2017 - 2018,
,,2018 - 2019,
,,2019 - 2020,
,,2020 - 2021,
,,2021 - 2022,
,,2022 - 2023,
,Patna,2000 - 2001,15.93
,,2001 - 2002,14.9
,,2002 - 2003,11.3
,,2003 - 2004,9.3
,,2004 - 2005,8.29
,,2005 - 2006,6.96
,,2007 - 2008,7.19
,,2008 - 2009,5.76
,,2016 - 2017,
,,2017 - 2018,
,,2018 - 2019,
,,2019 - 2020,
,,2020 - 2021,
,,2021 - 2022,
,,2022 - 2023,
,Purbi champaran,2000 - 2001,8.6
,,2001 - 2002,8.64
,,2002 - 2003,8.21
,,2003 - 2004,7.32
,,2004 - 2005,8.81
,,2005 - 2006,5.3
,,2007 - 2008,8.84
,,2008 - 2009,8.92
,,2016 - 2017,
,,2017 - 2018,
,,2018 - 2019,
,,2019 - 2020,
,,2020 - 2021,
,,2021 - 2022,
,,2022 - 2023,
,Purnia,2000 - 2001,7.87
,,2001 - 2002,8.14
,,2002 - 2003,8.2
,,2003 - 2004,9.22
,,2004 - 2005,5.5
,,2005 - 2006,7.19
,,2007 - 2008,9.28
,,2008 - 2009,9.1
,,2016 - 2017,
,,2017 - 2018,
,,2018 - 2019,
,,2019 - 2020,
,,2020 - 2021,
,,2021 - 2022,
,,2022 - 2023,
,Rohtas,2000 - 2001,16.52
,,2001 - 2002,10.58
,,2002 - 2003,9.64
,,2003 - 2004,12.79
,,2004 - 2005,9.45
,,2005 - 2006,8.54
,,2007 - 2008,9.97
,,2008 - 2009,11.38
,,2016 - 2017,
,,2017 - 2018,
,,2018 - 2019,
,,2019 - 2020,
,,2020 - 2021,
,,2021 - 2022,
,,2022 - 2023,
,Saharsa,2000 - 2001,12.37
,,2001 - 2002,13.89
,,2002 - 2003,12.99
,,2003 - 2004,10.65
,,2004 - 2005,7.55
,,2005 - 2006,6.22
,,2007 - 2008,6.57
,,2016 - 2017,
,,2017 - 2018,
,,2018 - 2019,
,,2019 - 2020,
,,2020 - 2021,
,,2021 - 2022,
,,2022 - 2023,
,Samastipur,2000 - 2001,17.16
,,2001 - 2002,6.03
,,2002 - 2003,9.19
,,2003 - 2004,8.1
,,2004 - 2005,5.07
,,2005 - 2006,6.05
,,2007 - 2008,7.05
,,2008 - 2009,6.76
,,2016 - 2017,
,,2017 - 2018,
,,2018 - 2019,
,,2019 - 2020,
,,2020 - 2021,
,,2021 - 2022,
,,2022 - 2023,
,Saran,2000 - 2001,6.56
,,2001 - 2002,6.74
,,2002 - 2003,7.91
,,2003 - 2004,8.63
,,2004 - 2005,10.01
,,2005 - 2006,10.45
,,2007 - 2008,9.88
,,2008 - 2009,9.31
,,2016 - 2017,
,,2017 - 2018,
,,2018 - 2019,
,,2019 - 2020,
,,2020 - 2021,
,,2021 - 2022,
,,2022 - 2023,
,Sheikhpura,2000 - 2001,7.89
,,2001 - 2002,24.18
,,2002 - 2003,8.59
,,2003 - 2004,9.49
,,2004 - 2005,5.83
,,2005 - 2006,8.73
,,2007 - 2008,8.55
,,2008 - 2009,8.81
,,2016 - 2017,
,,2017 - 2018,
,,2018 - 2019,
,,2019 - 2020,
,,2020 - 2021,
,,2021 - 2022,
,,2022 - 2023,
,Sheohar,2000 - 2001,8.61
,,2001 - 2002,8.87
,,2002 - 2003,7.53
,,2003 - 2004,8.12
,,2004 - 2005,5.69
,,2005 - 2006,10.76
,,2016 - 2017,
,,2018 - 2019,
,,2019 - 2020,
,,2020 - 2021,
,,2021 - 2022,
,,2022 - 2023,
,Sitamarhi,2000 - 2001,10.44
,,2001 - 2002,7.82
,,2002 - 2003,9.02
,,2003 - 2004,10.91
,,2004 - 2005,9.47
,,2005 - 2006,16.92
,,2007 - 2008,8.75
,,2008 - 2009,8.7
,,2016 - 2017,
,,2017 - 2018,
,,2018 - 2019,
,,2019 - 2020,
,,2020 - 2021,
,,2021 - 2022,
,,2022 - 2023,
,Siwan,2000 - 2001,7.87
,,2001 - 2002,8.33
,,2002 - 2003,8.18
,,2003 - 2004,8.27
,,2004 - 2005,7.71
,,2005 - 2006,6.28
,,2007 - 2008,8.71
,,2008 - 2009,9.31
,,2016 - 2017,
,,2017 - 2018,
,,2018 - 2019,
,,2019 - 2020,
,,2020 - 2021,
,,2021 - 2022,
,,2022 - 2023,
,Supaul,2000 - 2001,12.37
,,2001 - 2002,13.89
,,2002 - 2003,12.99
,,2003 - 2004,10.65
,,2004 - 2005,7.55
,,2005 - 2006,6.22
,,2007 - 2008,6.57
,,2008 - 2009,6.99
,,2016 - 2017,
,,2017 - 2018,
,,2018 - 2019,
,,2019 - 2020,
,,2020 - 2021,
,,2021 - 2022,
,,2022 - 2023,
,Vaishali,2000 - 2001,7.35
,,2001 - 2002,8.86
,,2002 - 2003,5.58
,,2003 - 2004,5.45
,,2004 - 2005,5.98
,,2005 - 2006,5.38
,,2007 - 2008,9.91
,,2008 - 2009,11.63
,,2016 - 2017,
,,2017 - 2018,
,,2018 - 2019,
,,2019 - 2020,
,,2020 - 2021,
,,2021 - 2022,
,,2022 - 2023,
Chandigarh,Chandigarh,2000 - 2001,15.0
,,2001 - 2002,15.0
,,2002 - 2003,31.67
,,2003 - 2004,17.5
,,2004 - 2005,17.0
,,2005 - 2006,17.0
,,2006 - 2007,17.0
,,2007 - 2008,17.5
,,2008 - 2009,17.5
,,2009 - 2010,18.33
,,2010 - 2011,18.67
,,2011 - 2012,17.5
,,2012 - 2013,30.0
,,2013 - 2014,28.33
,,2014 - 2015,26.67
,,2015 - 2016,20.0
Chhattisgarh,Balod,2011 - 2012,3.8
,,2012 - 2013,2.4
,,2013 - 2014,6.43
,,2014 - 2015,11.0
,,2015 - 2016,6.0
,,2016 - 2017,0.0
,,2020 - 2021,1.0
,,2021 - 2022,8.0
,Baloda bazar,2011 - 2012,4.31
,,2012 - 2013,3.24
,,2013 - 2014,7.06
,,2014 - 2015,8.62
,,2015 - 2016,9.55
,,2016 - 2017,3.07
,,2017 - 2018,5.27
,,2018 - 2019,5.57
,,2019 - 2020,4.27
,,2020 - 2021,4.27
,,2021 - 2022,6.27
,,2022 - 2023,7.55
,Balrampur,2011 - 2012,4.81
,,2012 - 2013,3.25
,,2013 - 2014,5.03
,,2014 - 2015,15.36
,,2015 - 2016,9.78
,,2016 - 2017,2.03
,,2017 - 2018,5.41
,,2018 - 2019,4.67
,,2019 - 2020,4.49
,,2020 - 2021,4.25
,,2021 - 2022,5.41
,,2022 - 2023,6.99
,Bastar,2000 - 2001,7.58
,,2001 - 2002,8.84
,,2002 - 2003,8.37
,,2003 - 2004,7.08
,,2004 - 2005,6.1
,,2005 - 2006,5.55
,,2006 - 2007,4.65
,,2007 - 2008,4.53
,,2008 - 2009,5.47
,,2010 - 2011,5.43
,,2011 - 2012,4.76
,,2012 - 2013,3.22
,,2013 - 2014,4.97
,,2014 - 2015,8.58
,,2015 - 2016,5.57
,,2016 - 2017,2.74
,,2017 - 2018,5.88
,,2018 - 2019,4.48
,,2019 - 2020,4.62
,,2020 - 2021,4.36
,,2021 - 2022,6.2
,,2022 - 2023,7.64
,Bemetara,2011 - 2012,3.8
,,2012 - 2013,2.14
,,2013 - 2014,5.29
,,2014 - 2015,8.74
,,2015 - 2016,4.53
,,2016 - 2017,1.36
,,2017 - 2018,4.58
,,2018 - 2019,3.79
,,2019 - 2020,0.0
,,2020 - 2021,3.72
,,2021 - 2022,5.16
,,2022 - 2023,5.94
,Bijapur,2006 - 2007,0.0
,,2007 - 2008,9.0
,,2012 - 2013,2.0
,,2013 - 2014,5.0
,,2014 - 2015,10.0
,,2015 - 2016,7.0
,,2016 - 2017,6.0
,,2021 - 2022,10.0
,Bilaspur,2000 - 2001,8.37
,,2001 - 2002,10.33
,,2002 - 2003,8.84
,,2003 - 2004,9.97
,,2004 - 2005,7.26
,,2005 - 2006,6.28
,,2006 - 2007,45.49
,,2007 - 2008,5.22
,,2008 - 2009,6.29
,,2009 - 2010,5.98
,,2010 - 2011,5.61
,,2011 - 2012,5.9
,,2012 - 2013,3.98
,,2013 - 2014,8.03
,,2014 - 2015,10.98
,,2015 - 2016,6.8
,,2016 - 2017,3.78
,,2017 - 2018,7.88
,,2018 - 2019,7.25
,,2019 - 2020,7.27
,,2020 - 2021,5.91
,,2021 - 2022,7.72
,,2022 - 2023,9.59
,Dantewada,2004 - 2005,8.5
,,2013 - 2014,6.0
,,2019 - 2020,0.0
,Dhamtari,2000 - 2001,7.65
,,2001 - 2002,8.66
,,2002 - 2003,7.81
,,2003 - 2004,6.65
,,2004 - 2005,5.7
,,2005 - 2006,5.18
,,2006 - 2007,4.31
,,2007 - 2008,4.23
,,2008 - 2009,5.73
,,2009 - 2010,4.24
,,2010 - 2011,5.72
,,2011 - 2012,4.99
,,2012 - 2013,3.37
,,2013 - 2014,6.81
,,2014 - 2015,9.01
,,2015 - 2016,5.76
,,2016 - 2017,2.75
,,2017 - 2018,6.65
,,2018 - 2019,5.41
,,2019 - 2020,5.67
,,2020 - 2021,6.0
,,2021 - 2022,7.75
,,2022 - 2023,9.5
,Durg,2000 - 2001,5.73
,,2001 - 2002,5.86
,,2002 - 2003,6.04
,,2003 - 2004,5.7
,,2004 - 2005,4.7
,,2005 - 2006,4.2
,,2006 - 2007,3.76
,,2007 - 2008,3.7
,,2008 - 2009,4.47
,,2009 - 2010,3.11
,,2010 - 2011,4.15
,,2011 - 2012,3.81
,,2012 - 2013,2.42
,,2013 - 2014,4.45
,,2014 - 2015,7.69
,,2015 - 2016,4.15
,,2016 - 2017,1.43
,,2017 - 2018,1.36
,,2018 - 2019,4.0
,,2019 - 2020,4.44
,,2020 - 2021,3.93
,,2021 - 2022,6.28
,,2022 - 2023,6.67
,Gariyaband,2011 - 2012,4.31
,,2012 - 2013,3.13
,,2013 - 2014,5.65
,,2014 - 2015,8.63
,,2015 - 2016,6.44
,,2016 - 2017,3.07
,,2017 - 2018,5.18
,,2018 - 2019,4.39
,,2019 - 2020,4.53
,,2020 - 2021,6.48
,,2021 - 2022,7.14
,,2022 - 2023,8.97
,Gaurella-pendra-marwahi,2019 - 2020,7.04
,,2020 - 2021,5.94
,,2021 - 2022,7.71
,,2022 - 2023,9.58
,Janjgir-champa,2000 - 2001,8.97
,,2001 - 2002,10.16
,,2002 - 2003,9.63
,,2003 - 2004,8.82
,,2004 - 2005,7.02
,,2005 - 2006,6.38
,,2006 - 2007,5.3
,,2007 - 2008,5.21
,,2008 - 2009,5.77
,,2009 - 2010,5.45
,,2010 - 2011,5.61
,,2011 - 2012,6.3
,,2012 - 2013,3.98
,,2013 - 2014,8.03
,,2014 - 2015,8.85
,,2015 - 2016,6.8
,,2016 - 2017,3.15
,,2017 - 2018,7.88
,,2018 - 2019,5.84
,,2019 - 2020,5.19
,,2020 - 2021,5.96
,,2021 - 2022,7.71
,,2022 - 2023,9.95
,Jashpur,2000 - 2001,10.96
,,2001 - 2002,12.41
,,2002 - 2003,11.37
,,2003 - 2004,9.8
,,2004 - 2005,8.44
,,2005 - 2006,7.92
,,2006 - 2007,6.04
,,2007 - 2008,5.94
,,2008 - 2009,7.43
,,2009 - 2010,6.05
,,2010 - 2011,8.23
,,2011 - 2012,6.73
,,2012 - 2013,4.87
,,2013 - 2014,9.98
,,2014 - 2015,12.98
,,2015 - 2016,8.31
,,2016 - 2017,3.9
,,2017 - 2018,9.79
,,2018 - 2019,7.92
,,2019 - 2020,7.69
,,2020 - 2021,7.4
,,2021 - 2022,9.58
,,2022 - 2023,11.95
,Kabirdham,2000 - 2001,5.44
,,2001 - 2002,7.36
,,2002 - 2003,5.68
,,2003 - 2004,5.55
,,2004 - 2005,3.8
,,2005 - 2006,3.45
,,2006 - 2007,4.02
,,2007 - 2008,3.95
,,2008 - 2009,3.41
,,2009 - 2010,2.72
,,2010 - 2011,4.37
,,2011 - 2012,3.19
,,2012 - 2013,2.59
,,2013 - 2014,6.08
,,2014 - 2015,8.05
,,2015 - 2016,5.51
,,2016 - 2017,2.44
,,2017 - 2018,5.53
,,2018 - 2019,4.49
,,2019 - 2020,4.43
,,2020 - 2021,4.84
,,2021 - 2022,6.25
,,2022 - 2023,7.81
,Kanker,2000 - 2001,7.83
,,2001 - 2002,10.11
,,2002 - 2003,5.38
,,2003 - 2004,7.07
,,2004 - 2005,6.19
,,2005 - 2006,5.55
,,2006 - 2007,4.62
,,2007 - 2008,4.54
,,2008 - 2009,5.49
,,2009 - 2010,4.07
,,2010 - 2011,5.44
,,2011 - 2012,4.09
,,2012 - 2013,2.02
,,2013 - 2014,3.79
,,2014 - 2015,5.93
,,2015 - 2016,4.64
,,2016 - 2017,2.25
,,2017 - 2018,5.26
,,2018 - 2019,4.27
,,2019 - 2020,4.31
,,2020 - 2021,4.17
,,2021 - 2022,5.4
,,2022 - 2023,6.6
,Khairgarh chhuikhadan gandai,2022 - 2023,6.71
,Kondagaon,2011 - 2012,4.78
,,2012 - 2013,3.22
,,2013 - 2014,4.96
,,2014 - 2015,8.16
,,2015 - 2016,5.04
,,2016 - 2017,2.15
,,2017 - 2018,0.0
,,2018 - 2019,4.73
,,2019 - 2020,4.5
,,2020 - 2021,4.46
,,2021 - 2022,5.8
,,2022 - 2023,7.2
,Korba,2000 - 2001,8.97
,,2001 - 2002,10.16
,,2002 - 2003,9.58
,,2003 - 2004,8.14
,,2004 - 2005,5.85
,,2005 - 2006,5.53
,,2006 - 2007,5.3
,,2007 - 2008,5.21
,,2008 - 2009,5.24
,,2009 - 2010,4.19
,,2010 - 2011,5.61
,,2011 - 2012,4.93
,,2012 - 2013,3.32
,,2013 - 2014,6.69
,,2014 - 2015,8.85
,,2015 - 2016,5.67
,,2016 - 2017,3.22
,,2017 - 2018,7.81
,,2018 - 2019,5.7
,,2019 - 2020,6.27
,,2020 - 2021,5.96
,,2021 - 2022,7.44
,,2022 - 2023,9.3
,Korea,2000 - 2001,6.89
,,2001 - 2002,7.21
,,2002 - 2003,7.63
,,2003 - 2004,6.26
,,2004 - 2005,5.14
,,2005 - 2006,3.93
,,2006 - 2007,3.82
,,2007 - 2008,3.75
,,2008 - 2009,4.61
,,2009 - 2010,3.5
,,2010 - 2011,3.74
,,2011 - 2012,3.56
,,2012 - 2013,2.64
,,2013 - 2014,5.69
,,2014 - 2015,7.67
,,2015 - 2016,4.42
,,2016 - 2017,2.11
,,2017 - 2018,5.6
,,2018 - 2019,4.45
,,2019 - 2020,3.5
,,2022 - 2023,7.06
,Mahasamund,2000 - 2001,8.13
,,2001 - 2002,6.88
,,2002 - 2003,7.43
,,2003 - 2004,6.17
,,2004 - 2005,5.13
,,2005 - 2006,5.18
,,2006 - 2007,4.37
,,2007 - 2008,4.3
,,2008 - 2009,4.68
,,2009 - 2010,4.08
,,2010 - 2011,5.25
,,2011 - 2012,4.86
,,2012 - 2013,3.29
,,2013 - 2014,6.52
,,2014 - 2015,8.62
,,2015 - 2016,5.52
,,2016 - 2017,2.56
,,2017 - 2018,6.32
,,2019 - 2020,4.51
,,2020 - 2021,4.82
,,2021 - 2022,6.24
,,2022 - 2023,10.75
,Manendragarh chirimiri bharatpur,2022 - 2023,9.45
,Mungeli,2011 - 2012,5.93
,,2012 - 2013,3.98
,,2013 - 2014,8.06
,,2014 - 2015,10.62
,,2015 - 2016,7.02
,,2016 - 2017,3.51
,,2017 - 2018,10.12
,,2018 - 2019,13.05
,,2019 - 2020,6.33
,,2020 - 2021,6.46
,,2021 - 2022,8.35
,Narayanpur,2006 - 2007,0.0
,,2007 - 2008,9.0
,,2008 - 2009,6.0
,,2009 - 2010,4.0
,,2010 - 2011,5.0
,,2017 - 2018,7.5
,,2018 - 2019,9.67
,,2019 - 2020,10.0
,,2020 - 2021,1.0
,,2021 - 2022,10.0
,,2022 - 2023,10.0
,Raigarh,2000 - 2001,10.05
,,2001 - 2002,12.41
,,2002 - 2003,11.57
,,2003 - 2004,9.79
,,2004 - 2005,8.01
,,2005 - 2006,7.54
,,2006 - 2007,6.58
,,2007 - 2008,6.47
,,2008 - 2009,7.94
,,2009 - 2010,6.15
,,2010 - 2011,8.22
,,2011 - 2012,6.97
,,2012 - 2013,4.71
,,2013 - 2014,10.14
,,2017 - 2018,10.12
,,2018 - 2019,7.8
,,2019 - 2020,7.58
,,2020 - 2021,6.79
,Raipur,2000 - 2001,7.17
,,2001 - 2002,8.38
,,2002 - 2003,7.81
,,2003 - 2004,6.62
,,2004 - 2005,5.79
,,2005 - 2006,5.18
,,2006 - 2007,4.37
,,2007 - 2008,4.3
,,2008 - 2009,4.51
,,2009 - 2010,4.08
,,2010 - 2011,4.73
,,2011 - 2012,4.31
,,2012 - 2013,2.91
,,2013 - 2014,7.07
,,2014 - 2015,8.63
,,2015 - 2016,6.44
,,2016 - 2017,2.81
,,2017 - 2018,7.46
,,2018 - 2019,5.6
,,2019 - 2020,5.48
,,2020 - 2021,4.33
,,2021 - 2022,6.7
,,2022 - 2023,8.03
,Rajnandgaon,2000 - 2001,6.02
,,2001 - 2002,6.38
,,2002 - 2003,6.25
,,2003 - 2004,6.23
,,2004 - 2005,5.03
,,2005 - 2006,4.28
,,2006 - 2007,3.55
,,2007 - 2008,3.49
,,2008 - 2009,3.61
,,2009 - 2010,3.26
,,2010 - 2011,4.37
,,2011 - 2012,3.83
,,2012 - 2013,2.37
,,2013 - 2014,7.48
,,2014 - 2015,8.05
,,2015 - 2016,5.15
,,2016 - 2017,1.89
,,2017 - 2018,5.5
,,2018 - 2019,0.78
,,2019 - 2020,4.58
,,2020 - 2021,4.45
,,2021 - 2022,5.6
,,2022 - 2023,8.64
,Sakti,2022 - 2023,13.3
,Sarangarh bilaigarh,2022 - 2023,10.79
,Surajpur,2011 - 2012,4.81
,,2012 - 2013,2.59
,,2013 - 2014,6.74
,,2014 - 2015,3.54
,,2015 - 2016,2.62
,,2016 - 2017,5.58
,,2017 - 2018,6.52
,,2018 - 2019,5.28
,,2019 - 2020,5.22
,,2020 - 2021,4.94
,,2021 - 2022,5.94
,,2022 - 2023,8.54
,Surguja,2000 - 2001,7.21
,,2001 - 2002,7.93
,,2002 - 2003,7.63
,,2003 - 2004,6.16
,,2004 - 2005,4.98
,,2005 - 2006,5.05
,,2006 - 2007,4.26
,,2007 - 2008,4.19
,,2008 - 2009,3.72
,,2009 - 2010,3.51
,,2010 - 2011,3.74
,,2011 - 2012,4.81
,,2012 - 2013,3.25
,,2013 - 2014,5.89
,,2014 - 2015,7.54
,,2015 - 2016,4.66
,,2016 - 2017,2.3
,,2017 - 2018,6.15
,,2018 - 2019,4.98
,,2019 - 2020,4.85
,,2020 - 2021,4.73
,,2021 - 2022,6.12
,,2022 - 2023,7.3
Gujarat,Ahmadabad,2001 - 2002,39.0
,,2002 - 2003,27.0
,,2007 - 2008,31.83
,,2010 - 2011,20.5
,,2011 - 2012,
,,2015 - 2016,
,,2016 - 2017,
,,2017 - 2018,
,,2020 - 2021,
,,2021 - 2022,
,,2022 - 2023,
,Amreli,2000 - 2001,21.0
,,2001 - 2002,27.63
,,2002 - 2003,28.5
,,2003 - 2004,33.05
,,2004 - 2005,29.46
,,2005 - 2006,29.45
,,2006 - 2007,22.4
,,2007 - 2008,29.82
,,2008 - 2009,
,,2009 - 2010,
,,2010 - 2011,27.39
,,2011 - 2012,
,,2012 - 2013,
,,2013 - 2014,
,,2014 - 2015,
,,2015 - 2016,
,,2016 - 2017,
,,2017 - 2018,
,,2018 - 2019,
,,2019 - 2020,
,,2020 - 2021,
,,2021 - 2022,
,,2022 - 2023,
,Anand,2003 - 2004,34.0
,,2004 - 2005,23.5
,,2005 - 2006,24.5
,,2006 - 2007,18.0
,,2007 - 2008,34.0
,,2008 - 2009,
,,2009 - 2010,
,,2010 - 2011,23.0
,,2011 - 2012,
,,2012 - 2013,
,,2013 - 2014,
,,2014 - 2015,
,,2015 - 2016,
,,2017 - 2018,
,,2019 - 2020,
,,2021 - 2022,
,,2022 - 2023,
,Aravalli,2014 - 2015,
,,2015 - 2016,
,,2016 - 2017,
,,2017 - 2018,
,,2018 - 2019,
,,2019 - 2020,
,,2020 - 2021,
,,2021 - 2022,
,,2022 - 2023,
,Banas kantha,2000 - 2001,18.67
,,2001 - 2002,29.33
,,2002 - 2003,25.0
,,2004 - 2005,39.0
,,2006 - 2007,18.0
,,2007 - 2008,25.0
,,2008 - 2009,
,,2009 - 2010,
,,2011 - 2012,
,,2013 - 2014,
,,2014 - 2015,
,,2015 - 2016,
,,2016 - 2017,
,,2017 - 2018,
,,2018 - 2019,
,,2019 - 2020,
,,2020 - 2021,
,,2021 - 2022,
,,2022 - 2023,
,Bharuch,2000 - 2001,13.0
,,2002 - 2003,21.0
,,2012 - 2013,
,,2013 - 2014,
,,2018 - 2019,
,,2019 - 2020,
,,2020 - 2021,
,,2021 - 2022,
,,2022 - 2023,
,Bhavnagar,2000 - 2001,16.57
,,2001 - 2002,23.74
,,2002 - 2003,28.75
,,2003 - 2004,28.58
,,2004 - 2005,26.03
,,2005 - 2006,27.23
,,2006 - 2007,24.14
,,2007 - 2008,33.3
,,2008 - 2009,
,,2009 - 2010,
,,2010 - 2011,27.21
,,2011 - 2012,
,,2012 - 2013,
,,2013 - 2014,
,,2014 - 2015,
,,2015 - 2016,
,,2016 - 2017,
,,2017 - 2018,
,,2018 - 2019,
,,2019 - 2020,
,,2020 - 2021,
,,2021 - 2022,
,,2022 - 2023,
,Botad,2014 - 2015,
,,2015 - 2016,
,,2016 - 2017,
,,2017 - 2018,
,,2018 - 2019,
,,2019 - 2020,
,,2020 - 2021,
,,2021 - 2022,
,,2022 - 2023,
,Chhotaudepur,2014 - 2015,
,,2015 - 2016,
,,2016 - 2017,
,,2017 - 2018,
,,2019 - 2020,
,,2021 - 2022,
,Dang,2006 - 2007,23.33
,,2007 - 2008,30.25
,,2008 - 2009,
,,2009 - 2010,
,,2010 - 2011,28.33
,,2011 - 2012,
,,2012 - 2013,
,,2013 - 2014,
,,2019 - 2020,
,,2020 - 2021,
,,2021 - 2022,
,,2022 - 2023,
,Devbhumi dwarka,2014 - 2015,
,,2015 - 2016,
,,2016 - 2017,
,,2017 - 2018,
,,2019 - 2020,
,,2020 - 2021,
,,2021 - 2022,
,Dohad,2003 - 2004,30.67
,,2004 - 2005,27.71
,,2005 - 2006,28.43
,,2006 - 2007,22.67
,,2007 - 2008,29.47
,,2008 - 2009,
,,2009 - 2010,
,,2010 - 2011,28.83
,,2011 - 2012,
,,2012 - 2013,
,,2013 - 2014,
,,2014 - 2015,
,,2015 - 2016,
,,2016 - 2017,
,,2017 - 2018,
,,2018 - 2019,
,,2019 - 2020,
,,2020 - 2021,
,,2021 - 2022,
,,2022 - 2023,
,Gandhinagar,2006 - 2007,12.0
,,2008 - 2009,
,,2021 - 2022,
,Gir somnath,2014 - 2015,
,,2015 - 2016,
,,2016 - 2017,
,,2017 - 2018,
,,2018 - 2019,
,,2019 - 2020,
,,2020 - 2021,
,,2021 - 2022,
,,2022 - 2023,
,Jamnagar,2000 - 2001,22.5
,,2001 - 2002,29.9
,,2002 - 2003,29.0
,,2003 - 2004,32.96
,,2004 - 2005,29.95
,,2005 - 2006,27.84
,,2006 - 2007,22.0
,,2007 - 2008,20.59
,,2008 - 2009,
,,2009 - 2010,
,,2010 - 2011,26.51
,,2011 - 2012,
,,2012 - 2013,
,,2013 - 2014,
,,2014 - 2015,
,,2015 - 2016,
,,2016 - 2017,
,,2017 - 2018,
,,2018 - 2019,
,,2019 - 2020,
,,2020 - 2021,
,,2021 - 2022,
,,2022 - 2023,
,Junagadh,2000 - 2001,27.54
,,2001 - 2002,29.53
,,2002 - 2003,26.46
,,2003 - 2004,32.59
,,2004 - 2005,30.04
,,2005 - 2006,29.44
,,2006 - 2007,22.82
,,2007 - 2008,29.7
,,2008 - 2009,
,,2009 - 2010,
,,2010 - 2011,28.57
,,2011 - 2012,
,,2012 - 2013,
,,2013 - 2014,
,,2014 - 2015,
,,2015 - 2016,
,,2016 - 2017,
,,2017 - 2018,
,,2018 - 2019,
,,2019 - 2020,
,,2020 - 2021,
,,2021 - 2022,
,,2022 - 2023,
,Kachchh,2000 - 2001,13.0
,,2001 - 2002,27.83
,,2002 - 2003,32.5
,,2003 - 2004,31.0
,,2004 - 2005,34.67
,,2005 - 2006,28.88
,,2006 - 2007,22.7
,,2007 - 2008,30.5
,,2008 - 2009,
,,2009 - 2010,
,,2010 - 2011,28.94
,,2011 - 2012,
,,2012 - 2013,
,,2013 - 2014,
,,2014 - 2015,
,,2015 - 2016,
,,2016 - 2017,
,,2017 - 2018,
,,2018 - 2019,
,,2019 - 2020,
,,2020 - 2021,
,,2021 - 2022,
,,2022 - 2023,
,Kheda,2000 - 2001,21.0
,,2001 - 2002,33.0
,,2002 - 2003,31.17
,,2003 - 2004,28.5
,,2004 - 2005,27.0
,,2005 - 2006,37.0
,,2006 - 2007,22.5
,,2007 - 2008,27.0
,,2008 - 2009,
,,2009 - 2010,
,,2010 - 2011,24.6
,,2011 - 2012,
,,2012 - 2013,
,,2013 - 2014,
,,2014 - 2015,
,,2015 - 2016,
,,2016 - 2017,
,,2017 - 2018,
,,2018 - 2019,
,,2019 - 2020,
,,2020 - 2021,
,,2021 - 2022,
,,2022 - 2023,
,Mahesana,2000 - 2001,21.33
,,2001 - 2002,28.4
,,2002 - 2003,27.0
,,2003 - 2004,27.0
,,2004 - 2005,22.0
,,2005 - 2006,24.5
,,2006 - 2007,29.0
,,2007 - 2008,23.5
,,2008 - 2009,
,,2009 - 2010,
,,2010 - 2011,30.5
,,2011 - 2012,
,,2012 - 2013,
,,2013 - 2014,
,,2014 - 2015,
,,2015 - 2016,
,,2016 - 2017,
,,2017 - 2018,
,,2018 - 2019,
,,2019 - 2020,
,,2020 - 2021,
,,2021 - 2022,
,,2022 - 2023,
,Mahisagar,2014 - 2015,
,,2015 - 2016,
,,2016 - 2017,
,,2017 - 2018,
,,2018 - 2019,
,,2019 - 2020,
,,2020 - 2021,
,,2021 - 2022,
,,2022 - 2023,
,Morbi,2014 - 2015,
,,2015 - 2016,
,,2016 - 2017,
,,2017 - 2018,
,,2018 - 2019,
,,2019 - 2020,
,,2020 - 2021,
,,2021 - 2022,
,,2022 - 2023,
,Narmada,2012 - 2013,
,,2013 - 2014,
,,2014 - 2015,
,,2015 - 2016,
,,2016 - 2017,
,,2018 - 2019,
,,2019 - 2020,
,,2021 - 2022,
,,2022 - 2023,
,Navsari,2003 - 2004,44.0
,,2004 - 2005,34.0
,,2005 - 2006,32.0
,,2006 - 2007,24.0
,,2007 - 2008,28.0
,,2008 - 2009,
,,2009 - 2010,
,,2010 - 2011,19.0
,,2011 - 2012,
,,2012 - 2013,
,,2013 - 2014,
,,2014 - 2015,
,,2015 - 2016,
,,2016 - 2017,
,,2017 - 2018,
,,2018 - 2019,
,,2019 - 2020,
,,2020 - 2021,
,,2021 - 2022,
,,2022 - 2023,
,Panch mahals,2000 - 2001,22.5
,,2001 - 2002,29.33
,,2002 - 2003,28.25
,,2003 - 2004,26.0
,,2004 - 2005,26.67
,,2005 - 2006,32.33
,,2006 - 2007,21.33
,,2007 - 2008,32.5
,,2008 - 2009,
,,2009 - 2010,
,,2010 - 2011,27.0
,,2011 - 2012,
,,2012 - 2013,
,,2013 - 2014,
,,2014 - 2015,
,,2016 - 2017,
,,2017 - 2018,
,,2020 - 2021,
,,2021 - 2022,
,Patan,2011 - 2012,
,,2013 - 2014,
,,2014 - 2015,
,,2015 - 2016,
,,2016 - 2017,
,,2017 - 2018,
,,2018 - 2019,
,,2019 - 2020,
,,2020 - 2021,
,,2021 - 2022,
,,2022 - 2023,
,Porbandar,2003 - 2004,32.82
,,2004 - 2005,30.4
,,2005 - 2006,29.77
,,2006 - 2007,22.65
,,2007 - 2008,29.27
,,2008 - 2009,
,,2009 - 2010,
,,2010 - 2011,27.36
,,2011 - 2012,
,,2012 - 2013,
,,2013 - 2014,
,,2014 - 2015,
,,2015 - 2016,
,,2016 - 2017,
,,2017 - 2018,
,,2018 - 2019,
,,2019 - 2020,
,,2020 - 2021,
,,2021 - 2022,
,,2022 - 2023,
,Rajkot,2000 - 2001,27.0
,,2001 - 2002,34.73
,,2002 - 2003,27.86
,,2003 - 2004,32.24
,,2004 - 2005,29.79
,,2005 - 2006,30.82
,,2006 - 2007,29.62
,,2007 - 2008,32.38
,,2008 - 2009,
,,2009 - 2010,
,,2010 - 2011,29.05
,,2011 - 2012,
,,2012 - 2013,
,,2013 - 2014,
,,2014 - 2015,
,,2015 - 2016,
,,2016 - 2017,
,,2017 - 2018,
,,2018 - 2019,
,,2019 - 2020,
,,2020 - 2021,
,,2021 - 2022,
,,2022 - 2023,
,Sabar kantha,2000 - 2001,12.0
,,2001 - 2002,23.33
,,2002 - 2003,38.0
,,2003 - 2004,28.5
,,2004 - 2005,19.0
,,2005 - 2006,30.0
,,2007 - 2008,34.0
,,2008 - 2009,
,,2011 - 2012,
,,2012 - 2013,
,,2013 - 2014,
,,2014 - 2015,
,,2015 - 2016,
,,2016 - 2017,
,,2017 - 2018,
,,2018 - 2019,
,,2019 - 2020,
,,2020 - 2021,
,,2021 - 2022,
,,2022 - 2023,
,Surat,2000 - 2001,23.67
,,2001 - 2002,28.5
,,2002 - 2003,26.0
,,2003 - 2004,34.4
,,2004 - 2005,28.0
,,2005 - 2006,29.71
,,2006 - 2007,23.5
,,2007 - 2008,32.33
,,2008 - 2009,
,,2009 - 2010,
,,2010 - 2011,31.33
,,2011 - 2012,
,,2012 - 2013,
,,2013 - 2014,
,,2014 - 2015,
,,2015 - 2016,
,,2016 - 2017,
,,2017 - 2018,
,,2018 - 2019,
,,2019 - 2020,
,,2020 - 2021,
,,2021 - 2022,
,,2022 - 2023,
,Surendranagar,2000 - 2001,18.6
,,2001 - 2002,30.67
,,2002 - 2003,25.75
,,2003 - 2004,33.5
,,2004 - 2005,30.88
,,2005 - 2006,33.25
,,2006 - 2007,24.43
,,2007 - 2008,30.33
,,2008 - 2009,
,,2009 - 2010,
,,2010 - 2011,30.71
,,2011 - 2012,
,,2012 - 2013,
,,2013 - 2014,
,,2014 - 2015,
,,2015 - 2016,
,,2016 - 2017,
,,2017 - 2018,
,,2018 - 2019,
,,2019 - 2020,
,,2020 - 2021,
,,2021 - 2022,
,,2022 - 2023,
,Tapi,2010 - 2011,25.57
,,2011 - 2012,
,,2012 - 2013,
,,2013 - 2014,
,,2014 - 2015,
,,2017 - 2018,
,,2018 - 2019,
,,2020 - 2021,
,,2021 - 2022,
,,2022 - 2023,
,Vadodara,2000 - 2001,11.0
,,2001 - 2002,28.0
,,2003 - 2004,24.0
,,2004 - 2005,29.0
,,2005 - 2006,37.0
,,2006 - 2007,19.0
,,2007 - 2008,31.75
,,2008 - 2009,
,,2009 - 2010,
,,2010 - 2011,29.33
,,2011 - 2012,
,,2012 - 2013,
,,2013 - 2014,
,,2014 - 2015,
,,2015 - 2016,
,,2016 - 2017,
,,2017 - 2018,
,,2018 - 2019,
,,2019 - 2020,
,,2020 - 2021,
,,2021 - 2022,
,,2022 - 2023,
,Valsad,2000 - 2001,17.0
,,2001 - 2002,29.5
,,2002 - 2003,35.5
,,2003 - 2004,36.0
,,2004 - 2005,24.0
,,2005 - 2006,13.0
,,2006 - 2007,12.0
,,2007 - 2008,11.0
,,2010 - 2011,7.0
,,2011 - 2012,
,,2014 - 2015,
,,2017 - 2018,
,,2018 - 2019,
,,2019 - 2020,
,,2020 - 2021,
,,2021 - 2022,
,,2022 - 2023,
Haryana,Ambala,2000 - 2001,13.55
,,2001 - 2002,7.51
,,2002 - 2003,27.06
,,2003 - 2004,27.0
,,2004 - 2005,26.99
,,2005 - 2006,27.0
,,2006 - 2007,16.16
,,2007 - 2008,15.69
,,2008 - 2009,1.48
,,2009 - 2010,19.23
,,2010 - 2011,19.76
,,2012 - 2013,31.7
,,2013 - 2014,23.16
,,2014 - 2015,22.3
,,2015 - 2016,23.12
,,2016 - 2017,22.08
,,2017 - 2018,24.53
,,2018 - 2019,23.12
,,2019 - 2020,19.01
,,2021 - 2022,19.15
,Bhiwani,2000 - 2001,11.51
,,2001 - 2002,0.0
,,2003 - 2004,17.24
,,2004 - 2005,16.67
,,2007 - 2008,23.08
,,2008 - 2009,0.0
,,2013 - 2014,23.03
,,2014 - 2015,23.76
,,2015 - 2016,23.54
,,2016 - 2017,23.73
,,2017 - 2018,22.98
,,2018 - 2019,23.35
,,2019 - 2020,37.34
,,2021 - 2022,22.0
,Charki dadri,2018 - 2019,25.46
,,2019 - 2020,20.0
,Faridabad,2001 - 2002,11.11
,,2005 - 2006,16.67
,,2006 - 2007,0.0
,,2013 - 2014,19.14
,,2014 - 2015,22.8
,,2015 - 2016,23.54
,,2016 - 2017,16.97
,,2017 - 2018,23.32
,,2018 - 2019,15.59
,,2019 - 2020,18.17
,Fatehabad,2000 - 2001,22.22
,,2001 - 2002,25.0
,,2002 - 2003,16.67
,,2004 - 2005,0.0
,,2006 - 2007,25.0
,,2010 - 2011,25.0
,,2011 - 2012,19.0
,,2012 - 2013,20.0
,,2013 - 2014,20.76
,,2014 - 2015,22.8
,,2015 - 2016,23.43
,,2016 - 2017,21.58
,,2017 - 2018,23.56
,,2018 - 2019,24.72
,,2019 - 2020,39.89
,,2021 - 2022,21.25
,Gurgaon,2000 - 2001,11.98
,,2001 - 2002,19.01
,,2002 - 2003,23.06
,,2003 - 2004,23.03
,,2004 - 2005,23.02
,,2005 - 2006,23.53
,,2006 - 2007,18.42
,,2007 - 2008,0.0
,,2009 - 2010,50.0
,,2010 - 2011,33.33
,,2011 - 2012,18.75
,,2013 - 2014,23.38
,,2014 - 2015,22.65
,,2015 - 2016,22.89
,,2016 - 2017,22.75
,,2017 - 2018,23.26
,,2018 - 2019,24.68
,,2019 - 2020,8.87
,Hisar,2006 - 2007,25.0
,,2010 - 2011,18.18
,,2013 - 2014,21.36
,,2014 - 2015,22.63
,,2015 - 2016,23.12
,,2016 - 2017,21.98
,,2017 - 2018,23.36
,,2018 - 2019,24.22
,,2019 - 2020,28.65
,Jhajjar,2000 - 2001,22.86
,,2002 - 2003,19.47
,,2003 - 2004,19.4
,,2004 - 2005,18.18
,,2005 - 2006,16.56
,,2006 - 2007,21.21
,,2012 - 2013,17.24
,,2013 - 2014,23.53
,,2014 - 2015,21.87
,,2015 - 2016,23.86
,,2016 - 2017,19.85
,,2017 - 2018,26.2
,,2018 - 2019,29.68
,,2019 - 2020,6.4
,,2021 - 2022,22.35
,Jind,2010 - 2011,23.08
,,2011 - 2012,17.14
,,2012 - 2013,23.53
,,2013 - 2014,25.68
,,2014 - 2015,21.71
,,2015 - 2016,23.23
,,2016 - 2017,21.83
,,2017 - 2018,24.96
,,2018 - 2019,24.72
,,2019 - 2020,29.02
,,2021 - 2022,23.92
,Kaithal,2000 - 2001,13.75
,,2001 - 2002,12.75
,,2002 - 2003,24.83
,,2003 - 2004,24.65
,,2004 - 2005,24.55
,,2006 - 2007,0.0
,,2007 - 2008,33.33
,,2008 - 2009,25.0
,,2009 - 2010,27.27
,,2013 - 2014,28.25
,,2014 - 2015,22.8
,,2015 - 2016,23.52
,,2016 - 2017,28.13
,,2017 - 2018,23.77
,,2018 - 2019,25.46
,,2019 - 2020,23.29
,,2021 - 2022,28.69
,Karnal,2000 - 2001,16.15
,,2003 - 2004,20.0
,,2004 - 2005,25.0
,,2005 - 2006,0.0
,,2007 - 2008,20.0
,,2008 - 2009,
,,2009 - 2010,0.0
,,2010 - 2011,18.18
,,2011 - 2012,14.29
,,2012 - 2013,27.27
,,2013 - 2014,21.23
,,2014 - 2015,20.59
,,2015 - 2016,22.87
,,2016 - 2017,69.77
,,2017 - 2018,23.8
,,2018 - 2019,21.5
,,2019 - 2020,26.26
,,2021 - 2022,19.75
,Kurukshetra,2000 - 2001,0.0
,,2001 - 2002,14.56
,,2002 - 2003,23.81
,,2003 - 2004,23.63
,,2004 - 2005,23.68
,,2005 - 2006,23.76
,,2006 - 2007,25.07
,,2007 - 2008,23.24
,,2008 - 2009,18.18
,,2009 - 2010,22.34
,,2010 - 2011,0.0
,,2011 - 2012,18.13
,,2012 - 2013,35.29
,,2013 - 2014,22.12
,,2014 - 2015,22.8
,,2015 - 2016,23.7
,,2016 - 2017,25.45
,,2017 - 2018,24.9
,,2018 - 2019,28.45
,,2019 - 2020,25.38
,,2021 - 2022,19.38
,Mahendragarh,2002 - 2003,16.67
,,2003 - 2004,18.18
,,2004 - 2005,33.33
,,2005 - 2006,22.22
,,2006 - 2007,33.33
,,2007 - 2008,0.0
,,2008 - 2009,0.0
,,2009 - 2010,18.75
,,2010 - 2011,16.67
,,2011 - 2012,11.76
,,2013 - 2014,22.31
,,2014 - 2015,22.36
,,2015 - 2016,23.37
,,2016 - 2017,25.14
,,2017 - 2018,23.64
,,2018 - 2019,24.82
,,2019 - 2020,29.09
,Mewat,2005 - 2006,16.01
,,2006 - 2007,21.25
,,2007 - 2008,18.31
,,2008 - 2009,18.54
,,2009 - 2010,20.32
,,2010 - 2011,20.98
,,2013 - 2014,20.99
,,2014 - 2015,21.33
,,2015 - 2016,21.98
,,2016 - 2017,22.71
,,2017 - 2018,22.8
,,2018 - 2019,22.55
,,2019 - 2020,26.0
,,2021 - 2022,20.23
,Palwal,2013 - 2014,22.29
,,2014 - 2015,22.69
,,2015 - 2016,22.76
,,2016 - 2017,21.68
,,2017 - 2018,23.77
,,2018 - 2019,22.56
,,2019 - 2020,3.59
,Panchkula,2000 - 2001,7.93
,,2003 - 2004,21.92
,,2004 - 2005,20.0
,,2006 - 2007,18.89
,,2007 - 2008,19.82
,,2008 - 2009,20.78
,,2009 - 2010,28.81
,,2010 - 2011,23.19
,,2011 - 2012,18.52
,,2012 - 2013,23.4
,,2013 - 2014,22.43
,,2014 - 2015,21.73
,,2015 - 2016,21.22
,,2016 - 2017,21.29
,,2017 - 2018,20.36
,,2018 - 2019,31.25
,,2019 - 2020,32.0
,,2021 - 2022,21.5
,Panipat,2000 - 2001,16.67
,,2001 - 2002,21.05
,,2002 - 2003,15.52
,,2003 - 2004,13.79
,,2004 - 2005,15.56
,,2005 - 2006,24.53
,,2006 - 2007,18.75
,,2007 - 2008,21.05
,,2008 - 2009,28.57
,,2009 - 2010,15.0
,,2010 - 2011,18.75
,,2011 - 2012,17.24
,,2012 - 2013,29.17
,,2013 - 2014,22.44
,,2014 - 2015,22.7
,,2015 - 2016,22.37
,,2016 - 2017,29.23
,,2017 - 2018,24.67
,,2018 - 2019,24.91
,,2019 - 2020,27.75
,,2020 - 2021,0.0
,,2021 - 2022,22.59
,Rewari,2000 - 2001,15.25
,,2001 - 2002,19.05
,,2002 - 2003,14.89
,,2003 - 2004,15.84
,,2004 - 2005,18.18
,,2005 - 2006,16.37
,,2006 - 2007,15.19
,,2007 - 2008,17.71
,,2008 - 2009,17.86
,,2009 - 2010,19.57
,,2010 - 2011,17.86
,,2011 - 2012,11.8
,,2012 - 2013,22.44
,,2013 - 2014,17.79
,,2014 - 2015,22.51
,,2015 - 2016,23.18
,,2016 - 2017,24.51
,,2017 - 2018,23.55
,,2018 - 2019,24.77
,,2019 - 2020,19.83
,,2021 - 2022,21.97
,Rohtak,2000 - 2001,22.22
,,2002 - 2003,21.43
,,2003 - 2004,18.75
,,2004 - 2005,20.0
,,2006 - 2007,16.67
,,2007 - 2008,20.0
,,2009 - 2010,15.38
,,2013 - 2014,22.84
,,2014 - 2015,21.82
,,2015 - 2016,21.21
,,2016 - 2017,22.16
,,2017 - 2018,30.7
,,2018 - 2019,29.82
,,2019 - 2020,30.0
,Sirsa,2000 - 2001,17.65
,,2001 - 2002,0.0
,,2002 - 2003,0.0
,,2003 - 2004,25.0
,,2004 - 2005,20.0
,,2005 - 2006,0.0
,,2006 - 2007,33.33
,,2007 - 2008,16.67
,,2008 - 2009,0.0
,,2009 - 2010,0.0
,,2011 - 2012,25.0
,,2013 - 2014,22.12
,,2014 - 2015,21.72
,,2015 - 2016,23.54
,,2016 - 2017,20.73
,,2017 - 2018,23.77
,,2018 - 2019,25.47
,,2019 - 2020,31.61
,,2021 - 2022,19.69
,Sonipat,2000 - 2001,15.65
,,2001 - 2002,19.23
,,2002 - 2003,23.75
,,2003 - 2004,23.73
,,2004 - 2005,23.73
,,2005 - 2006,23.86
,,2006 - 2007,17.78
,,2007 - 2008,17.39
,,2008 - 2009,21.43
,,2009 - 2010,18.03
,,2010 - 2011,23.33
,,2011 - 2012,10.94
,,2012 - 2013,27.55
,,2013 - 2014,25.63
,,2014 - 2015,25.48
,,2015 - 2016,24.08
,,2016 - 2017,25.63
,,2017 - 2018,25.14
,,2018 - 2019,23.12
,,2019 - 2020,32.63
,,2021 - 2022,27.73
,Yamunanagar,2000 - 2001,16.47
,,2001 - 2002,13.56
,,2002 - 2003,23.7
,,2003 - 2004,24.1
,,2004 - 2005,23.83
,,2005 - 2006,23.89
,,2006 - 2007,16.67
,,2007 - 2008,26.82
,,2008 - 2009,20.65
,,2009 - 2010,16.31
,,2010 - 2011,21.08
,,2011 - 2012,17.92
,,2012 - 2013,28.07
,,2013 - 2014,21.12
,,2014 - 2015,24.72
,,2015 - 2016,25.9
,,2016 - 2017,14.23
,,2017 - 2018,20.47
,,2018 - 2019,24.03
,,2019 - 2020,25.14
,,2021 - 2022,24.78
Himachal Pradesh,Bilaspur,2002 - 2003,6.21
,,2005 - 2006,
,,2006 - 2007,
,,2007 - 2008,
,,2008 - 2009,
,,2009 - 2010,
,,2011 - 2012,
,,2012 - 2013,
,,2013 - 2014,
,,2014 - 2015,
,,2015 - 2016,
,,2017 - 2018,
,,2018 - 2019,
,,2019 - 2020,
,,2020 - 2021,
,,2021 - 2022,
,Chamba,2001 - 2002,7.13
,,2002 - 2003,7.13
,,2005 - 2006,
,,2006 - 2007,
,,2007 - 2008,
,,2008 - 2009,
,,2009 - 2010,
,,2011 - 2012,
,,2012 - 2013,
,,2013 - 2014,
,,2014 - 2015,
,,2015 - 2016,
,,2017 - 2018,
,,2018 - 2019,
,,2019 - 2020,
,,2020 - 2021,
,,2021 - 2022,
,Hamirpur,2001 - 2002,7.13
,,2002 - 2003,7.14
,,2005 - 2006,
,,2006 - 2007,
,,2007 - 2008,
,,2008 - 2009,
,,2009 - 2010,
,,2011 - 2012,
,,2012 - 2013,
,,2013 - 2014,
,,2014 - 2015,
,,2015 - 2016,
,,2017 - 2018,
,,2018 - 2019,
,,2019 - 2020,
,,2020 - 2021,
,,2021 - 2022,
,Kangra,2001 - 2002,12.79
,,2002 - 2003,7.13
,,2005 - 2006,
,,2006 - 2007,
,,2007 - 2008,
,,2008 - 2009,
,,2009 - 2010,
,,2011 - 2012,
,,2012 - 2013,
,,2013 - 2014,
,,2014 - 2015,
,,2015 - 2016,
,,2017 - 2018,
,,2018 - 2019,
,,2019 - 2020,
,,2020 - 2021,
,,2021 - 2022,
,Kullu,2001 - 2002,7.12
,,2002 - 2003,3.19
,,2005 - 2006,
,,2006 - 2007,
,,2007 - 2008,
,,2008 - 2009,
,,2009 - 2010,
,,2011 - 2012,
,,2012 - 2013,
,,2013 - 2014,
,,2014 - 2015,
,,2015 - 2016,
,,2017 - 2018,
,,2018 - 2019,
,,2019 - 2020,
,,2020 - 2021,
,,2021 - 2022,
,Mandi,2001 - 2002,6.47
,,2002 - 2003,7.13
,,2005 - 2006,
,,2006 - 2007,
,,2007 - 2008,
,,2008 - 2009,
,,2009 - 2010,
,,2011 - 2012,
,,2012 - 2013,
,,2013 - 2014,
,,2014 - 2015,
,,2015 - 2016,
,,2017 - 2018,
,,2018 - 2019,
,,2019 - 2020,
,,2020 - 2021,
,,2021 - 2022,
,Shimla,2001 - 2002,3.65
,,2002 - 2003,0.0
,,2005 - 2006,
,,2006 - 2007,
,,2007 - 2008,
,,2008 - 2009,
,,2009 - 2010,
,,2011 - 2012,
,,2012 - 2013,
,,2014 - 2015,
,,2015 - 2016,
,,2017 - 2018,
,,2018 - 2019,
,,2019 - 2020,
,,2020 - 2021,
,,2021 - 2022,
,Sirmaur,2001 - 2002,10.29
,,2002 - 2003,3.78
,,2005 - 2006,
,,2006 - 2007,
,,2007 - 2008,
,,2008 - 2009,
,,2009 - 2010,
,,2011 - 2012,
,,2012 - 2013,
,,2013 - 2014,
,,2014 - 2015,
,,2015 - 2016,
,,2017 - 2018,
,,2018 - 2019,
,,2019 - 2020,
,,2020 - 2021,
,,2021 - 2022,
,Solan,2001 - 2002,10.29
,,2002 - 2003,10.29
,,2005 - 2006,
,,2006 - 2007,
,,2007 - 2008,
,,2008 - 2009,
,,2009 - 2010,
,,2011 - 2012,
,,2012 - 2013,
,,2013 - 2014,
,,2014 - 2015,
,,2015 - 2016,
,,2017 - 2018,
,,2018 - 2019,
,,2019 - 2020,
,,2020 - 2021,
,,2021 - 2022,
,Una,2001 - 2002,10.71
,,2002 - 2003,1.28
,,2005 - 2006,
,,2006 - 2007,
,,2007 - 2008,
,,2008 - 2009,
,,2009 - 2010,
,,2011 - 2012,
,,2012 - 2013,
,,2013 - 2014,
,,2014 - 2015,
,,2015 - 2016,
,,2017 - 2018,
,,2018 - 2019,
,,2019 - 2020,
,,2020 - 2021,
,,2021 - 2022,
Jammu and Kashmir,Anantnag,2001 - 2002,2.13
,,2002 - 2003,1.9
,,2003 - 2004,2.0
,,2005 - 2006,
,,2006 - 2007,
,,2007 - 2008,
,,2008 - 2009,
,,2009 - 2010,
,,2010 - 2011,
,,2011 - 2012,
,,2012 - 2013,
,,2013 - 2014,
,,2014 - 2015,
,,2016 - 2017,
,,2017 - 2018,
,,2018 - 2019,
,,2019 - 2020,
,,2020 - 2021,
,Badgam,2000 - 2001,2.46
,,2001 - 2002,2.47
,,2002 - 2003,2.47
,,2003 - 2004,2.49
,,2006 - 2007,
,,2007 - 2008,
,,2008 - 2009,
,,2009 - 2010,
,,2010 - 2011,
,,2011 - 2012,
,,2012 - 2013,
,,2013 - 2014,
,,2014 - 2015,
,,2015 - 2016,
,,2016 - 2017,
,,2017 - 2018,
,,2018 - 2019,
,,2019 - 2020,
,,2020 - 2021,
,,2021 - 2022,
,,2022 - 2023,
,Baramulla,2009 - 2010,
,,2010 - 2011,
,,2011 - 2012,
,,2012 - 2013,
,Doda,2000 - 2001,2.5
,,2001 - 2002,2.59
,,2002 - 2003,2.56
,,2003 - 2004,2.59
,,2006 - 2007,
,,2007 - 2008,
,,2008 - 2009,
,,2009 - 2010,
,,2010 - 2011,
,,2011 - 2012,
,,2012 - 2013,
,,2013 - 2014,
,,2016 - 2017,
,,2017 - 2018,
,,2018 - 2019,
,,2019 - 2020,
,,2020 - 2021,
,,2021 - 2022,
,,2022 - 2023,
,Ganderbal,2015 - 2016,
,,2016 - 2017,
,,2017 - 2018,
,,2018 - 2019,
,,2019 - 2020,
,,2020 - 2021,
,,2021 - 2022,
,,2022 - 2023,
,Jammu,2002 - 2003,1.82
,,2003 - 2004,1.2
,,2005 - 2006,
,,2010 - 2011,
,,2015 - 2016,
,,2016 - 2017,
,,2021 - 2022,
,,2022 - 2023,
,Kargil,2011 - 2012,
,,2012 - 2013,
,Kathua,2001 - 2002,1.0
,,2002 - 2003,1.0
,,2003 - 2004,3.0
,,2009 - 2010,
,,2015 - 2016,
,,2016 - 2017,
,,2019 - 2020,
,,2020 - 2021,
,,2022 - 2023,
,Kishtwar,2007 - 2008,
,,2008 - 2009,
,,2016 - 2017,
,,2017 - 2018,
,,2019 - 2020,
,Kulgam,2007 - 2008,
,,2008 - 2009,
,,2009 - 2010,
,,2010 - 2011,
,,2011 - 2012,
,,2012 - 2013,
,,2013 - 2014,
,,2015 - 2016,
,,2016 - 2017,
,,2017 - 2018,
,,2018 - 2019,
,,2019 - 2020,
,,2020 - 2021,
,,2021 - 2022,
,,2022 - 2023,
,Kupwara,2017 - 2018,
,Leh ladakh,2000 - 2001,0.63
,,2001 - 2002,0.63
,,2002 - 2003,0.63
,,2003 - 2004,0.67
,,2006 - 2007,
,,2007 - 2008,
,,2008 - 2009,
,,2010 - 2011,
,,2018 - 2019,
,Poonch,2019 - 2020,
,,2020 - 2021,
,Pulwama,2000 - 2001,2.47
,,2001 - 2002,2.47
,,2002 - 2003,2.47
,,2006 - 2007,
,,2007 - 2008,
,,2008 - 2009,
,,2009 - 2010,
,,2010 - 2011,
,,2011 - 2012,
,,2012 - 2013,
,,2013 - 2014,
,,2015 - 2016,
,,2016 - 2017,
,,2017 - 2018,
,,2018 - 2019,
,,2019 - 2020,
,,2020 - 2021,
,,2021 - 2022,
,,2022 - 2023,
,Ramban,2019 - 2020,
,Reasi,2008 - 2009,
,,2010 - 2011,
,,2011 - 2012,
,Samba,2009 - 2010,
,,2018 - 2019,
,,2021 - 2022,
,Shopian,2007 - 2008,
,,2008 - 2009,
,,2009 - 2010,
,,2010 - 2011,
,,2011 - 2012,
,,2012 - 2013,
,,2013 - 2014,
,Srinagar,2000 - 2001,1.71
,,2001 - 2002,1.56
,,2002 - 2003,1.61
,,2003 - 2004,1.63
,,2005 - 2006,
,,2006 - 2007,
,,2007 - 2008,
,,2009 - 2010,
,,2010 - 2011,
,,2015 - 2016,
,,2016 - 2017,
,,2017 - 2018,
,,2018 - 2019,
,,2019 - 2020,
,,2020 - 2021,
,,2021 - 2022,
,,2022 - 2023,
,Udhampur,2001 - 2002,0.8
,,2003 - 2004,0.86
,,2007 - 2008,
,,2012 - 2013,
,,2013 - 2014,
,,2014 - 2015,
,,2015 - 2016,
Jharkhand,Bokaro,2006 - 2007,
,,2007 - 2008,
,,2008 - 2009,
,,2009 - 2010,
,,2010 - 2011,
,,2011 - 2012,
,,2012 - 2013,
,,2013 - 2014,
,,2014 - 2015,
,,2015 - 2016,
,,2016 - 2017,
,,2020 - 2021,
,Chatra,2006 - 2007,
,,2007 - 2008,
,,2008 - 2009,
,,2009 - 2010,
,,2010 - 2011,
,,2011 - 2012,
,,2012 - 2013,
,,2013 - 2014,
,,2014 - 2015,
,,2015 - 2016,
,,2016 - 2017,
,,2020 - 2021,
,Deoghar,2006 - 2007,
,,2008 - 2009,
,,2010 - 2011,
,,2011 - 2012,
,,2012 - 2013,
,,2013 - 2014,
,,2014 - 2015,
,Dhanbad,2006 - 2007,
,,2007 - 2008,
,,2008 - 2009,
,,2009 - 2010,
,,2010 - 2011,
,,2011 - 2012,
,,2012 - 2013,
,,2013 - 2014,
,,2014 - 2015,
,,2015 - 2016,
,,2016 - 2017,
,,2020 - 2021,
,Dumka,2006 - 2007,
,,2007 - 2008,
,,2008 - 2009,
,,2009 - 2010,
,,2010 - 2011,
,,2011 - 2012,
,,2012 - 2013,
,,2013 - 2014,
,,2014 - 2015,
,,2015 - 2016,
,,2016 - 2017,
,,2020 - 2021,
,East singhbum,2006 - 2007,
,,2007 - 2008,
,,2008 - 2009,
,,2009 - 2010,
,,2010 - 2011,
,,2012 - 2013,
,,2013 - 2014,
,,2014 - 2015,
,,2015 - 2016,
,,2016 - 2017,
,,2020 - 2021,
,Garhwa,2003 - 2004,8.17
,,2004 - 2005,
,,2005 - 2006,
,,2006 - 2007,
,,2007 - 2008,
,,2008 - 2009,
,,2009 - 2010,
,,2010 - 2011,
,,2011 - 2012,
,,2012 - 2013,
,,2013 - 2014,
,,2014 - 2015,
,,2015 - 2016,
,,2016 - 2017,
,,2020 - 2021,
,Giridih,2003 - 2004,14.27
,,2004 - 2005,
,,2005 - 2006,
,,2006 - 2007,
,,2007 - 2008,
,,2008 - 2009,
,,2009 - 2010,
,,2010 - 2011,
,,2011 - 2012,
,,2012 - 2013,
,,2013 - 2014,
,,2014 - 2015,
,,2015 - 2016,
,,2016 - 2017,
,,2020 - 2021,
,Godda,2006 - 2007,
,,2007 - 2008,
,,2008 - 2009,
,,2009 - 2010,
,,2010 - 2011,
,,2011 - 2012,
,,2012 - 2013,
,,2013 - 2014,
,,2014 - 2015,
,,2015 - 2016,
,,2016 - 2017,
,,2020 - 2021,
,Gumla,2006 - 2007,
,,2007 - 2008,
,,2008 - 2009,
,,2009 - 2010,
,,2010 - 2011,
,,2011 - 2012,
,,2012 - 2013,
,,2013 - 2014,
,,2014 - 2015,
,,2015 - 2016,
,,2016 - 2017,
,,2020 - 2021,
,Hazaribagh,2003 - 2004,7.6
,,2004 - 2005,
,,2005 - 2006,
,,2006 - 2007,
,,2007 - 2008,
,,2008 - 2009,
,,2009 - 2010,
,,2010 - 2011,
,,2011 - 2012,
,,2012 - 2013,
,,2013 - 2014,
,,2014 - 2015,
,,2015 - 2016,
,,2016 - 2017,
,,2020 - 2021,
,Jamtara,2006 - 2007,
,,2007 - 2008,
,,2008 - 2009,
,,2009 - 2010,
,,2010 - 2011,
,,2011 - 2012,
,,2012 - 2013,
,,2013 - 2014,
,,2014 - 2015,
,,2015 - 2016,
,,2016 - 2017,
,,2020 - 2021,
,Khunti,2008 - 2009,
,,2009 - 2010,
,,2010 - 2011,
,,2011 - 2012,
,,2012 - 2013,
,,2013 - 2014,
,,2014 - 2015,
,,2015 - 2016,
,,2016 - 2017,
,,2020 - 2021,
,Koderma,2006 - 2007,
,,2007 - 2008,
,,2008 - 2009,
,,2009 - 2010,
,,2010 - 2011,
,,2011 - 2012,
,,2012 - 2013,
,,2013 - 2014,
,,2014 - 2015,
,,2015 - 2016,
,,2016 - 2017,
,,2020 - 2021,
,Latehar,2006 - 2007,
,,2007 - 2008,
,,2008 - 2009,
,,2009 - 2010,
,,2010 - 2011,
,,2011 - 2012,
,,2012 - 2013,
,,2013 - 2014,
,,2014 - 2015,
,,2015 - 2016,
,,2016 - 2017,
,,2020 - 2021,
,Lohardaga,2005 - 2006,
,,2006 - 2007,
,,2007 - 2008,
,,2008 - 2009,
,,2009 - 2010,
,,2010 - 2011,
,,2011 - 2012,
,,2012 - 2013,
,,2013 - 2014,
,,2014 - 2015,
,,2015 - 2016,
,,2016 - 2017,
,,2020 - 2021,
,Pakur,2006 - 2007,
,,2007 - 2008,
,,2008 - 2009,
,,2009 - 2010,
,,2014 - 2015,
,,2015 - 2016,
,,2016 - 2017,
,,2020 - 2021,
,Palamu,2004 - 2005,
,,2005 - 2006,
,,2006 - 2007,
,,2007 - 2008,
,,2008 - 2009,
,,2009 - 2010,
,,2010 - 2011,
,,2011 - 2012,
,,2012 - 2013,
,,2013 - 2014,
,,2014 - 2015,
,,2015 - 2016,
,,2016 - 2017,
,,2020 - 2021,
,Ramgarh,2008 - 2009,
,,2009 - 2010,
,,2010 - 2011,
,,2011 - 2012,
,,2012 - 2013,
,,2013 - 2014,
,,2014 - 2015,
,,2015 - 2016,
,Ranchi,2003 - 2004,6.44
,,2004 - 2005,
,,2005 - 2006,
,,2006 - 2007,
,,2007 - 2008,
,,2008 - 2009,
,,2009 - 2010,
,,2010 - 2011,
,,2011 - 2012,
,,2012 - 2013,
,,2013 - 2014,
,,2014 - 2015,
,,2015 - 2016,
,,2016 - 2017,
,,2020 - 2021,
,Sahebganj,2006 - 2007,
,,2008 - 2009,
,,2010 - 2011,
,,2012 - 2013,
,,2013 - 2014,
,,2014 - 2015,
,,2015 - 2016,
,,2016 - 2017,
,,2020 - 2021,
,Saraikela kharsawan,2006 - 2007,
,,2007 - 2008,
,,2008 - 2009,
,,2009 - 2010,
,,2010 - 2011,
,,2011 - 2012,
,,2012 - 2013,
,,2013 - 2014,
,,2014 - 2015,
,,2015 - 2016,
,,2016 - 2017,
,,2020 - 2021,
,Simdega,2006 - 2007,
,,2007 - 2008,
,,2008 - 2009,
,,2009 - 2010,
,,2010 - 2011,
,,2011 - 2012,
,,2012 - 2013,
,,2013 - 2014,
,,2014 - 2015,
,,2015 - 2016,
,,2016 - 2017,
,,2020 - 2021,
,West singhbhum,2012 - 2013,
,,2013 - 2014,
,,2014 - 2015,
,,2020 - 2021,
Karnataka,Bagalkot,2000 - 2001,8.78
,,2001 - 2002,10.29
,,2002 - 2003,9.19
,,2003 - 2004,6.53
,,2004 - 2005,9.37
,,2005 - 2006,
,,2006 - 2007,7.13
,,2007 - 2008,
,,2008 - 2009,
,,2009 - 2010,
,,2010 - 2011,
,,2011 - 2012,
,,2012 - 2013,
,,2013 - 2014,
,,2014 - 2015,
,,2015 - 2016,
,,2016 - 2017,
,,2017 - 2018,
,,2018 - 2019,
,,2019 - 2020,
,,2020 - 2021,
,,2021 - 2022,
,,2022 - 2023,
,Bangalore rural,2000 - 2001,5.76
,,2001 - 2002,9.26
,,2002 - 2003,4.0
,,2003 - 2004,2.58
,,2004 - 2005,6.65
,,2005 - 2006,
,,2006 - 2007,5.86
,,2007 - 2008,
,,2008 - 2009,
,,2009 - 2010,
,,2010 - 2011,
,,2011 - 2012,
,,2012 - 2013,
,,2013 - 2014,
,,2014 - 2015,
,,2015 - 2016,
,,2016 - 2017,
,,2017 - 2018,
,,2018 - 2019,
,,2019 - 2020,
,,2020 - 2021,
,,2021 - 2022,
,,2022 - 2023,
,Belgaum,2000 - 2001,3.17
,,2001 - 2002,7.03
,,2002 - 2003,2.46
,,2003 - 2004,2.3
,,2004 - 2005,4.4
,,2005 - 2006,
,,2006 - 2007,7.83
,,2007 - 2008,
,,2008 - 2009,
,,2009 - 2010,
,,2010 - 2011,
,,2011 - 2012,
,,2012 - 2013,
,,2013 - 2014,
,,2014 - 2015,
,,2015 - 2016,
,,2016 - 2017,
,,2017 - 2018,
,,2018 - 2019,
,,2019 - 2020,
,,2020 - 2021,
,,2021 - 2022,
,,2022 - 2023,
,Bellary,2000 - 2001,7.2
,,2001 - 2002,11.99
,,2002 - 2003,16.19
,,2003 - 2004,11.32
,,2004 - 2005,10.22
,,2005 - 2006,
,,2006 - 2007,6.5
,,2007 - 2008,
,,2008 - 2009,
,,2009 - 2010,
,,2010 - 2011,
,,2011 - 2012,
,,2012 - 2013,
,,2013 - 2014,
,,2014 - 2015,
,,2015 - 2016,
,,2016 - 2017,
,,2017 - 2018,
,,2018 - 2019,
,,2019 - 2020,
,,2020 - 2021,
,,2021 - 2022,
,,2022 - 2023,
,Bengaluru urban,2000 - 2001,5.88
,,2001 - 2002,7.28
,,2002 - 2003,7.44
,,2003 - 2004,5.51
,,2004 - 2005,8.27
,,2005 - 2006,
,,2006 - 2007,5.56
,,2007 - 2008,
,,2008 - 2009,
,,2009 - 2010,
,,2010 - 2011,
,,2011 - 2012,
,,2012 - 2013,
,,2013 - 2014,
,,2014 - 2015,
,,2015 - 2016,
,,2016 - 2017,
,,2017 - 2018,
,,2018 - 2019,
,,2019 - 2020,
,,2020 - 2021,
,,2021 - 2022,
,,2022 - 2023,
,Bidar,2000 - 2001,5.8
,,2001 - 2002,12.26
,,2002 - 2003,11.84
,,2003 - 2004,9.21
,,2004 - 2005,8.7
,,2005 - 2006,
,,2006 - 2007,6.17
,,2007 - 2008,
,,2008 - 2009,
,,2009 - 2010,
,,2010 - 2011,
,,2011 - 2012,
,,2012 - 2013,
,,2013 - 2014,
,,2014 - 2015,
,,2015 - 2016,
,,2016 - 2017,
,,2017 - 2018,
,,2018 - 2019,
,,2019 - 2020,
,,2020 - 2021,
,,2021 - 2022,
,,2022 - 2023,
,Bijapur,2000 - 2001,5.63
,,2001 - 2002,12.27
,,2002 - 2003,11.24
,,2003 - 2004,5.92
,,2004 - 2005,9.59
,,2005 - 2006,
,,2006 - 2007,5.74
,,2007 - 2008,
,,2008 - 2009,
,,2009 - 2010,
,,2010 - 2011,
,,2011 - 2012,
,,2012 - 2013,
,,2013 - 2014,
,,2014 - 2015,
,,2015 - 2016,
,,2016 - 2017,
,,2017 - 2018,
,,2018 - 2019,
,,2019 - 2020,
,,2020 - 2021,
,,2021 - 2022,
,,2022 - 2023,
,Chamarajanagar,2000 - 2001,10.09
,,2001 - 2002,8.67
,,2002 - 2003,7.47
,,2003 - 2004,10.32
,,2004 - 2005,11.38
,,2005 - 2006,
,,2006 - 2007,8.96
,,2007 - 2008,
,,2008 - 2009,
,,2009 - 2010,
,,2010 - 2011,
,,2011 - 2012,
,,2012 - 2013,
,,2013 - 2014,
,,2014 - 2015,
,,2015 - 2016,
,,2016 - 2017,
,,2017 - 2018,
,,2018 - 2019,
,,2019 - 2020,
,,2020 - 2021,
,,2021 - 2022,
,,2022 - 2023,
,Chikballapur,2007 - 2008,
,,2008 - 2009,
,,2009 - 2010,
,,2010 - 2011,
,,2011 - 2012,
,,2012 - 2013,
,,2013 - 2014,
,,2014 - 2015,
,,2015 - 2016,
,,2016 - 2017,
,,2017 - 2018,
,,2018 - 2019,
,,2019 - 2020,
,,2020 - 2021,
,,2021 - 2022,
,,2022 - 2023,
,Chikmagalur,2000 - 2001,7.91
,,2001 - 2002,4.98
,,2002 - 2003,6.92
,,2003 - 2004,4.18
,,2004 - 2005,6.76
,,2005 - 2006,
,,2006 - 2007,6.3
,,2007 - 2008,
,,2008 - 2009,
,,2009 - 2010,
,,2010 - 2011,
,,2011 - 2012,
,,2012 - 2013,
,,2013 - 2014,
,,2014 - 2015,
,,2015 - 2016,
,,2016 - 2017,
,,2017 - 2018,
,,2018 - 2019,
,,2019 - 2020,
,,2020 - 2021,
,,2021 - 2022,
,,2022 - 2023,
,Chitradurga,2000 - 2001,9.01
,,2001 - 2002,6.11
,,2002 - 2003,7.14
,,2003 - 2004,6.29
,,2004 - 2005,7.66
,,2005 - 2006,
,,2006 - 2007,7.26
,,2007 - 2008,
,,2008 - 2009,
,,2009 - 2010,
,,2010 - 2011,
,,2011 - 2012,
,,2012 - 2013,
,,2013 - 2014,
,,2014 - 2015,
,,2015 - 2016,
,,2016 - 2017,
,,2017 - 2018,
,,2018 - 2019,
,,2019 - 2020,
,,2020 - 2021,
,,2021 - 2022,
,,2022 - 2023,
,Davangere,2000 - 2001,6.38
,,2001 - 2002,7.6
,,2002 - 2003,5.8
,,2003 - 2004,11.11
,,2004 - 2005,11.49
,,2005 - 2006,
,,2006 - 2007,8.71
,,2007 - 2008,
,,2008 - 2009,
,,2009 - 2010,
,,2010 - 2011,
,,2011 - 2012,
,,2012 - 2013,
,,2013 - 2014,
,,2014 - 2015,
,,2015 - 2016,
,,2016 - 2017,
,,2017 - 2018,
,,2018 - 2019,
,,2019 - 2020,
,,2020 - 2021,
,,2021 - 2022,
,,2022 - 2023,
,Dharwad,2000 - 2001,2.82
,,2001 - 2002,2.65
,,2002 - 2003,2.25
,,2003 - 2004,0.24
,,2004 - 2005,3.01
,,2005 - 2006,
,,2006 - 2007,4.25
,,2007 - 2008,
,,2008 - 2009,
,,2009 - 2010,
,,2010 - 2011,
,,2011 - 2012,
,,2012 - 2013,
,,2013 - 2014,
,,2014 - 2015,
,,2015 - 2016,
,,2016 - 2017,
,,2017 - 2018,
,,2018 - 2019,
,,2019 - 2020,
,,2020 - 2021,
,,2021 - 2022,
,,2022 - 2023,
,Gadag,2000 - 2001,5.59
,,2001 - 2002,3.76
,,2002 - 2003,2.04
,,2003 - 2004,2.07
,,2004 - 2005,6.25
,,2005 - 2006,
,,2006 - 2007,5.28
,,2007 - 2008,
,,2008 - 2009,
,,2009 - 2010,
,,2010 - 2011,
,,2011 - 2012,
,,2012 - 2013,
,,2013 - 2014,
,,2014 - 2015,
,,2015 - 2016,
,,2016 - 2017,
,,2017 - 2018,
,,2018 - 2019,
,,2019 - 2020,
,,2020 - 2021,
,,2021 - 2022,
,,2022 - 2023,
,Gulbarga,2000 - 2001,5.65
,,2001 - 2002,7.44
,,2002 - 2003,8.11
,,2003 - 2004,13.12
,,2004 - 2005,8.78
,,2005 - 2006,
,,2006 - 2007,8.36
,,2007 - 2008,
,,2008 - 2009,
,,2009 - 2010,
,,2010 - 2011,
,,2011 - 2012,
,,2012 - 2013,
,,2013 - 2014,
,,2014 - 2015,
,,2015 - 2016,
,,2016 - 2017,
,,2017 - 2018,
,,2018 - 2019,
,,2019 - 2020,
,,2020 - 2021,
,,2021 - 2022,
,,2022 - 2023,
,Hassan,2000 - 2001,5.46
,,2001 - 2002,6.79
,,2002 - 2003,5.49
,,2003 - 2004,2.89
,,2004 - 2005,5.83
,,2005 - 2006,
,,2006 - 2007,5.57
,,2007 - 2008,
,,2008 - 2009,
,,2009 - 2010,
,,2010 - 2011,
,,2011 - 2012,
,,2012 - 2013,
,,2013 - 2014,
,,2014 - 2015,
,,2015 - 2016,
,,2016 - 2017,
,,2017 - 2018,
,,2018 - 2019,
,,2019 - 2020,
,,2020 - 2021,
,,2021 - 2022,
,,2022 - 2023,
,Haveri,2000 - 2001,2.55
,,2001 - 2002,3.11
,,2002 - 2003,1.35
,,2003 - 2004,3.11
,,2004 - 2005,5.16
,,2005 - 2006,
,,2006 - 2007,2.73
,,2007 - 2008,
,,2008 - 2009,
,,2009 - 2010,
,,2010 - 2011,
,,2011 - 2012,
,,2012 - 2013,
,,2013 - 2014,
,,2014 - 2015,
,,2015 - 2016,
,,2016 - 2017,
,,2017 - 2018,
,,2018 - 2019,
,,2019 - 2020,
,,2020 - 2021,
,,2021 - 2022,
,,2022 - 2023,
,Kolar,2000 - 2001,7.3
,,2001 - 2002,10.2
,,2002 - 2003,5.69
,,2003 - 2004,4.9
,,2004 - 2005,11.86
,,2005 - 2006,
,,2006 - 2007,6.3
,,2007 - 2008,
,,2008 - 2009,
,,2009 - 2010,
,,2010 - 2011,
,,2011 - 2012,
,,2012 - 2013,
,,2013 - 2014,
,,2014 - 2015,
,,2015 - 2016,
,,2016 - 2017,
,,2017 - 2018,
,,2018 - 2019,
,,2019 - 2020,
,,2020 - 2021,
,,2021 - 2022,
,,2022 - 2023,
,Koppal,2000 - 2001,6.1
,,2001 - 2002,8.72
,,2002 - 2003,7.09
,,2003 - 2004,7.29
,,2004 - 2005,8.06
,,2005 - 2006,
,,2006 - 2007,6.33
,,2007 - 2008,
,,2008 - 2009,
,,2009 - 2010,
,,2010 - 2011,
,,2011 - 2012,
,,2012 - 2013,
,,2013 - 2014,
,,2014 - 2015,
,,2015 - 2016,
,,2016 - 2017,
,,2017 - 2018,
,,2018 - 2019,
,,2019 - 2020,
,,2020 - 2021,
,,2021 - 2022,
,,2022 - 2023,
,Mandya,2000 - 2001,6.16
,,2001 - 2002,7.85
,,2002 - 2003,7.81
,,2003 - 2004,8.65
,,2004 - 2005,7.82
,,2005 - 2006,
,,2006 - 2007,6.21
,,2007 - 2008,
,,2008 - 2009,
,,2009 - 2010,
,,2010 - 2011,
,,2011 - 2012,
,,2012 - 2013,
,,2013 - 2014,
,,2014 - 2015,
,,2015 - 2016,
,,2016 - 2017,
,,2017 - 2018,
,,2018 - 2019,
,,2019 - 2020,
,,2020 - 2021,
,,2021 - 2022,
,,2022 - 2023,
,Mysore,2000 - 2001,5.33
,,2001 - 2002,4.2
,,2002 - 2003,3.4
,,2003 - 2004,2.6
,,2004 - 2005,5.8
,,2005 - 2006,
,,2006 - 2007,5.6
,,2007 - 2008,
,,2008 - 2009,
,,2009 - 2010,
,,2010 - 2011,
,,2011 - 2012,
,,2012 - 2013,
,,2013 - 2014,
,,2014 - 2015,
,,2015 - 2016,
,,2016 - 2017,
,,2017 - 2018,
,,2018 - 2019,
,,2019 - 2020,
,,2020 - 2021,
,,2021 - 2022,
,,2022 - 2023,
,Raichur,2000 - 2001,5.72
,,2001 - 2002,6.93
,,2002 - 2003,6.41
,,2003 - 2004,3.35
,,2004 - 2005,8.72
,,2005 - 2006,
,,2006 - 2007,10.78
,,2007 - 2008,
,,2008 - 2009,
,,2009 - 2010,
,,2010 - 2011,
,,2011 - 2012,
,,2012 - 2013,
,,2013 - 2014,
,,2014 - 2015,
,,2015 - 2016,
,,2016 - 2017,
,,2017 - 2018,
,,2018 - 2019,
,,2019 - 2020,
,,2020 - 2021,
,,2021 - 2022,
,,2022 - 2023,
,Ramanagara,2007 - 2008,
,,2008 - 2009,
,,2009 - 2010,
,,2010 - 2011,
,,2011 - 2012,
,,2012 - 2013,
,,2013 - 2014,
,,2014 - 2015,
,,2015 - 2016,
,,2016 - 2017,
,,2017 - 2018,
,,2018 - 2019,
,,2019 - 2020,
,,2020 - 2021,
,,2021 - 2022,
,,2022 - 2023,
,Shimoga,2000 - 2001,5.1
,,2001 - 2002,4.3
,,2002 - 2003,3.38
,,2003 - 2004,3.58
,,2004 - 2005,6.3
,,2005 - 2006,
,,2006 - 2007,5.58
,,2007 - 2008,
,,2008 - 2009,
,,2009 - 2010,
,,2015 - 2016,
,,2016 - 2017,
,,2017 - 2018,
,,2019 - 2020,
,,2020 - 2021,
,,2021 - 2022,
,Tumkur,2000 - 2001,5.28
,,2001 - 2002,5.34
,,2002 - 2003,6.91
,,2003 - 2004,4.38
,,2004 - 2005,6.59
,,2005 - 2006,
,,2006 - 2007,5.68
,,2007 - 2008,
,,2008 - 2009,
,,2009 - 2010,
,,2010 - 2011,
,,2011 - 2012,
,,2012 - 2013,
,,2013 - 2014,
,,2014 - 2015,
,,2015 - 2016,
,,2016 - 2017,
,,2017 - 2018,
,,2018 - 2019,
,,2019 - 2020,
,,2020 - 2021,
,,2021 - 2022,
,,2022 - 2023,
,Udupi,2000 - 2001,5.86
,,2001 - 2002,14.33
,,2002 - 2003,13.2
,,2003 - 2004,10.5
,,2004 - 2005,9.0
,,2005 - 2006,
,,2006 - 2007,6.0
,,2021 - 2022,
,Uttar kannad,2000 - 2001,5.88
,,2001 - 2002,14.41
,,2002 - 2003,13.27
,,2003 - 2004,10.44
,,2004 - 2005,9.05
,,2005 - 2006,
,,2006 - 2007,6.18
,,2007 - 2008,
,,2008 - 2009,
,,2009 - 2010,
,,2010 - 2011,
,,2011 - 2012,
,,2012 - 2013,
,,2013 - 2014,
,,2014 - 2015,
,,2015 - 2016,
,,2016 - 2017,
,,2017 - 2018,
,,2018 - 2019,
,,2019 - 2020,
,,2020 - 2021,
,,2021 - 2022,
,,2022 - 2023,
,Vijayanagar,2022 - 2023,
,Yadgir,2010 - 2011,
,,2011 - 2012,
,,2012 - 2013,
,,2013 - 2014,
,,2014 - 2015,
,,2015 - 2016,
,,2016 - 2017,
,,2017 - 2018,
,,2018 - 2019,
,,2019 - 2020,
,,2020 - 2021,
,,2021 - 2022,
,,2022 - 2023,
Kerala,Idukki,2013 - 2014,0.0
,,2014 - 2015,0.0
,,2018 - 2019,0.0
,Palakkad,2012 - 2013,0.0
,,2013 - 2014,0.0
,,2014 - 2015,0.0
,,2015 - 2016,0.0
,,2016 - 2017,0.0
,,2017 - 2018,0.0
,,2018 - 2019,0.0
,Thiruvananthapuram,2018 - 2019,0.0
,Wayanad,2018 - 2019,0.0
Ladakh,Kargil,2022 - 2023,
,Leh ladakh,2020 - 2021,
,,2021 - 2022,
,,2022 - 2023,
Madhya Pradesh,Agar malwa,2013 - 2014,12.86
,,2015 - 2016,31.18
,,2016 - 2017,30.0
,,2017 - 2018,30.5
,,2018 - 2019,30.5
,,2019 - 2020,30.5
,Alirajpur,2008 - 2009,9.9
,,2009 - 2010,10.59
,,2010 - 2011,12.48
,,2011 - 2012,12.43
,,2012 - 2013,13.73
,,2013 - 2014,8.23
,,2015 - 2016,25.0
,,2016 - 2017,25.0
,,2017 - 2018,25.09
,,2018 - 2019,25.1
,,2019 - 2020,25.12
,Anuppur,2003 - 2004,9.07
,,2004 - 2005,12.55
,,2005 - 2006,10.59
,,2006 - 2007,6.42
,,2007 - 2008,9.11
,,2008 - 2009,9.03
,,2009 - 2010,8.87
,,2010 - 2011,9.99
,,2011 - 2012,9.13
,,2012 - 2013,12.41
,,2013 - 2014,10.46
,,2015 - 2016,16.0
,,2016 - 2017,20.7
,,2017 - 2018,21.8
,,2018 - 2019,23.0
,,2019 - 2020,23.48
,Ashoknagar,2003 - 2004,11.31
,,2004 - 2005,13.57
,,2005 - 2006,14.55
,,2006 - 2007,14.44
,,2007 - 2008,10.7
,,2008 - 2009,13.02
,,2009 - 2010,12.57
,,2010 - 2011,20.75
,,2011 - 2012,18.07
,,2012 - 2013,17.95
,,2013 - 2014,19.26
,,2015 - 2016,22.0
,,2016 - 2017,22.0
,,2017 - 2018,22.0
,,2018 - 2019,22.01
,,2019 - 2020,22.01
,Balaghat,2000 - 2001,21.77
,,2001 - 2002,21.79
,,2002 - 2003,20.93
,,2003 - 2004,19.59
,,2004 - 2005,22.81
,,2005 - 2006,22.67
,,2006 - 2007,22.81
,,2007 - 2008,19.73
,,2008 - 2009,20.03
,,2009 - 2010,20.75
,,2010 - 2011,24.03
,,2011 - 2012,27.5
,,2012 - 2013,27.31
,,2013 - 2014,25.12
,,2015 - 2016,14.91
,,2016 - 2017,23.0
,,2017 - 2018,21.58
,,2018 - 2019,21.63
,,2019 - 2020,21.63
,Barwani,2000 - 2001,7.96
,,2001 - 2002,8.41
,,2002 - 2003,8.79
,,2003 - 2004,7.3
,,2004 - 2005,8.5
,,2005 - 2006,6.6
,,2006 - 2007,7.77
,,2007 - 2008,7.26
,,2008 - 2009,5.94
,,2009 - 2010,7.52
,,2010 - 2011,5.91
,,2011 - 2012,8.5
,,2012 - 2013,10.49
,,2013 - 2014,12.53
,,2015 - 2016,24.42
,,2016 - 2017,25.0
,,2017 - 2018,25.0
,,2018 - 2019,25.0
,,2019 - 2020,25.0
,Betul,2000 - 2001,19.03
,,2001 - 2002,19.05
,,2002 - 2003,18.3
,,2003 - 2004,16.87
,,2004 - 2005,19.65
,,2005 - 2006,19.3
,,2006 - 2007,19.42
,,2007 - 2008,15.81
,,2008 - 2009,15.29
,,2009 - 2010,16.37
,,2010 - 2011,18.42
,,2011 - 2012,21.17
,,2012 - 2013,29.31
,,2013 - 2014,26.86
,,2015 - 2016,16.8
,,2016 - 2017,24.75
,,2017 - 2018,25.0
,,2018 - 2019,25.0
,,2019 - 2020,25.0
,Bhind,2000 - 2001,9.81
,,2001 - 2002,9.82
,,2002 - 2003,9.43
,,2003 - 2004,7.8
,,2004 - 2005,10.27
,,2005 - 2006,8.99
,,2006 - 2007,8.77
,,2007 - 2008,5.68
,,2008 - 2009,5.76
,,2009 - 2010,7.97
,,2010 - 2011,6.98
,,2011 - 2012,5.33
,,2012 - 2013,8.95
,,2013 - 2014,7.07
,,2015 - 2016,18.48
,,2016 - 2017,20.01
,,2017 - 2018,20.01
,,2018 - 2019,19.86
,,2019 - 2020,19.86
,Bhopal,2000 - 2001,11.84
,,2001 - 2002,10.04
,,2002 - 2003,9.65
,,2003 - 2004,10.83
,,2004 - 2005,13.46
,,2005 - 2006,11.79
,,2006 - 2007,12.97
,,2007 - 2008,9.62
,,2008 - 2009,10.73
,,2009 - 2010,11.8
,,2010 - 2011,5.27
,,2011 - 2012,22.64
,,2012 - 2013,31.27
,,2013 - 2014,14.68
,,2015 - 2016,25.14
,,2016 - 2017,25.23
,,2017 - 2018,26.47
,,2018 - 2019,26.45
,,2019 - 2020,26.31
,Burhanpur,2003 - 2004,32.47
,,2004 - 2005,34.8
,,2005 - 2006,34.85
,,2006 - 2007,30.68
,,2007 - 2008,30.33
,,2008 - 2009,30.79
,,2009 - 2010,31.9
,,2010 - 2011,30.81
,,2011 - 2012,42.25
,,2012 - 2013,54.48
,,2013 - 2014,43.99
,,2015 - 2016,20.0
,,2016 - 2017,20.0
,,2017 - 2018,20.0
,,2018 - 2019,20.0
,,2019 - 2020,20.0
,Chhatarpur,2000 - 2001,9.16
,,2001 - 2002,9.49
,,2002 - 2003,9.12
,,2003 - 2004,8.53
,,2004 - 2005,9.94
,,2005 - 2006,8.02
,,2006 - 2007,6.83
,,2007 - 2008,6.03
,,2008 - 2009,5.88
,,2009 - 2010,6.09
,,2010 - 2011,5.43
,,2011 - 2012,5.69
,,2012 - 2013,6.78
,,2013 - 2014,5.71
,,2015 - 2016,30.7
,,2016 - 2017,32.06
,,2017 - 2018,0.03
,,2018 - 2019,0.45
,,2019 - 2020,7.55
,Chhindwara,2000 - 2001,24.89
,,2001 - 2002,21.6
,,2002 - 2003,19.95
,,2003 - 2004,22.4
,,2004 - 2005,26.09
,,2005 - 2006,24.33
,,2006 - 2007,24.47
,,2007 - 2008,22.08
,,2008 - 2009,22.41
,,2009 - 2010,23.22
,,2010 - 2011,28.3
,,2011 - 2012,31.45
,,2012 - 2013,30.03
,,2013 - 2014,27.02
,,2015 - 2016,25.0
,,2016 - 2017,25.0
,,2017 - 2018,25.0
,,2018 - 2019,25.0
,,2019 - 2020,25.0
,Damoh,2000 - 2001,14.79
,,2001 - 2002,21.24
,,2002 - 2003,20.4
,,2003 - 2004,19.96
,,2004 - 2005,23.24
,,2005 - 2006,20.29
,,2006 - 2007,17.31
,,2007 - 2008,17.15
,,2008 - 2009,20.78
,,2009 - 2010,22.34
,,2010 - 2011,12.68
,,2011 - 2012,27.09
,,2012 - 2013,26.9
,,2013 - 2014,21.37
,,2015 - 2016,19.9
,,2016 - 2017,20.0
,,2017 - 2018,20.0
,,2018 - 2019,20.0
,,2019 - 2020,20.0
,Datia,2000 - 2001,10.24
,,2001 - 2002,10.7
,,2002 - 2003,6.38
,,2003 - 2004,9.02
,,2004 - 2005,9.64
,,2005 - 2006,9.18
,,2006 - 2007,8.06
,,2007 - 2008,10.17
,,2008 - 2009,6.64
,,2009 - 2010,6.89
,,2010 - 2011,6.63
,,2011 - 2012,9.21
,,2012 - 2013,11.95
,,2013 - 2014,7.56
,,2015 - 2016,25.0
,,2016 - 2017,25.0
,,2017 - 2018,25.0
,,2018 - 2019,25.0
,,2019 - 2020,25.0
,Dewas,2000 - 2001,9.63
,,2001 - 2002,12.15
,,2002 - 2003,11.48
,,2003 - 2004,12.31
,,2004 - 2005,12.11
,,2005 - 2006,10.72
,,2006 - 2007,12.3
,,2007 - 2008,10.06
,,2008 - 2009,11.1
,,2009 - 2010,11.5
,,2010 - 2011,14.43
,,2011 - 2012,14.45
,,2012 - 2013,15.31
,,2013 - 2014,17.15
,,2015 - 2016,30.15
,,2016 - 2017,38.23
,,2017 - 2018,30.6
,,2018 - 2019,30.61
,,2019 - 2020,30.61
,Dhar,2000 - 2001,10.53
,,2001 - 2002,9.74
,,2002 - 2003,9.35
,,2003 - 2004,9.48
,,2004 - 2005,11.21
,,2005 - 2006,10.02
,,2006 - 2007,12.4
,,2007 - 2008,10.73
,,2008 - 2009,9.53
,,2009 - 2010,10.16
,,2010 - 2011,11.98
,,2011 - 2012,13.16
,,2012 - 2013,13.61
,,2013 - 2014,11.57
,,2015 - 2016,25.0
,,2016 - 2017,25.3
,,2017 - 2018,25.3
,,2018 - 2019,25.68
,,2019 - 2020,25.73
,Dindori,2000 - 2001,17.45
,,2001 - 2002,17.48
,,2002 - 2003,14.42
,,2003 - 2004,15.46
,,2004 - 2005,15.96
,,2005 - 2006,14.28
,,2006 - 2007,12.54
,,2007 - 2008,10.67
,,2008 - 2009,10.41
,,2009 - 2010,12.67
,,2010 - 2011,13.71
,,2011 - 2012,12.38
,,2012 - 2013,12.97
,,2013 - 2014,17.42
,,2015 - 2016,19.0
,,2016 - 2017,19.0
,,2017 - 2018,19.8
,,2018 - 2019,19.5
,,2019 - 2020,19.5
,Guna,2000 - 2001,14.19
,,2001 - 2002,14.4
,,2002 - 2003,8.95
,,2003 - 2004,12.58
,,2004 - 2005,14.66
,,2005 - 2006,14.34
,,2006 - 2007,14.42
,,2007 - 2008,10.7
,,2008 - 2009,13.04
,,2009 - 2010,12.56
,,2010 - 2011,13.68
,,2011 - 2012,19.14
,,2012 - 2013,17.88
,,2013 - 2014,16.32
,,2015 - 2016,15.0
,,2016 - 2017,24.36
,,2017 - 2018,24.36
,,2018 - 2019,24.35
,,2019 - 2020,25.0
,Gwalior,2000 - 2001,16.66
,,2001 - 2002,17.82
,,2002 - 2003,16.03
,,2003 - 2004,10.6
,,2004 - 2005,16.06
,,2005 - 2006,14.71
,,2006 - 2007,11.5
,,2007 - 2008,9.28
,,2008 - 2009,9.42
,,2009 - 2010,13.1
,,2010 - 2011,10.89
,,2011 - 2012,12.44
,,2012 - 2013,13.93
,,2013 - 2014,11.03
,,2015 - 2016,21.0
,,2016 - 2017,20.0
,,2017 - 2018,21.0
,,2018 - 2019,21.0
,,2019 - 2020,21.0
,Harda,2000 - 2001,17.98
,,2001 - 2002,14.76
,,2002 - 2003,13.41
,,2003 - 2004,12.79
,,2004 - 2005,14.61
,,2005 - 2006,22.83
,,2006 - 2007,22.96
,,2007 - 2008,18.48
,,2008 - 2009,15.0
,,2009 - 2010,15.3
,,2010 - 2011,21.14
,,2011 - 2012,26.51
,,2012 - 2013,25.34
,,2013 - 2014,17.31
,,2015 - 2016,22.0
,,2016 - 2017,22.24
,,2017 - 2018,22.25
,,2018 - 2019,22.25
,,2019 - 2020,22.25
,Hoshangabad,2000 - 2001,16.63
,,2001 - 2002,16.92
,,2002 - 2003,13.41
,,2003 - 2004,12.79
,,2004 - 2005,17.43
,,2005 - 2006,14.52
,,2006 - 2007,19.93
,,2007 - 2008,12.83
,,2008 - 2009,13.03
,,2009 - 2010,13.28
,,2010 - 2011,16.44
,,2011 - 2012,18.08
,,2012 - 2013,19.72
,,2013 - 2014,16.18
,,2015 - 2016,26.0
,,2016 - 2017,25.5
,,2017 - 2018,25.47
,,2018 - 2019,23.89
,,2019 - 2020,23.89
,Indore,2000 - 2001,14.21
,,2001 - 2002,12.19
,,2002 - 2003,11.71
,,2003 - 2004,12.79
,,2004 - 2005,12.77
,,2005 - 2006,12.21
,,2006 - 2007,16.37
,,2007 - 2008,11.68
,,2008 - 2009,12.58
,,2009 - 2010,13.03
,,2010 - 2011,14.94
,,2011 - 2012,15.96
,,2012 - 2013,15.85
,,2013 - 2014,13.57
,,2015 - 2016,29.87
,,2016 - 2017,31.0
,,2017 - 2018,32.0
,,2018 - 2019,32.0
,,2019 - 2020,32.0
,Jabalpur,2000 - 2001,25.02
,,2001 - 2002,25.35
,,2002 - 2003,24.96
,,2003 - 2004,26.5
,,2004 - 2005,30.86
,,2005 - 2006,32.79
,,2006 - 2007,35.1
,,2007 - 2008,24.59
,,2008 - 2009,22.8
,,2009 - 2010,23.95
,,2010 - 2011,31.56
,,2011 - 2012,38.06
,,2012 - 2013,39.7
,,2013 - 2014,30.87
,,2015 - 2016,20.0
,,2016 - 2017,20.36
,,2017 - 2018,22.0
,,2018 - 2019,22.0
,,2019 - 2020,22.0
,Jhabua,2000 - 2001,5.26
,,2001 - 2002,9.28
,,2002 - 2003,10.5
,,2003 - 2004,9.65
,,2004 - 2005,11.44
,,2005 - 2006,11.03
,,2006 - 2007,11.63
,,2007 - 2008,10.06
,,2008 - 2009,9.9
,,2009 - 2010,10.58
,,2010 - 2011,11.02
,,2011 - 2012,13.25
,,2012 - 2013,14.25
,,2013 - 2014,15.17
,,2015 - 2016,30.0
,,2016 - 2017,30.0
,,2017 - 2018,33.92
,,2018 - 2019,35.0
,,2019 - 2020,35.0
,Katni,2000 - 2001,16.78
,,2001 - 2002,18.39
,,2002 - 2003,24.97
,,2003 - 2004,15.39
,,2004 - 2005,19.58
,,2005 - 2006,15.79
,,2006 - 2007,27.39
,,2007 - 2008,10.19
,,2008 - 2009,12.75
,,2009 - 2010,13.96
,,2010 - 2011,12.45
,,2011 - 2012,17.18
,,2012 - 2013,19.26
,,2013 - 2014,26.38
,,2015 - 2016,18.19
,,2016 - 2017,25.8
,,2017 - 2018,25.8
,,2018 - 2019,25.8
,,2019 - 2020,25.81
,Khandwa,2000 - 2001,19.09
,,2001 - 2002,21.18
,,2002 - 2003,24.73
,,2003 - 2004,18.67
,,2004 - 2005,24.78
,,2005 - 2006,26.14
,,2006 - 2007,30.68
,,2007 - 2008,30.33
,,2008 - 2009,30.78
,,2009 - 2010,31.9
,,2010 - 2011,29.11
,,2011 - 2012,31.1
,,2012 - 2013,30.88
,,2013 - 2014,40.31
,,2015 - 2016,24.0
,,2016 - 2017,25.0
,,2017 - 2018,25.0
,,2018 - 2019,20.25
,,2019 - 2020,20.25
,Khargone,2000 - 2001,7.96
,,2001 - 2002,8.56
,,2002 - 2003,8.79
,,2003 - 2004,7.3
,,2004 - 2005,8.19
,,2005 - 2006,7.1
,,2006 - 2007,8.36
,,2007 - 2008,7.82
,,2008 - 2009,6.16
,,2009 - 2010,6.38
,,2010 - 2011,7.88
,,2011 - 2012,7.43
,,2012 - 2013,10.45
,,2013 - 2014,3.92
,,2015 - 2016,24.0
,,2016 - 2017,25.0
,,2017 - 2018,25.0
,,2018 - 2019,25.0
,,2019 - 2020,25.0
,Mandla,2000 - 2001,14.7
,,2001 - 2002,14.7
,,2002 - 2003,14.13
,,2003 - 2004,15.22
,,2004 - 2005,17.73
,,2005 - 2006,14.17
,,2006 - 2007,13.08
,,2007 - 2008,11.32
,,2008 - 2009,12.31
,,2009 - 2010,11.69
,,2010 - 2011,14.19
,,2011 - 2012,12.77
,,2012 - 2013,13.33
,,2013 - 2014,18.29
,,2015 - 2016,22.73
,,2016 - 2017,22.6
,,2017 - 2018,22.66
,,2018 - 2019,22.84
,,2019 - 2020,22.94
,Mandsaur,2000 - 2001,9.69
,,2001 - 2002,9.86
,,2002 - 2003,7.58
,,2003 - 2004,9.16
,,2004 - 2005,10.5
,,2005 - 2006,9.88
,,2006 - 2007,11.79
,,2007 - 2008,9.91
,,2008 - 2009,8.87
,,2009 - 2010,9.96
,,2010 - 2011,11.26
,,2011 - 2012,19.18
,,2012 - 2013,21.12
,,2013 - 2014,19.42
,,2015 - 2016,20.0
,,2016 - 2017,20.39
,,2017 - 2018,20.0
,,2018 - 2019,20.0
,,2019 - 2020,20.0
,Morena,2000 - 2001,8.62
,,2001 - 2002,8.31
,,2002 - 2003,5.98
,,2003 - 2004,7.05
,,2004 - 2005,9.21
,,2005 - 2006,8.18
,,2006 - 2007,7.95
,,2007 - 2008,5.16
,,2008 - 2009,5.24
,,2009 - 2010,7.24
,,2010 - 2011,6.35
,,2011 - 2012,4.84
,,2012 - 2013,7.56
,,2013 - 2014,7.49
,,2015 - 2016,20.25
,,2016 - 2017,20.5
,,2017 - 2018,20.61
,,2018 - 2019,20.64
,,2019 - 2020,20.69
,Narsinghpur,2000 - 2001,20.27
,,2001 - 2002,20.29
,,2002 - 2003,18.69
,,2003 - 2004,17.99
,,2004 - 2005,20.95
,,2005 - 2006,21.7
,,2006 - 2007,21.83
,,2007 - 2008,18.89
,,2008 - 2009,18.9
,,2009 - 2010,19.49
,,2010 - 2011,23.18
,,2011 - 2012,26.52
,,2012 - 2013,21.48
,,2013 - 2014,26.99
,,2015 - 2016,17.28
,,2016 - 2017,19.64
,,2017 - 2018,19.87
,,2018 - 2019,19.37
,,2019 - 2020,19.51
,Neemuch,2000 - 2001,12.15
,,2001 - 2002,12.33
,,2002 - 2003,11.21
,,2003 - 2004,10.64
,,2004 - 2005,13.25
,,2005 - 2006,11.12
,,2006 - 2007,13.26
,,2007 - 2008,11.14
,,2008 - 2009,9.98
,,2009 - 2010,11.21
,,2010 - 2011,10.11
,,2011 - 2012,14.33
,,2012 - 2013,23.78
,,2013 - 2014,12.15
,,2015 - 2016,20.02
,,2016 - 2017,20.13
,,2017 - 2018,20.0
,,2018 - 2019,20.0
,,2019 - 2020,20.0
,Panna,2000 - 2001,8.0
,,2001 - 2002,8.17
,,2002 - 2003,7.84
,,2003 - 2004,8.64
,,2004 - 2005,7.55
,,2005 - 2006,8.38
,,2006 - 2007,8.43
,,2007 - 2008,7.29
,,2008 - 2009,7.4
,,2009 - 2010,7.67
,,2010 - 2011,6.35
,,2011 - 2012,6.78
,,2012 - 2013,9.83
,,2013 - 2014,23.24
,,2015 - 2016,17.51
,,2016 - 2017,17.51
,,2017 - 2018,17.51
,,2018 - 2019,17.51
,,2019 - 2020,17.51
,Raisen,2000 - 2001,12.06
,,2001 - 2002,12.07
,,2002 - 2003,11.6
,,2003 - 2004,11.84
,,2004 - 2005,13.79
,,2005 - 2006,13.33
,,2006 - 2007,15.64
,,2007 - 2008,11.6
,,2008 - 2009,11.78
,,2009 - 2010,14.23
,,2010 - 2011,14.23
,,2011 - 2012,20.74
,,2012 - 2013,16.01
,,2013 - 2014,16.03
,,2015 - 2016,24.26
,,2016 - 2017,26.17
,,2017 - 2018,24.71
,,2018 - 2019,24.6
,,2019 - 2020,24.5
,Rajgarh,2000 - 2001,10.29
,,2001 - 2002,8.5
,,2002 - 2003,8.32
,,2003 - 2004,10.72
,,2004 - 2005,13.0
,,2005 - 2006,11.56
,,2006 - 2007,12.12
,,2007 - 2008,10.49
,,2008 - 2009,10.93
,,2009 - 2010,11.78
,,2010 - 2011,13.82
,,2011 - 2012,15.75
,,2012 - 2013,19.54
,,2013 - 2014,13.61
,,2015 - 2016,15.49
,,2016 - 2017,20.2
,,2017 - 2018,20.2
,,2018 - 2019,20.2
,,2019 - 2020,20.2
,Ratlam,2000 - 2001,26.88
,,2001 - 2002,26.9
,,2002 - 2003,29.53
,,2003 - 2004,28.67
,,2004 - 2005,32.18
,,2005 - 2006,24.95
,,2006 - 2007,29.78
,,2007 - 2008,25.4
,,2008 - 2009,29.88
,,2009 - 2010,30.97
,,2010 - 2011,31.5
,,2011 - 2012,48.78
,,2012 - 2013,48.43
,,2013 - 2014,25.3
,,2015 - 2016,16.55
,,2016 - 2017,19.74
,,2017 - 2018,19.96
,,2018 - 2019,25.0
,,2019 - 2020,25.0
,Rewa,2000 - 2001,8.3
,,2001 - 2002,8.17
,,2002 - 2003,6.93
,,2003 - 2004,6.49
,,2004 - 2005,8.55
,,2005 - 2006,12.07
,,2006 - 2007,11.92
,,2007 - 2008,10.5
,,2008 - 2009,9.52
,,2009 - 2010,11.83
,,2010 - 2011,10.85
,,2011 - 2012,13.53
,,2012 - 2013,16.88
,,2013 - 2014,15.17
,,2015 - 2016,25.93
,,2016 - 2017,26.0
,,2017 - 2018,26.0
,,2018 - 2019,26.0
,,2019 - 2020,26.0
,Sagar,2000 - 2001,18.28
,,2001 - 2002,15.25
,,2002 - 2003,14.65
,,2003 - 2004,16.72
,,2004 - 2005,19.16
,,2005 - 2006,14.42
,,2006 - 2007,14.51
,,2007 - 2008,12.55
,,2008 - 2009,11.35
,,2009 - 2010,13.2
,,2010 - 2011,9.62
,,2011 - 2012,18.28
,,2012 - 2013,13.61
,,2013 - 2014,17.85
,,2015 - 2016,29.0
,,2016 - 2017,25.0
,,2017 - 2018,20.0
,,2018 - 2019,20.0
,,2019 - 2020,20.0
,Satna,2000 - 2001,7.04
,,2001 - 2002,6.91
,,2002 - 2003,7.56
,,2003 - 2004,7.2
,,2004 - 2005,8.24
,,2005 - 2006,6.94
,,2006 - 2007,5.93
,,2007 - 2008,4.43
,,2008 - 2009,5.62
,,2009 - 2010,6.77
,,2010 - 2011,6.15
,,2011 - 2012,7.19
,,2012 - 2013,8.16
,,2013 - 2014,7.97
,,2015 - 2016,25.21
,,2016 - 2017,24.5
,,2017 - 2018,24.6
,,2018 - 2019,24.63
,,2019 - 2020,24.55
,Sehore,2000 - 2001,12.06
,,2001 - 2002,12.07
,,2002 - 2003,11.59
,,2003 - 2004,10.84
,,2004 - 2005,12.63
,,2005 - 2006,12.11
,,2006 - 2007,14.22
,,2007 - 2008,10.54
,,2008 - 2009,10.7
,,2009 - 2010,15.34
,,2010 - 2011,15.29
,,2011 - 2012,19.6
,,2012 - 2013,23.35
,,2013 - 2014,15.97
,,2015 - 2016,25.32
,,2016 - 2017,24.08
,,2017 - 2018,24.1
,,2018 - 2019,24.1
,,2019 - 2020,24.08
,Seoni,2000 - 2001,24.96
,,2001 - 2002,24.98
,,2002 - 2003,23.99
,,2003 - 2004,23.09
,,2004 - 2005,26.15
,,2005 - 2006,23.34
,,2006 - 2007,23.48
,,2007 - 2008,20.31
,,2008 - 2009,20.62
,,2009 - 2010,21.37
,,2010 - 2011,24.74
,,2011 - 2012,26.43
,,2012 - 2013,26.24
,,2013 - 2014,31.68
,,2015 - 2016,27.54
,,2016 - 2017,27.6
,,2017 - 2018,26.93
,,2018 - 2019,26.77
,,2019 - 2020,26.75
,Shahdol,2000 - 2001,8.75
,,2001 - 2002,8.76
,,2002 - 2003,8.42
,,2003 - 2004,7.89
,,2004 - 2005,7.65
,,2005 - 2006,6.39
,,2006 - 2007,6.42
,,2007 - 2008,5.55
,,2008 - 2009,5.64
,,2009 - 2010,6.31
,,2010 - 2011,5.89
,,2011 - 2012,6.3
,,2012 - 2013,6.25
,,2013 - 2014,9.39
,,2015 - 2016,29.01
,,2016 - 2017,28.76
,,2017 - 2018,26.1
,,2018 - 2019,28.15
,,2019 - 2020,28.2
,Shajapur,2000 - 2001,10.53
,,2001 - 2002,12.02
,,2002 - 2003,10.13
,,2003 - 2004,12.32
,,2004 - 2005,13.91
,,2005 - 2006,12.47
,,2006 - 2007,13.72
,,2007 - 2008,11.87
,,2008 - 2009,10.33
,,2009 - 2010,12.49
,,2010 - 2011,14.34
,,2011 - 2012,14.75
,,2012 - 2013,14.64
,,2013 - 2014,12.86
,,2015 - 2016,18.0
,,2016 - 2017,23.0
,,2017 - 2018,23.23
,,2018 - 2019,23.25
,,2019 - 2020,25.0
,Sheopur,2000 - 2001,8.12
,,2001 - 2002,8.31
,,2002 - 2003,6.5
,,2003 - 2004,7.06
,,2004 - 2005,9.17
,,2005 - 2006,8.68
,,2006 - 2007,8.45
,,2007 - 2008,7.36
,,2008 - 2009,5.56
,,2009 - 2010,7.67
,,2010 - 2011,7.58
,,2011 - 2012,8.5
,,2012 - 2013,8.42
,,2013 - 2014,7.16
,,2015 - 2016,20.0
,,2016 - 2017,21.94
,,2017 - 2018,21.94
,,2018 - 2019,21.93
,,2019 - 2020,21.93
,Shivpuri,2000 - 2001,11.8
,,2001 - 2002,12.32
,,2002 - 2003,10.34
,,2003 - 2004,11.24
,,2004 - 2005,12.72
,,2005 - 2006,12.37
,,2006 - 2007,13.34
,,2007 - 2008,9.23
,,2008 - 2009,10.15
,,2009 - 2010,10.84
,,2010 - 2011,11.23
,,2011 - 2012,12.58
,,2012 - 2013,12.68
,,2013 - 2014,10.18
,,2015 - 2016,22.0
,,2016 - 2017,28.0
,,2017 - 2018,28.0
,,2018 - 2019,28.01
,,2019 - 2020,21.82
,Sidhi,2000 - 2001,6.93
,,2001 - 2002,6.53
,,2002 - 2003,7.84
,,2003 - 2004,6.36
,,2004 - 2005,7.26
,,2005 - 2006,5.8
,,2006 - 2007,5.84
,,2007 - 2008,5.05
,,2008 - 2009,5.02
,,2009 - 2010,5.41
,,2010 - 2011,4.57
,,2011 - 2012,5.16
,,2012 - 2013,5.87
,,2013 - 2014,6.46
,,2015 - 2016,25.0
,,2016 - 2017,25.0
,,2017 - 2018,25.0
,,2018 - 2019,25.1
,,2019 - 2020,25.1
,Singrauli,2008 - 2009,5.02
,,2009 - 2010,7.29
,,2010 - 2011,59.82
,,2011 - 2012,58.59
,,2012 - 2013,74.04
,,2013 - 2014,56.86
,,2015 - 2016,21.0
,,2016 - 2017,21.1
,,2017 - 2018,21.5
,,2018 - 2019,22.0
,,2019 - 2020,24.0
,Tikamgarh,2000 - 2001,9.32
,,2001 - 2002,8.75
,,2002 - 2003,8.4
,,2003 - 2004,7.2
,,2004 - 2005,7.63
,,2005 - 2006,6.66
,,2006 - 2007,6.7
,,2007 - 2008,5.8
,,2008 - 2009,7.06
,,2009 - 2010,7.32
,,2010 - 2011,5.43
,,2011 - 2012,6.27
,,2012 - 2013,9.22
,,2013 - 2014,4.51
,,2015 - 2016,20.0
,,2016 - 2017,20.0
,,2017 - 2018,20.0
,,2018 - 2019,20.0
,,2019 - 2020,20.0
,Ujjain,2000 - 2001,10.21
,,2001 - 2002,8.59
,,2002 - 2003,8.44
,,2003 - 2004,13.05
,,2004 - 2005,15.2
,,2005 - 2006,18.68
,,2006 - 2007,19.32
,,2007 - 2008,15.8
,,2008 - 2009,15.33
,,2009 - 2010,16.61
,,2010 - 2011,16.94
,,2011 - 2012,20.77
,,2012 - 2013,23.56
,,2013 - 2014,22.62
,,2015 - 2016,21.1
,,2016 - 2017,21.12
,,2017 - 2018,22.4
,,2018 - 2019,22.66
,,2019 - 2020,22.73
,Umaria,2000 - 2001,7.43
,,2001 - 2002,8.76
,,2002 - 2003,8.45
,,2003 - 2004,7.89
,,2004 - 2005,9.8
,,2005 - 2006,7.6
,,2006 - 2007,6.87
,,2007 - 2008,6.28
,,2008 - 2009,6.25
,,2009 - 2010,6.36
,,2010 - 2011,6.49
,,2011 - 2012,6.7
,,2012 - 2013,6.89
,,2013 - 2014,9.97
,,2015 - 2016,19.0
,,2016 - 2017,28.51
,,2017 - 2018,16.98
,,2018 - 2019,16.96
,,2019 - 2020,16.9
,Vidisha,2000 - 2001,9.96
,,2001 - 2002,10.61
,,2002 - 2003,10.04
,,2003 - 2004,8.96
,,2004 - 2005,11.11
,,2005 - 2006,10.75
,,2006 - 2007,10.81
,,2007 - 2008,8.81
,,2008 - 2009,8.13
,,2009 - 2010,8.85
,,2010 - 2011,10.75
,,2011 - 2012,13.12
,,2012 - 2013,26.05
,,2013 - 2014,8.88
,,2015 - 2016,23.0
,,2016 - 2017,21.0
,,2017 - 2018,21.01
,,2018 - 2019,21.23
,,2019 - 2020,22.18
Maharashtra,Ahilyanagar,2003 - 2004,9.89
,Akola,2003 - 2004,23.84
,Amravati,2003 - 2004,18.24
,Beed,2003 - 2004,4.76
,Bhandara,2003 - 2004,12.47
,Buldhana,2003 - 2004,21.61
,Chandrapur,2003 - 2004,12.47
,Chhatrapati Sambhajinagar,2003 - 2004,5.98
,Dharashiv,2003 - 2004,5.39
,Dhule,2003 - 2004,14.22
,Gadchiroli,2003 - 2004,12.47
,Gondia,2003 - 2004,12.48
,Jalgaon,2003 - 2004,11.74
,Jalna,2003 - 2004,5.52
,Kolhapur,2003 - 2004,9.92
,Nagpur,2003 - 2004,12.47
,Nandurbar,2003 - 2004,13.39
,Nashik,2003 - 2004,13.1
,Parbhani,2003 - 2004,9.17
,Pune,2003 - 2004,14.42
,Sangli,2003 - 2004,9.92
,Satara,2003 - 2004,9.13
,Solapur,2003 - 2004,5.37
,Wardha,2003 - 2004,12.47
,Washim,2003 - 2004,21.61
,Yavatmal,2003 - 2004,21.61
Manipur,Bishnupur,2000 - 2001,2.11
,,2001 - 2002,2.1
,,2002 - 2003,2.0
,,2003 - 2004,2.13
,,2004 - 2005,2.1
,,2005 - 2006,2.2
,,2006 - 2007,2.17
,,2007 - 2008,2.17
,Imphal east,2000 - 2001,2.17
,,2001 - 2002,2.25
,,2002 - 2003,2.0
,,2003 - 2004,2.0
,,2004 - 2005,2.14
,,2007 - 2008,2.2
,Imphal west,2000 - 2001,2.0
,,2001 - 2002,2.25
,,2002 - 2003,2.14
,,2003 - 2004,2.0
,,2004 - 2005,2.09
,,2005 - 2006,2.11
,,2006 - 2007,2.0
,,2007 - 2008,2.0
,Senapati,2000 - 2001,2.11
,,2001 - 2002,2.09
,,2002 - 2003,2.13
,,2003 - 2004,2.15
,,2004 - 2005,2.0
,,2005 - 2006,2.12
,,2006 - 2007,2.12
,,2007 - 2008,2.12
,Thoubal,2000 - 2001,2.11
,,2001 - 2002,2.11
,,2002 - 2003,2.2
,,2003 - 2004,2.13
,,2004 - 2005,2.14
,,2005 - 2006,2.13
,,2006 - 2007,2.15
,,2007 - 2008,2.17
,Ukhrul,2002 - 2003,2.0
,,2003 - 2004,2.0
,,2007 - 2008,2.0
Meghalaya,East garo hills,2014 - 2015,
,,2015 - 2016,
,,2016 - 2017,
,,2017 - 2018,
,,2018 - 2019,
,,2019 - 2020,
,,2020 - 2021,
,,2022 - 2023,8.14
,East khasi hills,2014 - 2015,
,,2015 - 2016,
,,2016 - 2017,
,,2017 - 2018,
,,2018 - 2019,
,,2019 - 2020,
,,2020 - 2021,
,,2022 - 2023,10.64
,North garo hills,2014 - 2015,
,,2015 - 2016,
,,2016 - 2017,
,,2017 - 2018,
,,2018 - 2019,
,,2019 - 2020,
,,2020 - 2021,
,,2022 - 2023,8.47
,Ri bhoi,2014 - 2015,
,,2015 - 2016,
,,2016 - 2017,
,,2017 - 2018,
,,2018 - 2019,
,,2019 - 2020,
,,2020 - 2021,
,,2022 - 2023,11.49
,South garo hills,2014 - 2015,
,,2015 - 2016,
,,2016 - 2017,
,,2017 - 2018,
,,2018 - 2019,
,,2019 - 2020,
,,2020 - 2021,
,,2022 - 2023,9.26
,South west garo hills,2014 - 2015,
,,2015 - 2016,
,,2016 - 2017,
,,2017 - 2018,
,,2018 - 2019,
,,2019 - 2020,
,,2020 - 2021,
,,2022 - 2023,8.31
,South west khasi hills,2014 - 2015,
,,2015 - 2016,
,,2016 - 2017,
,,2017 - 2018,
,,2018 - 2019,
,,2019 - 2020,
,,2020 - 2021,
,,2022 - 2023,8.0
,West garo hills,2014 - 2015,
,,2015 - 2016,
,,2016 - 2017,
,,2017 - 2018,
,,2018 - 2019,
,,2019 - 2020,
,,2020 - 2021,
,,2022 - 2023,9.33
,West jaintia hills,2014 - 2015,
,,2015 - 2016,
,,2016 - 2017,
,,2017 - 2018,
,,2018 - 2019,
,,2019 - 2020,
,,2020 - 2021,
,,2022 - 2023,2.91
,West khasi hills,2014 - 2015,
,,2015 - 2016,
,,2016 - 2017,
,,2017 - 2018,
,,2018 - 2019,
,,2019 - 2020,
,,2020 - 2021,
,,2022 - 2023,7.82
Mizoram,Aizawl,2010 - 2011,
,,2011 - 2012,
,,2017 - 2018,
,Champhai,2017 - 2018,
,,2018 - 2019,
,,2019 - 2020,
,Kolasib,2015 - 2016,
,,2017 - 2018,
,,2018 - 2019,
,,2019 - 2020,
,,2021 - 2022,
,,2022 - 2023,
,Lawngtlai,2016 - 2017,
,,2017 - 2018,
,,2018 - 2019,
,,2019 - 2020,
,,2022 - 2023,
,Lunglei,2017 - 2018,
,,2018 - 2019,
,,2019 - 2020,
,Saitual,2020 - 2021,
,Serchhip,2017 - 2018,
Odisha,Anugul,2000 - 2001,10.71
,,2001 - 2002,10.7
,,2002 - 2003,10.7
,,2003 - 2004,10.71
,,2004 - 2005,10.7
,,2019 - 2020,
,Balangir,2000 - 2001,11.01
,,2001 - 2002,7.6
,,2002 - 2003,9.5
,,2003 - 2004,9.52
,,2004 - 2005,9.5
,,2019 - 2020,
,Baleshwar,2000 - 2001,9.49
,,2001 - 2002,9.47
,,2002 - 2003,9.48
,,2003 - 2004,9.23
,,2004 - 2005,9.26
,,2019 - 2020,
,Bargarh,2000 - 2001,4.05
,,2001 - 2002,8.32
,,2002 - 2003,8.33
,,2003 - 2004,8.3
,,2004 - 2005,8.33
,,2019 - 2020,
,Bhadrak,2000 - 2001,7.0
,,2001 - 2002,8.84
,,2002 - 2003,8.83
,,2003 - 2004,8.97
,,2004 - 2005,12.41
,,2019 - 2020,
,Boudh,2000 - 2001,10.81
,,2001 - 2002,10.7
,,2002 - 2003,10.69
,,2003 - 2004,10.75
,,2004 - 2005,10.7
,,2019 - 2020,
,Cuttack,2000 - 2001,8.0
,,2001 - 2002,8.0
,,2002 - 2003,8.0
,,2003 - 2004,8.0
,,2004 - 2005,8.0
,,2019 - 2020,
,Deogarh,2000 - 2001,6.19
,,2001 - 2002,10.7
,,2002 - 2003,10.71
,,2003 - 2004,10.61
,,2004 - 2005,10.7
,,2019 - 2020,
,Dhenkanal,2000 - 2001,8.5
,,2001 - 2002,7.6
,,2002 - 2003,7.58
,,2003 - 2004,7.59
,,2004 - 2005,7.59
,,2019 - 2020,
,Gajapati,2000 - 2001,6.46
,,2001 - 2002,10.29
,,2002 - 2003,10.32
,,2003 - 2004,10.35
,,2004 - 2005,10.3
,,2019 - 2020,
,Ganjam,2000 - 2001,6.51
,,2001 - 2002,7.59
,,2002 - 2003,7.59
,,2003 - 2004,7.54
,,2004 - 2005,7.56
,,2019 - 2020,
,Jagatsinghapur,2000 - 2001,6.2
,,2001 - 2002,10.67
,,2002 - 2003,9.5
,,2003 - 2004,9.49
,,2004 - 2005,9.5
,,2019 - 2020,
,Jajapur,2000 - 2001,5.29
,,2001 - 2002,6.5
,,2002 - 2003,6.5
,,2003 - 2004,6.49
,,2004 - 2005,6.5
,Jharsuguda,2000 - 2001,5.31
,,2001 - 2002,7.58
,,2002 - 2003,7.58
,,2003 - 2004,7.7
,,2004 - 2005,7.59
,,2019 - 2020,
,Kalahandi,2000 - 2001,9.4
,,2001 - 2002,10.7
,,2002 - 2003,10.7
,,2003 - 2004,10.7
,,2004 - 2005,10.7
,,2019 - 2020,
,Kandhamal,2000 - 2001,3.78
,,2001 - 2002,6.5
,,2002 - 2003,6.5
,,2003 - 2004,6.58
,,2004 - 2005,6.5
,,2019 - 2020,
,Kendrapara,2000 - 2001,8.8
,,2001 - 2002,8.8
,,2002 - 2003,8.8
,,2003 - 2004,8.81
,,2004 - 2005,8.8
,,2019 - 2020,
,Kendujhar,2000 - 2001,9.71
,,2001 - 2002,11.26
,,2002 - 2003,9.7
,,2003 - 2004,9.7
,,2004 - 2005,9.7
,,2019 - 2020,
,Khordha,2000 - 2001,4.61
,,2001 - 2002,6.5
,,2002 - 2003,6.54
,,2003 - 2004,6.55
,,2004 - 2005,6.52
,,2019 - 2020,
,Koraput,2000 - 2001,9.48
,,2001 - 2002,9.7
,,2002 - 2003,9.71
,,2003 - 2004,9.66
,,2004 - 2005,9.7
,,2019 - 2020,
,Malkangiri,2000 - 2001,9.47
,,2001 - 2002,9.0
,,2002 - 2003,9.0
,,2003 - 2004,8.8
,,2004 - 2005,9.0
,,2019 - 2020,
,Mayurbhanj,2000 - 2001,7.8
,,2001 - 2002,7.8
,,2002 - 2003,7.8
,,2003 - 2004,7.77
,,2004 - 2005,7.8
,,2019 - 2020,
,Nabarangpur,2000 - 2001,8.56
,,2001 - 2002,9.47
,,2002 - 2003,18.12
,,2003 - 2004,18.15
,,2004 - 2005,18.11
,,2019 - 2020,
,Nayagarh,2000 - 2001,5.0
,,2001 - 2002,6.5
,,2002 - 2003,6.53
,,2003 - 2004,6.51
,,2004 - 2005,6.53
,,2019 - 2020,
,Nuapada,2000 - 2001,8.35
,,2001 - 2002,8.35
,,2002 - 2003,8.35
,,2003 - 2004,8.38
,,2004 - 2005,8.35
,,2019 - 2020,
,Puri,2000 - 2001,3.76
,,2001 - 2002,10.71
,,2002 - 2003,6.5
,,2003 - 2004,6.45
,,2004 - 2005,6.52
,,2019 - 2020,
,Rayagada,2000 - 2001,3.72
,,2001 - 2002,5.61
,,2002 - 2003,6.04
,,2003 - 2004,6.11
,,2004 - 2005,6.05
,,2019 - 2020,
,Sambalpur,2000 - 2001,7.59
,,2001 - 2002,7.58
,,2002 - 2003,7.59
,,2003 - 2004,7.59
,,2004 - 2005,7.59
,,2019 - 2020,
,Sonepur,2000 - 2001,8.51
,,2001 - 2002,10.8
,,2002 - 2003,10.8
,,2003 - 2004,10.77
,,2004 - 2005,10.8
,,2019 - 2020,
,Sundargarh,2000 - 2001,7.5
,,2001 - 2002,7.59
,,2002 - 2003,7.59
,,2003 - 2004,7.59
,,2004 - 2005,7.59
,,2019 - 2020,
Puducherry,Pondicherry,2000 - 2001,15.54
,,2001 - 2002,15.69
,,2002 - 2003,15.0
,,2003 - 2004,16.5
,,2004 - 2005,3.33
,,2005 - 2006,3.22
,,2006 - 2007,
,,2007 - 2008,
,,2010 - 2011,
,,2011 - 2012,
,,2012 - 2013,
,,2013 - 2014,
,,2014 - 2015,
,,2015 - 2016,
,,2016 - 2017,
,,2017 - 2018,
,,2018 - 2019,
,,2019 - 2020,
,,2020 - 2021,
,,2021 - 2022,
,,2022 - 2023,
,Yanam,2003 - 2004,1.0
,,2004 - 2005,1.0
Rajasthan,Ajmer,2000 - 2001,1.67
,,2001 - 2002,1.88
,,2002 - 2003,1.35
,,2003 - 2004,2.88
,,2004 - 2005,2.55
,,2005 - 2006,3.16
,,2006 - 2007,1.9
,,2007 - 2008,4.35
,,2008 - 2009,2.51
,,2009 - 2010,1.51
,,2010 - 2011,4.69
,,2011 - 2012,2.46
,,2012 - 2013,2.83
,,2013 - 2014,2.02
,,2014 - 2015,2.52
,,2015 - 2016,2.27
,,2016 - 2017,2.82
,,2017 - 2018,3.17
,,2018 - 2019,1.9
,,2019 - 2020,3.51
,,2020 - 2021,3.04
,,2021 - 2022,6.54
,,2022 - 2023,5.81
,Alwar,2000 - 2001,6.11
,,2001 - 2002,9.25
,,2002 - 2003,2.46
,,2003 - 2004,7.74
,,2004 - 2005,7.46
,,2005 - 2006,8.48
,,2006 - 2007,5.87
,,2007 - 2008,3.98
,,2008 - 2009,8.1
,,2009 - 2010,9.31
,,2010 - 2011,5.78
,,2011 - 2012,5.75
,,2012 - 2013,6.23
,,2013 - 2014,5.04
,,2014 - 2015,7.21
,,2015 - 2016,8.39
,,2016 - 2017,8.69
,,2017 - 2018,6.64
,,2018 - 2019,0.32
,,2019 - 2020,7.46
,,2020 - 2021,5.57
,,2021 - 2022,4.89
,,2022 - 2023,5.07
,Banswara,2000 - 2001,0.93
,,2001 - 2002,0.95
,,2002 - 2003,0.94
,,2003 - 2004,0.94
,,2004 - 2005,0.94
,,2005 - 2006,0.94
,,2006 - 2007,0.94
,,2007 - 2008,0.94
,,2008 - 2009,0.94
,,2009 - 2010,0.94
,,2010 - 2011,0.94
,,2011 - 2012,20.0
,,2012 - 2013,20.0
,,2013 - 2014,19.39
,,2014 - 2015,20.0
,,2015 - 2016,20.0
,,2016 - 2017,20.0
,,2017 - 2018,20.0
,,2018 - 2019,10.38
,,2019 - 2020,3.09
,,2020 - 2021,1.41
,,2021 - 2022,9.0
,,2022 - 2023,9.43
,Baran,2000 - 2001,5.13
,,2001 - 2002,4.14
,,2002 - 2003,5.43
,,2003 - 2004,4.0
,,2004 - 2005,3.52
,,2005 - 2006,2.43
,,2006 - 2007,3.77
,,2007 - 2008,2.03
,,2008 - 2009,3.44
,,2009 - 2010,5.41
,,2010 - 2011,5.99
,,2011 - 2012,5.11
,,2012 - 2013,4.38
,,2013 - 2014,4.07
,,2014 - 2015,3.75
,,2015 - 2016,4.5
,,2016 - 2017,6.8
,,2017 - 2018,7.5
,,2018 - 2019,5.58
,,2019 - 2020,12.71
,,2020 - 2021,12.03
,,2021 - 2022,4.96
,,2022 - 2023,5.96
,Barmer,2000 - 2001,1.61
,,2001 - 2002,0.91
,,2002 - 2003,0.93
,,2003 - 2004,1.52
,,2004 - 2005,1.64
,,2005 - 2006,1.83
,,2006 - 2007,2.0
,,2007 - 2008,1.0
,,2008 - 2009,1.1
,,2009 - 2010,0.03
,,2010 - 2011,1.02
,,2011 - 2012,0.95
,,2012 - 2013,0.89
,,2013 - 2014,0.9
,,2014 - 2015,0.9
,,2015 - 2016,1.39
,,2016 - 2017,1.13
,,2017 - 2018,1.0
,,2018 - 2019,0.9
,,2019 - 2020,1.44
,,2020 - 2021,0.8
,,2021 - 2022,0.98
,,2022 - 2023,1.25
,Bharatpur,2000 - 2001,3.43
,,2001 - 2002,3.3
,,2002 - 2003,1.53
,,2003 - 2004,5.43
,,2004 - 2005,4.56
,,2005 - 2006,8.66
,,2006 - 2007,5.24
,,2007 - 2008,4.33
,,2008 - 2009,6.22
,,2009 - 2010,4.0
,,2010 - 2011,3.54
,,2011 - 2012,2.11
,,2012 - 2013,7.28
,,2013 - 2014,9.8
,,2014 - 2015,6.86
,,2015 - 2016,5.58
,,2016 - 2017,6.53
,,2017 - 2018,7.95
,,2018 - 2019,7.21
,,2019 - 2020,5.27
,,2020 - 2021,4.07
,,2021 - 2022,8.04
,,2022 - 2023,6.26
,Bhilwara,2000 - 2001,2.76
,,2001 - 2002,3.91
,,2002 - 2003,4.4
,,2003 - 2004,3.24
,,2004 - 2005,2.35
,,2006 - 2007,2.4
,,2007 - 2008,4.21
,,2008 - 2009,1.5
,,2009 - 2010,2.17
,,2010 - 2011,2.92
,,2011 - 2012,1.87
,,2012 - 2013,1.8
,,2013 - 2014,2.08
,,2014 - 2015,1.87
,,2015 - 2016,2.79
,,2016 - 2017,3.17
,,2017 - 2018,3.67
,,2018 - 2019,4.38
,,2019 - 2020,2.57
,,2020 - 2021,2.21
,,2021 - 2022,3.06
,,2022 - 2023,2.45
,Bikaner,2000 - 2001,0.23
,,2001 - 2002,0.51
,,2002 - 2003,0.54
,,2003 - 2004,0.52
,,2004 - 2005,0.89
,,2005 - 2006,1.0
,,2006 - 2007,1.0
,,2007 - 2008,1.0
,,2011 - 2012,0.86
,,2012 - 2013,1.0
,,2013 - 2014,1.0
,,2014 - 2015,0.74
,,2015 - 2016,1.0
,,2016 - 2017,1.0
,,2017 - 2018,1.21
,,2018 - 2019,1.2
,,2019 - 2020,1.06
,,2020 - 2021,19.93
,,2021 - 2022,19.92
,,2022 - 2023,30.0
,Bundi,2000 - 2001,1.69
,,2001 - 2002,2.0
,,2002 - 2003,1.77
,,2003 - 2004,1.17
,,2004 - 2005,1.29
,,2005 - 2006,6.49
,,2007 - 2008,2.78
,,2011 - 2012,5.57
,,2013 - 2014,10.8
,,2014 - 2015,3.03
,,2015 - 2016,3.57
,,2016 - 2017,16.71
,,2017 - 2018,18.7
,,2018 - 2019,22.92
,,2019 - 2020,5.78
,,2020 - 2021,14.0
,,2021 - 2022,4.64
,,2022 - 2023,4.75
,Chittorgarh,2000 - 2001,8.87
,,2001 - 2002,3.75
,,2002 - 2003,2.54
,,2003 - 2004,3.57
,,2004 - 2005,5.15
,,2005 - 2006,5.08
,,2006 - 2007,7.91
,,2007 - 2008,8.99
,,2008 - 2009,8.77
,,2009 - 2010,5.0
,,2010 - 2011,8.87
,,2011 - 2012,7.53
,,2012 - 2013,7.45
,,2013 - 2014,6.46
,,2014 - 2015,7.19
,,2015 - 2016,8.08
,,2016 - 2017,9.36
,,2017 - 2018,1.28
,,2018 - 2019,13.38
,,2019 - 2020,11.1
,,2020 - 2021,11.42
,,2021 - 2022,13.3
,,2022 - 2023,12.0
,Churu,2000 - 2001,2.31
,,2001 - 2002,1.81
,,2002 - 2003,1.3
,,2003 - 2004,1.0
,,2004 - 2005,3.7
,,2005 - 2006,1.14
,,2006 - 2007,0.71
,,2007 - 2008,1.0
,,2008 - 2009,1.65
,,2009 - 2010,0.05
,,2010 - 2011,1.5
,,2011 - 2012,1.83
,,2012 - 2013,1.63
,,2013 - 2014,6.46
,,2014 - 2015,4.78
,,2015 - 2016,1.12
,,2016 - 2017,16.76
,,2017 - 2018,19.89
,,2018 - 2019,13.24
,,2019 - 2020,22.75
,,2020 - 2021,21.73
,,2021 - 2022,48.84
,,2022 - 2023,39.3
,Dausa,2000 - 2001,3.51
,,2001 - 2002,1.24
,,2002 - 2003,2.0
,,2003 - 2004,1.06
,,2004 - 2005,1.3
,,2005 - 2006,1.55
,,2006 - 2007,1.46
,,2007 - 2008,1.0
,,2008 - 2009,1.91
,,2009 - 2010,0.08
,,2010 - 2011,1.26
,,2011 - 2012,1.85
,,2012 - 2013,1.97
,,2013 - 2014,2.19
,,2014 - 2015,1.81
,,2015 - 2016,1.36
,,2016 - 2017,1.13
,,2017 - 2018,2.48
,,2018 - 2019,2.72
,,2019 - 2020,3.0
,,2020 - 2021,3.18
,,2021 - 2022,4.47
,,2022 - 2023,3.88
,Dholpur,2000 - 2001,3.3
,,2001 - 2002,2.67
,,2002 - 2003,5.0
,,2003 - 2004,0.78
,,2004 - 2005,1.2
,,2005 - 2006,3.0
,,2006 - 2007,2.0
,,2007 - 2008,4.29
,,2010 - 2011,1.0
,,2011 - 2012,5.0
,,2012 - 2013,6.0
,,2013 - 2014,6.0
,,2015 - 2016,3.0
,,2018 - 2019,0.0
,,2019 - 2020,11.67
,,2020 - 2021,12.5
,,2021 - 2022,10.0
,,2022 - 2023,10.0
,Dungarpur,2000 - 2001,3.72
,,2001 - 2002,5.0
,,2002 - 2003,5.0
,,2003 - 2004,5.0
,,2004 - 2005,5.0
,,2005 - 2006,5.0
,,2006 - 2007,5.0
,,2007 - 2008,5.0
,,2008 - 2009,5.0
,,2009 - 2010,5.0
,,2010 - 2011,5.0
,,2011 - 2012,5.0
,,2012 - 2013,5.0
,,2013 - 2014,5.0
,,2014 - 2015,5.0
,,2015 - 2016,5.0
,,2016 - 2017,5.0
,,2017 - 2018,5.0
,,2018 - 2019,5.0
,,2019 - 2020,5.0
,,2020 - 2021,5.0
,,2021 - 2022,5.0
,,2022 - 2023,5.0
,Ganganagar,2000 - 2001,20.0
,,2001 - 2002,2.0
,,2002 - 2003,20.0
,,2003 - 2004,9.38
,,2004 - 2005,9.38
,,2005 - 2006,2.38
,,2006 - 2007,12.0
,,2007 - 2008,12.0
,,2008 - 2009,20.0
,,2009 - 2010,50.67
,,2010 - 2011,20.95
,,2011 - 2012,0.0
,,2012 - 2013,2.91
,,2013 - 2014,2.19
,,2014 - 2015,32.0
,,2015 - 2016,2.0
,,2016 - 2017,32.84
,,2017 - 2018,14.51
,,2018 - 2019,29.18
,,2019 - 2020,28.91
,,2020 - 2021,7.26
,,2021 - 2022,3.23
,,2022 - 2023,4.07
,Hanumangarh,2000 - 2001,4.0
,,2001 - 2002,4.0
,,2002 - 2003,0.16
,,2003 - 2004,0.43
,,2004 - 2005,0.04
,,2005 - 2006,0.0
,,2006 - 2007,0.53
,,2007 - 2008,0.54
,,2008 - 2009,16.0
,,2010 - 2011,0.89
,,2011 - 2012,14.92
,,2012 - 2013,15.0
,,2013 - 2014,15.0
,,2014 - 2015,15.0
,,2015 - 2016,15.0
,,2016 - 2017,13.06
,,2017 - 2018,15.0
,,2018 - 2019,20.0
,,2019 - 2020,20.0
,,2020 - 2021,14.43
,,2021 - 2022,18.53
,,2022 - 2023,19.05
,Jaipur,2000 - 2001,7.53
,,2001 - 2002,7.68
,,2002 - 2003,5.12
,,2003 - 2004,4.57
,,2004 - 2005,5.58
,,2005 - 2006,5.26
,,2006 - 2007,5.44
,,2007 - 2008,5.12
,,2008 - 2009,4.99
,,2009 - 2010,4.0
,,2010 - 2011,3.61
,,2011 - 2012,2.39
,,2012 - 2013,2.39
,,2013 - 2014,2.55
,,2014 - 2015,2.38
,,2015 - 2016,3.54
,,2016 - 2017,2.35
,,2017 - 2018,1.89
,,2018 - 2019,1.69
,,2019 - 2020,2.62
,,2020 - 2021,2.11
,,2021 - 2022,1.94
,,2022 - 2023,1.78
,Jaisalmer,2000 - 2001,0.8
,,2001 - 2002,0.5
,,2002 - 2003,0.0
,,2003 - 2004,10.0
,,2004 - 2005,8.24
,,2005 - 2006,0.94
,,2006 - 2007,0.45
,,2007 - 2008,0.44
,,2008 - 2009,6.05
,,2010 - 2011,0.45
,,2011 - 2012,0.72
,,2012 - 2013,0.54
,,2013 - 2014,1.0
,,2014 - 2015,1.0
,,2015 - 2016,1.0
,,2016 - 2017,0.16
,,2017 - 2018,1.0
,,2018 - 2019,0.87
,,2019 - 2020,1.0
,,2020 - 2021,1.0
,,2021 - 2022,1.17
,,2022 - 2023,1.0
,Jalore,2000 - 2001,2.19
,,2001 - 2002,2.63
,,2002 - 2003,4.0
,,2003 - 2004,3.0
,,2004 - 2005,3.2
,,2005 - 2006,2.89
,,2006 - 2007,2.76
,,2007 - 2008,2.76
,,2008 - 2009,2.9
,,2009 - 2010,1.2
,,2010 - 2011,2.74
,,2011 - 2012,2.23
,,2012 - 2013,2.07
,,2013 - 2014,2.58
,,2014 - 2015,2.87
,,2015 - 2016,2.79
,,2016 - 2017,3.03
,,2017 - 2018,2.37
,,2018 - 2019,3.43
,,2019 - 2020,4.44
,,2020 - 2021,2.75
,,2021 - 2022,4.74
,,2022 - 2023,4.69
,Jhalawar,2000 - 2001,9.78
,,2001 - 2002,3.31
,,2002 - 2003,2.02
,,2003 - 2004,4.64
,,2004 - 2005,4.56
,,2005 - 2006,4.8
,,2006 - 2007,6.98
,,2007 - 2008,6.06
,,2008 - 2009,4.03
,,2009 - 2010,4.56
,,2010 - 2011,8.24
,,2011 - 2012,6.89
,,2012 - 2013,6.89
,,2013 - 2014,3.83
,,2014 - 2015,4.59
,,2015 - 2016,7.32
,,2016 - 2017,6.04
,,2017 - 2018,6.17
,,2018 - 2019,2.83
,,2019 - 2020,2.61
,,2020 - 2021,11.82
,,2021 - 2022,4.45
,,2022 - 2023,3.93
,Jhunjhunu,2000 - 2001,19.6
,,2001 - 2002,19.65
,,2002 - 2003,19.81
,,2003 - 2004,18.64
,,2004 - 2005,1.71
,,2005 - 2006,15.84
,,2006 - 2007,16.86
,,2007 - 2008,20.0
,,2008 - 2009,16.56
,,2009 - 2010,11.32
,,2010 - 2011,20.0
,,2011 - 2012,8.1
,,2012 - 2013,11.87
,,2013 - 2014,19.83
,,2014 - 2015,8.47
,,2015 - 2016,7.3
,,2016 - 2017,7.88
,,2017 - 2018,8.48
,,2018 - 2019,6.62
,,2019 - 2020,6.81
,,2020 - 2021,6.64
,,2021 - 2022,19.77
,,2022 - 2023,8.03
,Jodhpur,2000 - 2001,7.52
,,2001 - 2002,9.45
,,2002 - 2003,9.36
,,2003 - 2004,11.56
,,2004 - 2005,11.48
,,2005 - 2006,11.77
,,2006 - 2007,12.7
,,2007 - 2008,12.0
,,2008 - 2009,8.45
,,2009 - 2010,8.49
,,2010 - 2011,9.47
,,2011 - 2012,9.22
,,2012 - 2013,9.74
,,2013 - 2014,10.98
,,2014 - 2015,24.21
,,2015 - 2016,24.05
,,2016 - 2017,24.96
,,2017 - 2018,23.35
,,2018 - 2019,0.17
,,2019 - 2020,24.89
,,2020 - 2021,24.84
,,2021 - 2022,24.32
,,2022 - 2023,23.9
,Karauli,2000 - 2001,2.77
,,2001 - 2002,4.18
,,2002 - 2003,6.48
,,2003 - 2004,6.09
,,2004 - 2005,2.76
,,2005 - 2006,2.74
,,2006 - 2007,1.79
,,2007 - 2008,4.0
,,2010 - 2011,2.6
,,2011 - 2012,3.6
,,2012 - 2013,2.96
,,2013 - 2014,3.11
,,2014 - 2015,2.61
,,2015 - 2016,3.09
,,2016 - 2017,2.82
,,2017 - 2018,3.18
,,2018 - 2019,3.59
,,2019 - 2020,3.6
,,2020 - 2021,3.23
,,2021 - 2022,3.53
,,2022 - 2023,3.0
,Kota,2000 - 2001,5.92
,,2001 - 2002,7.85
,,2002 - 2003,19.21
,,2003 - 2004,11.96
,,2004 - 2005,13.11
,,2005 - 2006,8.8
,,2006 - 2007,12.96
,,2007 - 2008,7.75
,,2008 - 2009,15.83
,,2009 - 2010,10.94
,,2010 - 2011,9.16
,,2011 - 2012,12.4
,,2012 - 2013,14.0
,,2013 - 2014,11.14
,,2014 - 2015,11.91
,,2015 - 2016,7.36
,,2016 - 2017,7.86
,,2017 - 2018,6.5
,,2018 - 2019,4.95
,,2019 - 2020,9.02
,,2020 - 2021,1.28
,,2021 - 2022,3.85
,,2022 - 2023,3.61
,Nagaur,2000 - 2001,2.51
,,2001 - 2002,2.79
,,2002 - 2003,3.12
,,2003 - 2004,3.28
,,2004 - 2005,6.43
,,2005 - 2006,10.68
,,2006 - 2007,9.61
,,2007 - 2008,9.88
,,2008 - 2009,7.24
,,2009 - 2010,7.3
,,2010 - 2011,7.67
,,2011 - 2012,7.7
,,2012 - 2013,7.7
,,2013 - 2014,13.53
,,2014 - 2015,20.71
,,2015 - 2016,15.57
,,2016 - 2017,19.8
,,2017 - 2018,19.53
,,2018 - 2019,20.85
,,2019 - 2020,17.8
,,2020 - 2021,18.39
,,2021 - 2022,6.9
,,2022 - 2023,8.92
,Pali,2000 - 2001,2.57
,,2001 - 2002,2.0
,,2002 - 2003,1.01
,,2003 - 2004,1.28
,,2004 - 2005,0.75
,,2005 - 2006,0.9
,,2006 - 2007,1.79
,,2007 - 2008,1.79
,,2008 - 2009,1.2
,,2009 - 2010,3.45
,,2010 - 2011,2.35
,,2011 - 2012,1.74
,,2012 - 2013,1.53
,,2013 - 2014,3.23
,,2014 - 2015,1.62
,,2015 - 2016,4.1
,,2016 - 2017,2.6
,,2017 - 2018,3.47
,,2018 - 2019,2.8
,,2019 - 2020,4.76
,,2020 - 2021,1.47
,,2021 - 2022,2.75
,,2022 - 2023,1.65
,Pratapgarh,2008 - 2009,21.41
,,2009 - 2010,14.69
,,2010 - 2011,13.77
,,2011 - 2012,13.21
,,2012 - 2013,7.16
,,2013 - 2014,7.13
,,2014 - 2015,8.5
,,2015 - 2016,5.89
,,2016 - 2017,5.54
,,2017 - 2018,6.34
,,2018 - 2019,7.31
,,2019 - 2020,6.73
,,2020 - 2021,7.43
,,2021 - 2022,7.4
,,2022 - 2023,7.48
,Rajsamand,2000 - 2001,1.1
,,2001 - 2002,4.0
,,2002 - 2003,2.38
,,2003 - 2004,0.92
,,2004 - 2005,2.56
,,2005 - 2006,2.53
,,2006 - 2007,3.36
,,2007 - 2008,3.1
,,2008 - 2009,2.6
,,2009 - 2010,2.86
,,2010 - 2011,3.0
,,2011 - 2012,0.3
,,2013 - 2014,2.83
,,2014 - 2015,2.0
,,2015 - 2016,3.0
,,2016 - 2017,3.0
,,2017 - 2018,3.0
,,2018 - 2019,3.0
,,2019 - 2020,2.0
,,2020 - 2021,3.0
,,2021 - 2022,3.0
,,2022 - 2023,3.0
,Sawai madhopur,2000 - 2001,2.64
,,2001 - 2002,2.72
,,2002 - 2003,4.34
,,2003 - 2004,4.74
,,2004 - 2005,3.66
,,2005 - 2006,2.98
,,2006 - 2007,4.0
,,2007 - 2008,4.0
,,2008 - 2009,3.93
,,2009 - 2010,3.28
,,2010 - 2011,3.87
,,2011 - 2012,3.86
,,2012 - 2013,4.0
,,2013 - 2014,3.83
,,2014 - 2015,3.71
,,2015 - 2016,3.89
,,2016 - 2017,4.0
,,2017 - 2018,4.0
,,2018 - 2019,1.46
,,2019 - 2020,2.81
,,2020 - 2021,5.91
,,2021 - 2022,17.18
,,2022 - 2023,16.35
,Sikar,2000 - 2001,7.8
,,2001 - 2002,7.35
,,2002 - 2003,6.57
,,2003 - 2004,7.01
,,2004 - 2005,7.63
,,2005 - 2006,7.69
,,2006 - 2007,9.99
,,2007 - 2008,9.97
,,2008 - 2009,15.9
,,2009 - 2010,3.02
,,2010 - 2011,17.66
,,2011 - 2012,16.95
,,2012 - 2013,23.18
,,2013 - 2014,26.98
,,2014 - 2015,21.68
,,2015 - 2016,28.94
,,2016 - 2017,25.76
,,2017 - 2018,18.76
,,2018 - 2019,20.89
,,2019 - 2020,28.13
,,2020 - 2021,27.01
,,2021 - 2022,24.62
,,2022 - 2023,10.3
,Sirohi,2000 - 2001,1.5
,,2001 - 2002,1.5
,,2002 - 2003,1.5
,,2003 - 2004,1.63
,,2004 - 2005,1.46
,,2005 - 2006,1.51
,,2006 - 2007,1.52
,,2007 - 2008,1.52
,,2008 - 2009,1.51
,,2009 - 2010,1.51
,,2010 - 2011,15.0
,,2011 - 2012,19.9
,,2012 - 2013,20.0
,,2013 - 2014,20.0
,,2014 - 2015,9.69
,,2015 - 2016,19.92
,,2016 - 2017,19.64
,,2017 - 2018,0.0
,,2018 - 2019,19.75
,,2019 - 2020,19.61
,,2020 - 2021,17.48
,,2021 - 2022,19.93
,,2022 - 2023,19.86
,Tonk,2000 - 2001,7.42
,,2001 - 2002,7.07
,,2002 - 2003,7.75
,,2003 - 2004,7.96
,,2004 - 2005,7.87
,,2005 - 2006,4.03
,,2006 - 2007,3.96
,,2007 - 2008,3.95
,,2008 - 2009,4.13
,,2009 - 2010,2.94
,,2010 - 2011,4.76
,,2011 - 2012,4.6
,,2012 - 2013,5.74
,,2013 - 2014,4.88
,,2014 - 2015,2.26
,,2015 - 2016,5.71
,,2016 - 2017,5.0
,,2017 - 2018,5.53
,,2018 - 2019,5.79
,,2019 - 2020,5.51
,,2020 - 2021,4.83
,,2021 - 2022,4.71
,,2022 - 2023,4.64
,Udaipur,2000 - 2001,1.52
,,2001 - 2002,2.05
,,2002 - 2003,3.85
,,2003 - 2004,1.84
,,2004 - 2005,1.21
,,2005 - 2006,1.15
,,2006 - 2007,1.63
,,2007 - 2008,1.31
,,2008 - 2009,4.59
,,2009 - 2010,14.33
,,2010 - 2011,2.4
,,2011 - 2012,1.9
,,2013 - 2014,2.6
,,2014 - 2015,2.89
,,2015 - 2016,0.86
,,2016 - 2017,0.74
,,2017 - 2018,2.84
,,2018 - 2019,1.26
,,2019 - 2020,2.45
,,2020 - 2021,2.11
,,2021 - 2022,1.48
,,2022 - 2023,1.89
Tamil Nadu,Ariyalur,2008 - 2009,0.0
,,2009 - 2010,9.74
,,2011 - 2012,12.65
,,2013 - 2014,
,,2014 - 2015,
,,2015 - 2016,
,,2016 - 2017,
,,2017 - 2018,
,,2018 - 2019,
,,2019 - 2020,
,,2020 - 2021,
,,2021 - 2022,
,,2022 - 2023,
,Chengalpattu,2020 - 2021,
,,2021 - 2022,
,,2022 - 2023,
,Coimbatore,2000 - 2001,13.22
,,2002 - 2003,13.32
,,2003 - 2004,14.15
,,2004 - 2005,11.27
,,2005 - 2006,11.62
,,2006 - 2007,11.68
,,2007 - 2008,11.73
,,2008 - 2009,37.48
,,2009 - 2010,14.61
,,2011 - 2012,11.94
,,2013 - 2014,
,,2014 - 2015,
,,2015 - 2016,
,,2016 - 2017,
,,2017 - 2018,
,,2018 - 2019,
,,2019 - 2020,
,,2020 - 2021,
,,2021 - 2022,
,,2022 - 2023,
,Cuddalore,2000 - 2001,8.09
,,2002 - 2003,8.45
,,2003 - 2004,9.01
,,2004 - 2005,9.68
,,2005 - 2006,8.01
,,2006 - 2007,8.73
,,2007 - 2008,9.64
,,2008 - 2009,9.45
,,2009 - 2010,9.75
,,2011 - 2012,9.47
,,2013 - 2014,
,,2014 - 2015,
,,2015 - 2016,
,,2016 - 2017,
,,2017 - 2018,
,,2018 - 2019,
,,2019 - 2020,
,,2020 - 2021,
,,2021 - 2022,
,,2022 - 2023,
,Dharmapuri,2000 - 2001,8.08
,,2002 - 2003,8.46
,,2003 - 2004,9.01
,,2004 - 2005,9.67
,,2005 - 2006,8.01
,,2006 - 2007,8.73
,,2007 - 2008,9.63
,,2008 - 2009,9.46
,,2009 - 2010,9.75
,,2011 - 2012,11.85
,,2013 - 2014,
,,2014 - 2015,
,,2015 - 2016,
,,2016 - 2017,
,,2017 - 2018,
,,2018 - 2019,
,,2019 - 2020,
,,2020 - 2021,
,,2021 - 2022,
,,2022 - 2023,
,Dindigul,2000 - 2001,7.08
,,2002 - 2003,7.98
,,2003 - 2004,7.84
,,2004 - 2005,10.81
,,2005 - 2006,10.02
,,2006 - 2007,8.1
,,2007 - 2008,7.19
,,2008 - 2009,9.23
,,2009 - 2010,8.78
,,2011 - 2012,8.49
,,2013 - 2014,
,,2014 - 2015,
,,2015 - 2016,
,,2016 - 2017,
,,2017 - 2018,
,,2018 - 2019,
,,2019 - 2020,
,,2020 - 2021,
,,2021 - 2022,
,,2022 - 2023,
,Erode,2000 - 2001,11.77
,,2002 - 2003,12.62
,,2003 - 2004,7.19
,,2004 - 2005,13.54
,,2005 - 2006,10.27
,,2006 - 2007,7.6
,,2007 - 2008,9.19
,,2008 - 2009,19.97
,,2009 - 2010,15.87
,,2011 - 2012,10.2
,,2013 - 2014,
,,2014 - 2015,
,,2015 - 2016,
,,2016 - 2017,
,,2017 - 2018,
,,2018 - 2019,
,,2019 - 2020,
,,2020 - 2021,
,,2021 - 2022,
,,2022 - 2023,
,Kallakurichi,2020 - 2021,
,,2021 - 2022,
,,2022 - 2023,
,Kanchipuram,2003 - 2004,9.0
,,2004 - 2005,9.67
,,2011 - 2012,9.0
,,2014 - 2015,
,,2015 - 2016,
,,2016 - 2017,
,,2017 - 2018,
,,2018 - 2019,
,,2019 - 2020,
,Kanniyakumari,2004 - 2005,9.5
,Karur,2000 - 2001,7.76
,,2002 - 2003,8.46
,,2003 - 2004,9.01
,,2004 - 2005,9.68
,,2005 - 2006,8.02
,,2006 - 2007,8.72
,,2007 - 2008,9.63
,,2008 - 2009,9.55
,,2009 - 2010,9.75
,,2011 - 2012,12.44
,,2013 - 2014,
,,2014 - 2015,
,,2015 - 2016,
,,2016 - 2017,
,,2017 - 2018,
,,2018 - 2019,
,,2019 - 2020,
,,2020 - 2021,
,,2021 - 2022,
,,2022 - 2023,
,Krishnagiri,2003 - 2004,9.0
,,2004 - 2005,9.68
,,2005 - 2006,8.01
,,2006 - 2007,8.73
,,2007 - 2008,9.64
,,2008 - 2009,9.45
,,2009 - 2010,9.75
,,2011 - 2012,12.31
,,2013 - 2014,
,,2014 - 2015,
,,2015 - 2016,
,,2016 - 2017,
,,2017 - 2018,
,,2018 - 2019,
,,2019 - 2020,
,,2020 - 2021,
,,2021 - 2022,
,,2022 - 2023,
,Madurai,2000 - 2001,6.32
,,2002 - 2003,5.98
,,2003 - 2004,6.48
,,2004 - 2005,9.29
,,2005 - 2006,6.1
,,2006 - 2007,10.51
,,2007 - 2008,12.55
,,2008 - 2009,9.45
,,2009 - 2010,7.69
,,2011 - 2012,10.87
,,2013 - 2014,
,,2014 - 2015,
,,2015 - 2016,
,,2016 - 2017,
,,2017 - 2018,
,,2018 - 2019,
,,2019 - 2020,
,,2020 - 2021,
,,2021 - 2022,
,,2022 - 2023,
,Nagapattinam,2002 - 2003,8.47
,,2003 - 2004,9.0
,,2004 - 2005,9.63
,,2005 - 2006,8.0
,,2013 - 2014,
,,2015 - 2016,
,,2016 - 2017,
,,2017 - 2018,
,Namakkal,2000 - 2001,7.23
,,2002 - 2003,8.46
,,2003 - 2004,11.2
,,2004 - 2005,10.05
,,2005 - 2006,11.77
,,2006 - 2007,10.44
,,2007 - 2008,11.45
,,2008 - 2009,10.94
,,2009 - 2010,12.8
,,2011 - 2012,11.83
,,2013 - 2014,
,,2014 - 2015,
,,2015 - 2016,
,,2016 - 2017,
,,2017 - 2018,
,,2018 - 2019,
,,2019 - 2020,
,,2020 - 2021,
,,2021 - 2022,
,,2022 - 2023,
,Perambalur,2000 - 2001,8.0
,,2002 - 2003,5.75
,,2003 - 2004,8.83
,,2004 - 2005,10.89
,,2005 - 2006,6.08
,,2006 - 2007,8.04
,,2007 - 2008,9.26
,,2008 - 2009,7.66
,,2009 - 2010,9.05
,,2011 - 2012,7.54
,,2013 - 2014,
,,2014 - 2015,
,,2015 - 2016,
,,2016 - 2017,
,,2017 - 2018,
,,2018 - 2019,
,,2019 - 2020,
,,2020 - 2021,
,,2021 - 2022,
,,2022 - 2023,
,Pudukkottai,2000 - 2001,8.07
,,2002 - 2003,8.44
,,2003 - 2004,9.0
,,2004 - 2005,9.67
,,2011 - 2012,13.0
,,2013 - 2014,
,,2014 - 2015,
,,2015 - 2016,
,,2016 - 2017,
,,2017 - 2018,
,,2018 - 2019,
,,2019 - 2020,
,,2020 - 2021,
,,2021 - 2022,
,,2022 - 2023,
,Ramanathapuram,2000 - 2001,8.09
,,2002 - 2003,8.45
,,2003 - 2004,9.0
,,2004 - 2005,9.67
,,2005 - 2006,8.01
,,2006 - 2007,8.73
,,2007 - 2008,9.64
,,2008 - 2009,9.45
,,2009 - 2010,9.75
,,2011 - 2012,9.28
,,2013 - 2014,
,,2014 - 2015,
,,2015 - 2016,
,,2016 - 2017,
,,2017 - 2018,
,,2018 - 2019,
,,2019 - 2020,
,,2020 - 2021,
,,2021 - 2022,
,,2022 - 2023,
,Ranipet,2020 - 2021,
,,2021 - 2022,
,,2022 - 2023,
,Salem,2000 - 2001,8.59
,,2002 - 2003,7.89
,,2003 - 2004,6.82
,,2004 - 2005,7.5
,,2005 - 2006,8.01
,,2006 - 2007,8.73
,,2007 - 2008,9.64
,,2008 - 2009,9.45
,,2009 - 2010,9.75
,,2011 - 2012,10.99
,,2013 - 2014,
,,2014 - 2015,
,,2015 - 2016,
,,2016 - 2017,
,,2017 - 2018,
,,2018 - 2019,
,,2019 - 2020,
,,2020 - 2021,
,,2021 - 2022,
,,2022 - 2023,
,Sivaganga,2002 - 2003,8.43
,,2003 - 2004,9.0
,,2004 - 2005,9.69
,,2005 - 2006,8.0
,,2006 - 2007,8.77
,,2007 - 2008,9.67
,,2008 - 2009,8.94
,,2009 - 2010,9.78
,,2011 - 2012,10.78
,,2013 - 2014,
,,2014 - 2015,
,,2015 - 2016,
,,2016 - 2017,
,,2017 - 2018,
,,2018 - 2019,
,,2019 - 2020,
,,2020 - 2021,
,,2021 - 2022,
,,2022 - 2023,
,Thanjavur,2000 - 2001,8.09
,,2002 - 2003,8.45
,,2003 - 2004,9.0
,,2004 - 2005,9.67
,,2005 - 2006,8.0
,,2006 - 2007,8.67
,,2007 - 2008,9.63
,,2008 - 2009,9.5
,,2009 - 2010,9.74
,,2011 - 2012,10.68
,,2013 - 2014,
,,2014 - 2015,
,,2015 - 2016,
,,2016 - 2017,
,,2017 - 2018,
,,2018 - 2019,
,,2019 - 2020,
,,2020 - 2021,
,,2021 - 2022,
,,2022 - 2023,
,The nilgiris,2004 - 2005,10.0
,,2008 - 2009,9.43
,,2009 - 2010,10.0
,,2014 - 2015,
,,2020 - 2021,
,,2021 - 2022,
,,2022 - 2023,
,Theni,2000 - 2001,7.05
,,2002 - 2003,8.46
,,2003 - 2004,9.01
,,2004 - 2005,9.68
,,2005 - 2006,8.01
,,2006 - 2007,8.73
,,2007 - 2008,9.63
,,2008 - 2009,9.48
,,2009 - 2010,8.27
,,2011 - 2012,11.99
,,2013 - 2014,
,,2014 - 2015,
,,2015 - 2016,
,,2016 - 2017,
,,2017 - 2018,
,,2018 - 2019,
,,2019 - 2020,
,,2020 - 2021,
,,2021 - 2022,
,,2022 - 2023,
,Thenkasi,2020 - 2021,
,,2021 - 2022,
,,2022 - 2023,
,Thiruvallur,2002 - 2003,8.5
,,2007 - 2008,10.0
,,2013 - 2014,
,,2014 - 2015,
,,2015 - 2016,
,,2016 - 2017,
,,2018 - 2019,
,,2019 - 2020,
,,2020 - 2021,
,,2021 - 2022,
,,2022 - 2023,
,Thiruvarur,2003 - 2004,9.0
,,2004 - 2005,10.0
,,2011 - 2012,13.0
,,2019 - 2020,
,,2020 - 2021,
,,2022 - 2023,
,Thoothukudi,2000 - 2001,4.83
,,2002 - 2003,5.79
,,2003 - 2004,5.71
,,2004 - 2005,4.64
,,2005 - 2006,6.82
,,2006 - 2007,6.13
,,2007 - 2008,5.8
,,2008 - 2009,4.4
,,2009 - 2010,4.81
,,2011 - 2012,11.66
,,2013 - 2014,
,,2014 - 2015,
,,2015 - 2016,
,,2016 - 2017,
,,2017 - 2018,
,,2018 - 2019,
,,2019 - 2020,
,,2020 - 2021,
,,2021 - 2022,
,,2022 - 2023,
,Tiruchirappalli,2000 - 2001,8.07
,,2002 - 2003,10.63
,,2003 - 2004,11.5
,,2004 - 2005,6.79
,,2005 - 2006,6.14
,,2006 - 2007,7.98
,,2007 - 2008,10.21
,,2008 - 2009,9.45
,,2009 - 2010,8.82
,,2011 - 2012,9.9
,,2013 - 2014,
,,2014 - 2015,
,,2015 - 2016,
,,2016 - 2017,
,,2017 - 2018,
,,2018 - 2019,
,,2019 - 2020,
,,2020 - 2021,
,,2021 - 2022,
,,2022 - 2023,
,Tirunelveli,2000 - 2001,6.84
,,2002 - 2003,9.47
,,2003 - 2004,7.49
,,2004 - 2005,10.65
,,2005 - 2006,8.58
,,2006 - 2007,14.03
,,2007 - 2008,11.84
,,2008 - 2009,15.65
,,2009 - 2010,12.29
,,2011 - 2012,12.38
,,2013 - 2014,
,,2014 - 2015,
,,2015 - 2016,
,,2016 - 2017,
,,2017 - 2018,
,,2018 - 2019,
,,2019 - 2020,
,,2020 - 2021,
,,2021 - 2022,
,,2022 - 2023,
,Tirupathur,2020 - 2021,
,,2021 - 2022,
,,2022 - 2023,
,Tiruppur,2008 - 2009,0.0
,,2009 - 2010,9.55
,,2011 - 2012,19.93
,,2013 - 2014,
,,2014 - 2015,
,,2015 - 2016,
,,2016 - 2017,
,,2017 - 2018,
,,2018 - 2019,
,,2019 - 2020,
,,2020 - 2021,
,,2021 - 2022,
,,2022 - 2023,
,Tiruvannamalai,2000 - 2001,8.07
,,2002 - 2003,8.46
,,2003 - 2004,9.0
,,2004 - 2005,9.68
,,2005 - 2006,8.0
,,2006 - 2007,8.72
,,2007 - 2008,9.63
,,2008 - 2009,9.45
,,2009 - 2010,9.75
,,2011 - 2012,9.53
,,2013 - 2014,
,,2014 - 2015,
,,2015 - 2016,
,,2016 - 2017,
,,2017 - 2018,
,,2018 - 2019,
,,2019 - 2020,
,,2020 - 2021,
,,2021 - 2022,
,,2022 - 2023,
,Vellore,2000 - 2001,8.06
,,2002 - 2003,8.46
,,2003 - 2004,9.0
,,2004 - 2005,9.69
,,2005 - 2006,8.03
,,2006 - 2007,8.72
,,2007 - 2008,9.64
,,2008 - 2009,9.95
,,2009 - 2010,9.75
,,2011 - 2012,11.72
,,2013 - 2014,
,,2014 - 2015,
,,2015 - 2016,
,,2016 - 2017,
,,2017 - 2018,
,,2018 - 2019,
,,2019 - 2020,
,,2020 - 2021,
,,2021 - 2022,
,,2022 - 2023,
,Villupuram,2000 - 2001,8.08
,,2002 - 2003,8.46
,,2003 - 2004,9.01
,,2004 - 2005,9.68
,,2005 - 2006,8.02
,,2006 - 2007,8.73
,,2007 - 2008,9.63
,,2008 - 2009,9.45
,,2009 - 2010,9.75
,,2011 - 2012,10.95
,,2013 - 2014,
,,2014 - 2015,
,,2015 - 2016,
,,2016 - 2017,
,,2017 - 2018,
,,2018 - 2019,
,,2019 - 2020,
,,2020 - 2021,
,,2021 - 2022,
,,2022 - 2023,
,Virudhunagar,2000 - 2001,6.96
,,2002 - 2003,7.27
,,2003 - 2004,5.71
,,2004 - 2005,5.36
,,2005 - 2006,4.27
,,2006 - 2007,2.63
,,2007 - 2008,5.34
,,2008 - 2009,6.62
,,2009 - 2010,7.21
,,2011 - 2012,7.13
,,2013 - 2014,
,,2014 - 2015,
,,2015 - 2016,
,,2016 - 2017,
,,2017 - 2018,
,,2018 - 2019,
,,2019 - 2020,
,,2020 - 2021,
,,2021 - 2022,
,,2022 - 2023,
Telangana,Adilabad,2000 - 2001,
,,2001 - 2002,
,,2002 - 2003,
,,2003 - 2004,
,,2004 - 2005,
,,2005 - 2006,
,,2006 - 2007,
,,2008 - 2009,
,,2009 - 2010,
,,2010 - 2011,
,,2011 - 2012,
,,2013 - 2014,
,,2014 - 2015,
,,2015 - 2016,
,,2016 - 2017,
,,2017 - 2018,
,,2018 - 2019,
,,2019 - 2020,
,,2020 - 2021,
,,2021 - 2022,
,,2022 - 2023,
,Bhadradri,2016 - 2017,
,,2017 - 2018,
,,2020 - 2021,
,,2021 - 2022,
,Jagitial,2016 - 2017,
,,2017 - 2018,
,,2018 - 2019,
,,2019 - 2020,
,,2020 - 2021,
,,2021 - 2022,
,,2022 - 2023,
,Jangoan,2016 - 2017,
,,2017 - 2018,
,,2018 - 2019,
,,2019 - 2020,
,,2020 - 2021,
,,2021 - 2022,
,,2022 - 2023,
,Jayashankar,2016 - 2017,
,,2017 - 2018,
,,2018 - 2019,
,,2019 - 2020,
,,2020 - 2021,
,,2021 - 2022,
,,2022 - 2023,
,Jogulamba,2016 - 2017,
,,2017 - 2018,
,,2018 - 2019,
,,2019 - 2020,
,,2020 - 2021,
,,2021 - 2022,
,,2022 - 2023,
,Kamareddy,2016 - 2017,
,,2017 - 2018,
,,2018 - 2019,
,,2019 - 2020,
,,2020 - 2021,
,,2021 - 2022,
,,2022 - 2023,
,Karimnagar,2000 - 2001,
,,2001 - 2002,
,,2002 - 2003,
,,2003 - 2004,
,,2004 - 2005,
,,2005 - 2006,
,,2006 - 2007,
,,2007 - 2008,
,,2008 - 2009,
,,2009 - 2010,
,,2010 - 2011,
,,2011 - 2012,
,,2012 - 2013,
,,2013 - 2014,
,,2014 - 2015,
,,2015 - 2016,
,,2016 - 2017,
,,2017 - 2018,
,,2018 - 2019,
,,2019 - 2020,
,,2020 - 2021,
,,2021 - 2022,
,Khammam,2000 - 2001,
,,2001 - 2002,
,,2002 - 2003,
,,2003 - 2004,
,,2004 - 2005,
,,2005 - 2006,
,,2008 - 2009,
,,2009 - 2010,
,,2010 - 2011,
,,2013 - 2014,
,,2014 - 2015,
,,2015 - 2016,
,,2016 - 2017,
,,2017 - 2018,
,,2018 - 2019,
,,2019 - 2020,
,,2020 - 2021,
,,2021 - 2022,
,,2022 - 2023,
,Komaram bheem asifabad,2016 - 2017,
,,2017 - 2018,
,,2018 - 2019,
,,2019 - 2020,
,,2020 - 2021,
,,2021 - 2022,
,,2022 - 2023,
,Mahabubabad,2016 - 2017,
,,2017 - 2018,
,,2018 - 2019,
,,2019 - 2020,
,,2020 - 2021,
,,2021 - 2022,
,,2022 - 2023,
,Mahbubnagar,2000 - 2001,
,,2001 - 2002,
,,2002 - 2003,
,,2003 - 2004,
,,2004 - 2005,
,,2005 - 2006,
,,2006 - 2007,
,,2007 - 2008,
,,2008 - 2009,
,,2009 - 2010,
,,2010 - 2011,
,,2011 - 2012,
,,2012 - 2013,
,,2013 - 2014,
,,2014 - 2015,
,,2015 - 2016,
,,2016 - 2017,
,,2017 - 2018,
,,2018 - 2019,
,,2019 - 2020,
,,2020 - 2021,
,,2021 - 2022,
,,2022 - 2023,
,Mancherial,2016 - 2017,
,,2017 - 2018,
,,2018 - 2019,
,,2019 - 2020,
,,2020 - 2021,
,,2021 - 2022,
,,2022 - 2023,
,Medak,2000 - 2001,
,,2001 - 2002,
,,2002 - 2003,
,,2003 - 2004,
,,2004 - 2005,
,,2005 - 2006,
,,2006 - 2007,
,,2007 - 2008,
,,2008 - 2009,
,,2009 - 2010,
,,2010 - 2011,
,,2011 - 2012,
,,2012 - 2013,
,,2013 - 2014,
,,2014 - 2015,
,,2015 - 2016,
,,2016 - 2017,
,,2017 - 2018,
,,2018 - 2019,
,,2019 - 2020,
,,2020 - 2021,
,,2021 - 2022,
,,2022 - 2023,
,Medchal,2016 - 2017,
,,2017 - 2018,
,,2019 - 2020,
,,2021 - 2022,
,Mulugu,2018 - 2019,
,,2019 - 2020,
,,2020 - 2021,
,,2022 - 2023,
,Nagarkurnool,2016 - 2017,
,,2017 - 2018,
,,2018 - 2019,
,,2019 - 2020,
,,2020 - 2021,
,,2021 - 2022,
,,2022 - 2023,
,Nalgonda,2000 - 2001,
,,2001 - 2002,
,,2002 - 2003,
,,2003 - 2004,
,,2004 - 2005,
,,2005 - 2006,
,,2010 - 2011,
,,2011 - 2012,
,,2013 - 2014,
,,2014 - 2015,
,,2015 - 2016,
,,2019 - 2020,
,,2020 - 2021,
,,2021 - 2022,
,,2022 - 2023,
,Narayanapet,2018 - 2019,
,,2019 - 2020,
,,2020 - 2021,
,,2021 - 2022,
,,2022 - 2023,
,Nirmal,2016 - 2017,
,,2017 - 2018,
,,2018 - 2019,
,,2019 - 2020,
,,2020 - 2021,
,,2021 - 2022,
,,2022 - 2023,
,Nizamabad,2000 - 2001,
,,2001 - 2002,
,,2002 - 2003,
,,2003 - 2004,
,,2004 - 2005,
,,2005 - 2006,
,,2006 - 2007,
,,2007 - 2008,
,,2008 - 2009,
,,2009 - 2010,
,,2010 - 2011,
,,2011 - 2012,
,,2012 - 2013,
,,2013 - 2014,
,,2014 - 2015,
,,2015 - 2016,
,,2016 - 2017,
,,2017 - 2018,
,,2018 - 2019,
,,2019 - 2020,
,,2020 - 2021,
,,2021 - 2022,
,,2022 - 2023,
,Peddapalli,2016 - 2017,
,,2017 - 2018,
,,2018 - 2019,
,,2019 - 2020,
,,2020 - 2021,
,,2021 - 2022,
,,2022 - 2023,
,Rajanna,2016 - 2017,
,,2017 - 2018,
,,2018 - 2019,
,,2019 - 2020,
,,2020 - 2021,
,,2021 - 2022,
,,2022 - 2023,
,Rangareddi,2000 - 2001,
,,2001 - 2002,
,,2002 - 2003,
,,2003 - 2004,
,,2004 - 2005,
,,2005 - 2006,
,,2006 - 2007,
,,2007 - 2008,
,,2008 - 2009,
,,2009 - 2010,
,,2010 - 2011,
,,2011 - 2012,
,,2012 - 2013,
,,2013 - 2014,
,,2014 - 2015,
,,2015 - 2016,
,,2016 - 2017,
,,2017 - 2018,
,,2018 - 2019,
,,2019 - 2020,
,,2020 - 2021,
,,2021 - 2022,
,,2022 - 2023,
,Sangareddy,2016 - 2017,
,,2017 - 2018,
,,2018 - 2019,
,,2019 - 2020,
,,2020 - 2021,
,,2021 - 2022,
,,2022 - 2023,
,Siddipet,2016 - 2017,
,,2017 - 2018,
,,2018 - 2019,
,,2019 - 2020,
,,2020 - 2021,
,,2021 - 2022,
,,2022 - 2023,
,Suryapet,2019 - 2020,
,,2020 - 2021,
,,2021 - 2022,
,,2022 - 2023,
,Vikarabad,2016 - 2017,
,,2017 - 2018,
,,2018 - 2019,
,,2019 - 2020,
,,2020 - 2021,
,,2021 - 2022,
,,2022 - 2023,
,Wanaparthy,2016 - 2017,
,,2017 - 2018,
,,2018 - 2019,
,,2019 - 2020,
,,2020 - 2021,
,,2021 - 2022,
,,2022 - 2023,
,Warangal,2000 - 2001,
,,2001 - 2002,
,,2002 - 2003,
,,2003 - 2004,
,,2004 - 2005,
,,2005 - 2006,
,,2006 - 2007,
,,2008 - 2009,
,,2009 - 2010,
,,2010 - 2011,
,,2011 - 2012,
,,2013 - 2014,
,,2014 - 2015,
,,2015 - 2016,
,,2016 - 2017,
,,2017 - 2018,
,,2018 - 2019,
,,2019 - 2020,
,,2020 - 2021,
,,2021 - 2022,
,,2022 - 2023,
,Warangal urban,2016 - 2017,
,,2017 - 2018,
,,2018 - 2019,
,,2019 - 2020,
,,2020 - 2021,
,,2021 - 2022,
,,2022 - 2023,
,Yadadri,2016 - 2017,
,,2017 - 2018,
,,2019 - 2020,
,,2020 - 2021,
,,2021 - 2022,
,,2022 - 2023,
Uttar Pradesh,Agra,2002 - 2003,
,,2003 - 2004,
,,2004 - 2005,11.51
,,2005 - 2006,12.83
,,2006 - 2007,
,,2007 - 2008,
,,2008 - 2009,
,,2009 - 2010,
,,2010 - 2011,
,,2011 - 2012,
,,2012 - 2013,
,,2013 - 2014,
,,2014 - 2015,
,,2015 - 2016,
,,2016 - 2017,
,,2017 - 2018,
,,2018 - 2019,
,,2019 - 2020,
,,2020 - 2021,
,,2021 - 2022,
,,2022 - 2023,
,Aligarh,2002 - 2003,
,,2003 - 2004,
,,2004 - 2005,11.45
,,2005 - 2006,12.85
,,2006 - 2007,
,,2007 - 2008,
,,2008 - 2009,
,,2009 - 2010,
,,2010 - 2011,
,,2011 - 2012,
,,2012 - 2013,
,,2013 - 2014,
,,2014 - 2015,
,,2015 - 2016,
,,2016 - 2017,
,,2017 - 2018,
,,2018 - 2019,
,,2019 - 2020,
,,2020 - 2021,
,,2021 - 2022,
,,2022 - 2023,
,Allahabad,2003 - 2004,
,,2004 - 2005,10.64
,,2005 - 2006,12.83
,,2006 - 2007,
,,2007 - 2008,
,,2008 - 2009,
,,2009 - 2010,
,,2010 - 2011,
,,2011 - 2012,
,,2012 - 2013,
,,2013 - 2014,
,,2014 - 2015,
,,2015 - 2016,
,,2016 - 2017,
,,2017 - 2018,
,,2018 - 2019,
,,2019 - 2020,
,,2020 - 2021,
,,2021 - 2022,
,,2022 - 2023,
,Ambedkar nagar,2002 - 2003,
,,2003 - 2004,
,,2004 - 2005,11.85
,,2005 - 2006,12.9
,,2006 - 2007,
,,2007 - 2008,
,,2008 - 2009,
,,2009 - 2010,
,,2010 - 2011,
,,2011 - 2012,
,,2012 - 2013,
,,2013 - 2014,
,,2014 - 2015,
,,2015 - 2016,
,,2016 - 2017,
,,2017 - 2018,
,,2018 - 2019,
,,2019 - 2020,
,,2020 - 2021,
,,2021 - 2022,
,,2022 - 2023,
,Amethi,2011 - 2012,
,,2012 - 2013,
,,2013 - 2014,
,,2014 - 2015,
,,2015 - 2016,
,,2016 - 2017,
,,2017 - 2018,
,,2018 - 2019,
,,2019 - 2020,
,,2020 - 2021,
,,2021 - 2022,
,,2022 - 2023,
,Amroha,2002 - 2003,
,,2003 - 2004,
,,2004 - 2005,11.67
,,2005 - 2006,12.82
,,2006 - 2007,
,,2007 - 2008,
,,2008 - 2009,
,,2009 - 2010,
,,2010 - 2011,
,,2011 - 2012,
,,2012 - 2013,
,,2013 - 2014,
,,2014 - 2015,
,,2015 - 2016,
,,2016 - 2017,
,,2017 - 2018,
,,2018 - 2019,
,,2019 - 2020,
,,2020 - 2021,
,,2022 - 2023,
,Auraiya,2002 - 2003,
,,2003 - 2004,
,,2004 - 2005,11.8
,,2005 - 2006,12.87
,,2006 - 2007,
,,2007 - 2008,
,,2008 - 2009,
,,2009 - 2010,
,,2010 - 2011,
,,2011 - 2012,
,,2012 - 2013,
,,2013 - 2014,
,,2014 - 2015,
,,2015 - 2016,
,,2016 - 2017,
,,2017 - 2018,
,,2018 - 2019,
,,2019 - 2020,
,,2020 - 2021,
,,2021 - 2022,
,,2022 - 2023,
,Azamgarh,2002 - 2003,
,,2003 - 2004,
,,2004 - 2005,12.08
,,2005 - 2006,12.91
,,2006 - 2007,
,,2007 - 2008,
,,2008 - 2009,
,,2009 - 2010,
,,2010 - 2011,
,,2011 - 2012,
,,2012 - 2013,
,,2013 - 2014,
,,2014 - 2015,
,,2015 - 2016,
,,2016 - 2017,
,,2017 - 2018,
,,2018 - 2019,
,,2019 - 2020,
,,2020 - 2021,
,,2021 - 2022,
,,2022 - 2023,
,Baghpat,2002 - 2003,
,,2003 - 2004,
,,2004 - 2005,11.53
,,2005 - 2006,12.82
,,2006 - 2007,
,,2007 - 2008,
,,2008 - 2009,
,,2009 - 2010,
,,2010 - 2011,
,,2011 - 2012,
,,2012 - 2013,
,,2013 - 2014,
,,2014 - 2015,
,,2015 - 2016,
,,2016 - 2017,
,,2017 - 2018,
,,2018 - 2019,
,,2019 - 2020,
,,2020 - 2021,
,,2021 - 2022,
,,2022 - 2023,
,Bahraich,2002 - 2003,
,,2003 - 2004,
,,2004 - 2005,12.06
,,2005 - 2006,12.92
,,2006 - 2007,
,,2007 - 2008,
,,2008 - 2009,
,,2009 - 2010,
,,2010 - 2011,
,,2011 - 2012,
,,2012 - 2013,
,,2013 - 2014,
,,2014 - 2015,
,,2015 - 2016,
,,2016 - 2017,
,,2017 - 2018,
,,2018 - 2019,
,,2019 - 2020,
,,2020 - 2021,
,,2021 - 2022,
,,2022 - 2023,
,Ballia,2002 - 2003,
,,2003 - 2004,
,,2004 - 2005,11.08
,,2005 - 2006,12.83
,,2006 - 2007,
,,2007 - 2008,
,,2008 - 2009,
,,2009 - 2010,
,,2010 - 2011,
,,2011 - 2012,
,,2012 - 2013,
,,2013 - 2014,
,,2014 - 2015,
,,2015 - 2016,
,,2016 - 2017,
,,2017 - 2018,
,,2018 - 2019,
,,2019 - 2020,
,,2020 - 2021,
,,2021 - 2022,
,,2022 - 2023,
,Balrampur,2002 - 2003,
,,2003 - 2004,
,,2004 - 2005,11.75
,,2005 - 2006,12.89
,,2006 - 2007,
,,2007 - 2008,
,,2008 - 2009,
,,2009 - 2010,
,,2010 - 2011,
,,2011 - 2012,
,,2012 - 2013,
,,2013 - 2014,
,,2014 - 2015,
,,2015 - 2016,
,,2016 - 2017,
,,2017 - 2018,
,,2018 - 2019,
,,2019 - 2020,
,,2020 - 2021,
,,2021 - 2022,
,,2022 - 2023,
,Banda,2002 - 2003,
,,2003 - 2004,
,,2004 - 2005,10.39
,,2005 - 2006,12.77
,,2006 - 2007,
,,2007 - 2008,
,,2008 - 2009,
,,2009 - 2010,
,,2010 - 2011,
,,2011 - 2012,
,,2012 - 2013,
,,2013 - 2014,
,,2014 - 2015,
,,2015 - 2016,
,,2016 - 2017,
,,2017 - 2018,
,,2018 - 2019,
,,2019 - 2020,
,,2020 - 2021,
,,2021 - 2022,
,,2022 - 2023,
,Barabanki,2002 - 2003,
,,2003 - 2004,
,,2004 - 2005,11.9
,,2005 - 2006,12.83
,,2006 - 2007,
,,2007 - 2008,
,,2008 - 2009,
,,2009 - 2010,
,,2010 - 2011,
,,2011 - 2012,
,,2012 - 2013,
,,2013 - 2014,
,,2014 - 2015,
,,2015 - 2016,
,,2016 - 2017,
,,2017 - 2018,
,,2018 - 2019,
,,2019 - 2020,
,,2020 - 2021,
,,2021 - 2022,
,,2022 - 2023,
,Bareilly,2002 - 2003,
,,2003 - 2004,
,,2004 - 2005,11.05
,,2005 - 2006,12.87
,,2006 - 2007,
,,2007 - 2008,
,,2008 - 2009,
,,2009 - 2010,
,,2010 - 2011,
,,2011 - 2012,
,,2012 - 2013,
,,2013 - 2014,
,,2014 - 2015,
,,2015 - 2016,
,,2016 - 2017,
,,2017 - 2018,
,,2018 - 2019,
,,2019 - 2020,
,,2020 - 2021,
,,2021 - 2022,
,,2022 - 2023,
,Basti,2002 - 2003,
,,2003 - 2004,
,,2004 - 2005,12.01
,,2005 - 2006,12.89
,,2006 - 2007,
,,2007 - 2008,
,,2008 - 2009,
,,2009 - 2010,
,,2010 - 2011,
,,2011 - 2012,
,,2012 - 2013,
,,2013 - 2014,
,,2014 - 2015,
,,2015 - 2016,
,,2016 - 2017,
,,2017 - 2018,
,,2018 - 2019,
,,2019 - 2020,
,,2020 - 2021,
,,2021 - 2022,
,,2022 - 2023,
,Bijnor,2002 - 2003,
,,2003 - 2004,
,,2004 - 2005,11.39
,,2005 - 2006,12.77
,,2006 - 2007,
,,2007 - 2008,
,,2008 - 2009,
,,2009 - 2010,
,,2010 - 2011,
,,2011 - 2012,
,,2012 - 2013,
,,2013 - 2014,
,,2014 - 2015,
,,2015 - 2016,
,,2016 - 2017,
,,2017 - 2018,
,,2018 - 2019,
,,2019 - 2020,
,,2020 - 2021,
,,2021 - 2022,
,,2022 - 2023,
,Budaun,2002 - 2003,
,,2003 - 2004,
,,2004 - 2005,11.94
,,2005 - 2006,12.9
,,2006 - 2007,
,,2007 - 2008,
,,2008 - 2009,
,,2009 - 2010,
,,2010 - 2011,
,,2011 - 2012,
,,2012 - 2013,
,,2013 - 2014,
,,2014 - 2015,
,,2015 - 2016,
,,2016 - 2017,
,,2017 - 2018,
,,2018 - 2019,
,,2019 - 2020,
,,2020 - 2021,
,,2021 - 2022,
,,2022 - 2023,
,Bulandshahr,2002 - 2003,
,,2003 - 2004,
,,2004 - 2005,11.55
,,2005 - 2006,12.84
,,2006 - 2007,
,,2007 - 2008,
,,2008 - 2009,
,,2009 - 2010,
,,2010 - 2011,
,,2011 - 2012,
,,2012 - 2013,
,,2013 - 2014,
,,2014 - 2015,
,,2015 - 2016,
,,2016 - 2017,
,,2017 - 2018,
,,2018 - 2019,
,,2019 - 2020,
,,2020 - 2021,
,,2021 - 2022,
,,2022 - 2023,
,Chandauli,2002 - 2003,
,,2003 - 2004,
,,2004 - 2005,10.45
,,2005 - 2006,12.79
,,2006 - 2007,
,,2007 - 2008,
,,2008 - 2009,
,,2009 - 2010,
,,2010 - 2011,
,,2011 - 2012,
,,2012 - 2013,
,,2013 - 2014,
,,2014 - 2015,
,,2015 - 2016,
,,2016 - 2017,
,,2017 - 2018,
,,2018 - 2019,
,,2019 - 2020,
,,2020 - 2021,
,,2021 - 2022,
,,2022 - 2023,
,Chitrakoot,2002 - 2003,
,,2003 - 2004,
,,2004 - 2005,10.23
,,2005 - 2006,12.77
,,2006 - 2007,
,,2007 - 2008,
,,2008 - 2009,
,,2009 - 2010,
,,2010 - 2011,
,,2011 - 2012,
,,2012 - 2013,
,,2013 - 2014,
,,2014 - 2015,
,,2015 - 2016,
,,2016 - 2017,
,,2017 - 2018,
,,2018 - 2019,
,,2019 - 2020,
,,2020 - 2021,
,,2021 - 2022,
,,2022 - 2023,
,Deoria,2002 - 2003,
,,2003 - 2004,
,,2004 - 2005,12.07
,,2005 - 2006,12.85
,,2006 - 2007,
,,2007 - 2008,
,,2008 - 2009,
,,2009 - 2010,
,,2010 - 2011,
,,2011 - 2012,
,,2012 - 2013,
,,2013 - 2014,
,,2014 - 2015,
,,2015 - 2016,
,,2016 - 2017,
,,2017 - 2018,
,,2018 - 2019,
,,2019 - 2020,
,,2020 - 2021,
,,2021 - 2022,
,,2022 - 2023,
,Etah,2002 - 2003,
,,2003 - 2004,
,,2004 - 2005,11.52
,,2005 - 2006,12.88
,,2006 - 2007,
,,2007 - 2008,
,,2008 - 2009,
,,2009 - 2010,
,,2010 - 2011,
,,2011 - 2012,
,,2012 - 2013,
,,2013 - 2014,
,,2014 - 2015,
,,2015 - 2016,
,,2016 - 2017,
,,2017 - 2018,
,,2018 - 2019,
,,2019 - 2020,
,,2020 - 2021,
,,2021 - 2022,
,,2022 - 2023,
,Etawah,2002 - 2003,
,,2003 - 2004,
,,2004 - 2005,11.76
,,2005 - 2006,12.86
,,2006 - 2007,
,,2007 - 2008,
,,2008 - 2009,
,,2009 - 2010,
,,2010 - 2011,
,,2011 - 2012,
,,2012 - 2013,
,,2013 - 2014,
,,2014 - 2015,
,,2015 - 2016,
,,2016 - 2017,
,,2017 - 2018,
,,2018 - 2019,
,,2019 - 2020,
,,2020 - 2021,
,,2021 - 2022,
,,2022 - 2023,
,Faizabad,2002 - 2003,
,,2003 - 2004,
,,2004 - 2005,11.61
,,2005 - 2006,12.87
,,2006 - 2007,
,,2007 - 2008,
,,2008 - 2009,
,,2009 - 2010,
,,2010 - 2011,
,,2011 - 2012,
,,2012 - 2013,
,,2013 - 2014,
,,2014 - 2015,
,,2015 - 2016,
,,2016 - 2017,
,,2017 - 2018,
,,2018 - 2019,
,,2019 - 2020,
,,2020 - 2021,
,,2021 - 2022,
,,2022 - 2023,
,Farrukhabad,2002 - 2003,
,,2003 - 2004,
,,2004 - 2005,11.42
,,2005 - 2006,12.92
,,2006 - 2007,
,,2007 - 2008,
,,2008 - 2009,
,,2009 - 2010,
,,2010 - 2011,
,,2011 - 2012,
,,2012 - 2013,
,,2013 - 2014,
,,2014 - 2015,
,,2015 - 2016,
,,2016 - 2017,
,,2017 - 2018,
,,2018 - 2019,
,,2019 - 2020,
,,2020 - 2021,
,,2021 - 2022,
,,2022 - 2023,
,Fatehpur,2002 - 2003,
,,2003 - 2004,
,,2004 - 2005,10.3
,,2005 - 2006,12.79
,,2006 - 2007,
,,2007 - 2008,
,,2008 - 2009,
,,2009 - 2010,
,,2010 - 2011,
,,2011 - 2012,
,,2012 - 2013,
,,2013 - 2014,
,,2014 - 2015,
,,2015 - 2016,
,,2016 - 2017,
,,2017 - 2018,
,,2018 - 2019,
,,2019 - 2020,
,,2020 - 2021,
,,2021 - 2022,
,,2022 - 2023,
,Firozabad,2002 - 2003,
,,2003 - 2004,
,,2004 - 2005,11.48
,,2005 - 2006,12.79
,,2006 - 2007,
,,2007 - 2008,
,,2008 - 2009,
,,2009 - 2010,
,,2010 - 2011,
,,2011 - 2012,
,,2012 - 2013,
,,2013 - 2014,
,,2014 - 2015,
,,2015 - 2016,
,,2016 - 2017,
,,2017 - 2018,
,,2018 - 2019,
,,2019 - 2020,
,,2020 - 2021,
,,2021 - 2022,
,,2022 - 2023,
,Gautam buddha nagar,2002 - 2003,
,,2003 - 2004,
,,2004 - 2005,10.58
,,2006 - 2007,
,,2007 - 2008,
,,2008 - 2009,
,,2009 - 2010,
,,2010 - 2011,
,,2011 - 2012,
,,2012 - 2013,
,,2013 - 2014,
,,2014 - 2015,
,,2016 - 2017,
,,2017 - 2018,
,,2018 - 2019,
,,2019 - 2020,
,,2020 - 2021,
,,2021 - 2022,
,,2022 - 2023,
,Ghaziabad,2002 - 2003,
,,2003 - 2004,
,,2004 - 2005,11.63
,,2005 - 2006,12.93
,,2006 - 2007,
,,2007 - 2008,
,,2008 - 2009,
,,2009 - 2010,
,,2010 - 2011,
,,2011 - 2012,
,,2013 - 2014,
,,2014 - 2015,
,,2015 - 2016,
,,2016 - 2017,
,,2017 - 2018,
,,2018 - 2019,
,,2019 - 2020,
,,2020 - 2021,
,,2021 - 2022,
,,2022 - 2023,
,Ghazipur,2002 - 2003,
,,2003 - 2004,
,,2004 - 2005,11.2
,,2005 - 2006,12.84
,,2006 - 2007,
,,2007 - 2008,
,,2008 - 2009,
,,2009 - 2010,
,,2010 - 2011,
,,2011 - 2012,
,,2012 - 2013,
,,2013 - 2014,
,,2014 - 2015,
,,2015 - 2016,
,,2016 - 2017,
,,2017 - 2018,
,,2018 - 2019,
,,2019 - 2020,
,,2020 - 2021,
,,2021 - 2022,
,,2022 - 2023,
,Gonda,2002 - 2003,
,,2003 - 2004,
,,2004 - 2005,11.5
,,2005 - 2006,12.86
,,2006 - 2007,
,,2007 - 2008,
,,2008 - 2009,
,,2009 - 2010,
,,2010 - 2011,
,,2011 - 2012,
,,2012 - 2013,
,,2013 - 2014,
,,2014 - 2015,
,,2015 - 2016,
,,2016 - 2017,
,,2017 - 2018,
,,2018 - 2019,
,,2019 - 2020,
,,2020 - 2021,
,,2021 - 2022,
,,2022 - 2023,
,Gorakhpur,2002 - 2003,
,,2003 - 2004,
,,2004 - 2005,11.65
,,2005 - 2006,12.87
,,2006 - 2007,
,,2007 - 2008,
,,2008 - 2009,
,,2009 - 2010,
,,2010 - 2011,
,,2011 - 2012,
,,2012 - 2013,
,,2013 - 2014,
,,2014 - 2015,
,,2015 - 2016,
,,2016 - 2017,
,,2017 - 2018,
,,2018 - 2019,
,,2019 - 2020,
,,2020 - 2021,
,,2021 - 2022,
,,2022 - 2023,
,Hamirpur,2002 - 2003,
,,2003 - 2004,
,,2004 - 2005,10.78
,,2005 - 2006,12.85
,,2006 - 2007,
,,2007 - 2008,
,,2008 - 2009,
,,2009 - 2010,
,,2010 - 2011,
,,2011 - 2012,
,,2012 - 2013,
,,2013 - 2014,
,,2014 - 2015,
,,2015 - 2016,
,,2016 - 2017,
,,2017 - 2018,
,,2018 - 2019,
,,2019 - 2020,
,,2020 - 2021,
,,2021 - 2022,
,,2022 - 2023,
,Hapur,2012 - 2013,
,,2013 - 2014,
,,2014 - 2015,
,,2015 - 2016,
,,2016 - 2017,
,,2017 - 2018,
,,2018 - 2019,
,,2019 - 2020,
,,2020 - 2021,
,,2021 - 2022,
,,2022 - 2023,
,Hardoi,2002 - 2003,
,,2003 - 2004,
,,2004 - 2005,11.37
,,2005 - 2006,12.89
,,2006 - 2007,
,,2007 - 2008,
,,2008 - 2009,
,,2009 - 2010,
,,2010 - 2011,
,,2011 - 2012,
,,2012 - 2013,
,,2013 - 2014,
,,2014 - 2015,
,,2015 - 2016,
,,2016 - 2017,
,,2017 - 2018,
,,2018 - 2019,
,,2019 - 2020,
,,2020 - 2021,
,,2021 - 2022,
,,2022 - 2023,
,Hathras,2002 - 2003,
,,2003 - 2004,
,,2004 - 2005,11.42
,,2005 - 2006,12.83
,,2006 - 2007,
,,2007 - 2008,
,,2008 - 2009,
,,2009 - 2010,
,,2010 - 2011,
,,2011 - 2012,
,,2012 - 2013,
,,2013 - 2014,
,,2014 - 2015,
,,2015 - 2016,
,,2016 - 2017,
,,2017 - 2018,
,,2018 - 2019,
,,2019 - 2020,
,,2020 - 2021,
,,2021 - 2022,
,,2022 - 2023,
,Jalaun,2002 - 2003,
,,2003 - 2004,
,,2004 - 2005,10.83
,,2005 - 2006,12.78
,,2006 - 2007,
,,2007 - 2008,
,,2008 - 2009,
,,2009 - 2010,
,,2010 - 2011,
,,2011 - 2012,
,,2012 - 2013,
,,2013 - 2014,
,,2014 - 2015,
,,2015 - 2016,
,,2016 - 2017,
,,2017 - 2018,
,,2018 - 2019,
,,2019 - 2020,
,,2020 - 2021,
,,2021 - 2022,
,,2022 - 2023,
,Jaunpur,2002 - 2003,
,,2003 - 2004,
,,2004 - 2005,11.89
,,2005 - 2006,12.91
,,2006 - 2007,
,,2007 - 2008,
,,2008 - 2009,
,,2009 - 2010,
,,2010 - 2011,
,,2011 - 2012,
,,2012 - 2013,
,,2013 - 2014,
,,2014 - 2015,
,,2015 - 2016,
,,2016 - 2017,
,,2017 - 2018,
,,2018 - 2019,
,,2019 - 2020,
,,2020 - 2021,
,,2021 - 2022,
,,2022 - 2023,
,Jhansi,2002 - 2003,
,,2003 - 2004,
,,2004 - 2005,11.29
,,2005 - 2006,12.87
,,2006 - 2007,
,,2007 - 2008,
,,2008 - 2009,
,,2009 - 2010,
,,2010 - 2011,
,,2011 - 2012,
,,2012 - 2013,
,,2013 - 2014,
,,2014 - 2015,
,,2015 - 2016,
,,2016 - 2017,
,,2017 - 2018,
,,2018 - 2019,
,,2019 - 2020,
,,2020 - 2021,
,,2021 - 2022,
,,2022 - 2023,
,Kannauj,2002 - 2003,
,,2003 - 2004,
,,2004 - 2005,11.5
,,2005 - 2006,12.88
,,2006 - 2007,
,,2007 - 2008,
,,2008 - 2009,
,,2009 - 2010,
,,2010 - 2011,
,,2011 - 2012,
,,2012 - 2013,
,,2013 - 2014,
,,2014 - 2015,
,,2015 - 2016,
,,2016 - 2017,
,,2017 - 2018,
,,2018 - 2019,
,,2019 - 2020,
,,2020 - 2021,
,,2021 - 2022,
,,2022 - 2023,
,Kanpur dehat,2003 - 2004,
,,2004 - 2005,11.18
,,2005 - 2006,12.82
,,2006 - 2007,
,,2007 - 2008,
,,2008 - 2009,
,,2009 - 2010,
,,2010 - 2011,
,,2011 - 2012,
,,2012 - 2013,
,,2013 - 2014,
,,2014 - 2015,
,,2015 - 2016,
,,2016 - 2017,
,,2017 - 2018,
,,2018 - 2019,
,,2019 - 2020,
,,2020 - 2021,
,,2021 - 2022,
,,2022 - 2023,
,Kanpur nagar,2002 - 2003,
,,2003 - 2004,
,,2004 - 2005,11.31
,,2005 - 2006,12.81
,,2006 - 2007,
,,2007 - 2008,
,,2008 - 2009,
,,2009 - 2010,
,,2010 - 2011,
,,2011 - 2012,
,,2012 - 2013,
,,2013 - 2014,
,,2014 - 2015,
,,2015 - 2016,
,,2016 - 2017,
,,2017 - 2018,
,,2018 - 2019,
,,2019 - 2020,
,,2020 - 2021,
,,2021 - 2022,
,,2022 - 2023,
,Kasganj,2009 - 2010,
,,2010 - 2011,
,,2011 - 2012,
,,2012 - 2013,
,,2013 - 2014,
,,2014 - 2015,
,,2015 - 2016,
,,2016 - 2017,
,,2017 - 2018,
,,2018 - 2019,
,,2019 - 2020,
,,2020 - 2021,
,,2021 - 2022,
,,2022 - 2023,
,Kaushambi,2002 - 2003,
,,2003 - 2004,
,,2004 - 2005,10.91
,,2005 - 2006,12.8
,,2006 - 2007,
,,2007 - 2008,
,,2008 - 2009,
,,2009 - 2010,
,,2010 - 2011,
,,2011 - 2012,
,,2012 - 2013,
,,2013 - 2014,
,,2014 - 2015,
,,2015 - 2016,
,,2016 - 2017,
,,2017 - 2018,
,,2018 - 2019,
,,2019 - 2020,
,,2020 - 2021,
,,2021 - 2022,
,,2022 - 2023,
,Kheri,2002 - 2003,
,,2003 - 2004,
,,2004 - 2005,11.29
,,2005 - 2006,12.89
,,2006 - 2007,
,,2007 - 2008,
,,2008 - 2009,
,,2009 - 2010,
,,2010 - 2011,
,,2011 - 2012,
,,2012 - 2013,
,,2013 - 2014,
,,2014 - 2015,
,,2015 - 2016,
,,2016 - 2017,
,,2017 - 2018,
,,2018 - 2019,
,,2019 - 2020,
,,2020 - 2021,
,,2021 - 2022,
,,2022 - 2023,
,Kushi nagar,2002 - 2003,
,,2003 - 2004,
,,2004 - 2005,11.62
,,2005 - 2006,12.84
,,2006 - 2007,
,,2007 - 2008,
,,2008 - 2009,
,,2009 - 2010,
,,2010 - 2011,
,,2011 - 2012,
,,2012 - 2013,
,,2013 - 2014,
,,2014 - 2015,
,,2015 - 2016,
,,2016 - 2017,
,,2017 - 2018,
,,2018 - 2019,
,,2019 - 2020,
,,2020 - 2021,
,,2021 - 2022,
,,2022 - 2023,
,Lalitpur,2002 - 2003,
,,2003 - 2004,
,,2004 - 2005,10.4
,,2005 - 2006,12.76
,,2006 - 2007,
,,2007 - 2008,
,,2008 - 2009,
,,2009 - 2010,
,,2010 - 2011,
,,2011 - 2012,
,,2012 - 2013,
,,2013 - 2014,
,,2014 - 2015,
,,2015 - 2016,
,,2016 - 2017,
,,2017 - 2018,
,,2018 - 2019,
,,2019 - 2020,
,,2020 - 2021,
,,2021 - 2022,
,,2022 - 2023,
,Lucknow,2002 - 2003,
,,2003 - 2004,
,,2004 - 2005,11.76
,,2005 - 2006,12.81
,,2006 - 2007,
,,2007 - 2008,
,,2008 - 2009,
,,2009 - 2010,
,,2010 - 2011,
,,2011 - 2012,
,,2012 - 2013,
,,2013 - 2014,
,,2014 - 2015,
,,2015 - 2016,
,,2016 - 2017,
,,2017 - 2018,
,,2018 - 2019,
,,2019 - 2020,
,,2020 - 2021,
,,2021 - 2022,
,,2022 - 2023,
,Maharajganj,2002 - 2003,
,,2003 - 2004,
,,2004 - 2005,12.19
,,2005 - 2006,12.9
,,2006 - 2007,
,,2007 - 2008,
,,2008 - 2009,
,,2009 - 2010,
,,2010 - 2011,
,,2011 - 2012,
,,2012 - 2013,
,,2013 - 2014,
,,2014 - 2015,
,,2015 - 2016,
,,2016 - 2017,
,,2017 - 2018,
,,2018 - 2019,
,,2019 - 2020,
,,2020 - 2021,
,,2021 - 2022,
,,2022 - 2023,
,Mahoba,2002 - 2003,
,,2003 - 2004,
,,2004 - 2005,10.9
,,2005 - 2006,12.83
,,2006 - 2007,
,,2007 - 2008,
,,2008 - 2009,
,,2009 - 2010,
,,2010 - 2011,
,,2011 - 2012,
,,2012 - 2013,
,,2013 - 2014,
,,2014 - 2015,
,,2015 - 2016,
,,2016 - 2017,
,,2017 - 2018,
,,2018 - 2019,
,,2019 - 2020,
,,2020 - 2021,
,,2021 - 2022,
,,2022 - 2023,
,Mainpuri,2002 - 2003,
,,2003 - 2004,
,,2004 - 2005,11.59
,,2005 - 2006,12.87
,,2006 - 2007,
,,2007 - 2008,
,,2008 - 2009,
,,2009 - 2010,
,,2010 - 2011,
,,2011 - 2012,
,,2012 - 2013,
,,2013 - 2014,
,,2014 - 2015,
,,2015 - 2016,
,,2016 - 2017,
,,2017 - 2018,
,,2018 - 2019,
,,2019 - 2020,
,,2020 - 2021,
,,2021 - 2022,
,,2022 - 2023,
,Mathura,2002 - 2003,
,,2003 - 2004,
,,2004 - 2005,11.42
,,2005 - 2006,12.75
,,2006 - 2007,
,,2007 - 2008,
,,2008 - 2009,
,,2009 - 2010,
,,2010 - 2011,
,,2011 - 2012,
,,2012 - 2013,
,,2013 - 2014,
,,2014 - 2015,
,,2015 - 2016,
,,2016 - 2017,
,,2017 - 2018,
,,2018 - 2019,
,,2019 - 2020,
,,2020 - 2021,
,,2021 - 2022,
,,2022 - 2023,
,Mau,2002 - 2003,
,,2003 - 2004,
,,2004 - 2005,11.38
,,2005 - 2006,12.89
,,2006 - 2007,
,,2007 - 2008,
,,2008 - 2009,
,,2009 - 2010,
,,2010 - 2011,
,,2011 - 2012,
,,2012 - 2013,
,,2013 - 2014,
,,2014 - 2015,
,,2015 - 2016,
,,2016 - 2017,
,,2017 - 2018,
,,2018 - 2019,
,,2019 - 2020,
,,2020 - 2021,
,,2021 - 2022,
,,2022 - 2023,
,Meerut,2002 - 2003,
,,2003 - 2004,
,,2004 - 2005,12.14
,,2005 - 2006,12.91
,,2006 - 2007,
,,2007 - 2008,
,,2008 - 2009,
,,2009 - 2010,
,,2010 - 2011,
,,2011 - 2012,
,,2012 - 2013,
,,2013 - 2014,
,,2014 - 2015,
,,2015 - 2016,
,,2016 - 2017,
,,2017 - 2018,
,,2018 - 2019,
,,2019 - 2020,
,,2020 - 2021,
,,2021 - 2022,
,,2022 - 2023,
,Mirzapur,2002 - 2003,
,,2003 - 2004,
,,2004 - 2005,10.65
,,2005 - 2006,12.82
,,2006 - 2007,
,,2007 - 2008,
,,2008 - 2009,
,,2009 - 2010,
,,2010 - 2011,
,,2011 - 2012,
,,2012 - 2013,
,,2013 - 2014,
,,2014 - 2015,
,,2015 - 2016,
,,2016 - 2017,
,,2017 - 2018,
,,2018 - 2019,
,,2019 - 2020,
,,2020 - 2021,
,,2021 - 2022,
,,2022 - 2023,
,Moradabad,2002 - 2003,
,,2003 - 2004,
,,2004 - 2005,11.76
,,2005 - 2006,12.89
,,2006 - 2007,
,,2007 - 2008,
,,2008 - 2009,
,,2009 - 2010,
,,2010 - 2011,
,,2011 - 2012,
,,2012 - 2013,
,,2013 - 2014,
,,2014 - 2015,
,,2015 - 2016,
,,2016 - 2017,
,,2017 - 2018,
,,2018 - 2019,
,,2019 - 2020,
,,2020 - 2021,
,,2021 - 2022,
,,2022 - 2023,
,Muzaffarnagar,2002 - 2003,10.32
,,2003 - 2004,
,,2004 - 2005,11.37
,,2005 - 2006,12.92
,,2006 - 2007,
,,2007 - 2008,
,,2008 - 2009,
,,2009 - 2010,
,,2010 - 2011,
,,2011 - 2012,
,,2012 - 2013,
,,2013 - 2014,
,,2014 - 2015,
,,2015 - 2016,
,,2016 - 2017,
,,2017 - 2018,
,,2018 - 2019,
,,2019 - 2020,
,,2020 - 2021,
,,2021 - 2022,
,,2022 - 2023,
,Pilibhit,2002 - 2003,
,,2003 - 2004,
,,2004 - 2005,12.26
,,2005 - 2006,12.87
,,2006 - 2007,
,,2007 - 2008,
,,2008 - 2009,
,,2009 - 2010,
,,2010 - 2011,
,,2011 - 2012,
,,2012 - 2013,
,,2013 - 2014,
,,2014 - 2015,
,,2015 - 2016,
,,2016 - 2017,
,,2017 - 2018,
,,2018 - 2019,
,,2019 - 2020,
,,2020 - 2021,
,,2021 - 2022,
,,2022 - 2023,
,Pratapgarh,2002 - 2003,
,,2003 - 2004,
,,2004 - 2005,11.57
,,2005 - 2006,12.9
,,2006 - 2007,
,,2007 - 2008,
,,2008 - 2009,
,,2009 - 2010,
,,2010 - 2011,
,,2011 - 2012,
,,2012 - 2013,
,,2013 - 2014,
,,2014 - 2015,
,,2015 - 2016,
,,2016 - 2017,
,,2017 - 2018,
,,2018 - 2019,
,,2019 - 2020,
,,2020 - 2021,
,,2021 - 2022,
,,2022 - 2023,
,Rae bareli,2002 - 2003,
,,2003 - 2004,
,,2004 - 2005,11.51
,,2005 - 2006,12.86
,,2006 - 2007,
,,2007 - 2008,
,,2008 - 2009,
,,2009 - 2010,
,,2010 - 2011,
,,2011 - 2012,
,,2012 - 2013,
,,2013 - 2014,
,,2014 - 2015,
,,2015 - 2016,
,,2016 - 2017,
,,2017 - 2018,
,,2018 - 2019,
,,2019 - 2020,
,,2020 - 2021,
,,2021 - 2022,
,,2022 - 2023,
,Rampur,2002 - 2003,
,,2003 - 2004,
,,2004 - 2005,11.91
,,2005 - 2006,12.87
,,2006 - 2007,
,,2007 - 2008,
,,2008 - 2009,
,,2009 - 2010,
,,2010 - 2011,
,,2011 - 2012,
,,2012 - 2013,
,,2013 - 2014,
,,2014 - 2015,
,,2015 - 2016,
,,2016 - 2017,
,,2017 - 2018,
,,2018 - 2019,
,,2019 - 2020,
,,2020 - 2021,
,,2021 - 2022,
,,2022 - 2023,
,Saharanpur,2002 - 2003,10.33
,,2003 - 2004,
,,2004 - 2005,11.39
,,2005 - 2006,12.85
,,2006 - 2007,
,,2007 - 2008,
,,2008 - 2009,
,,2009 - 2010,
,,2010 - 2011,
,,2011 - 2012,
,,2012 - 2013,
,,2013 - 2014,
,,2014 - 2015,
,,2015 - 2016,
,,2016 - 2017,
,,2017 - 2018,
,,2018 - 2019,
,,2019 - 2020,
,,2020 - 2021,
,,2021 - 2022,
,,2022 - 2023,
,Sambhal,2012 - 2013,
,,2013 - 2014,
,,2014 - 2015,
,,2015 - 2016,
,,2016 - 2017,
,,2017 - 2018,
,,2018 - 2019,
,,2019 - 2020,
,,2020 - 2021,
,,2021 - 2022,
,,2022 - 2023,
,Sant kabeer nagar,2002 - 2003,
,,2003 - 2004,
,,2004 - 2005,12.09
,,2005 - 2006,12.91
,,2006 - 2007,
,,2007 - 2008,
,,2008 - 2009,
,,2009 - 2010,
,,2010 - 2011,
,,2011 - 2012,
,,2012 - 2013,
,,2013 - 2014,
,,2014 - 2015,
,,2015 - 2016,
,,2016 - 2017,
,,2017 - 2018,
,,2018 - 2019,
,,2019 - 2020,
,,2020 - 2021,
,,2021 - 2022,
,,2022 - 2023,
,Sant ravidas nagar,2002 - 2003,
,,2003 - 2004,
,,2004 - 2005,11.57
,,2005 - 2006,12.88
,,2006 - 2007,
,,2007 - 2008,
,,2008 - 2009,
,,2009 - 2010,
,,2010 - 2011,
,,2011 - 2012,
,,2012 - 2013,
,,2013 - 2014,
,,2014 - 2015,
,,2015 - 2016,
,,2016 - 2017,
,,2017 - 2018,
,,2018 - 2019,
,,2019 - 2020,
,,2020 - 2021,
,,2021 - 2022,
,,2022 - 2023,
,Shahjahanpur,2002 - 2003,
,,2003 - 2004,
,,2004 - 2005,11.1
,,2005 - 2006,12.87
,,2006 - 2007,
,,2007 - 2008,
,,2008 - 2009,
,,2009 - 2010,
,,2010 - 2011,
,,2011 - 2012,
,,2012 - 2013,
,,2013 - 2014,
,,2014 - 2015,
,,2015 - 2016,
,,2016 - 2017,
,,2017 - 2018,
,,2018 - 2019,
,,2019 - 2020,
,,2020 - 2021,
,,2021 - 2022,
,,2022 - 2023,
,Shamli,2012 - 2013,
,,2013 - 2014,
,,2014 - 2015,
,,2015 - 2016,
,,2016 - 2017,
,,2017 - 2018,
,,2018 - 2019,
,,2019 - 2020,
,,2020 - 2021,
,,2021 - 2022,
,,2022 - 2023,
,Shravasti,2002 - 2003,
,,2003 - 2004,
,,2004 - 2005,11.57
,,2005 - 2006,12.9
,,2006 - 2007,
,,2007 - 2008,
,,2008 - 2009,
,,2009 - 2010,
,,2010 - 2011,
,,2011 - 2012,
,,2012 - 2013,
,,2013 - 2014,
,,2014 - 2015,
,,2015 - 2016,
,,2016 - 2017,
,,2017 - 2018,
,,2018 - 2019,
,,2019 - 2020,
,,2020 - 2021,
,,2021 - 2022,
,,2022 - 2023,
,Siddharth nagar,2002 - 2003,
,,2003 - 2004,
,,2004 - 2005,12.03
,,2005 - 2006,12.85
,,2006 - 2007,
,,2007 - 2008,
,,2008 - 2009,
,,2009 - 2010,
,,2010 - 2011,
,,2011 - 2012,
,,2012 - 2013,
,,2013 - 2014,
,,2014 - 2015,
,,2015 - 2016,
,,2016 - 2017,
,,2017 - 2018,
,,2018 - 2019,
,,2019 - 2020,
,,2020 - 2021,
,,2021 - 2022,
,,2022 - 2023,
,Sitapur,2002 - 2003,
,,2003 - 2004,
,,2004 - 2005,11.89
,,2005 - 2006,12.83
,,2006 - 2007,
,,2007 - 2008,
,,2008 - 2009,
,,2009 - 2010,
,,2010 - 2011,
,,2011 - 2012,
,,2012 - 2013,
,,2013 - 2014,
,,2014 - 2015,
,,2015 - 2016,
,,2016 - 2017,
,,2017 - 2018,
,,2018 - 2019,
,,2019 - 2020,
,,2020 - 2021,
,,2021 - 2022,
,,2022 - 2023,
,Sonbhadra,2002 - 2003,
,,2003 - 2004,
,,2004 - 2005,10.27
,,2005 - 2006,12.77
,,2006 - 2007,
,,2007 - 2008,
,,2008 - 2009,
,,2009 - 2010,
,,2010 - 2011,
,,2011 - 2012,
,,2012 - 2013,
,,2013 - 2014,
,,2014 - 2015,
,,2015 - 2016,
,,2016 - 2017,
,,2017 - 2018,
,,2018 - 2019,
,,2019 - 2020,
,,2020 - 2021,
,,2021 - 2022,
,,2022 - 2023,
,Sultanpur,2002 - 2003,
,,2003 - 2004,
,,2004 - 2005,11.81
,,2005 - 2006,12.89
,,2006 - 2007,
,,2007 - 2008,
,,2008 - 2009,
,,2009 - 2010,
,,2010 - 2011,
,,2011 - 2012,
,,2012 - 2013,
,,2013 - 2014,
,,2014 - 2015,
,,2015 - 2016,
,,2016 - 2017,
,,2017 - 2018,
,,2018 - 2019,
,,2019 - 2020,
,,2020 - 2021,
,,2021 - 2022,
,,2022 - 2023,
,Unnao,2002 - 2003,
,,2003 - 2004,
,,2004 - 2005,11.46
,,2005 - 2006,12.83
,,2006 - 2007,
,,2007 - 2008,
,,2008 - 2009,
,,2009 - 2010,
,,2010 - 2011,
,,2011 - 2012,
,,2012 - 2013,
,,2013 - 2014,
,,2014 - 2015,
,,2015 - 2016,
,,2016 - 2017,
,,2017 - 2018,
,,2018 - 2019,
,,2019 - 2020,
,,2020 - 2021,
,,2021 - 2022,
,,2022 - 2023,
,Varanasi,2002 - 2003,
,,2003 - 2004,
,,2004 - 2005,11.2
,,2005 - 2006,12.86
,,2006 - 2007,
,,2007 - 2008,
,,2008 - 2009,
,,2009 - 2010,
,,2010 - 2011,
,,2011 - 2012,
,,2012 - 2013,
,,2013 - 2014,
,,2014 - 2015,
,,2015 - 2016,
,,2016 - 2017,
,,2017 - 2018,
,,2018 - 2019,
,,2019 - 2020,
,,2020 - 2021,
,,2021 - 2022,
,,2022 - 2023,
Uttarakhand,Almora,2000 - 2001,2.9
,,2001 - 2002,2.76
,,2002 - 2003,2.76
,,2003 - 2004,12.0
,,2004 - 2005,8.0
,,2005 - 2006,10.5
,,2006 - 2007,5.5
,,2007 - 2008,5.0
,,2008 - 2009,4.0
,,2009 - 2010,4.0
,,2010 - 2011,4.51
,,2011 - 2012,4.6
,,2012 - 2013,4.6
,,2013 - 2014,4.75
,,2014 - 2015,4.75
,,2015 - 2016,4.65
,,2016 - 2017,4.88
,,2017 - 2018,13.97
,,2018 - 2019,13.82
,,2019 - 2020,13.82
,,2020 - 2021,11.75
,,2021 - 2022,11.65
,,2022 - 2023,13.0
,Bageshwar,2000 - 2001,3.06
,,2001 - 2002,3.06
,,2002 - 2003,3.06
,,2003 - 2004,11.0
,,2004 - 2005,9.0
,,2005 - 2006,9.8
,,2006 - 2007,5.0
,,2007 - 2008,6.0
,,2008 - 2009,5.0
,,2009 - 2010,4.0
,,2010 - 2011,4.51
,,2011 - 2012,4.6
,,2012 - 2013,4.6
,,2013 - 2014,4.63
,,2014 - 2015,4.63
,,2015 - 2016,4.61
,,2016 - 2017,4.63
,,2017 - 2018,13.97
,,2018 - 2019,13.82
,,2019 - 2020,13.82
,,2020 - 2021,11.75
,,2021 - 2022,11.6
,,2022 - 2023,12.99
,Chamoli,2000 - 2001,8.09
,,2001 - 2002,7.16
,,2002 - 2003,7.17
,,2003 - 2004,14.0
,,2004 - 2005,10.51
,,2005 - 2006,22.0
,,2006 - 2007,7.0
,,2007 - 2008,6.0
,,2008 - 2009,5.0
,,2009 - 2010,5.0
,,2010 - 2011,5.79
,,2011 - 2012,5.8
,,2012 - 2013,5.74
,,2013 - 2014,5.55
,,2014 - 2015,5.55
,,2015 - 2016,5.69
,,2016 - 2017,5.7
,,2017 - 2018,16.29
,,2018 - 2019,16.02
,,2019 - 2020,16.02
,,2020 - 2021,13.62
,,2021 - 2022,13.53
,,2022 - 2023,15.1
,Champawat,2000 - 2001,4.7
,,2001 - 2002,9.98
,,2002 - 2003,9.98
,,2003 - 2004,12.3
,,2004 - 2005,7.0
,,2005 - 2006,11.5
,,2006 - 2007,6.0
,,2007 - 2008,5.5
,,2008 - 2009,4.5
,,2009 - 2010,8.0
,,2010 - 2011,7.51
,,2011 - 2012,7.51
,,2012 - 2013,7.51
,,2013 - 2014,7.32
,,2014 - 2015,7.32
,,2015 - 2016,4.59
,,2016 - 2017,4.6
,,2017 - 2018,27.58
,,2018 - 2019,26.02
,,2019 - 2020,26.02
,,2020 - 2021,22.14
,,2021 - 2022,21.27
,,2022 - 2023,24.61
,Dehradun,2000 - 2001,8.04
,,2001 - 2002,8.03
,,2002 - 2003,8.03
,,2003 - 2004,11.1
,,2004 - 2005,10.31
,,2005 - 2006,11.0
,,2006 - 2007,9.19
,,2007 - 2008,7.34
,,2008 - 2009,6.41
,,2009 - 2010,6.0
,,2010 - 2011,6.1
,,2011 - 2012,6.1
,,2012 - 2013,6.0
,,2013 - 2014,6.24
,,2014 - 2015,6.25
,,2015 - 2016,6.11
,,2016 - 2017,6.14
,,2017 - 2018,16.29
,,2018 - 2019,16.03
,,2019 - 2020,16.03
,,2020 - 2021,14.28
,,2021 - 2022,13.77
,,2022 - 2023,15.25
,Haridwar,2000 - 2001,9.55
,,2001 - 2002,10.0
,,2002 - 2003,10.0
,,2003 - 2004,10.6
,,2004 - 2005,12.0
,,2005 - 2006,12.0
,,2006 - 2007,12.6
,,2007 - 2008,9.0
,,2008 - 2009,9.0
,,2011 - 2012,6.5
,,2012 - 2013,7.0
,,2013 - 2014,6.25
,,2014 - 2015,6.22
,,2015 - 2016,6.09
,,2016 - 2017,6.0
,,2017 - 2018,16.5
,,2018 - 2019,16.0
,,2019 - 2020,16.0
,,2020 - 2021,16.0
,,2021 - 2022,14.09
,,2022 - 2023,15.71
,Nainital,2000 - 2001,8.44
,,2001 - 2002,9.57
,,2002 - 2003,9.57
,,2003 - 2004,12.22
,,2004 - 2005,10.42
,,2005 - 2006,12.0
,,2006 - 2007,6.73
,,2007 - 2008,6.54
,,2008 - 2009,4.34
,,2009 - 2010,6.0
,,2010 - 2011,6.5
,,2011 - 2012,6.52
,,2012 - 2013,6.52
,,2013 - 2014,6.42
,,2014 - 2015,6.43
,,2015 - 2016,6.49
,,2016 - 2017,6.49
,,2017 - 2018,13.97
,,2018 - 2019,13.82
,,2019 - 2020,13.82
,,2020 - 2021,12.59
,,2021 - 2022,12.15
,,2022 - 2023,13.17
,Pauri garhwal,2000 - 2001,8.69
,,2001 - 2002,2.75
,,2002 - 2003,2.75
,,2003 - 2004,9.0
,,2004 - 2005,9.5
,,2005 - 2006,20.0
,,2006 - 2007,4.5
,,2007 - 2008,4.0
,,2008 - 2009,4.0
,,2009 - 2010,3.5
,,2010 - 2011,5.05
,,2011 - 2012,4.5
,,2012 - 2013,4.5
,,2013 - 2014,4.55
,,2014 - 2015,4.47
,,2015 - 2016,4.52
,,2016 - 2017,16.03
,,2017 - 2018,16.29
,,2018 - 2019,16.29
,,2019 - 2020,16.29
,,2020 - 2021,13.96
,,2021 - 2022,15.77
,,2022 - 2023,15.72
,Pithoragarh,2000 - 2001,5.29
,,2001 - 2002,3.05
,,2002 - 2003,3.05
,,2003 - 2004,11.5
,,2004 - 2005,6.0
,,2005 - 2006,10.0
,,2006 - 2007,6.0
,,2007 - 2008,5.0
,,2008 - 2009,4.0
,,2009 - 2010,4.0
,,2010 - 2011,4.51
,,2011 - 2012,4.58
,,2012 - 2013,4.58
,,2013 - 2014,4.61
,,2014 - 2015,4.61
,,2015 - 2016,4.59
,,2016 - 2017,4.6
,,2017 - 2018,16.03
,,2018 - 2019,16.0
,,2019 - 2020,16.0
,,2020 - 2021,13.6
,,2021 - 2022,13.24
,,2022 - 2023,14.98
,Rudra prayag,2000 - 2001,7.67
,,2001 - 2002,7.06
,,2002 - 2003,7.07
,,2003 - 2004,11.0
,,2004 - 2005,11.0
,,2005 - 2006,11.5
,,2006 - 2007,3.52
,,2007 - 2008,3.5
,,2008 - 2009,4.5
,,2009 - 2010,2.5
,,2010 - 2011,5.56
,,2011 - 2012,5.5
,,2012 - 2013,5.36
,,2013 - 2014,5.55
,,2014 - 2015,5.53
,,2015 - 2016,5.48
,,2016 - 2017,5.46
,,2017 - 2018,16.25
,,2018 - 2019,16.27
,,2019 - 2020,16.29
,,2020 - 2021,13.87
,,2021 - 2022,13.67
,,2022 - 2023,15.28
,Tehri garhwal,2000 - 2001,6.18
,,2001 - 2002,5.29
,,2002 - 2003,5.3
,,2003 - 2004,10.5
,,2004 - 2005,8.2
,,2005 - 2006,10.0
,,2006 - 2007,5.0
,,2007 - 2008,4.0
,,2008 - 2009,4.0
,,2009 - 2010,2.51
,,2010 - 2011,6.8
,,2011 - 2012,6.8
,,2012 - 2013,6.78
,,2013 - 2014,6.55
,,2014 - 2015,6.55
,,2015 - 2016,6.71
,,2016 - 2017,16.03
,,2017 - 2018,16.29
,,2018 - 2019,16.04
,,2019 - 2020,16.04
,,2020 - 2021,13.63
,,2021 - 2022,15.61
,,2022 - 2023,15.52
,Udam singh nagar,2000 - 2001,9.83
,,2001 - 2002,10.0
,,2002 - 2003,10.0
,,2003 - 2004,12.0
,,2004 - 2005,11.5
,,2005 - 2006,11.5
,,2006 - 2007,7.0
,,2007 - 2008,8.0
,,2008 - 2009,7.0
,,2009 - 2010,5.0
,,2010 - 2011,5.0
,,2011 - 2012,6.0
,,2017 - 2018,14.0
,,2018 - 2019,14.0
,,2019 - 2020,14.0
,,2020 - 2021,13.83
,,2021 - 2022,13.83
,,2022 - 2023,13.83
,Uttar kashi,2000 - 2001,13.7
,,2001 - 2002,5.16
,,2002 - 2003,5.18
,,2003 - 2004,9.79
,,2004 - 2005,6.0
,,2005 - 2006,15.0
,,2006 - 2007,6.0
,,2007 - 2008,6.0
,,2008 - 2009,5.0
,,2009 - 2010,5.0
,,2010 - 2011,6.51
,,2011 - 2012,6.5
,,2012 - 2013,6.52
,,2013 - 2014,6.63
,,2014 - 2015,6.62
,,2015 - 2016,6.54
,,2016 - 2017,6.54
,,2017 - 2018,16.29
,,2018 - 2019,15.74
,,2019 - 2020,15.75
,,2020 - 2021,13.38
,,2021 - 2022,13.55
,,2022 - 2023,14.96
