state,district,year,soyabean_kharif_yield_tonne_per_hectare
Andhra Pradesh,Anantapur,2002 - 2003,0.0
,,2003 - 2004,1.13
,,2004 - 2005,0.61
,,2005 - 2006,0.55
,,2008 - 2009,1.36
,,2009 - 2010,0.83
,,2010 - 2011,1.7
,,2011 - 2012,1.62
,,2012 - 2013,1.82
,,2013 - 2014,1.61
,,2014 - 2015,1.14
,,2015 - 2016,1.07
,,2016 - 2017,0.36
,,2017 - 2018,1.0
,,2018 - 2019,1.1
,,2019 - 2020,0.5
,,2020 - 2021,0.65
,,2021 - 2022,0.28
,,2022 - 2023,1.84
,Annamayya,2022 - 2023,2.0
,Bapatla,2022 - 2023,1.84
,Chittoor,2012 - 2013,1.82
,,2013 - 2014,1.64
,East godavari,2005 - 2006,0.55
,,2006 - 2007,1.02
,,2008 - 2009,1.37
,,2009 - 2010,0.82
,,2011 - 2012,1.62
,,2014 - 2015,2.27
,Guntur,2002 - 2003,0.0
,,2003 - 2004,1.1
,,2004 - 2005,0.61
,,2005 - 2006,0.55
,,2006 - 2007,1.02
,,2010 - 2011,2.0
,,2011 - 2012,1.6
,,2012 - 2013,1.82
,,2013 - 2014,1.61
,,2014 - 2015,2.91
,,2015 - 2016,1.62
,,2016 - 2017,1.39
,,2017 - 2018,2.0
,,2020 - 2021,1.25
,,2021 - 2022,1.55
,,2022 - 2023,1.84
,Kadapa,2005 - 2006,0.67
,,2008 - 2009,1.33
,,2009 - 2010,0.81
,,2010 - 2011,1.7
,,2011 - 2012,1.62
,,2012 - 2013,1.82
,,2013 - 2014,1.62
,,2014 - 2015,
,,2015 - 2016,1.5
,,2016 - 2017,0.88
,,2017 - 2018,2.0
,,2018 - 2019,1.91
,,2020 - 2021,0.7
,,2021 - 2022,0.89
,,2022 - 2023,1.84
,Krishna,2004 - 2005,0.56
,Kurnool,2005 - 2006,0.55
,,2006 - 2007,1.02
,,2008 - 2009,1.36
,,2009 - 2010,0.82
,,2010 - 2011,1.7
,,2011 - 2012,1.61
,,2012 - 2013,1.81
,,2013 - 2014,1.62
,,2014 - 2015,1.18
,,2015 - 2016,1.44
,,2016 - 2017,1.44
,,2017 - 2018,1.96
,,2018 - 2019,1.96
,,2019 - 2020,1.76
,,2020 - 2021,1.62
,,2021 - 2022,1.84
,,2022 - 2023,1.84
,Nandyal,2022 - 2023,1.84
,Palnadu,2022 - 2023,1.84
,Prakasam,2002 - 2003,0.0
,,2003 - 2004,1.1
,,2006 - 2007,1.0
,,2008 - 2009,1.38
,,2010 - 2011,2.0
,,2011 - 2012,1.57
,,2012 - 2013,1.67
,,2013 - 2014,1.62
,,2014 - 2015,2.28
,,2015 - 2016,1.62
,,2016 - 2017,
,,2018 - 2019,2.0
,,2021 - 2022,
,,2022 - 2023,1.84
,Spsr nellore,2012 - 2013,
,,2013 - 2014,
,,2022 - 2023,1.83
,Sri sathya sai,2022 - 2023,1.83
,Vizianagaram,2021 - 2022,2.0
,West godavari,2009 - 2010,0.0
Arunachal Pradesh,Anjaw,2016 - 2017,2.25
,,2017 - 2018,1.43
,,2018 - 2019,1.43
,,2019 - 2020,1.43
,,2020 - 2021,1.36
,,2021 - 2022,0.78
,,2022 - 2023,1.13
,Changlang,2016 - 2017,0.99
,,2017 - 2018,2.98
,,2018 - 2019,2.93
,,2019 - 2020,2.93
,,2020 - 2021,2.9
,,2021 - 2022,1.94
,,2022 - 2023,1.22
,Dibang valley,2016 - 2017,1.23
,,2017 - 2018,0.73
,,2018 - 2019,0.73
,,2019 - 2020,0.73
,,2020 - 2021,0.73
,,2021 - 2022,0.74
,,2022 - 2023,0.75
,East kameng,2016 - 2017,1.64
,,2017 - 2018,1.05
,,2018 - 2019,1.05
,,2019 - 2020,1.05
,,2020 - 2021,1.02
,,2021 - 2022,1.24
,,2022 - 2023,1.5
,East siang,2016 - 2017,1.29
,,2017 - 2018,1.01
,,2018 - 2019,1.01
,,2019 - 2020,1.01
,,2020 - 2021,1.04
,,2021 - 2022,1.46
,,2022 - 2023,1.56
,Kamle,2018 - 2019,0.65
,,2019 - 2020,0.65
,,2020 - 2021,1.44
,,2021 - 2022,0.91
,,2022 - 2023,1.06
,Kra daadi,2016 - 2017,9.5
,,2017 - 2018,0.36
,,2018 - 2019,0.36
,,2019 - 2020,0.5
,,2020 - 2021,0.71
,,2021 - 2022,1.06
,,2022 - 2023,1.07
,Kurung kumey,2016 - 2017,1.01
,,2017 - 2018,2.91
,,2018 - 2019,2.91
,,2019 - 2020,2.91
,,2020 - 2021,0.94
,,2021 - 2022,1.23
,,2022 - 2023,1.1
,Leparada,2019 - 2020,2.0
,,2020 - 2021,1.86
,,2021 - 2022,1.22
,,2022 - 2023,1.5
,Lohit,2016 - 2017,0.76
,,2017 - 2018,0.1
,,2018 - 2019,0.1
,,2019 - 2020,0.1
,,2020 - 2021,0.19
,,2021 - 2022,1.48
,,2022 - 2023,1.12
,Longding,2016 - 2017,1.26
,,2017 - 2018,1.53
,,2018 - 2019,1.53
,,2019 - 2020,1.53
,,2020 - 2021,1.53
,,2021 - 2022,0.88
,,2022 - 2023,0.96
,Lower dibang valley,2016 - 2017,0.71
,,2017 - 2018,1.37
,,2018 - 2019,1.38
,,2019 - 2020,1.38
,,2020 - 2021,1.38
,,2021 - 2022,1.43
,,2022 - 2023,1.33
,Lower siang,2018 - 2019,2.37
,,2019 - 2020,2.37
,,2020 - 2021,2.41
,,2021 - 2022,1.31
,,2022 - 2023,1.24
,Lower subansiri,2016 - 2017,3.09
,,2017 - 2018,0.39
,,2018 - 2019,0.53
,,2019 - 2020,0.57
,,2020 - 2021,2.91
,,2021 - 2022,1.28
,,2022 - 2023,1.21
,Namsai,2016 - 2017,1.05
,,2017 - 2018,2.17
,,2018 - 2019,2.17
,,2019 - 2020,2.17
,,2020 - 2021,2.17
,,2021 - 2022,2.16
,,2022 - 2023,2.14
,Pakke kessang,2019 - 2020,1.03
,,2020 - 2021,1.04
,,2021 - 2022,1.24
,,2022 - 2023,1.73
,Papum pare,2016 - 2017,1.08
,,2017 - 2018,0.94
,,2018 - 2019,0.94
,,2019 - 2020,0.94
,,2020 - 2021,0.5
,,2021 - 2022,1.15
,,2022 - 2023,1.15
,Shi yomi,2019 - 2020,1.33
,,2020 - 2021,1.14
,,2021 - 2022,1.0
,,2022 - 2023,0.9
,Siang,2016 - 2017,2.94
,,2017 - 2018,5.37
,,2018 - 2019,5.37
,,2019 - 2020,5.37
,,2020 - 2021,5.5
,,2021 - 2022,1.35
,,2022 - 2023,1.25
,Tawang,2016 - 2017,1.78
,,2017 - 2018,1.46
,,2018 - 2019,1.47
,,2019 - 2020,1.46
,,2020 - 2021,1.51
,,2021 - 2022,1.51
,,2022 - 2023,1.52
,Tirap,2016 - 2017,2.69
,,2017 - 2018,1.48
,,2018 - 2019,1.48
,,2019 - 2020,1.48
,,2020 - 2021,1.48
,,2021 - 2022,1.2
,,2022 - 2023,1.3
,Upper siang,2021 - 2022,1.33
,,2022 - 2023,1.36
,Upper subansiri,2016 - 2017,2.11
,,2017 - 2018,0.65
,,2018 - 2019,0.61
,,2019 - 2020,0.62
,,2020 - 2021,0.65
,,2021 - 2022,0.94
,,2022 - 2023,1.09
,West kameng,2016 - 2017,1.62
,,2017 - 2018,0.99
,,2018 - 2019,0.99
,,2019 - 2020,0.99
,,2020 - 2021,1.04
,,2021 - 2022,1.17
,,2022 - 2023,1.34
,West siang,2016 - 2017,2.62
,,2017 - 2018,1.9
,,2018 - 2019,1.4
,,2019 - 2020,1.44
,,2020 - 2021,0.57
,,2021 - 2022,1.47
,,2022 - 2023,1.13
Bihar,Begusarai,2019 - 2020,0.76
,,2020 - 2021,0.46
,,2021 - 2022,0.76
,,2022 - 2023,0.91
,Khagaria,2019 - 2020,0.59
,,2020 - 2021,0.56
,,2021 - 2022,0.23
,,2022 - 2023,1.05
,Lakhisarai,2019 - 2020,0.75
,,2020 - 2021,0.47
,,2021 - 2022,0.78
,Samastipur,2019 - 2020,0.9
,,2020 - 2021,0.46
,,2021 - 2022,0.75
,,2022 - 2023,2.43
Chhattisgarh,Balod,2011 - 2012,0.74
,,2012 - 2013,1.13
,,2013 - 2014,0.84
,,2014 - 2015,0.58
,,2015 - 2016,0.39
,,2018 - 2019,0.0
,,2019 - 2020,0.85
,,2020 - 2021,0.66
,Baloda bazar,2011 - 2012,0.91
,,2012 - 2013,1.93
,,2013 - 2014,1.62
,,2014 - 2015,1.12
,,2015 - 2016,0.89
,,2016 - 2017,1.0
,,2017 - 2018,0.5
,,2018 - 2019,0.83
,,2019 - 2020,1.27
,,2020 - 2021,0.82
,,2021 - 2022,0.83
,,2022 - 2023,1.19
,Balrampur,2011 - 2012,0.71
,,2012 - 2013,1.07
,,2013 - 2014,0.73
,,2014 - 2015,0.54
,,2015 - 2016,0.37
,,2016 - 2017,7.92
,,2017 - 2018,0.31
,,2018 - 2019,0.57
,,2019 - 2020,0.91
,,2020 - 2021,0.61
,,2021 - 2022,0.52
,,2022 - 2023,1.0
,Bastar,2000 - 2001,0.77
,,2001 - 2002,1.09
,,2002 - 2003,0.8
,,2003 - 2004,1.28
,,2004 - 2005,1.36
,,2005 - 2006,1.25
,,2006 - 2007,1.71
,,2007 - 2008,1.57
,,2008 - 2009,1.32
,,2009 - 2010,1.09
,,2010 - 2011,1.47
,,2011 - 2012,1.0
,,2012 - 2013,1.76
,,2014 - 2015,1.06
,,2018 - 2019,1.2
,,2020 - 2021,1.0
,,2021 - 2022,1.33
,,2022 - 2023,1.0
,Bemetara,2011 - 2012,0.73
,,2012 - 2013,1.02
,,2013 - 2014,0.78
,,2014 - 2015,0.55
,,2015 - 2016,0.0
,,2016 - 2017,0.62
,,2017 - 2018,0.22
,,2018 - 2019,0.5
,,2019 - 2020,0.87
,,2020 - 2021,0.61
,,2021 - 2022,0.6
,,2022 - 2023,0.8
,Bijapur,2014 - 2015,1.0
,Bilaspur,2000 - 2001,0.53
,,2001 - 2002,0.91
,,2002 - 2003,0.61
,,2003 - 2004,1.0
,,2004 - 2005,1.05
,,2005 - 2006,1.05
,,2006 - 2007,1.28
,,2007 - 2008,1.42
,,2008 - 2009,1.31
,,2009 - 2010,1.12
,,2010 - 2011,1.38
,,2011 - 2012,0.98
,,2012 - 2013,1.52
,,2013 - 2014,1.24
,,2014 - 2015,0.86
,,2015 - 2016,0.72
,,2017 - 2018,0.47
,,2018 - 2019,0.92
,,2019 - 2020,1.35
,,2020 - 2021,0.86
,,2021 - 2022,0.9
,,2022 - 2023,1.17
,Dantewada,2000 - 2001,0.67
,,2001 - 2002,1.15
,,2002 - 2003,0.67
,,2004 - 2005,0.96
,,2005 - 2006,0.89
,,2006 - 2007,0.79
,,2007 - 2008,1.38
,,2008 - 2009,2.0
,,2009 - 2010,1.14
,,2010 - 2011,1.42
,,2011 - 2012,1.0
,,2012 - 2013,1.57
,,2013 - 2014,1.43
,,2014 - 2015,0.88
,,2015 - 2016,0.56
,,2016 - 2017,1.0
,Dhamtari,2001 - 2002,1.0
,,2002 - 2003,0.67
,,2003 - 2004,1.2
,,2005 - 2006,1.31
,,2006 - 2007,1.45
,Durg,2000 - 2001,0.51
,,2001 - 2002,0.65
,,2002 - 2003,0.47
,,2003 - 2004,0.74
,,2004 - 2005,0.86
,,2005 - 2006,0.83
,,2006 - 2007,0.89
,,2007 - 2008,1.09
,,2008 - 2009,0.81
,,2009 - 2010,0.82
,,2010 - 2011,1.05
,,2011 - 2012,0.73
,,2012 - 2013,1.17
,,2013 - 2014,0.84
,,2014 - 2015,0.59
,,2015 - 2016,0.48
,,2016 - 2017,0.84
,,2017 - 2018,0.4
,,2018 - 2019,0.58
,,2019 - 2020,0.99
,,2020 - 2021,0.71
,,2021 - 2022,0.63
,,2022 - 2023,1.02
,Gariyaband,2011 - 2012,1.0
,Gaurella-pendra-marwahi,2020 - 2021,1.33
,,2021 - 2022,1.4
,,2022 - 2023,1.0
,Janjgir-champa,2000 - 2001,0.67
,,2001 - 2002,1.0
,,2002 - 2003,0.83
,,2003 - 2004,1.08
,,2004 - 2005,1.2
,,2005 - 2006,1.03
,,2006 - 2007,1.19
,,2007 - 2008,1.41
,,2008 - 2009,1.36
,,2009 - 2010,1.33
,,2010 - 2011,1.52
,,2011 - 2012,1.03
,,2012 - 2013,1.63
,,2013 - 2014,1.32
,,2014 - 2015,0.96
,,2015 - 2016,0.68
,,2016 - 2017,1.07
,,2017 - 2018,0.43
,,2018 - 2019,0.77
,Jashpur,2000 - 2001,0.64
,,2001 - 2002,0.72
,,2002 - 2003,0.61
,,2003 - 2004,0.97
,,2004 - 2005,0.81
,,2005 - 2006,0.92
,,2006 - 2007,0.9
,,2007 - 2008,1.2
,,2008 - 2009,1.15
,,2009 - 2010,1.1
,,2010 - 2011,1.2
,,2011 - 2012,0.75
,,2014 - 2015,0.6
,,2015 - 2016,0.4
,,2016 - 2017,0.8
,,2020 - 2021,0.75
,,2021 - 2022,1.2
,,2022 - 2023,1.0
,Kabirdham,2000 - 2001,0.44
,,2001 - 2002,0.68
,,2002 - 2003,0.57
,,2003 - 2004,0.99
,,2004 - 2005,1.03
,,2005 - 2006,0.85
,,2006 - 2007,1.06
,,2007 - 2008,1.09
,,2008 - 2009,1.14
,,2009 - 2010,1.13
,,2010 - 2011,1.27
,,2011 - 2012,0.89
,,2012 - 2013,1.35
,,2013 - 2014,1.23
,,2014 - 2015,0.4
,,2015 - 2016,0.52
,,2016 - 2017,0.86
,,2017 - 2018,0.32
,,2018 - 2019,0.53
,,2019 - 2020,1.17
,,2020 - 2021,0.75
,,2021 - 2022,0.87
,,2022 - 2023,1.0
,Kanker,2000 - 2001,0.65
,,2001 - 2002,1.16
,,2002 - 2003,0.2
,,2003 - 2004,1.38
,,2004 - 2005,1.5
,,2005 - 2006,1.33
,,2014 - 2015,1.0
,,2017 - 2018,0.38
,,2018 - 2019,1.0
,,2019 - 2020,1.0
,,2020 - 2021,1.08
,,2021 - 2022,0.68
,,2022 - 2023,0.8
,Khairgarh chhuikhadan gandai,2022 - 2023,0.98
,Kondagaon,2011 - 2012,1.0
,,2012 - 2013,0.0
,Korba,2000 - 2001,0.5
,,2001 - 2002,1.0
,,2004 - 2005,0.5
,,2005 - 2006,0.67
,,2006 - 2007,0.67
,,2007 - 2008,1.33
,,2008 - 2009,1.33
,,2009 - 2010,0.0
,,2010 - 2011,0.67
,,2011 - 2012,0.75
,,2012 - 2013,1.0
,,2013 - 2014,1.0
,,2014 - 2015,0.67
,,2015 - 2016,1.0
,,2018 - 2019,1.0
,,2019 - 2020,1.0
,Korea,2000 - 2001,0.6
,,2001 - 2002,0.5
,,2002 - 2003,0.43
,,2003 - 2004,0.5
,,2005 - 2006,0.33
,,2006 - 2007,0.67
,,2007 - 2008,0.75
,,2008 - 2009,1.0
,,2009 - 2010,1.0
,,2010 - 2011,0.0
,,2011 - 2012,0.67
,,2012 - 2013,0.0
,,2013 - 2014,1.0
,,2014 - 2015,0.6
,,2015 - 2016,0.25
,,2016 - 2017,0.75
,,2017 - 2018,0.33
,,2018 - 2019,0.67
,,2019 - 2020,0.8
,Mahasamund,2000 - 2001,0.64
,,2001 - 2002,1.2
,,2002 - 2003,0.82
,,2004 - 2005,1.21
,,2005 - 2006,1.13
,,2006 - 2007,1.2
,,2007 - 2008,1.41
,,2008 - 2009,1.63
,,2011 - 2012,1.0
,,2012 - 2013,2.0
,,2013 - 2014,1.0
,,2014 - 2015,1.5
,,2016 - 2017,1.0
,,2021 - 2022,2.0
,,2022 - 2023,1.5
,Mungeli,2011 - 2012,0.98
,,2012 - 2013,1.73
,,2013 - 2014,1.25
,,2014 - 2015,0.86
,,2015 - 2016,0.61
,,2016 - 2017,1.24
,,2017 - 2018,0.44
,,2018 - 2019,0.9
,,2019 - 2020,1.46
,,2020 - 2021,0.95
,,2021 - 2022,0.86
,,2022 - 2023,1.15
,Narayanpur,2006 - 2007,0.0
,Raigarh,2000 - 2001,0.37
,,2002 - 2003,0.53
,,2003 - 2004,0.88
,,2004 - 2005,0.73
,,2006 - 2007,1.08
,,2007 - 2008,1.18
,,2008 - 2009,1.17
,,2009 - 2010,1.0
,,2010 - 2011,1.23
,,2011 - 2012,0.6
,,2012 - 2013,1.0
,,2013 - 2014,1.0
,,2014 - 2015,1.0
,,2015 - 2016,0.5
,,2016 - 2017,0.67
,,2017 - 2018,0.6
,Raipur,2000 - 2001,0.62
,,2001 - 2002,1.14
,,2002 - 2003,0.7
,,2003 - 2004,1.07
,,2004 - 2005,1.27
,,2005 - 2006,1.2
,,2006 - 2007,1.26
,,2007 - 2008,1.47
,,2008 - 2009,1.33
,,2009 - 2010,1.15
,,2010 - 2011,1.56
,,2011 - 2012,0.91
,,2012 - 2013,1.93
,,2013 - 2014,1.63
,,2014 - 2015,1.12
,,2015 - 2016,0.85
,,2016 - 2017,1.36
,,2017 - 2018,0.56
,,2018 - 2019,1.08
,,2019 - 2020,1.75
,,2020 - 2021,1.1
,,2021 - 2022,1.02
,,2022 - 2023,1.36
,Rajnandgaon,2000 - 2001,0.59
,,2001 - 2002,0.83
,,2002 - 2003,0.57
,,2003 - 2004,0.91
,,2004 - 2005,0.97
,,2005 - 2006,1.02
,,2006 - 2007,1.03
,,2007 - 2008,1.32
,,2008 - 2009,0.93
,,2009 - 2010,0.79
,,2010 - 2011,1.19
,,2011 - 2012,0.83
,,2012 - 2013,1.25
,,2013 - 2014,1.14
,,2014 - 2015,0.38
,,2015 - 2016,0.43
,,2016 - 2017,0.77
,,2017 - 2018,0.44
,,2018 - 2019,0.85
,,2019 - 2020,1.26
,,2020 - 2021,0.81
,,2021 - 2022,0.71
,,2022 - 2023,0.98
,Sukma,2012 - 2013,2.0
,,2013 - 2014,1.0
,,2014 - 2015,1.0
,Surajpur,2011 - 2012,0.67
,,2012 - 2013,1.0
,,2013 - 2014,0.8
,,2014 - 2015,0.45
,,2015 - 2016,0.43
,,2016 - 2017,0.73
,,2017 - 2018,0.29
,,2018 - 2019,0.8
,Surguja,2000 - 2001,0.51
,,2001 - 2002,0.7
,,2002 - 2003,0.49
,,2003 - 2004,0.87
,,2004 - 2005,0.74
,,2005 - 2006,0.87
,,2006 - 2007,0.92
,,2007 - 2008,1.04
,,2008 - 2009,0.92
,,2009 - 2010,0.52
,,2010 - 2011,0.51
,,2011 - 2012,0.78
,,2012 - 2013,1.13
,,2013 - 2014,0.89
,,2014 - 2015,0.67
,,2015 - 2016,0.5
,,2017 - 2018,0.25
,,2018 - 2019,0.8
,,2019 - 2020,0.67
Gujarat,Ahmadabad,2015 - 2016,0.8
,,2017 - 2018,1.0
,,2018 - 2019,1.0
,,2022 - 2023,1.68
,Amreli,2015 - 2016,0.77
,,2018 - 2019,0.67
,,2020 - 2021,1.36
,,2021 - 2022,1.63
,,2022 - 2023,1.95
,Anand,2015 - 2016,1.0
,,2016 - 2017,0.7
,,2017 - 2018,0.71
,,2018 - 2019,1.8
,,2019 - 2020,1.0
,,2021 - 2022,1.62
,,2022 - 2023,1.71
,Aravalli,2014 - 2015,0.8
,,2015 - 2016,0.8
,,2016 - 2017,1.08
,,2017 - 2018,1.24
,,2018 - 2019,8.48
,,2019 - 2020,1.37
,,2020 - 2021,1.41
,,2021 - 2022,1.75
,,2022 - 2023,1.77
,Banas kantha,2021 - 2022,1.63
,,2022 - 2023,1.68
,Bharuch,2010 - 2011,0.83
,,2017 - 2018,1.25
,,2018 - 2019,0.8
,,2019 - 2020,1.4
,,2020 - 2021,1.07
,,2021 - 2022,1.27
,,2022 - 2023,1.24
,Bhavnagar,2021 - 2022,1.67
,,2022 - 2023,1.68
,Botad,2020 - 2021,1.36
,,2021 - 2022,1.63
,,2022 - 2023,1.68
,Chhotaudepur,2014 - 2015,0.85
,,2015 - 2016,0.84
,,2016 - 2017,0.83
,,2017 - 2018,0.85
,,2018 - 2019,1.71
,,2019 - 2020,1.75
,,2020 - 2021,1.57
,,2021 - 2022,1.71
,,2022 - 2023,1.4
,Dang,2010 - 2011,0.81
,,2012 - 2013,0.4
,,2015 - 2016,0.41
,,2016 - 2017,0.6
,,2017 - 2018,0.7
,,2018 - 2019,1.23
,,2019 - 2020,0.64
,,2020 - 2021,1.36
,,2021 - 2022,1.16
,,2022 - 2023,1.08
,Devbhumi dwarka,2016 - 2017,1.75
,,2021 - 2022,1.67
,,2022 - 2023,1.68
,Dohad,2010 - 2011,0.8
,,2011 - 2012,0.77
,,2012 - 2013,0.79
,,2013 - 2014,0.79
,,2014 - 2015,0.78
,,2015 - 2016,0.79
,,2016 - 2017,0.76
,,2017 - 2018,0.77
,,2018 - 2019,2.01
,,2019 - 2020,0.99
,,2020 - 2021,1.09
,,2021 - 2022,1.09
,,2022 - 2023,1.1
,Gandhinagar,2016 - 2017,0.88
,,2020 - 2021,1.36
,,2021 - 2022,1.63
,,2022 - 2023,1.68
,Gir somnath,2020 - 2021,1.5
,,2021 - 2022,1.61
,,2022 - 2023,1.91
,Jamnagar,2010 - 2011,1.0
,,2014 - 2015,0.38
,,2015 - 2016,0.37
,,2018 - 2019,1.25
,,2021 - 2022,1.63
,,2022 - 2023,1.68
,Junagadh,2010 - 2011,1.0
,,2013 - 2014,0.75
,,2014 - 2015,0.75
,,2015 - 2016,0.75
,,2018 - 2019,0.74
,,2019 - 2020,1.32
,,2020 - 2021,1.5
,,2021 - 2022,1.85
,,2022 - 2023,1.95
,Kachchh,2016 - 2017,0.8
,,2017 - 2018,0.88
,,2021 - 2022,1.65
,Kheda,2010 - 2011,0.8
,,2013 - 2014,0.78
,,2014 - 2015,0.8
,,2015 - 2016,0.78
,,2016 - 2017,0.71
,,2017 - 2018,0.74
,,2018 - 2019,1.6
,,2019 - 2020,1.32
,,2020 - 2021,1.46
,,2021 - 2022,1.39
,,2022 - 2023,1.44
,Mahesana,2010 - 2011,1.0
,,2020 - 2021,1.36
,,2021 - 2022,1.63
,,2022 - 2023,1.68
,Mahisagar,2014 - 2015,0.77
,,2015 - 2016,0.84
,,2016 - 2017,1.19
,,2017 - 2018,1.51
,,2018 - 2019,1.45
,,2019 - 2020,1.13
,,2020 - 2021,0.52
,,2021 - 2022,1.42
,,2022 - 2023,1.12
,Morbi,2014 - 2015,0.75
,,2015 - 2016,0.75
,,2016 - 2017,1.5
,,2017 - 2018,1.51
,,2018 - 2019,0.75
,,2019 - 2020,1.95
,,2020 - 2021,0.92
,,2021 - 2022,1.63
,,2022 - 2023,1.68
,Narmada,2010 - 2011,0.81
,,2013 - 2014,0.81
,,2014 - 2015,0.81
,,2015 - 2016,0.81
,,2016 - 2017,0.85
,,2017 - 2018,0.88
,,2018 - 2019,1.36
,,2019 - 2020,1.44
,,2020 - 2021,1.45
,,2021 - 2022,1.51
,,2022 - 2023,1.5
,Panch mahals,2010 - 2011,0.75
,,2011 - 2012,0.6
,,2012 - 2013,1.0
,,2013 - 2014,0.75
,,2014 - 2015,0.75
,,2015 - 2016,0.83
,,2016 - 2017,1.2
,,2017 - 2018,1.5
,,2018 - 2019,1.8
,,2019 - 2020,1.32
,,2020 - 2021,1.3
,,2021 - 2022,1.63
,,2022 - 2023,1.11
,Patan,2016 - 2017,0.9
,,2021 - 2022,1.61
,Porbandar,2021 - 2022,1.63
,,2022 - 2023,1.68
,Rajkot,2014 - 2015,0.37
,,2015 - 2016,0.37
,,2016 - 2017,0.53
,,2017 - 2018,0.69
,,2018 - 2019,0.47
,,2019 - 2020,1.09
,,2020 - 2021,1.36
,,2021 - 2022,1.79
,,2022 - 2023,2.19
,Sabar kantha,2010 - 2011,0.8
,,2011 - 2012,0.8
,,2012 - 2013,0.81
,,2013 - 2014,0.8
,,2014 - 2015,0.8
,,2018 - 2019,1.0
,,2019 - 2020,1.32
,,2020 - 2021,1.79
,,2021 - 2022,1.85
,,2022 - 2023,1.74
,Surat,2010 - 2011,0.85
,,2012 - 2013,0.44
,,2013 - 2014,0.79
,,2014 - 2015,0.64
,,2015 - 2016,0.62
,,2016 - 2017,0.88
,,2017 - 2018,0.9
,,2018 - 2019,1.34
,,2019 - 2020,1.39
,,2020 - 2021,1.21
,,2021 - 2022,1.28
,,2022 - 2023,1.31
,Surendranagar,2020 - 2021,1.36
,,2021 - 2022,1.63
,,2022 - 2023,1.68
,Tapi,2010 - 2011,0.84
,,2011 - 2012,0.79
,,2012 - 2013,0.83
,,2013 - 2014,0.82
,,2014 - 2015,0.81
,,2015 - 2016,0.81
,,2016 - 2017,1.05
,,2017 - 2018,1.15
,,2018 - 2019,1.28
,,2019 - 2020,1.55
,,2020 - 2021,1.54
,,2021 - 2022,1.79
,,2022 - 2023,1.43
,Vadodara,2010 - 2011,0.79
,,2011 - 2012,0.88
,,2012 - 2013,0.85
,,2013 - 2014,0.83
,,2014 - 2015,0.85
,,2015 - 2016,0.84
,,2016 - 2017,0.72
,,2017 - 2018,0.74
,,2018 - 2019,1.64
,,2019 - 2020,1.37
,,2020 - 2021,1.45
,,2021 - 2022,1.39
,,2022 - 2023,1.38
Haryana,Ambala,2010 - 2011,0.0
,Hisar,2021 - 2022,0.6
,Jhajjar,2011 - 2012,0.0
Himachal Pradesh,Bilaspur,2000 - 2001,1.24
,,2001 - 2002,1.18
,,2002 - 2003,1.65
,,2006 - 2007,1.71
,,2008 - 2009,1.4
,,2009 - 2010,0.67
,,2010 - 2011,1.56
,,2011 - 2012,1.56
,,2012 - 2013,1.56
,,2013 - 2014,1.44
,,2014 - 2015,0.11
,,2015 - 2016,1.63
,,2016 - 2017,1.63
,,2017 - 2018,1.63
,,2018 - 2019,1.58
,,2019 - 2020,1.67
,,2020 - 2021,0.78
,Chamba,2002 - 2003,0.0
,,2018 - 2019,1.5
,,2019 - 2020,1.5
,Hamirpur,2001 - 2002,1.0
,Kangra,2000 - 2001,0.85
,,2001 - 2002,1.64
,,2002 - 2003,1.64
,,2005 - 2006,1.4
,,2006 - 2007,1.68
,,2007 - 2008,1.68
,,2008 - 2009,1.68
,,2009 - 2010,0.67
,,2010 - 2011,1.38
,,2011 - 2012,1.36
,,2012 - 2013,1.44
,,2013 - 2014,1.38
,,2014 - 2015,1.38
,,2015 - 2016,1.37
,,2016 - 2017,1.37
,,2017 - 2018,1.38
,,2018 - 2019,1.5
,,2019 - 2020,1.55
,,2020 - 2021,0.84
,,2021 - 2022,0.86
,,2022 - 2023,0.8
,Kullu,2000 - 2001,1.0
,,2001 - 2002,1.17
,,2002 - 2003,1.6
,,2005 - 2006,1.0
,,2006 - 2007,1.75
,,2007 - 2008,1.0
,,2008 - 2009,1.25
,,2009 - 2010,1.0
,,2010 - 2011,1.5
,,2011 - 2012,1.5
,,2012 - 2013,1.5
,,2013 - 2014,1.5
,,2014 - 2015,1.5
,,2015 - 2016,1.5
,,2016 - 2017,1.5
,,2017 - 2018,1.5
,,2018 - 2019,1.67
,,2019 - 2020,1.67
,,2020 - 2021,1.0
,,2021 - 2022,1.0
,,2022 - 2023,1.0
,Mandi,2000 - 2001,0.98
,,2001 - 2002,1.06
,,2002 - 2003,1.64
,,2005 - 2006,1.39
,,2006 - 2007,1.68
,,2007 - 2008,1.68
,,2008 - 2009,1.68
,,2009 - 2010,0.81
,,2010 - 2011,1.48
,,2011 - 2012,1.91
,,2012 - 2013,1.32
,,2013 - 2014,1.56
,,2014 - 2015,1.91
,,2015 - 2016,1.74
,,2016 - 2017,1.91
,,2017 - 2018,1.74
,,2018 - 2019,1.73
,,2019 - 2020,1.74
,,2020 - 2021,0.74
,,2021 - 2022,0.74
,,2022 - 2023,0.74
,Shimla,2000 - 2001,1.0
,,2001 - 2002,1.61
,,2002 - 2003,1.43
,,2005 - 2006,1.63
,,2006 - 2007,1.67
,,2007 - 2008,1.7
,,2008 - 2009,1.68
,,2009 - 2010,0.89
,,2010 - 2011,1.67
,,2011 - 2012,1.67
,,2012 - 2013,1.67
,,2013 - 2014,1.56
,,2014 - 2015,1.56
,,2015 - 2016,2.8
,,2016 - 2017,1.75
,,2017 - 2018,2.8
,,2018 - 2019,1.6
,,2019 - 2020,1.6
,,2020 - 2021,0.75
,,2021 - 2022,1.0
,,2022 - 2023,1.0
,Sirmaur,2000 - 2001,0.25
,,2001 - 2002,0.34
,,2002 - 2003,1.47
,,2005 - 2006,1.63
,,2006 - 2007,1.68
,,2007 - 2008,1.69
,,2008 - 2009,1.66
,,2009 - 2010,0.71
,,2010 - 2011,1.41
,,2011 - 2012,1.41
,,2012 - 2013,1.44
,,2013 - 2014,1.12
,,2014 - 2015,1.44
,,2015 - 2016,1.44
,,2016 - 2017,1.38
,,2017 - 2018,1.5
,,2018 - 2019,1.6
,,2019 - 2020,1.73
,,2020 - 2021,0.98
,,2022 - 2023,0.98
,Solan,2000 - 2001,1.07
,,2001 - 2002,1.41
,,2002 - 2003,1.63
,,2005 - 2006,1.65
,,2006 - 2007,1.67
,,2007 - 2008,1.7
,,2008 - 2009,1.69
,,2009 - 2010,0.67
,,2010 - 2011,1.11
,,2011 - 2012,1.11
,,2012 - 2013,1.53
,,2013 - 2014,1.44
,,2014 - 2015,1.12
,,2015 - 2016,1.12
,,2016 - 2017,1.12
,,2017 - 2018,1.24
,,2018 - 2019,1.59
,,2019 - 2020,1.59
,,2020 - 2021,1.36
,,2021 - 2022,1.31
,,2022 - 2023,1.33
Jharkhand,Bokaro,2017 - 2018,0.82
,,2018 - 2019,1.2
,,2019 - 2020,1.6
,,2020 - 2021,1.6
,,2021 - 2022,1.59
,,2022 - 2023,1.59
,Chatra,2017 - 2018,0.83
,,2018 - 2019,0.85
,,2019 - 2020,1.82
,,2020 - 2021,1.82
,,2021 - 2022,1.84
,,2022 - 2023,1.82
,Deoghar,2017 - 2018,1.0
,,2018 - 2019,0.83
,,2020 - 2021,0.87
,,2021 - 2022,1.0
,,2022 - 2023,1.0
,Dumka,2017 - 2018,0.69
,,2018 - 2019,0.66
,,2019 - 2020,0.6
,,2020 - 2021,0.6
,East singhbum,2017 - 2018,0.65
,,2018 - 2019,0.48
,,2019 - 2020,0.45
,,2020 - 2021,0.79
,Garhwa,2018 - 2019,0.61
,,2020 - 2021,0.3
,,2022 - 2023,0.31
,Giridih,2017 - 2018,0.48
,,2018 - 2019,0.48
,,2019 - 2020,0.48
,,2020 - 2021,0.49
,,2021 - 2022,0.49
,,2022 - 2023,0.48
,Godda,2018 - 2019,0.95
,,2019 - 2020,0.94
,Hazaribagh,2018 - 2019,0.51
,Jamtara,2017 - 2018,1.33
,,2019 - 2020,0.0
,Khunti,2017 - 2018,0.91
,,2018 - 2019,0.8
,,2022 - 2023,0.45
,Koderma,2017 - 2018,0.8
,,2018 - 2019,1.17
,,2022 - 2023,0.49
,Latehar,2017 - 2018,1.11
,,2018 - 2019,1.11
,Lohardaga,2018 - 2019,0.85
,Pakur,2018 - 2019,0.43
,,2019 - 2020,0.65
,,2020 - 2021,0.65
,,2022 - 2023,0.65
,Palamu,2017 - 2018,0.98
,,2018 - 2019,0.83
,,2019 - 2020,1.0
,,2021 - 2022,1.0
,,2022 - 2023,1.0
,Ramgarh,2018 - 2019,0.51
,Ranchi,2018 - 2019,0.6
,,2019 - 2020,0.8
,,2020 - 2021,0.6
,,2021 - 2022,0.6
,,2022 - 2023,0.6
,Sahebganj,2017 - 2018,0.75
,,2018 - 2019,0.75
,Saraikela kharsawan,2018 - 2019,0.5
,,2019 - 2020,1.04
,,2020 - 2021,0.81
,,2021 - 2022,0.8
,,2022 - 2023,0.8
,Simdega,2017 - 2018,0.8
,,2018 - 2019,1.0
,,2022 - 2023,1.5
,West singhbhum,2018 - 2019,0.84
,,2019 - 2020,0.83
,,2022 - 2023,1.47
Karnataka,Bagalkot,2000 - 2001,1.0
,,2001 - 2002,0.74
,,2002 - 2003,0.54
,,2003 - 2004,0.44
,,2004 - 2005,0.56
,,2005 - 2006,0.76
,,2006 - 2007,0.95
,,2007 - 2008,1.35
,,2008 - 2009,1.01
,,2009 - 2010,0.58
,,2010 - 2011,0.86
,,2011 - 2012,0.87
,,2012 - 2013,0.79
,,2013 - 2014,1.2
,,2014 - 2015,0.96
,,2015 - 2016,1.09
,,2016 - 2017,1.0
,,2017 - 2018,1.17
,,2018 - 2019,1.23
,,2019 - 2020,0.72
,,2020 - 2021,1.25
,,2021 - 2022,1.21
,,2022 - 2023,1.15
,Bangalore rural,2000 - 2001,1.07
,,2019 - 2020,1.0
,,2020 - 2021,1.17
,,2021 - 2022,1.0
,,2022 - 2023,1.25
,Belgaum,2000 - 2001,1.08
,,2001 - 2002,0.84
,,2002 - 2003,0.86
,,2003 - 2004,0.44
,,2004 - 2005,0.61
,,2005 - 2006,0.55
,,2006 - 2007,0.77
,,2007 - 2008,0.86
,,2008 - 2009,0.67
,,2009 - 2010,0.51
,,2010 - 2011,0.82
,,2011 - 2012,1.01
,,2012 - 2013,0.67
,,2013 - 2014,0.74
,,2014 - 2015,0.91
,,2015 - 2016,0.34
,,2016 - 2017,1.07
,,2017 - 2018,1.23
,,2018 - 2019,1.26
,,2019 - 2020,1.0
,,2020 - 2021,1.03
,,2021 - 2022,0.98
,,2022 - 2023,1.01
,Bellary,2012 - 2013,1.04
,,2018 - 2019,1.0
,,2019 - 2020,1.12
,,2020 - 2021,1.19
,,2021 - 2022,1.15
,,2022 - 2023,1.18
,Bengaluru urban,2018 - 2019,1.0
,,2019 - 2020,1.0
,,2021 - 2022,1.0
,,2022 - 2023,1.0
,Bidar,2000 - 2001,1.05
,,2001 - 2002,0.83
,,2002 - 2003,0.83
,,2003 - 2004,0.48
,,2004 - 2005,0.63
,,2005 - 2006,0.68
,,2006 - 2007,0.84
,,2007 - 2008,1.03
,,2008 - 2009,0.67
,,2009 - 2010,0.24
,,2010 - 2011,0.97
,,2011 - 2012,1.08
,,2012 - 2013,1.49
,,2013 - 2014,1.6
,,2014 - 2015,0.57
,,2015 - 2016,0.65
,,2016 - 2017,0.37
,,2017 - 2018,1.82
,,2018 - 2019,0.82
,,2019 - 2020,1.18
,,2020 - 2021,1.33
,,2021 - 2022,1.34
,,2022 - 2023,1.34
,Bijapur,2000 - 2001,1.03
,,2004 - 2005,0.63
,,2005 - 2006,0.56
,,2006 - 2007,0.7
,,2007 - 2008,0.8
,,2009 - 2010,0.5
,,2018 - 2019,0.97
,,2019 - 2020,1.13
,,2020 - 2021,1.21
,,2021 - 2022,1.15
,,2022 - 2023,1.18
,Chamarajanagar,2000 - 2001,1.0
,,2008 - 2009,1.0
,,2018 - 2019,0.98
,,2019 - 2020,1.13
,,2020 - 2021,1.21
,,2021 - 2022,1.15
,,2022 - 2023,1.18
,Chikballapur,2018 - 2019,1.0
,,2019 - 2020,1.0
,,2020 - 2021,1.18
,,2021 - 2022,1.11
,,2022 - 2023,1.11
,Chikmagalur,2000 - 2001,1.04
,,2012 - 2013,1.0
,,2018 - 2019,1.0
,,2019 - 2020,1.13
,,2020 - 2021,1.21
,,2021 - 2022,1.17
,,2022 - 2023,1.17
,Chitradurga,2016 - 2017,0.75
,,2018 - 2019,1.0
,,2019 - 2020,1.13
,,2020 - 2021,1.14
,,2021 - 2022,1.16
,,2022 - 2023,1.18
,Davangere,2002 - 2003,0.75
,,2003 - 2004,0.5
,,2015 - 2016,1.0
,,2017 - 2018,1.53
,,2018 - 2019,1.0
,,2019 - 2020,1.17
,,2020 - 2021,1.2
,,2021 - 2022,1.15
,,2022 - 2023,1.18
,Dharwad,2000 - 2001,0.64
,,2001 - 2002,0.74
,,2002 - 2003,0.62
,,2003 - 2004,0.64
,,2004 - 2005,0.71
,,2005 - 2006,0.39
,,2006 - 2007,0.48
,,2007 - 2008,0.55
,,2008 - 2009,0.73
,,2009 - 2010,0.53
,,2010 - 2011,0.84
,,2011 - 2012,0.76
,,2012 - 2013,0.75
,,2013 - 2014,0.99
,,2014 - 2015,1.03
,,2015 - 2016,0.57
,,2016 - 2017,1.33
,,2017 - 2018,0.81
,,2018 - 2019,0.79
,,2019 - 2020,1.02
,,2020 - 2021,1.08
,,2021 - 2022,0.68
,,2022 - 2023,0.83
,Gadag,2004 - 2005,0.63
,,2005 - 2006,0.56
,,2006 - 2007,0.74
,,2007 - 2008,0.8
,,2008 - 2009,0.67
,,2009 - 2010,0.5
,,2015 - 2016,0.5
,,2016 - 2017,0.67
,,2017 - 2018,1.5
,,2018 - 2019,0.98
,,2019 - 2020,1.13
,,2020 - 2021,1.22
,,2021 - 2022,1.15
,,2022 - 2023,1.18
,Gulbarga,2000 - 2001,1.03
,,2001 - 2002,0.81
,,2002 - 2003,0.81
,,2003 - 2004,0.48
,,2004 - 2005,0.62
,,2005 - 2006,0.56
,,2006 - 2007,0.74
,,2007 - 2008,0.82
,,2008 - 2009,0.69
,,2009 - 2010,0.1
,,2010 - 2011,0.37
,,2011 - 2012,0.37
,,2012 - 2013,0.76
,,2013 - 2014,1.38
,,2014 - 2015,0.61
,,2015 - 2016,0.7
,,2016 - 2017,0.84
,,2017 - 2018,1.96
,,2018 - 2019,1.35
,,2019 - 2020,1.45
,,2020 - 2021,1.19
,,2021 - 2022,1.38
,,2022 - 2023,1.31
,Hassan,2000 - 2001,1.05
,,2001 - 2002,0.83
,,2002 - 2003,1.0
,,2003 - 2004,0.4
,,2004 - 2005,0.75
,,2018 - 2019,1.0
,,2019 - 2020,1.12
,,2020 - 2021,1.2
,,2021 - 2022,1.16
,,2022 - 2023,1.17
,Haveri,2000 - 2001,1.04
,,2001 - 2002,0.83
,,2002 - 2003,0.83
,,2003 - 2004,0.48
,,2004 - 2005,0.63
,,2005 - 2006,0.28
,,2006 - 2007,0.93
,,2007 - 2008,0.68
,,2008 - 2009,0.67
,,2009 - 2010,0.33
,,2010 - 2011,1.11
,,2011 - 2012,1.09
,,2012 - 2013,0.41
,,2013 - 2014,1.17
,,2014 - 2015,0.83
,,2015 - 2016,0.88
,,2016 - 2017,0.82
,,2017 - 2018,0.97
,,2018 - 2019,0.71
,,2019 - 2020,0.5
,,2020 - 2021,0.99
,,2021 - 2022,0.7
,,2022 - 2023,0.33
,Kolar,2018 - 2019,1.0
,,2019 - 2020,1.14
,,2020 - 2021,1.25
,,2022 - 2023,1.0
,Koppal,2018 - 2019,1.0
,,2019 - 2020,1.13
,,2020 - 2021,1.21
,,2021 - 2022,1.15
,,2022 - 2023,1.18
,Mandya,2000 - 2001,1.04
,,2001 - 2002,0.82
,,2002 - 2003,0.83
,,2003 - 2004,0.5
,,2004 - 2005,0.62
,,2005 - 2006,0.56
,,2006 - 2007,0.73
,,2007 - 2008,0.83
,,2010 - 2011,0.86
,,2011 - 2012,1.0
,,2016 - 2017,1.0
,,2018 - 2019,0.98
,,2019 - 2020,1.12
,,2020 - 2021,1.21
,,2021 - 2022,1.14
,,2022 - 2023,1.16
,Mysore,2000 - 2001,1.05
,,2001 - 2002,0.84
,,2004 - 2005,0.61
,,2005 - 2006,0.55
,,2006 - 2007,0.74
,,2007 - 2008,0.81
,,2008 - 2009,0.71
,,2018 - 2019,0.99
,,2019 - 2020,1.13
,,2020 - 2021,1.21
,,2021 - 2022,1.14
,,2022 - 2023,1.19
,Raichur,2018 - 2019,1.0
,,2019 - 2020,1.12
,,2020 - 2021,1.23
,,2021 - 2022,1.11
,,2022 - 2023,1.17
,Ramanagara,2018 - 2019,1.0
,,2019 - 2020,1.0
,,2020 - 2021,1.2
,,2021 - 2022,1.0
,,2022 - 2023,1.0
,Shimoga,2000 - 2001,1.04
,,2002 - 2003,1.0
,,2004 - 2005,0.6
,,2010 - 2011,0.87
,,2016 - 2017,1.0
,,2017 - 2018,1.5
,,2019 - 2020,1.0
,,2020 - 2021,1.19
,,2021 - 2022,1.15
,,2022 - 2023,1.11
,Tumkur,2000 - 2001,1.0
,,2001 - 2002,0.8
,,2003 - 2004,0.45
,,2004 - 2005,0.64
,,2005 - 2006,0.67
,,2006 - 2007,0.8
,,2007 - 2008,0.82
,,2008 - 2009,0.71
,,2009 - 2010,0.4
,,2010 - 2011,0.87
,,2011 - 2012,1.0
,,2018 - 2019,1.0
,,2019 - 2020,1.09
,,2020 - 2021,1.17
,,2021 - 2022,1.08
,,2022 - 2023,1.17
,Uttar kannad,2000 - 2001,1.0
,,2005 - 2006,0.56
,,2006 - 2007,0.74
,,2007 - 2008,0.82
,,2008 - 2009,0.68
,,2009 - 2010,0.44
,,2012 - 2013,1.0
,,2014 - 2015,0.75
,,2015 - 2016,0.5
,,2016 - 2017,0.75
,,2017 - 2018,1.57
,,2018 - 2019,1.0
,,2019 - 2020,1.11
,,2020 - 2021,1.2
,,2021 - 2022,1.15
,,2022 - 2023,1.18
,Vijayanagar,2022 - 2023,1.18
,Yadgir,2019 - 2020,1.0
,,2020 - 2021,1.2
,,2021 - 2022,1.0
,,2022 - 2023,1.16
Kerala,Palakkad,2012 - 2013,
,,2013 - 2014,
,,2014 - 2015,
,,2015 - 2016,
Madhya Pradesh,Agar malwa,2013 - 2014,0.59
,,2015 - 2016,0.76
,,2016 - 2017,1.29
,,2017 - 2018,1.3
,,2018 - 2019,0.84
,,2019 - 2020,0.7
,,2020 - 2021,0.54
,,2021 - 2022,0.61
,,2022 - 2023,0.81
,Alirajpur,2008 - 2009,0.76
,,2009 - 2010,
,,2010 - 2011,0.77
,,2011 - 2012,0.73
,,2012 - 2013,0.97
,,2013 - 2014,0.52
,,2014 - 2015,1.82
,,2015 - 2016,0.91
,,2016 - 2017,1.3
,,2017 - 2018,1.23
,,2018 - 2019,0.74
,,2019 - 2020,0.46
,,2020 - 2021,0.46
,,2021 - 2022,0.63
,,2022 - 2023,0.75
,Anuppur,2003 - 2004,0.5
,,2004 - 2005,0.45
,,2005 - 2006,0.5
,,2006 - 2007,0.49
,,2007 - 2008,0.33
,,2008 - 2009,0.55
,,2009 - 2010,
,,2010 - 2011,0.4
,,2011 - 2012,0.41
,,2012 - 2013,0.93
,,2013 - 2014,0.78
,,2014 - 2015,1.23
,,2015 - 2016,0.5
,,2016 - 2017,1.33
,,2017 - 2018,0.77
,,2018 - 2019,0.7
,,2019 - 2020,0.72
,,2020 - 2021,0.72
,,2021 - 2022,0.94
,,2022 - 2023,0.82
,Ashoknagar,2003 - 2004,0.96
,,2004 - 2005,0.87
,,2005 - 2006,1.03
,,2006 - 2007,0.99
,,2007 - 2008,1.07
,,2008 - 2009,1.11
,,2009 - 2010,
,,2010 - 2011,1.28
,,2011 - 2012,1.18
,,2012 - 2013,2.09
,,2013 - 2014,0.94
,,2014 - 2015,0.73
,,2015 - 2016,1.32
,,2016 - 2017,0.65
,,2017 - 2018,1.03
,,2018 - 2019,1.49
,,2019 - 2020,1.28
,,2020 - 2021,0.46
,,2021 - 2022,0.95
,,2022 - 2023,0.92
,Balaghat,2000 - 2001,1.19
,,2001 - 2002,1.27
,,2002 - 2003,1.2
,,2003 - 2004,1.44
,,2004 - 2005,1.3
,,2005 - 2006,1.45
,,2006 - 2007,1.24
,,2007 - 2008,1.09
,,2008 - 2009,1.19
,,2009 - 2010,
,,2010 - 2011,1.74
,,2011 - 2012,1.69
,,2012 - 2013,1.36
,,2013 - 2014,0.71
,,2017 - 2018,1.0
,,2018 - 2019,1.0
,,2019 - 2020,1.0
,,2020 - 2021,0.6
,,2022 - 2023,1.04
,Barwani,2000 - 2001,0.37
,,2001 - 2002,0.48
,,2002 - 2003,0.57
,,2003 - 2004,0.75
,,2004 - 2005,0.53
,,2005 - 2006,0.36
,,2006 - 2007,0.36
,,2007 - 2008,0.42
,,2008 - 2009,0.44
,,2009 - 2010,
,,2010 - 2011,0.29
,,2011 - 2012,0.35
,,2012 - 2013,2.05
,,2013 - 2014,1.05
,,2014 - 2015,1.33
,,2015 - 2016,1.09
,,2016 - 2017,1.42
,,2017 - 2018,1.4
,,2018 - 2019,1.15
,,2019 - 2020,0.98
,,2020 - 2021,0.63
,,2021 - 2022,1.13
,,2022 - 2023,1.25
,Betul,2000 - 2001,0.58
,,2001 - 2002,0.88
,,2002 - 2003,0.65
,,2003 - 2004,0.89
,,2004 - 2005,0.69
,,2005 - 2006,1.07
,,2006 - 2007,1.05
,,2007 - 2008,1.05
,,2008 - 2009,1.13
,,2009 - 2010,
,,2010 - 2011,1.1
,,2011 - 2012,1.27
,,2012 - 2013,1.85
,,2013 - 2014,0.63
,,2014 - 2015,2.06
,,2015 - 2016,0.49
,,2016 - 2017,1.33
,,2017 - 2018,1.34
,,2018 - 2019,0.64
,,2019 - 2020,0.39
,,2020 - 2021,0.39
,,2021 - 2022,0.56
,,2022 - 2023,1.02
,Bhind,2000 - 2001,0.51
,,2001 - 2002,0.82
,,2002 - 2003,0.75
,,2003 - 2004,0.87
,,2004 - 2005,0.78
,,2005 - 2006,0.82
,,2006 - 2007,0.57
,,2007 - 2008,0.54
,,2008 - 2009,0.5
,,2009 - 2010,
,,2010 - 2011,0.0
,,2011 - 2012,0.82
,,2012 - 2013,0.67
,,2013 - 2014,1.13
,,2014 - 2015,0.91
,,2015 - 2016,1.0
,,2017 - 2018,2.0
,,2018 - 2019,0.76
,,2019 - 2020,0.73
,,2020 - 2021,0.74
,,2021 - 2022,0.94
,,2022 - 2023,0.91
,Bhopal,2000 - 2001,1.2
,,2001 - 2002,0.99
,,2002 - 2003,0.92
,,2003 - 2004,1.06
,,2004 - 2005,0.99
,,2005 - 2006,1.16
,,2006 - 2007,1.03
,,2007 - 2008,1.25
,,2008 - 2009,1.33
,,2009 - 2010,
,,2010 - 2011,1.16
,,2011 - 2012,1.2
,,2012 - 2013,1.45
,,2013 - 2014,0.64
,,2014 - 2015,1.04
,,2015 - 2016,0.63
,,2016 - 2017,1.02
,,2017 - 2018,0.98
,,2018 - 2019,0.68
,,2019 - 2020,0.69
,,2020 - 2021,0.61
,,2021 - 2022,1.11
,,2022 - 2023,1.16
,Burhanpur,2003 - 2004,0.73
,,2004 - 2005,0.49
,,2005 - 2006,0.65
,,2006 - 2007,0.73
,,2007 - 2008,0.6
,,2008 - 2009,0.65
,,2009 - 2010,
,,2010 - 2011,0.52
,,2011 - 2012,0.55
,,2012 - 2013,0.97
,,2013 - 2014,1.43
,,2014 - 2015,0.63
,,2015 - 2016,0.53
,,2016 - 2017,1.5
,,2017 - 2018,1.67
,,2018 - 2019,1.13
,,2019 - 2020,0.94
,,2020 - 2021,0.54
,,2021 - 2022,0.98
,,2022 - 2023,1.11
,Chhatarpur,2000 - 2001,0.37
,,2001 - 2002,0.51
,,2002 - 2003,0.3
,,2003 - 2004,0.66
,,2004 - 2005,0.54
,,2005 - 2006,0.49
,,2006 - 2007,0.43
,,2007 - 2008,0.29
,,2008 - 2009,0.64
,,2009 - 2010,
,,2010 - 2011,0.41
,,2011 - 2012,0.42
,,2012 - 2013,0.84
,,2013 - 2014,0.6
,,2014 - 2015,1.44
,,2015 - 2016,1.02
,,2016 - 2017,1.07
,,2017 - 2018,0.85
,,2018 - 2019,1.32
,,2019 - 2020,0.44
,,2020 - 2021,0.52
,,2021 - 2022,1.04
,,2022 - 2023,1.4
,Chhindwara,2000 - 2001,0.82
,,2001 - 2002,0.75
,,2002 - 2003,0.74
,,2003 - 2004,1.45
,,2004 - 2005,0.84
,,2005 - 2006,0.89
,,2006 - 2007,1.37
,,2007 - 2008,1.5
,,2008 - 2009,1.19
,,2009 - 2010,
,,2010 - 2011,1.99
,,2011 - 2012,1.8
,,2012 - 2013,2.49
,,2013 - 2014,0.77
,,2014 - 2015,1.17
,,2015 - 2016,0.89
,,2016 - 2017,1.32
,,2017 - 2018,1.78
,,2018 - 2019,0.9
,,2019 - 2020,1.21
,,2020 - 2021,0.97
,,2021 - 2022,1.49
,,2022 - 2023,1.5
,Damoh,2000 - 2001,0.52
,,2001 - 2002,0.78
,,2002 - 2003,0.46
,,2003 - 2004,1.01
,,2004 - 2005,0.95
,,2005 - 2006,1.03
,,2006 - 2007,0.84
,,2007 - 2008,0.57
,,2008 - 2009,1.18
,,2009 - 2010,
,,2010 - 2011,1.46
,,2011 - 2012,1.29
,,2012 - 2013,1.26
,,2013 - 2014,0.5
,,2014 - 2015,1.18
,,2015 - 2016,1.31
,,2016 - 2017,0.86
,,2017 - 2018,1.35
,,2018 - 2019,0.93
,,2019 - 2020,0.67
,,2020 - 2021,0.61
,,2021 - 2022,0.96
,,2022 - 2023,0.95
,Datia,2000 - 2001,0.74
,,2001 - 2002,1.03
,,2002 - 2003,0.59
,,2003 - 2004,0.87
,,2004 - 2005,0.68
,,2005 - 2006,0.88
,,2006 - 2007,0.81
,,2007 - 2008,0.45
,,2008 - 2009,0.66
,,2009 - 2010,
,,2010 - 2011,0.58
,,2011 - 2012,0.65
,,2012 - 2013,0.91
,,2013 - 2014,0.82
,,2014 - 2015,1.27
,,2015 - 2016,0.78
,,2016 - 2017,0.57
,,2017 - 2018,0.85
,,2018 - 2019,0.77
,,2019 - 2020,0.77
,,2020 - 2021,0.67
,,2021 - 2022,0.62
,,2022 - 2023,0.71
,Dewas,2000 - 2001,1.01
,,2001 - 2002,1.16
,,2002 - 2003,0.99
,,2003 - 2004,1.42
,,2004 - 2005,1.05
,,2005 - 2006,1.29
,,2006 - 2007,1.19
,,2007 - 2008,1.2
,,2008 - 2009,1.21
,,2009 - 2010,
,,2010 - 2011,1.25
,,2011 - 2012,1.29
,,2012 - 2013,1.6
,,2013 - 2014,0.76
,,2014 - 2015,0.68
,,2015 - 2016,0.62
,,2016 - 2017,1.48
,,2017 - 2018,1.02
,,2018 - 2019,1.23
,,2019 - 2020,0.66
,,2020 - 2021,0.54
,,2021 - 2022,1.05
,,2022 - 2023,1.02
,Dhar,2000 - 2001,0.86
,,2001 - 2002,0.87
,,2002 - 2003,0.85
,,2003 - 2004,1.16
,,2004 - 2005,0.91
,,2005 - 2006,1.27
,,2006 - 2007,1.26
,,2007 - 2008,1.32
,,2008 - 2009,1.44
,,2009 - 2010,
,,2010 - 2011,1.32
,,2011 - 2012,1.31
,,2012 - 2013,1.59
,,2013 - 2014,1.48
,,2014 - 2015,0.9
,,2015 - 2016,1.31
,,2016 - 2017,1.6
,,2017 - 2018,1.29
,,2018 - 2019,1.49
,,2019 - 2020,0.98
,,2020 - 2021,0.63
,,2021 - 2022,1.61
,,2022 - 2023,1.61
,Dindori,2000 - 2001,0.48
,,2001 - 2002,0.77
,,2002 - 2003,0.66
,,2003 - 2004,0.78
,,2004 - 2005,0.78
,,2005 - 2006,0.52
,,2006 - 2007,0.59
,,2007 - 2008,0.64
,,2008 - 2009,0.65
,,2009 - 2010,
,,2010 - 2011,0.8
,,2011 - 2012,0.56
,,2012 - 2013,0.6
,,2013 - 2014,0.8
,,2014 - 2015,1.1
,,2015 - 2016,1.1
,,2016 - 2017,1.3
,,2017 - 2018,1.15
,,2018 - 2019,0.8
,,2019 - 2020,0.65
,,2020 - 2021,0.65
,,2021 - 2022,0.71
,,2022 - 2023,0.86
,Guna,2000 - 2001,0.98
,,2001 - 2002,0.95
,,2002 - 2003,0.33
,,2003 - 2004,1.06
,,2004 - 2005,0.79
,,2005 - 2006,1.08
,,2006 - 2007,0.98
,,2007 - 2008,1.16
,,2008 - 2009,1.04
,,2009 - 2010,
,,2010 - 2011,1.19
,,2011 - 2012,1.4
,,2012 - 2013,1.28
,,2013 - 2014,0.6
,,2014 - 2015,1.59
,,2015 - 2016,0.61
,,2016 - 2017,0.82
,,2017 - 2018,0.82
,,2018 - 2019,1.1
,,2019 - 2020,0.52
,,2020 - 2021,0.42
,,2021 - 2022,0.39
,,2022 - 2023,1.04
,Gwalior,2000 - 2001,2.25
,,2001 - 2002,2.02
,,2002 - 2003,1.02
,,2003 - 2004,2.14
,,2004 - 2005,2.09
,,2005 - 2006,2.16
,,2006 - 2007,1.47
,,2007 - 2008,1.7
,,2008 - 2009,1.9
,,2009 - 2010,
,,2010 - 2011,1.5
,,2011 - 2012,1.73
,,2012 - 2013,1.79
,,2013 - 2014,1.38
,,2014 - 2015,0.71
,,2015 - 2016,1.25
,,2016 - 2017,1.0
,,2017 - 2018,1.54
,,2018 - 2019,1.17
,,2019 - 2020,1.02
,,2020 - 2021,0.6
,,2021 - 2022,1.11
,,2022 - 2023,1.41
,Harda,2000 - 2001,0.96
,,2001 - 2002,1.2
,,2002 - 2003,0.83
,,2003 - 2004,1.33
,,2004 - 2005,0.41
,,2005 - 2006,1.81
,,2006 - 2007,1.66
,,2007 - 2008,1.4
,,2008 - 2009,1.26
,,2009 - 2010,
,,2010 - 2011,1.38
,,2011 - 2012,1.44
,,2012 - 2013,1.21
,,2013 - 2014,0.27
,,2014 - 2015,1.35
,,2015 - 2016,0.54
,,2016 - 2017,1.52
,,2017 - 2018,0.75
,,2018 - 2019,0.99
,,2019 - 2020,0.55
,,2020 - 2021,0.55
,,2021 - 2022,1.09
,,2022 - 2023,1.07
,Hoshangabad,2000 - 2001,0.99
,,2001 - 2002,1.02
,,2002 - 2003,0.64
,,2003 - 2004,1.03
,,2004 - 2005,0.54
,,2005 - 2006,1.05
,,2006 - 2007,1.22
,,2007 - 2008,1.09
,,2008 - 2009,0.85
,,2009 - 2010,
,,2010 - 2011,0.64
,,2011 - 2012,0.64
,,2012 - 2013,0.86
,,2013 - 2014,0.1
,,2014 - 2015,1.65
,,2015 - 2016,0.46
,,2016 - 2017,1.16
,,2017 - 2018,0.61
,,2018 - 2019,1.03
,,2019 - 2020,0.66
,,2020 - 2021,0.58
,,2021 - 2022,1.07
,,2022 - 2023,1.06
,Indore,2000 - 2001,1.03
,,2001 - 2002,0.98
,,2002 - 2003,0.76
,,2003 - 2004,1.08
,,2004 - 2005,1.08
,,2005 - 2006,1.13
,,2006 - 2007,1.23
,,2007 - 2008,1.4
,,2008 - 2009,1.52
,,2009 - 2010,
,,2010 - 2011,1.14
,,2011 - 2012,1.16
,,2012 - 2013,1.45
,,2013 - 2014,1.01
,,2014 - 2015,1.06
,,2015 - 2016,0.76
,,2016 - 2017,1.59
,,2017 - 2018,0.91
,,2018 - 2019,1.49
,,2019 - 2020,1.5
,,2020 - 2021,1.26
,,2021 - 2022,1.02
,,2022 - 2023,1.24
,Jabalpur,2000 - 2001,0.75
,,2001 - 2002,0.94
,,2002 - 2003,0.74
,,2003 - 2004,1.32
,,2004 - 2005,1.37
,,2005 - 2006,0.89
,,2006 - 2007,0.97
,,2007 - 2008,0.63
,,2008 - 2009,1.24
,,2009 - 2010,
,,2010 - 2011,1.19
,,2011 - 2012,0.96
,,2012 - 2013,1.34
,,2013 - 2014,0.28
,,2014 - 2015,1.19
,,2015 - 2016,0.67
,,2016 - 2017,1.0
,,2017 - 2018,0.48
,,2018 - 2019,0.91
,,2019 - 2020,0.92
,,2020 - 2021,0.84
,,2021 - 2022,0.93
,,2022 - 2023,0.93
,Jhabua,2000 - 2001,0.33
,,2001 - 2002,0.49
,,2002 - 2003,0.54
,,2003 - 2004,0.84
,,2004 - 2005,0.58
,,2005 - 2006,0.64
,,2006 - 2007,0.72
,,2007 - 2008,0.72
,,2008 - 2009,0.76
,,2009 - 2010,
,,2010 - 2011,0.71
,,2011 - 2012,0.68
,,2012 - 2013,0.99
,,2013 - 2014,0.78
,,2014 - 2015,0.84
,,2015 - 2016,1.44
,,2016 - 2017,1.61
,,2017 - 2018,1.43
,,2018 - 2019,0.86
,,2019 - 2020,0.76
,,2020 - 2021,0.6
,,2021 - 2022,0.77
,,2022 - 2023,0.82
,Katni,2000 - 2001,0.49
,,2001 - 2002,0.85
,,2002 - 2003,0.46
,,2003 - 2004,0.8
,,2004 - 2005,0.92
,,2005 - 2006,0.71
,,2006 - 2007,0.33
,,2007 - 2008,0.34
,,2008 - 2009,0.63
,,2009 - 2010,
,,2010 - 2011,0.41
,,2011 - 2012,0.45
,,2012 - 2013,0.77
,,2013 - 2014,1.33
,,2014 - 2015,1.0
,,2015 - 2016,1.0
,,2017 - 2018,1.44
,,2018 - 2019,1.19
,,2019 - 2020,1.0
,,2020 - 2021,1.0
,,2021 - 2022,1.14
,,2022 - 2023,1.24
,Khandwa,2000 - 2001,0.31
,,2001 - 2002,0.44
,,2002 - 2003,0.5
,,2003 - 2004,0.63
,,2004 - 2005,0.49
,,2005 - 2006,0.6
,,2006 - 2007,0.69
,,2007 - 2008,0.71
,,2008 - 2009,0.77
,,2009 - 2010,
,,2010 - 2011,0.53
,,2011 - 2012,0.56
,,2012 - 2013,0.87
,,2013 - 2014,0.8
,,2014 - 2015,1.24
,,2015 - 2016,0.52
,,2016 - 2017,1.35
,,2017 - 2018,0.76
,,2018 - 2019,0.75
,,2019 - 2020,0.42
,,2020 - 2021,0.41
,,2021 - 2022,0.48
,,2022 - 2023,0.52
,Khargone,2000 - 2001,0.36
,,2001 - 2002,0.52
,,2002 - 2003,0.65
,,2003 - 2004,0.9
,,2004 - 2005,0.64
,,2005 - 2006,0.56
,,2006 - 2007,0.71
,,2007 - 2008,0.75
,,2008 - 2009,0.64
,,2009 - 2010,
,,2010 - 2011,0.63
,,2011 - 2012,0.58
,,2012 - 2013,0.97
,,2013 - 2014,0.77
,,2014 - 2015,1.4
,,2015 - 2016,1.54
,,2016 - 2017,1.6
,,2017 - 2018,1.04
,,2018 - 2019,0.97
,,2019 - 2020,0.51
,,2020 - 2021,0.51
,,2021 - 2022,0.95
,,2022 - 2023,0.93
,Mandla,2000 - 2001,0.36
,,2001 - 2002,0.77
,,2002 - 2003,0.57
,,2003 - 2004,0.83
,,2004 - 2005,0.74
,,2005 - 2006,0.7
,,2006 - 2007,0.64
,,2007 - 2008,0.72
,,2008 - 2009,0.85
,,2009 - 2010,
,,2010 - 2011,0.65
,,2011 - 2012,0.66
,,2012 - 2013,0.61
,,2013 - 2014,0.07
,,2014 - 2015,1.27
,,2015 - 2016,1.33
,,2016 - 2017,1.0
,,2017 - 2018,0.13
,,2018 - 2019,1.08
,,2019 - 2020,0.6
,,2020 - 2021,0.8
,,2022 - 2023,0.89
,Mandsaur,2000 - 2001,0.58
,,2001 - 2002,0.72
,,2002 - 2003,0.54
,,2003 - 2004,1.06
,,2004 - 2005,0.88
,,2005 - 2006,0.66
,,2006 - 2007,0.84
,,2007 - 2008,0.84
,,2008 - 2009,0.92
,,2009 - 2010,
,,2010 - 2011,1.36
,,2011 - 2012,1.38
,,2012 - 2013,1.78
,,2013 - 2014,1.11
,,2014 - 2015,0.79
,,2015 - 2016,0.75
,,2016 - 2017,1.37
,,2017 - 2018,1.13
,,2018 - 2019,0.88
,,2019 - 2020,0.36
,,2020 - 2021,0.36
,,2021 - 2022,0.95
,,2022 - 2023,0.95
,Morena,2000 - 2001,1.14
,,2001 - 2002,1.46
,,2002 - 2003,0.8
,,2003 - 2004,1.29
,,2004 - 2005,1.16
,,2005 - 2006,1.49
,,2006 - 2007,1.14
,,2007 - 2008,1.29
,,2008 - 2009,1.44
,,2009 - 2010,
,,2010 - 2011,1.48
,,2011 - 2012,1.22
,,2012 - 2013,1.29
,,2013 - 2014,1.35
,,2014 - 2015,1.0
,,2015 - 2016,1.33
,,2017 - 2018,1.66
,,2018 - 2019,1.16
,,2019 - 2020,1.03
,,2020 - 2021,0.5
,,2021 - 2022,1.24
,,2022 - 2023,1.02
,Narsinghpur,2000 - 2001,1.04
,,2001 - 2002,1.69
,,2002 - 2003,0.96
,,2003 - 2004,1.89
,,2004 - 2005,1.72
,,2005 - 2006,1.72
,,2006 - 2007,1.58
,,2007 - 2008,1.29
,,2008 - 2009,1.55
,,2009 - 2010,
,,2010 - 2011,2.2
,,2011 - 2012,1.63
,,2012 - 2013,1.79
,,2013 - 2014,0.39
,,2014 - 2015,1.31
,,2015 - 2016,0.72
,,2016 - 2017,1.38
,,2017 - 2018,0.31
,,2018 - 2019,0.76
,,2019 - 2020,0.7
,,2020 - 2021,0.62
,,2021 - 2022,1.26
,,2022 - 2023,1.35
,Neemuch,2000 - 2001,0.65
,,2001 - 2002,0.84
,,2002 - 2003,0.46
,,2003 - 2004,1.29
,,2004 - 2005,0.86
,,2005 - 2006,0.59
,,2006 - 2007,0.71
,,2007 - 2008,0.76
,,2008 - 2009,1.05
,,2009 - 2010,
,,2010 - 2011,0.8
,,2011 - 2012,0.83
,,2012 - 2013,1.57
,,2013 - 2014,1.07
,,2014 - 2015,0.81
,,2015 - 2016,0.72
,,2016 - 2017,1.52
,,2017 - 2018,1.34
,,2018 - 2019,0.84
,,2019 - 2020,0.28
,,2020 - 2021,0.28
,,2021 - 2022,0.87
,,2022 - 2023,1.25
,Niwari,2020 - 2021,0.56
,,2021 - 2022,0.83
,,2022 - 2023,1.06
,Panna,2000 - 2001,0.42
,,2001 - 2002,0.51
,,2002 - 2003,0.38
,,2003 - 2004,0.6
,,2004 - 2005,0.48
,,2005 - 2006,0.65
,,2006 - 2007,0.45
,,2007 - 2008,0.5
,,2008 - 2009,0.68
,,2009 - 2010,
,,2010 - 2011,1.12
,,2011 - 2012,0.63
,,2012 - 2013,0.86
,,2013 - 2014,0.6
,,2014 - 2015,1.17
,,2015 - 2016,0.62
,,2016 - 2017,0.86
,,2017 - 2018,1.1
,,2018 - 2019,0.92
,,2019 - 2020,0.83
,,2020 - 2021,0.76
,,2021 - 2022,1.06
,,2022 - 2023,1.17
,Raisen,2000 - 2001,0.79
,,2001 - 2002,0.78
,,2002 - 2003,0.74
,,2003 - 2004,0.97
,,2004 - 2005,0.87
,,2005 - 2006,1.08
,,2006 - 2007,1.16
,,2007 - 2008,1.2
,,2008 - 2009,1.11
,,2009 - 2010,
,,2010 - 2011,0.92
,,2011 - 2012,0.73
,,2012 - 2013,0.93
,,2013 - 2014,0.24
,,2014 - 2015,1.26
,,2015 - 2016,0.45
,,2016 - 2017,0.85
,,2017 - 2018,0.61
,,2018 - 2019,0.45
,,2019 - 2020,0.45
,,2020 - 2021,0.41
,,2021 - 2022,0.41
,,2022 - 2023,0.7
,Rajgarh,2000 - 2001,0.52
,,2001 - 2002,0.61
,,2002 - 2003,0.34
,,2003 - 2004,1.14
,,2004 - 2005,0.89
,,2005 - 2006,1.19
,,2006 - 2007,0.84
,,2007 - 2008,0.98
,,2008 - 2009,1.09
,,2009 - 2010,
,,2010 - 2011,0.86
,,2011 - 2012,0.86
,,2012 - 2013,1.23
,,2013 - 2014,0.58
,,2014 - 2015,1.35
,,2015 - 2016,0.61
,,2016 - 2017,1.17
,,2017 - 2018,1.24
,,2018 - 2019,0.93
,,2019 - 2020,0.39
,,2020 - 2021,0.36
,,2021 - 2022,1.09
,,2022 - 2023,1.07
,Ratlam,2000 - 2001,0.7
,,2001 - 2002,0.62
,,2002 - 2003,0.43
,,2003 - 2004,1.15
,,2004 - 2005,0.65
,,2005 - 2006,0.97
,,2006 - 2007,1.17
,,2007 - 2008,1.19
,,2008 - 2009,1.1
,,2009 - 2010,
,,2010 - 2011,1.27
,,2011 - 2012,1.26
,,2012 - 2013,1.5
,,2013 - 2014,1.1
,,2014 - 2015,0.88
,,2015 - 2016,0.9
,,2016 - 2017,1.46
,,2017 - 2018,1.82
,,2018 - 2019,0.96
,,2019 - 2020,0.64
,,2020 - 2021,0.54
,,2021 - 2022,0.98
,,2022 - 2023,0.98
,Rewa,2000 - 2001,0.55
,,2001 - 2002,0.54
,,2002 - 2003,0.4
,,2003 - 2004,0.59
,,2004 - 2005,0.53
,,2005 - 2006,0.68
,,2006 - 2007,0.61
,,2007 - 2008,0.55
,,2008 - 2009,0.65
,,2009 - 2010,
,,2010 - 2011,0.69
,,2011 - 2012,0.51
,,2012 - 2013,0.58
,,2013 - 2014,0.94
,,2014 - 2015,1.01
,,2015 - 2016,0.7
,,2016 - 2017,0.85
,,2017 - 2018,0.91
,,2018 - 2019,0.75
,,2019 - 2020,0.63
,,2020 - 2021,0.63
,,2021 - 2022,0.75
,,2022 - 2023,1.32
,Sagar,2000 - 2001,0.82
,,2001 - 2002,0.68
,,2002 - 2003,0.48
,,2003 - 2004,0.99
,,2004 - 2005,0.83
,,2005 - 2006,0.83
,,2006 - 2007,0.84
,,2007 - 2008,0.58
,,2008 - 2009,0.89
,,2009 - 2010,
,,2010 - 2011,0.89
,,2011 - 2012,1.0
,,2012 - 2013,1.31
,,2013 - 2014,0.43
,,2014 - 2015,1.26
,,2015 - 2016,0.78
,,2016 - 2017,0.53
,,2017 - 2018,0.59
,,2018 - 2019,1.02
,,2019 - 2020,0.56
,,2020 - 2021,0.52
,,2021 - 2022,1.29
,,2022 - 2023,1.28
,Satna,2000 - 2001,0.42
,,2001 - 2002,0.67
,,2002 - 2003,0.37
,,2003 - 2004,0.63
,,2004 - 2005,0.56
,,2005 - 2006,0.63
,,2006 - 2007,0.5
,,2007 - 2008,0.47
,,2008 - 2009,0.55
,,2009 - 2010,
,,2010 - 2011,0.56
,,2011 - 2012,0.52
,,2012 - 2013,0.51
,,2013 - 2014,0.21
,,2014 - 2015,2.04
,,2015 - 2016,0.44
,,2016 - 2017,0.72
,,2017 - 2018,0.58
,,2018 - 2019,0.4
,,2019 - 2020,0.2
,,2020 - 2021,0.2
,,2021 - 2022,0.32
,,2022 - 2023,0.34
,Sehore,2000 - 2001,0.89
,,2001 - 2002,1.01
,,2002 - 2003,1.01
,,2003 - 2004,1.3
,,2004 - 2005,1.4
,,2005 - 2006,1.28
,,2006 - 2007,0.89
,,2007 - 2008,1.2
,,2008 - 2009,1.29
,,2009 - 2010,
,,2010 - 2011,1.3
,,2011 - 2012,1.24
,,2012 - 2013,1.24
,,2013 - 2014,0.48
,,2014 - 2015,1.34
,,2015 - 2016,0.57
,,2016 - 2017,1.49
,,2017 - 2018,0.83
,,2018 - 2019,1.17
,,2019 - 2020,0.5
,,2020 - 2021,0.48
,,2021 - 2022,1.08
,,2022 - 2023,1.06
,Seoni,2000 - 2001,0.53
,,2001 - 2002,1.11
,,2002 - 2003,0.91
,,2003 - 2004,1.17
,,2004 - 2005,0.86
,,2005 - 2006,0.83
,,2006 - 2007,1.11
,,2007 - 2008,0.98
,,2008 - 2009,1.06
,,2009 - 2010,
,,2010 - 2011,0.94
,,2011 - 2012,1.0
,,2012 - 2013,1.24
,,2013 - 2014,0.26
,,2014 - 2015,1.29
,,2015 - 2016,0.64
,,2016 - 2017,1.38
,,2017 - 2018,0.09
,,2018 - 2019,0.92
,,2019 - 2020,0.76
,,2020 - 2021,0.87
,,2021 - 2022,1.01
,,2022 - 2023,0.92
,Shahdol,2000 - 2001,0.4
,,2001 - 2002,0.49
,,2002 - 2003,0.38
,,2003 - 2004,0.5
,,2004 - 2005,0.42
,,2005 - 2006,0.45
,,2006 - 2007,0.49
,,2007 - 2008,0.57
,,2008 - 2009,0.61
,,2009 - 2010,
,,2010 - 2011,1.79
,,2011 - 2012,0.45
,,2012 - 2013,0.96
,,2013 - 2014,1.12
,,2014 - 2015,1.25
,,2015 - 2016,0.73
,,2016 - 2017,1.0
,,2017 - 2018,0.22
,,2018 - 2019,0.63
,,2019 - 2020,0.93
,,2020 - 2021,0.63
,,2021 - 2022,1.11
,,2022 - 2023,1.11
,Shajapur,2000 - 2001,0.83
,,2001 - 2002,0.62
,,2002 - 2003,0.48
,,2003 - 2004,0.99
,,2004 - 2005,0.82
,,2005 - 2006,0.98
,,2006 - 2007,0.83
,,2007 - 2008,0.93
,,2008 - 2009,1.0
,,2009 - 2010,
,,2010 - 2011,1.12
,,2011 - 2012,1.11
,,2012 - 2013,1.34
,,2013 - 2014,0.77
,,2014 - 2015,0.78
,,2015 - 2016,0.76
,,2016 - 2017,1.49
,,2017 - 2018,1.02
,,2018 - 2019,1.34
,,2019 - 2020,0.38
,,2020 - 2021,0.38
,,2021 - 2022,0.96
,,2022 - 2023,0.96
,Sheopur,2000 - 2001,0.66
,,2001 - 2002,1.37
,,2002 - 2003,1.29
,,2003 - 2004,1.55
,,2004 - 2005,0.75
,,2005 - 2006,1.18
,,2006 - 2007,1.05
,,2007 - 2008,1.02
,,2008 - 2009,1.32
,,2009 - 2010,
,,2010 - 2011,1.73
,,2011 - 2012,1.03
,,2012 - 2013,1.3
,,2013 - 2014,1.41
,,2014 - 2015,0.98
,,2015 - 2016,0.98
,,2016 - 2017,1.15
,,2017 - 2018,0.79
,,2018 - 2019,1.24
,,2019 - 2020,0.9
,,2020 - 2021,0.73
,,2021 - 2022,0.59
,,2022 - 2023,1.32
,Shivpuri,2000 - 2001,0.82
,,2001 - 2002,0.99
,,2002 - 2003,0.22
,,2003 - 2004,0.98
,,2004 - 2005,0.82
,,2005 - 2006,0.94
,,2006 - 2007,0.74
,,2007 - 2008,0.5
,,2008 - 2009,0.92
,,2009 - 2010,
,,2010 - 2011,1.0
,,2011 - 2012,1.02
,,2012 - 2013,0.91
,,2013 - 2014,0.63
,,2014 - 2015,1.63
,,2015 - 2016,0.67
,,2016 - 2017,0.87
,,2017 - 2018,0.78
,,2018 - 2019,0.74
,,2019 - 2020,0.81
,,2020 - 2021,0.39
,,2021 - 2022,0.57
,,2022 - 2023,0.81
,Sidhi,2000 - 2001,0.42
,,2001 - 2002,0.43
,,2002 - 2003,0.38
,,2003 - 2004,0.47
,,2004 - 2005,0.42
,,2005 - 2006,0.59
,,2006 - 2007,0.41
,,2007 - 2008,0.43
,,2008 - 2009,0.51
,,2009 - 2010,
,,2010 - 2011,0.52
,,2011 - 2012,0.45
,,2012 - 2013,0.55
,,2013 - 2014,0.49
,,2014 - 2015,1.5
,,2015 - 2016,0.67
,,2017 - 2018,0.75
,,2018 - 2019,0.52
,,2019 - 2020,0.36
,,2020 - 2021,0.33
,,2022 - 2023,0.54
,Singrauli,2009 - 2010,
,,2010 - 2011,0.0
,,2019 - 2020,0.2
,,2022 - 2023,0.24
,Tikamgarh,2000 - 2001,0.75
,,2001 - 2002,1.15
,,2002 - 2003,0.6
,,2003 - 2004,1.45
,,2004 - 2005,0.87
,,2005 - 2006,0.92
,,2006 - 2007,0.68
,,2007 - 2008,0.44
,,2008 - 2009,1.18
,,2009 - 2010,
,,2010 - 2011,1.15
,,2011 - 2012,0.8
,,2012 - 2013,0.71
,,2013 - 2014,0.56
,,2014 - 2015,1.66
,,2015 - 2016,0.62
,,2016 - 2017,0.91
,,2017 - 2018,0.57
,,2018 - 2019,0.65
,,2019 - 2020,0.42
,,2020 - 2021,0.63
,,2021 - 2022,0.8
,,2022 - 2023,0.92
,Ujjain,2000 - 2001,0.61
,,2001 - 2002,0.64
,,2002 - 2003,0.48
,,2003 - 2004,1.09
,,2004 - 2005,0.69
,,2005 - 2006,1.05
,,2006 - 2007,1.09
,,2007 - 2008,1.19
,,2008 - 2009,1.42
,,2009 - 2010,
,,2010 - 2011,1.39
,,2011 - 2012,1.39
,,2012 - 2013,1.47
,,2013 - 2014,0.78
,,2014 - 2015,0.69
,,2015 - 2016,0.72
,,2016 - 2017,1.47
,,2017 - 2018,1.05
,,2018 - 2019,1.29
,,2019 - 2020,0.47
,,2020 - 2021,0.37
,,2021 - 2022,1.27
,,2022 - 2023,1.25
,Umaria,2000 - 2001,0.36
,,2001 - 2002,0.45
,,2002 - 2003,0.38
,,2003 - 2004,0.49
,,2004 - 2005,0.43
,,2005 - 2006,0.39
,,2006 - 2007,0.36
,,2007 - 2008,0.31
,,2008 - 2009,0.41
,,2009 - 2010,
,,2010 - 2011,0.68
,,2011 - 2012,0.35
,,2012 - 2013,0.34
,,2013 - 2014,0.17
,,2014 - 2015,1.14
,,2015 - 2016,0.4
,,2016 - 2017,1.0
,,2017 - 2018,0.73
,,2018 - 2019,0.63
,,2019 - 2020,0.49
,,2020 - 2021,0.49
,,2021 - 2022,0.62
,,2022 - 2023,0.69
,Vidisha,2000 - 2001,1.03
,,2001 - 2002,0.93
,,2002 - 2003,0.85
,,2003 - 2004,0.85
,,2004 - 2005,1.04
,,2005 - 2006,1.13
,,2006 - 2007,0.98
,,2007 - 2008,1.01
,,2008 - 2009,1.09
,,2009 - 2010,
,,2010 - 2011,1.11
,,2011 - 2012,1.2
,,2012 - 2013,1.11
,,2013 - 2014,1.01
,,2014 - 2015,1.17
,,2015 - 2016,0.66
,,2016 - 2017,0.59
,,2017 - 2018,1.36
,,2018 - 2019,0.95
,,2019 - 2020,0.58
,,2020 - 2021,0.57
,,2021 - 2022,1.0
,,2022 - 2023,1.03
Maharashtra,Ahilyanagar,2000 - 2001,0.86
,,2001 - 2002,1.18
,,2002 - 2003,1.25
,,2003 - 2004,1.03
,,2004 - 2005,1.46
,,2005 - 2006,1.03
,,2006 - 2007,1.32
,,2007 - 2008,1.53
,,2008 - 2009,0.72
,,2009 - 2010,0.92
,,2010 - 2011,1.79
,,2011 - 2012,2.09
,,2012 - 2013,0.49
,,2013 - 2014,1.13
,,2014 - 2015,0.62
,,2015 - 2016,0.48
,,2016 - 2017,0.8
,,2017 - 2018,1.47
,,2018 - 2019,0.63
,,2019 - 2020,0.57
,,2020 - 2021,1.67
,,2021 - 2022,1.58
,,2022 - 2023,1.81
,Akola,2000 - 2001,1.08
,,2001 - 2002,0.98
,,2002 - 2003,1.5
,,2003 - 2004,1.22
,,2004 - 2005,0.62
,,2005 - 2006,0.72
,,2006 - 2007,1.65
,,2007 - 2008,2.0
,,2008 - 2009,0.21
,,2009 - 2010,0.97
,,2010 - 2011,1.88
,,2011 - 2012,1.19
,,2012 - 2013,1.92
,,2013 - 2014,1.03
,,2014 - 2015,0.3
,,2015 - 2016,0.45
,,2016 - 2017,1.41
,,2017 - 2018,0.7
,,2018 - 2019,1.4
,,2019 - 2020,0.91
,,2020 - 2021,1.23
,,2021 - 2022,1.09
,,2022 - 2023,1.6
,Amravati,2000 - 2001,0.69
,,2001 - 2002,0.94
,,2002 - 2003,0.96
,,2003 - 2004,1.39
,,2004 - 2005,0.48
,,2005 - 2006,1.13
,,2006 - 2007,1.49
,,2007 - 2008,1.7
,,2008 - 2009,0.33
,,2009 - 2010,0.81
,,2010 - 2011,1.63
,,2011 - 2012,1.26
,,2012 - 2013,1.52
,,2013 - 2014,0.96
,,2014 - 2015,0.35
,,2015 - 2016,0.35
,,2016 - 2017,1.33
,,2017 - 2018,0.92
,,2018 - 2019,1.21
,,2019 - 2020,0.83
,,2020 - 2021,0.92
,,2021 - 2022,1.05
,,2022 - 2023,0.71
,Beed,2000 - 2001,1.33
,,2001 - 2002,1.07
,,2002 - 2003,1.36
,,2003 - 2004,1.02
,,2004 - 2005,0.87
,,2005 - 2006,1.1
,,2006 - 2007,0.82
,,2007 - 2008,0.45
,,2008 - 2009,0.2
,,2009 - 2010,0.51
,,2010 - 2011,1.37
,,2011 - 2012,1.55
,,2012 - 2013,1.66
,,2013 - 2014,1.86
,,2014 - 2015,0.35
,,2015 - 2016,0.16
,,2016 - 2017,0.78
,,2017 - 2018,0.71
,,2018 - 2019,0.24
,,2019 - 2020,0.78
,,2020 - 2021,1.98
,,2021 - 2022,0.94
,,2022 - 2023,1.47
,Bhandara,2000 - 2001,0.79
,,2001 - 2002,1.14
,,2002 - 2003,1.04
,,2003 - 2004,1.68
,,2004 - 2005,0.94
,,2005 - 2006,0.89
,,2006 - 2007,0.84
,,2007 - 2008,1.14
,,2008 - 2009,1.19
,,2009 - 2010,0.81
,,2010 - 2011,1.73
,,2011 - 2012,0.68
,,2012 - 2013,0.8
,,2013 - 2014,0.4
,,2014 - 2015,0.46
,,2015 - 2016,0.14
,,2016 - 2017,1.13
,,2017 - 2018,1.21
,,2018 - 2019,1.13
,,2019 - 2020,1.04
,,2020 - 2021,0.63
,,2021 - 2022,0.9
,,2022 - 2023,0.99
,Buldhana,2000 - 2001,0.75
,,2001 - 2002,1.45
,,2002 - 2003,1.25
,,2003 - 2004,1.71
,,2004 - 2005,0.94
,,2005 - 2006,0.53
,,2006 - 2007,1.26
,,2007 - 2008,2.01
,,2008 - 2009,0.29
,,2009 - 2010,0.74
,,2010 - 2011,1.85
,,2011 - 2012,1.45
,,2012 - 2013,1.54
,,2013 - 2014,1.48
,,2014 - 2015,0.54
,,2015 - 2016,0.46
,,2016 - 2017,1.93
,,2017 - 2018,1.19
,,2018 - 2019,1.11
,,2019 - 2020,1.35
,,2020 - 2021,1.67
,,2021 - 2022,1.71
,,2022 - 2023,1.78
,Chandrapur,2000 - 2001,1.2
,,2001 - 2002,1.33
,,2002 - 2003,1.17
,,2003 - 2004,1.19
,,2004 - 2005,0.98
,,2005 - 2006,1.07
,,2006 - 2007,1.22
,,2007 - 2008,1.38
,,2008 - 2009,0.66
,,2009 - 2010,0.35
,,2010 - 2011,1.0
,,2011 - 2012,0.88
,,2012 - 2013,1.02
,,2013 - 2014,0.62
,,2014 - 2015,0.51
,,2015 - 2016,0.51
,,2016 - 2017,1.0
,,2017 - 2018,0.94
,,2018 - 2019,1.6
,,2019 - 2020,0.88
,,2020 - 2021,0.86
,,2021 - 2022,1.47
,,2022 - 2023,1.25
,Chhatrapati Sambhajinagar,2000 - 2001,0.74
,,2001 - 2002,1.05
,,2002 - 2003,1.52
,,2003 - 2004,1.35
,,2004 - 2005,0.95
,,2005 - 2006,1.2
,,2006 - 2007,1.56
,,2007 - 2008,1.6
,,2008 - 2009,0.82
,,2009 - 2010,1.12
,,2010 - 2011,2.13
,,2011 - 2012,1.42
,,2012 - 2013,0.74
,,2013 - 2014,1.09
,,2014 - 2015,0.45
,,2015 - 2016,0.45
,,2016 - 2017,1.06
,,2017 - 2018,0.44
,,2018 - 2019,0.65
,,2019 - 2020,0.82
,,2020 - 2021,1.24
,,2021 - 2022,0.76
,,2022 - 2023,0.79
,Dharashiv,2000 - 2001,0.81
,,2001 - 2002,0.19
,,2002 - 2003,1.11
,,2003 - 2004,0.43
,,2004 - 2005,1.22
,,2005 - 2006,1.08
,,2006 - 2007,0.6
,,2007 - 2008,1.31
,,2008 - 2009,0.27
,,2009 - 2010,0.49
,,2010 - 2011,1.71
,,2011 - 2012,1.51
,,2012 - 2013,0.91
,,2013 - 2014,2.03
,,2014 - 2015,0.49
,,2015 - 2016,0.16
,,2016 - 2017,0.28
,,2017 - 2018,0.69
,,2018 - 2019,0.55
,,2019 - 2020,1.21
,,2020 - 2021,1.69
,,2021 - 2022,1.07
,,2022 - 2023,1.14
,Dhule,2000 - 2001,0.59
,,2001 - 2002,1.87
,,2002 - 2003,1.33
,,2003 - 2004,1.59
,,2004 - 2005,1.71
,,2005 - 2006,1.04
,,2006 - 2007,0.87
,,2007 - 2008,1.48
,,2008 - 2009,0.73
,,2009 - 2010,0.93
,,2010 - 2011,2.23
,,2011 - 2012,1.61
,,2012 - 2013,1.61
,,2013 - 2014,1.35
,,2014 - 2015,1.29
,,2015 - 2016,0.64
,,2016 - 2017,1.38
,,2017 - 2018,1.77
,,2018 - 2019,1.59
,,2019 - 2020,0.77
,,2020 - 2021,1.29
,,2021 - 2022,1.26
,,2022 - 2023,1.47
,Gadchiroli,2000 - 2001,1.0
,,2001 - 2002,1.18
,,2002 - 2003,0.89
,,2003 - 2004,1.33
,,2004 - 2005,1.0
,,2005 - 2006,0.58
,,2006 - 2007,1.24
,,2007 - 2008,1.08
,,2008 - 2009,0.74
,,2009 - 2010,0.36
,,2010 - 2011,0.92
,,2011 - 2012,1.22
,,2012 - 2013,1.21
,,2013 - 2014,0.73
,,2014 - 2015,0.68
,,2015 - 2016,0.43
,,2016 - 2017,0.86
,,2017 - 2018,1.5
,,2018 - 2019,2.29
,,2019 - 2020,2.3
,,2020 - 2021,0.55
,,2021 - 2022,1.4
,,2022 - 2023,1.67
,Gondia,2002 - 2003,1.0
,,2003 - 2004,1.0
,,2004 - 2005,1.0
,,2022 - 2023,
,Hingoli,2000 - 2001,1.2
,,2001 - 2002,1.39
,,2002 - 2003,1.52
,,2003 - 2004,1.58
,,2004 - 2005,0.8
,,2005 - 2006,1.3
,,2006 - 2007,0.87
,,2007 - 2008,1.78
,,2008 - 2009,0.59
,,2009 - 2010,0.9
,,2010 - 2011,1.6
,,2011 - 2012,1.39
,,2012 - 2013,1.9
,,2013 - 2014,1.09
,,2014 - 2015,0.28
,,2015 - 2016,0.48
,,2016 - 2017,1.07
,,2017 - 2018,1.13
,,2018 - 2019,1.39
,,2019 - 2020,1.98
,,2020 - 2021,1.08
,,2021 - 2022,0.96
,,2022 - 2023,1.55
,Jalgaon,2000 - 2001,1.0
,,2001 - 2002,1.39
,,2002 - 2003,2.53
,,2003 - 2004,2.44
,,2004 - 2005,2.12
,,2005 - 2006,1.82
,,2006 - 2007,1.89
,,2007 - 2008,1.83
,,2008 - 2009,1.87
,,2009 - 2010,2.19
,,2010 - 2011,2.03
,,2011 - 2012,2.0
,,2012 - 2013,1.71
,,2013 - 2014,1.77
,,2014 - 2015,1.42
,,2015 - 2016,0.55
,,2016 - 2017,1.88
,,2017 - 2018,1.64
,,2018 - 2019,1.45
,,2019 - 2020,0.55
,,2020 - 2021,1.19
,,2021 - 2022,0.57
,,2022 - 2023,1.46
,Jalna,2000 - 2001,0.49
,,2001 - 2002,0.76
,,2002 - 2003,1.65
,,2003 - 2004,1.26
,,2004 - 2005,0.94
,,2005 - 2006,1.18
,,2006 - 2007,1.2
,,2007 - 2008,1.3
,,2008 - 2009,0.61
,,2009 - 2010,1.16
,,2010 - 2011,1.62
,,2011 - 2012,1.49
,,2012 - 2013,0.7
,,2013 - 2014,1.66
,,2014 - 2015,0.37
,,2015 - 2016,0.48
,,2016 - 2017,1.52
,,2017 - 2018,0.7
,,2018 - 2019,0.9
,,2019 - 2020,1.71
,,2020 - 2021,2.0
,,2021 - 2022,1.34
,,2022 - 2023,1.72
,Kolhapur,2000 - 2001,1.94
,,2001 - 2002,1.75
,,2002 - 2003,1.94
,,2003 - 2004,1.96
,,2004 - 2005,1.55
,,2005 - 2006,0.96
,,2006 - 2007,1.43
,,2007 - 2008,2.2
,,2008 - 2009,2.19
,,2009 - 2010,1.94
,,2010 - 2011,2.79
,,2011 - 2012,2.54
,,2012 - 2013,2.6
,,2013 - 2014,2.39
,,2014 - 2015,2.16
,,2015 - 2016,1.9
,,2016 - 2017,2.36
,,2017 - 2018,2.14
,,2018 - 2019,2.21
,,2019 - 2020,2.0
,,2020 - 2021,2.34
,,2021 - 2022,2.24
,,2022 - 2023,2.13
,Latur,2000 - 2001,1.2
,,2001 - 2002,0.73
,,2002 - 2003,1.15
,,2003 - 2004,1.08
,,2004 - 2005,0.58
,,2005 - 2006,1.44
,,2006 - 2007,0.28
,,2007 - 2008,1.17
,,2008 - 2009,0.43
,,2009 - 2010,0.66
,,2010 - 2011,2.22
,,2011 - 2012,1.65
,,2012 - 2013,2.36
,,2013 - 2014,2.17
,,2014 - 2015,0.62
,,2015 - 2016,0.32
,,2016 - 2017,0.8
,,2017 - 2018,1.18
,,2018 - 2019,1.02
,,2019 - 2020,1.1
,,2020 - 2021,1.75
,,2021 - 2022,1.23
,,2022 - 2023,1.1
,Nagpur,2000 - 2001,0.78
,,2001 - 2002,1.0
,,2002 - 2003,1.08
,,2003 - 2004,1.27
,,2004 - 2005,0.73
,,2005 - 2006,1.05
,,2006 - 2007,1.32
,,2007 - 2008,1.37
,,2008 - 2009,0.85
,,2009 - 2010,0.77
,,2010 - 2011,1.18
,,2011 - 2012,0.65
,,2012 - 2013,1.01
,,2013 - 2014,0.43
,,2014 - 2015,0.36
,,2015 - 2016,0.39
,,2016 - 2017,1.18
,,2017 - 2018,1.14
,,2018 - 2019,0.81
,,2019 - 2020,1.67
,,2020 - 2021,0.4
,,2021 - 2022,0.76
,,2022 - 2023,1.2
,Nanded,2000 - 2001,0.9
,,2001 - 2002,1.61
,,2002 - 2003,1.38
,,2003 - 2004,1.27
,,2004 - 2005,0.94
,,2005 - 2006,0.92
,,2006 - 2007,0.7
,,2007 - 2008,1.08
,,2008 - 2009,0.8
,,2009 - 2010,0.46
,,2010 - 2011,1.48
,,2011 - 2012,1.28
,,2012 - 2013,1.53
,,2013 - 2014,1.29
,,2014 - 2015,0.29
,,2015 - 2016,0.32
,,2016 - 2017,0.33
,,2017 - 2018,0.7
,,2018 - 2019,1.39
,,2019 - 2020,1.36
,,2020 - 2021,1.38
,,2021 - 2022,0.81
,,2022 - 2023,1.24
,Nandurbar,2000 - 2001,1.1
,,2001 - 2002,0.9
,,2002 - 2003,1.56
,,2003 - 2004,1.5
,,2004 - 2005,1.28
,,2005 - 2006,1.4
,,2006 - 2007,0.92
,,2007 - 2008,1.38
,,2008 - 2009,1.27
,,2009 - 2010,1.33
,,2010 - 2011,1.62
,,2011 - 2012,1.78
,,2012 - 2013,2.02
,,2013 - 2014,1.19
,,2014 - 2015,0.97
,,2015 - 2016,0.95
,,2016 - 2017,1.64
,,2017 - 2018,1.44
,,2018 - 2019,1.26
,,2019 - 2020,1.46
,,2020 - 2021,1.47
,,2021 - 2022,1.26
,,2022 - 2023,1.53
,Nashik,2000 - 2001,1.17
,,2001 - 2002,1.82
,,2002 - 2003,1.05
,,2003 - 2004,2.25
,,2004 - 2005,1.84
,,2005 - 2006,2.0
,,2006 - 2007,1.5
,,2007 - 2008,1.52
,,2008 - 2009,1.29
,,2009 - 2010,1.19
,,2010 - 2011,1.42
,,2011 - 2012,1.39
,,2012 - 2013,1.56
,,2013 - 2014,1.58
,,2014 - 2015,1.42
,,2015 - 2016,1.16
,,2016 - 2017,1.5
,,2017 - 2018,2.04
,,2018 - 2019,0.92
,,2019 - 2020,1.01
,,2020 - 2021,1.96
,,2021 - 2022,1.81
,,2022 - 2023,1.72
,Parbhani,2000 - 2001,1.07
,,2001 - 2002,1.24
,,2002 - 2003,1.74
,,2003 - 2004,1.53
,,2004 - 2005,0.62
,,2005 - 2006,1.02
,,2006 - 2007,1.17
,,2007 - 2008,1.4
,,2008 - 2009,0.87
,,2009 - 2010,0.79
,,2010 - 2011,1.53
,,2011 - 2012,1.19
,,2012 - 2013,1.38
,,2013 - 2014,1.26
,,2014 - 2015,0.32
,,2015 - 2016,0.23
,,2016 - 2017,1.01
,,2017 - 2018,0.88
,,2018 - 2019,1.11
,,2019 - 2020,1.03
,,2020 - 2021,1.38
,,2021 - 2022,0.42
,,2022 - 2023,1.56
,Pune,2000 - 2001,0.86
,,2001 - 2002,1.25
,,2002 - 2003,1.75
,,2003 - 2004,3.33
,,2004 - 2005,3.0
,,2005 - 2006,2.11
,,2006 - 2007,1.89
,,2007 - 2008,1.73
,,2008 - 2009,1.54
,,2009 - 2010,1.42
,,2010 - 2011,2.0
,,2011 - 2012,2.1
,,2012 - 2013,1.93
,,2013 - 2014,3.88
,,2014 - 2015,1.65
,,2015 - 2016,2.92
,,2016 - 2017,2.13
,,2017 - 2018,2.02
,,2018 - 2019,1.6
,,2019 - 2020,0.81
,,2020 - 2021,2.82
,,2021 - 2022,2.61
,,2022 - 2023,2.61
,Sangli,2000 - 2001,2.64
,,2001 - 2002,1.54
,,2002 - 2003,1.67
,,2003 - 2004,1.96
,,2004 - 2005,1.82
,,2005 - 2006,1.35
,,2006 - 2007,1.48
,,2007 - 2008,2.15
,,2008 - 2009,2.15
,,2009 - 2010,1.52
,,2010 - 2011,2.09
,,2011 - 2012,1.67
,,2012 - 2013,1.6
,,2013 - 2014,2.07
,,2014 - 2015,1.3
,,2015 - 2016,1.54
,,2016 - 2017,2.22
,,2017 - 2018,1.67
,,2018 - 2019,2.16
,,2019 - 2020,0.86
,,2020 - 2021,2.35
,,2021 - 2022,1.69
,,2022 - 2023,1.5
,Satara,2000 - 2001,2.47
,,2001 - 2002,1.91
,,2002 - 2003,1.97
,,2003 - 2004,1.65
,,2004 - 2005,1.84
,,2005 - 2006,1.24
,,2006 - 2007,1.08
,,2007 - 2008,1.76
,,2008 - 2009,2.15
,,2009 - 2010,2.0
,,2010 - 2011,1.63
,,2011 - 2012,1.63
,,2012 - 2013,1.79
,,2013 - 2014,2.05
,,2014 - 2015,1.7
,,2015 - 2016,1.61
,,2016 - 2017,1.81
,,2017 - 2018,1.84
,,2018 - 2019,1.71
,,2019 - 2020,1.44
,,2020 - 2021,2.26
,,2021 - 2022,2.37
,,2022 - 2023,2.15
,Solapur,2000 - 2001,1.67
,,2001 - 2002,1.25
,,2002 - 2003,0.71
,,2003 - 2004,1.17
,,2004 - 2005,2.24
,,2005 - 2006,0.73
,,2006 - 2007,1.57
,,2007 - 2008,1.39
,,2008 - 2009,0.92
,,2009 - 2010,0.88
,,2010 - 2011,1.23
,,2011 - 2012,2.39
,,2012 - 2013,2.09
,,2013 - 2014,1.8
,,2014 - 2015,1.17
,,2015 - 2016,0.17
,,2016 - 2017,0.37
,,2017 - 2018,1.15
,,2018 - 2019,0.33
,,2019 - 2020,0.64
,,2020 - 2021,1.25
,,2021 - 2022,1.17
,,2022 - 2023,0.93
,Wardha,2000 - 2001,1.18
,,2001 - 2002,1.3
,,2002 - 2003,1.06
,,2003 - 2004,1.46
,,2004 - 2005,1.03
,,2005 - 2006,1.09
,,2006 - 2007,1.21
,,2007 - 2008,1.33
,,2008 - 2009,0.58
,,2009 - 2010,0.58
,,2010 - 2011,1.1
,,2011 - 2012,0.87
,,2012 - 2013,1.07
,,2013 - 2014,0.66
,,2014 - 2015,0.44
,,2015 - 2016,0.44
,,2016 - 2017,1.18
,,2017 - 2018,1.53
,,2018 - 2019,1.31
,,2019 - 2020,1.3
,,2020 - 2021,0.54
,,2021 - 2022,1.62
,,2022 - 2023,1.19
,Washim,2000 - 2001,1.06
,,2001 - 2002,1.49
,,2002 - 2003,1.29
,,2003 - 2004,1.36
,,2004 - 2005,0.89
,,2005 - 2006,0.95
,,2006 - 2007,1.23
,,2007 - 2008,1.61
,,2008 - 2009,0.34
,,2009 - 2010,0.36
,,2010 - 2011,1.43
,,2011 - 2012,1.33
,,2012 - 2013,1.69
,,2013 - 2014,0.84
,,2014 - 2015,0.41
,,2015 - 2016,0.56
,,2016 - 2017,1.48
,,2017 - 2018,0.76
,,2018 - 2019,1.37
,,2019 - 2020,1.09
,,2020 - 2021,1.75
,,2021 - 2022,1.65
,,2022 - 2023,1.37
,Yavatmal,2000 - 2001,1.19
,,2001 - 2002,1.3
,,2002 - 2003,1.36
,,2003 - 2004,1.45
,,2004 - 2005,0.54
,,2005 - 2006,1.12
,,2006 - 2007,1.09
,,2007 - 2008,1.25
,,2008 - 2009,0.33
,,2009 - 2010,0.41
,,2010 - 2011,1.38
,,2011 - 2012,1.35
,,2012 - 2013,1.64
,,2013 - 2014,0.55
,,2014 - 2015,0.32
,,2015 - 2016,0.48
,,2016 - 2017,1.12
,,2017 - 2018,0.81
,,2018 - 2019,1.18
,,2019 - 2020,0.82
,,2020 - 2021,1.0
,,2021 - 2022,1.01
,,2022 - 2023,0.82
Manipur,Bishnupur,2005 - 2006,1.0
,,2008 - 2009,0.81
,,2009 - 2010,0.66
,,2010 - 2011,0.83
,,2011 - 2012,0.88
,,2012 - 2013,0.86
,,2013 - 2014,0.9
,,2014 - 2015,0.9
,,2015 - 2016,0.85
,,2016 - 2017,0.86
,,2017 - 2018,0.89
,,2018 - 2019,0.9
,Chandel,2002 - 2003,1.21
,,2003 - 2004,1.15
,,2004 - 2005,1.2
,,2005 - 2006,1.21
,,2006 - 2007,1.18
,,2007 - 2008,1.0
,,2008 - 2009,0.9
,,2009 - 2010,0.52
,,2010 - 2011,0.86
,,2011 - 2012,1.05
,,2012 - 2013,0.86
,,2013 - 2014,0.86
,,2014 - 2015,0.86
,,2015 - 2016,0.86
,,2016 - 2017,0.86
,,2017 - 2018,1.01
,,2018 - 2019,0.99
,Churachandpur,2008 - 2009,0.68
,,2009 - 2010,0.42
,,2010 - 2011,0.68
,,2011 - 2012,0.88
,,2012 - 2013,0.75
,,2013 - 2014,0.79
,,2014 - 2015,0.77
,,2015 - 2016,0.79
,,2016 - 2017,0.8
,,2017 - 2018,0.89
,,2018 - 2019,0.87
,Imphal east,2008 - 2009,0.82
,,2009 - 2010,0.63
,,2010 - 2011,0.85
,,2011 - 2012,0.92
,,2012 - 2013,0.86
,,2013 - 2014,0.92
,,2014 - 2015,0.92
,,2015 - 2016,0.79
,,2016 - 2017,0.78
,,2017 - 2018,0.85
,,2018 - 2019,0.85
,Imphal west,2008 - 2009,0.86
,,2009 - 2010,0.67
,,2010 - 2011,0.89
,,2011 - 2012,0.94
,,2012 - 2013,0.9
,,2013 - 2014,0.92
,,2014 - 2015,0.96
,,2015 - 2016,0.85
,,2016 - 2017,0.87
,,2017 - 2018,0.9
,,2018 - 2019,0.9
,Senapati,2002 - 2003,1.22
,,2003 - 2004,1.0
,,2004 - 2005,1.0
,,2005 - 2006,1.0
,,2008 - 2009,0.64
,,2009 - 2010,0.34
,,2010 - 2011,0.68
,,2011 - 2012,0.76
,,2012 - 2013,0.64
,,2013 - 2014,0.81
,,2014 - 2015,0.82
,,2015 - 2016,0.86
,,2016 - 2017,0.87
,,2017 - 2018,0.95
,,2018 - 2019,0.95
,Tamenglong,2003 - 2004,0.13
,,2005 - 2006,1.0
,,2007 - 2008,1.0
,,2008 - 2009,0.69
,,2009 - 2010,0.52
,,2010 - 2011,0.7
,,2011 - 2012,0.81
,,2012 - 2013,0.82
,,2013 - 2014,0.87
,,2014 - 2015,0.86
,,2015 - 2016,0.83
,,2016 - 2017,0.84
,,2017 - 2018,0.89
,,2018 - 2019,0.89
,Thoubal,2006 - 2007,1.25
,,2008 - 2009,0.79
,,2009 - 2010,0.73
,,2010 - 2011,0.81
,,2011 - 2012,0.88
,,2012 - 2013,0.84
,,2013 - 2014,0.8
,,2014 - 2015,0.8
,,2015 - 2016,0.88
,,2016 - 2017,0.9
,,2017 - 2018,0.95
,,2018 - 2019,0.93
,Ukhrul,2002 - 2003,1.2
,,2003 - 2004,1.22
,,2004 - 2005,1.2
,,2008 - 2009,0.5
,,2009 - 2010,0.4
,,2010 - 2011,0.53
,,2011 - 2012,0.9
,,2012 - 2013,0.61
,,2013 - 2014,0.7
,,2014 - 2015,0.69
,,2015 - 2016,0.81
,,2016 - 2017,0.83
,,2017 - 2018,0.87
,,2018 - 2019,0.85
Meghalaya,East garo hills,2000 - 2001,0.94
,,2001 - 2002,0.94
,,2002 - 2003,0.94
,,2003 - 2004,0.94
,,2004 - 2005,0.95
,,2006 - 2007,0.97
,,2008 - 2009,0.89
,,2010 - 2011,0.93
,,2011 - 2012,0.93
,,2012 - 2013,1.01
,,2013 - 2014,1.02
,,2014 - 2015,1.05
,,2015 - 2016,1.06
,,2016 - 2017,1.01
,,2017 - 2018,1.01
,,2018 - 2019,1.01
,,2019 - 2020,1.01
,,2020 - 2021,1.01
,,2021 - 2022,1.03
,,2022 - 2023,1.04
,East jaintia hills,2000 - 2001,1.0
,,2001 - 2002,1.02
,,2002 - 2003,1.01
,,2003 - 2004,1.04
,,2004 - 2005,1.01
,,2006 - 2007,1.01
,,2008 - 2009,1.29
,,2010 - 2011,1.29
,,2011 - 2012,1.3
,,2012 - 2013,1.39
,,2013 - 2014,1.56
,,2014 - 2015,1.58
,,2015 - 2016,1.63
,,2016 - 2017,1.48
,,2017 - 2018,1.49
,,2018 - 2019,1.49
,,2019 - 2020,1.49
,,2020 - 2021,1.49
,,2021 - 2022,1.53
,,2022 - 2023,1.53
,East khasi hills,2000 - 2001,0.86
,,2001 - 2002,0.95
,,2002 - 2003,0.96
,,2003 - 2004,0.98
,,2004 - 2005,0.98
,,2006 - 2007,0.99
,,2008 - 2009,1.07
,,2010 - 2011,1.07
,,2011 - 2012,1.08
,,2012 - 2013,1.18
,,2013 - 2014,1.21
,,2014 - 2015,1.25
,,2015 - 2016,1.27
,,2016 - 2017,1.2
,,2017 - 2018,1.2
,,2018 - 2019,1.2
,,2019 - 2020,1.21
,,2020 - 2021,1.21
,,2021 - 2022,1.22
,,2022 - 2023,1.22
,North garo hills,2013 - 2014,1.05
,,2014 - 2015,1.1
,,2015 - 2016,1.11
,,2016 - 2017,1.06
,,2017 - 2018,1.06
,,2018 - 2019,1.06
,,2019 - 2020,1.06
,,2020 - 2021,1.06
,,2021 - 2022,1.06
,,2022 - 2023,1.06
,Ri bhoi,2000 - 2001,1.02
,,2001 - 2002,1.02
,,2002 - 2003,1.04
,,2003 - 2004,1.05
,,2004 - 2005,1.05
,,2006 - 2007,1.1
,,2008 - 2009,1.12
,,2010 - 2011,1.12
,,2011 - 2012,1.12
,,2012 - 2013,1.21
,,2013 - 2014,1.24
,,2014 - 2015,1.27
,,2015 - 2016,1.31
,,2016 - 2017,1.25
,,2017 - 2018,1.25
,,2018 - 2019,1.25
,,2019 - 2020,1.26
,,2020 - 2021,1.26
,,2021 - 2022,1.26
,,2022 - 2023,1.27
,South garo hills,2000 - 2001,1.25
,,2001 - 2002,1.13
,,2002 - 2003,1.0
,,2003 - 2004,1.25
,,2004 - 2005,1.0
,,2006 - 2007,1.25
,,2008 - 2009,1.43
,,2010 - 2011,1.09
,,2011 - 2012,1.25
,,2012 - 2013,2.0
,,2013 - 2014,2.07
,,2014 - 2015,2.13
,,2015 - 2016,2.06
,,2016 - 2017,2.0
,,2017 - 2018,2.0
,,2018 - 2019,2.0
,,2019 - 2020,2.0
,,2020 - 2021,2.0
,,2021 - 2022,2.09
,,2022 - 2023,2.12
,South west garo hills,2013 - 2014,5.9
,,2014 - 2015,6.08
,,2015 - 2016,6.17
,,2016 - 2017,5.9
,,2017 - 2018,5.91
,,2018 - 2019,5.91
,,2019 - 2020,5.91
,,2020 - 2021,5.91
,,2021 - 2022,5.91
,,2022 - 2023,5.91
,South west khasi hills,2013 - 2014,1.4
,,2014 - 2015,1.4
,,2015 - 2016,1.6
,,2016 - 2017,1.33
,,2017 - 2018,1.33
,,2018 - 2019,1.29
,,2019 - 2020,1.29
,,2020 - 2021,1.29
,,2021 - 2022,1.38
,,2022 - 2023,1.38
,West garo hills,2000 - 2001,0.71
,,2001 - 2002,0.72
,,2002 - 2003,0.73
,,2003 - 2004,0.73
,,2004 - 2005,0.73
,,2006 - 2007,0.72
,,2008 - 2009,0.75
,,2010 - 2011,0.73
,,2011 - 2012,0.83
,,2012 - 2013,5.69
,,2013 - 2014,5.8
,,2014 - 2015,6.01
,,2015 - 2016,6.12
,,2016 - 2017,5.8
,,2017 - 2018,5.8
,,2018 - 2019,5.8
,,2019 - 2020,5.81
,,2020 - 2021,5.81
,,2021 - 2022,5.81
,,2022 - 2023,5.82
,West jaintia hills,2013 - 2014,1.42
,,2014 - 2015,1.48
,,2015 - 2016,1.5
,,2016 - 2017,1.45
,,2017 - 2018,1.45
,,2018 - 2019,1.45
,,2019 - 2020,1.46
,,2020 - 2021,1.46
,,2021 - 2022,1.46
,,2022 - 2023,1.47
,West khasi hills,2000 - 2001,0.59
,,2001 - 2002,0.61
,,2002 - 2003,0.63
,,2003 - 2004,0.63
,,2004 - 2005,0.69
,,2006 - 2007,0.77
,,2008 - 2009,0.88
,,2010 - 2011,1.04
,,2011 - 2012,1.07
,,2012 - 2013,1.1
,,2013 - 2014,1.07
,,2014 - 2015,1.09
,,2015 - 2016,1.14
,,2016 - 2017,1.11
,,2017 - 2018,1.13
,,2018 - 2019,1.13
,,2019 - 2020,1.13
,,2020 - 2021,1.13
,,2021 - 2022,1.17
,,2022 - 2023,1.16
Mizoram,Aizawl,2000 - 2001,0.97
,,2001 - 2002,0.94
,,2002 - 2003,0.96
,,2003 - 2004,0.91
,,2004 - 2005,2.01
,,2005 - 2006,1.95
,,2010 - 2011,3.71
,,2011 - 2012,1.34
,,2012 - 2013,1.37
,,2013 - 2014,1.37
,,2014 - 2015,1.5
,,2015 - 2016,1.56
,,2016 - 2017,1.51
,,2017 - 2018,1.5
,,2018 - 2019,1.48
,,2019 - 2020,1.7
,,2020 - 2021,1.48
,,2021 - 2022,1.51
,,2022 - 2023,1.48
,Champhai,2000 - 2001,0.66
,,2001 - 2002,0.98
,,2002 - 2003,0.8
,,2003 - 2004,1.85
,,2004 - 2005,0.97
,,2005 - 2006,1.06
,,2010 - 2011,0.96
,,2011 - 2012,1.02
,,2012 - 2013,1.02
,,2013 - 2014,1.04
,,2014 - 2015,1.02
,,2015 - 2016,1.1
,,2016 - 2017,1.15
,,2017 - 2018,0.91
,,2018 - 2019,0.94
,,2019 - 2020,0.94
,,2020 - 2021,0.88
,,2021 - 2022,1.13
,,2022 - 2023,1.47
,Hnahthial,2020 - 2021,1.67
,,2021 - 2022,1.07
,,2022 - 2023,1.45
,Khawzawl,2020 - 2021,1.38
,,2021 - 2022,1.0
,,2022 - 2023,0.8
,Kolasib,2000 - 2001,0.85
,,2001 - 2002,0.85
,,2002 - 2003,0.91
,,2003 - 2004,0.91
,,2004 - 2005,3.6
,,2005 - 2006,3.43
,,2010 - 2011,1.18
,,2011 - 2012,1.17
,,2012 - 2013,2.32
,,2013 - 2014,2.32
,,2014 - 2015,2.34
,,2015 - 2016,2.35
,,2016 - 2017,2.36
,,2017 - 2018,2.37
,,2018 - 2019,2.45
,,2019 - 2020,1.71
,,2020 - 2021,1.73
,,2021 - 2022,1.72
,,2022 - 2023,1.55
,Lawngtlai,2004 - 2005,0.85
,,2005 - 2006,0.91
,,2010 - 2011,0.51
,,2011 - 2012,0.51
,,2012 - 2013,0.51
,,2013 - 2014,0.72
,,2014 - 2015,0.71
,,2015 - 2016,1.29
,,2016 - 2017,1.29
,,2017 - 2018,1.28
,,2018 - 2019,1.48
,,2019 - 2020,1.34
,,2020 - 2021,1.34
,,2021 - 2022,1.32
,,2022 - 2023,1.15
,Lunglei,2000 - 2001,3.32
,,2001 - 2002,1.15
,,2002 - 2003,1.15
,,2003 - 2004,1.34
,,2004 - 2005,1.13
,,2005 - 2006,1.3
,,2010 - 2011,0.99
,,2011 - 2012,0.9
,,2012 - 2013,1.12
,,2013 - 2014,1.2
,,2014 - 2015,0.91
,,2015 - 2016,0.85
,,2016 - 2017,1.0
,,2017 - 2018,1.4
,,2018 - 2019,1.47
,,2019 - 2020,1.37
,,2020 - 2021,1.33
,,2021 - 2022,1.29
,,2022 - 2023,1.27
,Mamit,2003 - 2004,0.7
,,2004 - 2005,0.85
,,2005 - 2006,1.22
,,2010 - 2011,2.43
,,2011 - 2012,2.03
,,2012 - 2013,2.0
,,2013 - 2014,2.14
,,2014 - 2015,0.15
,,2015 - 2016,1.77
,,2016 - 2017,1.71
,,2017 - 2018,1.31
,,2018 - 2019,1.26
,,2019 - 2020,1.11
,,2020 - 2021,1.05
,,2021 - 2022,1.43
,,2022 - 2023,1.0
,Saiha,2003 - 2004,0.8
,,2004 - 2005,0.83
,,2005 - 2006,1.14
,,2010 - 2011,1.4
,,2011 - 2012,0.6
,,2012 - 2013,0.47
,,2013 - 2014,0.67
,,2014 - 2015,1.0
,,2015 - 2016,0.93
,,2016 - 2017,1.19
,,2017 - 2018,0.57
,,2018 - 2019,0.69
,,2019 - 2020,0.5
,,2020 - 2021,0.89
,,2021 - 2022,1.0
,,2022 - 2023,1.0
,Saitual,2020 - 2021,1.2
,,2021 - 2022,1.22
,,2022 - 2023,1.22
,Serchhip,2004 - 2005,0.65
,,2005 - 2006,0.74
,,2010 - 2011,1.8
,,2011 - 2012,1.8
,,2012 - 2013,1.8
,,2013 - 2014,1.64
,,2014 - 2015,1.64
,,2015 - 2016,1.64
,,2016 - 2017,1.65
,,2017 - 2018,1.6
,,2018 - 2019,1.95
,,2019 - 2020,2.01
,,2020 - 2021,2.01
,,2021 - 2022,1.9
,,2022 - 2023,1.9
Nagaland,Chumoukedima,2022 - 2023,1.28
,Dimapur,2000 - 2001,1.81
,,2002 - 2003,1.51
,,2003 - 2004,1.02
,,2004 - 2005,1.26
,,2005 - 2006,1.05
,,2006 - 2007,1.2
,,2007 - 2008,1.95
,,2008 - 2009,1.65
,,2009 - 2010,1.04
,,2010 - 2011,1.24
,,2011 - 2012,1.24
,,2012 - 2013,1.24
,,2013 - 2014,1.24
,,2014 - 2015,1.24
,,2015 - 2016,1.24
,,2016 - 2017,1.24
,,2017 - 2018,1.24
,,2018 - 2019,1.24
,,2019 - 2020,1.24
,,2020 - 2021,1.27
,,2021 - 2022,1.2
,,2022 - 2023,1.29
,Kiphire,2008 - 2009,1.54
,,2009 - 2010,1.03
,,2010 - 2011,1.2
,,2011 - 2012,1.22
,,2012 - 2013,1.21
,,2013 - 2014,1.21
,,2014 - 2015,1.21
,,2015 - 2016,1.21
,,2016 - 2017,1.23
,,2017 - 2018,1.24
,,2018 - 2019,1.25
,,2019 - 2020,1.25
,,2020 - 2021,1.27
,,2021 - 2022,1.05
,,2022 - 2023,1.27
,Kohima,2000 - 2001,1.29
,,2001 - 2002,2.33
,,2002 - 2003,1.86
,,2003 - 2004,1.46
,,2004 - 2005,2.27
,,2005 - 2006,1.49
,,2006 - 2007,1.2
,,2007 - 2008,1.13
,,2008 - 2009,1.35
,,2009 - 2010,1.03
,,2010 - 2011,1.27
,,2011 - 2012,1.27
,,2012 - 2013,1.27
,,2013 - 2014,1.28
,,2014 - 2015,1.27
,,2015 - 2016,1.27
,,2016 - 2017,1.27
,,2017 - 2018,1.27
,,2018 - 2019,1.27
,,2019 - 2020,1.28
,,2020 - 2021,1.27
,,2021 - 2022,1.2
,,2022 - 2023,1.27
,Longleng,2008 - 2009,1.65
,,2009 - 2010,1.01
,,2010 - 2011,1.17
,,2011 - 2012,1.2
,,2012 - 2013,1.2
,,2013 - 2014,1.2
,,2014 - 2015,1.2
,,2015 - 2016,1.22
,,2016 - 2017,1.22
,,2017 - 2018,1.23
,,2018 - 2019,1.24
,,2019 - 2020,1.24
,,2020 - 2021,1.26
,,2021 - 2022,1.25
,,2022 - 2023,1.26
,Mokokchung,2000 - 2001,1.14
,,2001 - 2002,1.27
,,2002 - 2003,1.25
,,2003 - 2004,1.34
,,2004 - 2005,1.6
,,2005 - 2006,1.08
,,2006 - 2007,1.2
,,2007 - 2008,1.12
,,2008 - 2009,1.41
,,2009 - 2010,1.04
,,2010 - 2011,1.2
,,2011 - 2012,1.2
,,2012 - 2013,1.21
,,2013 - 2014,1.21
,,2014 - 2015,1.21
,,2015 - 2016,1.22
,,2016 - 2017,1.22
,,2017 - 2018,1.24
,,2018 - 2019,1.24
,,2019 - 2020,1.24
,,2020 - 2021,1.26
,,2021 - 2022,1.25
,,2022 - 2023,1.22
,Mon,2000 - 2001,1.15
,,2001 - 2002,1.16
,,2002 - 2003,1.12
,,2003 - 2004,1.42
,,2004 - 2005,1.54
,,2005 - 2006,1.02
,,2006 - 2007,1.2
,,2007 - 2008,1.14
,,2008 - 2009,1.49
,,2009 - 2010,1.03
,,2010 - 2011,1.24
,,2011 - 2012,1.25
,,2012 - 2013,1.25
,,2013 - 2014,1.25
,,2014 - 2015,1.25
,,2015 - 2016,1.25
,,2016 - 2017,1.26
,,2017 - 2018,1.26
,,2018 - 2019,1.26
,,2019 - 2020,1.26
,,2020 - 2021,1.26
,,2021 - 2022,1.21
,,2022 - 2023,1.22
,Noklak,2021 - 2022,1.24
,,2022 - 2023,1.25
,Nuiland,2022 - 2023,1.28
,Peren,2008 - 2009,1.59
,,2009 - 2010,1.03
,,2010 - 2011,1.17
,,2011 - 2012,1.21
,,2012 - 2013,1.21
,,2013 - 2014,1.21
,,2014 - 2015,1.21
,,2015 - 2016,1.21
,,2016 - 2017,1.23
,,2017 - 2018,1.23
,,2018 - 2019,1.25
,,2019 - 2020,1.25
,,2020 - 2021,1.25
,,2021 - 2022,1.15
,,2022 - 2023,1.25
,Phek,2000 - 2001,1.17
,,2001 - 2002,1.48
,,2002 - 2003,1.43
,,2003 - 2004,1.37
,,2004 - 2005,1.81
,,2005 - 2006,1.69
,,2006 - 2007,1.21
,,2007 - 2008,1.12
,,2008 - 2009,1.4
,,2009 - 2010,1.03
,,2010 - 2011,1.28
,,2011 - 2012,1.27
,,2012 - 2013,1.27
,,2013 - 2014,1.28
,,2014 - 2015,1.28
,,2015 - 2016,1.27
,,2016 - 2017,1.27
,,2017 - 2018,1.27
,,2018 - 2019,1.27
,,2019 - 2020,1.27
,,2020 - 2021,1.27
,,2021 - 2022,1.0
,,2022 - 2023,1.23
,Shamator,2022 - 2023,1.25
,Tseminyu,2022 - 2023,1.26
,Tuensang,2000 - 2001,1.07
,,2001 - 2002,1.22
,,2002 - 2003,1.64
,,2003 - 2004,1.51
,,2004 - 2005,1.51
,,2005 - 2006,0.98
,,2006 - 2007,1.2
,,2007 - 2008,1.14
,,2008 - 2009,1.42
,,2009 - 2010,1.04
,,2010 - 2011,1.24
,,2011 - 2012,1.24
,,2012 - 2013,1.24
,,2013 - 2014,1.24
,,2014 - 2015,1.24
,,2015 - 2016,1.24
,,2016 - 2017,1.24
,,2017 - 2018,1.24
,,2018 - 2019,1.24
,,2019 - 2020,1.24
,,2020 - 2021,1.26
,,2021 - 2022,1.23
,,2022 - 2023,1.24
,Wokha,2000 - 2001,1.28
,,2001 - 2002,1.39
,,2002 - 2003,1.29
,,2003 - 2004,1.31
,,2004 - 2005,1.59
,,2005 - 2006,1.18
,,2006 - 2007,1.2
,,2007 - 2008,1.03
,,2008 - 2009,1.63
,,2009 - 2010,1.03
,,2010 - 2011,1.23
,,2011 - 2012,1.23
,,2012 - 2013,1.22
,,2013 - 2014,1.22
,,2014 - 2015,1.22
,,2015 - 2016,1.21
,,2016 - 2017,1.24
,,2017 - 2018,1.25
,,2018 - 2019,1.25
,,2019 - 2020,1.25
,,2020 - 2021,1.27
,,2021 - 2022,1.3
,,2022 - 2023,1.24
,Zunheboto,2000 - 2001,1.34
,,2001 - 2002,1.36
,,2002 - 2003,1.16
,,2003 - 2004,1.61
,,2004 - 2005,1.61
,,2005 - 2006,1.35
,,2006 - 2007,1.2
,,2007 - 2008,1.09
,,2008 - 2009,1.5
,,2009 - 2010,1.03
,,2010 - 2011,1.28
,,2011 - 2012,1.28
,,2012 - 2013,1.28
,,2013 - 2014,1.28
,,2014 - 2015,1.28
,,2015 - 2016,1.28
,,2016 - 2017,1.28
,,2017 - 2018,1.28
,,2018 - 2019,1.28
,,2019 - 2020,1.28
,,2020 - 2021,1.27
,,2021 - 2022,1.1
,,2022 - 2023,1.24
Rajasthan,Ajmer,2000 - 2001,0.67
,,2001 - 2002,1.0
,,2002 - 2003,0.5
,,2003 - 2004,1.5
,,2005 - 2006,1.14
,,2007 - 2008,1.36
,,2008 - 2009,0.97
,,2009 - 2010,1.19
,,2010 - 2011,1.4
,,2011 - 2012,1.5
,,2012 - 2013,2.0
,,2013 - 2014,0.85
,,2014 - 2015,1.04
,,2015 - 2016,0.68
,,2016 - 2017,1.0
,,2017 - 2018,1.0
,,2018 - 2019,1.0
,,2019 - 2020,0.33
,,2020 - 2021,1.0
,,2021 - 2022,0.81
,,2022 - 2023,1.03
,Alwar,2000 - 2001,1.0
,,2001 - 2002,1.0
,,2002 - 2003,0.0
,,2005 - 2006,1.0
,,2006 - 2007,1.0
,,2007 - 2008,1.0
,,2009 - 2010,1.0
,Banswara,2000 - 2001,0.61
,,2001 - 2002,1.32
,,2002 - 2003,1.77
,,2003 - 2004,1.61
,,2004 - 2005,1.14
,,2005 - 2006,0.95
,,2006 - 2007,0.83
,,2007 - 2008,1.12
,,2008 - 2009,0.7
,,2009 - 2010,0.81
,,2010 - 2011,0.96
,,2011 - 2012,0.76
,,2012 - 2013,1.04
,,2013 - 2014,1.18
,,2014 - 2015,0.84
,,2015 - 2016,0.86
,,2016 - 2017,1.37
,,2017 - 2018,1.19
,,2018 - 2019,1.16
,,2019 - 2020,0.76
,,2020 - 2021,1.32
,,2021 - 2022,1.09
,,2022 - 2023,1.07
,Baran,2000 - 2001,0.81
,,2001 - 2002,1.12
,,2002 - 2003,0.27
,,2003 - 2004,1.36
,,2004 - 2005,1.9
,,2005 - 2006,1.34
,,2006 - 2007,1.44
,,2007 - 2008,1.35
,,2008 - 2009,0.92
,,2009 - 2010,1.15
,,2010 - 2011,1.83
,,2011 - 2012,1.9
,,2012 - 2013,1.56
,,2013 - 2014,0.73
,,2014 - 2015,0.95
,,2015 - 2016,0.57
,,2016 - 2017,1.04
,,2017 - 2018,1.36
,,2018 - 2019,1.24
,,2019 - 2020,0.54
,,2020 - 2021,0.93
,,2021 - 2022,0.63
,,2022 - 2023,1.04
,Barmer,2016 - 2017,1.0
,Bharatpur,2000 - 2001,0.75
,,2001 - 2002,1.0
,,2002 - 2003,0.5
,,2004 - 2005,1.4
,,2005 - 2006,1.25
,,2006 - 2007,1.0
,,2007 - 2008,1.0
,,2011 - 2012,1.53
,,2012 - 2013,1.0
,,2013 - 2014,0.8
,,2015 - 2016,0.5
,,2020 - 2021,1.0
,,2021 - 2022,0.8
,Bhilwara,2000 - 2001,0.69
,,2001 - 2002,1.09
,,2002 - 2003,0.5
,,2003 - 2004,1.4
,,2004 - 2005,1.43
,,2005 - 2006,1.15
,,2006 - 2007,1.2
,,2007 - 2008,1.08
,,2008 - 2009,1.13
,,2009 - 2010,0.68
,,2010 - 2011,1.46
,,2011 - 2012,1.19
,,2012 - 2013,1.08
,,2013 - 2014,1.38
,,2014 - 2015,1.03
,,2015 - 2016,0.68
,,2016 - 2017,0.81
,,2017 - 2018,1.08
,,2018 - 2019,1.51
,,2019 - 2020,0.48
,,2020 - 2021,1.3
,,2021 - 2022,1.53
,,2022 - 2023,0.78
,Bikaner,2003 - 2004,1.5
,Bundi,2000 - 2001,0.85
,,2001 - 2002,1.21
,,2002 - 2003,0.34
,,2003 - 2004,1.39
,,2004 - 2005,1.19
,,2005 - 2006,1.37
,,2006 - 2007,1.5
,,2007 - 2008,1.35
,,2008 - 2009,0.97
,,2009 - 2010,0.68
,,2010 - 2011,1.45
,,2011 - 2012,1.27
,,2012 - 2013,1.48
,,2013 - 2014,0.95
,,2014 - 2015,1.07
,,2015 - 2016,0.93
,,2016 - 2017,1.02
,,2017 - 2018,1.42
,,2018 - 2019,1.15
,,2019 - 2020,0.49
,,2020 - 2021,0.86
,,2021 - 2022,0.64
,,2022 - 2023,1.18
,Chittorgarh,2000 - 2001,0.5
,,2001 - 2002,0.95
,,2002 - 2003,0.75
,,2003 - 2004,1.49
,,2004 - 2005,1.0
,,2005 - 2006,0.92
,,2006 - 2007,0.9
,,2007 - 2008,1.12
,,2008 - 2009,1.24
,,2009 - 2010,0.99
,,2010 - 2011,1.28
,,2011 - 2012,1.51
,,2012 - 2013,1.48
,,2013 - 2014,0.86
,,2014 - 2015,1.25
,,2015 - 2016,0.55
,,2016 - 2017,0.81
,,2017 - 2018,0.83
,,2018 - 2019,1.31
,,2019 - 2020,0.42
,,2020 - 2021,0.85
,,2021 - 2022,0.6
,,2022 - 2023,0.99
,Dausa,2011 - 2012,1.5
,,2012 - 2013,1.0
,,2016 - 2017,1.0
,,2021 - 2022,0.67
,Dholpur,2000 - 2001,0.5
,,2001 - 2002,1.0
,,2003 - 2004,1.43
,,2005 - 2006,1.18
,,2006 - 2007,1.33
,,2011 - 2012,1.33
,,2012 - 2013,1.5
,,2013 - 2014,0.83
,,2014 - 2015,1.0
,,2021 - 2022,1.0
,Dungarpur,2000 - 2001,0.7
,,2001 - 2002,1.05
,,2002 - 2003,0.52
,,2003 - 2004,1.44
,,2004 - 2005,1.43
,,2005 - 2006,1.15
,,2006 - 2007,1.2
,,2007 - 2008,1.34
,,2008 - 2009,0.97
,,2009 - 2010,1.17
,,2010 - 2011,1.46
,,2011 - 2012,1.54
,,2012 - 2013,1.41
,,2013 - 2014,0.83
,,2014 - 2015,1.04
,,2015 - 2016,0.88
,,2016 - 2017,1.22
,,2017 - 2018,0.92
,,2018 - 2019,1.32
,,2019 - 2020,0.44
,,2020 - 2021,0.94
,,2021 - 2022,0.94
,,2022 - 2023,0.68
,Ganganagar,2002 - 2003,0.0
,,2003 - 2004,1.33
,,2015 - 2016,0.75
,Hanumangarh,2007 - 2008,1.4
,,2008 - 2009,1.0
,,2014 - 2015,1.0
,,2015 - 2016,0.67
,,2021 - 2022,1.0
,Jaipur,2000 - 2001,1.0
,,2001 - 2002,1.2
,,2004 - 2005,1.39
,,2011 - 2012,1.6
,,2015 - 2016,0.67
,,2016 - 2017,1.0
,,2017 - 2018,1.0
,,2018 - 2019,1.0
,,2019 - 2020,1.0
,,2020 - 2021,1.0
,,2021 - 2022,0.8
,,2022 - 2023,1.0
,Jalore,2004 - 2005,1.5
,,2005 - 2006,1.0
,,2008 - 2009,1.0
,Jhalawar,2000 - 2001,0.53
,,2001 - 2002,1.09
,,2002 - 2003,0.5
,,2003 - 2004,1.19
,,2004 - 2005,1.39
,,2005 - 2006,1.03
,,2006 - 2007,1.2
,,2007 - 2008,1.38
,,2008 - 2009,0.97
,,2009 - 2010,1.21
,,2010 - 2011,1.32
,,2011 - 2012,1.55
,,2012 - 2013,1.41
,,2013 - 2014,0.61
,,2014 - 2015,1.0
,,2015 - 2016,0.53
,,2016 - 2017,1.04
,,2017 - 2018,1.35
,,2018 - 2019,1.24
,,2019 - 2020,0.28
,,2020 - 2021,0.57
,,2021 - 2022,0.67
,,2022 - 2023,0.88
,Jhunjhunu,2012 - 2013,1.0
,,2017 - 2018,1.0
,,2018 - 2019,1.0
,,2021 - 2022,1.0
,Jodhpur,2004 - 2005,1.33
,,2018 - 2019,1.0
,Karauli,2000 - 2001,0.67
,,2001 - 2002,1.5
,,2002 - 2003,1.0
,,2004 - 2005,1.0
,,2005 - 2006,1.0
,,2006 - 2007,1.17
,,2007 - 2008,1.37
,,2012 - 2013,2.0
,,2013 - 2014,0.83
,,2014 - 2015,1.0
,,2015 - 2016,0.67
,,2016 - 2017,1.0
,,2017 - 2018,1.2
,,2018 - 2019,1.25
,,2019 - 2020,0.67
,,2020 - 2021,0.95
,,2021 - 2022,0.75
,,2022 - 2023,1.0
,Kota,2000 - 2001,0.95
,,2001 - 2002,1.12
,,2002 - 2003,0.33
,,2003 - 2004,1.61
,,2004 - 2005,1.6
,,2005 - 2006,1.32
,,2006 - 2007,1.31
,,2007 - 2008,1.58
,,2008 - 2009,0.84
,,2009 - 2010,1.19
,,2010 - 2011,1.37
,,2011 - 2012,1.5
,,2012 - 2013,1.37
,,2013 - 2014,0.94
,,2014 - 2015,0.96
,,2015 - 2016,0.75
,,2016 - 2017,1.02
,,2017 - 2018,1.25
,,2018 - 2019,1.18
,,2019 - 2020,0.64
,,2020 - 2021,1.37
,,2021 - 2022,0.86
,,2022 - 2023,1.13
,Nagaur,2001 - 2002,1.0
,,2002 - 2003,1.0
,,2008 - 2009,1.0
,,2009 - 2010,1.0
,,2015 - 2016,1.0
,,2016 - 2017,1.0
,,2018 - 2019,1.0
,,2019 - 2020,0.5
,,2022 - 2023,1.0
,Pali,2001 - 2002,1.0
,,2002 - 2003,0.5
,,2003 - 2004,1.5
,,2004 - 2005,1.45
,,2005 - 2006,1.2
,,2006 - 2007,1.2
,,2007 - 2008,1.5
,,2008 - 2009,1.0
,,2012 - 2013,1.5
,,2015 - 2016,1.0
,,2016 - 2017,1.0
,,2017 - 2018,1.21
,,2018 - 2019,1.3
,,2019 - 2020,0.4
,,2020 - 2021,1.0
,,2021 - 2022,0.82
,,2022 - 2023,1.0
,Pratapgarh,2008 - 2009,1.21
,,2009 - 2010,1.56
,,2010 - 2011,1.35
,,2011 - 2012,1.21
,,2012 - 2013,1.16
,,2013 - 2014,1.12
,,2014 - 2015,1.1
,,2015 - 2016,0.86
,,2016 - 2017,1.33
,,2017 - 2018,1.19
,,2018 - 2019,1.39
,,2019 - 2020,0.33
,,2020 - 2021,1.16
,,2021 - 2022,1.12
,,2022 - 2023,1.21
,Rajsamand,2000 - 2001,0.67
,,2001 - 2002,1.0
,,2003 - 2004,1.43
,,2004 - 2005,1.42
,,2005 - 2006,1.17
,,2006 - 2007,1.25
,,2007 - 2008,1.34
,,2008 - 2009,1.0
,,2009 - 2010,0.0
,,2012 - 2013,1.5
,,2014 - 2015,1.0
,,2015 - 2016,0.66
,,2016 - 2017,1.08
,,2017 - 2018,1.21
,,2018 - 2019,1.25
,,2019 - 2020,0.47
,,2020 - 2021,0.97
,,2021 - 2022,0.8
,,2022 - 2023,1.02
,Sawai madhopur,2000 - 2001,0.69
,,2001 - 2002,1.09
,,2002 - 2003,0.5
,,2003 - 2004,1.4
,,2004 - 2005,1.42
,,2005 - 2006,1.15
,,2006 - 2007,1.2
,,2007 - 2008,1.21
,,2008 - 2009,1.34
,,2009 - 2010,1.1
,,2010 - 2011,1.46
,,2011 - 2012,1.12
,,2012 - 2013,1.16
,,2013 - 2014,1.31
,,2014 - 2015,1.43
,,2015 - 2016,1.04
,,2016 - 2017,1.46
,,2017 - 2018,1.11
,,2018 - 2019,1.35
,,2019 - 2020,1.24
,,2020 - 2021,1.68
,,2021 - 2022,1.26
,,2022 - 2023,0.74
,Sikar,2004 - 2005,1.0
,,2007 - 2008,1.0
,,2012 - 2013,1.0
,,2016 - 2017,1.0
,,2018 - 2019,1.29
,,2022 - 2023,1.0
,Sirohi,2010 - 2011,1.33
,,2016 - 2017,1.0
,,2017 - 2018,1.5
,,2020 - 2021,1.0
,Tonk,2000 - 2001,0.69
,,2001 - 2002,1.09
,,2002 - 2003,0.5
,,2003 - 2004,1.4
,,2004 - 2005,1.43
,,2005 - 2006,1.14
,,2006 - 2007,1.2
,,2007 - 2008,1.34
,,2008 - 2009,0.97
,,2009 - 2010,1.17
,,2010 - 2011,1.46
,,2011 - 2012,1.55
,,2012 - 2013,1.41
,,2013 - 2014,0.83
,,2014 - 2015,1.04
,,2015 - 2016,0.67
,,2016 - 2017,0.96
,,2017 - 2018,1.21
,,2018 - 2019,1.26
,,2019 - 2020,0.47
,,2020 - 2021,0.97
,,2021 - 2022,0.8
,,2022 - 2023,1.02
,Udaipur,2000 - 2001,0.69
,,2001 - 2002,1.09
,,2002 - 2003,0.5
,,2003 - 2004,1.4
,,2004 - 2005,1.43
,,2005 - 2006,1.15
,,2006 - 2007,1.2
,,2007 - 2008,0.71
,,2008 - 2009,1.02
,,2009 - 2010,0.6
,,2010 - 2011,1.46
,,2011 - 2012,1.51
,,2012 - 2013,0.9
,,2013 - 2014,1.32
,,2014 - 2015,1.1
,,2015 - 2016,0.58
,,2016 - 2017,0.95
,,2017 - 2018,0.91
,,2018 - 2019,1.24
,,2019 - 2020,0.54
,,2020 - 2021,1.0
,,2021 - 2022,1.13
,,2022 - 2023,1.02
Sikkim,Gangtok,2000 - 2001,0.83
,,2001 - 2002,0.79
,,2002 - 2003,0.7
,,2003 - 2004,0.84
,,2004 - 2005,0.87
,,2005 - 2006,0.93
,,2006 - 2007,1.0
,,2007 - 2008,0.88
,,2008 - 2009,0.89
,,2009 - 2010,0.88
,,2010 - 2011,0.97
,,2011 - 2012,0.96
,,2012 - 2013,0.98
,,2013 - 2014,0.98
,,2014 - 2015,0.99
,,2015 - 2016,1.0
,,2016 - 2017,1.0
,,2017 - 2018,1.0
,,2018 - 2019,1.0
,,2019 - 2020,1.0
,,2020 - 2021,1.0
,,2022 - 2023,1.0
,Geyzing,2000 - 2001,0.84
,,2001 - 2002,0.81
,,2002 - 2003,0.74
,,2003 - 2004,0.81
,,2004 - 2005,0.81
,,2005 - 2006,0.81
,,2006 - 2007,1.0
,,2007 - 2008,0.89
,,2008 - 2009,0.88
,,2009 - 2010,0.88
,,2010 - 2011,0.88
,,2011 - 2012,0.87
,,2012 - 2013,0.92
,,2013 - 2014,0.92
,,2014 - 2015,0.92
,,2015 - 2016,0.95
,,2016 - 2017,0.95
,,2017 - 2018,0.95
,,2018 - 2019,0.95
,,2019 - 2020,0.96
,,2020 - 2021,0.96
,,2021 - 2022,0.96
,,2022 - 2023,0.96
,Mangan,2000 - 2001,0.67
,,2001 - 2002,0.69
,,2002 - 2003,0.6
,,2003 - 2004,0.75
,,2004 - 2005,0.78
,,2005 - 2006,0.78
,,2006 - 2007,1.0
,,2007 - 2008,7.75
,,2008 - 2009,0.83
,,2009 - 2010,0.83
,,2010 - 2011,0.83
,,2011 - 2012,0.83
,,2012 - 2013,0.83
,,2013 - 2014,0.86
,,2014 - 2015,0.86
,,2015 - 2016,0.86
,,2016 - 2017,0.87
,,2017 - 2018,0.87
,,2018 - 2019,0.87
,,2019 - 2020,0.87
,,2020 - 2021,0.87
,,2021 - 2022,0.87
,,2022 - 2023,0.87
,Namchi,2000 - 2001,0.84
,,2001 - 2002,0.82
,,2002 - 2003,0.82
,,2003 - 2004,0.85
,,2004 - 2005,0.09
,,2005 - 2006,8.86
,,2006 - 2007,1.0
,,2007 - 2008,0.87
,,2008 - 2009,0.88
,,2009 - 2010,0.88
,,2010 - 2011,0.88
,,2011 - 2012,0.89
,,2012 - 2013,0.94
,,2013 - 2014,0.97
,,2014 - 2015,0.97
,,2015 - 2016,0.98
,,2016 - 2017,0.99
,,2017 - 2018,0.99
,,2018 - 2019,0.99
,,2019 - 2020,0.99
,,2020 - 2021,0.99
,,2021 - 2022,0.99
,,2022 - 2023,0.99
,Pakyong,2021 - 2022,1.0
,,2022 - 2023,1.0
,Soreng,2022 - 2023,0.93
Tamil Nadu,Coimbatore,2005 - 2006,0.0
,Dindigul,2005 - 2006,0.0
,Erode,2005 - 2006,0.0
,Karur,2005 - 2006,0.0
,Nagapattinam,2005 - 2006,0.0
,Salem,2005 - 2006,0.0
,Thanjavur,2005 - 2006,0.0
,Thiruvallur,2005 - 2006,0.0
,Thoothukudi,2005 - 2006,0.0
,Tirunelveli,2005 - 2006,0.0
,Tiruvannamalai,2005 - 2006,0.0
,Vellore,2005 - 2006,0.0
Telangana,Adilabad,2002 - 2003,0.0
,,2003 - 2004,1.58
,,2004 - 2005,1.56
,,2005 - 2006,1.95
,,2006 - 2007,1.62
,,2008 - 2009,1.23
,,2009 - 2010,0.57
,,2010 - 2011,1.37
,,2011 - 2012,1.41
,,2013 - 2014,1.16
,,2014 - 2015,0.83
,,2015 - 2016,1.0
,,2016 - 2017,1.35
,,2017 - 2018,1.54
,,2018 - 2019,1.56
,,2019 - 2020,1.8
,,2020 - 2021,1.35
,,2021 - 2022,1.8
,,2022 - 2023,1.58
,Bhadradri,2016 - 2017,1.16
,,2017 - 2018,1.5
,,2018 - 2019,1.5
,,2021 - 2022,
,Jagitial,2016 - 2017,1.91
,,2017 - 2018,1.39
,,2018 - 2019,1.41
,,2019 - 2020,1.66
,,2020 - 2021,1.6
,,2021 - 2022,1.92
,,2022 - 2023,1.6
,Jangoan,2016 - 2017,1.16
,,2020 - 2021,1.5
,,2021 - 2022,1.75
,,2022 - 2023,1.67
,Jayashankar,2016 - 2017,1.17
,,2020 - 2021,1.5
,,2021 - 2022,1.8
,,2022 - 2023,2.0
,Jogulamba,2016 - 2017,1.11
,,2020 - 2021,1.6
,,2021 - 2022,1.8
,,2022 - 2023,1.61
,Kamareddy,2016 - 2017,0.98
,,2017 - 2018,1.88
,,2018 - 2019,1.66
,,2019 - 2020,2.04
,,2020 - 2021,1.51
,,2021 - 2022,1.8
,,2022 - 2023,1.37
,Karimnagar,2005 - 2006,2.0
,,2006 - 2007,1.53
,,2008 - 2009,1.36
,,2009 - 2010,0.82
,,2010 - 2011,1.7
,,2011 - 2012,1.62
,,2013 - 2014,1.61
,,2014 - 2015,1.08
,,2015 - 2016,1.28
,,2016 - 2017,1.91
,,2017 - 2018,1.6
,,2018 - 2019,1.63
,,2021 - 2022,2.0
,,2022 - 2023,1.67
,Khammam,2010 - 2011,1.67
,,2011 - 2012,1.63
,,2013 - 2014,1.62
,,2016 - 2017,1.14
,,2017 - 2018,1.64
,,2020 - 2021,1.5
,,2021 - 2022,1.5
,,2022 - 2023,1.6
,Komaram bheem asifabad,2016 - 2017,1.35
,,2017 - 2018,1.35
,,2018 - 2019,1.17
,,2019 - 2020,1.19
,,2020 - 2021,1.25
,,2021 - 2022,1.19
,,2022 - 2023,1.22
,Mahabubabad,2016 - 2017,1.17
,,2017 - 2018,1.63
,,2018 - 2019,1.6
,,2019 - 2020,1.83
,,2020 - 2021,1.67
,Mahbubnagar,2005 - 2006,2.0
,,2010 - 2011,1.67
,,2011 - 2012,1.5
,,2014 - 2015,1.0
,,2016 - 2017,1.16
,,2017 - 2018,1.63
,,2019 - 2020,2.0
,,2020 - 2021,1.0
,,2021 - 2022,1.8
,Mancherial,2016 - 2017,1.35
,,2017 - 2018,1.62
,,2018 - 2019,1.59
,,2019 - 2020,1.75
,,2020 - 2021,1.5
,,2021 - 2022,1.73
,,2022 - 2023,1.63
,Medak,2003 - 2004,1.58
,,2004 - 2005,1.56
,,2005 - 2006,2.0
,,2006 - 2007,0.8
,,2008 - 2009,1.24
,,2009 - 2010,0.22
,,2010 - 2011,1.0
,,2011 - 2012,1.16
,,2013 - 2014,1.4
,,2014 - 2015,1.03
,,2015 - 2016,0.95
,,2016 - 2017,1.06
,,2017 - 2018,1.25
,,2018 - 2019,1.44
,,2019 - 2020,1.8
,,2020 - 2021,1.5
,,2021 - 2022,1.7
,,2022 - 2023,1.6
,Medchal,2017 - 2018,1.5
,,2019 - 2020,1.8
,,2021 - 2022,1.5
,Mulugu,2021 - 2022,
,Nagarkurnool,2016 - 2017,1.16
,,2022 - 2023,1.6
,Nalgonda,2004 - 2005,1.55
,,2005 - 2006,2.0
,,2013 - 2014,1.63
,,2016 - 2017,1.16
,,2020 - 2021,1.5
,,2021 - 2022,1.71
,Narayanapet,2021 - 2022,1.5
,Nirmal,2016 - 2017,1.36
,,2017 - 2018,1.28
,,2018 - 2019,1.36
,,2019 - 2020,1.63
,,2020 - 2021,1.36
,,2021 - 2022,1.42
,,2022 - 2023,1.83
,Nizamabad,2002 - 2003,0.0
,,2003 - 2004,1.58
,,2004 - 2005,1.55
,,2005 - 2006,2.27
,,2006 - 2007,1.19
,,2008 - 2009,1.66
,,2009 - 2010,1.27
,,2010 - 2011,2.1
,,2011 - 2012,1.86
,,2013 - 2014,2.16
,,2014 - 2015,1.37
,,2015 - 2016,1.07
,,2016 - 2017,0.98
,,2017 - 2018,1.84
,,2018 - 2019,1.83
,,2019 - 2020,2.12
,,2020 - 2021,1.96
,,2021 - 2022,2.26
,,2022 - 2023,1.85
,Peddapalli,2016 - 2017,1.92
,,2021 - 2022,1.75
,,2022 - 2023,1.6
,Rajanna,2016 - 2017,1.91
,,2017 - 2018,1.62
,,2019 - 2020,1.8
,,2020 - 2021,1.5
,,2021 - 2022,
,,2022 - 2023,2.0
,Rangareddi,2004 - 2005,1.55
,,2005 - 2006,2.0
,,2006 - 2007,1.52
,,2008 - 2009,1.33
,,2009 - 2010,0.83
,,2010 - 2011,1.7
,,2011 - 2012,1.6
,,2013 - 2014,1.61
,,2014 - 2015,1.08
,,2015 - 2016,1.04
,,2016 - 2017,1.17
,,2017 - 2018,1.63
,,2018 - 2019,1.62
,,2020 - 2021,1.6
,,2021 - 2022,1.74
,,2022 - 2023,1.62
,Sangareddy,2016 - 2017,1.06
,,2017 - 2018,1.5
,,2018 - 2019,1.41
,,2019 - 2020,1.46
,,2020 - 2021,1.34
,,2021 - 2022,1.47
,,2022 - 2023,1.53
,Siddipet,2016 - 2017,1.06
,,2017 - 2018,1.62
,,2018 - 2019,1.59
,,2019 - 2020,1.77
,,2020 - 2021,1.56
,,2021 - 2022,1.73
,,2022 - 2023,1.62
,Vikarabad,2016 - 2017,1.17
,,2017 - 2018,1.62
,,2018 - 2019,1.71
,,2019 - 2020,2.22
,,2020 - 2021,1.47
,,2021 - 2022,1.39
,,2022 - 2023,1.21
,Wanaparthy,2016 - 2017,1.14
,,2021 - 2022,1.73
,,2022 - 2023,1.61
,Warangal,2004 - 2005,1.57
,,2008 - 2009,1.37
,,2009 - 2010,0.75
,,2010 - 2011,1.75
,,2013 - 2014,1.61
,,2014 - 2015,1.08
,,2015 - 2016,1.04
,,2016 - 2017,1.17
,,2017 - 2018,1.64
,,2018 - 2019,1.58
,,2019 - 2020,1.8
,,2020 - 2021,1.53
,,2021 - 2022,1.73
,,2022 - 2023,1.6
,Warangal urban,2016 - 2017,1.17
,,2017 - 2018,2.0
,,2018 - 2019,1.6
,,2019 - 2020,1.78
,,2020 - 2021,1.47
,,2021 - 2022,1.73
,,2022 - 2023,1.61
,Yadadri,2016 - 2017,1.17
,,2017 - 2018,1.57
,,2020 - 2021,1.33
,,2021 - 2022,
,,2022 - 2023,2.0
Tripura,Dhalai,2015 - 2016,0.87
,,2016 - 2017,
,,2017 - 2018,0.71
,,2019 - 2020,0.72
,Gomati,2015 - 2016,0.86
,,2016 - 2017,
,,2017 - 2018,0.65
,,2018 - 2019,0.75
,,2019 - 2020,
,Khowai,2015 - 2016,0.89
,,2016 - 2017,
,,2017 - 2018,0.71
,,2018 - 2019,0.8
,,2019 - 2020,0.75
,North tripura,2015 - 2016,0.88
,,2016 - 2017,
,,2017 - 2018,0.74
,,2018 - 2019,0.76
,,2019 - 2020,0.73
,Sepahijala,2015 - 2016,0.88
,,2016 - 2017,
,,2017 - 2018,0.68
,,2018 - 2019,0.66
,,2019 - 2020,
,South tripura,2015 - 2016,0.89
,,2016 - 2017,
,,2017 - 2018,0.5
,,2018 - 2019,0.78
,,2019 - 2020,0.73
,Unakoti,2015 - 2016,0.85
,,2016 - 2017,
,,2017 - 2018,0.7
,,2018 - 2019,0.8
,,2019 - 2020,
,West tripura,2015 - 2016,0.89
,,2016 - 2017,
,,2017 - 2018,0.72
,,2019 - 2020,
Uttar Pradesh,Agra,2000 - 2001,1.0
,Allahabad,2000 - 2001,0.58
,,2001 - 2002,0.73
,Auraiya,2000 - 2001,1.0
,,2004 - 2005,1.0
,,2009 - 2010,1.0
,Azamgarh,2000 - 2001,1.0
,,2012 - 2013,1.5
,Bahraich,2000 - 2001,0.53
,,2001 - 2002,0.73
,,2002 - 2003,0.14
,,2004 - 2005,0.41
,,2006 - 2007,0.95
,,2007 - 2008,0.67
,,2010 - 2011,1.23
,,2011 - 2012,1.25
,,2012 - 2013,1.42
,,2013 - 2014,0.57
,,2014 - 2015,0.71
,,2015 - 2016,0.25
,,2016 - 2017,0.67
,,2017 - 2018,0.78
,,2018 - 2019,0.9
,,2019 - 2020,0.51
,,2020 - 2021,0.69
,Banda,2000 - 2001,0.59
,,2001 - 2002,0.72
,,2002 - 2003,0.16
,,2003 - 2004,1.07
,,2004 - 2005,0.41
,,2005 - 2006,0.79
,,2006 - 2007,0.98
,,2007 - 2008,0.67
,,2008 - 2009,0.87
,,2009 - 2010,1.06
,,2010 - 2011,1.23
,,2011 - 2012,1.25
,,2012 - 2013,1.41
,,2013 - 2014,0.57
,,2014 - 2015,0.71
,,2015 - 2016,0.19
,,2016 - 2017,0.68
,,2017 - 2018,0.77
,,2018 - 2019,0.9
,,2019 - 2020,0.5
,,2020 - 2021,0.69
,,2022 - 2023,0.54
,Barabanki,2001 - 2002,0.71
,,2014 - 2015,1.0
,Bareilly,2003 - 2004,1.06
,,2004 - 2005,0.41
,,2005 - 2006,0.81
,,2006 - 2007,0.94
,,2007 - 2008,0.68
,,2009 - 2010,1.06
,,2011 - 2012,1.26
,,2012 - 2013,1.4
,,2015 - 2016,0.2
,Bijnor,2001 - 2002,0.75
,,2003 - 2004,1.0
,,2004 - 2005,0.4
,,2005 - 2006,0.8
,,2006 - 2007,1.0
,Budaun,2000 - 2001,0.63
,,2002 - 2003,0.18
,,2004 - 2005,0.44
,,2006 - 2007,1.0
,,2007 - 2008,0.71
,Chitrakoot,2000 - 2001,0.6
,,2001 - 2002,0.75
,,2003 - 2004,1.2
,,2004 - 2005,0.46
,,2005 - 2006,0.67
,,2006 - 2007,1.0
,,2007 - 2008,0.71
,,2009 - 2010,1.05
,,2010 - 2011,1.2
,,2011 - 2012,1.26
,,2012 - 2013,1.42
,,2013 - 2014,0.58
,,2014 - 2015,0.71
,,2016 - 2017,0.67
,,2017 - 2018,0.78
,,2018 - 2019,0.91
,,2019 - 2020,0.51
,,2020 - 2021,0.69
,,2022 - 2023,0.5
,Deoria,2001 - 2002,0.67
,Etah,2003 - 2004,1.0
,,2004 - 2005,1.0
,,2005 - 2006,0.5
,,2006 - 2007,1.0
,Fatehpur,2000 - 2001,0.5
,,2004 - 2005,0.33
,,2006 - 2007,1.0
,,2010 - 2011,1.0
,Gonda,2000 - 2001,0.6
,Hamirpur,2000 - 2001,0.59
,,2001 - 2002,0.72
,,2002 - 2003,0.16
,,2003 - 2004,1.07
,,2004 - 2005,0.41
,,2005 - 2006,0.77
,,2006 - 2007,0.98
,,2007 - 2008,0.69
,,2008 - 2009,0.85
,,2009 - 2010,1.0
,,2010 - 2011,1.21
,,2011 - 2012,1.23
,,2012 - 2013,1.41
,,2013 - 2014,0.58
,,2014 - 2015,0.72
,,2015 - 2016,0.17
,,2016 - 2017,0.67
,,2017 - 2018,0.79
,,2018 - 2019,0.9
,,2019 - 2020,0.52
,,2020 - 2021,0.69
,,2021 - 2022,0.5
,,2022 - 2023,0.5
,Hardoi,2000 - 2001,0.56
,,2001 - 2002,0.73
,,2002 - 2003,0.18
,,2003 - 2004,1.08
,,2004 - 2005,0.38
,,2006 - 2007,1.0
,,2013 - 2014,0.5
,,2016 - 2017,1.0
,,2017 - 2018,1.0
,,2018 - 2019,1.0
,,2020 - 2021,0.5
,Jalaun,2000 - 2001,0.69
,,2001 - 2002,0.73
,,2002 - 2003,0.16
,,2003 - 2004,1.07
,,2004 - 2005,0.41
,,2005 - 2006,0.78
,,2006 - 2007,0.98
,,2007 - 2008,0.67
,,2008 - 2009,0.86
,,2010 - 2011,1.24
,,2011 - 2012,1.25
,,2012 - 2013,1.4
,,2013 - 2014,0.58
,,2014 - 2015,0.72
,,2015 - 2016,0.17
,,2016 - 2017,0.63
,,2017 - 2018,0.77
,,2018 - 2019,0.87
,,2019 - 2020,0.51
,,2020 - 2021,0.68
,,2021 - 2022,0.52
,,2022 - 2023,0.53
,Jaunpur,2002 - 2003,0.2
,Jhansi,2000 - 2001,0.5
,,2001 - 2002,0.66
,,2002 - 2003,0.16
,,2003 - 2004,1.07
,,2004 - 2005,0.41
,,2005 - 2006,0.78
,,2006 - 2007,0.98
,,2007 - 2008,0.67
,,2008 - 2009,0.86
,,2009 - 2010,1.06
,,2010 - 2011,1.23
,,2011 - 2012,1.25
,,2012 - 2013,1.41
,,2013 - 2014,0.58
,,2014 - 2015,0.72
,,2015 - 2016,0.18
,,2016 - 2017,0.65
,,2017 - 2018,0.34
,,2018 - 2019,0.87
,,2019 - 2020,0.08
,,2020 - 2021,0.48
,,2021 - 2022,2.0
,,2022 - 2023,0.81
,Kannauj,2000 - 2001,0.61
,,2003 - 2004,1.0
,Kanpur dehat,2003 - 2004,1.07
,,2004 - 2005,0.41
,,2005 - 2006,0.78
,,2006 - 2007,0.97
,,2007 - 2008,0.67
,,2008 - 2009,0.86
,,2010 - 2011,1.23
,,2011 - 2012,1.25
,,2012 - 2013,1.41
,,2013 - 2014,0.57
,,2014 - 2015,0.7
,,2015 - 2016,0.2
,,2016 - 2017,0.67
,,2017 - 2018,0.78
,,2018 - 2019,0.9
,,2019 - 2020,0.51
,,2020 - 2021,0.69
,Kanpur nagar,2000 - 2001,0.58
,,2001 - 2002,0.72
,,2002 - 2003,0.17
,,2003 - 2004,1.11
,,2004 - 2005,0.43
,,2005 - 2006,0.78
,,2006 - 2007,1.0
,,2007 - 2008,0.67
,,2008 - 2009,0.67
,,2009 - 2010,1.06
,,2010 - 2011,1.33
,,2015 - 2016,0.0
,Kheri,2004 - 2005,0.43
,,2006 - 2007,0.93
,,2007 - 2008,0.67
,Lalitpur,2000 - 2001,0.61
,,2001 - 2002,0.73
,,2002 - 2003,0.16
,,2003 - 2004,1.07
,,2004 - 2005,0.41
,,2005 - 2006,0.78
,,2006 - 2007,0.98
,,2007 - 2008,0.67
,,2008 - 2009,0.86
,,2009 - 2010,1.05
,,2010 - 2011,1.23
,,2011 - 2012,1.25
,,2012 - 2013,1.41
,,2013 - 2014,0.58
,,2014 - 2015,0.72
,,2015 - 2016,0.17
,,2016 - 2017,0.67
,,2017 - 2018,0.79
,,2018 - 2019,0.9
,,2019 - 2020,0.53
,,2020 - 2021,0.75
,,2021 - 2022,0.42
,,2022 - 2023,0.53
,Lucknow,2003 - 2004,1.0
,,2004 - 2005,0.5
,Maharajganj,2014 - 2015,0.67
,Mahoba,2000 - 2001,0.59
,,2001 - 2002,0.72
,,2002 - 2003,0.16
,,2003 - 2004,1.07
,,2004 - 2005,0.41
,,2005 - 2006,0.82
,,2006 - 2007,0.97
,,2008 - 2009,0.86
,,2009 - 2010,1.06
,,2010 - 2011,1.23
,,2011 - 2012,1.25
,,2012 - 2013,1.41
,,2013 - 2014,0.58
,,2014 - 2015,0.72
,,2016 - 2017,0.67
,,2017 - 2018,0.77
,,2018 - 2019,0.9
,,2019 - 2020,0.51
,,2020 - 2021,0.69
,,2021 - 2022,0.53
,,2022 - 2023,0.55
,Mathura,2003 - 2004,1.0
,Mirzapur,2001 - 2002,0.67
,Moradabad,2003 - 2004,1.0
,,2004 - 2005,0.33
,,2005 - 2006,1.0
,Muzaffarnagar,2003 - 2004,1.0
,,2004 - 2005,0.4
,,2006 - 2007,1.0
,Pilibhit,2001 - 2002,1.0
,,2003 - 2004,1.2
,,2004 - 2005,0.0
,,2005 - 2006,0.76
,,2006 - 2007,1.0
,,2007 - 2008,0.67
,,2008 - 2009,0.85
,,2009 - 2010,1.04
,,2010 - 2011,1.23
,,2011 - 2012,1.25
,,2012 - 2013,1.42
,,2013 - 2014,0.58
,,2014 - 2015,0.72
,,2015 - 2016,0.17
,,2016 - 2017,0.67
,,2017 - 2018,0.78
,,2018 - 2019,0.9
,,2020 - 2021,1.67
,,2022 - 2023,0.55
,Rae bareli,2001 - 2002,0.5
,Rampur,2000 - 2001,0.67
,,2001 - 2002,0.67
,,2003 - 2004,1.0
,,2004 - 2005,0.4
,,2005 - 2006,0.8
,,2006 - 2007,0.95
,,2008 - 2009,0.82
,,2009 - 2010,1.06
,,2011 - 2012,1.25
,,2012 - 2013,1.41
,,2013 - 2014,0.58
,,2014 - 2015,0.73
,,2015 - 2016,0.18
,,2016 - 2017,0.68
,,2017 - 2018,0.78
,,2018 - 2019,0.89
,,2019 - 2020,0.51
,,2020 - 2021,0.69
,Sant ravidas nagar,2004 - 2005,1.0
,Shahjahanpur,2000 - 2001,0.63
,,2001 - 2002,0.72
,,2002 - 2003,0.16
,,2003 - 2004,1.07
,,2004 - 2005,0.42
,,2005 - 2006,0.78
,,2006 - 2007,0.98
,,2007 - 2008,0.65
,,2009 - 2010,1.06
,,2010 - 2011,1.23
,,2011 - 2012,1.25
,,2012 - 2013,1.39
,,2013 - 2014,0.56
,,2015 - 2016,0.25
,,2016 - 2017,0.67
,,2017 - 2018,0.78
,,2018 - 2019,0.89
,,2019 - 2020,0.5
,,2020 - 2021,1.68
,Shravasti,2008 - 2009,0.86
,Siddharth nagar,2001 - 2002,0.75
,Sitapur,2000 - 2001,0.62
,,2001 - 2002,0.67
,,2002 - 2003,0.11
,,2004 - 2005,0.39
,,2006 - 2007,1.0
,Unnao,2000 - 2001,0.5
,,2004 - 2005,0.5
,,2006 - 2007,1.0
Uttarakhand,Almora,2000 - 2001,0.55
,,2001 - 2002,0.55
,,2002 - 2003,0.5
,,2003 - 2004,1.5
,,2004 - 2005,1.2
,,2005 - 2006,0.65
,,2006 - 2007,1.28
,,2007 - 2008,1.27
,,2008 - 2009,1.15
,,2009 - 2010,1.33
,,2010 - 2011,1.31
,,2011 - 2012,1.4
,,2012 - 2013,1.4
,,2013 - 2014,1.41
,,2014 - 2015,0.73
,,2015 - 2016,1.06
,,2016 - 2017,0.87
,,2017 - 2018,0.93
,,2018 - 2019,1.11
,,2019 - 2020,1.09
,,2020 - 2021,1.0
,,2021 - 2022,1.15
,,2022 - 2023,1.25
,Bageshwar,2000 - 2001,0.7
,,2001 - 2002,0.6
,,2003 - 2004,1.43
,,2004 - 2005,1.2
,,2006 - 2007,1.25
,,2007 - 2008,1.29
,,2008 - 2009,1.2
,,2009 - 2010,1.29
,,2010 - 2011,1.33
,,2011 - 2012,1.41
,,2012 - 2013,1.4
,,2013 - 2014,1.42
,,2014 - 2015,0.8
,,2015 - 2016,0.78
,,2016 - 2017,1.01
,,2017 - 2018,1.01
,,2018 - 2019,0.92
,,2019 - 2020,1.09
,,2020 - 2021,1.0
,,2021 - 2022,1.14
,,2022 - 2023,1.24
,Chamoli,2000 - 2001,0.66
,,2001 - 2002,0.66
,,2002 - 2003,0.6
,,2003 - 2004,1.36
,,2004 - 2005,1.1
,,2005 - 2006,0.63
,,2006 - 2007,0.67
,,2007 - 2008,0.88
,,2008 - 2009,1.03
,,2009 - 2010,1.02
,,2010 - 2011,1.0
,,2011 - 2012,1.0
,,2012 - 2013,1.02
,,2013 - 2014,1.02
,,2014 - 2015,1.07
,,2015 - 2016,0.92
,,2016 - 2017,0.92
,,2017 - 2018,0.93
,,2018 - 2019,1.14
,,2019 - 2020,1.17
,,2020 - 2021,1.36
,,2021 - 2022,0.99
,,2022 - 2023,1.05
,Champawat,2000 - 2001,0.6
,,2001 - 2002,0.65
,,2002 - 2003,0.55
,,2003 - 2004,1.68
,,2004 - 2005,1.15
,,2006 - 2007,0.97
,,2007 - 2008,0.95
,,2008 - 2009,0.97
,,2009 - 2010,0.97
,,2012 - 2013,0.98
,,2013 - 2014,0.98
,,2014 - 2015,0.8
,,2015 - 2016,1.09
,,2016 - 2017,1.0
,,2017 - 2018,0.99
,,2018 - 2019,1.38
,,2019 - 2020,1.13
,,2020 - 2021,1.3
,,2021 - 2022,1.61
,,2022 - 2023,1.24
,Dehradun,2001 - 2002,0.61
,,2002 - 2003,0.5
,,2003 - 2004,1.27
,,2004 - 2005,1.22
,,2005 - 2006,0.8
,,2006 - 2007,0.79
,,2007 - 2008,0.86
,,2008 - 2009,0.71
,,2009 - 2010,0.7
,,2010 - 2011,0.86
,,2011 - 2012,0.85
,,2012 - 2013,1.42
,,2013 - 2014,0.86
,,2014 - 2015,0.94
,,2015 - 2016,0.88
,,2016 - 2017,0.56
,,2017 - 2018,0.5
,,2018 - 2019,0.54
,,2019 - 2020,1.2
,,2020 - 2021,1.39
,,2021 - 2022,1.0
,,2022 - 2023,1.07
,Haridwar,2004 - 2005,1.0
,,2005 - 2006,0.6
,,2008 - 2009,1.0
,,2015 - 2016,1.0
,Nainital,2000 - 2001,0.76
,,2001 - 2002,0.68
,,2002 - 2003,0.69
,,2003 - 2004,0.94
,,2004 - 2005,1.39
,,2005 - 2006,1.22
,,2006 - 2007,1.54
,,2007 - 2008,1.52
,,2008 - 2009,1.42
,,2009 - 2010,1.98
,,2010 - 2011,1.87
,,2011 - 2012,1.92
,,2012 - 2013,2.73
,,2013 - 2014,1.81
,,2014 - 2015,1.59
,,2015 - 2016,1.58
,,2016 - 2017,1.36
,,2017 - 2018,1.39
,,2018 - 2019,1.08
,,2019 - 2020,1.03
,,2020 - 2021,1.18
,,2021 - 2022,1.54
,,2022 - 2023,1.31
,Pauri garhwal,2000 - 2001,0.55
,,2001 - 2002,0.55
,,2002 - 2003,0.5
,,2003 - 2004,0.92
,,2004 - 2005,1.0
,,2005 - 2006,0.53
,,2006 - 2007,0.57
,,2007 - 2008,0.8
,,2008 - 2009,0.73
,,2009 - 2010,0.7
,,2010 - 2011,0.72
,,2011 - 2012,0.24
,,2012 - 2013,0.62
,,2013 - 2014,0.62
,,2014 - 2015,0.28
,,2015 - 2016,0.8
,,2016 - 2017,0.5
,,2017 - 2018,0.51
,,2018 - 2019,0.52
,,2019 - 2020,1.28
,,2020 - 2021,1.16
,,2021 - 2022,0.98
,,2022 - 2023,1.07
,Pithoragarh,2000 - 2001,0.7
,,2001 - 2002,0.65
,,2002 - 2003,0.6
,,2003 - 2004,1.5
,,2004 - 2005,1.27
,,2005 - 2006,1.68
,,2006 - 2007,1.49
,,2007 - 2008,1.35
,,2008 - 2009,1.15
,,2009 - 2010,1.44
,,2010 - 2011,1.53
,,2011 - 2012,1.53
,,2012 - 2013,1.48
,,2013 - 2014,1.36
,,2014 - 2015,0.91
,,2015 - 2016,1.09
,,2016 - 2017,1.18
,,2017 - 2018,1.27
,,2018 - 2019,1.14
,,2019 - 2020,1.29
,,2020 - 2021,1.39
,,2021 - 2022,1.33
,,2022 - 2023,1.54
,Rudra prayag,2000 - 2001,0.66
,,2001 - 2002,0.51
,,2002 - 2003,0.45
,,2003 - 2004,1.98
,,2004 - 2005,1.0
,,2005 - 2006,0.55
,,2006 - 2007,0.58
,,2007 - 2008,0.91
,,2008 - 2009,0.94
,,2009 - 2010,1.0
,,2010 - 2011,0.96
,,2011 - 2012,0.95
,,2012 - 2013,0.82
,,2013 - 2014,0.82
,,2014 - 2015,0.83
,,2015 - 2016,0.81
,,2016 - 2017,0.52
,,2017 - 2018,0.52
,,2018 - 2019,0.53
,,2019 - 2020,1.17
,,2020 - 2021,1.16
,,2021 - 2022,0.98
,,2022 - 2023,1.08
,Tehri garhwal,2000 - 2001,0.6
,,2001 - 2002,0.48
,,2002 - 2003,0.43
,,2003 - 2004,0.9
,,2004 - 2005,0.95
,,2005 - 2006,0.61
,,2006 - 2007,0.62
,,2007 - 2008,1.17
,,2008 - 2009,0.93
,,2009 - 2010,0.92
,,2010 - 2011,0.83
,,2011 - 2012,0.86
,,2012 - 2013,0.9
,,2013 - 2014,0.9
,,2014 - 2015,0.99
,,2015 - 2016,0.95
,,2016 - 2017,0.52
,,2017 - 2018,0.68
,,2018 - 2019,0.9
,,2019 - 2020,1.28
,,2020 - 2021,1.16
,,2021 - 2022,1.12
,,2022 - 2023,1.08
,Udam singh nagar,2000 - 2001,0.75
,,2001 - 2002,0.75
,,2002 - 2003,0.68
,,2003 - 2004,0.84
,,2004 - 2005,1.39
,,2005 - 2006,1.53
,,2006 - 2007,1.5
,,2007 - 2008,1.6
,,2008 - 2009,1.45
,,2009 - 2010,1.93
,,2010 - 2011,1.18
,,2011 - 2012,1.29
,,2012 - 2013,1.56
,,2013 - 2014,1.13
,,2014 - 2015,0.92
,,2015 - 2016,1.06
,,2016 - 2017,1.36
,,2017 - 2018,1.4
,,2018 - 2019,1.32
,,2019 - 2020,1.13
,,2020 - 2021,1.31
,,2021 - 2022,1.61
,,2022 - 2023,1.3
,Uttar kashi,2000 - 2001,0.67
,,2001 - 2002,0.5
,,2002 - 2003,0.48
,,2003 - 2004,1.65
,,2004 - 2005,1.2
,,2005 - 2006,0.64
,,2006 - 2007,0.67
,,2007 - 2008,1.0
,,2008 - 2009,0.87
,,2009 - 2010,1.0
,,2010 - 2011,1.02
,,2011 - 2012,1.02
,,2012 - 2013,0.97
,,2013 - 2014,0.98
,,2014 - 2015,0.98
,,2015 - 2016,0.91
,,2016 - 2017,1.05
,,2017 - 2018,0.98
,,2018 - 2019,0.93
,,2019 - 2020,1.28
,,2020 - 2021,1.16
,,2021 - 2022,1.12
,,2022 - 2023,1.08
West Bengal,Bankura,2000 - 2001,0.59
,,2001 - 2002,0.55
,,2002 - 2003,0.33
,,2003 - 2004,0.64
,,2004 - 2005,0.43
,,2005 - 2006,0.64
,,2006 - 2007,0.33
,,2007 - 2008,0.33
,,2008 - 2009,0.25
,Birbhum,2000 - 2001,0.45
,,2001 - 2002,0.4
,,2002 - 2003,0.47
,,2004 - 2005,0.47
,,2005 - 2006,0.48
,,2006 - 2007,0.5
,,2007 - 2008,0.54
,,2008 - 2009,0.55
,,2009 - 2010,0.55
,,2010 - 2011,0.55
,,2011 - 2012,0.54
,,2012 - 2013,0.53
,,2013 - 2014,0.54
,,2014 - 2015,0.55
,,2015 - 2016,0.55
,,2016 - 2017,0.56
,,2017 - 2018,0.55
,,2018 - 2019,1.91
,,2019 - 2020,1.91
,,2020 - 2021,1.93
,,2021 - 2022,1.94
,,2022 - 2023,1.95
,Darjeeling,2000 - 2001,0.6
,,2001 - 2002,0.6
,,2002 - 2003,0.6
,,2004 - 2005,0.58
,,2005 - 2006,0.58
,,2006 - 2007,0.6
,,2007 - 2008,0.6
,,2008 - 2009,0.6
,,2009 - 2010,0.6
,,2010 - 2011,0.6
,,2011 - 2012,0.84
,,2012 - 2013,0.84
,,2013 - 2014,0.72
,,2014 - 2015,0.72
,,2015 - 2016,0.75
,,2016 - 2017,0.76
,,2017 - 2018,0.8
,,2018 - 2019,0.8
,,2019 - 2020,0.6
,,2020 - 2021,0.7
,,2021 - 2022,0.7
,,2022 - 2023,0.71
,Kalimpong,2017 - 2018,1.3
,,2018 - 2019,0.4
,Purba bardhaman,2000 - 2001,0.67
,,2001 - 2002,0.6
,,2002 - 2003,0.8
,,2003 - 2004,0.8
,,2004 - 2005,0.67
,,2005 - 2006,0.72
,,2006 - 2007,0.82
,,2007 - 2008,0.92
,,2008 - 2009,0.91
,,2009 - 2010,0.77
,,2010 - 2011,0.8
,,2011 - 2012,0.78
,,2012 - 2013,0.73
,,2013 - 2014,0.83
,,2014 - 2015,0.71
,,2015 - 2016,0.77
,,2016 - 2017,0.8
,Purulia,2013 - 2014,0.4
,,2014 - 2015,0.39
,,2015 - 2016,0.41
,,2016 - 2017,0.39
