state,district,year,sweet_potato_kharif_yield_tonne_per_hectare
Andaman and Nicobar Islands,Nicobars,2000 - 2001,
,,2001 - 2002,
,,2006 - 2007,
,,2010 - 2011,
,,2011 - 2012,
,,2012 - 2013,
,,2013 - 2014,
,,2014 - 2015,
,,2015 - 2016,
,,2016 - 2017,
,,2017 - 2018,
,,2018 - 2019,
,,2019 - 2020,
,,2020 - 2021,
,,2021 - 2022,
,,2022 - 2023,
,North and middle andaman,2000 - 2001,
,,2001 - 2002,
,,2006 - 2007,
,,2010 - 2011,
,,2011 - 2012,
,,2012 - 2013,
,,2013 - 2014,
,,2014 - 2015,
,,2015 - 2016,
,,2016 - 2017,
,,2017 - 2018,
,,2018 - 2019,
,,2019 - 2020,
,,2020 - 2021,
,,2021 - 2022,
,,2022 - 2023,
,South andamans,2005 - 2006,
,,2006 - 2007,
,,2010 - 2011,
,,2011 - 2012,
,,2012 - 2013,
,,2013 - 2014,
,,2014 - 2015,
,,2015 - 2016,
,,2016 - 2017,
,,2017 - 2018,
,,2018 - 2019,
,,2019 - 2020,
,,2020 - 2021,
,,2021 - 2022,
,,2022 - 2023,
Andhra Pradesh,Alluri sitharama raju,2022 - 2023,18.78
,Anakapalli,2022 - 2023,
,Anantapur,2000 - 2001,
,,2001 - 2002,
,,2002 - 2003,
,,2003 - 2004,
,,2004 - 2005,
,,2005 - 2006,
,,2006 - 2007,
,,2009 - 2010,
,,2010 - 2011,
,,2011 - 2012,
,,2012 - 2013,
,,2013 - 2014,
,,2014 - 2015,
,,2017 - 2018,15.78
,,2018 - 2019,
,,2019 - 2020,
,Annamayya,2022 - 2023,18.79
,Bapatla,2022 - 2023,
,Chittoor,2000 - 2001,
,,2001 - 2002,
,,2002 - 2003,
,,2003 - 2004,
,,2004 - 2005,
,,2005 - 2006,
,,2006 - 2007,
,,2008 - 2009,
,,2009 - 2010,
,,2010 - 2011,
,,2011 - 2012,
,,2012 - 2013,11.43
,,2013 - 2014,11.74
,,2014 - 2015,11.28
,,2015 - 2016,12.11
,,2016 - 2017,12.3
,,2017 - 2018,15.73
,,2018 - 2019,20.28
,,2019 - 2020,28.0
,,2020 - 2021,20.36
,,2021 - 2022,21.28
,,2022 - 2023,18.83
,East godavari,2000 - 2001,
,,2001 - 2002,
,,2002 - 2003,
,,2003 - 2004,
,,2004 - 2005,
,,2005 - 2006,
,,2006 - 2007,
,,2008 - 2009,
,,2009 - 2010,
,,2010 - 2011,
,,2011 - 2012,
,,2012 - 2013,9.67
,,2013 - 2014,8.77
,,2014 - 2015,11.0
,,2015 - 2016,12.2
,,2016 - 2017,15.38
,,2017 - 2018,11.67
,,2018 - 2019,20.33
,,2019 - 2020,17.5
,,2020 - 2021,13.0
,,2021 - 2022,
,Guntur,2000 - 2001,
,,2001 - 2002,
,,2002 - 2003,
,,2003 - 2004,
,,2004 - 2005,
,,2005 - 2006,
,,2006 - 2007,
,,2008 - 2009,
,,2009 - 2010,
,,2010 - 2011,
,,2011 - 2012,
,,2012 - 2013,
,,2014 - 2015,
,,2015 - 2016,
,,2016 - 2017,
,,2017 - 2018,
,,2019 - 2020,
,,2020 - 2021,
,,2021 - 2022,
,Kadapa,2000 - 2001,
,,2001 - 2002,
,,2002 - 2003,
,,2003 - 2004,
,,2004 - 2005,
,,2005 - 2006,
,,2006 - 2007,
,,2008 - 2009,
,,2009 - 2010,
,,2010 - 2011,
,,2011 - 2012,
,,2012 - 2013,
,,2013 - 2014,8.76
,,2014 - 2015,10.0
,,2015 - 2016,12.26
,,2016 - 2017,22.63
,,2017 - 2018,12.1
,,2018 - 2019,14.6
,,2019 - 2020,16.0
,,2020 - 2021,11.0
,,2021 - 2022,8.25
,,2022 - 2023,18.78
,Kakinada,2022 - 2023,
,Krishna,2000 - 2001,
,,2001 - 2002,
,,2002 - 2003,
,,2003 - 2004,
,,2004 - 2005,
,,2009 - 2010,
,,2010 - 2011,
,,2011 - 2012,
,,2012 - 2013,
,,2013 - 2014,
,,2014 - 2015,11.0
,,2015 - 2016,12.14
,,2016 - 2017,15.29
,,2017 - 2018,11.71
,,2018 - 2019,20.29
,,2019 - 2020,
,,2020 - 2021,13.0
,,2021 - 2022,25.67
,,2022 - 2023,18.8
,Kurnool,2000 - 2001,
,,2001 - 2002,
,,2002 - 2003,
,,2003 - 2004,
,,2004 - 2005,
,,2005 - 2006,
,,2006 - 2007,
,,2008 - 2009,
,,2009 - 2010,
,,2010 - 2011,
,,2011 - 2012,
,,2015 - 2016,
,,2019 - 2020,16.0
,Nandyal,2022 - 2023,19.0
,Prakasam,2000 - 2001,
,,2001 - 2002,
,,2002 - 2003,
,,2003 - 2004,
,,2004 - 2005,
,,2005 - 2006,
,,2006 - 2007,
,,2008 - 2009,
,,2009 - 2010,
,,2010 - 2011,
,,2011 - 2012,
,,2012 - 2013,
,,2013 - 2014,
,,2014 - 2015,
,,2015 - 2016,
,,2016 - 2017,
,,2017 - 2018,
,,2018 - 2019,
,,2019 - 2020,
,,2020 - 2021,
,,2021 - 2022,27.5
,,2022 - 2023,
,Spsr nellore,2000 - 2001,
,,2001 - 2002,
,,2002 - 2003,
,,2003 - 2004,
,,2004 - 2005,
,,2005 - 2006,
,,2006 - 2007,
,,2008 - 2009,
,,2009 - 2010,
,,2010 - 2011,
,,2011 - 2012,
,,2012 - 2013,
,,2013 - 2014,8.75
,,2014 - 2015,
,,2015 - 2016,7.21
,,2016 - 2017,
,,2017 - 2018,
,,2018 - 2019,
,,2019 - 2020,
,,2020 - 2021,
,,2021 - 2022,
,,2022 - 2023,
,Sri sathya sai,2022 - 2023,
,Srikakulam,2000 - 2001,
,,2001 - 2002,
,,2002 - 2003,
,,2003 - 2004,
,,2004 - 2005,
,,2005 - 2006,
,,2006 - 2007,
,,2008 - 2009,
,,2009 - 2010,
,,2010 - 2011,
,,2011 - 2012,
,,2012 - 2013,9.61
,,2013 - 2014,8.77
,,2014 - 2015,11.0
,,2015 - 2016,12.0
,,2016 - 2017,
,,2020 - 2021,
,,2021 - 2022,
,,2022 - 2023,
,Tirupati,2022 - 2023,19.0
,Visakhapatanam,2000 - 2001,
,,2001 - 2002,
,,2002 - 2003,
,,2003 - 2004,
,,2004 - 2005,
,,2005 - 2006,
,,2006 - 2007,
,,2008 - 2009,
,,2009 - 2010,
,,2010 - 2011,
,,2011 - 2012,
,,2012 - 2013,9.63
,,2013 - 2014,8.78
,,2014 - 2015,11.03
,,2015 - 2016,8.18
,,2016 - 2017,15.36
,,2017 - 2018,8.31
,,2018 - 2019,12.4
,,2019 - 2020,12.69
,,2020 - 2021,13.97
,,2021 - 2022,13.03
,,2022 - 2023,18.67
,Vizianagaram,2000 - 2001,
,,2001 - 2002,
,,2002 - 2003,
,,2003 - 2004,
,,2004 - 2005,
,,2005 - 2006,
,,2006 - 2007,
,,2008 - 2009,
,,2009 - 2010,
,,2010 - 2011,
,,2011 - 2012,
,,2012 - 2013,9.67
,,2013 - 2014,
,,2014 - 2015,
,,2015 - 2016,12.2
,,2016 - 2017,8.33
,,2017 - 2018,13.5
,,2018 - 2019,15.0
,,2019 - 2020,
,,2020 - 2021,13.0
,,2021 - 2022,25.63
,,2022 - 2023,18.83
,West godavari,2000 - 2001,
,,2001 - 2002,
,,2002 - 2003,
,,2003 - 2004,
,,2004 - 2005,
,,2005 - 2006,
,,2006 - 2007,
,,2008 - 2009,
,,2009 - 2010,
,,2012 - 2013,
Assam,Baksa,2005 - 2006,
,,2006 - 2007,
,,2007 - 2008,
,,2008 - 2009,
,,2009 - 2010,
,,2010 - 2011,
,,2011 - 2012,
,,2012 - 2013,
,,2013 - 2014,
,,2014 - 2015,
,,2015 - 2016,
,,2016 - 2017,
,,2017 - 2018,
,,2018 - 2019,
,,2019 - 2020,
,,2020 - 2021,
,,2021 - 2022,
,,2022 - 2023,
,Barpeta,2000 - 2001,
,,2001 - 2002,
,,2002 - 2003,
,,2003 - 2004,
,,2004 - 2005,
,,2005 - 2006,
,,2006 - 2007,
,,2007 - 2008,
,,2008 - 2009,
,,2009 - 2010,
,,2010 - 2011,
,,2011 - 2012,
,,2012 - 2013,
,,2013 - 2014,
,,2014 - 2015,
,,2015 - 2016,
,,2016 - 2017,
,,2017 - 2018,
,,2018 - 2019,
,,2019 - 2020,
,,2020 - 2021,
,,2021 - 2022,
,,2022 - 2023,
,Biswanath,2020 - 2021,
,,2021 - 2022,
,,2022 - 2023,
,Bongaigaon,2000 - 2001,
,,2001 - 2002,
,,2002 - 2003,
,,2003 - 2004,
,,2004 - 2005,
,,2005 - 2006,
,,2006 - 2007,
,,2007 - 2008,
,,2008 - 2009,
,,2009 - 2010,
,,2010 - 2011,
,,2011 - 2012,
,,2012 - 2013,
,,2013 - 2014,
,,2014 - 2015,
,,2015 - 2016,
,,2016 - 2017,
,,2017 - 2018,
,,2018 - 2019,
,,2019 - 2020,
,,2020 - 2021,
,,2021 - 2022,
,,2022 - 2023,
,Cachar,2000 - 2001,
,,2001 - 2002,
,,2002 - 2003,
,,2003 - 2004,
,,2004 - 2005,
,,2005 - 2006,
,,2006 - 2007,
,,2007 - 2008,
,,2008 - 2009,
,,2009 - 2010,
,,2010 - 2011,
,,2011 - 2012,
,,2012 - 2013,
,,2013 - 2014,
,,2014 - 2015,
,,2015 - 2016,
,,2016 - 2017,
,,2017 - 2018,
,,2018 - 2019,
,,2019 - 2020,
,,2020 - 2021,
,,2021 - 2022,
,,2022 - 2023,
,Charaideo,2020 - 2021,
,,2021 - 2022,
,,2022 - 2023,
,Chirang,2005 - 2006,
,,2006 - 2007,
,,2007 - 2008,
,,2008 - 2009,
,,2009 - 2010,
,,2010 - 2011,
,,2011 - 2012,
,,2012 - 2013,
,,2013 - 2014,
,,2014 - 2015,
,,2015 - 2016,
,,2016 - 2017,
,,2017 - 2018,
,,2018 - 2019,
,,2019 - 2020,
,,2020 - 2021,
,,2021 - 2022,
,,2022 - 2023,
,Darrang,2000 - 2001,
,,2001 - 2002,
,,2002 - 2003,
,,2003 - 2004,
,,2004 - 2005,
,,2005 - 2006,
,,2006 - 2007,
,,2007 - 2008,
,,2008 - 2009,
,,2009 - 2010,
,,2010 - 2011,
,,2011 - 2012,
,,2012 - 2013,
,,2013 - 2014,
,,2014 - 2015,
,,2015 - 2016,
,,2016 - 2017,
,,2017 - 2018,
,,2018 - 2019,
,,2019 - 2020,
,,2020 - 2021,
,,2021 - 2022,
,,2022 - 2023,
,Dhemaji,2000 - 2001,
,,2001 - 2002,
,,2002 - 2003,
,,2003 - 2004,
,,2004 - 2005,
,,2005 - 2006,
,,2006 - 2007,
,,2007 - 2008,
,,2008 - 2009,
,,2009 - 2010,
,,2010 - 2011,
,,2011 - 2012,
,,2012 - 2013,
,,2013 - 2014,
,,2014 - 2015,
,,2015 - 2016,
,,2016 - 2017,
,,2017 - 2018,
,,2018 - 2019,
,,2019 - 2020,
,,2020 - 2021,
,,2021 - 2022,
,,2022 - 2023,
,Dhubri,2000 - 2001,
,,2001 - 2002,
,,2002 - 2003,
,,2003 - 2004,
,,2004 - 2005,
,,2005 - 2006,
,,2006 - 2007,
,,2007 - 2008,
,,2008 - 2009,
,,2009 - 2010,
,,2010 - 2011,
,,2011 - 2012,
,,2012 - 2013,
,,2013 - 2014,
,,2014 - 2015,
,,2015 - 2016,
,,2016 - 2017,
,,2017 - 2018,
,,2018 - 2019,
,,2019 - 2020,
,,2020 - 2021,
,,2021 - 2022,
,,2022 - 2023,
,Dibrugarh,2000 - 2001,
,,2001 - 2002,
,,2002 - 2003,
,,2003 - 2004,
,,2004 - 2005,
,,2005 - 2006,
,,2006 - 2007,
,,2007 - 2008,
,,2008 - 2009,
,,2009 - 2010,
,,2010 - 2011,
,,2011 - 2012,
,,2012 - 2013,
,,2013 - 2014,
,,2014 - 2015,
,,2015 - 2016,
,,2016 - 2017,
,,2017 - 2018,
,,2018 - 2019,
,,2019 - 2020,
,,2020 - 2021,
,,2021 - 2022,
,,2022 - 2023,
,Dima hasao,2000 - 2001,
,,2001 - 2002,
,,2002 - 2003,
,,2003 - 2004,
,,2004 - 2005,
,,2005 - 2006,
,,2006 - 2007,
,,2007 - 2008,
,,2008 - 2009,
,,2009 - 2010,
,,2010 - 2011,
,,2011 - 2012,
,,2012 - 2013,
,,2013 - 2014,
,,2014 - 2015,
,,2015 - 2016,
,,2016 - 2017,
,,2017 - 2018,
,,2018 - 2019,
,,2019 - 2020,
,,2020 - 2021,
,,2021 - 2022,
,,2022 - 2023,
,Goalpara,2000 - 2001,
,,2001 - 2002,
,,2002 - 2003,
,,2003 - 2004,
,,2004 - 2005,
,,2005 - 2006,
,,2006 - 2007,
,,2007 - 2008,
,,2008 - 2009,
,,2009 - 2010,
,,2010 - 2011,
,,2011 - 2012,
,,2012 - 2013,
,,2013 - 2014,
,,2014 - 2015,
,,2015 - 2016,
,,2016 - 2017,
,,2017 - 2018,
,,2018 - 2019,
,,2019 - 2020,
,,2020 - 2021,
,,2021 - 2022,
,,2022 - 2023,
,Golaghat,2000 - 2001,
,,2001 - 2002,
,,2002 - 2003,
,,2003 - 2004,
,,2004 - 2005,
,,2005 - 2006,
,,2006 - 2007,
,,2007 - 2008,
,,2008 - 2009,
,,2009 - 2010,
,,2010 - 2011,
,,2011 - 2012,
,,2012 - 2013,
,,2013 - 2014,
,,2014 - 2015,
,,2015 - 2016,
,,2016 - 2017,
,,2017 - 2018,
,,2018 - 2019,
,,2019 - 2020,
,,2020 - 2021,
,,2021 - 2022,
,,2022 - 2023,
,Hailakandi,2000 - 2001,
,,2001 - 2002,
,,2002 - 2003,
,,2003 - 2004,
,,2004 - 2005,
,,2005 - 2006,
,,2006 - 2007,
,,2007 - 2008,
,,2008 - 2009,
,,2009 - 2010,
,,2010 - 2011,
,,2011 - 2012,
,,2012 - 2013,
,,2013 - 2014,
,,2014 - 2015,
,,2015 - 2016,
,,2016 - 2017,
,,2017 - 2018,
,,2018 - 2019,
,,2019 - 2020,
,,2020 - 2021,
,,2021 - 2022,
,,2022 - 2023,
,Hojai,2020 - 2021,
,,2021 - 2022,
,,2022 - 2023,
,Jorhat,2000 - 2001,
,,2001 - 2002,
,,2002 - 2003,
,,2003 - 2004,
,,2004 - 2005,
,,2005 - 2006,
,,2006 - 2007,
,,2007 - 2008,
,,2008 - 2009,
,,2009 - 2010,
,,2010 - 2011,
,,2011 - 2012,
,,2012 - 2013,
,,2013 - 2014,
,,2014 - 2015,
,,2015 - 2016,
,,2016 - 2017,
,,2017 - 2018,
,,2018 - 2019,
,,2019 - 2020,
,,2020 - 2021,
,,2021 - 2022,
,,2022 - 2023,
,Kamrup,2000 - 2001,
,,2001 - 2002,
,,2002 - 2003,
,,2003 - 2004,
,,2004 - 2005,
,,2005 - 2006,
,,2006 - 2007,
,,2007 - 2008,
,,2008 - 2009,
,,2009 - 2010,
,,2010 - 2011,
,,2011 - 2012,
,,2012 - 2013,
,,2013 - 2014,
,,2014 - 2015,
,,2015 - 2016,
,,2016 - 2017,
,,2017 - 2018,
,,2018 - 2019,
,,2019 - 2020,
,,2020 - 2021,
,,2021 - 2022,
,,2022 - 2023,
,Kamrup metro,2005 - 2006,
,,2006 - 2007,
,,2007 - 2008,
,,2008 - 2009,
,,2009 - 2010,
,,2010 - 2011,
,,2011 - 2012,
,,2012 - 2013,
,,2013 - 2014,
,,2014 - 2015,
,,2015 - 2016,
,,2016 - 2017,
,,2017 - 2018,
,,2018 - 2019,
,,2019 - 2020,
,,2020 - 2021,
,,2021 - 2022,
,,2022 - 2023,
,Karbi anglong,2000 - 2001,
,,2001 - 2002,
,,2002 - 2003,
,,2003 - 2004,
,,2004 - 2005,
,,2005 - 2006,
,,2006 - 2007,
,,2007 - 2008,
,,2008 - 2009,
,,2009 - 2010,
,,2010 - 2011,
,,2011 - 2012,
,,2012 - 2013,
,,2013 - 2014,
,,2014 - 2015,
,,2015 - 2016,
,,2016 - 2017,
,,2017 - 2018,
,,2018 - 2019,
,,2019 - 2020,
,,2020 - 2021,
,,2021 - 2022,
,,2022 - 2023,
,Karimganj,2000 - 2001,
,,2001 - 2002,
,,2002 - 2003,
,,2003 - 2004,
,,2004 - 2005,
,,2005 - 2006,
,,2006 - 2007,
,,2007 - 2008,
,,2008 - 2009,
,,2009 - 2010,
,,2010 - 2011,
,,2011 - 2012,
,,2012 - 2013,
,,2013 - 2014,
,,2014 - 2015,
,,2015 - 2016,
,,2016 - 2017,
,,2017 - 2018,
,,2018 - 2019,
,,2019 - 2020,
,,2020 - 2021,
,,2021 - 2022,
,,2022 - 2023,
,Kokrajhar,2000 - 2001,
,,2001 - 2002,
,,2002 - 2003,
,,2003 - 2004,
,,2004 - 2005,
,,2005 - 2006,
,,2006 - 2007,
,,2007 - 2008,
,,2008 - 2009,
,,2009 - 2010,
,,2010 - 2011,
,,2011 - 2012,
,,2012 - 2013,
,,2013 - 2014,
,,2014 - 2015,
,,2015 - 2016,
,,2016 - 2017,
,,2017 - 2018,
,,2018 - 2019,
,,2019 - 2020,
,,2020 - 2021,
,,2021 - 2022,
,,2022 - 2023,
,Lakhimpur,2000 - 2001,
,,2001 - 2002,
,,2002 - 2003,
,,2003 - 2004,
,,2004 - 2005,
,,2005 - 2006,
,,2006 - 2007,
,,2007 - 2008,
,,2008 - 2009,
,,2009 - 2010,
,,2010 - 2011,
,,2011 - 2012,
,,2012 - 2013,
,,2013 - 2014,
,,2014 - 2015,
,,2015 - 2016,
,,2016 - 2017,
,,2017 - 2018,
,,2018 - 2019,
,,2019 - 2020,
,,2020 - 2021,
,,2021 - 2022,
,,2022 - 2023,
,Majuli,2020 - 2021,
,,2021 - 2022,
,,2022 - 2023,
,Marigaon,2000 - 2001,
,,2001 - 2002,
,,2002 - 2003,
,,2003 - 2004,
,,2004 - 2005,
,,2005 - 2006,
,,2006 - 2007,
,,2007 - 2008,
,,2008 - 2009,
,,2009 - 2010,
,,2010 - 2011,
,,2011 - 2012,
,,2012 - 2013,
,,2013 - 2014,
,,2014 - 2015,
,,2015 - 2016,
,,2016 - 2017,
,,2017 - 2018,
,,2018 - 2019,
,,2019 - 2020,
,,2020 - 2021,
,,2021 - 2022,
,,2022 - 2023,
,Nagaon,2000 - 2001,
,,2001 - 2002,
,,2002 - 2003,
,,2003 - 2004,
,,2004 - 2005,
,,2005 - 2006,
,,2006 - 2007,
,,2007 - 2008,
,,2008 - 2009,
,,2009 - 2010,
,,2010 - 2011,
,,2011 - 2012,
,,2012 - 2013,
,,2013 - 2014,
,,2014 - 2015,
,,2015 - 2016,
,,2016 - 2017,
,,2017 - 2018,
,,2018 - 2019,
,,2019 - 2020,
,,2020 - 2021,
,,2021 - 2022,
,,2022 - 2023,
,Nalbari,2000 - 2001,
,,2001 - 2002,
,,2002 - 2003,
,,2003 - 2004,
,,2004 - 2005,
,,2005 - 2006,
,,2006 - 2007,
,,2007 - 2008,
,,2008 - 2009,
,,2009 - 2010,
,,2010 - 2011,
,,2011 - 2012,
,,2012 - 2013,
,,2013 - 2014,
,,2014 - 2015,
,,2015 - 2016,
,,2016 - 2017,
,,2017 - 2018,
,,2018 - 2019,
,,2019 - 2020,
,,2020 - 2021,
,,2021 - 2022,
,,2022 - 2023,
,Sivasagar,2000 - 2001,
,,2001 - 2002,
,,2002 - 2003,
,,2003 - 2004,
,,2004 - 2005,
,,2005 - 2006,
,,2006 - 2007,
,,2007 - 2008,
,,2008 - 2009,
,,2009 - 2010,
,,2010 - 2011,
,,2011 - 2012,
,,2012 - 2013,
,,2013 - 2014,
,,2014 - 2015,
,,2015 - 2016,
,,2016 - 2017,
,,2017 - 2018,
,,2018 - 2019,
,,2019 - 2020,
,,2020 - 2021,
,,2021 - 2022,
,,2022 - 2023,
,Sonitpur,2000 - 2001,
,,2001 - 2002,
,,2002 - 2003,
,,2003 - 2004,
,,2004 - 2005,
,,2005 - 2006,
,,2006 - 2007,
,,2007 - 2008,
,,2008 - 2009,
,,2009 - 2010,
,,2010 - 2011,
,,2011 - 2012,
,,2012 - 2013,
,,2013 - 2014,
,,2014 - 2015,
,,2015 - 2016,
,,2016 - 2017,
,,2017 - 2018,
,,2018 - 2019,
,,2019 - 2020,
,,2020 - 2021,
,,2021 - 2022,
,,2022 - 2023,
,South salmara mancachar,2020 - 2021,
,,2021 - 2022,
,,2022 - 2023,
,Tinsukia,2000 - 2001,
,,2001 - 2002,
,,2002 - 2003,
,,2003 - 2004,
,,2004 - 2005,
,,2005 - 2006,
,,2006 - 2007,
,,2007 - 2008,
,,2008 - 2009,
,,2009 - 2010,
,,2010 - 2011,
,,2011 - 2012,
,,2012 - 2013,
,,2013 - 2014,
,,2014 - 2015,
,,2015 - 2016,
,,2016 - 2017,
,,2017 - 2018,
,,2018 - 2019,
,,2019 - 2020,
,,2020 - 2021,
,,2021 - 2022,
,,2022 - 2023,
,Udalguri,2005 - 2006,
,,2006 - 2007,
,,2007 - 2008,
,,2008 - 2009,
,,2009 - 2010,
,,2010 - 2011,
,,2011 - 2012,
,,2012 - 2013,
,,2013 - 2014,
,,2014 - 2015,
,,2015 - 2016,
,,2016 - 2017,
,,2017 - 2018,
,,2018 - 2019,
,,2019 - 2020,
,,2020 - 2021,
,,2021 - 2022,
,,2022 - 2023,
,West karbi anglong,2020 - 2021,
,,2021 - 2022,
,,2022 - 2023,
Bihar,Araria,2000 - 2001,
,,2001 - 2002,
,,2002 - 2003,
,,2003 - 2004,
,,2004 - 2005,
,,2005 - 2006,
,,2007 - 2008,
,,2008 - 2009,13.57
,Arwal,2003 - 2004,
,,2004 - 2005,
,,2005 - 2006,
,,2007 - 2008,
,,2008 - 2009,14.0
,Aurangabad,2000 - 2001,
,,2001 - 2002,
,,2002 - 2003,
,,2003 - 2004,
,,2004 - 2005,
,,2005 - 2006,
,,2007 - 2008,
,,2008 - 2009,
,Banka,2002 - 2003,
,,2004 - 2005,
,Begusarai,2000 - 2001,
,,2001 - 2002,
,,2002 - 2003,
,,2003 - 2004,
,,2004 - 2005,
,,2005 - 2006,
,,2007 - 2008,
,Bhagalpur,2000 - 2001,
,,2001 - 2002,
,,2002 - 2003,
,,2003 - 2004,
,,2004 - 2005,
,,2005 - 2006,
,,2007 - 2008,
,,2008 - 2009,13.56
,Bhojpur,2005 - 2006,
,,2007 - 2008,
,,2008 - 2009,14.55
,Buxar,2000 - 2001,
,,2001 - 2002,
,Darbhanga,2000 - 2001,
,,2001 - 2002,
,,2002 - 2003,
,,2003 - 2004,
,,2004 - 2005,
,,2005 - 2006,
,,2007 - 2008,
,,2008 - 2009,
,Gaya,2000 - 2001,
,,2002 - 2003,
,,2003 - 2004,
,,2004 - 2005,
,,2005 - 2006,
,,2007 - 2008,
,,2008 - 2009,14.0
,Gopalganj,2000 - 2001,
,,2001 - 2002,
,,2002 - 2003,
,,2003 - 2004,
,,2004 - 2005,
,,2005 - 2006,
,,2007 - 2008,
,Jehanabad,2000 - 2001,
,,2001 - 2002,
,,2002 - 2003,
,,2003 - 2004,
,,2004 - 2005,
,,2008 - 2009,
,Katihar,2000 - 2001,
,,2001 - 2002,
,,2002 - 2003,
,,2003 - 2004,
,,2004 - 2005,
,,2005 - 2006,
,,2007 - 2008,
,,2008 - 2009,13.56
,Khagaria,2000 - 2001,
,,2001 - 2002,
,,2002 - 2003,
,,2004 - 2005,
,,2005 - 2006,
,,2007 - 2008,
,,2008 - 2009,13.67
,Kishanganj,2000 - 2001,
,,2001 - 2002,
,,2002 - 2003,
,,2003 - 2004,
,,2004 - 2005,
,,2005 - 2006,
,,2007 - 2008,
,,2008 - 2009,13.57
,Madhepura,2000 - 2001,
,,2001 - 2002,
,,2002 - 2003,
,,2003 - 2004,
,,2004 - 2005,
,,2005 - 2006,
,,2007 - 2008,
,,2008 - 2009,13.67
,Madhubani,2000 - 2001,
,,2001 - 2002,
,,2002 - 2003,
,,2003 - 2004,
,,2004 - 2005,
,,2005 - 2006,
,,2007 - 2008,
,,2008 - 2009,18.41
,Munger,2000 - 2001,
,,2001 - 2002,
,,2002 - 2003,
,,2003 - 2004,
,,2004 - 2005,
,,2005 - 2006,
,,2007 - 2008,
,,2008 - 2009,13.57
,Muzaffarpur,2000 - 2001,
,,2001 - 2002,
,,2002 - 2003,
,,2003 - 2004,
,,2004 - 2005,
,,2005 - 2006,
,,2007 - 2008,
,,2008 - 2009,12.11
,Nawada,2000 - 2001,
,,2001 - 2002,
,,2002 - 2003,
,,2003 - 2004,
,,2004 - 2005,
,,2005 - 2006,
,,2007 - 2008,
,,2008 - 2009,13.5
,Pashchim champaran,2000 - 2001,
,,2001 - 2002,
,,2002 - 2003,
,,2003 - 2004,
,,2004 - 2005,
,,2005 - 2006,
,,2007 - 2008,
,,2008 - 2009,12.1
,Patna,2000 - 2001,
,,2001 - 2002,
,,2002 - 2003,
,,2003 - 2004,
,,2004 - 2005,
,,2007 - 2008,
,,2008 - 2009,14.54
,Purbi champaran,2000 - 2001,
,,2001 - 2002,
,,2002 - 2003,
,,2003 - 2004,
,,2004 - 2005,
,,2005 - 2006,
,,2007 - 2008,
,,2008 - 2009,12.11
,Purnia,2000 - 2001,
,,2001 - 2002,
,,2002 - 2003,
,,2003 - 2004,
,,2004 - 2005,
,,2005 - 2006,
,,2007 - 2008,
,,2008 - 2009,13.57
,Rohtas,2000 - 2001,
,,2002 - 2003,
,,2003 - 2004,
,,2004 - 2005,
,,2005 - 2006,
,,2007 - 2008,
,,2008 - 2009,14.54
,Saharsa,2000 - 2001,
,,2001 - 2002,
,,2002 - 2003,
,,2003 - 2004,
,,2004 - 2005,
,,2005 - 2006,
,,2007 - 2008,
,,2008 - 2009,13.5
,Samastipur,2000 - 2001,
,,2001 - 2002,
,,2002 - 2003,
,,2003 - 2004,
,,2004 - 2005,
,,2005 - 2006,
,,2007 - 2008,
,,2008 - 2009,18.5
,Saran,2000 - 2001,
,,2001 - 2002,
,,2002 - 2003,
,,2003 - 2004,
,,2004 - 2005,
,,2005 - 2006,
,,2007 - 2008,
,,2008 - 2009,
,Sheohar,2000 - 2001,
,,2001 - 2002,
,,2002 - 2003,
,,2003 - 2004,
,,2004 - 2005,
,,2005 - 2006,
,Sitamarhi,2000 - 2001,
,,2001 - 2002,
,,2002 - 2003,
,,2003 - 2004,
,,2004 - 2005,
,,2005 - 2006,
,,2007 - 2008,
,,2008 - 2009,12.1
,Siwan,2000 - 2001,
,,2001 - 2002,
,,2002 - 2003,
,,2003 - 2004,
,,2004 - 2005,
,,2005 - 2006,
,,2007 - 2008,
,,2008 - 2009,13.58
,Supaul,2000 - 2001,
,,2001 - 2002,
,,2002 - 2003,
,,2003 - 2004,
,,2004 - 2005,
,,2005 - 2006,
,,2007 - 2008,
,,2008 - 2009,13.57
,Vaishali,2000 - 2001,
,,2001 - 2002,
,,2002 - 2003,
,,2003 - 2004,
,,2004 - 2005,
,,2005 - 2006,
,,2007 - 2008,
,,2008 - 2009,12.11
Chhattisgarh,Balod,2011 - 2012,
,,2012 - 2013,
,,2013 - 2014,
,,2014 - 2015,
,,2015 - 2016,
,,2016 - 2017,
,,2020 - 2021,
,,2022 - 2023,
,Baloda bazar,2011 - 2012,
,,2012 - 2013,
,,2013 - 2014,
,,2014 - 2015,
,,2015 - 2016,
,,2016 - 2017,
,,2017 - 2018,
,,2018 - 2019,
,,2019 - 2020,
,,2020 - 2021,
,,2021 - 2022,
,,2022 - 2023,
,Balrampur,2011 - 2012,
,,2012 - 2013,
,,2013 - 2014,
,,2014 - 2015,
,,2015 - 2016,
,,2016 - 2017,
,,2017 - 2018,
,,2018 - 2019,
,,2019 - 2020,
,,2020 - 2021,
,,2021 - 2022,
,,2022 - 2023,
,Bastar,2000 - 2001,
,,2001 - 2002,
,,2002 - 2003,
,,2003 - 2004,
,,2004 - 2005,
,,2005 - 2006,
,,2006 - 2007,
,,2007 - 2008,
,,2008 - 2009,
,,2009 - 2010,
,,2010 - 2011,
,,2011 - 2012,
,,2012 - 2013,
,,2013 - 2014,
,,2014 - 2015,
,,2015 - 2016,
,,2016 - 2017,
,,2017 - 2018,
,,2018 - 2019,
,,2019 - 2020,
,,2020 - 2021,
,,2021 - 2022,
,,2022 - 2023,
,Bemetara,2011 - 2012,
,,2012 - 2013,
,,2013 - 2014,
,,2014 - 2015,
,,2015 - 2016,
,,2016 - 2017,
,,2017 - 2018,
,,2018 - 2019,
,,2019 - 2020,
,,2020 - 2021,
,,2021 - 2022,
,,2022 - 2023,
,Bijapur,2006 - 2007,
,,2007 - 2008,
,,2008 - 2009,
,,2009 - 2010,
,,2010 - 2011,
,,2011 - 2012,
,,2012 - 2013,
,,2013 - 2014,
,,2014 - 2015,
,,2015 - 2016,
,,2016 - 2017,
,,2017 - 2018,
,,2018 - 2019,
,,2019 - 2020,
,,2020 - 2021,
,,2021 - 2022,
,,2022 - 2023,
,Bilaspur,2000 - 2001,
,,2001 - 2002,
,,2002 - 2003,
,,2003 - 2004,
,,2004 - 2005,
,,2005 - 2006,
,,2006 - 2007,
,,2007 - 2008,
,,2008 - 2009,
,,2009 - 2010,
,,2010 - 2011,
,,2011 - 2012,
,,2012 - 2013,
,,2013 - 2014,
,,2014 - 2015,
,,2015 - 2016,
,,2016 - 2017,
,,2017 - 2018,
,,2018 - 2019,
,,2019 - 2020,
,,2020 - 2021,
,,2021 - 2022,
,Dantewada,2000 - 2001,
,,2001 - 2002,
,,2002 - 2003,
,,2003 - 2004,
,,2004 - 2005,
,,2005 - 2006,
,,2006 - 2007,
,,2007 - 2008,
,,2008 - 2009,
,,2009 - 2010,
,,2010 - 2011,
,,2011 - 2012,
,,2012 - 2013,
,,2013 - 2014,
,,2014 - 2015,
,,2015 - 2016,
,,2016 - 2017,
,,2017 - 2018,
,,2018 - 2019,
,,2019 - 2020,
,,2020 - 2021,
,,2021 - 2022,
,,2022 - 2023,
,Dhamtari,2000 - 2001,
,,2001 - 2002,
,,2002 - 2003,
,,2003 - 2004,
,,2004 - 2005,
,,2005 - 2006,
,,2006 - 2007,
,,2007 - 2008,
,,2008 - 2009,
,,2009 - 2010,
,,2010 - 2011,
,,2011 - 2012,
,,2012 - 2013,
,,2013 - 2014,
,,2014 - 2015,
,,2015 - 2016,
,,2016 - 2017,
,,2017 - 2018,
,,2018 - 2019,
,,2019 - 2020,
,,2020 - 2021,
,,2021 - 2022,
,,2022 - 2023,
,Durg,2000 - 2001,
,,2001 - 2002,
,,2002 - 2003,
,,2003 - 2004,
,,2004 - 2005,
,,2005 - 2006,
,,2006 - 2007,
,,2007 - 2008,
,,2008 - 2009,
,,2009 - 2010,
,,2010 - 2011,
,,2011 - 2012,
,,2012 - 2013,
,,2015 - 2016,
,,2018 - 2019,
,,2019 - 2020,
,,2020 - 2021,
,,2022 - 2023,
,Gariyaband,2011 - 2012,
,,2012 - 2013,
,,2013 - 2014,
,,2014 - 2015,
,,2015 - 2016,
,,2016 - 2017,
,,2017 - 2018,
,,2018 - 2019,
,,2020 - 2021,
,,2021 - 2022,
,,2022 - 2023,
,Gaurella-pendra-marwahi,2019 - 2020,
,,2020 - 2021,
,,2021 - 2022,
,,2022 - 2023,
,Janjgir-champa,2000 - 2001,
,,2001 - 2002,
,,2002 - 2003,
,,2003 - 2004,
,,2004 - 2005,
,,2005 - 2006,
,,2006 - 2007,
,,2007 - 2008,
,,2008 - 2009,
,,2009 - 2010,
,,2010 - 2011,
,,2011 - 2012,
,,2012 - 2013,
,,2013 - 2014,
,,2014 - 2015,
,,2015 - 2016,
,,2016 - 2017,
,,2017 - 2018,
,,2018 - 2019,
,,2019 - 2020,
,,2020 - 2021,
,,2021 - 2022,
,Jashpur,2000 - 2001,
,,2001 - 2002,
,,2002 - 2003,
,,2003 - 2004,
,,2004 - 2005,
,,2005 - 2006,
,,2006 - 2007,
,,2007 - 2008,
,,2008 - 2009,
,,2009 - 2010,
,,2010 - 2011,
,,2011 - 2012,
,,2012 - 2013,
,,2013 - 2014,
,,2014 - 2015,
,,2015 - 2016,
,,2016 - 2017,
,,2017 - 2018,
,,2018 - 2019,
,,2019 - 2020,
,,2020 - 2021,
,,2021 - 2022,
,,2022 - 2023,
,Kabirdham,2000 - 2001,
,,2001 - 2002,
,,2002 - 2003,
,,2003 - 2004,
,,2004 - 2005,
,,2005 - 2006,
,,2006 - 2007,
,,2007 - 2008,
,,2008 - 2009,
,,2009 - 2010,
,,2010 - 2011,
,,2011 - 2012,
,,2012 - 2013,
,,2013 - 2014,
,,2014 - 2015,
,,2015 - 2016,
,Kanker,2000 - 2001,
,,2001 - 2002,
,,2002 - 2003,
,,2003 - 2004,
,,2004 - 2005,
,,2005 - 2006,
,,2006 - 2007,
,,2007 - 2008,
,,2008 - 2009,
,,2009 - 2010,
,,2010 - 2011,
,,2011 - 2012,
,,2012 - 2013,
,,2013 - 2014,
,,2014 - 2015,
,,2015 - 2016,
,,2016 - 2017,
,,2017 - 2018,
,,2018 - 2019,
,,2019 - 2020,
,,2020 - 2021,
,,2021 - 2022,
,,2022 - 2023,
,Khairgarh chhuikhadan gandai,2022 - 2023,
,Kondagaon,2011 - 2012,
,,2012 - 2013,
,,2013 - 2014,
,,2014 - 2015,
,,2015 - 2016,
,,2016 - 2017,
,,2017 - 2018,
,,2018 - 2019,
,,2019 - 2020,
,,2020 - 2021,
,,2021 - 2022,
,,2022 - 2023,
,Korba,2000 - 2001,
,,2001 - 2002,
,,2002 - 2003,
,,2003 - 2004,
,,2004 - 2005,
,,2005 - 2006,
,,2006 - 2007,
,,2007 - 2008,
,,2008 - 2009,
,,2009 - 2010,
,,2010 - 2011,
,,2011 - 2012,
,,2012 - 2013,
,,2013 - 2014,
,,2014 - 2015,
,,2015 - 2016,
,,2016 - 2017,
,,2017 - 2018,
,,2018 - 2019,
,,2019 - 2020,
,,2020 - 2021,
,,2021 - 2022,
,,2022 - 2023,
,Korea,2000 - 2001,
,,2001 - 2002,
,,2002 - 2003,
,,2003 - 2004,
,,2004 - 2005,
,,2005 - 2006,
,,2006 - 2007,
,,2007 - 2008,
,,2008 - 2009,
,,2009 - 2010,
,,2010 - 2011,
,,2011 - 2012,
,,2012 - 2013,
,,2013 - 2014,
,,2014 - 2015,
,,2015 - 2016,
,,2016 - 2017,
,,2017 - 2018,
,,2018 - 2019,
,,2019 - 2020,
,,2020 - 2021,
,,2021 - 2022,
,,2022 - 2023,
,Mahasamund,2000 - 2001,
,,2001 - 2002,
,,2002 - 2003,
,,2003 - 2004,
,,2004 - 2005,
,,2005 - 2006,
,,2006 - 2007,
,,2007 - 2008,
,,2008 - 2009,
,,2011 - 2012,
,,2012 - 2013,
,,2013 - 2014,
,,2014 - 2015,
,,2015 - 2016,
,,2017 - 2018,
,,2019 - 2020,
,,2020 - 2021,
,,2021 - 2022,
,,2022 - 2023,
,Manendragarh chirimiri bharatpur,2022 - 2023,
,Mungeli,2011 - 2012,
,,2012 - 2013,
,,2013 - 2014,
,,2014 - 2015,
,,2015 - 2016,
,,2016 - 2017,
,,2017 - 2018,
,,2018 - 2019,
,,2020 - 2021,
,,2021 - 2022,
,,2022 - 2023,
,Narayanpur,2006 - 2007,
,,2007 - 2008,
,,2008 - 2009,
,,2009 - 2010,
,,2010 - 2011,
,,2011 - 2012,
,,2012 - 2013,
,,2013 - 2014,
,,2014 - 2015,
,,2015 - 2016,
,,2016 - 2017,
,,2017 - 2018,
,,2018 - 2019,
,,2019 - 2020,
,,2020 - 2021,
,,2021 - 2022,
,,2022 - 2023,
,Raigarh,2000 - 2001,
,,2001 - 2002,
,,2002 - 2003,
,,2003 - 2004,
,,2004 - 2005,
,,2005 - 2006,
,,2006 - 2007,
,,2007 - 2008,
,,2008 - 2009,
,,2009 - 2010,
,,2010 - 2011,
,,2011 - 2012,
,,2012 - 2013,
,,2013 - 2014,
,,2014 - 2015,
,,2015 - 2016,
,,2016 - 2017,
,,2017 - 2018,
,,2018 - 2019,
,,2019 - 2020,
,,2020 - 2021,
,,2021 - 2022,
,,2022 - 2023,
,Raipur,2000 - 2001,
,,2001 - 2002,
,,2002 - 2003,
,,2003 - 2004,
,,2004 - 2005,
,,2005 - 2006,
,,2006 - 2007,
,,2007 - 2008,
,,2008 - 2009,
,,2009 - 2010,
,,2010 - 2011,
,,2011 - 2012,
,,2012 - 2013,
,,2013 - 2014,
,,2014 - 2015,
,,2015 - 2016,
,,2016 - 2017,
,,2017 - 2018,
,,2018 - 2019,
,,2020 - 2021,
,,2021 - 2022,
,,2022 - 2023,
,Rajnandgaon,2000 - 2001,
,,2001 - 2002,
,,2002 - 2003,
,,2003 - 2004,
,,2004 - 2005,
,,2005 - 2006,
,,2006 - 2007,
,,2007 - 2008,
,,2008 - 2009,
,,2009 - 2010,
,,2010 - 2011,
,,2011 - 2012,
,,2012 - 2013,
,,2013 - 2014,
,,2014 - 2015,
,,2015 - 2016,
,,2016 - 2017,
,,2017 - 2018,
,,2018 - 2019,
,,2019 - 2020,
,,2020 - 2021,
,,2021 - 2022,
,,2022 - 2023,
,Sakti,2022 - 2023,
,Sukma,2011 - 2012,
,,2012 - 2013,
,,2013 - 2014,
,,2014 - 2015,
,,2015 - 2016,
,,2016 - 2017,
,,2017 - 2018,
,,2018 - 2019,
,,2019 - 2020,
,,2020 - 2021,
,,2021 - 2022,
,,2022 - 2023,
,Surajpur,2011 - 2012,
,,2012 - 2013,
,,2013 - 2014,
,,2014 - 2015,
,,2015 - 2016,
,,2016 - 2017,
,,2017 - 2018,
,,2018 - 2019,
,,2019 - 2020,
,,2020 - 2021,
,,2021 - 2022,
,,2022 - 2023,
,Surguja,2000 - 2001,
,,2001 - 2002,
,,2002 - 2003,
,,2003 - 2004,
,,2004 - 2005,
,,2005 - 2006,
,,2006 - 2007,
,,2007 - 2008,
,,2008 - 2009,
,,2009 - 2010,
,,2010 - 2011,
,,2011 - 2012,
,,2012 - 2013,
,,2013 - 2014,
,,2014 - 2015,
,,2015 - 2016,
,,2016 - 2017,
,,2017 - 2018,
,,2018 - 2019,
,,2019 - 2020,
,,2020 - 2021,
,,2021 - 2022,
,,2022 - 2023,
Goa,North goa,2016 - 2017,
,,2017 - 2018,
,,2018 - 2019,
,,2019 - 2020,
,,2020 - 2021,
,,2021 - 2022,
,,2022 - 2023,
,South goa,2016 - 2017,
,,2017 - 2018,
,,2018 - 2019,
,,2019 - 2020,
,,2020 - 2021,
,,2021 - 2022,
,,2022 - 2023,
Haryana,Ambala,2001 - 2002,
,Faridabad,2000 - 2001,
,,2001 - 2002,
,,2002 - 2003,
,,2005 - 2006,
,,2010 - 2011,
,Gurgaon,2001 - 2002,
,,2002 - 2003,
,,2003 - 2004,
,,2004 - 2005,
,,2005 - 2006,
,,2006 - 2007,
,,2007 - 2008,
,,2008 - 2009,
,,2009 - 2010,
,,2010 - 2011,
,,2011 - 2012,
,,2012 - 2013,
,Hisar,2012 - 2013,
,Jhajjar,2007 - 2008,
,,2008 - 2009,
,,2021 - 2022,
,Kaithal,2012 - 2013,
,Karnal,2000 - 2001,
,,2001 - 2002,
,,2002 - 2003,
,,2003 - 2004,
,,2004 - 2005,
,,2005 - 2006,
,,2006 - 2007,
,,2008 - 2009,
,,2010 - 2011,
,,2011 - 2012,
,,2012 - 2013,
,Kurukshetra,2012 - 2013,
,Mahendragarh,2009 - 2010,
,Mewat,2005 - 2006,
,,2021 - 2022,
,Palwal,2011 - 2012,
,Panipat,2000 - 2001,
,,2001 - 2002,
,,2002 - 2003,
,,2003 - 2004,
,,2004 - 2005,
,,2005 - 2006,
,,2006 - 2007,
,,2007 - 2008,
,,2008 - 2009,
,,2009 - 2010,
,,2010 - 2011,
,,2011 - 2012,
,,2012 - 2013,
,,2020 - 2021,
,Rewari,2000 - 2001,
,,2001 - 2002,
,,2002 - 2003,
,,2003 - 2004,
,,2004 - 2005,
,,2006 - 2007,
,Sonipat,2000 - 2001,
,,2001 - 2002,
,,2002 - 2003,
,,2003 - 2004,
,,2004 - 2005,
,,2005 - 2006,
,,2007 - 2008,
,,2009 - 2010,
,,2010 - 2011,
,,2011 - 2012,
Himachal Pradesh,Bilaspur,2001 - 2002,
,Kangra,2001 - 2002,
Karnataka,Bagalkot,2000 - 2001,
,,2002 - 2003,
,,2003 - 2004,
,,2004 - 2005,
,,2005 - 2006,
,,2006 - 2007,
,,2007 - 2008,
,,2008 - 2009,
,,2009 - 2010,
,,2010 - 2011,
,,2011 - 2012,
,,2012 - 2013,
,,2017 - 2018,
,,2018 - 2019,
,,2019 - 2020,
,,2020 - 2021,
,,2021 - 2022,
,Bangalore rural,2000 - 2001,
,,2002 - 2003,
,,2003 - 2004,
,,2004 - 2005,
,,2005 - 2006,
,,2006 - 2007,
,,2007 - 2008,
,,2008 - 2009,
,,2009 - 2010,
,,2010 - 2011,
,,2011 - 2012,
,,2012 - 2013,
,,2013 - 2014,
,,2014 - 2015,
,,2015 - 2016,
,,2016 - 2017,
,,2017 - 2018,
,,2018 - 2019,
,,2019 - 2020,
,,2020 - 2021,
,,2021 - 2022,
,,2022 - 2023,
,Belgaum,2000 - 2001,
,,2002 - 2003,
,,2003 - 2004,
,,2004 - 2005,
,,2005 - 2006,
,,2006 - 2007,
,,2007 - 2008,
,,2008 - 2009,
,,2009 - 2010,
,,2010 - 2011,
,,2011 - 2012,
,,2012 - 2013,
,,2013 - 2014,
,,2014 - 2015,
,,2015 - 2016,
,,2016 - 2017,
,,2017 - 2018,
,,2018 - 2019,
,,2019 - 2020,
,,2020 - 2021,
,,2021 - 2022,
,,2022 - 2023,
,Bellary,2018 - 2019,
,,2019 - 2020,
,Bengaluru urban,2003 - 2004,
,,2004 - 2005,
,,2015 - 2016,
,,2018 - 2019,
,,2019 - 2020,
,,2020 - 2021,
,,2021 - 2022,
,Bidar,2002 - 2003,
,,2003 - 2004,
,,2018 - 2019,
,,2019 - 2020,
,,2020 - 2021,
,,2021 - 2022,
,Bijapur,2000 - 2001,
,,2002 - 2003,
,,2003 - 2004,
,,2004 - 2005,
,,2005 - 2006,
,,2006 - 2007,
,,2007 - 2008,
,,2008 - 2009,
,,2009 - 2010,
,,2010 - 2011,
,,2016 - 2017,
,,2017 - 2018,
,,2018 - 2019,
,,2019 - 2020,
,,2020 - 2021,
,,2021 - 2022,
,,2022 - 2023,
,Chamarajanagar,2018 - 2019,
,,2019 - 2020,
,,2020 - 2021,
,Chikballapur,2010 - 2011,
,,2011 - 2012,
,,2012 - 2013,
,,2013 - 2014,
,,2014 - 2015,
,,2015 - 2016,
,,2016 - 2017,
,,2017 - 2018,
,,2018 - 2019,
,,2019 - 2020,
,,2020 - 2021,
,,2021 - 2022,
,,2022 - 2023,
,Chikmagalur,2000 - 2001,
,,2002 - 2003,
,,2003 - 2004,
,,2004 - 2005,
,,2005 - 2006,
,,2006 - 2007,
,,2007 - 2008,
,,2008 - 2009,
,,2009 - 2010,
,,2010 - 2011,
,,2011 - 2012,
,,2012 - 2013,
,,2013 - 2014,
,,2014 - 2015,
,,2015 - 2016,
,,2016 - 2017,
,,2017 - 2018,
,,2018 - 2019,
,,2019 - 2020,
,,2020 - 2021,
,,2021 - 2022,
,,2022 - 2023,
,Chitradurga,2018 - 2019,
,,2019 - 2020,
,,2020 - 2021,
,,2021 - 2022,
,,2022 - 2023,
,Dakshin kannad,2000 - 2001,
,,2002 - 2003,
,,2003 - 2004,
,,2004 - 2005,
,,2005 - 2006,
,,2006 - 2007,
,,2007 - 2008,
,,2008 - 2009,
,,2009 - 2010,
,,2010 - 2011,
,,2011 - 2012,
,,2012 - 2013,
,,2013 - 2014,
,,2014 - 2015,
,,2015 - 2016,
,,2016 - 2017,
,,2017 - 2018,
,,2018 - 2019,
,,2019 - 2020,
,,2020 - 2021,
,Davangere,2002 - 2003,
,,2012 - 2013,
,,2018 - 2019,
,Dharwad,2013 - 2014,
,,2017 - 2018,
,,2019 - 2020,
,,2020 - 2021,
,,2022 - 2023,
,Gadag,2000 - 2001,
,,2006 - 2007,
,,2007 - 2008,
,,2019 - 2020,
,,2020 - 2021,
,,2021 - 2022,
,,2022 - 2023,
,Gulbarga,2000 - 2001,
,,2002 - 2003,
,,2003 - 2004,
,,2004 - 2005,
,,2005 - 2006,
,,2006 - 2007,
,,2007 - 2008,
,,2008 - 2009,
,,2009 - 2010,
,,2012 - 2013,
,,2018 - 2019,
,,2019 - 2020,
,,2020 - 2021,
,,2022 - 2023,
,Hassan,2000 - 2001,
,,2002 - 2003,
,,2003 - 2004,
,,2004 - 2005,
,,2005 - 2006,
,,2006 - 2007,
,,2007 - 2008,
,,2008 - 2009,
,,2009 - 2010,
,,2010 - 2011,
,,2011 - 2012,
,,2012 - 2013,
,,2013 - 2014,
,,2014 - 2015,
,,2015 - 2016,
,,2016 - 2017,
,,2017 - 2018,
,,2018 - 2019,
,,2019 - 2020,
,,2020 - 2021,
,,2021 - 2022,
,,2022 - 2023,
,Haveri,2013 - 2014,
,,2014 - 2015,
,,2015 - 2016,
,,2017 - 2018,
,,2018 - 2019,
,,2019 - 2020,
,,2021 - 2022,
,Kodagu,2000 - 2001,
,,2002 - 2003,
,,2003 - 2004,
,,2004 - 2005,
,,2005 - 2006,
,,2006 - 2007,
,,2007 - 2008,
,,2008 - 2009,
,,2009 - 2010,
,,2010 - 2011,
,,2011 - 2012,
,,2012 - 2013,
,,2013 - 2014,
,,2014 - 2015,
,,2015 - 2016,
,,2016 - 2017,
,,2017 - 2018,
,,2018 - 2019,
,,2019 - 2020,
,,2020 - 2021,
,,2021 - 2022,
,,2022 - 2023,
,Kolar,2018 - 2019,
,,2019 - 2020,
,,2020 - 2021,
,,2021 - 2022,
,,2022 - 2023,
,Koppal,2019 - 2020,
,,2020 - 2021,
,,2021 - 2022,
,Mandya,2002 - 2003,
,,2003 - 2004,
,,2004 - 2005,
,,2005 - 2006,
,,2006 - 2007,
,,2007 - 2008,
,,2008 - 2009,
,,2009 - 2010,
,,2010 - 2011,
,,2011 - 2012,
,,2012 - 2013,
,,2013 - 2014,
,,2014 - 2015,
,,2015 - 2016,
,,2017 - 2018,
,,2018 - 2019,
,,2019 - 2020,
,,2020 - 2021,
,,2021 - 2022,
,,2022 - 2023,
,Mysore,2007 - 2008,
,,2008 - 2009,
,,2009 - 2010,
,,2011 - 2012,
,,2012 - 2013,
,,2013 - 2014,
,,2014 - 2015,
,,2015 - 2016,
,,2016 - 2017,
,,2017 - 2018,
,,2018 - 2019,
,,2019 - 2020,
,,2020 - 2021,
,,2021 - 2022,
,,2022 - 2023,
,Raichur,2000 - 2001,
,,2018 - 2019,
,,2020 - 2021,
,,2022 - 2023,
,Ramanagara,2007 - 2008,
,,2008 - 2009,
,,2009 - 2010,
,,2010 - 2011,
,,2011 - 2012,
,,2012 - 2013,
,,2013 - 2014,
,,2014 - 2015,
,,2015 - 2016,
,,2016 - 2017,
,,2017 - 2018,
,,2018 - 2019,
,,2019 - 2020,
,,2020 - 2021,
,,2021 - 2022,
,,2022 - 2023,
,Shimoga,2018 - 2019,
,,2021 - 2022,
,,2022 - 2023,
,Tumkur,2000 - 2001,
,,2002 - 2003,
,,2003 - 2004,
,,2004 - 2005,
,,2005 - 2006,
,,2006 - 2007,
,,2007 - 2008,
,,2008 - 2009,
,,2009 - 2010,
,,2010 - 2011,
,,2011 - 2012,
,,2012 - 2013,
,,2013 - 2014,
,,2014 - 2015,
,,2015 - 2016,
,,2016 - 2017,
,,2017 - 2018,
,,2018 - 2019,
,,2019 - 2020,
,,2020 - 2021,
,,2021 - 2022,
,,2022 - 2023,
,Udupi,2000 - 2001,
,,2002 - 2003,
,,2003 - 2004,
,,2004 - 2005,
,,2005 - 2006,
,,2006 - 2007,
,,2007 - 2008,
,,2008 - 2009,
,,2009 - 2010,
,,2010 - 2011,
,,2011 - 2012,
,,2012 - 2013,
,,2013 - 2014,
,,2014 - 2015,
,,2015 - 2016,
,,2016 - 2017,
,,2017 - 2018,
,,2018 - 2019,
,,2019 - 2020,
,,2020 - 2021,
,,2021 - 2022,
,,2022 - 2023,
,Uttar kannad,2000 - 2001,
,,2002 - 2003,
,,2003 - 2004,
,,2004 - 2005,
,,2005 - 2006,
,,2006 - 2007,
,,2007 - 2008,
,,2008 - 2009,
,,2009 - 2010,
,,2010 - 2011,
,,2011 - 2012,
,,2012 - 2013,
,,2013 - 2014,
,,2014 - 2015,
,,2015 - 2016,
,,2016 - 2017,
,,2017 - 2018,
,,2018 - 2019,
,,2019 - 2020,
,,2020 - 2021,
,,2021 - 2022,
,,2022 - 2023,
,Yadgir,2010 - 2011,
,,2018 - 2019,
,,2019 - 2020,
Kerala,Alappuzha,2000 - 2001,
,,2001 - 2002,
,,2002 - 2003,
,,2003 - 2004,
,,2004 - 2005,
,,2005 - 2006,
,,2006 - 2007,
,,2007 - 2008,
,,2008 - 2009,
,,2009 - 2010,
,,2012 - 2013,
,,2013 - 2014,
,,2014 - 2015,
,,2015 - 2016,
,,2016 - 2017,
,,2017 - 2018,
,,2018 - 2019,
,,2019 - 2020,
,,2020 - 2021,
,,2021 - 2022,
,,2022 - 2023,
,Ernakulam,2000 - 2001,
,,2001 - 2002,
,,2002 - 2003,
,,2003 - 2004,
,,2004 - 2005,
,,2006 - 2007,
,,2007 - 2008,
,,2008 - 2009,
,,2009 - 2010,
,,2012 - 2013,
,,2013 - 2014,
,,2014 - 2015,
,,2015 - 2016,
,,2016 - 2017,
,,2017 - 2018,
,,2018 - 2019,
,,2019 - 2020,
,,2020 - 2021,
,,2021 - 2022,
,,2022 - 2023,
,Idukki,2000 - 2001,
,,2001 - 2002,
,,2002 - 2003,
,,2003 - 2004,
,,2004 - 2005,
,,2005 - 2006,
,,2006 - 2007,
,,2007 - 2008,
,,2008 - 2009,
,,2009 - 2010,
,,2012 - 2013,
,,2013 - 2014,
,,2014 - 2015,
,,2015 - 2016,
,,2016 - 2017,
,,2017 - 2018,
,,2018 - 2019,
,,2019 - 2020,
,,2020 - 2021,
,,2021 - 2022,
,,2022 - 2023,
,Kannur,2000 - 2001,
,,2001 - 2002,
,,2002 - 2003,
,,2003 - 2004,
,,2004 - 2005,
,,2005 - 2006,
,,2006 - 2007,
,,2007 - 2008,
,,2008 - 2009,
,,2009 - 2010,
,,2012 - 2013,
,,2013 - 2014,
,,2014 - 2015,
,,2015 - 2016,
,,2016 - 2017,
,,2017 - 2018,
,,2018 - 2019,
,,2019 - 2020,
,,2020 - 2021,
,,2021 - 2022,
,,2022 - 2023,
,Kasaragod,2000 - 2001,
,,2001 - 2002,
,,2002 - 2003,
,,2003 - 2004,
,,2004 - 2005,
,,2005 - 2006,
,,2006 - 2007,
,,2007 - 2008,
,,2008 - 2009,
,,2009 - 2010,
,,2012 - 2013,
,,2013 - 2014,
,,2014 - 2015,
,,2015 - 2016,
,,2016 - 2017,
,,2017 - 2018,
,,2018 - 2019,
,,2019 - 2020,
,,2020 - 2021,
,,2021 - 2022,
,,2022 - 2023,
,Kollam,2000 - 2001,
,,2001 - 2002,
,,2002 - 2003,
,,2003 - 2004,
,,2004 - 2005,
,,2005 - 2006,
,,2006 - 2007,
,,2007 - 2008,
,,2008 - 2009,
,,2009 - 2010,
,,2012 - 2013,
,,2013 - 2014,
,,2014 - 2015,
,,2015 - 2016,
,,2016 - 2017,
,,2017 - 2018,
,,2018 - 2019,
,,2019 - 2020,
,,2020 - 2021,
,,2021 - 2022,
,,2022 - 2023,
,Kottayam,2000 - 2001,
,,2001 - 2002,
,,2002 - 2003,
,,2003 - 2004,
,,2004 - 2005,
,,2005 - 2006,
,,2006 - 2007,
,,2007 - 2008,
,,2008 - 2009,
,,2009 - 2010,
,,2012 - 2013,
,,2013 - 2014,
,,2014 - 2015,
,,2015 - 2016,
,,2017 - 2018,
,,2018 - 2019,
,,2020 - 2021,
,,2021 - 2022,
,,2022 - 2023,
,Kozhikode,2000 - 2001,
,,2001 - 2002,
,,2002 - 2003,
,,2003 - 2004,
,,2004 - 2005,
,,2005 - 2006,
,,2006 - 2007,
,,2007 - 2008,
,,2008 - 2009,
,,2009 - 2010,
,,2012 - 2013,
,,2013 - 2014,
,,2014 - 2015,
,,2015 - 2016,
,,2016 - 2017,
,,2017 - 2018,
,,2018 - 2019,
,,2019 - 2020,
,,2020 - 2021,
,,2021 - 2022,
,,2022 - 2023,
,Malappuram,2000 - 2001,
,,2001 - 2002,
,,2002 - 2003,
,,2003 - 2004,
,,2004 - 2005,
,,2005 - 2006,
,,2006 - 2007,
,,2007 - 2008,
,,2008 - 2009,
,,2009 - 2010,
,,2012 - 2013,
,,2013 - 2014,
,,2014 - 2015,
,,2015 - 2016,
,,2016 - 2017,
,,2017 - 2018,
,,2018 - 2019,
,,2019 - 2020,
,,2020 - 2021,
,,2021 - 2022,
,,2022 - 2023,
,Palakkad,2000 - 2001,
,,2001 - 2002,
,,2002 - 2003,
,,2003 - 2004,
,,2004 - 2005,
,,2005 - 2006,
,,2006 - 2007,
,,2007 - 2008,
,,2008 - 2009,
,,2009 - 2010,
,,2012 - 2013,
,,2013 - 2014,
,,2014 - 2015,
,,2015 - 2016,
,,2016 - 2017,
,,2017 - 2018,
,,2018 - 2019,
,,2019 - 2020,
,,2020 - 2021,
,,2021 - 2022,
,,2022 - 2023,
,Pathanamthitta,2002 - 2003,
,,2005 - 2006,
,,2006 - 2007,
,,2007 - 2008,
,,2008 - 2009,
,,2009 - 2010,
,,2013 - 2014,
,,2014 - 2015,
,,2015 - 2016,
,,2016 - 2017,
,,2017 - 2018,
,,2018 - 2019,
,,2020 - 2021,
,,2021 - 2022,
,,2022 - 2023,
,Thiruvananthapuram,2000 - 2001,
,,2001 - 2002,
,,2002 - 2003,
,,2003 - 2004,
,,2004 - 2005,
,,2005 - 2006,
,,2006 - 2007,
,,2007 - 2008,
,,2008 - 2009,
,,2009 - 2010,
,,2012 - 2013,
,,2013 - 2014,
,,2014 - 2015,
,,2015 - 2016,
,,2016 - 2017,
,,2017 - 2018,
,,2018 - 2019,
,,2019 - 2020,
,,2020 - 2021,
,,2021 - 2022,
,,2022 - 2023,
,Thrissur,2000 - 2001,
,,2001 - 2002,
,,2002 - 2003,
,,2003 - 2004,
,,2004 - 2005,
,,2005 - 2006,
,,2006 - 2007,
,,2007 - 2008,
,,2008 - 2009,
,,2009 - 2010,
,,2012 - 2013,
,,2013 - 2014,
,,2014 - 2015,
,,2015 - 2016,
,,2016 - 2017,
,,2017 - 2018,
,,2018 - 2019,
,,2019 - 2020,
,,2020 - 2021,
,,2021 - 2022,
,,2022 - 2023,
,Wayanad,2000 - 2001,
,,2001 - 2002,
,,2002 - 2003,
,,2003 - 2004,
,,2004 - 2005,
,,2005 - 2006,
,,2006 - 2007,
,,2007 - 2008,
,,2008 - 2009,
,,2009 - 2010,
,,2012 - 2013,
,,2013 - 2014,
,,2014 - 2015,
,,2015 - 2016,
,,2016 - 2017,
,,2017 - 2018,
,,2018 - 2019,
,,2019 - 2020,
,,2020 - 2021,
,,2021 - 2022,
,,2022 - 2023,
Madhya Pradesh,Agar malwa,2013 - 2014,
,,2015 - 2016,
,,2016 - 2017,
,,2017 - 2018,
,,2018 - 2019,
,,2019 - 2020,
,Alirajpur,2008 - 2009,
,,2009 - 2010,
,,2010 - 2011,
,,2011 - 2012,
,,2012 - 2013,
,,2013 - 2014,
,,2015 - 2016,
,,2016 - 2017,
,,2017 - 2018,
,,2018 - 2019,
,,2019 - 2020,
,Anuppur,2003 - 2004,
,,2004 - 2005,
,,2005 - 2006,
,,2006 - 2007,
,,2007 - 2008,
,,2008 - 2009,
,,2009 - 2010,
,,2010 - 2011,
,,2011 - 2012,
,,2012 - 2013,
,,2013 - 2014,
,,2019 - 2020,
,Ashoknagar,2003 - 2004,
,,2004 - 2005,
,,2005 - 2006,
,,2006 - 2007,
,,2007 - 2008,
,,2009 - 2010,
,,2010 - 2011,
,,2011 - 2012,
,,2012 - 2013,
,,2013 - 2014,
,,2015 - 2016,
,,2016 - 2017,
,,2017 - 2018,
,,2018 - 2019,
,,2019 - 2020,
,Balaghat,2001 - 2002,
,,2002 - 2003,
,,2003 - 2004,
,,2004 - 2005,
,,2005 - 2006,
,,2006 - 2007,
,,2007 - 2008,
,,2008 - 2009,
,,2009 - 2010,
,,2010 - 2011,
,,2011 - 2012,
,,2012 - 2013,
,,2013 - 2014,
,,2015 - 2016,
,,2016 - 2017,
,,2017 - 2018,
,,2018 - 2019,
,,2019 - 2020,
,Barwani,2001 - 2002,
,,2002 - 2003,
,,2003 - 2004,
,,2004 - 2005,
,,2005 - 2006,
,,2006 - 2007,
,,2007 - 2008,
,,2008 - 2009,
,,2009 - 2010,
,,2010 - 2011,
,,2011 - 2012,
,,2012 - 2013,
,,2013 - 2014,
,,2015 - 2016,
,,2016 - 2017,
,,2017 - 2018,
,,2018 - 2019,
,,2019 - 2020,
,Betul,2001 - 2002,
,,2002 - 2003,
,,2003 - 2004,
,,2004 - 2005,
,,2005 - 2006,
,,2006 - 2007,
,,2007 - 2008,
,,2008 - 2009,
,,2009 - 2010,
,,2010 - 2011,
,,2011 - 2012,
,,2012 - 2013,
,,2013 - 2014,
,,2015 - 2016,
,,2016 - 2017,
,,2017 - 2018,
,,2018 - 2019,
,,2019 - 2020,
,Bhind,2001 - 2002,
,,2002 - 2003,
,,2003 - 2004,
,,2004 - 2005,
,,2005 - 2006,
,,2006 - 2007,
,,2007 - 2008,
,,2008 - 2009,
,,2009 - 2010,
,,2010 - 2011,
,,2011 - 2012,
,,2012 - 2013,
,,2013 - 2014,
,Bhopal,2001 - 2002,
,,2002 - 2003,
,,2003 - 2004,
,,2004 - 2005,
,,2006 - 2007,
,,2007 - 2008,
,,2008 - 2009,
,,2009 - 2010,
,,2010 - 2011,
,,2011 - 2012,
,,2012 - 2013,
,Burhanpur,2005 - 2006,
,,2006 - 2007,
,,2008 - 2009,
,,2009 - 2010,
,,2010 - 2011,
,,2012 - 2013,
,,2013 - 2014,
,Chhatarpur,2001 - 2002,
,,2002 - 2003,
,,2003 - 2004,
,,2004 - 2005,
,,2005 - 2006,
,,2006 - 2007,
,,2007 - 2008,
,,2008 - 2009,
,,2009 - 2010,
,,2010 - 2011,
,,2011 - 2012,
,,2012 - 2013,
,,2013 - 2014,
,,2015 - 2016,
,,2016 - 2017,
,,2017 - 2018,
,,2018 - 2019,
,,2019 - 2020,
,Chhindwara,2001 - 2002,
,,2002 - 2003,
,,2003 - 2004,
,,2004 - 2005,
,,2005 - 2006,
,,2006 - 2007,
,,2007 - 2008,
,,2008 - 2009,
,,2009 - 2010,
,,2010 - 2011,
,,2011 - 2012,
,,2012 - 2013,
,,2013 - 2014,
,,2015 - 2016,
,,2016 - 2017,
,,2017 - 2018,
,,2018 - 2019,
,,2019 - 2020,
,Damoh,2001 - 2002,
,,2002 - 2003,
,,2003 - 2004,
,,2004 - 2005,
,,2005 - 2006,
,,2006 - 2007,
,,2007 - 2008,
,,2008 - 2009,
,,2009 - 2010,
,,2010 - 2011,
,,2011 - 2012,
,,2012 - 2013,
,,2013 - 2014,
,Datia,2001 - 2002,
,,2002 - 2003,
,,2003 - 2004,
,,2004 - 2005,
,,2005 - 2006,
,,2007 - 2008,
,,2008 - 2009,
,,2010 - 2011,
,,2012 - 2013,
,,2013 - 2014,
,,2015 - 2016,
,,2016 - 2017,
,,2017 - 2018,
,,2018 - 2019,
,,2019 - 2020,
,Dewas,2001 - 2002,
,,2002 - 2003,
,,2003 - 2004,
,,2004 - 2005,
,,2005 - 2006,
,,2006 - 2007,
,,2007 - 2008,
,,2008 - 2009,
,,2010 - 2011,
,,2016 - 2017,
,,2017 - 2018,
,,2018 - 2019,
,,2019 - 2020,
,Dhar,2001 - 2002,
,,2002 - 2003,
,,2003 - 2004,
,,2004 - 2005,
,,2005 - 2006,
,,2006 - 2007,
,,2007 - 2008,
,,2008 - 2009,
,,2009 - 2010,
,,2010 - 2011,
,,2011 - 2012,
,,2012 - 2013,
,,2013 - 2014,
,,2016 - 2017,
,,2017 - 2018,
,,2018 - 2019,
,,2019 - 2020,
,Dindori,2001 - 2002,
,,2002 - 2003,
,,2003 - 2004,
,,2004 - 2005,
,,2005 - 2006,
,,2006 - 2007,
,,2007 - 2008,
,,2008 - 2009,
,,2009 - 2010,
,,2010 - 2011,
,,2011 - 2012,
,,2012 - 2013,
,,2013 - 2014,
,Guna,2001 - 2002,
,,2002 - 2003,
,,2003 - 2004,
,,2004 - 2005,
,,2005 - 2006,
,,2006 - 2007,
,,2007 - 2008,
,,2008 - 2009,
,,2009 - 2010,
,,2010 - 2011,
,,2011 - 2012,
,,2012 - 2013,
,,2013 - 2014,
,,2015 - 2016,
,,2016 - 2017,
,,2017 - 2018,
,,2018 - 2019,
,,2019 - 2020,
,Gwalior,2001 - 2002,
,,2002 - 2003,
,,2003 - 2004,
,,2004 - 2005,
,,2005 - 2006,
,,2006 - 2007,
,,2007 - 2008,
,,2008 - 2009,
,,2009 - 2010,
,,2010 - 2011,
,,2011 - 2012,
,,2012 - 2013,
,,2013 - 2014,
,,2016 - 2017,
,,2017 - 2018,
,,2018 - 2019,
,,2019 - 2020,
,Harda,2001 - 2002,
,,2002 - 2003,
,,2003 - 2004,
,,2004 - 2005,
,,2005 - 2006,
,,2006 - 2007,
,,2007 - 2008,
,,2008 - 2009,
,,2009 - 2010,
,,2010 - 2011,
,,2011 - 2012,
,,2012 - 2013,
,,2013 - 2014,
,Hoshangabad,2001 - 2002,
,,2002 - 2003,
,,2003 - 2004,
,,2004 - 2005,
,,2005 - 2006,
,,2006 - 2007,
,,2007 - 2008,
,,2008 - 2009,
,,2009 - 2010,
,,2010 - 2011,
,,2011 - 2012,
,,2012 - 2013,
,,2013 - 2014,
,,2017 - 2018,
,,2018 - 2019,
,,2019 - 2020,
,Indore,2001 - 2002,
,,2002 - 2003,
,,2003 - 2004,
,,2004 - 2005,
,,2005 - 2006,
,,2006 - 2007,
,,2007 - 2008,
,,2011 - 2012,
,,2013 - 2014,
,,2016 - 2017,
,,2017 - 2018,
,,2018 - 2019,
,,2019 - 2020,
,Jabalpur,2001 - 2002,
,,2002 - 2003,
,,2003 - 2004,
,,2004 - 2005,
,,2005 - 2006,
,,2006 - 2007,
,,2007 - 2008,
,,2008 - 2009,
,,2009 - 2010,
,,2010 - 2011,
,,2011 - 2012,
,,2012 - 2013,
,,2013 - 2014,
,,2015 - 2016,
,,2016 - 2017,
,,2017 - 2018,
,,2018 - 2019,
,,2019 - 2020,
,Jhabua,2001 - 2002,
,,2002 - 2003,
,,2003 - 2004,
,,2004 - 2005,
,,2005 - 2006,
,,2006 - 2007,
,,2007 - 2008,
,,2008 - 2009,
,,2009 - 2010,
,,2010 - 2011,
,,2011 - 2012,
,,2012 - 2013,
,,2013 - 2014,
,Katni,2001 - 2002,
,,2002 - 2003,
,,2003 - 2004,
,,2004 - 2005,
,,2005 - 2006,
,,2006 - 2007,
,,2007 - 2008,
,,2008 - 2009,
,,2009 - 2010,
,,2010 - 2011,
,,2011 - 2012,
,,2012 - 2013,
,,2013 - 2014,
,,2015 - 2016,
,,2016 - 2017,
,,2017 - 2018,
,,2018 - 2019,
,,2019 - 2020,
,Khandwa,2001 - 2002,
,,2002 - 2003,
,,2003 - 2004,
,,2004 - 2005,
,,2005 - 2006,
,,2006 - 2007,
,,2007 - 2008,
,,2008 - 2009,
,,2009 - 2010,
,,2010 - 2011,
,,2011 - 2012,
,,2012 - 2013,
,,2013 - 2014,
,,2015 - 2016,
,,2016 - 2017,
,,2017 - 2018,
,,2018 - 2019,
,,2019 - 2020,
,Khargone,2001 - 2002,
,,2002 - 2003,
,,2003 - 2004,
,,2004 - 2005,
,,2005 - 2006,
,,2006 - 2007,
,,2007 - 2008,
,,2008 - 2009,
,,2009 - 2010,
,,2010 - 2011,
,,2011 - 2012,
,,2012 - 2013,
,,2013 - 2014,
,Mandla,2001 - 2002,
,,2002 - 2003,
,,2003 - 2004,
,,2004 - 2005,
,,2005 - 2006,
,,2006 - 2007,
,,2007 - 2008,
,,2008 - 2009,
,,2009 - 2010,
,,2010 - 2011,
,,2011 - 2012,
,,2012 - 2013,
,,2013 - 2014,
,,2015 - 2016,
,,2016 - 2017,
,,2017 - 2018,
,,2018 - 2019,
,,2019 - 2020,
,Mandsaur,2001 - 2002,
,,2002 - 2003,
,,2003 - 2004,
,,2004 - 2005,
,,2005 - 2006,
,,2006 - 2007,
,,2007 - 2008,
,,2008 - 2009,
,,2009 - 2010,
,,2010 - 2011,
,,2011 - 2012,
,,2012 - 2013,
,,2013 - 2014,
,,2015 - 2016,
,,2016 - 2017,
,,2017 - 2018,
,,2018 - 2019,
,,2019 - 2020,
,Morena,2001 - 2002,
,,2002 - 2003,
,,2003 - 2004,
,,2004 - 2005,
,,2005 - 2006,
,,2006 - 2007,
,,2007 - 2008,
,,2008 - 2009,
,,2009 - 2010,
,,2010 - 2011,
,,2011 - 2012,
,,2013 - 2014,
,,2015 - 2016,
,,2016 - 2017,
,,2017 - 2018,
,,2018 - 2019,
,,2019 - 2020,
,Narsinghpur,2001 - 2002,
,,2002 - 2003,
,,2003 - 2004,
,,2004 - 2005,
,,2005 - 2006,
,,2006 - 2007,
,,2007 - 2008,
,,2008 - 2009,
,,2009 - 2010,
,,2010 - 2011,
,,2011 - 2012,
,,2012 - 2013,
,,2013 - 2014,
,,2015 - 2016,
,,2016 - 2017,
,,2017 - 2018,
,,2018 - 2019,
,,2019 - 2020,
,Neemuch,2001 - 2002,
,,2002 - 2003,
,,2003 - 2004,
,,2004 - 2005,
,,2005 - 2006,
,,2006 - 2007,
,,2007 - 2008,
,,2008 - 2009,
,,2009 - 2010,
,,2010 - 2011,
,,2011 - 2012,
,,2012 - 2013,
,,2013 - 2014,
,Panna,2001 - 2002,
,,2002 - 2003,
,,2003 - 2004,
,,2004 - 2005,
,,2005 - 2006,
,,2006 - 2007,
,,2007 - 2008,
,,2008 - 2009,
,,2009 - 2010,
,,2010 - 2011,
,,2011 - 2012,
,,2012 - 2013,
,,2013 - 2014,
,Raisen,2001 - 2002,
,,2002 - 2003,
,,2003 - 2004,
,,2004 - 2005,
,,2005 - 2006,
,,2006 - 2007,
,,2007 - 2008,
,,2008 - 2009,
,,2009 - 2010,
,,2010 - 2011,
,,2011 - 2012,
,,2012 - 2013,
,,2013 - 2014,
,Rajgarh,2001 - 2002,
,,2002 - 2003,
,,2003 - 2004,
,,2004 - 2005,
,,2005 - 2006,
,,2006 - 2007,
,,2007 - 2008,
,,2008 - 2009,
,,2009 - 2010,
,,2010 - 2011,
,,2011 - 2012,
,,2012 - 2013,
,,2013 - 2014,
,,2015 - 2016,
,,2016 - 2017,
,,2017 - 2018,
,,2018 - 2019,
,,2019 - 2020,
,Ratlam,2001 - 2002,
,,2002 - 2003,
,,2003 - 2004,
,,2004 - 2005,
,,2005 - 2006,
,,2006 - 2007,
,,2007 - 2008,
,,2008 - 2009,
,,2009 - 2010,
,,2010 - 2011,
,,2011 - 2012,
,,2012 - 2013,
,,2013 - 2014,
,,2015 - 2016,
,,2016 - 2017,
,,2017 - 2018,
,,2018 - 2019,
,,2019 - 2020,
,Rewa,2001 - 2002,
,,2002 - 2003,
,,2003 - 2004,
,,2004 - 2005,
,,2005 - 2006,
,,2006 - 2007,
,,2007 - 2008,
,,2008 - 2009,
,,2009 - 2010,
,,2010 - 2011,
,,2011 - 2012,
,,2012 - 2013,
,,2013 - 2014,
,Sagar,2001 - 2002,
,,2002 - 2003,
,,2003 - 2004,
,,2004 - 2005,
,,2005 - 2006,
,,2006 - 2007,
,,2007 - 2008,
,,2008 - 2009,
,,2009 - 2010,
,,2010 - 2011,
,,2011 - 2012,
,,2012 - 2013,
,,2013 - 2014,
,,2016 - 2017,
,,2017 - 2018,
,,2018 - 2019,
,,2019 - 2020,
,Satna,2001 - 2002,
,,2002 - 2003,
,,2003 - 2004,
,,2004 - 2005,
,,2005 - 2006,
,,2006 - 2007,
,,2007 - 2008,
,,2008 - 2009,
,,2009 - 2010,
,,2010 - 2011,
,,2011 - 2012,
,,2012 - 2013,
,,2013 - 2014,
,Sehore,2001 - 2002,
,,2002 - 2003,
,,2003 - 2004,
,,2004 - 2005,
,,2005 - 2006,
,,2006 - 2007,
,,2007 - 2008,
,,2008 - 2009,
,,2009 - 2010,
,,2010 - 2011,
,,2011 - 2012,
,,2012 - 2013,
,,2013 - 2014,
,,2015 - 2016,
,,2016 - 2017,
,,2017 - 2018,
,,2018 - 2019,
,,2019 - 2020,
,Seoni,2001 - 2002,
,,2002 - 2003,
,,2003 - 2004,
,,2004 - 2005,
,,2005 - 2006,
,,2006 - 2007,
,,2007 - 2008,
,,2008 - 2009,
,,2009 - 2010,
,,2010 - 2011,
,,2011 - 2012,
,,2012 - 2013,
,,2013 - 2014,
,,2015 - 2016,
,,2016 - 2017,
,,2017 - 2018,
,,2018 - 2019,
,,2019 - 2020,
,Shahdol,2001 - 2002,
,,2002 - 2003,
,,2003 - 2004,
,,2004 - 2005,
,,2005 - 2006,
,,2006 - 2007,
,,2007 - 2008,
,,2008 - 2009,
,,2009 - 2010,
,,2010 - 2011,
,,2011 - 2012,
,,2012 - 2013,
,,2013 - 2014,
,,2015 - 2016,
,,2016 - 2017,
,,2017 - 2018,
,,2018 - 2019,
,,2019 - 2020,
,Shajapur,2001 - 2002,
,,2002 - 2003,
,,2003 - 2004,
,,2004 - 2005,
,,2005 - 2006,
,,2006 - 2007,
,,2007 - 2008,
,,2008 - 2009,
,,2009 - 2010,
,,2010 - 2011,
,,2011 - 2012,
,,2012 - 2013,
,Sheopur,2002 - 2003,
,Shivpuri,2001 - 2002,
,,2002 - 2003,
,,2003 - 2004,
,,2004 - 2005,
,,2005 - 2006,
,,2006 - 2007,
,,2007 - 2008,
,,2008 - 2009,
,,2009 - 2010,
,,2010 - 2011,
,,2011 - 2012,
,,2012 - 2013,
,,2013 - 2014,
,,2017 - 2018,
,,2018 - 2019,
,,2019 - 2020,
,Sidhi,2001 - 2002,
,,2002 - 2003,
,,2003 - 2004,
,,2004 - 2005,
,,2005 - 2006,
,,2006 - 2007,
,,2007 - 2008,
,,2008 - 2009,
,,2009 - 2010,
,,2010 - 2011,
,,2011 - 2012,
,,2012 - 2013,
,,2013 - 2014,
,Singrauli,2008 - 2009,
,,2009 - 2010,
,,2010 - 2011,
,,2011 - 2012,
,,2012 - 2013,
,,2013 - 2014,
,,2015 - 2016,
,,2016 - 2017,
,,2017 - 2018,
,,2018 - 2019,
,,2019 - 2020,
,Tikamgarh,2001 - 2002,
,,2002 - 2003,
,,2003 - 2004,
,,2004 - 2005,
,,2005 - 2006,
,,2006 - 2007,
,,2007 - 2008,
,,2008 - 2009,
,,2009 - 2010,
,,2010 - 2011,
,,2011 - 2012,
,,2012 - 2013,
,,2013 - 2014,
,,2015 - 2016,
,,2016 - 2017,
,,2017 - 2018,
,,2018 - 2019,
,,2019 - 2020,
,Ujjain,2001 - 2002,
,,2002 - 2003,
,,2003 - 2004,
,,2004 - 2005,
,,2005 - 2006,
,,2006 - 2007,
,,2007 - 2008,
,,2008 - 2009,
,,2009 - 2010,
,,2010 - 2011,
,,2011 - 2012,
,,2013 - 2014,
,,2015 - 2016,
,,2016 - 2017,
,,2017 - 2018,
,,2018 - 2019,
,,2019 - 2020,
,Umaria,2001 - 2002,
,,2002 - 2003,
,,2003 - 2004,
,,2004 - 2005,
,,2005 - 2006,
,,2006 - 2007,
,,2007 - 2008,
,,2008 - 2009,
,,2009 - 2010,
,,2010 - 2011,
,,2011 - 2012,
,,2012 - 2013,
,,2013 - 2014,
,,2017 - 2018,
,,2018 - 2019,
,,2019 - 2020,
,Vidisha,2001 - 2002,
,,2002 - 2003,
,,2003 - 2004,
,,2004 - 2005,
,,2005 - 2006,
,,2006 - 2007,
,,2007 - 2008,
,,2008 - 2009,
,,2009 - 2010,
,,2010 - 2011,
,,2012 - 2013,
,,2013 - 2014,
,,2015 - 2016,
,,2016 - 2017,
,,2017 - 2018,
,,2018 - 2019,
,,2019 - 2020,
Manipur,Bishnupur,2003 - 2004,
,Chandel,2002 - 2003,
,,2003 - 2004,
,Churachandpur,2002 - 2003,
,,2003 - 2004,
,Imphal east,2003 - 2004,
,Imphal west,2002 - 2003,
,,2003 - 2004,
,Senapati,2000 - 2001,
,,2001 - 2002,
,,2003 - 2004,
,,2004 - 2005,
,Tamenglong,2003 - 2004,
,Thoubal,2002 - 2003,
,,2003 - 2004,
,Ukhrul,2003 - 2004,
,,2007 - 2008,
Meghalaya,East garo hills,2000 - 2001,
,,2001 - 2002,
,,2002 - 2003,
,,2003 - 2004,
,,2004 - 2005,3.12
,,2005 - 2006,
,,2006 - 2007,
,,2008 - 2009,
,,2009 - 2010,3.12
,,2010 - 2011,3.12
,,2011 - 2012,3.12
,,2012 - 2013,3.25
,,2013 - 2014,3.31
,,2014 - 2015,3.31
,,2015 - 2016,3.43
,,2016 - 2017,3.65
,,2017 - 2018,3.65
,,2018 - 2019,3.66
,,2019 - 2020,3.66
,,2020 - 2021,3.66
,,2021 - 2022,3.66
,,2022 - 2023,3.66
,East jaintia hills,2000 - 2001,
,,2001 - 2002,
,,2002 - 2003,
,,2003 - 2004,
,,2004 - 2005,2.91
,,2005 - 2006,
,,2006 - 2007,
,,2008 - 2009,
,,2009 - 2010,2.73
,,2010 - 2011,2.7
,,2011 - 2012,2.7
,,2012 - 2013,2.78
,,2013 - 2014,2.81
,,2014 - 2015,2.93
,,2015 - 2016,3.0
,,2016 - 2017,3.2
,,2017 - 2018,3.2
,,2018 - 2019,3.21
,,2019 - 2020,3.21
,,2020 - 2021,3.21
,,2021 - 2022,3.22
,,2022 - 2023,3.22
,East khasi hills,2000 - 2001,
,,2001 - 2002,
,,2002 - 2003,
,,2003 - 2004,
,,2004 - 2005,3.76
,,2005 - 2006,
,,2006 - 2007,
,,2008 - 2009,
,,2009 - 2010,3.95
,,2010 - 2011,3.94
,,2011 - 2012,3.95
,,2012 - 2013,4.07
,,2013 - 2014,4.18
,,2014 - 2015,4.31
,,2015 - 2016,4.36
,,2016 - 2017,1.48
,,2017 - 2018,1.48
,,2018 - 2019,1.48
,,2019 - 2020,1.48
,,2020 - 2021,1.49
,,2021 - 2022,1.49
,,2022 - 2023,1.49
,North garo hills,2013 - 2014,3.39
,,2014 - 2015,3.39
,,2015 - 2016,3.46
,,2016 - 2017,3.68
,,2017 - 2018,3.69
,,2018 - 2019,3.69
,,2019 - 2020,3.69
,,2020 - 2021,3.7
,,2021 - 2022,3.7
,,2022 - 2023,3.7
,Ri bhoi,2000 - 2001,
,,2001 - 2002,
,,2002 - 2003,
,,2003 - 2004,
,,2004 - 2005,3.61
,,2005 - 2006,
,,2006 - 2007,
,,2008 - 2009,
,,2009 - 2010,5.8
,,2010 - 2011,5.8
,,2011 - 2012,5.83
,,2012 - 2013,6.02
,,2013 - 2014,6.21
,,2014 - 2015,6.16
,,2015 - 2016,6.3
,,2016 - 2017,6.79
,,2017 - 2018,6.79
,,2018 - 2019,6.79
,,2019 - 2020,6.8
,,2020 - 2021,6.8
,,2021 - 2022,6.8
,,2022 - 2023,6.8
,South garo hills,2000 - 2001,
,,2001 - 2002,
,,2002 - 2003,
,,2003 - 2004,
,,2004 - 2005,3.26
,,2005 - 2006,
,,2006 - 2007,
,,2008 - 2009,
,,2009 - 2010,3.38
,,2010 - 2011,3.37
,,2011 - 2012,3.38
,,2012 - 2013,3.48
,,2013 - 2014,3.57
,,2014 - 2015,3.55
,,2015 - 2016,3.63
,,2016 - 2017,3.92
,,2017 - 2018,3.92
,,2018 - 2019,3.92
,,2019 - 2020,3.92
,,2020 - 2021,3.92
,,2021 - 2022,3.92
,,2022 - 2023,3.92
,South west garo hills,2013 - 2014,3.64
,,2014 - 2015,3.63
,,2015 - 2016,3.73
,,2016 - 2017,3.92
,,2017 - 2018,3.92
,,2018 - 2019,3.93
,,2019 - 2020,3.93
,,2020 - 2021,3.93
,,2021 - 2022,3.93
,,2022 - 2023,3.93
,South west khasi hills,2013 - 2014,3.13
,,2014 - 2015,3.28
,,2015 - 2016,3.33
,,2016 - 2017,3.3
,,2017 - 2018,3.3
,,2018 - 2019,3.3
,,2019 - 2020,3.31
,,2020 - 2021,3.31
,,2021 - 2022,3.31
,,2022 - 2023,3.31
,West garo hills,2000 - 2001,
,,2001 - 2002,
,,2002 - 2003,
,,2003 - 2004,
,,2004 - 2005,3.32
,,2005 - 2006,
,,2006 - 2007,
,,2008 - 2009,
,,2009 - 2010,3.33
,,2010 - 2011,3.19
,,2011 - 2012,3.2
,,2012 - 2013,3.3
,,2013 - 2014,3.28
,,2014 - 2015,3.28
,,2015 - 2016,3.35
,,2016 - 2017,3.68
,,2017 - 2018,3.68
,,2018 - 2019,3.68
,,2019 - 2020,3.68
,,2020 - 2021,3.68
,,2021 - 2022,3.68
,,2022 - 2023,3.68
,West jaintia hills,2013 - 2014,2.87
,,2014 - 2015,2.95
,,2015 - 2016,2.98
,,2016 - 2017,3.14
,,2017 - 2018,3.14
,,2018 - 2019,3.14
,,2019 - 2020,3.14
,,2020 - 2021,3.14
,,2021 - 2022,3.14
,,2022 - 2023,3.14
,West khasi hills,2000 - 2001,
,,2001 - 2002,
,,2002 - 2003,
,,2003 - 2004,
,,2004 - 2005,3.49
,,2005 - 2006,
,,2006 - 2007,
,,2008 - 2009,
,,2009 - 2010,2.97
,,2010 - 2011,2.97
,,2011 - 2012,3.23
,,2012 - 2013,3.32
,,2013 - 2014,3.5
,,2014 - 2015,3.59
,,2015 - 2016,3.59
,,2016 - 2017,3.83
,,2017 - 2018,3.87
,,2018 - 2019,3.87
,,2019 - 2020,3.87
,,2020 - 2021,3.87
,,2021 - 2022,3.87
,,2022 - 2023,3.87
Nagaland,Chumoukedima,2022 - 2023,9.57
,Dimapur,2011 - 2012,8.44
,,2012 - 2013,8.55
,,2013 - 2014,8.5
,,2014 - 2015,8.5
,,2015 - 2016,8.5
,,2016 - 2017,8.5
,,2017 - 2018,8.5
,,2018 - 2019,8.5
,,2019 - 2020,8.51
,,2020 - 2021,8.55
,,2021 - 2022,7.0
,,2022 - 2023,9.53
,Kiphire,2011 - 2012,8.5
,,2012 - 2013,8.38
,,2013 - 2014,8.55
,,2014 - 2015,8.5
,,2015 - 2016,8.5
,,2016 - 2017,8.46
,,2017 - 2018,8.5
,,2018 - 2019,8.53
,,2019 - 2020,8.56
,,2020 - 2021,8.54
,,2021 - 2022,8.5
,,2022 - 2023,9.6
,Kohima,2011 - 2012,8.5
,,2012 - 2013,8.5
,,2013 - 2014,8.5
,,2014 - 2015,8.5
,,2015 - 2016,8.5
,,2016 - 2017,8.53
,,2017 - 2018,8.53
,,2018 - 2019,8.53
,,2019 - 2020,8.52
,,2020 - 2021,8.52
,,2021 - 2022,8.5
,,2022 - 2023,9.59
,Longleng,2011 - 2012,8.43
,,2012 - 2013,8.38
,,2013 - 2014,8.5
,,2014 - 2015,8.55
,,2015 - 2016,8.55
,,2016 - 2017,8.5
,,2017 - 2018,8.46
,,2018 - 2019,8.5
,,2019 - 2020,8.51
,,2020 - 2021,8.49
,,2022 - 2023,9.51
,Mokokchung,2011 - 2012,8.4
,,2012 - 2013,8.5
,,2013 - 2014,8.54
,,2014 - 2015,8.5
,,2015 - 2016,8.5
,,2016 - 2017,8.53
,,2017 - 2018,8.53
,,2018 - 2019,8.53
,,2019 - 2020,8.52
,,2020 - 2021,8.52
,,2022 - 2023,9.53
,Mon,2011 - 2012,8.5
,,2012 - 2013,8.53
,,2013 - 2014,8.56
,,2014 - 2015,8.53
,,2015 - 2016,8.5
,,2016 - 2017,8.48
,,2017 - 2018,8.48
,,2018 - 2019,8.48
,,2019 - 2020,8.5
,,2020 - 2021,8.52
,,2021 - 2022,4.29
,,2022 - 2023,9.46
,Noklak,2022 - 2023,9.48
,Nuiland,2022 - 2023,9.59
,Peren,2011 - 2012,8.38
,,2012 - 2013,8.56
,,2013 - 2014,8.45
,,2014 - 2015,8.45
,,2015 - 2016,8.45
,,2016 - 2017,8.5
,,2017 - 2018,8.5
,,2018 - 2019,8.54
,,2019 - 2020,8.53
,,2020 - 2021,8.56
,,2021 - 2022,7.21
,,2022 - 2023,9.55
,Phek,2011 - 2012,8.46
,,2012 - 2013,8.53
,,2013 - 2014,8.44
,,2014 - 2015,8.53
,,2015 - 2016,8.53
,,2016 - 2017,8.5
,,2017 - 2018,8.5
,,2018 - 2019,8.5
,,2019 - 2020,8.5
,,2020 - 2021,8.51
,,2021 - 2022,4.43
,,2022 - 2023,9.51
,Shamator,2022 - 2023,9.52
,Tseminyu,2022 - 2023,9.58
,Tuensang,2011 - 2012,8.42
,,2012 - 2013,8.5
,,2013 - 2014,8.56
,,2014 - 2015,8.53
,,2015 - 2016,8.53
,,2016 - 2017,8.57
,,2017 - 2018,8.57
,,2018 - 2019,8.57
,,2019 - 2020,8.56
,,2020 - 2021,8.57
,,2022 - 2023,9.51
,Wokha,2011 - 2012,8.4
,,2012 - 2013,8.55
,,2013 - 2014,8.5
,,2014 - 2015,8.54
,,2015 - 2016,8.46
,,2016 - 2017,8.57
,,2017 - 2018,8.57
,,2018 - 2019,8.47
,,2019 - 2020,8.48
,,2020 - 2021,8.47
,,2022 - 2023,9.54
,Zunheboto,2011 - 2012,8.43
,,2012 - 2013,8.53
,,2013 - 2014,8.5
,,2014 - 2015,8.53
,,2015 - 2016,8.53
,,2016 - 2017,8.5
,,2017 - 2018,8.47
,,2018 - 2019,8.47
,,2019 - 2020,8.48
,,2020 - 2021,8.49
,,2021 - 2022,7.41
,,2022 - 2023,9.56
Odisha,Anugul,2000 - 2001,
,,2001 - 2002,
,,2002 - 2003,
,,2003 - 2004,
,,2004 - 2005,
,,2019 - 2020,9.54
,Balangir,2000 - 2001,
,,2001 - 2002,
,,2002 - 2003,
,,2003 - 2004,
,,2004 - 2005,
,,2019 - 2020,9.95
,Baleshwar,2000 - 2001,
,,2001 - 2002,
,,2002 - 2003,
,,2003 - 2004,
,,2004 - 2005,
,,2019 - 2020,9.0
,Bargarh,2000 - 2001,
,,2001 - 2002,
,,2002 - 2003,
,,2003 - 2004,
,,2004 - 2005,
,,2019 - 2020,9.19
,Bhadrak,2000 - 2001,
,,2001 - 2002,
,,2002 - 2003,
,,2003 - 2004,
,,2004 - 2005,
,,2019 - 2020,9.42
,Boudh,2000 - 2001,
,,2001 - 2002,
,,2002 - 2003,
,,2003 - 2004,
,,2004 - 2005,
,,2019 - 2020,8.43
,Cuttack,2000 - 2001,
,,2001 - 2002,
,,2002 - 2003,
,,2003 - 2004,
,,2004 - 2005,
,,2019 - 2020,8.21
,Deogarh,2000 - 2001,
,,2001 - 2002,
,,2002 - 2003,
,,2003 - 2004,
,,2004 - 2005,
,,2019 - 2020,9.37
,Dhenkanal,2000 - 2001,
,,2001 - 2002,
,,2002 - 2003,
,,2003 - 2004,
,,2004 - 2005,
,,2019 - 2020,9.93
,Gajapati,2000 - 2001,
,,2001 - 2002,
,,2002 - 2003,
,,2003 - 2004,
,,2004 - 2005,
,,2019 - 2020,9.39
,Ganjam,2000 - 2001,
,,2001 - 2002,
,,2002 - 2003,
,,2003 - 2004,
,,2004 - 2005,
,,2019 - 2020,9.69
,Jagatsinghapur,2000 - 2001,
,,2001 - 2002,
,,2002 - 2003,
,,2003 - 2004,
,,2004 - 2005,
,,2019 - 2020,9.07
,Jajapur,2000 - 2001,
,,2001 - 2002,
,,2002 - 2003,
,,2003 - 2004,
,,2004 - 2005,
,,2019 - 2020,7.88
,Jharsuguda,2000 - 2001,
,,2001 - 2002,
,,2002 - 2003,
,,2003 - 2004,
,,2004 - 2005,
,,2019 - 2020,9.24
,Kalahandi,2000 - 2001,
,,2001 - 2002,
,,2002 - 2003,
,,2003 - 2004,
,,2004 - 2005,
,,2019 - 2020,10.68
,Kandhamal,2000 - 2001,
,,2001 - 2002,
,,2002 - 2003,
,,2003 - 2004,
,,2004 - 2005,
,,2019 - 2020,9.36
,Kendrapara,2000 - 2001,
,,2001 - 2002,
,,2002 - 2003,
,,2003 - 2004,
,,2004 - 2005,
,,2019 - 2020,9.84
,Kendujhar,2000 - 2001,
,,2001 - 2002,
,,2002 - 2003,
,,2003 - 2004,
,,2004 - 2005,
,,2019 - 2020,10.25
,Khordha,2000 - 2001,
,,2001 - 2002,
,,2002 - 2003,
,,2003 - 2004,
,,2004 - 2005,
,,2019 - 2020,9.53
,Koraput,2000 - 2001,
,,2001 - 2002,
,,2002 - 2003,
,,2003 - 2004,
,,2004 - 2005,
,,2019 - 2020,9.15
,Malkangiri,2000 - 2001,
,,2001 - 2002,
,,2002 - 2003,
,,2003 - 2004,
,,2004 - 2005,
,,2019 - 2020,9.57
,Mayurbhanj,2000 - 2001,
,,2001 - 2002,
,,2002 - 2003,
,,2003 - 2004,
,,2004 - 2005,
,,2019 - 2020,10.55
,Nabarangpur,2000 - 2001,
,,2001 - 2002,
,,2002 - 2003,
,,2003 - 2004,
,,2004 - 2005,
,,2019 - 2020,10.14
,Nayagarh,2000 - 2001,
,,2001 - 2002,
,,2002 - 2003,
,,2003 - 2004,
,,2004 - 2005,
,,2019 - 2020,10.15
,Nuapada,2000 - 2001,
,,2001 - 2002,
,,2002 - 2003,
,,2003 - 2004,
,,2004 - 2005,
,,2019 - 2020,9.23
,Puri,2000 - 2001,
,,2001 - 2002,
,,2002 - 2003,
,,2003 - 2004,
,,2004 - 2005,
,,2019 - 2020,9.33
,Rayagada,2000 - 2001,
,,2001 - 2002,
,,2002 - 2003,
,,2003 - 2004,
,,2004 - 2005,
,,2019 - 2020,9.95
,Sambalpur,2000 - 2001,
,,2001 - 2002,
,,2002 - 2003,
,,2003 - 2004,
,,2004 - 2005,
,,2019 - 2020,9.6
,Sonepur,2000 - 2001,
,,2001 - 2002,
,,2002 - 2003,
,,2003 - 2004,
,,2004 - 2005,
,,2019 - 2020,9.36
,Sundargarh,2000 - 2001,
,,2001 - 2002,
,,2002 - 2003,
,,2003 - 2004,
,,2004 - 2005,
,,2019 - 2020,10.23
Puducherry,Pondicherry,2007 - 2008,
,,2008 - 2009,
,,2009 - 2010,0.0
,,2010 - 2011,8.0
,,2012 - 2013,12.0
,,2013 - 2014,9.0
,,2014 - 2015,15.0
,,2015 - 2016,14.6
,,2016 - 2017,10.0
,,2017 - 2018,5.0
,,2018 - 2019,8.0
,,2019 - 2020,9.0
,,2020 - 2021,9.0
,,2021 - 2022,9.0
,,2022 - 2023,9.0
Rajasthan,Ajmer,2000 - 2001,
,,2001 - 2002,
,,2002 - 2003,
,,2003 - 2004,
,,2004 - 2005,
,,2005 - 2006,
,,2006 - 2007,
,,2007 - 2008,
,,2008 - 2009,
,,2009 - 2010,
,,2010 - 2011,
,,2011 - 2012,
,,2012 - 2013,
,,2013 - 2014,
,,2014 - 2015,
,,2015 - 2016,
,,2016 - 2017,
,,2017 - 2018,
,,2018 - 2019,
,,2019 - 2020,
,,2020 - 2021,
,,2021 - 2022,
,,2022 - 2023,
,Alwar,2001 - 2002,
,,2002 - 2003,
,,2003 - 2004,
,,2004 - 2005,
,,2005 - 2006,
,,2006 - 2007,
,,2007 - 2008,
,,2008 - 2009,
,,2009 - 2010,
,,2010 - 2011,
,,2011 - 2012,
,,2012 - 2013,
,,2013 - 2014,
,,2014 - 2015,
,,2015 - 2016,
,,2016 - 2017,
,,2018 - 2019,
,,2021 - 2022,
,Banswara,2011 - 2012,
,,2012 - 2013,
,,2013 - 2014,
,,2022 - 2023,
,Baran,2000 - 2001,
,,2001 - 2002,
,,2002 - 2003,
,,2003 - 2004,
,,2004 - 2005,
,,2005 - 2006,
,,2006 - 2007,
,,2007 - 2008,
,,2008 - 2009,
,,2011 - 2012,
,,2012 - 2013,
,,2019 - 2020,
,,2020 - 2021,
,,2021 - 2022,
,Barmer,2000 - 2001,
,,2001 - 2002,
,,2002 - 2003,
,,2003 - 2004,
,,2004 - 2005,
,,2005 - 2006,
,,2006 - 2007,
,,2008 - 2009,
,,2011 - 2012,
,,2012 - 2013,
,,2013 - 2014,
,,2014 - 2015,
,,2015 - 2016,
,,2016 - 2017,
,,2017 - 2018,
,,2018 - 2019,
,,2019 - 2020,
,,2020 - 2021,
,,2021 - 2022,
,,2022 - 2023,
,Bharatpur,2000 - 2001,
,,2001 - 2002,
,,2002 - 2003,
,,2003 - 2004,
,,2004 - 2005,
,,2005 - 2006,
,,2006 - 2007,
,,2007 - 2008,
,,2008 - 2009,
,,2009 - 2010,
,,2010 - 2011,
,,2011 - 2012,
,,2012 - 2013,
,,2013 - 2014,
,,2014 - 2015,
,,2015 - 2016,
,,2016 - 2017,
,,2017 - 2018,
,,2018 - 2019,
,,2019 - 2020,
,,2020 - 2021,
,,2021 - 2022,
,,2022 - 2023,
,Bhilwara,2000 - 2001,
,,2001 - 2002,
,,2002 - 2003,
,,2003 - 2004,
,,2004 - 2005,
,,2005 - 2006,
,,2006 - 2007,
,,2007 - 2008,
,,2008 - 2009,
,,2009 - 2010,
,,2011 - 2012,
,,2012 - 2013,
,,2013 - 2014,
,,2014 - 2015,
,,2015 - 2016,
,,2016 - 2017,
,,2021 - 2022,
,Bikaner,2002 - 2003,
,,2003 - 2004,
,,2004 - 2005,
,,2005 - 2006,
,,2006 - 2007,
,,2021 - 2022,
,,2022 - 2023,
,Bundi,2000 - 2001,
,,2001 - 2002,
,,2002 - 2003,
,,2003 - 2004,
,,2004 - 2005,
,,2005 - 2006,
,,2006 - 2007,
,,2007 - 2008,
,,2008 - 2009,
,,2009 - 2010,
,,2010 - 2011,
,,2011 - 2012,
,,2012 - 2013,
,,2013 - 2014,
,,2014 - 2015,
,,2015 - 2016,
,,2016 - 2017,
,,2017 - 2018,
,,2018 - 2019,
,,2019 - 2020,
,,2020 - 2021,
,,2021 - 2022,
,,2022 - 2023,
,Chittorgarh,2000 - 2001,
,,2001 - 2002,
,,2002 - 2003,
,,2003 - 2004,
,,2004 - 2005,
,,2005 - 2006,
,,2006 - 2007,
,,2007 - 2008,
,,2008 - 2009,
,,2010 - 2011,
,,2011 - 2012,
,,2012 - 2013,
,,2013 - 2014,
,,2014 - 2015,
,,2015 - 2016,
,,2016 - 2017,
,,2017 - 2018,
,,2018 - 2019,
,,2019 - 2020,
,,2020 - 2021,
,,2021 - 2022,
,,2022 - 2023,
,Churu,2001 - 2002,
,,2002 - 2003,
,,2004 - 2005,
,,2008 - 2009,
,,2015 - 2016,
,,2016 - 2017,
,,2017 - 2018,
,,2021 - 2022,
,Dausa,2000 - 2001,
,,2001 - 2002,
,,2002 - 2003,
,,2003 - 2004,
,,2004 - 2005,
,,2005 - 2006,
,,2006 - 2007,
,,2007 - 2008,
,,2010 - 2011,
,,2013 - 2014,
,Dholpur,2000 - 2001,
,,2001 - 2002,
,,2002 - 2003,
,,2003 - 2004,
,,2004 - 2005,
,,2005 - 2006,
,,2006 - 2007,
,,2007 - 2008,
,,2008 - 2009,
,,2009 - 2010,
,,2010 - 2011,
,,2011 - 2012,
,,2012 - 2013,
,,2013 - 2014,
,,2014 - 2015,
,,2015 - 2016,
,,2016 - 2017,
,,2017 - 2018,
,,2018 - 2019,
,,2019 - 2020,
,,2020 - 2021,
,Dungarpur,2006 - 2007,
,Ganganagar,2003 - 2004,
,,2004 - 2005,
,,2017 - 2018,
,,2020 - 2021,
,Hanumangarh,2000 - 2001,
,,2001 - 2002,
,Jaipur,2000 - 2001,
,,2001 - 2002,
,,2002 - 2003,
,,2004 - 2005,
,,2005 - 2006,
,,2006 - 2007,
,,2007 - 2008,
,,2008 - 2009,
,,2009 - 2010,
,,2012 - 2013,
,,2013 - 2014,
,,2014 - 2015,
,,2015 - 2016,
,,2016 - 2017,
,,2017 - 2018,
,,2018 - 2019,
,,2019 - 2020,
,,2020 - 2021,
,,2021 - 2022,
,,2022 - 2023,
,Jalore,2000 - 2001,
,,2001 - 2002,
,,2002 - 2003,
,,2003 - 2004,
,,2004 - 2005,
,,2005 - 2006,
,,2006 - 2007,
,,2007 - 2008,
,,2008 - 2009,
,,2009 - 2010,
,,2010 - 2011,
,,2011 - 2012,
,,2012 - 2013,
,,2013 - 2014,
,,2014 - 2015,
,,2015 - 2016,
,,2016 - 2017,
,,2017 - 2018,
,,2018 - 2019,
,,2019 - 2020,
,,2020 - 2021,
,,2021 - 2022,
,,2022 - 2023,
,Jhalawar,2000 - 2001,
,,2001 - 2002,
,,2002 - 2003,
,,2003 - 2004,
,,2004 - 2005,
,,2005 - 2006,
,,2006 - 2007,
,,2007 - 2008,
,,2008 - 2009,
,,2009 - 2010,
,,2010 - 2011,
,,2011 - 2012,
,,2012 - 2013,
,,2013 - 2014,
,,2014 - 2015,
,,2015 - 2016,
,,2016 - 2017,
,,2017 - 2018,
,,2018 - 2019,
,,2019 - 2020,
,,2020 - 2021,
,,2021 - 2022,
,,2022 - 2023,
,Jhunjhunu,2000 - 2001,
,,2001 - 2002,
,,2002 - 2003,
,,2004 - 2005,
,,2005 - 2006,
,,2006 - 2007,
,,2007 - 2008,
,,2008 - 2009,
,,2009 - 2010,
,,2010 - 2011,
,,2011 - 2012,
,,2012 - 2013,
,,2013 - 2014,
,,2014 - 2015,
,,2015 - 2016,
,,2016 - 2017,
,,2018 - 2019,
,,2020 - 2021,
,,2021 - 2022,
,,2022 - 2023,
,Jodhpur,2000 - 2001,
,,2001 - 2002,
,,2002 - 2003,
,,2003 - 2004,
,,2004 - 2005,
,,2005 - 2006,
,,2007 - 2008,
,,2008 - 2009,
,,2009 - 2010,
,,2010 - 2011,
,,2011 - 2012,
,,2012 - 2013,
,,2013 - 2014,
,,2014 - 2015,
,,2015 - 2016,
,,2016 - 2017,
,,2017 - 2018,
,,2018 - 2019,
,,2019 - 2020,
,,2020 - 2021,
,,2021 - 2022,
,,2022 - 2023,
,Karauli,2000 - 2001,
,,2001 - 2002,
,,2002 - 2003,
,,2003 - 2004,
,,2004 - 2005,
,,2005 - 2006,
,,2006 - 2007,
,,2007 - 2008,
,,2008 - 2009,
,,2009 - 2010,
,,2010 - 2011,
,,2011 - 2012,
,,2012 - 2013,
,,2013 - 2014,
,,2014 - 2015,
,,2015 - 2016,
,,2016 - 2017,
,,2017 - 2018,
,,2018 - 2019,
,,2019 - 2020,
,,2020 - 2021,
,,2021 - 2022,
,,2022 - 2023,
,Kota,2000 - 2001,
,,2001 - 2002,
,Nagaur,2000 - 2001,
,,2001 - 2002,
,,2002 - 2003,
,,2003 - 2004,
,,2004 - 2005,
,,2005 - 2006,
,,2006 - 2007,
,,2007 - 2008,
,,2008 - 2009,
,,2009 - 2010,
,,2010 - 2011,
,,2011 - 2012,
,,2012 - 2013,
,,2013 - 2014,
,,2014 - 2015,
,,2015 - 2016,
,,2016 - 2017,
,,2017 - 2018,
,,2018 - 2019,
,,2019 - 2020,
,,2020 - 2021,
,,2021 - 2022,
,,2022 - 2023,
,Pali,2000 - 2001,
,,2001 - 2002,
,,2002 - 2003,
,,2003 - 2004,
,,2004 - 2005,
,,2005 - 2006,
,,2006 - 2007,
,,2007 - 2008,
,,2008 - 2009,
,,2009 - 2010,
,,2010 - 2011,
,,2011 - 2012,
,,2012 - 2013,
,,2014 - 2015,
,,2015 - 2016,
,,2016 - 2017,
,,2017 - 2018,
,,2018 - 2019,
,,2019 - 2020,
,,2020 - 2021,
,Pratapgarh,2013 - 2014,
,,2014 - 2015,
,Rajsamand,2006 - 2007,
,,2007 - 2008,
,,2008 - 2009,
,,2017 - 2018,
,Sawai madhopur,2000 - 2001,
,,2001 - 2002,
,,2002 - 2003,
,,2003 - 2004,
,,2004 - 2005,
,,2005 - 2006,
,,2006 - 2007,
,,2007 - 2008,
,,2008 - 2009,
,,2009 - 2010,
,,2010 - 2011,
,,2011 - 2012,
,,2013 - 2014,
,,2014 - 2015,
,,2015 - 2016,
,,2016 - 2017,
,,2017 - 2018,
,,2018 - 2019,
,,2019 - 2020,
,,2020 - 2021,
,,2021 - 2022,
,Sikar,2000 - 2001,
,,2001 - 2002,
,,2002 - 2003,
,,2003 - 2004,
,,2004 - 2005,
,,2005 - 2006,
,,2006 - 2007,
,,2007 - 2008,
,,2008 - 2009,
,,2009 - 2010,
,,2010 - 2011,
,,2011 - 2012,
,,2012 - 2013,
,,2013 - 2014,
,,2014 - 2015,
,,2015 - 2016,
,,2016 - 2017,
,,2017 - 2018,
,,2018 - 2019,
,,2019 - 2020,
,,2020 - 2021,
,,2021 - 2022,
,,2022 - 2023,
,Sirohi,2000 - 2001,
,,2001 - 2002,
,,2002 - 2003,
,,2003 - 2004,
,,2004 - 2005,
,,2005 - 2006,
,,2006 - 2007,
,,2007 - 2008,
,,2008 - 2009,
,,2011 - 2012,
,,2012 - 2013,
,,2015 - 2016,
,,2018 - 2019,
,,2019 - 2020,
,,2020 - 2021,
,,2021 - 2022,
,,2022 - 2023,
,Tonk,2002 - 2003,
,,2003 - 2004,
,,2004 - 2005,
,,2005 - 2006,
,,2006 - 2007,
,,2007 - 2008,
,,2008 - 2009,
,,2009 - 2010,
,,2010 - 2011,
,,2011 - 2012,
,,2012 - 2013,
,,2013 - 2014,
,,2016 - 2017,
,,2017 - 2018,
,,2018 - 2019,
,,2019 - 2020,
,,2021 - 2022,
,Udaipur,2000 - 2001,
,,2001 - 2002,
,,2003 - 2004,
,,2004 - 2005,
,,2005 - 2006,
,,2006 - 2007,
,,2008 - 2009,
Tamil Nadu,Ariyalur,2008 - 2009,
,,2009 - 2010,
,,2014 - 2015,
,,2018 - 2019,
,,2020 - 2021,
,,2022 - 2023,
,Chengalpattu,2020 - 2021,
,Coimbatore,2003 - 2004,
,,2004 - 2005,
,,2006 - 2007,
,,2008 - 2009,
,,2009 - 2010,
,,2013 - 2014,
,,2018 - 2019,
,,2019 - 2020,
,,2020 - 2021,
,,2022 - 2023,
,Cuddalore,2002 - 2003,
,,2003 - 2004,
,,2004 - 2005,
,,2005 - 2006,
,,2006 - 2007,
,,2007 - 2008,
,,2008 - 2009,
,,2009 - 2010,
,,2011 - 2012,
,,2013 - 2014,
,,2014 - 2015,
,,2015 - 2016,
,,2016 - 2017,
,,2017 - 2018,
,,2018 - 2019,
,,2019 - 2020,
,,2020 - 2021,
,,2021 - 2022,
,,2022 - 2023,
,Dharmapuri,2000 - 2001,
,,2002 - 2003,
,,2003 - 2004,
,,2004 - 2005,
,,2005 - 2006,
,,2006 - 2007,
,,2007 - 2008,
,,2008 - 2009,
,,2009 - 2010,
,,2011 - 2012,
,,2013 - 2014,
,,2014 - 2015,
,,2015 - 2016,
,,2016 - 2017,
,,2017 - 2018,
,,2018 - 2019,
,,2019 - 2020,
,,2020 - 2021,
,,2021 - 2022,
,,2022 - 2023,
,Dindigul,2000 - 2001,
,,2002 - 2003,
,,2003 - 2004,
,,2004 - 2005,
,,2005 - 2006,
,,2006 - 2007,
,,2007 - 2008,
,,2008 - 2009,
,,2009 - 2010,
,,2011 - 2012,
,,2013 - 2014,
,,2014 - 2015,
,,2015 - 2016,
,,2016 - 2017,
,,2017 - 2018,
,,2018 - 2019,
,,2019 - 2020,
,,2020 - 2021,
,,2021 - 2022,
,,2022 - 2023,
,Erode,2002 - 2003,
,,2003 - 2004,
,,2004 - 2005,
,,2005 - 2006,
,,2006 - 2007,
,,2007 - 2008,
,,2008 - 2009,
,,2009 - 2010,
,,2014 - 2015,
,,2018 - 2019,
,,2019 - 2020,
,,2020 - 2021,
,,2021 - 2022,
,,2022 - 2023,
,Kallakurichi,2020 - 2021,
,,2021 - 2022,
,,2022 - 2023,
,Kanchipuram,2000 - 2001,
,,2002 - 2003,
,,2003 - 2004,
,,2004 - 2005,
,,2005 - 2006,
,,2006 - 2007,
,,2007 - 2008,
,,2008 - 2009,
,,2011 - 2012,
,,2013 - 2014,
,,2014 - 2015,
,,2015 - 2016,
,,2016 - 2017,
,,2017 - 2018,
,,2018 - 2019,
,Kanniyakumari,2008 - 2009,
,Karur,2000 - 2001,
,,2002 - 2003,
,,2003 - 2004,
,,2004 - 2005,
,,2005 - 2006,
,,2006 - 2007,
,,2007 - 2008,
,,2008 - 2009,
,,2009 - 2010,
,,2011 - 2012,
,,2013 - 2014,
,,2014 - 2015,
,,2015 - 2016,
,,2016 - 2017,
,,2017 - 2018,
,,2018 - 2019,
,,2019 - 2020,
,,2020 - 2021,
,,2021 - 2022,
,,2022 - 2023,
,Krishnagiri,2003 - 2004,
,,2004 - 2005,
,,2005 - 2006,
,,2006 - 2007,
,,2007 - 2008,
,,2008 - 2009,
,,2009 - 2010,
,,2011 - 2012,
,,2016 - 2017,
,,2017 - 2018,
,,2022 - 2023,
,Madurai,2000 - 2001,
,,2002 - 2003,
,,2003 - 2004,
,,2004 - 2005,
,,2005 - 2006,
,,2006 - 2007,
,,2007 - 2008,
,,2008 - 2009,
,,2009 - 2010,
,,2011 - 2012,
,,2013 - 2014,
,,2014 - 2015,
,,2015 - 2016,
,,2016 - 2017,
,,2017 - 2018,
,,2018 - 2019,
,,2019 - 2020,
,,2020 - 2021,
,,2021 - 2022,
,,2022 - 2023,
,Nagapattinam,2002 - 2003,
,,2006 - 2007,
,,2009 - 2010,
,Namakkal,2000 - 2001,
,,2002 - 2003,
,,2004 - 2005,
,,2005 - 2006,
,,2006 - 2007,
,,2007 - 2008,
,,2008 - 2009,
,,2011 - 2012,
,,2013 - 2014,
,,2014 - 2015,
,,2015 - 2016,
,,2017 - 2018,
,,2018 - 2019,
,,2019 - 2020,
,,2020 - 2021,
,,2021 - 2022,
,,2022 - 2023,
,Perambalur,2000 - 2001,
,,2002 - 2003,
,,2003 - 2004,
,,2004 - 2005,
,,2005 - 2006,
,,2006 - 2007,
,,2007 - 2008,
,,2008 - 2009,
,,2009 - 2010,
,,2011 - 2012,
,,2013 - 2014,
,,2015 - 2016,
,,2016 - 2017,
,,2018 - 2019,
,,2019 - 2020,
,,2022 - 2023,
,Pudukkottai,2002 - 2003,
,,2003 - 2004,
,,2005 - 2006,
,,2006 - 2007,
,,2007 - 2008,
,,2009 - 2010,
,,2011 - 2012,
,,2013 - 2014,
,,2014 - 2015,
,,2015 - 2016,
,,2017 - 2018,
,,2019 - 2020,
,,2020 - 2021,
,,2021 - 2022,
,,2022 - 2023,
,Ranipet,2020 - 2021,
,,2021 - 2022,
,,2022 - 2023,
,Salem,2000 - 2001,
,,2002 - 2003,
,,2003 - 2004,
,,2004 - 2005,
,,2005 - 2006,
,,2006 - 2007,
,,2007 - 2008,
,,2008 - 2009,
,,2009 - 2010,
,,2011 - 2012,
,,2013 - 2014,
,,2014 - 2015,
,,2016 - 2017,
,,2017 - 2018,
,,2018 - 2019,
,,2019 - 2020,
,,2020 - 2021,
,,2021 - 2022,
,,2022 - 2023,
,Sivaganga,2002 - 2003,
,,2003 - 2004,
,,2004 - 2005,
,,2005 - 2006,
,,2006 - 2007,
,,2009 - 2010,
,,2011 - 2012,
,,2013 - 2014,
,,2014 - 2015,
,,2015 - 2016,
,,2016 - 2017,
,,2017 - 2018,
,,2019 - 2020,
,,2020 - 2021,
,,2022 - 2023,
,Thanjavur,2000 - 2001,
,,2002 - 2003,
,,2003 - 2004,
,,2004 - 2005,
,,2005 - 2006,
,,2006 - 2007,
,,2008 - 2009,
,,2011 - 2012,
,,2018 - 2019,
,The nilgiris,2000 - 2001,
,,2002 - 2003,
,,2003 - 2004,
,,2004 - 2005,
,,2005 - 2006,
,,2006 - 2007,
,,2009 - 2010,
,Theni,2002 - 2003,
,,2004 - 2005,
,,2005 - 2006,
,,2006 - 2007,
,,2009 - 2010,
,,2015 - 2016,
,,2016 - 2017,
,,2020 - 2021,
,,2022 - 2023,
,Thenkasi,2020 - 2021,
,Thiruvallur,2000 - 2001,
,,2002 - 2003,
,,2003 - 2004,
,,2004 - 2005,
,,2005 - 2006,
,,2006 - 2007,
,,2007 - 2008,
,,2008 - 2009,
,,2009 - 2010,
,,2011 - 2012,
,,2013 - 2014,
,,2014 - 2015,
,,2015 - 2016,
,,2016 - 2017,
,,2017 - 2018,
,,2018 - 2019,
,,2019 - 2020,
,,2020 - 2021,
,,2021 - 2022,
,,2022 - 2023,
,Thiruvarur,2002 - 2003,
,,2003 - 2004,
,,2004 - 2005,
,,2005 - 2006,
,,2006 - 2007,
,,2018 - 2019,
,,2019 - 2020,
,,2020 - 2021,
,,2021 - 2022,
,,2022 - 2023,
,Thoothukudi,2000 - 2001,
,,2002 - 2003,
,,2003 - 2004,
,,2004 - 2005,
,,2005 - 2006,
,,2006 - 2007,
,,2007 - 2008,
,,2008 - 2009,
,,2009 - 2010,
,,2011 - 2012,
,,2013 - 2014,
,,2014 - 2015,
,,2015 - 2016,
,,2016 - 2017,
,,2017 - 2018,
,,2018 - 2019,
,,2019 - 2020,
,,2020 - 2021,
,,2021 - 2022,
,,2022 - 2023,
,Tiruchirappalli,2000 - 2001,
,,2002 - 2003,
,,2003 - 2004,
,,2004 - 2005,
,,2005 - 2006,
,,2006 - 2007,
,,2007 - 2008,
,,2008 - 2009,
,,2009 - 2010,
,,2011 - 2012,
,,2013 - 2014,
,,2014 - 2015,
,,2015 - 2016,
,,2016 - 2017,
,,2017 - 2018,
,,2018 - 2019,
,,2019 - 2020,
,,2020 - 2021,
,,2021 - 2022,
,,2022 - 2023,
,Tirunelveli,2000 - 2001,
,,2002 - 2003,
,,2003 - 2004,
,,2004 - 2005,
,,2005 - 2006,
,,2006 - 2007,
,,2007 - 2008,
,,2008 - 2009,
,,2009 - 2010,
,,2011 - 2012,
,,2013 - 2014,
,,2014 - 2015,
,,2015 - 2016,
,,2016 - 2017,
,,2017 - 2018,
,,2018 - 2019,
,,2019 - 2020,
,,2020 - 2021,
,,2021 - 2022,
,,2022 - 2023,
,Tirupathur,2020 - 2021,
,,2021 - 2022,
,,2022 - 2023,
,Tiruppur,2009 - 2010,
,Tiruvannamalai,2000 - 2001,
,,2002 - 2003,
,,2003 - 2004,
,,2004 - 2005,
,,2005 - 2006,
,,2006 - 2007,
,,2007 - 2008,
,,2008 - 2009,
,,2009 - 2010,
,,2011 - 2012,
,,2013 - 2014,
,,2014 - 2015,
,,2015 - 2016,
,,2016 - 2017,
,,2017 - 2018,
,,2018 - 2019,
,,2019 - 2020,
,,2020 - 2021,
,,2021 - 2022,
,,2022 - 2023,
,Vellore,2002 - 2003,
,,2003 - 2004,
,,2004 - 2005,
,,2005 - 2006,
,,2006 - 2007,
,,2007 - 2008,
,,2008 - 2009,
,,2009 - 2010,
,,2011 - 2012,
,,2013 - 2014,
,,2015 - 2016,
,,2016 - 2017,
,,2019 - 2020,
,,2021 - 2022,
,,2022 - 2023,
,Villupuram,2000 - 2001,
,,2002 - 2003,
,,2003 - 2004,
,,2004 - 2005,
,,2005 - 2006,
,,2006 - 2007,
,,2007 - 2008,
,,2008 - 2009,
,,2009 - 2010,
,,2011 - 2012,
,,2013 - 2014,
,,2014 - 2015,
,,2015 - 2016,
,,2016 - 2017,
,,2017 - 2018,
,,2018 - 2019,
,,2019 - 2020,
,,2020 - 2021,
,,2021 - 2022,
,,2022 - 2023,
,Virudhunagar,2000 - 2001,
,,2002 - 2003,
,,2003 - 2004,
,,2004 - 2005,
,,2005 - 2006,
,,2006 - 2007,
,,2007 - 2008,
,,2008 - 2009,
,,2009 - 2010,
,,2011 - 2012,
,,2013 - 2014,
,,2014 - 2015,
,,2015 - 2016,
,,2016 - 2017,
,,2017 - 2018,
,,2018 - 2019,
,,2019 - 2020,
,,2020 - 2021,
,,2021 - 2022,
,,2022 - 2023,
Telangana,Adilabad,2000 - 2001,
,,2001 - 2002,
,,2002 - 2003,
,,2003 - 2004,
,,2004 - 2005,
,,2005 - 2006,
,,2006 - 2007,
,,2014 - 2015,
,,2015 - 2016,
,Bhadradri,2021 - 2022,
,,2022 - 2023,
,Jagitial,2021 - 2022,12.0
,Jangoan,2016 - 2017,
,,2017 - 2018,
,,2018 - 2019,
,,2019 - 2020,
,,2020 - 2021,9.0
,,2021 - 2022,12.0
,,2022 - 2023,
,Kamareddy,2021 - 2022,
,,2022 - 2023,
,Karimnagar,2000 - 2001,
,,2001 - 2002,
,,2002 - 2003,
,,2004 - 2005,
,,2005 - 2006,
,,2006 - 2007,
,,2014 - 2015,8.0
,,2018 - 2019,
,,2019 - 2020,
,,2020 - 2021,9.0
,,2021 - 2022,11.67
,,2022 - 2023,7.33
,Khammam,2000 - 2001,
,,2001 - 2002,
,,2002 - 2003,
,,2003 - 2004,
,,2004 - 2005,
,,2005 - 2006,
,,2006 - 2007,
,,2008 - 2009,
,,2009 - 2010,
,,2011 - 2012,
,,2014 - 2015,
,,2015 - 2016,
,,2022 - 2023,7.5
,Komaram bheem asifabad,2019 - 2020,16.0
,,2021 - 2022,
,,2022 - 2023,
,Mahabubabad,2016 - 2017,
,,2020 - 2021,
,,2021 - 2022,11.5
,,2022 - 2023,7.33
,Mahbubnagar,2000 - 2001,
,,2004 - 2005,
,,2005 - 2006,
,,2021 - 2022,
,,2022 - 2023,7.0
,Mancherial,2016 - 2017,
,,2017 - 2018,
,,2018 - 2019,
,,2019 - 2020,
,,2020 - 2021,
,,2021 - 2022,
,,2022 - 2023,
,Medak,2021 - 2022,
,,2022 - 2023,
,Medchal,2020 - 2021,9.0
,Nagarkurnool,2019 - 2020,
,,2020 - 2021,
,,2021 - 2022,12.0
,Nalgonda,2021 - 2022,
,Nizamabad,2020 - 2021,
,,2021 - 2022,
,Rangareddi,2000 - 2001,
,,2001 - 2002,
,,2002 - 2003,
,,2003 - 2004,
,,2004 - 2005,
,,2005 - 2006,
,,2006 - 2007,
,,2008 - 2009,
,,2009 - 2010,
,,2010 - 2011,
,,2011 - 2012,
,,2013 - 2014,
,,2014 - 2015,7.8
,,2015 - 2016,
,,2016 - 2017,
,,2017 - 2018,
,,2018 - 2019,6.33
,,2019 - 2020,
,,2020 - 2021,8.86
,,2021 - 2022,10.21
,,2022 - 2023,11.17
,Sangareddy,2017 - 2018,
,,2019 - 2020,
,Suryapet,2016 - 2017,
,,2017 - 2018,
,,2018 - 2019,
,,2019 - 2020,15.63
,,2020 - 2021,
,,2021 - 2022,11.67
,,2022 - 2023,9.0
,Vikarabad,2020 - 2021,
,,2021 - 2022,13.0
,,2022 - 2023,7.33
,Warangal,2003 - 2004,
,,2004 - 2005,
,,2005 - 2006,
,,2006 - 2007,
,,2008 - 2009,
,,2009 - 2010,
,,2010 - 2011,
,,2011 - 2012,
,,2013 - 2014,
,,2014 - 2015,
,,2015 - 2016,
,,2017 - 2018,
,,2018 - 2019,
,Yadadri,2019 - 2020,15.67
,,2020 - 2021,8.86
,,2021 - 2022,
Uttar Pradesh,Agra,2004 - 2005,
,,2005 - 2006,
,,2006 - 2007,13.66
,,2007 - 2008,13.46
,,2008 - 2009,12.29
,,2009 - 2010,13.6
,,2010 - 2011,12.31
,,2011 - 2012,12.99
,,2012 - 2013,12.95
,,2013 - 2014,13.22
,,2014 - 2015,12.39
,,2015 - 2016,12.06
,,2016 - 2017,11.17
,,2017 - 2018,11.16
,,2018 - 2019,11.49
,,2019 - 2020,11.75
,,2020 - 2021,12.49
,,2021 - 2022,11.55
,,2022 - 2023,11.58
,Aligarh,2004 - 2005,
,,2005 - 2006,
,,2006 - 2007,13.65
,,2007 - 2008,13.46
,,2008 - 2009,12.28
,,2009 - 2010,13.6
,,2010 - 2011,12.32
,,2011 - 2012,12.99
,,2012 - 2013,12.95
,,2013 - 2014,13.22
,,2014 - 2015,12.38
,,2015 - 2016,12.06
,,2016 - 2017,11.17
,,2017 - 2018,11.16
,,2018 - 2019,11.49
,,2019 - 2020,11.75
,,2020 - 2021,12.49
,,2021 - 2022,11.55
,,2022 - 2023,11.58
,Allahabad,2004 - 2005,
,,2005 - 2006,
,,2006 - 2007,13.63
,,2007 - 2008,13.46
,,2008 - 2009,12.28
,,2009 - 2010,13.6
,,2010 - 2011,12.31
,,2011 - 2012,12.98
,,2012 - 2013,12.94
,,2013 - 2014,13.21
,,2014 - 2015,12.39
,,2015 - 2016,12.06
,,2016 - 2017,11.16
,,2017 - 2018,11.16
,,2018 - 2019,11.48
,,2019 - 2020,11.74
,,2020 - 2021,12.48
,,2021 - 2022,11.56
,,2022 - 2023,11.57
,Ambedkar nagar,2004 - 2005,
,,2005 - 2006,
,,2006 - 2007,13.65
,,2007 - 2008,13.5
,,2008 - 2009,12.2
,,2009 - 2010,13.6
,,2010 - 2011,12.31
,,2011 - 2012,13.0
,,2012 - 2013,13.0
,,2013 - 2014,13.0
,,2014 - 2015,12.33
,,2015 - 2016,12.08
,,2016 - 2017,11.18
,,2017 - 2018,11.17
,,2018 - 2019,11.45
,,2019 - 2020,11.79
,,2020 - 2021,12.47
,,2021 - 2022,11.56
,,2022 - 2023,11.56
,Amethi,2012 - 2013,12.95
,,2013 - 2014,13.21
,,2014 - 2015,12.39
,,2015 - 2016,12.05
,,2016 - 2017,11.17
,,2017 - 2018,11.17
,,2018 - 2019,11.49
,,2019 - 2020,11.74
,,2020 - 2021,12.49
,,2021 - 2022,11.55
,,2022 - 2023,11.58
,Amroha,2004 - 2005,
,,2005 - 2006,
,,2006 - 2007,13.65
,,2007 - 2008,13.47
,,2008 - 2009,12.28
,,2009 - 2010,13.6
,,2010 - 2011,12.32
,,2011 - 2012,13.0
,,2012 - 2013,12.95
,,2013 - 2014,13.22
,,2014 - 2015,12.39
,,2015 - 2016,12.06
,,2016 - 2017,11.17
,,2017 - 2018,11.17
,,2018 - 2019,12.47
,,2019 - 2020,11.74
,,2020 - 2021,12.48
,,2021 - 2022,11.55
,,2022 - 2023,11.58
,Auraiya,2004 - 2005,
,,2005 - 2006,
,,2006 - 2007,13.65
,,2007 - 2008,13.45
,,2008 - 2009,12.27
,,2009 - 2010,13.6
,,2010 - 2011,12.32
,,2011 - 2012,13.0
,,2012 - 2013,12.95
,,2013 - 2014,13.22
,,2014 - 2015,12.38
,,2015 - 2016,12.0
,,2016 - 2017,11.17
,,2017 - 2018,11.17
,,2018 - 2019,11.49
,,2019 - 2020,11.74
,,2020 - 2021,12.49
,,2021 - 2022,11.56
,,2022 - 2023,11.58
,Azamgarh,2004 - 2005,
,,2005 - 2006,
,,2006 - 2007,13.66
,,2007 - 2008,13.5
,,2008 - 2009,12.28
,,2009 - 2010,13.62
,,2011 - 2012,13.0
,,2012 - 2013,13.0
,,2013 - 2014,13.5
,,2014 - 2015,12.33
,,2016 - 2017,11.14
,,2017 - 2018,11.0
,,2018 - 2019,11.33
,,2019 - 2020,11.67
,,2020 - 2021,12.4
,,2021 - 2022,11.5
,,2022 - 2023,11.5
,Baghpat,2004 - 2005,
,,2005 - 2006,
,,2006 - 2007,13.67
,,2007 - 2008,13.5
,,2008 - 2009,12.22
,,2009 - 2010,13.63
,,2011 - 2012,13.0
,,2012 - 2013,13.0
,,2013 - 2014,13.2
,,2016 - 2017,11.33
,Bahraich,2004 - 2005,
,,2005 - 2006,
,,2006 - 2007,13.65
,,2007 - 2008,13.46
,,2008 - 2009,12.28
,,2009 - 2010,13.59
,,2010 - 2011,12.32
,,2011 - 2012,13.0
,,2012 - 2013,12.94
,,2013 - 2014,13.21
,,2014 - 2015,12.39
,,2015 - 2016,12.05
,,2016 - 2017,11.16
,,2017 - 2018,11.17
,,2018 - 2019,11.49
,,2019 - 2020,11.74
,,2020 - 2021,12.49
,,2021 - 2022,11.54
,,2022 - 2023,11.58
,Ballia,2004 - 2005,
,,2005 - 2006,
,,2006 - 2007,13.5
,,2007 - 2008,13.47
,,2008 - 2009,12.2
,,2009 - 2010,13.61
,,2010 - 2011,12.29
,,2011 - 2012,13.0
,,2012 - 2013,12.93
,,2016 - 2017,11.2
,,2017 - 2018,11.13
,,2018 - 2019,11.33
,,2019 - 2020,11.67
,,2020 - 2021,12.5
,,2021 - 2022,11.5
,,2022 - 2023,11.57
,Balrampur,2004 - 2005,
,,2005 - 2006,
,,2006 - 2007,13.5
,,2007 - 2008,13.47
,,2008 - 2009,12.28
,,2009 - 2010,13.62
,,2011 - 2012,13.0
,,2016 - 2017,11.0
,Banda,2004 - 2005,
,,2005 - 2006,
,,2006 - 2007,13.67
,,2007 - 2008,13.47
,,2008 - 2009,12.28
,,2009 - 2010,13.59
,,2010 - 2011,12.33
,,2011 - 2012,13.0
,,2012 - 2013,12.95
,,2014 - 2015,12.4
,,2015 - 2016,12.05
,,2016 - 2017,11.18
,,2017 - 2018,11.16
,,2018 - 2019,11.5
,,2019 - 2020,11.72
,,2020 - 2021,12.5
,,2021 - 2022,11.55
,,2022 - 2023,11.57
,Barabanki,2004 - 2005,
,,2005 - 2006,
,,2006 - 2007,13.65
,,2007 - 2008,13.46
,,2008 - 2009,12.28
,,2009 - 2010,13.6
,,2010 - 2011,12.32
,,2011 - 2012,13.0
,,2012 - 2013,12.95
,,2013 - 2014,13.22
,,2014 - 2015,12.39
,,2015 - 2016,12.05
,,2016 - 2017,11.16
,,2017 - 2018,11.17
,,2018 - 2019,11.49
,,2019 - 2020,11.74
,,2020 - 2021,12.49
,,2021 - 2022,11.55
,,2022 - 2023,11.58
,Bareilly,2004 - 2005,
,,2005 - 2006,
,,2006 - 2007,13.65
,,2007 - 2008,13.46
,,2008 - 2009,12.28
,,2009 - 2010,13.6
,,2010 - 2011,12.32
,,2011 - 2012,12.99
,,2012 - 2013,12.95
,,2013 - 2014,13.21
,,2014 - 2015,12.39
,,2015 - 2016,12.05
,,2016 - 2017,11.17
,,2017 - 2018,11.16
,,2018 - 2019,11.48
,,2019 - 2020,11.74
,,2020 - 2021,12.49
,,2021 - 2022,11.54
,,2022 - 2023,11.58
,Basti,2004 - 2005,
,,2005 - 2006,
,,2006 - 2007,13.67
,,2007 - 2008,13.5
,,2008 - 2009,12.33
,,2009 - 2010,13.61
,,2010 - 2011,12.29
,,2011 - 2012,13.0
,,2012 - 2013,13.0
,,2013 - 2014,13.17
,,2014 - 2015,12.36
,,2016 - 2017,11.13
,,2017 - 2018,11.17
,,2018 - 2019,11.5
,,2019 - 2020,11.83
,,2020 - 2021,12.5
,,2021 - 2022,11.5
,,2022 - 2023,11.5
,Bijnor,2004 - 2005,
,,2005 - 2006,
,,2006 - 2007,13.64
,,2007 - 2008,13.5
,,2008 - 2009,12.27
,,2009 - 2010,14.0
,,2010 - 2011,12.33
,,2012 - 2013,13.0
,,2014 - 2015,12.42
,,2015 - 2016,12.0
,,2016 - 2017,11.33
,,2017 - 2018,11.25
,,2018 - 2019,11.33
,,2019 - 2020,12.0
,,2020 - 2021,12.5
,,2021 - 2022,11.67
,,2022 - 2023,11.5
,Budaun,2004 - 2005,
,,2005 - 2006,
,,2006 - 2007,13.65
,,2007 - 2008,13.46
,,2008 - 2009,12.28
,,2009 - 2010,13.6
,,2010 - 2011,12.31
,,2011 - 2012,12.99
,,2012 - 2013,12.95
,,2013 - 2014,13.21
,,2014 - 2015,12.39
,,2015 - 2016,12.05
,,2016 - 2017,11.17
,,2017 - 2018,11.17
,,2018 - 2019,11.49
,,2019 - 2020,11.74
,,2020 - 2021,12.49
,,2021 - 2022,11.55
,,2022 - 2023,11.58
,Bulandshahr,2004 - 2005,
,,2005 - 2006,
,,2006 - 2007,13.65
,,2007 - 2008,13.46
,,2008 - 2009,12.28
,,2009 - 2010,13.6
,,2010 - 2011,12.32
,,2011 - 2012,12.99
,,2012 - 2013,12.95
,,2013 - 2014,13.22
,,2014 - 2015,12.39
,,2015 - 2016,12.05
,,2016 - 2017,11.16
,,2017 - 2018,11.17
,,2018 - 2019,11.48
,,2019 - 2020,11.75
,,2020 - 2021,12.49
,,2021 - 2022,11.55
,,2022 - 2023,11.57
,Chandauli,2004 - 2005,
,,2005 - 2006,
,,2006 - 2007,13.67
,,2007 - 2008,13.5
,,2008 - 2009,12.25
,,2009 - 2010,13.6
,,2010 - 2011,12.25
,,2011 - 2012,13.0
,,2013 - 2014,13.0
,,2015 - 2016,12.0
,,2016 - 2017,11.0
,,2017 - 2018,11.0
,,2018 - 2019,11.5
,,2019 - 2020,11.5
,,2020 - 2021,12.5
,,2022 - 2023,11.5
,Chitrakoot,2004 - 2005,
,,2005 - 2006,
,,2006 - 2007,13.65
,,2007 - 2008,13.45
,,2008 - 2009,12.29
,,2009 - 2010,13.6
,,2010 - 2011,12.32
,,2011 - 2012,12.96
,,2012 - 2013,12.94
,,2013 - 2014,13.25
,,2014 - 2015,12.37
,,2015 - 2016,12.06
,,2016 - 2017,11.15
,,2017 - 2018,11.17
,,2018 - 2019,11.5
,,2019 - 2020,11.75
,,2020 - 2021,12.5
,,2021 - 2022,11.56
,,2022 - 2023,11.59
,Deoria,2004 - 2005,
,,2005 - 2006,
,,2006 - 2007,13.64
,,2007 - 2008,13.47
,,2008 - 2009,12.27
,,2009 - 2010,13.59
,,2010 - 2011,12.31
,,2011 - 2012,12.97
,,2012 - 2013,12.94
,,2013 - 2014,13.22
,,2014 - 2015,12.41
,,2015 - 2016,12.07
,,2016 - 2017,11.16
,,2017 - 2018,11.17
,,2018 - 2019,11.48
,,2019 - 2020,11.73
,,2020 - 2021,12.5
,,2021 - 2022,11.55
,,2022 - 2023,11.57
,Etah,2004 - 2005,
,,2005 - 2006,
,,2006 - 2007,13.65
,,2007 - 2008,13.46
,,2008 - 2009,12.28
,,2009 - 2010,13.6
,,2010 - 2011,12.32
,,2011 - 2012,12.99
,,2012 - 2013,12.95
,,2013 - 2014,13.21
,,2014 - 2015,12.39
,,2015 - 2016,12.05
,,2016 - 2017,11.17
,,2017 - 2018,11.17
,,2018 - 2019,11.49
,,2019 - 2020,11.74
,,2020 - 2021,12.49
,,2021 - 2022,11.55
,,2022 - 2023,11.58
,Etawah,2004 - 2005,
,,2005 - 2006,
,,2006 - 2007,13.65
,,2007 - 2008,13.47
,,2008 - 2009,12.29
,,2009 - 2010,13.59
,,2010 - 2011,12.31
,,2011 - 2012,12.99
,,2012 - 2013,12.95
,,2013 - 2014,13.21
,,2014 - 2015,12.39
,,2015 - 2016,12.06
,,2016 - 2017,11.17
,,2017 - 2018,11.16
,,2018 - 2019,11.49
,,2019 - 2020,11.74
,,2020 - 2021,12.48
,,2021 - 2022,11.55
,,2022 - 2023,11.58
,Faizabad,2004 - 2005,
,,2005 - 2006,
,,2006 - 2007,13.65
,,2007 - 2008,13.46
,,2008 - 2009,12.28
,,2009 - 2010,13.6
,,2010 - 2011,12.32
,,2011 - 2012,12.99
,,2012 - 2013,12.95
,,2013 - 2014,13.22
,,2014 - 2015,12.39
,,2015 - 2016,12.06
,,2016 - 2017,11.17
,,2017 - 2018,11.17
,,2018 - 2019,11.49
,,2019 - 2020,11.74
,,2020 - 2021,12.49
,,2021 - 2022,11.55
,,2022 - 2023,11.58
,Farrukhabad,2004 - 2005,
,,2005 - 2006,
,,2006 - 2007,13.65
,,2007 - 2008,13.46
,,2008 - 2009,12.28
,,2009 - 2010,13.6
,,2010 - 2011,12.32
,,2011 - 2012,12.99
,,2012 - 2013,12.95
,,2013 - 2014,13.21
,,2014 - 2015,12.39
,,2015 - 2016,12.05
,,2016 - 2017,11.17
,,2017 - 2018,11.17
,,2018 - 2019,11.49
,,2019 - 2020,11.74
,,2020 - 2021,12.49
,,2021 - 2022,11.55
,,2022 - 2023,11.58
,Fatehpur,2004 - 2005,
,,2005 - 2006,
,,2006 - 2007,13.65
,,2007 - 2008,13.46
,,2008 - 2009,12.28
,,2009 - 2010,13.6
,,2010 - 2011,12.32
,,2011 - 2012,12.99
,,2012 - 2013,12.95
,,2013 - 2014,13.22
,,2014 - 2015,12.39
,,2015 - 2016,12.05
,,2016 - 2017,11.17
,,2017 - 2018,11.17
,,2018 - 2019,11.49
,,2019 - 2020,11.74
,,2020 - 2021,12.49
,,2021 - 2022,11.55
,,2022 - 2023,11.58
,Firozabad,2004 - 2005,
,,2005 - 2006,
,,2006 - 2007,13.65
,,2007 - 2008,13.46
,,2008 - 2009,12.28
,,2009 - 2010,13.6
,,2010 - 2011,12.31
,,2011 - 2012,12.99
,,2012 - 2013,12.94
,,2013 - 2014,13.21
,,2014 - 2015,12.38
,,2015 - 2016,12.05
,,2016 - 2017,11.17
,,2017 - 2018,11.16
,,2018 - 2019,8.71
,,2019 - 2020,11.74
,,2020 - 2021,12.49
,,2021 - 2022,11.55
,,2022 - 2023,11.57
,Gautam buddha nagar,2004 - 2005,
,,2005 - 2006,
,,2007 - 2008,13.47
,,2008 - 2009,12.29
,,2009 - 2010,13.67
,,2010 - 2011,12.36
,,2011 - 2012,13.0
,,2016 - 2017,11.33
,,2019 - 2020,12.0
,,2021 - 2022,12.0
,Ghaziabad,2004 - 2005,
,,2005 - 2006,
,,2006 - 2007,13.57
,,2007 - 2008,13.48
,,2008 - 2009,12.31
,,2009 - 2010,13.6
,,2010 - 2011,12.31
,,2011 - 2012,13.0
,,2012 - 2013,12.94
,,2016 - 2017,11.14
,,2017 - 2018,11.25
,,2018 - 2019,11.0
,,2019 - 2020,11.5
,,2020 - 2021,12.5
,,2021 - 2022,11.67
,,2022 - 2023,11.5
,Ghazipur,2004 - 2005,
,,2005 - 2006,
,,2006 - 2007,13.57
,,2007 - 2008,13.33
,,2008 - 2009,12.2
,,2009 - 2010,13.67
,,2011 - 2012,13.0
,,2016 - 2017,11.0
,Gonda,2004 - 2005,
,,2005 - 2006,
,,2006 - 2007,13.65
,,2007 - 2008,13.46
,,2008 - 2009,12.28
,,2009 - 2010,13.6
,,2011 - 2012,12.99
,,2012 - 2013,12.94
,,2013 - 2014,13.21
,,2014 - 2015,12.33
,,2015 - 2016,12.0
,,2016 - 2017,11.15
,,2017 - 2018,11.18
,,2018 - 2019,11.5
,,2019 - 2020,11.75
,,2020 - 2021,12.47
,,2021 - 2022,11.57
,,2022 - 2023,11.57
,Gorakhpur,2004 - 2005,
,,2005 - 2006,
,,2006 - 2007,13.65
,,2007 - 2008,13.45
,,2008 - 2009,12.5
,,2009 - 2010,13.6
,,2010 - 2011,12.33
,,2011 - 2012,13.0
,,2012 - 2013,12.86
,,2013 - 2014,13.17
,,2014 - 2015,12.4
,,2015 - 2016,12.0
,,2016 - 2017,11.13
,,2017 - 2018,11.17
,,2018 - 2019,11.43
,,2019 - 2020,11.71
,,2020 - 2021,12.43
,,2022 - 2023,11.6
,Hamirpur,2004 - 2005,
,,2005 - 2006,
,,2007 - 2008,13.33
,,2008 - 2009,12.5
,,2009 - 2010,13.6
,,2010 - 2011,12.25
,,2011 - 2012,13.0
,,2013 - 2014,13.2
,,2014 - 2015,12.33
,,2016 - 2017,11.0
,,2017 - 2018,11.0
,,2018 - 2019,11.33
,,2020 - 2021,12.5
,,2021 - 2022,11.5
,,2022 - 2023,11.5
,Hapur,2012 - 2013,12.67
,,2016 - 2017,11.0
,,2017 - 2018,11.17
,,2018 - 2019,11.48
,,2019 - 2020,11.74
,,2020 - 2021,12.48
,,2021 - 2022,11.55
,,2022 - 2023,11.58
,Hardoi,2004 - 2005,
,,2005 - 2006,
,,2006 - 2007,13.65
,,2007 - 2008,13.46
,,2008 - 2009,12.28
,,2009 - 2010,13.6
,,2010 - 2011,12.32
,,2011 - 2012,12.99
,,2012 - 2013,12.95
,,2013 - 2014,13.21
,,2014 - 2015,12.39
,,2015 - 2016,12.05
,,2016 - 2017,11.17
,,2017 - 2018,11.17
,,2018 - 2019,11.49
,,2019 - 2020,11.74
,,2020 - 2021,12.49
,,2021 - 2022,11.55
,,2022 - 2023,11.58
,Hathras,2004 - 2005,
,,2005 - 2006,
,,2006 - 2007,13.65
,,2007 - 2008,13.46
,,2008 - 2009,12.27
,,2009 - 2010,13.6
,,2010 - 2011,12.32
,,2011 - 2012,13.0
,,2012 - 2013,12.94
,,2013 - 2014,13.21
,,2014 - 2015,12.39
,,2015 - 2016,12.04
,,2016 - 2017,11.16
,,2017 - 2018,11.16
,,2018 - 2019,11.49
,,2019 - 2020,11.75
,,2020 - 2021,12.48
,,2021 - 2022,11.55
,,2022 - 2023,11.57
,Jalaun,2004 - 2005,
,,2005 - 2006,
,,2007 - 2008,14.0
,,2008 - 2009,12.0
,,2009 - 2010,13.57
,,2010 - 2011,12.25
,,2011 - 2012,13.0
,,2012 - 2013,13.0
,,2016 - 2017,11.0
,,2017 - 2018,11.0
,Jaunpur,2004 - 2005,
,,2005 - 2006,
,,2006 - 2007,13.65
,,2007 - 2008,13.47
,,2008 - 2009,12.29
,,2009 - 2010,13.6
,,2010 - 2011,12.31
,,2011 - 2012,12.99
,,2012 - 2013,12.94
,,2013 - 2014,13.25
,,2014 - 2015,12.39
,,2015 - 2016,12.05
,,2016 - 2017,11.17
,,2017 - 2018,11.17
,,2018 - 2019,11.48
,,2019 - 2020,11.74
,,2020 - 2021,12.49
,,2021 - 2022,11.55
,,2022 - 2023,11.57
,Jhansi,2004 - 2005,
,,2005 - 2006,
,,2009 - 2010,13.5
,,2010 - 2011,12.0
,,2011 - 2012,13.0
,,2014 - 2015,12.43
,,2016 - 2017,11.0
,,2017 - 2018,11.0
,Kannauj,2004 - 2005,
,,2005 - 2006,
,,2006 - 2007,13.65
,,2007 - 2008,13.46
,,2008 - 2009,12.28
,,2009 - 2010,13.6
,,2010 - 2011,12.31
,,2011 - 2012,12.99
,,2012 - 2013,12.95
,,2013 - 2014,13.22
,,2014 - 2015,12.39
,,2015 - 2016,12.05
,,2016 - 2017,11.17
,,2017 - 2018,11.17
,,2018 - 2019,11.49
,,2019 - 2020,11.74
,,2020 - 2021,12.49
,,2021 - 2022,11.55
,,2022 - 2023,11.57
,Kanpur dehat,2004 - 2005,
,,2005 - 2006,
,,2006 - 2007,13.65
,,2007 - 2008,13.46
,,2008 - 2009,12.28
,,2009 - 2010,13.6
,,2010 - 2011,12.32
,,2011 - 2012,12.99
,,2012 - 2013,12.95
,,2013 - 2014,13.22
,,2014 - 2015,12.39
,,2015 - 2016,12.05
,,2016 - 2017,11.17
,,2017 - 2018,11.16
,,2018 - 2019,12.97
,,2019 - 2020,11.74
,,2020 - 2021,12.49
,,2021 - 2022,11.55
,,2022 - 2023,11.58
,Kanpur nagar,2004 - 2005,
,,2005 - 2006,
,,2006 - 2007,13.65
,,2007 - 2008,13.46
,,2008 - 2009,12.28
,,2009 - 2010,13.6
,,2010 - 2011,12.31
,,2011 - 2012,12.99
,,2012 - 2013,12.95
,,2013 - 2014,13.22
,,2014 - 2015,12.39
,,2015 - 2016,12.06
,,2016 - 2017,11.17
,,2017 - 2018,11.17
,,2018 - 2019,11.49
,,2019 - 2020,11.74
,,2020 - 2021,12.49
,,2021 - 2022,11.55
,,2022 - 2023,11.58
,Kasganj,2009 - 2010,13.6
,,2010 - 2011,12.31
,,2011 - 2012,12.99
,,2012 - 2013,12.95
,,2013 - 2014,13.21
,,2014 - 2015,12.39
,,2015 - 2016,12.05
,,2016 - 2017,11.17
,,2017 - 2018,11.17
,,2018 - 2019,11.49
,,2019 - 2020,11.74
,,2020 - 2021,12.49
,,2021 - 2022,11.55
,,2022 - 2023,11.58
,Kaushambi,2004 - 2005,
,,2005 - 2006,
,,2006 - 2007,13.65
,,2007 - 2008,13.46
,,2008 - 2009,12.28
,,2009 - 2010,13.6
,,2010 - 2011,12.32
,,2011 - 2012,12.99
,,2012 - 2013,12.95
,,2013 - 2014,13.22
,,2014 - 2015,12.39
,,2015 - 2016,12.05
,,2016 - 2017,11.17
,,2017 - 2018,11.17
,,2018 - 2019,11.48
,,2019 - 2020,11.74
,,2020 - 2021,12.49
,,2021 - 2022,11.55
,,2022 - 2023,11.58
,Kheri,2004 - 2005,
,,2005 - 2006,
,,2006 - 2007,13.65
,,2007 - 2008,13.47
,,2008 - 2009,12.29
,,2009 - 2010,13.61
,,2010 - 2011,12.31
,,2011 - 2012,13.0
,,2012 - 2013,12.95
,,2013 - 2014,13.21
,,2014 - 2015,12.38
,,2015 - 2016,12.0
,,2016 - 2017,11.16
,,2017 - 2018,11.17
,,2018 - 2019,11.48
,,2019 - 2020,11.75
,,2020 - 2021,12.5
,,2021 - 2022,11.55
,,2022 - 2023,11.58
,Kushi nagar,2004 - 2005,
,,2005 - 2006,
,,2006 - 2007,13.65
,,2007 - 2008,13.45
,,2008 - 2009,12.28
,,2009 - 2010,13.6
,,2010 - 2011,12.31
,,2011 - 2012,13.0
,,2012 - 2013,12.95
,,2013 - 2014,13.21
,,2014 - 2015,12.38
,,2015 - 2016,12.07
,,2016 - 2017,11.16
,,2017 - 2018,11.16
,,2018 - 2019,11.49
,,2019 - 2020,11.74
,,2020 - 2021,12.48
,,2021 - 2022,11.55
,,2022 - 2023,11.58
,Lalitpur,2004 - 2005,
,,2005 - 2006,
,,2006 - 2007,13.65
,,2007 - 2008,13.46
,,2008 - 2009,12.3
,,2009 - 2010,13.61
,,2010 - 2011,12.32
,,2011 - 2012,13.0
,,2012 - 2013,12.93
,,2013 - 2014,13.2
,,2014 - 2015,12.38
,,2016 - 2017,11.16
,,2017 - 2018,11.15
,,2018 - 2019,11.5
,,2019 - 2020,11.72
,,2020 - 2021,12.5
,,2021 - 2022,11.53
,,2022 - 2023,11.6
,Lucknow,2004 - 2005,
,,2005 - 2006,
,,2006 - 2007,13.65
,,2007 - 2008,13.46
,,2008 - 2009,12.28
,,2009 - 2010,13.6
,,2010 - 2011,12.36
,,2011 - 2012,13.0
,,2012 - 2013,12.94
,,2013 - 2014,13.23
,,2014 - 2015,12.39
,,2015 - 2016,12.06
,,2016 - 2017,11.17
,,2017 - 2018,11.16
,,2018 - 2019,11.48
,,2019 - 2020,11.74
,,2020 - 2021,12.5
,,2021 - 2022,11.54
,,2022 - 2023,11.59
,Maharajganj,2004 - 2005,
,,2005 - 2006,
,,2006 - 2007,13.67
,,2007 - 2008,13.5
,,2008 - 2009,12.2
,,2009 - 2010,13.6
,,2010 - 2011,12.33
,,2011 - 2012,13.0
,,2012 - 2013,13.0
,,2013 - 2014,13.5
,,2016 - 2017,11.0
,,2017 - 2018,11.0
,,2018 - 2019,11.0
,,2019 - 2020,12.0
,,2022 - 2023,12.0
,Mahoba,2004 - 2005,
,,2005 - 2006,
,,2006 - 2007,13.65
,,2007 - 2008,13.43
,,2008 - 2009,12.0
,,2009 - 2010,13.63
,,2010 - 2011,12.29
,,2011 - 2012,13.0
,,2013 - 2014,13.25
,,2014 - 2015,12.43
,,2016 - 2017,11.2
,,2017 - 2018,11.0
,,2018 - 2019,11.5
,,2019 - 2020,11.67
,,2020 - 2021,12.5
,,2021 - 2022,11.5
,,2022 - 2023,11.5
,Mainpuri,2004 - 2005,
,,2005 - 2006,
,,2006 - 2007,13.65
,,2007 - 2008,13.46
,,2008 - 2009,12.28
,,2009 - 2010,13.6
,,2010 - 2011,12.32
,,2011 - 2012,12.99
,,2012 - 2013,12.95
,,2013 - 2014,13.22
,,2014 - 2015,12.39
,,2015 - 2016,12.05
,,2016 - 2017,11.17
,,2017 - 2018,11.17
,,2018 - 2019,11.49
,,2019 - 2020,11.74
,,2020 - 2021,12.49
,,2021 - 2022,11.55
,,2022 - 2023,11.58
,Mathura,2004 - 2005,
,,2005 - 2006,
,,2006 - 2007,13.64
,,2007 - 2008,13.47
,,2008 - 2009,12.26
,,2009 - 2010,13.57
,,2010 - 2011,12.33
,,2011 - 2012,13.0
,,2012 - 2013,12.95
,,2013 - 2014,13.23
,,2014 - 2015,12.38
,,2015 - 2016,12.06
,,2016 - 2017,11.16
,,2017 - 2018,11.14
,,2018 - 2019,11.5
,,2019 - 2020,11.73
,,2020 - 2021,12.49
,,2021 - 2022,11.54
,,2022 - 2023,11.57
,Mau,2004 - 2005,
,,2005 - 2006,
,,2007 - 2008,13.44
,,2008 - 2009,12.33
,,2009 - 2010,13.57
,,2010 - 2011,12.29
,,2011 - 2012,13.0
,,2012 - 2013,13.0
,,2013 - 2014,13.17
,,2016 - 2017,11.17
,,2017 - 2018,11.25
,,2018 - 2019,11.33
,,2019 - 2020,11.67
,,2020 - 2021,12.33
,,2021 - 2022,11.5
,,2022 - 2023,11.5
,Meerut,2004 - 2005,
,,2005 - 2006,
,,2006 - 2007,13.67
,,2007 - 2008,13.4
,,2008 - 2009,12.2
,,2009 - 2010,13.56
,,2010 - 2011,12.0
,,2011 - 2012,13.0
,,2012 - 2013,13.0
,,2013 - 2014,13.0
,,2016 - 2017,11.0
,,2017 - 2018,11.0
,,2018 - 2019,11.5
,,2019 - 2020,12.0
,,2020 - 2021,12.5
,,2021 - 2022,11.5
,,2022 - 2023,11.5
,Mirzapur,2004 - 2005,
,,2005 - 2006,
,,2009 - 2010,14.0
,Moradabad,2004 - 2005,
,,2005 - 2006,
,,2006 - 2007,13.65
,,2007 - 2008,13.46
,,2008 - 2009,12.29
,,2009 - 2010,13.6
,,2010 - 2011,12.32
,,2011 - 2012,12.99
,,2012 - 2013,13.0
,,2013 - 2014,13.21
,,2014 - 2015,12.38
,,2015 - 2016,12.05
,,2016 - 2017,11.16
,,2017 - 2018,11.17
,,2018 - 2019,11.49
,,2019 - 2020,11.74
,,2020 - 2021,12.49
,,2021 - 2022,11.55
,,2022 - 2023,11.57
,Muzaffarnagar,2004 - 2005,
,,2005 - 2006,
,,2006 - 2007,13.65
,,2007 - 2008,13.48
,,2008 - 2009,12.31
,,2009 - 2010,13.59
,,2010 - 2011,12.3
,,2011 - 2012,13.0
,,2013 - 2014,13.25
,,2014 - 2015,12.39
,,2016 - 2017,11.13
,,2017 - 2018,11.13
,,2018 - 2019,11.5
,,2019 - 2020,11.76
,,2020 - 2021,12.47
,,2021 - 2022,11.56
,,2022 - 2023,11.56
,Pilibhit,2004 - 2005,
,,2005 - 2006,
,,2006 - 2007,13.65
,,2007 - 2008,13.43
,,2008 - 2009,12.25
,,2009 - 2010,13.58
,,2011 - 2012,13.0
,,2012 - 2013,12.94
,,2015 - 2016,12.13
,,2016 - 2017,11.2
,,2017 - 2018,11.0
,,2018 - 2019,11.0
,,2019 - 2020,12.0
,,2021 - 2022,11.5
,,2022 - 2023,11.0
,Pratapgarh,2004 - 2005,
,,2005 - 2006,
,,2006 - 2007,13.65
,,2007 - 2008,13.46
,,2008 - 2009,12.28
,,2009 - 2010,13.6
,,2010 - 2011,12.31
,,2011 - 2012,12.99
,,2012 - 2013,12.95
,,2013 - 2014,13.21
,,2014 - 2015,12.39
,,2015 - 2016,12.05
,,2016 - 2017,11.17
,,2017 - 2018,11.16
,,2018 - 2019,11.49
,,2019 - 2020,11.74
,,2020 - 2021,12.49
,,2021 - 2022,11.55
,,2022 - 2023,11.58
,Rae bareli,2004 - 2005,
,,2005 - 2006,
,,2006 - 2007,13.65
,,2007 - 2008,13.46
,,2008 - 2009,12.28
,,2009 - 2010,13.6
,,2010 - 2011,12.32
,,2011 - 2012,12.99
,,2012 - 2013,12.95
,,2013 - 2014,13.21
,,2014 - 2015,12.39
,,2015 - 2016,12.06
,,2016 - 2017,11.17
,,2017 - 2018,11.17
,,2018 - 2019,11.49
,,2019 - 2020,11.74
,,2020 - 2021,12.49
,,2021 - 2022,11.55
,,2022 - 2023,11.58
,Rampur,2004 - 2005,
,,2005 - 2006,
,,2006 - 2007,13.65
,,2007 - 2008,13.46
,,2008 - 2009,12.28
,,2009 - 2010,13.59
,,2010 - 2011,12.0
,,2011 - 2012,13.0
,,2012 - 2013,12.96
,,2013 - 2014,13.21
,,2014 - 2015,12.39
,,2015 - 2016,12.06
,,2016 - 2017,11.16
,,2017 - 2018,11.14
,,2018 - 2019,11.5
,,2019 - 2020,11.74
,,2020 - 2021,12.5
,,2021 - 2022,11.54
,,2022 - 2023,11.57
,Saharanpur,2004 - 2005,
,,2005 - 2006,
,,2006 - 2007,13.64
,,2007 - 2008,13.45
,,2008 - 2009,12.26
,,2009 - 2010,13.6
,,2010 - 2011,12.33
,,2011 - 2012,13.0
,,2012 - 2013,12.96
,,2013 - 2014,13.2
,,2016 - 2017,11.13
,,2017 - 2018,11.18
,,2018 - 2019,11.47
,,2019 - 2020,11.75
,,2020 - 2021,12.5
,,2021 - 2022,11.55
,,2022 - 2023,11.59
,Sambhal,2012 - 2013,12.94
,,2013 - 2014,13.21
,,2014 - 2015,12.38
,,2015 - 2016,12.05
,,2016 - 2017,11.16
,,2017 - 2018,11.17
,,2018 - 2019,11.49
,,2019 - 2020,11.75
,,2020 - 2021,12.49
,,2021 - 2022,11.56
,,2022 - 2023,11.58
,Sant kabeer nagar,2004 - 2005,
,,2005 - 2006,
,,2006 - 2007,13.65
,,2007 - 2008,13.46
,,2008 - 2009,12.28
,,2009 - 2010,13.59
,,2010 - 2011,12.32
,,2011 - 2012,12.99
,,2013 - 2014,13.21
,,2014 - 2015,12.38
,,2015 - 2016,12.04
,,2016 - 2017,11.17
,,2017 - 2018,11.17
,,2018 - 2019,11.49
,,2019 - 2020,11.74
,,2020 - 2021,12.48
,,2021 - 2022,11.55
,,2022 - 2023,11.58
,Sant ravidas nagar,2006 - 2007,13.64
,,2009 - 2010,13.63
,,2010 - 2011,12.33
,,2011 - 2012,13.0
,,2013 - 2014,13.5
,,2014 - 2015,12.5
,,2016 - 2017,11.0
,,2017 - 2018,11.0
,,2018 - 2019,11.5
,,2019 - 2020,11.75
,,2020 - 2021,12.5
,,2021 - 2022,11.5
,,2022 - 2023,11.5
,Shahjahanpur,2004 - 2005,
,,2005 - 2006,
,,2006 - 2007,13.65
,,2007 - 2008,13.46
,,2008 - 2009,12.28
,,2009 - 2010,13.6
,,2010 - 2011,12.32
,,2011 - 2012,12.99
,,2012 - 2013,12.95
,,2013 - 2014,13.22
,,2014 - 2015,12.39
,,2015 - 2016,12.05
,,2016 - 2017,11.17
,,2017 - 2018,11.17
,,2018 - 2019,11.49
,,2019 - 2020,11.74
,,2020 - 2021,12.49
,,2021 - 2022,11.55
,,2022 - 2023,11.58
,Shamli,2012 - 2013,12.94
,,2015 - 2016,12.0
,,2016 - 2017,11.25
,,2017 - 2018,11.17
,,2018 - 2019,11.5
,,2019 - 2020,11.67
,,2020 - 2021,12.5
,,2021 - 2022,11.5
,,2022 - 2023,11.5
,Shravasti,2004 - 2005,
,,2005 - 2006,
,,2006 - 2007,13.65
,,2007 - 2008,13.44
,,2008 - 2009,12.4
,,2009 - 2010,13.6
,,2010 - 2011,12.33
,,2011 - 2012,13.0
,,2012 - 2013,12.96
,,2013 - 2014,13.23
,,2015 - 2016,12.05
,,2016 - 2017,11.17
,,2017 - 2018,11.17
,,2018 - 2019,11.5
,,2019 - 2020,11.76
,,2020 - 2021,12.48
,,2021 - 2022,11.58
,,2022 - 2023,11.58
,Siddharth nagar,2004 - 2005,
,,2005 - 2006,
,,2006 - 2007,13.65
,,2007 - 2008,13.45
,,2008 - 2009,12.28
,,2009 - 2010,13.6
,,2010 - 2011,12.31
,,2011 - 2012,13.0
,,2012 - 2013,12.94
,,2013 - 2014,13.23
,,2014 - 2015,12.39
,,2015 - 2016,12.06
,,2016 - 2017,11.16
,,2017 - 2018,11.17
,,2018 - 2019,11.49
,,2019 - 2020,11.74
,,2020 - 2021,12.49
,,2021 - 2022,11.55
,,2022 - 2023,11.58
,Sitapur,2004 - 2005,
,,2005 - 2006,
,,2006 - 2007,13.65
,,2007 - 2008,13.46
,,2008 - 2009,12.28
,,2009 - 2010,13.6
,,2010 - 2011,12.31
,,2011 - 2012,13.0
,,2012 - 2013,12.95
,,2013 - 2014,13.21
,,2014 - 2015,12.39
,,2015 - 2016,12.05
,,2016 - 2017,11.16
,,2017 - 2018,11.17
,,2018 - 2019,11.49
,,2019 - 2020,11.74
,,2020 - 2021,12.49
,,2021 - 2022,11.55
,,2022 - 2023,11.58
,Sonbhadra,2004 - 2005,
,,2005 - 2006,
,,2006 - 2007,13.65
,,2007 - 2008,13.47
,,2008 - 2009,12.29
,,2009 - 2010,13.59
,,2011 - 2012,13.0
,,2012 - 2013,13.0
,,2013 - 2014,13.21
,,2015 - 2016,12.0
,,2016 - 2017,11.19
,,2017 - 2018,11.11
,,2018 - 2019,11.4
,,2019 - 2020,11.8
,,2020 - 2021,12.4
,,2021 - 2022,11.5
,,2022 - 2023,11.67
,Sultanpur,2004 - 2005,
,,2005 - 2006,
,,2006 - 2007,13.65
,,2007 - 2008,13.46
,,2008 - 2009,12.28
,,2009 - 2010,13.6
,,2010 - 2011,12.31
,,2011 - 2012,12.99
,,2012 - 2013,12.95
,,2013 - 2014,13.22
,,2014 - 2015,12.39
,,2015 - 2016,12.05
,,2016 - 2017,11.17
,,2017 - 2018,11.17
,,2018 - 2019,11.49
,,2019 - 2020,11.74
,,2020 - 2021,12.49
,,2021 - 2022,11.55
,,2022 - 2023,11.58
,Unnao,2004 - 2005,
,,2005 - 2006,
,,2006 - 2007,13.65
,,2007 - 2008,13.46
,,2008 - 2009,12.28
,,2009 - 2010,13.6
,,2010 - 2011,12.31
,,2011 - 2012,12.99
,,2012 - 2013,12.95
,,2013 - 2014,13.22
,,2014 - 2015,12.39
,,2015 - 2016,12.05
,,2016 - 2017,11.17
,,2017 - 2018,11.17
,,2018 - 2019,11.48
,,2019 - 2020,11.74
,,2020 - 2021,12.49
,,2021 - 2022,11.55
,,2022 - 2023,11.58
,Varanasi,2004 - 2005,
,,2005 - 2006,
,,2006 - 2007,13.67
,,2007 - 2008,13.46
,,2008 - 2009,12.31
,,2009 - 2010,13.6
,,2010 - 2011,12.33
,,2011 - 2012,13.0
,,2012 - 2013,12.95
,,2013 - 2014,13.21
,,2014 - 2015,12.4
,,2015 - 2016,12.08
,,2016 - 2017,11.18
,,2017 - 2018,11.17
,,2018 - 2019,11.5
,,2019 - 2020,11.73
,,2020 - 2021,12.5
,,2021 - 2022,11.56
,,2022 - 2023,11.59
