state,district,year,moong_summer_yield_tonne_per_hectare
Andaman and Nicobar Islands,Nicobars,2010 - 2011,
,,2014 - 2015,
,,2015 - 2016,
,,2016 - 2017,
,,2020 - 2021,
,North and middle andaman,2010 - 2011,
,,2011 - 2012,
,,2012 - 2013,
,,2013 - 2014,
,,2014 - 2015,
,,2015 - 2016,
,,2016 - 2017,
,,2017 - 2018,
,,2018 - 2019,
,,2019 - 2020,
,,2020 - 2021,
,,2021 - 2022,
,,2022 - 2023,
,South andamans,2010 - 2011,
,,2011 - 2012,
,,2012 - 2013,
,,2013 - 2014,
,,2014 - 2015,
,,2015 - 2016,
,,2016 - 2017,
,,2017 - 2018,
,,2019 - 2020,
,,2020 - 2021,
,,2021 - 2022,
,,2022 - 2023,
Andhra Pradesh,Alluri sitharama raju,2022 - 2023,
,Anakapalli,2022 - 2023,
,Anantapur,2000 - 2001,
,,2001 - 2002,
,,2002 - 2003,
,,2003 - 2004,
,,2004 - 2005,
,,2005 - 2006,
,,2006 - 2007,
,,2007 - 2008,
,,2008 - 2009,
,,2009 - 2010,
,,2010 - 2011,
,,2011 - 2012,
,,2012 - 2013,
,,2013 - 2014,
,,2014 - 2015,
,,2015 - 2016,
,,2016 - 2017,
,,2017 - 2018,
,,2018 - 2019,
,,2019 - 2020,
,,2020 - 2021,
,,2021 - 2022,
,,2022 - 2023,
,Annamayya,2022 - 2023,
,Bapatla,2022 - 2023,
,Chittoor,2000 - 2001,
,,2001 - 2002,
,,2002 - 2003,
,,2003 - 2004,
,,2004 - 2005,
,,2005 - 2006,
,,2006 - 2007,
,,2007 - 2008,
,,2008 - 2009,
,,2009 - 2010,
,,2010 - 2011,
,,2011 - 2012,
,,2012 - 2013,
,,2013 - 2014,
,,2014 - 2015,
,,2015 - 2016,
,,2016 - 2017,
,,2017 - 2018,
,,2018 - 2019,
,,2019 - 2020,
,,2020 - 2021,
,,2021 - 2022,
,,2022 - 2023,
,East godavari,2000 - 2001,
,,2001 - 2002,
,,2002 - 2003,
,,2003 - 2004,
,,2004 - 2005,
,,2005 - 2006,
,,2006 - 2007,
,,2007 - 2008,
,,2008 - 2009,
,,2009 - 2010,
,,2010 - 2011,
,,2011 - 2012,
,,2012 - 2013,
,,2013 - 2014,
,,2014 - 2015,
,,2015 - 2016,
,,2016 - 2017,
,,2017 - 2018,
,,2018 - 2019,
,,2019 - 2020,
,,2020 - 2021,
,,2021 - 2022,
,,2022 - 2023,
,Eluru,2022 - 2023,
,Guntur,2000 - 2001,
,,2001 - 2002,
,,2002 - 2003,
,,2003 - 2004,
,,2004 - 2005,
,,2005 - 2006,
,,2006 - 2007,
,,2007 - 2008,
,,2008 - 2009,
,,2009 - 2010,
,,2010 - 2011,
,,2011 - 2012,
,,2012 - 2013,
,,2013 - 2014,
,,2014 - 2015,
,,2015 - 2016,
,,2016 - 2017,
,,2017 - 2018,
,,2018 - 2019,
,,2019 - 2020,
,,2020 - 2021,
,,2021 - 2022,
,,2022 - 2023,
,Kadapa,2000 - 2001,
,,2001 - 2002,
,,2002 - 2003,
,,2003 - 2004,
,,2004 - 2005,
,,2005 - 2006,
,,2006 - 2007,
,,2008 - 2009,
,,2009 - 2010,
,,2010 - 2011,
,,2011 - 2012,
,,2012 - 2013,
,,2013 - 2014,
,,2014 - 2015,
,,2015 - 2016,
,,2016 - 2017,
,,2017 - 2018,
,,2018 - 2019,
,,2019 - 2020,
,,2020 - 2021,
,,2021 - 2022,
,,2022 - 2023,
,Kakinada,2022 - 2023,
,Konaseema,2022 - 2023,
,Krishna,2000 - 2001,
,,2001 - 2002,
,,2002 - 2003,
,,2003 - 2004,
,,2004 - 2005,
,,2005 - 2006,
,,2006 - 2007,
,,2007 - 2008,
,,2008 - 2009,
,,2009 - 2010,
,,2010 - 2011,
,,2011 - 2012,
,,2012 - 2013,
,,2013 - 2014,
,,2014 - 2015,
,,2015 - 2016,
,,2016 - 2017,
,,2017 - 2018,
,,2018 - 2019,
,,2019 - 2020,
,,2020 - 2021,
,,2021 - 2022,
,,2022 - 2023,
,Kurnool,2000 - 2001,
,,2001 - 2002,
,,2002 - 2003,
,,2003 - 2004,
,,2004 - 2005,
,,2005 - 2006,
,,2006 - 2007,
,,2007 - 2008,
,,2008 - 2009,
,,2009 - 2010,
,,2010 - 2011,
,,2011 - 2012,
,,2012 - 2013,
,,2013 - 2014,
,,2014 - 2015,
,,2015 - 2016,
,,2016 - 2017,
,,2017 - 2018,
,,2018 - 2019,
,,2019 - 2020,
,,2020 - 2021,
,,2021 - 2022,
,,2022 - 2023,
,Nandyal,2022 - 2023,
,Ntr,2022 - 2023,
,Palnadu,2022 - 2023,
,Parvathipuram manyam,2022 - 2023,
,Prakasam,2000 - 2001,
,,2001 - 2002,
,,2002 - 2003,
,,2003 - 2004,
,,2004 - 2005,
,,2005 - 2006,
,,2006 - 2007,
,,2007 - 2008,
,,2008 - 2009,
,,2009 - 2010,
,,2010 - 2011,
,,2011 - 2012,
,,2012 - 2013,
,,2013 - 2014,
,,2014 - 2015,
,,2015 - 2016,
,,2016 - 2017,
,,2017 - 2018,
,,2018 - 2019,
,,2019 - 2020,
,,2020 - 2021,
,,2021 - 2022,
,,2022 - 2023,
,Spsr nellore,2000 - 2001,
,,2001 - 2002,
,,2002 - 2003,
,,2003 - 2004,
,,2004 - 2005,
,,2005 - 2006,
,,2006 - 2007,
,,2007 - 2008,
,,2008 - 2009,
,,2009 - 2010,
,,2010 - 2011,
,,2011 - 2012,
,,2012 - 2013,
,,2013 - 2014,
,,2014 - 2015,
,,2015 - 2016,
,,2016 - 2017,
,,2017 - 2018,
,,2018 - 2019,
,,2019 - 2020,
,,2020 - 2021,
,,2021 - 2022,
,,2022 - 2023,
,Sri sathya sai,2022 - 2023,
,Srikakulam,2000 - 2001,
,,2001 - 2002,
,,2002 - 2003,
,,2003 - 2004,
,,2004 - 2005,
,,2005 - 2006,
,,2006 - 2007,
,,2007 - 2008,
,,2008 - 2009,
,,2009 - 2010,
,,2010 - 2011,
,,2011 - 2012,
,,2012 - 2013,
,,2013 - 2014,
,,2014 - 2015,
,,2015 - 2016,
,,2016 - 2017,
,,2017 - 2018,
,,2018 - 2019,
,,2019 - 2020,
,,2020 - 2021,
,,2021 - 2022,
,,2022 - 2023,
,Tirupati,2022 - 2023,
,Visakhapatanam,2000 - 2001,
,,2001 - 2002,
,,2002 - 2003,
,,2003 - 2004,
,,2004 - 2005,
,,2005 - 2006,
,,2006 - 2007,
,,2007 - 2008,
,,2008 - 2009,
,,2009 - 2010,
,,2010 - 2011,
,,2011 - 2012,
,,2012 - 2013,
,,2013 - 2014,
,,2014 - 2015,
,,2015 - 2016,
,,2016 - 2017,
,,2017 - 2018,
,,2018 - 2019,
,,2019 - 2020,
,,2020 - 2021,
,,2021 - 2022,
,,2022 - 2023,
,Vizianagaram,2000 - 2001,
,,2001 - 2002,
,,2002 - 2003,
,,2003 - 2004,
,,2004 - 2005,
,,2005 - 2006,
,,2006 - 2007,
,,2007 - 2008,
,,2008 - 2009,
,,2009 - 2010,
,,2010 - 2011,
,,2011 - 2012,
,,2012 - 2013,
,,2013 - 2014,
,,2014 - 2015,
,,2015 - 2016,
,,2016 - 2017,
,,2017 - 2018,
,,2018 - 2019,
,,2019 - 2020,
,,2020 - 2021,
,,2021 - 2022,
,,2022 - 2023,
,West godavari,2000 - 2001,
,,2001 - 2002,
,,2002 - 2003,
,,2003 - 2004,
,,2004 - 2005,
,,2005 - 2006,
,,2006 - 2007,
,,2007 - 2008,
,,2008 - 2009,
,,2009 - 2010,
,,2010 - 2011,
,,2011 - 2012,
,,2012 - 2013,
,,2013 - 2014,
,,2014 - 2015,
,,2015 - 2016,
,,2016 - 2017,
,,2017 - 2018,
,,2018 - 2019,
,,2019 - 2020,
,,2020 - 2021,
,,2021 - 2022,
,,2022 - 2023,
Arunachal Pradesh,Anjaw,2016 - 2017,
,,2017 - 2018,
,,2018 - 2019,
,,2019 - 2020,
,,2020 - 2021,
,,2021 - 2022,
,,2022 - 2023,
,Changlang,2016 - 2017,
,,2017 - 2018,
,,2018 - 2019,
,,2019 - 2020,
,,2020 - 2021,
,,2021 - 2022,
,,2022 - 2023,
,Dibang valley,2016 - 2017,
,,2017 - 2018,
,,2018 - 2019,
,,2019 - 2020,
,,2020 - 2021,
,,2021 - 2022,
,,2022 - 2023,
,East kameng,2016 - 2017,
,,2017 - 2018,
,,2018 - 2019,
,,2019 - 2020,
,,2020 - 2021,
,,2021 - 2022,
,,2022 - 2023,
,East siang,2016 - 2017,
,,2017 - 2018,
,,2018 - 2019,
,,2019 - 2020,
,,2020 - 2021,
,,2021 - 2022,
,,2022 - 2023,
,Kamle,2018 - 2019,
,,2019 - 2020,
,,2020 - 2021,
,,2021 - 2022,
,,2022 - 2023,
,Leparada,2019 - 2020,
,,2020 - 2021,
,,2021 - 2022,
,,2022 - 2023,
,Lohit,2016 - 2017,
,,2017 - 2018,
,,2018 - 2019,
,,2019 - 2020,
,,2020 - 2021,
,,2021 - 2022,
,,2022 - 2023,
,Longding,2016 - 2017,
,,2017 - 2018,
,,2018 - 2019,
,,2019 - 2020,
,,2020 - 2021,
,,2021 - 2022,
,,2022 - 2023,
,Lower dibang valley,2016 - 2017,
,,2017 - 2018,
,,2018 - 2019,
,,2019 - 2020,
,,2020 - 2021,
,,2021 - 2022,
,,2022 - 2023,
,Lower siang,2018 - 2019,
,,2019 - 2020,
,,2020 - 2021,
,,2021 - 2022,
,,2022 - 2023,
,Lower subansiri,2016 - 2017,
,,2018 - 2019,
,,2019 - 2020,
,,2020 - 2021,
,,2021 - 2022,
,,2022 - 2023,
,Namsai,2016 - 2017,
,,2017 - 2018,
,,2018 - 2019,
,,2019 - 2020,
,,2020 - 2021,
,,2021 - 2022,
,,2022 - 2023,
,Pakke kessang,2019 - 2020,
,,2020 - 2021,
,,2021 - 2022,
,,2022 - 2023,
,Papum pare,2016 - 2017,
,,2017 - 2018,
,,2018 - 2019,
,,2019 - 2020,
,,2020 - 2021,
,,2021 - 2022,
,,2022 - 2023,
,Siang,2016 - 2017,
,,2017 - 2018,
,,2018 - 2019,
,,2019 - 2020,
,,2020 - 2021,
,,2021 - 2022,
,,2022 - 2023,
,Tawang,2016 - 2017,
,,2017 - 2018,
,,2018 - 2019,
,,2019 - 2020,
,,2020 - 2021,
,,2021 - 2022,
,,2022 - 2023,
,Tirap,2016 - 2017,
,,2017 - 2018,
,,2018 - 2019,
,,2019 - 2020,
,,2020 - 2021,
,,2021 - 2022,
,,2022 - 2023,
,Upper siang,2016 - 2017,
,,2017 - 2018,
,,2018 - 2019,
,,2019 - 2020,
,,2020 - 2021,
,,2021 - 2022,
,,2022 - 2023,
,Upper subansiri,2016 - 2017,
,,2017 - 2018,
,,2018 - 2019,
,,2019 - 2020,
,,2020 - 2021,
,,2021 - 2022,
,,2022 - 2023,
,West kameng,2017 - 2018,
,West siang,2016 - 2017,
,,2017 - 2018,
,,2018 - 2019,
,,2019 - 2020,
,,2020 - 2021,
,,2021 - 2022,
,,2022 - 2023,
Assam,Baksa,2005 - 2006,
,,2006 - 2007,
,,2007 - 2008,
,,2008 - 2009,
,,2009 - 2010,
,,2010 - 2011,
,,2011 - 2012,
,,2012 - 2013,
,,2013 - 2014,
,,2014 - 2015,
,,2015 - 2016,
,,2016 - 2017,
,,2017 - 2018,
,,2018 - 2019,
,,2019 - 2020,
,,2020 - 2021,
,,2021 - 2022,
,,2022 - 2023,
,Barpeta,2001 - 2002,
,,2002 - 2003,
,,2003 - 2004,
,,2004 - 2005,
,,2005 - 2006,
,,2006 - 2007,
,,2007 - 2008,
,,2008 - 2009,
,,2009 - 2010,
,,2010 - 2011,
,,2011 - 2012,
,,2012 - 2013,
,,2013 - 2014,
,,2014 - 2015,
,,2015 - 2016,
,,2016 - 2017,
,,2017 - 2018,
,,2018 - 2019,
,,2019 - 2020,
,,2020 - 2021,
,,2021 - 2022,
,,2022 - 2023,
,Biswanath,2020 - 2021,
,,2021 - 2022,
,,2022 - 2023,
,Bongaigaon,2001 - 2002,
,,2002 - 2003,
,,2003 - 2004,
,,2004 - 2005,
,,2005 - 2006,
,,2006 - 2007,
,,2007 - 2008,
,,2008 - 2009,
,,2009 - 2010,
,,2010 - 2011,
,,2011 - 2012,
,,2012 - 2013,
,,2013 - 2014,
,,2014 - 2015,
,,2015 - 2016,
,,2016 - 2017,
,,2017 - 2018,
,,2018 - 2019,
,,2019 - 2020,
,,2020 - 2021,
,,2021 - 2022,
,,2022 - 2023,
,Cachar,2001 - 2002,
,,2002 - 2003,
,,2003 - 2004,
,,2004 - 2005,
,,2005 - 2006,
,,2006 - 2007,
,,2007 - 2008,
,,2008 - 2009,
,,2009 - 2010,
,,2010 - 2011,
,,2011 - 2012,
,,2012 - 2013,
,,2013 - 2014,
,,2014 - 2015,
,,2015 - 2016,
,,2016 - 2017,
,,2017 - 2018,
,,2018 - 2019,
,,2019 - 2020,
,,2020 - 2021,
,,2021 - 2022,
,,2022 - 2023,
,Charaideo,2020 - 2021,
,,2021 - 2022,
,,2022 - 2023,
,Chirang,2005 - 2006,
,,2006 - 2007,
,,2007 - 2008,
,,2008 - 2009,
,,2009 - 2010,
,,2010 - 2011,
,,2011 - 2012,
,,2012 - 2013,
,,2013 - 2014,
,,2014 - 2015,
,,2015 - 2016,
,,2016 - 2017,
,,2017 - 2018,
,,2018 - 2019,
,,2019 - 2020,
,,2020 - 2021,
,,2021 - 2022,
,,2022 - 2023,
,Darrang,2001 - 2002,
,,2002 - 2003,
,,2003 - 2004,
,,2004 - 2005,
,,2005 - 2006,
,,2006 - 2007,
,,2007 - 2008,
,,2008 - 2009,
,,2009 - 2010,
,,2010 - 2011,
,,2011 - 2012,
,,2012 - 2013,
,,2013 - 2014,
,,2014 - 2015,
,,2015 - 2016,
,,2016 - 2017,
,,2017 - 2018,
,,2018 - 2019,
,,2019 - 2020,
,,2020 - 2021,
,,2021 - 2022,
,,2022 - 2023,
,Dhemaji,2001 - 2002,
,,2002 - 2003,
,,2003 - 2004,
,,2004 - 2005,
,,2005 - 2006,
,,2006 - 2007,
,,2007 - 2008,
,,2008 - 2009,
,,2009 - 2010,
,,2010 - 2011,
,,2011 - 2012,
,,2012 - 2013,
,,2013 - 2014,
,,2014 - 2015,
,,2015 - 2016,
,,2016 - 2017,
,,2017 - 2018,
,,2018 - 2019,
,,2019 - 2020,
,,2020 - 2021,
,,2021 - 2022,
,,2022 - 2023,
,Dhubri,2001 - 2002,
,,2002 - 2003,
,,2003 - 2004,
,,2004 - 2005,
,,2005 - 2006,
,,2006 - 2007,
,,2007 - 2008,
,,2008 - 2009,
,,2009 - 2010,
,,2010 - 2011,
,,2011 - 2012,
,,2012 - 2013,
,,2013 - 2014,
,,2014 - 2015,
,,2015 - 2016,
,,2016 - 2017,
,,2017 - 2018,
,,2018 - 2019,
,,2019 - 2020,
,,2020 - 2021,
,,2021 - 2022,
,,2022 - 2023,
,Dibrugarh,2001 - 2002,
,,2002 - 2003,
,,2003 - 2004,
,,2004 - 2005,
,,2005 - 2006,
,,2006 - 2007,
,,2007 - 2008,
,,2008 - 2009,
,,2009 - 2010,
,,2010 - 2011,
,,2011 - 2012,
,,2012 - 2013,
,,2013 - 2014,
,,2014 - 2015,
,,2015 - 2016,
,,2016 - 2017,
,,2017 - 2018,
,,2018 - 2019,
,,2019 - 2020,
,,2020 - 2021,
,,2021 - 2022,
,,2022 - 2023,
,Dima hasao,2001 - 2002,
,,2002 - 2003,
,,2003 - 2004,
,,2004 - 2005,
,,2005 - 2006,
,,2006 - 2007,
,,2007 - 2008,
,,2008 - 2009,
,,2009 - 2010,
,,2010 - 2011,
,,2011 - 2012,
,,2012 - 2013,
,,2013 - 2014,
,,2014 - 2015,
,,2015 - 2016,
,,2016 - 2017,
,,2017 - 2018,
,,2018 - 2019,
,,2019 - 2020,
,,2020 - 2021,
,,2021 - 2022,
,,2022 - 2023,
,Goalpara,2001 - 2002,
,,2002 - 2003,
,,2003 - 2004,
,,2004 - 2005,
,,2005 - 2006,
,,2006 - 2007,
,,2007 - 2008,
,,2008 - 2009,
,,2009 - 2010,
,,2010 - 2011,
,,2011 - 2012,
,,2012 - 2013,
,,2013 - 2014,
,,2014 - 2015,
,,2015 - 2016,
,,2016 - 2017,
,,2017 - 2018,
,,2018 - 2019,
,,2019 - 2020,
,,2020 - 2021,
,,2021 - 2022,
,,2022 - 2023,
,Golaghat,2001 - 2002,
,,2002 - 2003,
,,2003 - 2004,
,,2004 - 2005,
,,2005 - 2006,
,,2006 - 2007,
,,2007 - 2008,
,,2008 - 2009,
,,2009 - 2010,
,,2010 - 2011,
,,2011 - 2012,
,,2012 - 2013,
,,2013 - 2014,
,,2014 - 2015,
,,2015 - 2016,
,,2016 - 2017,
,,2017 - 2018,
,,2018 - 2019,
,,2019 - 2020,
,,2020 - 2021,
,,2021 - 2022,
,,2022 - 2023,
,Hailakandi,2001 - 2002,
,,2002 - 2003,
,,2003 - 2004,
,,2004 - 2005,
,,2005 - 2006,
,,2006 - 2007,
,,2007 - 2008,
,,2008 - 2009,
,,2009 - 2010,
,,2010 - 2011,
,,2011 - 2012,
,,2012 - 2013,
,,2013 - 2014,
,,2014 - 2015,
,,2015 - 2016,
,,2016 - 2017,
,,2017 - 2018,
,,2018 - 2019,
,,2019 - 2020,
,,2020 - 2021,
,,2021 - 2022,
,,2022 - 2023,
,Hojai,2020 - 2021,
,,2021 - 2022,
,,2022 - 2023,
,Jorhat,2001 - 2002,
,,2002 - 2003,
,,2003 - 2004,
,,2004 - 2005,
,,2005 - 2006,
,,2006 - 2007,
,,2007 - 2008,
,,2008 - 2009,
,,2009 - 2010,
,,2010 - 2011,
,,2011 - 2012,
,,2012 - 2013,
,,2013 - 2014,
,,2014 - 2015,
,,2015 - 2016,
,,2016 - 2017,
,,2017 - 2018,
,,2018 - 2019,
,,2019 - 2020,
,,2020 - 2021,
,,2021 - 2022,
,,2022 - 2023,
,Kamrup,2001 - 2002,
,,2002 - 2003,
,,2003 - 2004,
,,2004 - 2005,
,,2005 - 2006,
,,2006 - 2007,
,,2007 - 2008,
,,2008 - 2009,
,,2009 - 2010,
,,2010 - 2011,
,,2011 - 2012,
,,2012 - 2013,
,,2013 - 2014,
,,2014 - 2015,
,,2015 - 2016,
,,2016 - 2017,
,,2017 - 2018,
,,2018 - 2019,
,,2019 - 2020,
,,2020 - 2021,
,,2021 - 2022,
,,2022 - 2023,
,Kamrup metro,2005 - 2006,
,,2006 - 2007,
,,2007 - 2008,
,,2008 - 2009,
,,2009 - 2010,
,,2010 - 2011,
,,2011 - 2012,
,,2012 - 2013,
,,2013 - 2014,
,,2014 - 2015,
,,2015 - 2016,
,,2016 - 2017,
,,2017 - 2018,
,,2018 - 2019,
,,2019 - 2020,
,,2020 - 2021,
,,2021 - 2022,
,,2022 - 2023,
,Karbi anglong,2001 - 2002,
,,2002 - 2003,
,,2003 - 2004,
,,2004 - 2005,
,,2005 - 2006,
,,2006 - 2007,
,,2007 - 2008,
,,2008 - 2009,
,,2009 - 2010,
,,2010 - 2011,
,,2011 - 2012,
,,2012 - 2013,
,,2013 - 2014,
,,2014 - 2015,
,,2015 - 2016,
,,2016 - 2017,
,,2017 - 2018,
,,2018 - 2019,
,,2019 - 2020,
,,2020 - 2021,
,,2021 - 2022,
,,2022 - 2023,
,Karimganj,2001 - 2002,
,,2002 - 2003,
,,2003 - 2004,
,,2004 - 2005,
,,2005 - 2006,
,,2006 - 2007,
,,2007 - 2008,
,,2008 - 2009,
,,2009 - 2010,
,,2010 - 2011,
,,2011 - 2012,
,,2012 - 2013,
,,2013 - 2014,
,,2014 - 2015,
,,2015 - 2016,
,,2016 - 2017,
,,2017 - 2018,
,,2018 - 2019,
,,2019 - 2020,
,,2020 - 2021,
,,2021 - 2022,
,,2022 - 2023,
,Kokrajhar,2001 - 2002,
,,2002 - 2003,
,,2003 - 2004,
,,2004 - 2005,
,,2005 - 2006,
,,2006 - 2007,
,,2007 - 2008,
,,2008 - 2009,
,,2009 - 2010,
,,2010 - 2011,
,,2011 - 2012,
,,2012 - 2013,
,,2013 - 2014,
,,2014 - 2015,
,,2015 - 2016,
,,2016 - 2017,
,,2017 - 2018,
,,2018 - 2019,
,,2019 - 2020,
,,2020 - 2021,
,,2021 - 2022,
,,2022 - 2023,
,Lakhimpur,2001 - 2002,
,,2002 - 2003,
,,2003 - 2004,
,,2004 - 2005,
,,2005 - 2006,
,,2006 - 2007,
,,2007 - 2008,
,,2008 - 2009,
,,2009 - 2010,
,,2010 - 2011,
,,2011 - 2012,
,,2012 - 2013,
,,2013 - 2014,
,,2014 - 2015,
,,2015 - 2016,
,,2016 - 2017,
,,2017 - 2018,
,,2018 - 2019,
,,2019 - 2020,
,,2020 - 2021,
,,2021 - 2022,
,,2022 - 2023,
,Majuli,2020 - 2021,
,,2021 - 2022,
,,2022 - 2023,
,Marigaon,2001 - 2002,
,,2002 - 2003,
,,2003 - 2004,
,,2004 - 2005,
,,2005 - 2006,
,,2006 - 2007,
,,2007 - 2008,
,,2008 - 2009,
,,2009 - 2010,
,,2010 - 2011,
,,2011 - 2012,
,,2012 - 2013,
,,2013 - 2014,
,,2014 - 2015,
,,2015 - 2016,
,,2016 - 2017,
,,2017 - 2018,
,,2018 - 2019,
,,2019 - 2020,
,,2020 - 2021,
,,2021 - 2022,
,,2022 - 2023,
,Nagaon,2001 - 2002,
,,2002 - 2003,
,,2003 - 2004,
,,2004 - 2005,
,,2005 - 2006,
,,2006 - 2007,
,,2007 - 2008,
,,2008 - 2009,
,,2009 - 2010,
,,2010 - 2011,
,,2011 - 2012,
,,2012 - 2013,
,,2013 - 2014,
,,2014 - 2015,
,,2015 - 2016,
,,2016 - 2017,
,,2017 - 2018,
,,2018 - 2019,
,,2019 - 2020,
,,2020 - 2021,
,,2021 - 2022,
,,2022 - 2023,
,Nalbari,2001 - 2002,
,,2002 - 2003,
,,2003 - 2004,
,,2004 - 2005,
,,2005 - 2006,
,,2006 - 2007,
,,2007 - 2008,
,,2008 - 2009,
,,2009 - 2010,
,,2010 - 2011,
,,2011 - 2012,
,,2012 - 2013,
,,2013 - 2014,
,,2014 - 2015,
,,2015 - 2016,
,,2016 - 2017,
,,2017 - 2018,
,,2018 - 2019,
,,2019 - 2020,
,,2020 - 2021,
,,2021 - 2022,
,,2022 - 2023,
,Sivasagar,2001 - 2002,
,,2002 - 2003,
,,2003 - 2004,
,,2004 - 2005,
,,2005 - 2006,
,,2006 - 2007,
,,2007 - 2008,
,,2008 - 2009,
,,2009 - 2010,
,,2010 - 2011,
,,2011 - 2012,
,,2012 - 2013,
,,2013 - 2014,
,,2014 - 2015,
,,2015 - 2016,
,,2016 - 2017,
,,2017 - 2018,
,,2018 - 2019,
,,2019 - 2020,
,,2020 - 2021,
,,2021 - 2022,
,,2022 - 2023,
,Sonitpur,2001 - 2002,
,,2002 - 2003,
,,2003 - 2004,
,,2004 - 2005,
,,2005 - 2006,
,,2006 - 2007,
,,2007 - 2008,
,,2008 - 2009,
,,2009 - 2010,
,,2010 - 2011,
,,2011 - 2012,
,,2012 - 2013,
,,2013 - 2014,
,,2014 - 2015,
,,2015 - 2016,
,,2016 - 2017,
,,2017 - 2018,
,,2018 - 2019,
,,2019 - 2020,
,,2020 - 2021,
,,2021 - 2022,
,,2022 - 2023,
,South salmara mancachar,2020 - 2021,
,,2021 - 2022,
,,2022 - 2023,
,Tinsukia,2001 - 2002,
,,2002 - 2003,
,,2003 - 2004,
,,2004 - 2005,
,,2005 - 2006,
,,2006 - 2007,
,,2007 - 2008,
,,2008 - 2009,
,,2009 - 2010,
,,2010 - 2011,
,,2011 - 2012,
,,2012 - 2013,
,,2013 - 2014,
,,2014 - 2015,
,,2015 - 2016,
,,2016 - 2017,
,,2017 - 2018,
,,2018 - 2019,
,,2019 - 2020,
,,2020 - 2021,
,,2021 - 2022,
,,2022 - 2023,
,Udalguri,2005 - 2006,
,,2006 - 2007,
,,2007 - 2008,
,,2008 - 2009,
,,2009 - 2010,
,,2010 - 2011,
,,2011 - 2012,
,,2012 - 2013,
,,2013 - 2014,
,,2014 - 2015,
,,2015 - 2016,
,,2016 - 2017,
,,2017 - 2018,
,,2018 - 2019,
,,2019 - 2020,
,,2020 - 2021,
,,2021 - 2022,
,,2022 - 2023,
,West karbi anglong,2020 - 2021,
,,2021 - 2022,
,,2022 - 2023,
Bihar,Araria,2000 - 2001,
,,2001 - 2002,
,,2002 - 2003,0.63
,,2003 - 2004,0.61
,,2004 - 2005,0.53
,,2005 - 2006,0.56
,,2006 - 2007,0.53
,,2007 - 2008,0.53
,,2008 - 2009,0.52
,,2009 - 2010,0.49
,,2010 - 2011,0.62
,,2011 - 2012,0.55
,,2012 - 2013,0.67
,,2013 - 2014,0.9
,,2014 - 2015,0.53
,,2015 - 2016,1.0
,,2016 - 2017,1.13
,,2017 - 2018,0.87
,,2018 - 2019,0.78
,,2019 - 2020,0.43
,,2020 - 2021,0.73
,,2021 - 2022,0.24
,,2022 - 2023,0.44
,Arwal,2003 - 2004,0.49
,,2004 - 2005,0.53
,,2005 - 2006,0.58
,,2007 - 2008,0.6
,,2008 - 2009,0.67
,,2009 - 2010,0.46
,,2010 - 2011,0.6
,,2011 - 2012,0.53
,,2012 - 2013,0.88
,,2013 - 2014,1.21
,,2014 - 2015,0.58
,,2015 - 2016,0.88
,,2016 - 2017,1.01
,,2017 - 2018,1.63
,,2018 - 2019,0.72
,,2019 - 2020,1.02
,,2020 - 2021,0.3
,,2021 - 2022,0.78
,,2022 - 2023,0.85
,Aurangabad,2000 - 2001,
,,2001 - 2002,
,,2002 - 2003,1.0
,,2003 - 2004,
,,2004 - 2005,
,,2005 - 2006,0.6
,,2006 - 2007,0.53
,,2007 - 2008,0.63
,,2008 - 2009,0.6
,,2009 - 2010,0.43
,,2010 - 2011,0.67
,,2012 - 2013,1.0
,,2013 - 2014,1.25
,,2014 - 2015,0.67
,,2015 - 2016,0.91
,,2016 - 2017,1.04
,,2017 - 2018,1.64
,,2018 - 2019,0.72
,,2019 - 2020,1.03
,,2020 - 2021,0.31
,,2021 - 2022,0.79
,,2022 - 2023,0.84
,Banka,2000 - 2001,
,,2001 - 2002,
,,2002 - 2003,0.61
,,2003 - 2004,0.49
,,2004 - 2005,0.55
,,2005 - 2006,0.57
,,2006 - 2007,0.53
,,2007 - 2008,0.6
,,2008 - 2009,0.67
,,2009 - 2010,0.43
,,2010 - 2011,0.54
,,2011 - 2012,0.6
,,2012 - 2013,0.62
,,2013 - 2014,0.67
,,2014 - 2015,0.58
,,2015 - 2016,0.55
,,2016 - 2017,0.69
,,2017 - 2018,0.71
,,2018 - 2019,0.71
,,2019 - 2020,0.67
,,2020 - 2021,0.9
,,2021 - 2022,0.69
,,2022 - 2023,0.74
,Begusarai,2000 - 2001,
,,2001 - 2002,
,,2002 - 2003,0.5
,,2003 - 2004,0.49
,,2004 - 2005,0.46
,,2005 - 2006,0.61
,,2006 - 2007,0.53
,,2007 - 2008,0.95
,,2008 - 2009,0.67
,,2009 - 2010,1.04
,,2010 - 2011,1.0
,,2011 - 2012,1.11
,,2012 - 2013,0.62
,,2013 - 2014,1.16
,,2014 - 2015,0.58
,,2015 - 2016,0.88
,,2016 - 2017,1.02
,,2017 - 2018,0.74
,,2018 - 2019,0.93
,,2019 - 2020,0.77
,,2020 - 2021,0.55
,,2021 - 2022,0.54
,,2022 - 2023,0.59
,Bhagalpur,2000 - 2001,
,,2001 - 2002,
,,2002 - 2003,0.61
,,2003 - 2004,0.49
,,2004 - 2005,0.55
,,2005 - 2006,0.57
,,2006 - 2007,0.53
,,2007 - 2008,0.6
,,2008 - 2009,0.67
,,2009 - 2010,0.43
,,2010 - 2011,0.54
,,2011 - 2012,0.6
,,2012 - 2013,0.62
,,2013 - 2014,0.67
,,2014 - 2015,0.58
,,2015 - 2016,0.55
,,2016 - 2017,0.69
,,2017 - 2018,0.71
,,2018 - 2019,0.71
,,2019 - 2020,0.67
,,2020 - 2021,0.9
,,2021 - 2022,0.68
,,2022 - 2023,0.75
,Bhojpur,2000 - 2001,
,,2001 - 2002,
,,2002 - 2003,0.5
,,2003 - 2004,0.47
,,2004 - 2005,0.57
,,2005 - 2006,0.58
,,2006 - 2007,0.54
,,2007 - 2008,0.6
,,2008 - 2009,0.67
,,2009 - 2010,0.43
,,2010 - 2011,0.54
,,2011 - 2012,0.6
,,2012 - 2013,0.63
,,2013 - 2014,0.67
,,2014 - 2015,0.58
,,2015 - 2016,0.55
,,2016 - 2017,0.68
,,2017 - 2018,0.71
,,2018 - 2019,0.71
,,2019 - 2020,0.68
,,2020 - 2021,1.1
,,2021 - 2022,0.75
,Buxar,2000 - 2001,
,,2001 - 2002,
,,2002 - 2003,
,,2003 - 2004,
,,2004 - 2005,
,,2005 - 2006,0.6
,,2006 - 2007,0.53
,,2007 - 2008,
,,2008 - 2009,0.67
,,2009 - 2010,
,,2010 - 2011,
,,2011 - 2012,0.6
,,2012 - 2013,0.62
,,2013 - 2014,0.67
,,2014 - 2015,0.59
,,2015 - 2016,0.54
,,2016 - 2017,0.69
,,2017 - 2018,0.7
,,2018 - 2019,0.68
,,2019 - 2020,0.68
,,2020 - 2021,1.13
,,2021 - 2022,0.7
,,2022 - 2023,0.96
,Darbhanga,2000 - 2001,
,,2002 - 2003,0.55
,,2003 - 2004,0.43
,,2004 - 2005,0.39
,,2005 - 2006,0.73
,,2006 - 2007,0.57
,,2007 - 2008,0.55
,,2008 - 2009,0.08
,,2009 - 2010,0.58
,,2010 - 2011,0.57
,,2011 - 2012,1.11
,,2012 - 2013,0.31
,,2013 - 2014,0.84
,,2014 - 2015,1.29
,,2015 - 2016,0.76
,,2016 - 2017,0.75
,,2017 - 2018,0.74
,,2018 - 2019,0.81
,,2019 - 2020,0.76
,,2020 - 2021,0.31
,,2021 - 2022,0.67
,,2022 - 2023,0.57
,Gaya,2000 - 2001,
,,2001 - 2002,
,,2002 - 2003,0.61
,,2003 - 2004,0.49
,,2004 - 2005,0.55
,,2005 - 2006,0.57
,,2006 - 2007,0.53
,,2007 - 2008,0.6
,,2008 - 2009,0.67
,,2009 - 2010,0.46
,,2010 - 2011,0.6
,,2011 - 2012,0.53
,,2012 - 2013,0.88
,,2013 - 2014,1.21
,,2014 - 2015,0.58
,,2015 - 2016,0.83
,,2016 - 2017,1.29
,,2017 - 2018,1.22
,,2018 - 2019,0.58
,,2019 - 2020,1.09
,,2020 - 2021,0.34
,,2021 - 2022,0.76
,,2022 - 2023,0.83
,Gopalganj,2000 - 2001,
,,2001 - 2002,
,,2002 - 2003,0.38
,,2003 - 2004,0.44
,,2004 - 2005,0.38
,,2005 - 2006,0.65
,,2006 - 2007,0.53
,,2007 - 2008,0.5
,,2008 - 2009,0.67
,,2009 - 2010,0.28
,,2010 - 2011,1.6
,,2011 - 2012,0.61
,,2012 - 2013,0.57
,,2013 - 2014,0.67
,,2014 - 2015,1.04
,,2015 - 2016,0.7
,,2016 - 2017,0.64
,,2017 - 2018,0.8
,,2018 - 2019,0.56
,,2019 - 2020,0.21
,,2020 - 2021,0.68
,,2021 - 2022,0.73
,,2022 - 2023,0.62
,Jamui,2000 - 2001,
,,2001 - 2002,
,,2002 - 2003,0.5
,,2003 - 2004,0.49
,,2004 - 2005,0.46
,,2005 - 2006,0.61
,,2006 - 2007,0.53
,,2007 - 2008,0.95
,,2008 - 2009,1.0
,,2009 - 2010,1.03
,,2010 - 2011,1.0
,,2011 - 2012,1.11
,,2012 - 2013,0.62
,,2013 - 2014,1.15
,,2014 - 2015,0.58
,,2015 - 2016,0.88
,,2016 - 2017,1.02
,,2017 - 2018,0.74
,,2018 - 2019,0.93
,,2019 - 2020,0.77
,,2020 - 2021,0.55
,,2021 - 2022,0.55
,,2022 - 2023,0.56
,Jehanabad,2000 - 2001,
,,2001 - 2002,
,,2002 - 2003,0.59
,,2003 - 2004,0.48
,,2004 - 2005,0.54
,,2005 - 2006,0.58
,,2006 - 2007,0.53
,,2007 - 2008,0.59
,,2008 - 2009,0.67
,,2009 - 2010,0.46
,,2010 - 2011,0.6
,,2011 - 2012,0.53
,,2012 - 2013,0.88
,,2013 - 2014,1.21
,,2014 - 2015,0.58
,,2015 - 2016,0.88
,,2016 - 2017,1.02
,,2017 - 2018,1.64
,,2018 - 2019,0.72
,,2019 - 2020,1.02
,,2020 - 2021,0.3
,,2021 - 2022,0.78
,,2022 - 2023,0.85
,Kaimur (bhabua),2000 - 2001,
,,2002 - 2003,
,,2003 - 2004,
,,2004 - 2005,
,,2005 - 2006,
,,2006 - 2007,
,,2007 - 2008,
,,2008 - 2009,
,,2009 - 2010,0.4
,,2010 - 2011,0.6
,,2011 - 2012,0.6
,,2012 - 2013,0.63
,,2013 - 2014,0.67
,,2014 - 2015,0.58
,,2015 - 2016,0.55
,,2016 - 2017,0.69
,,2017 - 2018,0.7
,,2018 - 2019,0.7
,,2019 - 2020,0.67
,,2020 - 2021,1.14
,,2021 - 2022,0.7
,,2022 - 2023,0.96
,Katihar,2000 - 2001,
,,2001 - 2002,
,,2002 - 2003,0.76
,,2003 - 2004,0.7
,,2004 - 2005,0.53
,,2005 - 2006,0.47
,,2006 - 2007,0.53
,,2007 - 2008,0.55
,,2008 - 2009,0.46
,,2009 - 2010,0.56
,,2010 - 2011,0.83
,,2011 - 2012,0.6
,,2012 - 2013,1.23
,,2013 - 2014,1.02
,,2014 - 2015,1.16
,,2015 - 2016,1.23
,,2016 - 2017,1.03
,,2017 - 2018,0.94
,,2018 - 2019,0.7
,,2019 - 2020,0.85
,,2020 - 2021,0.72
,,2021 - 2022,0.98
,,2022 - 2023,0.85
,Khagaria,2000 - 2001,
,,2001 - 2002,
,,2002 - 2003,0.5
,,2003 - 2004,0.49
,,2004 - 2005,0.46
,,2005 - 2006,0.61
,,2006 - 2007,0.53
,,2007 - 2008,0.95
,,2008 - 2009,0.67
,,2009 - 2010,1.04
,,2010 - 2011,1.0
,,2011 - 2012,1.11
,,2012 - 2013,0.62
,,2013 - 2014,1.16
,,2014 - 2015,0.58
,,2015 - 2016,0.88
,,2016 - 2017,1.02
,,2017 - 2018,0.74
,,2018 - 2019,0.93
,,2019 - 2020,0.77
,,2020 - 2021,0.55
,,2021 - 2022,0.55
,,2022 - 2023,0.61
,Kishanganj,2000 - 2001,
,,2001 - 2002,
,,2002 - 2003,0.69
,,2003 - 2004,0.44
,,2004 - 2005,0.76
,,2005 - 2006,0.58
,,2006 - 2007,0.85
,,2007 - 2008,0.49
,,2008 - 2009,0.47
,,2009 - 2010,0.41
,,2010 - 2011,0.58
,,2011 - 2012,1.47
,,2012 - 2013,0.88
,,2013 - 2014,0.9
,,2014 - 2015,1.13
,,2015 - 2016,0.74
,,2016 - 2017,1.09
,,2017 - 2018,0.61
,,2018 - 2019,0.46
,,2019 - 2020,0.65
,,2020 - 2021,0.23
,,2021 - 2022,0.78
,,2022 - 2023,0.69
,Lakhisarai,2000 - 2001,
,,2002 - 2003,0.5
,,2003 - 2004,0.47
,,2004 - 2005,0.44
,,2005 - 2006,1.0
,,2006 - 2007,0.55
,,2010 - 2011,
,,2011 - 2012,
,,2012 - 2013,
,,2013 - 2014,
,,2014 - 2015,
,,2015 - 2016,
,,2016 - 2017,1.03
,,2017 - 2018,0.75
,,2018 - 2019,0.93
,,2019 - 2020,0.77
,,2020 - 2021,0.56
,,2021 - 2022,0.55
,,2022 - 2023,0.59
,Madhepura,2000 - 2001,
,,2002 - 2003,0.63
,,2003 - 2004,0.43
,,2004 - 2005,0.54
,,2005 - 2006,0.74
,,2006 - 2007,0.8
,,2007 - 2008,0.53
,,2008 - 2009,0.8
,,2009 - 2010,0.44
,,2010 - 2011,0.47
,,2011 - 2012,0.58
,,2012 - 2013,0.57
,,2013 - 2014,0.29
,,2014 - 2015,0.41
,,2015 - 2016,0.35
,,2016 - 2017,0.63
,,2017 - 2018,0.86
,,2018 - 2019,0.86
,,2019 - 2020,0.68
,,2020 - 2021,0.49
,,2021 - 2022,0.79
,,2022 - 2023,0.94
,Madhubani,2000 - 2001,
,,2001 - 2002,
,,2002 - 2003,0.57
,,2003 - 2004,0.47
,,2004 - 2005,0.58
,,2005 - 2006,0.67
,,2006 - 2007,0.45
,,2007 - 2008,0.49
,,2008 - 2009,0.33
,,2009 - 2010,0.45
,,2010 - 2011,0.43
,,2011 - 2012,0.67
,,2012 - 2013,0.65
,,2013 - 2014,0.71
,,2014 - 2015,0.62
,,2015 - 2016,0.76
,,2016 - 2017,0.73
,,2017 - 2018,0.91
,,2018 - 2019,1.01
,,2019 - 2020,0.88
,,2020 - 2021,0.58
,,2021 - 2022,0.52
,,2022 - 2023,0.57
,Munger,2000 - 2001,
,,2001 - 2002,
,,2002 - 2003,0.5
,,2003 - 2004,0.49
,,2004 - 2005,0.46
,,2005 - 2006,0.62
,,2006 - 2007,0.53
,,2007 - 2008,0.95
,,2008 - 2009,0.67
,,2009 - 2010,1.04
,,2010 - 2011,1.0
,,2011 - 2012,1.1
,,2012 - 2013,0.62
,,2013 - 2014,1.16
,,2014 - 2015,0.58
,,2015 - 2016,0.88
,,2016 - 2017,1.02
,,2017 - 2018,0.74
,,2018 - 2019,0.93
,,2019 - 2020,0.77
,,2020 - 2021,0.55
,,2021 - 2022,0.55
,,2022 - 2023,0.59
,Muzaffarpur,2000 - 2001,
,,2002 - 2003,0.57
,,2003 - 2004,0.51
,,2004 - 2005,0.41
,,2005 - 2006,0.81
,,2006 - 2007,0.52
,,2007 - 2008,0.63
,,2008 - 2009,0.54
,,2009 - 2010,0.39
,,2010 - 2011,0.43
,,2011 - 2012,0.39
,,2012 - 2013,0.62
,,2013 - 2014,0.55
,,2014 - 2015,0.52
,,2015 - 2016,0.43
,,2016 - 2017,0.38
,,2017 - 2018,0.53
,,2018 - 2019,0.75
,,2019 - 2020,0.53
,,2020 - 2021,0.54
,,2021 - 2022,0.73
,,2022 - 2023,0.84
,Nalanda,2000 - 2001,
,,2001 - 2002,
,,2002 - 2003,0.61
,,2003 - 2004,0.49
,,2004 - 2005,0.55
,,2005 - 2006,0.57
,,2006 - 2007,0.53
,,2007 - 2008,0.6
,,2008 - 2009,0.67
,,2009 - 2010,0.43
,,2010 - 2011,0.54
,,2011 - 2012,0.6
,,2012 - 2013,0.62
,,2013 - 2014,0.67
,,2014 - 2015,0.58
,,2015 - 2016,0.55
,,2016 - 2017,0.69
,,2017 - 2018,0.71
,,2018 - 2019,0.7
,,2019 - 2020,0.67
,,2020 - 2021,1.14
,,2021 - 2022,0.69
,,2022 - 2023,1.09
,Nawada,2000 - 2001,
,,2001 - 2002,
,,2002 - 2003,0.61
,,2003 - 2004,0.49
,,2004 - 2005,0.55
,,2005 - 2006,0.57
,,2006 - 2007,0.53
,,2007 - 2008,0.6
,,2008 - 2009,0.67
,,2009 - 2010,0.46
,,2010 - 2011,0.6
,,2011 - 2012,0.53
,,2012 - 2013,0.88
,,2013 - 2014,1.21
,,2014 - 2015,0.58
,,2015 - 2016,0.98
,,2016 - 2017,0.59
,,2017 - 2018,2.28
,,2018 - 2019,0.93
,,2019 - 2020,0.91
,,2020 - 2021,0.26
,,2021 - 2022,0.8
,,2022 - 2023,0.87
,Pashchim champaran,2000 - 2001,
,,2001 - 2002,
,,2002 - 2003,0.55
,,2003 - 2004,0.5
,,2004 - 2005,0.4
,,2005 - 2006,0.68
,,2006 - 2007,0.45
,,2007 - 2008,0.56
,,2008 - 2009,0.52
,,2009 - 2010,0.41
,,2010 - 2011,0.51
,,2011 - 2012,0.39
,,2012 - 2013,0.62
,,2013 - 2014,0.58
,,2014 - 2015,0.52
,,2015 - 2016,0.45
,,2016 - 2017,0.41
,,2017 - 2018,0.73
,,2018 - 2019,0.77
,,2019 - 2020,0.6
,,2020 - 2021,0.52
,,2021 - 2022,0.85
,,2022 - 2023,1.14
,Patna,2000 - 2001,
,,2001 - 2002,
,,2002 - 2003,0.63
,,2003 - 2004,0.49
,,2004 - 2005,0.55
,,2005 - 2006,0.58
,,2006 - 2007,0.53
,,2007 - 2008,0.6
,,2008 - 2009,0.67
,,2009 - 2010,0.43
,,2010 - 2011,0.54
,,2011 - 2012,0.6
,,2012 - 2013,0.62
,,2013 - 2014,0.67
,,2014 - 2015,0.58
,,2015 - 2016,0.55
,,2016 - 2017,0.69
,,2017 - 2018,0.71
,,2018 - 2019,0.71
,,2019 - 2020,0.67
,,2020 - 2021,1.14
,,2021 - 2022,0.7
,,2022 - 2023,0.67
,Purbi champaran,2000 - 2001,
,,2002 - 2003,0.55
,,2003 - 2004,0.5
,,2004 - 2005,0.4
,,2005 - 2006,0.68
,,2006 - 2007,0.45
,,2007 - 2008,0.56
,,2008 - 2009,0.52
,,2009 - 2010,0.41
,,2010 - 2011,0.51
,,2011 - 2012,0.39
,,2012 - 2013,0.62
,,2013 - 2014,0.58
,,2014 - 2015,0.52
,,2015 - 2016,0.45
,,2016 - 2017,0.41
,,2017 - 2018,0.73
,,2018 - 2019,1.78
,,2019 - 2020,1.01
,,2020 - 2021,0.52
,,2021 - 2022,0.85
,,2022 - 2023,1.03
,Purnia,2000 - 2001,
,,2001 - 2002,
,,2002 - 2003,0.87
,,2003 - 2004,0.87
,,2004 - 2005,0.43
,,2005 - 2006,0.28
,,2006 - 2007,0.35
,,2007 - 2008,1.21
,,2008 - 2009,0.6
,,2009 - 2010,0.54
,,2010 - 2011,0.54
,,2011 - 2012,1.13
,,2012 - 2013,1.33
,,2013 - 2014,0.8
,,2014 - 2015,0.63
,,2015 - 2016,0.94
,,2016 - 2017,1.09
,,2017 - 2018,0.36
,,2018 - 2019,1.03
,,2019 - 2020,0.83
,,2020 - 2021,0.56
,,2021 - 2022,0.49
,,2022 - 2023,1.26
,Rohtas,2000 - 2001,
,,2001 - 2002,
,,2002 - 2003,0.61
,,2003 - 2004,0.49
,,2004 - 2005,0.55
,,2005 - 2006,0.57
,,2006 - 2007,0.52
,,2007 - 2008,0.9
,,2008 - 2009,0.67
,,2009 - 2010,0.42
,,2010 - 2011,0.54
,,2011 - 2012,0.6
,,2012 - 2013,0.63
,,2013 - 2014,0.67
,,2014 - 2015,0.58
,,2015 - 2016,0.55
,,2016 - 2017,0.69
,,2017 - 2018,0.71
,,2018 - 2019,0.71
,,2019 - 2020,0.67
,,2020 - 2021,1.15
,,2021 - 2022,0.7
,,2022 - 2023,0.82
,Saharsa,2000 - 2001,
,,2002 - 2003,0.87
,,2003 - 2004,0.28
,,2004 - 2005,0.82
,,2005 - 2006,0.44
,,2006 - 2007,0.48
,,2007 - 2008,0.53
,,2008 - 2009,0.64
,,2009 - 2010,0.38
,,2010 - 2011,0.63
,,2011 - 2012,0.65
,,2012 - 2013,0.37
,,2013 - 2014,0.55
,,2014 - 2015,0.26
,,2015 - 2016,0.35
,,2016 - 2017,0.74
,,2017 - 2018,0.62
,,2018 - 2019,0.75
,,2019 - 2020,0.62
,,2020 - 2021,0.68
,,2021 - 2022,0.66
,,2022 - 2023,0.57
,Samastipur,2000 - 2001,
,,2001 - 2002,
,,2002 - 2003,0.41
,,2003 - 2004,0.54
,,2004 - 2005,0.61
,,2005 - 2006,0.62
,,2006 - 2007,0.55
,,2007 - 2008,1.04
,,2008 - 2009,1.63
,,2009 - 2010,0.62
,,2010 - 2011,0.71
,,2011 - 2012,0.59
,,2012 - 2013,0.46
,,2013 - 2014,0.62
,,2014 - 2015,0.54
,,2015 - 2016,0.76
,,2016 - 2017,0.77
,,2017 - 2018,0.38
,,2018 - 2019,0.32
,,2019 - 2020,0.54
,,2020 - 2021,0.89
,,2021 - 2022,1.0
,,2022 - 2023,1.06
,Saran,2000 - 2001,
,,2002 - 2003,0.71
,,2003 - 2004,0.42
,,2004 - 2005,0.38
,,2005 - 2006,0.47
,,2006 - 2007,0.86
,,2007 - 2008,0.66
,,2008 - 2009,0.67
,,2009 - 2010,0.28
,,2010 - 2011,0.52
,,2011 - 2012,0.44
,,2012 - 2013,0.54
,,2013 - 2014,0.67
,,2014 - 2015,1.06
,,2015 - 2016,0.7
,,2016 - 2017,0.59
,,2017 - 2018,0.8
,,2018 - 2019,0.56
,,2019 - 2020,0.21
,,2020 - 2021,0.68
,,2021 - 2022,0.74
,,2022 - 2023,0.79
,Sheikhpura,2000 - 2001,
,,2002 - 2003,0.5
,,2003 - 2004,0.5
,,2004 - 2005,0.33
,,2005 - 2006,
,,2009 - 2010,1.06
,,2011 - 2012,1.14
,,2012 - 2013,0.6
,,2013 - 2014,1.18
,,2014 - 2015,0.63
,,2015 - 2016,0.88
,,2016 - 2017,1.02
,,2017 - 2018,0.73
,,2018 - 2019,0.93
,,2019 - 2020,0.77
,,2020 - 2021,0.55
,,2021 - 2022,0.55
,,2022 - 2023,0.56
,Sheohar,2000 - 2001,
,,2002 - 2003,0.55
,,2003 - 2004,0.5
,,2004 - 2005,0.4
,,2005 - 2006,0.68
,,2006 - 2007,0.45
,,2007 - 2008,0.56
,,2008 - 2009,0.52
,,2009 - 2010,0.41
,,2010 - 2011,0.51
,,2011 - 2012,0.39
,,2012 - 2013,0.62
,,2013 - 2014,0.58
,,2014 - 2015,0.52
,,2015 - 2016,0.45
,,2016 - 2017,0.41
,,2017 - 2018,0.73
,,2018 - 2019,0.77
,,2019 - 2020,0.6
,,2020 - 2021,0.52
,,2021 - 2022,0.85
,,2022 - 2023,1.01
,Sitamarhi,2000 - 2001,
,,2001 - 2002,
,,2002 - 2003,0.44
,,2003 - 2004,0.41
,,2004 - 2005,0.41
,,2005 - 2006,0.83
,,2006 - 2007,0.45
,,2007 - 2008,0.56
,,2008 - 2009,0.52
,,2009 - 2010,0.4
,,2010 - 2011,0.86
,,2011 - 2012,0.54
,,2012 - 2013,0.62
,,2013 - 2014,0.54
,,2014 - 2015,0.53
,,2015 - 2016,0.56
,,2016 - 2017,0.6
,,2017 - 2018,0.64
,,2018 - 2019,0.44
,,2019 - 2020,0.7
,,2020 - 2021,0.66
,,2021 - 2022,0.81
,,2022 - 2023,1.09
,Siwan,2000 - 2001,
,,2001 - 2002,
,,2002 - 2003,0.43
,,2003 - 2004,0.58
,,2004 - 2005,0.37
,,2005 - 2006,0.29
,,2006 - 2007,1.08
,,2007 - 2008,0.26
,,2008 - 2009,0.67
,,2009 - 2010,0.27
,,2010 - 2011,0.87
,,2011 - 2012,0.96
,,2012 - 2013,0.65
,,2013 - 2014,0.67
,,2014 - 2015,0.72
,,2015 - 2016,0.7
,,2016 - 2017,0.61
,,2017 - 2018,0.8
,,2018 - 2019,0.56
,,2019 - 2020,0.2
,,2020 - 2021,0.68
,,2021 - 2022,0.74
,,2022 - 2023,0.64
,Supaul,2000 - 2001,
,,2001 - 2002,
,,2002 - 2003,0.43
,,2003 - 2004,0.45
,,2004 - 2005,0.71
,,2005 - 2006,0.36
,,2006 - 2007,0.47
,,2007 - 2008,0.52
,,2008 - 2009,0.75
,,2009 - 2010,0.28
,,2010 - 2011,0.34
,,2011 - 2012,0.37
,,2012 - 2013,0.69
,,2013 - 2014,0.84
,,2014 - 2015,0.53
,,2015 - 2016,0.35
,,2016 - 2017,0.69
,,2017 - 2018,0.51
,,2018 - 2019,0.55
,,2019 - 2020,0.72
,,2020 - 2021,0.43
,,2021 - 2022,0.49
,,2022 - 2023,0.68
,Vaishali,2000 - 2001,
,,2001 - 2002,
,,2002 - 2003,0.54
,,2003 - 2004,0.51
,,2004 - 2005,0.4
,,2005 - 2006,0.36
,,2006 - 2007,0.32
,,2007 - 2008,0.45
,,2008 - 2009,0.49
,,2009 - 2010,0.42
,,2010 - 2011,0.54
,,2011 - 2012,0.3
,,2012 - 2013,0.62
,,2013 - 2014,0.68
,,2014 - 2015,0.52
,,2015 - 2016,0.45
,,2016 - 2017,0.41
,,2017 - 2018,1.44
,,2018 - 2019,0.82
,,2019 - 2020,0.73
,,2020 - 2021,0.4
,,2021 - 2022,1.26
,,2022 - 2023,1.09
Chandigarh,Chandigarh,2000 - 2001,
Chhattisgarh,Balod,2011 - 2012,
,,2012 - 2013,
,,2013 - 2014,
,,2014 - 2015,
,,2015 - 2016,
,,2016 - 2017,
,,2017 - 2018,
,,2018 - 2019,
,,2019 - 2020,
,,2020 - 2021,
,,2021 - 2022,
,,2022 - 2023,
,Baloda bazar,2011 - 2012,
,,2012 - 2013,
,,2013 - 2014,
,,2014 - 2015,
,,2015 - 2016,
,,2016 - 2017,
,,2017 - 2018,
,,2018 - 2019,
,,2019 - 2020,
,,2020 - 2021,
,,2021 - 2022,
,,2022 - 2023,
,Balrampur,2011 - 2012,
,,2012 - 2013,
,,2013 - 2014,
,,2014 - 2015,
,,2015 - 2016,
,,2016 - 2017,
,,2017 - 2018,
,,2018 - 2019,
,,2019 - 2020,
,,2020 - 2021,
,,2021 - 2022,
,,2022 - 2023,
,Bastar,2000 - 2001,
,,2001 - 2002,
,,2002 - 2003,
,,2003 - 2004,
,,2004 - 2005,
,,2005 - 2006,
,,2006 - 2007,
,,2007 - 2008,
,,2008 - 2009,
,,2009 - 2010,
,,2010 - 2011,
,,2011 - 2012,
,,2012 - 2013,
,,2013 - 2014,
,,2014 - 2015,
,,2015 - 2016,
,,2016 - 2017,
,,2017 - 2018,
,,2018 - 2019,
,,2019 - 2020,
,,2020 - 2021,
,,2021 - 2022,
,,2022 - 2023,
,Bemetara,2011 - 2012,
,,2012 - 2013,
,,2013 - 2014,
,,2014 - 2015,
,,2015 - 2016,
,,2016 - 2017,
,,2017 - 2018,
,,2018 - 2019,
,,2019 - 2020,
,,2020 - 2021,
,,2021 - 2022,
,,2022 - 2023,
,Bijapur,2006 - 2007,
,,2007 - 2008,
,,2008 - 2009,
,,2009 - 2010,
,,2010 - 2011,
,,2011 - 2012,
,,2012 - 2013,
,,2013 - 2014,
,,2014 - 2015,
,,2015 - 2016,
,,2016 - 2017,
,,2017 - 2018,
,,2018 - 2019,
,,2019 - 2020,
,,2020 - 2021,
,,2021 - 2022,
,,2022 - 2023,
,Bilaspur,2000 - 2001,
,,2001 - 2002,
,,2002 - 2003,
,,2003 - 2004,
,,2004 - 2005,
,,2005 - 2006,
,,2006 - 2007,
,,2007 - 2008,
,,2008 - 2009,
,,2009 - 2010,
,,2010 - 2011,
,,2011 - 2012,0.0
,,2012 - 2013,
,,2013 - 2014,
,,2014 - 2015,
,,2015 - 2016,
,,2016 - 2017,
,,2017 - 2018,
,,2018 - 2019,
,,2019 - 2020,
,,2020 - 2021,
,,2021 - 2022,
,,2022 - 2023,
,Dantewada,2000 - 2001,
,,2001 - 2002,
,,2002 - 2003,
,,2003 - 2004,
,,2004 - 2005,
,,2005 - 2006,
,,2006 - 2007,
,,2007 - 2008,
,,2008 - 2009,
,,2009 - 2010,
,,2010 - 2011,
,,2011 - 2012,
,,2012 - 2013,
,,2013 - 2014,
,,2014 - 2015,
,,2015 - 2016,
,,2016 - 2017,
,,2017 - 2018,
,,2018 - 2019,
,,2019 - 2020,
,,2020 - 2021,
,,2021 - 2022,
,,2022 - 2023,
,Dhamtari,2000 - 2001,
,,2001 - 2002,
,,2002 - 2003,
,,2003 - 2004,
,,2004 - 2005,
,,2005 - 2006,
,,2006 - 2007,
,,2007 - 2008,
,,2008 - 2009,
,,2009 - 2010,
,,2010 - 2011,
,,2011 - 2012,
,,2012 - 2013,
,,2013 - 2014,
,,2014 - 2015,
,,2015 - 2016,
,,2016 - 2017,
,,2017 - 2018,
,,2018 - 2019,
,,2019 - 2020,
,,2020 - 2021,
,,2021 - 2022,
,,2022 - 2023,
,Durg,2000 - 2001,
,,2001 - 2002,
,,2002 - 2003,
,,2003 - 2004,
,,2004 - 2005,
,,2005 - 2006,
,,2006 - 2007,
,,2007 - 2008,
,,2008 - 2009,
,,2009 - 2010,
,,2010 - 2011,
,,2011 - 2012,
,,2012 - 2013,
,,2013 - 2014,
,,2014 - 2015,
,,2015 - 2016,
,,2016 - 2017,
,,2017 - 2018,
,,2018 - 2019,
,,2019 - 2020,
,,2020 - 2021,
,,2021 - 2022,
,,2022 - 2023,
,Gariyaband,2011 - 2012,
,,2012 - 2013,
,,2013 - 2014,
,,2014 - 2015,
,,2015 - 2016,
,,2016 - 2017,
,,2017 - 2018,
,,2018 - 2019,
,,2019 - 2020,
,,2020 - 2021,
,,2021 - 2022,
,,2022 - 2023,
,Gaurella-pendra-marwahi,2019 - 2020,0.0
,,2020 - 2021,
,,2021 - 2022,
,,2022 - 2023,
,Janjgir-champa,2000 - 2001,
,,2001 - 2002,
,,2002 - 2003,
,,2003 - 2004,
,,2004 - 2005,
,,2005 - 2006,
,,2006 - 2007,
,,2007 - 2008,
,,2008 - 2009,
,,2009 - 2010,
,,2010 - 2011,
,,2011 - 2012,
,,2012 - 2013,
,,2013 - 2014,
,,2014 - 2015,
,,2015 - 2016,
,,2016 - 2017,
,,2017 - 2018,
,,2018 - 2019,
,,2019 - 2020,
,,2020 - 2021,
,,2021 - 2022,
,,2022 - 2023,
,Jashpur,2000 - 2001,
,,2001 - 2002,
,,2002 - 2003,
,,2003 - 2004,
,,2004 - 2005,
,,2005 - 2006,
,,2006 - 2007,
,,2007 - 2008,
,,2008 - 2009,
,,2009 - 2010,
,,2010 - 2011,
,,2011 - 2012,
,,2012 - 2013,
,,2013 - 2014,
,,2014 - 2015,
,,2015 - 2016,
,,2016 - 2017,
,,2017 - 2018,
,,2018 - 2019,
,,2019 - 2020,
,,2020 - 2021,
,,2021 - 2022,
,,2022 - 2023,
,Kabirdham,2000 - 2001,
,,2001 - 2002,
,,2002 - 2003,
,,2003 - 2004,
,,2004 - 2005,
,,2005 - 2006,
,,2006 - 2007,
,,2007 - 2008,
,,2008 - 2009,
,,2009 - 2010,
,,2010 - 2011,
,,2011 - 2012,
,,2012 - 2013,
,,2013 - 2014,
,,2014 - 2015,
,,2015 - 2016,
,,2016 - 2017,
,,2017 - 2018,
,,2018 - 2019,
,,2019 - 2020,
,,2020 - 2021,
,,2021 - 2022,
,,2022 - 2023,
,Kanker,2000 - 2001,
,,2001 - 2002,
,,2002 - 2003,
,,2003 - 2004,
,,2004 - 2005,
,,2005 - 2006,
,,2006 - 2007,
,,2007 - 2008,
,,2008 - 2009,
,,2009 - 2010,
,,2010 - 2011,
,,2011 - 2012,
,,2012 - 2013,
,,2013 - 2014,
,,2014 - 2015,
,,2015 - 2016,
,,2016 - 2017,
,,2017 - 2018,
,,2018 - 2019,
,,2019 - 2020,
,,2020 - 2021,
,,2021 - 2022,
,,2022 - 2023,
,Khairgarh chhuikhadan gandai,2022 - 2023,
,Kondagaon,2011 - 2012,
,,2012 - 2013,
,,2013 - 2014,
,,2014 - 2015,
,,2015 - 2016,
,,2016 - 2017,
,,2017 - 2018,
,,2018 - 2019,
,,2019 - 2020,
,,2020 - 2021,
,,2021 - 2022,
,,2022 - 2023,
,Korba,2000 - 2001,
,,2001 - 2002,
,,2002 - 2003,
,,2003 - 2004,
,,2004 - 2005,
,,2005 - 2006,
,,2006 - 2007,
,,2007 - 2008,
,,2008 - 2009,
,,2009 - 2010,
,,2010 - 2011,
,,2011 - 2012,
,,2012 - 2013,
,,2013 - 2014,
,,2014 - 2015,
,,2015 - 2016,
,,2016 - 2017,
,,2017 - 2018,
,,2018 - 2019,
,,2019 - 2020,0.0
,,2020 - 2021,0.0
,,2021 - 2022,
,,2022 - 2023,
,Korea,2000 - 2001,
,,2001 - 2002,
,,2002 - 2003,
,,2003 - 2004,
,,2004 - 2005,
,,2005 - 2006,
,,2006 - 2007,
,,2007 - 2008,
,,2008 - 2009,
,,2009 - 2010,
,,2010 - 2011,
,,2011 - 2012,
,,2012 - 2013,
,,2013 - 2014,
,,2014 - 2015,
,,2015 - 2016,
,,2016 - 2017,
,,2017 - 2018,
,,2018 - 2019,
,,2019 - 2020,
,,2020 - 2021,
,,2021 - 2022,
,,2022 - 2023,
,Mahasamund,2000 - 2001,
,,2001 - 2002,
,,2002 - 2003,
,,2003 - 2004,
,,2004 - 2005,
,,2005 - 2006,
,,2006 - 2007,
,,2007 - 2008,
,,2008 - 2009,
,,2009 - 2010,
,,2010 - 2011,
,,2011 - 2012,
,,2012 - 2013,
,,2013 - 2014,
,,2014 - 2015,
,,2015 - 2016,
,,2016 - 2017,
,,2017 - 2018,
,,2018 - 2019,
,,2019 - 2020,
,,2020 - 2021,
,,2021 - 2022,
,,2022 - 2023,
,Manendragarh chirimiri bharatpur,2022 - 2023,
,Mohla manpur ambagarh chouki,2022 - 2023,
,Mungeli,2011 - 2012,
,,2012 - 2013,
,,2013 - 2014,
,,2014 - 2015,
,,2015 - 2016,
,,2016 - 2017,
,,2017 - 2018,
,,2018 - 2019,
,,2019 - 2020,0.0
,,2020 - 2021,0.0
,,2021 - 2022,
,,2022 - 2023,
,Narayanpur,2006 - 2007,
,,2007 - 2008,
,,2008 - 2009,
,,2009 - 2010,
,,2010 - 2011,
,,2011 - 2012,
,,2012 - 2013,
,,2013 - 2014,
,,2014 - 2015,
,,2015 - 2016,
,,2016 - 2017,
,,2017 - 2018,
,,2018 - 2019,
,,2019 - 2020,
,,2020 - 2021,
,,2021 - 2022,
,,2022 - 2023,
,Raigarh,2000 - 2001,
,,2001 - 2002,
,,2002 - 2003,
,,2003 - 2004,
,,2004 - 2005,
,,2005 - 2006,
,,2006 - 2007,
,,2007 - 2008,
,,2008 - 2009,
,,2009 - 2010,
,,2010 - 2011,
,,2011 - 2012,
,,2012 - 2013,
,,2013 - 2014,
,,2014 - 2015,
,,2015 - 2016,
,,2016 - 2017,
,,2017 - 2018,
,,2018 - 2019,
,,2019 - 2020,
,,2020 - 2021,
,,2021 - 2022,
,,2022 - 2023,
,Raipur,2000 - 2001,
,,2001 - 2002,
,,2002 - 2003,
,,2003 - 2004,
,,2004 - 2005,
,,2005 - 2006,
,,2006 - 2007,
,,2007 - 2008,
,,2008 - 2009,
,,2009 - 2010,
,,2010 - 2011,
,,2011 - 2012,
,,2012 - 2013,
,,2013 - 2014,
,,2014 - 2015,
,,2015 - 2016,
,,2016 - 2017,
,,2017 - 2018,
,,2018 - 2019,
,,2019 - 2020,
,,2020 - 2021,
,,2021 - 2022,
,,2022 - 2023,
,Rajnandgaon,2000 - 2001,
,,2001 - 2002,
,,2002 - 2003,
,,2003 - 2004,
,,2004 - 2005,
,,2005 - 2006,
,,2006 - 2007,
,,2007 - 2008,
,,2008 - 2009,
,,2009 - 2010,
,,2010 - 2011,
,,2011 - 2012,
,,2012 - 2013,
,,2013 - 2014,
,,2014 - 2015,
,,2015 - 2016,
,,2016 - 2017,
,,2017 - 2018,
,,2018 - 2019,
,,2019 - 2020,
,,2020 - 2021,
,,2021 - 2022,
,,2022 - 2023,
,Sakti,2022 - 2023,
,Sarangarh bilaigarh,2022 - 2023,
,Sukma,2011 - 2012,
,,2012 - 2013,
,,2013 - 2014,
,,2014 - 2015,
,,2015 - 2016,
,,2016 - 2017,
,,2017 - 2018,
,,2018 - 2019,
,,2019 - 2020,0.0
,,2020 - 2021,
,,2021 - 2022,
,,2022 - 2023,
,Surajpur,2011 - 2012,
,,2012 - 2013,
,,2013 - 2014,
,,2014 - 2015,
,,2015 - 2016,
,,2016 - 2017,
,,2017 - 2018,
,,2018 - 2019,
,,2019 - 2020,
,,2020 - 2021,
,,2021 - 2022,
,,2022 - 2023,
,Surguja,2000 - 2001,
,,2001 - 2002,
,,2002 - 2003,
,,2003 - 2004,
,,2004 - 2005,
,,2005 - 2006,
,,2006 - 2007,
,,2007 - 2008,
,,2008 - 2009,
,,2009 - 2010,
,,2010 - 2011,
,,2011 - 2012,
,,2012 - 2013,
,,2013 - 2014,
,,2014 - 2015,
,,2015 - 2016,
,,2016 - 2017,
,,2017 - 2018,
,,2018 - 2019,
,,2019 - 2020,
,,2020 - 2021,
,,2021 - 2022,
,,2022 - 2023,
Gujarat,Ahmadabad,2000 - 2001,
,,2001 - 2002,
,,2002 - 2003,
,,2003 - 2004,
,,2004 - 2005,
,,2005 - 2006,
,,2006 - 2007,
,,2007 - 2008,
,,2008 - 2009,
,,2009 - 2010,
,,2010 - 2011,0.5
,,2011 - 2012,0.75
,,2012 - 2013,0.6
,,2013 - 2014,0.54
,,2014 - 2015,0.58
,,2015 - 2016,0.53
,,2016 - 2017,0.91
,,2017 - 2018,0.57
,,2018 - 2019,1.18
,,2019 - 2020,1.05
,,2020 - 2021,1.15
,,2021 - 2022,1.33
,,2022 - 2023,1.17
,Amreli,2000 - 2001,
,,2001 - 2002,
,,2002 - 2003,
,,2003 - 2004,
,,2004 - 2005,
,,2005 - 2006,
,,2006 - 2007,
,,2007 - 2008,
,,2008 - 2009,
,,2009 - 2010,
,,2010 - 2011,0.52
,,2011 - 2012,0.55
,,2012 - 2013,1.0
,,2013 - 2014,0.53
,,2014 - 2015,0.54
,,2015 - 2016,0.52
,,2016 - 2017,0.54
,,2017 - 2018,1.1
,,2018 - 2019,1.18
,,2019 - 2020,1.05
,,2020 - 2021,1.15
,,2021 - 2022,1.32
,,2022 - 2023,1.02
,Anand,2003 - 2004,
,,2004 - 2005,
,,2005 - 2006,
,,2006 - 2007,
,,2007 - 2008,
,,2008 - 2009,
,,2009 - 2010,
,,2010 - 2011,0.56
,,2011 - 2012,0.5
,,2012 - 2013,1.0
,,2013 - 2014,0.54
,,2014 - 2015,0.52
,,2015 - 2016,0.67
,,2016 - 2017,0.52
,,2017 - 2018,0.51
,,2018 - 2019,0.98
,,2019 - 2020,1.04
,,2020 - 2021,1.15
,,2021 - 2022,1.06
,,2022 - 2023,1.01
,Aravalli,2014 - 2015,0.57
,,2015 - 2016,0.54
,,2016 - 2017,0.67
,,2017 - 2018,0.7
,,2018 - 2019,1.18
,,2019 - 2020,1.05
,,2020 - 2021,1.15
,,2021 - 2022,1.32
,,2022 - 2023,0.71
,Banas kantha,2000 - 2001,
,,2001 - 2002,
,,2002 - 2003,
,,2003 - 2004,
,,2004 - 2005,
,,2005 - 2006,
,,2006 - 2007,
,,2007 - 2008,
,,2008 - 2009,
,,2009 - 2010,
,,2010 - 2011,0.59
,,2011 - 2012,0.69
,,2012 - 2013,0.48
,,2013 - 2014,0.59
,,2014 - 2015,0.58
,,2015 - 2016,0.55
,,2016 - 2017,0.54
,,2017 - 2018,1.1
,,2018 - 2019,0.58
,,2019 - 2020,0.82
,,2020 - 2021,0.86
,,2021 - 2022,1.33
,,2022 - 2023,1.17
,Bharuch,2000 - 2001,
,,2001 - 2002,
,,2002 - 2003,
,,2003 - 2004,
,,2004 - 2005,
,,2005 - 2006,
,,2006 - 2007,
,,2007 - 2008,
,,2008 - 2009,
,,2009 - 2010,
,,2010 - 2011,0.55
,,2011 - 2012,0.52
,,2012 - 2013,0.5
,,2013 - 2014,0.53
,,2014 - 2015,0.52
,,2015 - 2016,0.53
,,2016 - 2017,0.52
,,2017 - 2018,0.52
,,2018 - 2019,1.18
,,2019 - 2020,1.05
,,2020 - 2021,1.15
,,2021 - 2022,1.32
,,2022 - 2023,1.17
,Bhavnagar,2000 - 2001,
,,2001 - 2002,
,,2002 - 2003,
,,2003 - 2004,
,,2004 - 2005,
,,2005 - 2006,
,,2006 - 2007,
,,2007 - 2008,
,,2008 - 2009,
,,2009 - 2010,
,,2010 - 2011,0.56
,,2011 - 2012,0.56
,,2012 - 2013,1.0
,,2013 - 2014,0.56
,,2014 - 2015,0.56
,,2015 - 2016,0.56
,,2016 - 2017,0.72
,,2017 - 2018,0.69
,,2018 - 2019,0.99
,,2019 - 2020,0.65
,,2020 - 2021,0.78
,,2021 - 2022,0.94
,,2022 - 2023,0.66
,Botad,2014 - 2015,0.57
,,2015 - 2016,0.59
,,2016 - 2017,1.1
,,2017 - 2018,1.5
,,2018 - 2019,1.2
,,2019 - 2020,1.05
,,2020 - 2021,1.15
,,2021 - 2022,1.33
,,2022 - 2023,1.17
,Chhotaudepur,2014 - 2015,0.64
,,2015 - 2016,0.68
,,2016 - 2017,0.68
,,2017 - 2018,0.69
,,2018 - 2019,1.18
,,2019 - 2020,1.04
,,2020 - 2021,1.15
,,2021 - 2022,1.32
,,2022 - 2023,1.43
,Dang,2000 - 2001,
,,2010 - 2011,0.5
,,2011 - 2012,0.4
,,2012 - 2013,0.5
,,2014 - 2015,0.49
,,2015 - 2016,0.52
,,2016 - 2017,0.55
,,2017 - 2018,0.5
,,2018 - 2019,1.18
,,2019 - 2020,1.05
,,2020 - 2021,1.15
,,2021 - 2022,1.32
,,2022 - 2023,1.17
,Devbhumi dwarka,2014 - 2015,0.53
,,2015 - 2016,0.45
,,2016 - 2017,0.67
,,2017 - 2018,0.79
,,2018 - 2019,1.18
,,2019 - 2020,1.05
,,2020 - 2021,1.15
,,2021 - 2022,1.78
,,2022 - 2023,0.91
,Dohad,2003 - 2004,
,,2004 - 2005,
,,2005 - 2006,
,,2006 - 2007,
,,2007 - 2008,
,,2008 - 2009,
,,2009 - 2010,
,,2010 - 2011,0.5
,,2011 - 2012,0.38
,,2012 - 2013,0.45
,,2013 - 2014,0.44
,,2014 - 2015,0.43
,,2015 - 2016,0.44
,,2016 - 2017,0.42
,,2017 - 2018,0.45
,,2018 - 2019,1.18
,,2019 - 2020,1.04
,,2020 - 2021,0.64
,,2021 - 2022,1.02
,,2022 - 2023,1.17
,Gandhinagar,2000 - 2001,
,,2001 - 2002,
,,2002 - 2003,
,,2003 - 2004,
,,2004 - 2005,
,,2005 - 2006,
,,2006 - 2007,
,,2007 - 2008,
,,2008 - 2009,
,,2009 - 2010,
,,2010 - 2011,0.58
,,2011 - 2012,0.5
,,2012 - 2013,1.0
,,2013 - 2014,0.55
,,2014 - 2015,0.51
,,2015 - 2016,0.53
,,2016 - 2017,0.85
,,2017 - 2018,0.59
,,2018 - 2019,1.17
,,2019 - 2020,1.04
,,2020 - 2021,1.15
,,2021 - 2022,1.32
,,2022 - 2023,1.19
,Gir somnath,2014 - 2015,
,,2015 - 2016,0.52
,,2016 - 2017,
,,2017 - 2018,
,,2018 - 2019,
,,2019 - 2020,1.04
,,2020 - 2021,1.15
,,2021 - 2022,1.51
,,2022 - 2023,1.57
,Jamnagar,2000 - 2001,
,,2001 - 2002,
,,2002 - 2003,
,,2003 - 2004,
,,2004 - 2005,
,,2005 - 2006,
,,2006 - 2007,
,,2007 - 2008,
,,2008 - 2009,
,,2009 - 2010,
,,2010 - 2011,0.54
,,2011 - 2012,0.53
,,2012 - 2013,0.5
,,2013 - 2014,0.53
,,2014 - 2015,0.53
,,2015 - 2016,0.44
,,2016 - 2017,0.65
,,2017 - 2018,0.73
,,2018 - 2019,1.17
,,2019 - 2020,1.04
,,2020 - 2021,1.15
,,2021 - 2022,1.32
,,2022 - 2023,0.8
,Junagadh,2000 - 2001,
,,2001 - 2002,
,,2002 - 2003,
,,2003 - 2004,
,,2004 - 2005,
,,2005 - 2006,
,,2006 - 2007,
,,2007 - 2008,
,,2008 - 2009,
,,2009 - 2010,
,,2010 - 2011,0.55
,,2011 - 2012,0.49
,,2012 - 2013,0.43
,,2013 - 2014,0.51
,,2014 - 2015,0.49
,,2015 - 2016,0.47
,,2016 - 2017,1.05
,,2017 - 2018,1.15
,,2018 - 2019,1.81
,,2019 - 2020,0.93
,,2020 - 2021,1.25
,,2021 - 2022,1.28
,,2022 - 2023,1.17
,Kachchh,2000 - 2001,
,,2001 - 2002,
,,2002 - 2003,
,,2003 - 2004,
,,2004 - 2005,
,,2005 - 2006,
,,2006 - 2007,
,,2007 - 2008,
,,2008 - 2009,
,,2009 - 2010,
,,2010 - 2011,0.52
,,2011 - 2012,0.53
,,2012 - 2013,0.5
,,2013 - 2014,0.52
,,2014 - 2015,0.52
,,2015 - 2016,0.51
,,2016 - 2017,0.72
,,2017 - 2018,0.72
,,2018 - 2019,1.18
,,2019 - 2020,1.04
,,2020 - 2021,1.15
,,2021 - 2022,1.32
,,2022 - 2023,1.17
,Kheda,2000 - 2001,
,,2001 - 2002,
,,2002 - 2003,
,,2003 - 2004,
,,2004 - 2005,
,,2005 - 2006,
,,2006 - 2007,
,,2007 - 2008,
,,2008 - 2009,
,,2009 - 2010,
,,2010 - 2011,0.67
,,2011 - 2012,0.5
,,2012 - 2013,0.5
,,2013 - 2014,0.57
,,2014 - 2015,0.54
,,2015 - 2016,0.55
,,2016 - 2017,0.57
,,2017 - 2018,0.6
,,2018 - 2019,1.25
,,2019 - 2020,1.05
,,2020 - 2021,1.15
,,2021 - 2022,1.33
,,2022 - 2023,1.17
,Mahesana,2000 - 2001,
,,2001 - 2002,
,,2002 - 2003,
,,2003 - 2004,
,,2004 - 2005,
,,2005 - 2006,
,,2006 - 2007,
,,2007 - 2008,
,,2008 - 2009,
,,2009 - 2010,
,,2010 - 2011,1.0
,,2011 - 2012,0.6
,,2012 - 2013,1.0
,,2013 - 2014,
,,2014 - 2015,0.61
,,2015 - 2016,0.64
,,2016 - 2017,0.82
,,2017 - 2018,0.47
,,2018 - 2019,1.18
,,2019 - 2020,1.04
,,2020 - 2021,1.15
,,2021 - 2022,1.32
,,2022 - 2023,1.17
,Mahisagar,2014 - 2015,0.5
,,2015 - 2016,0.52
,,2016 - 2017,1.0
,,2017 - 2018,1.0
,,2018 - 2019,1.19
,,2019 - 2020,1.18
,,2020 - 2021,1.56
,,2021 - 2022,1.22
,,2022 - 2023,1.6
,Morbi,2014 - 2015,0.49
,,2015 - 2016,0.47
,,2016 - 2017,1.5
,,2017 - 2018,1.52
,,2018 - 2019,1.18
,,2019 - 2020,1.4
,,2020 - 2021,1.23
,,2021 - 2022,1.33
,,2022 - 2023,
,Narmada,2003 - 2004,
,,2004 - 2005,
,,2005 - 2006,
,,2006 - 2007,
,,2007 - 2008,
,,2008 - 2009,
,,2009 - 2010,
,,2010 - 2011,0.56
,,2011 - 2012,0.4
,,2012 - 2013,0.57
,,2013 - 2014,0.5
,,2014 - 2015,0.47
,,2015 - 2016,0.52
,,2016 - 2017,0.48
,,2017 - 2018,0.5
,,2018 - 2019,1.18
,,2019 - 2020,1.05
,,2020 - 2021,1.15
,,2021 - 2022,1.32
,,2022 - 2023,1.17
,Navsari,2003 - 2004,
,,2004 - 2005,
,,2005 - 2006,
,,2006 - 2007,
,,2007 - 2008,
,,2008 - 2009,
,,2009 - 2010,
,,2010 - 2011,0.53
,,2011 - 2012,0.53
,,2012 - 2013,
,,2013 - 2014,
,,2014 - 2015,
,,2015 - 2016,0.54
,,2016 - 2017,0.56
,,2017 - 2018,0.56
,,2018 - 2019,1.18
,,2019 - 2020,1.05
,,2020 - 2021,1.15
,,2021 - 2022,1.33
,,2022 - 2023,1.17
,Panch mahals,2000 - 2001,
,,2001 - 2002,
,,2002 - 2003,
,,2003 - 2004,
,,2004 - 2005,
,,2005 - 2006,
,,2006 - 2007,
,,2007 - 2008,
,,2008 - 2009,
,,2009 - 2010,
,,2010 - 2011,0.52
,,2011 - 2012,0.44
,,2012 - 2013,0.5
,,2013 - 2014,0.49
,,2014 - 2015,0.46
,,2015 - 2016,0.48
,,2016 - 2017,1.0
,,2017 - 2018,1.0
,,2018 - 2019,1.18
,,2019 - 2020,1.05
,,2020 - 2021,1.15
,,2021 - 2022,1.33
,,2022 - 2023,1.17
,Patan,2003 - 2004,
,,2004 - 2005,
,,2005 - 2006,
,,2006 - 2007,
,,2007 - 2008,
,,2008 - 2009,
,,2009 - 2010,
,,2010 - 2011,1.0
,,2011 - 2012,
,,2012 - 2013,
,,2013 - 2014,
,,2014 - 2015,
,,2015 - 2016,
,,2016 - 2017,
,,2017 - 2018,0.67
,,2018 - 2019,
,,2019 - 2020,1.0
,,2020 - 2021,
,,2021 - 2022,1.25
,,2022 - 2023,
,Porbandar,2003 - 2004,
,,2004 - 2005,
,,2005 - 2006,
,,2006 - 2007,
,,2007 - 2008,
,,2008 - 2009,
,,2009 - 2010,
,,2010 - 2011,0.52
,,2011 - 2012,0.41
,,2012 - 2013,1.0
,,2013 - 2014,
,,2014 - 2015,0.42
,,2015 - 2016,
,,2016 - 2017,1.43
,,2017 - 2018,1.13
,,2018 - 2019,
,,2019 - 2020,1.04
,,2020 - 2021,1.04
,,2021 - 2022,1.45
,,2022 - 2023,1.24
,Rajkot,2000 - 2001,
,,2001 - 2002,
,,2002 - 2003,
,,2003 - 2004,
,,2004 - 2005,
,,2005 - 2006,
,,2006 - 2007,
,,2007 - 2008,
,,2008 - 2009,
,,2009 - 2010,
,,2010 - 2011,0.57
,,2011 - 2012,0.5
,,2012 - 2013,1.0
,,2013 - 2014,0.55
,,2014 - 2015,0.55
,,2015 - 2016,0.63
,,2016 - 2017,1.15
,,2017 - 2018,1.42
,,2018 - 2019,1.18
,,2019 - 2020,1.04
,,2020 - 2021,1.15
,,2021 - 2022,1.32
,,2022 - 2023,1.17
,Sabar kantha,2000 - 2001,
,,2001 - 2002,
,,2002 - 2003,
,,2003 - 2004,
,,2004 - 2005,
,,2005 - 2006,
,,2006 - 2007,
,,2007 - 2008,
,,2008 - 2009,
,,2009 - 2010,
,,2010 - 2011,0.59
,,2011 - 2012,0.63
,,2012 - 2013,0.48
,,2013 - 2014,0.57
,,2014 - 2015,0.57
,,2015 - 2016,0.54
,,2016 - 2017,1.1
,,2017 - 2018,1.2
,,2018 - 2019,0.98
,,2019 - 2020,1.3
,,2020 - 2021,1.26
,,2021 - 2022,1.11
,,2022 - 2023,1.01
,Surat,2000 - 2001,
,,2001 - 2002,
,,2002 - 2003,
,,2003 - 2004,
,,2004 - 2005,
,,2005 - 2006,
,,2006 - 2007,
,,2007 - 2008,
,,2008 - 2009,
,,2009 - 2010,
,,2010 - 2011,0.51
,,2011 - 2012,0.51
,,2012 - 2013,
,,2013 - 2014,0.51
,,2014 - 2015,0.51
,,2015 - 2016,0.51
,,2016 - 2017,0.67
,,2017 - 2018,0.67
,,2018 - 2019,1.18
,,2019 - 2020,1.04
,,2020 - 2021,1.15
,,2021 - 2022,1.32
,,2022 - 2023,1.17
,Surendranagar,2000 - 2001,
,,2001 - 2002,
,,2002 - 2003,
,,2003 - 2004,
,,2004 - 2005,
,,2005 - 2006,
,,2006 - 2007,
,,2007 - 2008,
,,2008 - 2009,
,,2009 - 2010,
,,2010 - 2011,0.67
,,2011 - 2012,0.6
,,2012 - 2013,1.0
,,2013 - 2014,
,,2014 - 2015,0.63
,,2015 - 2016,0.7
,,2016 - 2017,0.6
,,2017 - 2018,0.52
,,2018 - 2019,
,,2019 - 2020,1.05
,,2020 - 2021,1.15
,,2021 - 2022,
,,2022 - 2023,1.17
,Tapi,2008 - 2009,
,,2009 - 2010,
,,2010 - 2011,0.53
,,2011 - 2012,0.37
,,2012 - 2013,0.46
,,2013 - 2014,0.44
,,2014 - 2015,0.41
,,2015 - 2016,0.44
,,2016 - 2017,0.73
,,2017 - 2018,0.8
,,2018 - 2019,1.18
,,2019 - 2020,0.64
,,2020 - 2021,1.01
,,2021 - 2022,0.78
,,2022 - 2023,0.76
,Vadodara,2000 - 2001,
,,2001 - 2002,
,,2002 - 2003,
,,2003 - 2004,
,,2004 - 2005,
,,2005 - 2006,
,,2006 - 2007,
,,2007 - 2008,
,,2008 - 2009,
,,2009 - 2010,
,,2010 - 2011,0.56
,,2011 - 2012,0.6
,,2012 - 2013,0.75
,,2013 - 2014,0.59
,,2014 - 2015,0.64
,,2015 - 2016,0.68
,,2016 - 2017,0.53
,,2017 - 2018,0.5
,,2018 - 2019,1.18
,,2019 - 2020,1.04
,,2020 - 2021,1.15
,,2021 - 2022,1.33
,,2022 - 2023,1.17
,Valsad,2000 - 2001,
,,2001 - 2002,
,,2002 - 2003,
,,2003 - 2004,
,,2004 - 2005,
,,2005 - 2006,
,,2006 - 2007,
,,2007 - 2008,
,,2008 - 2009,
,,2009 - 2010,
,,2010 - 2011,0.5
,,2011 - 2012,0.33
,,2013 - 2014,0.43
,,2014 - 2015,0.4
,,2015 - 2016,0.42
,,2016 - 2017,0.5
,,2017 - 2018,0.5
,,2018 - 2019,1.22
,,2019 - 2020,1.05
,,2020 - 2021,1.15
,,2021 - 2022,1.32
,,2022 - 2023,1.17
Haryana,Ambala,2001 - 2002,
,,2004 - 2005,
,,2005 - 2006,
,,2008 - 2009,
,,2010 - 2011,
,,2018 - 2019,
,,2019 - 2020,
,,2020 - 2021,
,Bhiwani,2000 - 2001,
,,2001 - 2002,
,,2002 - 2003,
,,2003 - 2004,
,,2004 - 2005,
,,2005 - 2006,
,,2006 - 2007,
,,2007 - 2008,
,,2008 - 2009,
,,2009 - 2010,
,,2010 - 2011,
,,2011 - 2012,
,,2012 - 2013,
,,2013 - 2014,
,,2014 - 2015,
,,2015 - 2016,
,,2016 - 2017,
,,2017 - 2018,
,,2018 - 2019,
,,2019 - 2020,
,,2021 - 2022,
,,2022 - 2023,
,Charki dadri,2017 - 2018,
,,2018 - 2019,
,,2019 - 2020,
,,2020 - 2021,
,,2021 - 2022,
,,2022 - 2023,
,Faridabad,2000 - 2001,
,,2001 - 2002,
,,2002 - 2003,
,,2003 - 2004,
,,2004 - 2005,
,,2005 - 2006,
,,2006 - 2007,
,,2007 - 2008,
,,2008 - 2009,
,,2009 - 2010,
,,2010 - 2011,
,,2011 - 2012,
,,2018 - 2019,
,,2019 - 2020,
,,2020 - 2021,
,,2021 - 2022,
,,2022 - 2023,
,Fatehabad,2000 - 2001,
,,2001 - 2002,
,,2002 - 2003,
,,2003 - 2004,
,,2004 - 2005,
,,2005 - 2006,
,,2006 - 2007,
,,2007 - 2008,
,,2008 - 2009,
,,2009 - 2010,
,,2010 - 2011,
,,2011 - 2012,
,,2012 - 2013,
,,2013 - 2014,
,,2014 - 2015,
,,2015 - 2016,
,,2016 - 2017,
,,2017 - 2018,
,,2018 - 2019,
,,2019 - 2020,
,,2020 - 2021,
,,2021 - 2022,
,,2022 - 2023,
,Gurgaon,2000 - 2001,
,,2001 - 2002,
,,2002 - 2003,
,,2003 - 2004,
,,2004 - 2005,
,,2005 - 2006,
,,2006 - 2007,
,,2007 - 2008,
,,2008 - 2009,
,,2009 - 2010,
,,2010 - 2011,
,,2012 - 2013,
,,2018 - 2019,
,,2019 - 2020,
,,2020 - 2021,
,,2021 - 2022,
,,2022 - 2023,
,Hisar,2000 - 2001,
,,2001 - 2002,
,,2002 - 2003,
,,2003 - 2004,
,,2004 - 2005,
,,2005 - 2006,
,,2006 - 2007,
,,2007 - 2008,
,,2008 - 2009,
,,2009 - 2010,
,,2010 - 2011,
,,2011 - 2012,
,,2012 - 2013,
,,2013 - 2014,
,,2014 - 2015,
,,2015 - 2016,
,,2016 - 2017,
,,2017 - 2018,
,,2018 - 2019,
,,2019 - 2020,
,,2020 - 2021,
,,2021 - 2022,
,,2022 - 2023,
,Jhajjar,2000 - 2001,
,,2001 - 2002,
,,2002 - 2003,
,,2003 - 2004,
,,2004 - 2005,
,,2005 - 2006,
,,2006 - 2007,
,,2007 - 2008,
,,2008 - 2009,
,,2009 - 2010,
,,2010 - 2011,
,,2011 - 2012,
,,2012 - 2013,
,,2017 - 2018,
,,2018 - 2019,
,,2019 - 2020,
,,2020 - 2021,
,,2021 - 2022,
,,2022 - 2023,
,Jind,2000 - 2001,
,,2001 - 2002,
,,2002 - 2003,
,,2003 - 2004,
,,2004 - 2005,
,,2005 - 2006,
,,2006 - 2007,
,,2007 - 2008,
,,2008 - 2009,
,,2009 - 2010,
,,2010 - 2011,
,,2011 - 2012,
,,2018 - 2019,
,,2019 - 2020,
,,2020 - 2021,
,,2021 - 2022,
,,2022 - 2023,
,Kaithal,2000 - 2001,
,,2001 - 2002,
,,2002 - 2003,
,,2003 - 2004,
,,2004 - 2005,
,,2005 - 2006,
,,2006 - 2007,
,,2007 - 2008,
,,2008 - 2009,
,,2009 - 2010,
,,2010 - 2011,
,,2011 - 2012,
,,2012 - 2013,
,,2019 - 2020,
,,2020 - 2021,
,,2021 - 2022,
,Karnal,2000 - 2001,
,,2001 - 2002,
,,2002 - 2003,
,,2003 - 2004,
,,2004 - 2005,
,,2005 - 2006,
,,2006 - 2007,
,,2007 - 2008,
,,2008 - 2009,
,,2009 - 2010,
,,2010 - 2011,
,,2011 - 2012,
,,2012 - 2013,
,,2018 - 2019,
,,2019 - 2020,
,,2020 - 2021,
,,2021 - 2022,
,Kurukshetra,2001 - 2002,
,,2002 - 2003,
,,2003 - 2004,
,,2004 - 2005,
,,2005 - 2006,
,,2006 - 2007,
,,2007 - 2008,
,,2008 - 2009,
,,2009 - 2010,
,,2011 - 2012,
,,2012 - 2013,
,,2013 - 2014,
,,2014 - 2015,
,,2015 - 2016,
,,2017 - 2018,
,,2018 - 2019,
,,2019 - 2020,
,,2020 - 2021,
,Mahendragarh,2000 - 2001,
,,2001 - 2002,
,,2002 - 2003,
,,2003 - 2004,
,,2004 - 2005,
,,2005 - 2006,
,,2006 - 2007,
,,2007 - 2008,
,,2008 - 2009,
,,2009 - 2010,
,,2010 - 2011,
,,2011 - 2012,
,,2013 - 2014,
,,2015 - 2016,
,,2016 - 2017,
,,2017 - 2018,
,,2018 - 2019,
,,2019 - 2020,
,,2020 - 2021,
,,2021 - 2022,
,,2022 - 2023,
,Mewat,2005 - 2006,
,,2006 - 2007,
,,2007 - 2008,
,,2008 - 2009,
,,2010 - 2011,
,,2011 - 2012,
,,2012 - 2013,
,,2017 - 2018,
,,2018 - 2019,
,,2019 - 2020,
,,2020 - 2021,
,,2021 - 2022,
,,2022 - 2023,
,Palwal,2008 - 2009,
,,2009 - 2010,
,,2010 - 2011,
,,2011 - 2012,
,,2012 - 2013,
,,2013 - 2014,
,,2017 - 2018,
,,2018 - 2019,
,,2019 - 2020,
,,2020 - 2021,
,,2021 - 2022,
,,2022 - 2023,
,Panchkula,2000 - 2001,
,,2001 - 2002,
,,2006 - 2007,
,,2012 - 2013,
,,2021 - 2022,
,,2022 - 2023,
,Panipat,2003 - 2004,
,,2004 - 2005,
,,2006 - 2007,
,,2007 - 2008,
,,2008 - 2009,
,,2010 - 2011,
,,2014 - 2015,
,,2018 - 2019,
,,2019 - 2020,
,,2020 - 2021,
,,2021 - 2022,
,,2022 - 2023,
,Rewari,2000 - 2001,
,,2001 - 2002,
,,2002 - 2003,
,,2003 - 2004,
,,2004 - 2005,
,,2005 - 2006,
,,2006 - 2007,
,,2007 - 2008,
,,2008 - 2009,
,,2009 - 2010,
,,2010 - 2011,
,,2011 - 2012,
,,2012 - 2013,
,,2019 - 2020,
,,2020 - 2021,
,,2021 - 2022,
,,2022 - 2023,
,Rohtak,2000 - 2001,
,,2001 - 2002,
,,2002 - 2003,
,,2003 - 2004,
,,2004 - 2005,
,,2005 - 2006,
,,2006 - 2007,
,,2007 - 2008,
,,2009 - 2010,
,,2010 - 2011,
,,2011 - 2012,
,,2012 - 2013,
,,2017 - 2018,
,,2020 - 2021,
,,2021 - 2022,
,Sirsa,2000 - 2001,
,,2001 - 2002,
,,2002 - 2003,
,,2003 - 2004,
,,2004 - 2005,
,,2005 - 2006,
,,2006 - 2007,
,,2007 - 2008,
,,2008 - 2009,
,,2009 - 2010,
,,2010 - 2011,
,,2011 - 2012,
,,2012 - 2013,
,,2013 - 2014,
,,2014 - 2015,
,,2015 - 2016,
,,2016 - 2017,
,,2017 - 2018,
,,2018 - 2019,
,,2019 - 2020,
,,2020 - 2021,
,,2021 - 2022,
,,2022 - 2023,
,Sonipat,2001 - 2002,
,,2002 - 2003,
,,2003 - 2004,
,,2004 - 2005,
,,2005 - 2006,
,,2006 - 2007,
,,2007 - 2008,
,,2008 - 2009,
,,2009 - 2010,
,,2010 - 2011,
,,2011 - 2012,
,,2012 - 2013,
,,2019 - 2020,
,,2020 - 2021,
,,2021 - 2022,
,,2022 - 2023,
,Yamunanagar,2000 - 2001,
,,2006 - 2007,
,,2012 - 2013,
,,2017 - 2018,
,,2019 - 2020,
,,2020 - 2021,
,,2021 - 2022,
,,2022 - 2023,
Himachal Pradesh,Bilaspur,2000 - 2001,
,,2001 - 2002,
,,2002 - 2003,
,,2005 - 2006,
,,2006 - 2007,
,,2007 - 2008,
,,2008 - 2009,
,,2009 - 2010,
,,2010 - 2011,
,,2011 - 2012,
,,2012 - 2013,
,,2013 - 2014,
,,2014 - 2015,
,,2015 - 2016,
,,2016 - 2017,
,,2017 - 2018,
,,2018 - 2019,
,,2019 - 2020,
,,2021 - 2022,
,Chamba,2000 - 2001,
,,2001 - 2002,
,,2002 - 2003,
,,2005 - 2006,
,,2006 - 2007,
,,2007 - 2008,
,,2008 - 2009,
,,2009 - 2010,
,,2010 - 2011,
,,2011 - 2012,
,,2012 - 2013,
,,2013 - 2014,
,,2014 - 2015,
,,2015 - 2016,
,,2016 - 2017,
,,2017 - 2018,
,,2018 - 2019,
,,2019 - 2020,
,,2020 - 2021,
,,2021 - 2022,
,,2022 - 2023,
,Hamirpur,2006 - 2007,
,Kangra,2002 - 2003,
,,2005 - 2006,
,,2006 - 2007,
,,2007 - 2008,
,,2019 - 2020,
,Kullu,2000 - 2001,
,,2001 - 2002,
,,2002 - 2003,
,,2005 - 2006,
,,2006 - 2007,
,,2007 - 2008,
,,2008 - 2009,
,,2009 - 2010,
,,2010 - 2011,
,,2011 - 2012,
,,2012 - 2013,
,,2013 - 2014,
,,2014 - 2015,
,,2015 - 2016,
,,2016 - 2017,
,,2017 - 2018,
,,2018 - 2019,
,,2019 - 2020,
,,2020 - 2021,
,Mandi,2000 - 2001,
,,2001 - 2002,
,,2002 - 2003,
,,2005 - 2006,
,,2006 - 2007,
,,2007 - 2008,
,,2008 - 2009,
,,2009 - 2010,
,,2010 - 2011,
,,2011 - 2012,
,,2012 - 2013,
,,2013 - 2014,
,,2014 - 2015,
,,2015 - 2016,
,,2016 - 2017,
,,2017 - 2018,
,,2018 - 2019,
,,2019 - 2020,
,,2020 - 2021,
,,2021 - 2022,
,,2022 - 2023,
,Shimla,2000 - 2001,
,,2001 - 2002,
,,2005 - 2006,
,,2006 - 2007,
,,2007 - 2008,
,,2008 - 2009,
,,2009 - 2010,
,,2010 - 2011,
,,2011 - 2012,
,,2012 - 2013,
,,2013 - 2014,
,,2014 - 2015,
,,2015 - 2016,
,,2016 - 2017,
,,2017 - 2018,
,,2018 - 2019,
,,2019 - 2020,
,,2020 - 2021,
,,2021 - 2022,
,,2022 - 2023,
,Sirmaur,2000 - 2001,
,,2005 - 2006,
,,2020 - 2021,
,,2022 - 2023,
,Solan,2000 - 2001,
,,2001 - 2002,
,,2005 - 2006,
,,2006 - 2007,
,,2008 - 2009,
,,2009 - 2010,
,,2010 - 2011,
,,2011 - 2012,
,,2012 - 2013,
,,2013 - 2014,
,,2014 - 2015,
,,2015 - 2016,
,,2016 - 2017,
,,2017 - 2018,
,,2018 - 2019,
,,2019 - 2020,
,,2020 - 2021,
,,2021 - 2022,
,Una,2000 - 2001,
,,2001 - 2002,
,,2002 - 2003,
,,2005 - 2006,
,,2006 - 2007,
,,2007 - 2008,
,,2008 - 2009,
,,2009 - 2010,
,,2010 - 2011,
,,2011 - 2012,
,,2012 - 2013,
,,2013 - 2014,
,,2014 - 2015,
,,2015 - 2016,
,,2016 - 2017,
,,2017 - 2018,
,,2018 - 2019,
,,2019 - 2020,
,,2020 - 2021,
,,2021 - 2022,
,,2022 - 2023,
Jammu and Kashmir,Anantnag,2001 - 2002,
,,2002 - 2003,
,,2003 - 2004,
,,2004 - 2005,
,,2005 - 2006,
,,2006 - 2007,
,,2007 - 2008,
,,2009 - 2010,
,,2010 - 2011,
,,2011 - 2012,
,,2012 - 2013,
,,2014 - 2015,
,,2015 - 2016,
,,2016 - 2017,
,,2017 - 2018,
,,2018 - 2019,
,,2019 - 2020,
,,2020 - 2021,
,Badgam,2001 - 2002,
,,2002 - 2003,
,,2003 - 2004,
,,2004 - 2005,
,,2005 - 2006,
,,2006 - 2007,
,,2007 - 2008,
,,2009 - 2010,
,,2010 - 2011,
,,2011 - 2012,
,,2012 - 2013,
,,2013 - 2014,
,,2014 - 2015,
,,2015 - 2016,
,,2016 - 2017,
,,2017 - 2018,
,,2018 - 2019,
,,2019 - 2020,
,,2020 - 2021,
,Bandipora,2007 - 2008,
,,2009 - 2010,
,,2010 - 2011,
,,2011 - 2012,
,,2012 - 2013,
,,2015 - 2016,
,,2016 - 2017,
,,2017 - 2018,
,,2018 - 2019,
,,2019 - 2020,
,,2020 - 2021,
,Baramulla,2001 - 2002,
,,2002 - 2003,
,,2003 - 2004,
,,2004 - 2005,
,,2005 - 2006,
,,2006 - 2007,
,,2007 - 2008,
,,2009 - 2010,
,,2010 - 2011,
,,2011 - 2012,
,,2012 - 2013,
,,2014 - 2015,
,,2015 - 2016,
,,2016 - 2017,
,,2017 - 2018,
,,2018 - 2019,
,,2019 - 2020,
,,2020 - 2021,
,Doda,2001 - 2002,
,,2005 - 2006,
,,2006 - 2007,
,,2010 - 2011,
,,2016 - 2017,
,Ganderbal,2007 - 2008,
,,2010 - 2011,
,,2011 - 2012,
,,2012 - 2013,
,,2014 - 2015,
,Jammu,2001 - 2002,
,,2002 - 2003,
,,2003 - 2004,
,,2004 - 2005,
,,2005 - 2006,
,,2006 - 2007,
,,2007 - 2008,
,,2010 - 2011,
,,2011 - 2012,
,,2012 - 2013,
,,2014 - 2015,
,,2016 - 2017,
,,2018 - 2019,
,Kathua,2002 - 2003,
,,2004 - 2005,
,,2005 - 2006,
,,2006 - 2007,
,,2007 - 2008,
,,2010 - 2011,
,,2012 - 2013,
,,2013 - 2014,
,,2015 - 2016,
,,2016 - 2017,
,Kishtwar,2007 - 2008,
,,2012 - 2013,
,Kulgam,2007 - 2008,
,,2009 - 2010,
,,2011 - 2012,
,,2012 - 2013,
,,2014 - 2015,
,,2015 - 2016,
,,2016 - 2017,
,,2017 - 2018,
,,2018 - 2019,
,,2019 - 2020,
,,2020 - 2021,
,Leh ladakh,2011 - 2012,
,Pulwama,2001 - 2002,
,,2002 - 2003,
,,2003 - 2004,
,,2004 - 2005,
,,2005 - 2006,
,,2006 - 2007,
,,2007 - 2008,
,,2009 - 2010,
,,2010 - 2011,
,,2011 - 2012,
,,2012 - 2013,
,,2014 - 2015,
,,2015 - 2016,
,,2016 - 2017,
,,2017 - 2018,
,,2018 - 2019,
,,2019 - 2020,
,,2020 - 2021,
,Rajauri,2004 - 2005,
,,2012 - 2013,
,Reasi,2007 - 2008,
,,2009 - 2010,
,,2010 - 2011,
,,2011 - 2012,
,,2012 - 2013,
,,2015 - 2016,
,Samba,2007 - 2008,
,,2009 - 2010,
,,2010 - 2011,
,,2011 - 2012,
,,2012 - 2013,
,,2015 - 2016,
,,2016 - 2017,
,,2020 - 2021,
,Srinagar,2001 - 2002,
,,2002 - 2003,
,,2003 - 2004,
,,2004 - 2005,
,,2005 - 2006,
,,2006 - 2007,
,,2007 - 2008,
,Udhampur,2001 - 2002,
,,2002 - 2003,
,,2003 - 2004,
,,2004 - 2005,
,,2005 - 2006,
,,2006 - 2007,
,,2007 - 2008,
,,2009 - 2010,
,,2010 - 2011,
,,2011 - 2012,
,,2012 - 2013,
,,2016 - 2017,
,,2017 - 2018,
,,2018 - 2019,
,,2019 - 2020,
,,2020 - 2021,
Jharkhand,Bokaro,2017 - 2018,
,,2018 - 2019,
,,2019 - 2020,
,,2020 - 2021,1.3
,,2021 - 2022,
,,2022 - 2023,
,Chatra,2017 - 2018,
,,2018 - 2019,
,,2019 - 2020,
,,2020 - 2021,0.86
,,2021 - 2022,
,,2022 - 2023,
,Deoghar,2017 - 2018,
,,2018 - 2019,
,,2019 - 2020,
,,2020 - 2021,0.9
,,2021 - 2022,
,,2022 - 2023,
,Dhanbad,2017 - 2018,
,,2018 - 2019,
,,2019 - 2020,
,,2020 - 2021,0.8
,,2021 - 2022,
,,2022 - 2023,
,Dumka,2017 - 2018,
,,2018 - 2019,
,,2019 - 2020,
,,2020 - 2021,0.85
,,2021 - 2022,
,,2022 - 2023,
,East singhbum,2017 - 2018,
,,2018 - 2019,
,,2019 - 2020,
,,2020 - 2021,0.63
,,2021 - 2022,
,,2022 - 2023,
,Garhwa,2017 - 2018,
,,2018 - 2019,
,,2019 - 2020,
,,2020 - 2021,0.73
,,2021 - 2022,
,,2022 - 2023,
,Giridih,2017 - 2018,
,,2018 - 2019,
,,2019 - 2020,
,,2020 - 2021,0.96
,,2021 - 2022,
,,2022 - 2023,
,Godda,2017 - 2018,
,,2018 - 2019,
,,2019 - 2020,
,,2020 - 2021,0.89
,,2021 - 2022,
,,2022 - 2023,
,Gumla,2017 - 2018,
,,2018 - 2019,
,,2019 - 2020,
,,2020 - 2021,1.03
,,2021 - 2022,
,,2022 - 2023,
,Hazaribagh,2017 - 2018,
,,2018 - 2019,
,,2019 - 2020,
,,2020 - 2021,0.95
,,2021 - 2022,
,,2022 - 2023,
,Jamtara,2017 - 2018,
,,2018 - 2019,
,,2019 - 2020,
,,2020 - 2021,1.0
,,2021 - 2022,
,,2022 - 2023,
,Khunti,2017 - 2018,
,,2018 - 2019,
,,2019 - 2020,
,,2020 - 2021,0.8
,,2021 - 2022,
,,2022 - 2023,
,Koderma,2017 - 2018,
,,2018 - 2019,
,,2019 - 2020,
,,2020 - 2021,0.9
,,2021 - 2022,
,,2022 - 2023,
,Latehar,2017 - 2018,
,,2018 - 2019,
,,2019 - 2020,
,,2020 - 2021,0.82
,,2021 - 2022,
,,2022 - 2023,
,Lohardaga,2017 - 2018,
,,2018 - 2019,
,,2019 - 2020,
,,2020 - 2021,0.45
,,2021 - 2022,
,,2022 - 2023,
,Pakur,2017 - 2018,
,,2018 - 2019,
,,2020 - 2021,0.7
,,2021 - 2022,
,,2022 - 2023,
,Palamu,2017 - 2018,
,,2018 - 2019,
,,2019 - 2020,
,,2020 - 2021,0.81
,,2021 - 2022,
,,2022 - 2023,
,Ramgarh,2017 - 2018,
,,2018 - 2019,
,,2019 - 2020,
,,2020 - 2021,0.95
,,2021 - 2022,
,,2022 - 2023,
,Ranchi,2017 - 2018,
,,2018 - 2019,
,,2019 - 2020,
,,2020 - 2021,0.8
,,2021 - 2022,
,,2022 - 2023,
,Sahebganj,2017 - 2018,
,,2018 - 2019,
,,2019 - 2020,
,,2020 - 2021,1.14
,,2021 - 2022,
,Saraikela kharsawan,2017 - 2018,
,,2018 - 2019,
,,2019 - 2020,
,,2020 - 2021,1.3
,,2021 - 2022,
,,2022 - 2023,
,Simdega,2017 - 2018,
,,2018 - 2019,
,,2019 - 2020,
,,2020 - 2021,0.95
,,2021 - 2022,
,,2022 - 2023,
,West singhbhum,2017 - 2018,
,,2018 - 2019,
,,2019 - 2020,
,,2020 - 2021,0.83
,,2021 - 2022,
,,2022 - 2023,
Karnataka,Bagalkot,2000 - 2001,
,,2001 - 2002,
,,2002 - 2003,
,,2003 - 2004,
,,2004 - 2005,
,,2005 - 2006,
,,2006 - 2007,
,,2007 - 2008,
,,2008 - 2009,
,,2009 - 2010,
,,2010 - 2011,
,,2011 - 2012,
,,2012 - 2013,
,,2013 - 2014,
,,2014 - 2015,
,,2015 - 2016,
,,2016 - 2017,
,,2017 - 2018,
,,2018 - 2019,
,,2019 - 2020,0.0
,,2020 - 2021,0.22
,,2021 - 2022,
,,2022 - 2023,
,Bangalore rural,2000 - 2001,
,,2001 - 2002,
,,2002 - 2003,
,,2003 - 2004,
,,2004 - 2005,
,,2005 - 2006,
,,2006 - 2007,
,,2007 - 2008,
,,2008 - 2009,
,,2009 - 2010,
,,2010 - 2011,
,,2011 - 2012,
,,2012 - 2013,
,,2013 - 2014,
,,2014 - 2015,
,,2015 - 2016,
,,2016 - 2017,
,,2018 - 2019,
,,2019 - 2020,0.16
,,2020 - 2021,
,,2021 - 2022,
,,2022 - 2023,
,Belgaum,2000 - 2001,
,,2001 - 2002,
,,2002 - 2003,
,,2003 - 2004,
,,2004 - 2005,
,,2005 - 2006,
,,2006 - 2007,
,,2007 - 2008,
,,2008 - 2009,
,,2009 - 2010,
,,2010 - 2011,
,,2011 - 2012,
,,2012 - 2013,
,,2013 - 2014,
,,2014 - 2015,
,,2015 - 2016,
,,2016 - 2017,
,,2017 - 2018,
,,2018 - 2019,
,,2019 - 2020,
,,2020 - 2021,0.14
,,2021 - 2022,
,,2022 - 2023,
,Bellary,2000 - 2001,
,,2001 - 2002,
,,2002 - 2003,
,,2003 - 2004,
,,2004 - 2005,
,,2005 - 2006,
,,2006 - 2007,
,,2007 - 2008,
,,2008 - 2009,
,,2009 - 2010,
,,2010 - 2011,
,,2011 - 2012,
,,2012 - 2013,
,,2013 - 2014,
,,2014 - 2015,
,,2015 - 2016,0.31
,,2016 - 2017,
,,2018 - 2019,
,,2019 - 2020,
,,2020 - 2021,0.2
,,2021 - 2022,
,,2022 - 2023,
,Bengaluru urban,2000 - 2001,
,,2001 - 2002,
,,2002 - 2003,
,,2003 - 2004,
,,2004 - 2005,
,,2005 - 2006,
,,2006 - 2007,
,,2007 - 2008,
,,2008 - 2009,
,,2009 - 2010,
,,2010 - 2011,
,,2011 - 2012,
,,2012 - 2013,
,,2013 - 2014,
,,2014 - 2015,
,,2015 - 2016,
,,2016 - 2017,
,,2017 - 2018,
,,2018 - 2019,
,,2019 - 2020,
,,2020 - 2021,
,,2021 - 2022,
,,2022 - 2023,
,Bidar,2000 - 2001,
,,2001 - 2002,
,,2002 - 2003,
,,2003 - 2004,
,,2004 - 2005,
,,2005 - 2006,
,,2006 - 2007,
,,2007 - 2008,
,,2008 - 2009,
,,2009 - 2010,
,,2010 - 2011,
,,2011 - 2012,
,,2012 - 2013,
,,2013 - 2014,
,,2014 - 2015,
,,2015 - 2016,
,,2016 - 2017,
,,2017 - 2018,
,,2018 - 2019,
,,2019 - 2020,
,,2020 - 2021,0.22
,,2021 - 2022,
,,2022 - 2023,
,Bijapur,2000 - 2001,
,,2001 - 2002,
,,2002 - 2003,
,,2003 - 2004,
,,2004 - 2005,
,,2005 - 2006,
,,2006 - 2007,
,,2007 - 2008,
,,2008 - 2009,
,,2009 - 2010,
,,2010 - 2011,
,,2011 - 2012,
,,2012 - 2013,
,,2013 - 2014,
,,2014 - 2015,
,,2015 - 2016,
,,2016 - 2017,
,,2017 - 2018,
,,2018 - 2019,
,,2019 - 2020,0.0
,,2020 - 2021,
,,2021 - 2022,
,,2022 - 2023,
,Chamarajanagar,2000 - 2001,
,,2001 - 2002,
,,2002 - 2003,
,,2003 - 2004,
,,2004 - 2005,
,,2005 - 2006,
,,2006 - 2007,
,,2007 - 2008,
,,2008 - 2009,
,,2009 - 2010,
,,2010 - 2011,
,,2011 - 2012,
,,2012 - 2013,
,,2013 - 2014,
,,2014 - 2015,
,,2015 - 2016,
,,2016 - 2017,
,,2017 - 2018,
,,2018 - 2019,
,,2019 - 2020,
,,2020 - 2021,0.2
,,2021 - 2022,
,,2022 - 2023,
,Chikballapur,2018 - 2019,
,,2019 - 2020,0.12
,,2020 - 2021,0.22
,,2021 - 2022,
,,2022 - 2023,
,Chikmagalur,2000 - 2001,
,,2001 - 2002,
,,2002 - 2003,
,,2003 - 2004,
,,2004 - 2005,
,,2005 - 2006,
,,2006 - 2007,
,,2007 - 2008,
,,2008 - 2009,
,,2009 - 2010,
,,2010 - 2011,
,,2011 - 2012,
,,2012 - 2013,
,,2013 - 2014,
,,2014 - 2015,
,,2015 - 2016,0.2
,,2016 - 2017,0.28
,,2017 - 2018,0.29
,,2018 - 2019,
,,2019 - 2020,0.0
,,2020 - 2021,
,,2021 - 2022,
,,2022 - 2023,
,Chitradurga,2000 - 2001,
,,2001 - 2002,
,,2002 - 2003,
,,2003 - 2004,
,,2004 - 2005,
,,2005 - 2006,
,,2006 - 2007,
,,2007 - 2008,
,,2008 - 2009,
,,2009 - 2010,
,,2010 - 2011,
,,2011 - 2012,
,,2012 - 2013,
,,2013 - 2014,
,,2014 - 2015,
,,2015 - 2016,
,,2016 - 2017,
,,2017 - 2018,
,,2018 - 2019,
,,2019 - 2020,
,,2020 - 2021,
,,2021 - 2022,
,,2022 - 2023,
,Dakshin kannad,2000 - 2001,
,,2001 - 2002,
,,2002 - 2003,
,,2003 - 2004,
,,2004 - 2005,
,,2005 - 2006,
,,2006 - 2007,
,,2007 - 2008,
,,2008 - 2009,
,,2009 - 2010,
,,2010 - 2011,
,,2011 - 2012,
,,2012 - 2013,
,,2013 - 2014,
,,2014 - 2015,
,,2015 - 2016,0.28
,,2016 - 2017,0.27
,,2017 - 2018,0.27
,,2018 - 2019,
,,2019 - 2020,0.0
,Davangere,2000 - 2001,
,,2001 - 2002,
,,2002 - 2003,
,,2003 - 2004,
,,2004 - 2005,
,,2005 - 2006,
,,2006 - 2007,
,,2007 - 2008,
,,2008 - 2009,
,,2009 - 2010,
,,2010 - 2011,
,,2011 - 2012,
,,2012 - 2013,
,,2013 - 2014,
,,2014 - 2015,
,,2015 - 2016,0.28
,,2016 - 2017,0.26
,,2017 - 2018,0.25
,,2018 - 2019,
,,2019 - 2020,0.13
,,2020 - 2021,0.15
,,2021 - 2022,
,,2022 - 2023,
,Dharwad,2000 - 2001,
,,2001 - 2002,
,,2002 - 2003,
,,2003 - 2004,
,,2004 - 2005,
,,2005 - 2006,
,,2006 - 2007,
,,2007 - 2008,
,,2008 - 2009,
,,2009 - 2010,
,,2010 - 2011,
,,2011 - 2012,
,,2012 - 2013,
,,2013 - 2014,
,,2014 - 2015,
,,2015 - 2016,0.0
,,2016 - 2017,
,,2017 - 2018,
,,2018 - 2019,
,,2019 - 2020,
,,2020 - 2021,0.16
,,2021 - 2022,
,,2022 - 2023,
,Gadag,2000 - 2001,
,,2001 - 2002,
,,2002 - 2003,
,,2003 - 2004,
,,2004 - 2005,
,,2005 - 2006,
,,2006 - 2007,
,,2007 - 2008,
,,2008 - 2009,
,,2009 - 2010,
,,2010 - 2011,
,,2011 - 2012,
,,2012 - 2013,
,,2013 - 2014,
,,2014 - 2015,
,,2015 - 2016,
,,2016 - 2017,
,,2017 - 2018,
,,2018 - 2019,
,,2019 - 2020,
,,2020 - 2021,
,,2021 - 2022,
,,2022 - 2023,
,Gulbarga,2000 - 2001,
,,2001 - 2002,
,,2002 - 2003,
,,2003 - 2004,
,,2004 - 2005,
,,2005 - 2006,
,,2006 - 2007,
,,2007 - 2008,
,,2008 - 2009,
,,2009 - 2010,
,,2010 - 2011,
,,2011 - 2012,
,,2012 - 2013,
,,2013 - 2014,
,,2014 - 2015,
,,2015 - 2016,
,,2016 - 2017,
,,2017 - 2018,
,,2018 - 2019,
,,2019 - 2020,0.0
,,2020 - 2021,0.25
,,2021 - 2022,
,,2022 - 2023,
,Hassan,2000 - 2001,
,,2001 - 2002,
,,2002 - 2003,
,,2003 - 2004,
,,2004 - 2005,
,,2005 - 2006,
,,2006 - 2007,
,,2007 - 2008,
,,2008 - 2009,
,,2009 - 2010,
,,2010 - 2011,
,,2011 - 2012,
,,2012 - 2013,
,,2013 - 2014,
,,2014 - 2015,
,,2015 - 2016,
,,2016 - 2017,
,,2017 - 2018,
,,2018 - 2019,
,,2019 - 2020,0.19
,,2020 - 2021,
,,2021 - 2022,
,,2022 - 2023,
,Haveri,2000 - 2001,
,,2001 - 2002,
,,2002 - 2003,
,,2003 - 2004,
,,2004 - 2005,
,,2005 - 2006,
,,2006 - 2007,
,,2007 - 2008,
,,2008 - 2009,
,,2009 - 2010,
,,2010 - 2011,
,,2011 - 2012,
,,2012 - 2013,
,,2013 - 2014,
,,2014 - 2015,
,,2015 - 2016,0.35
,,2016 - 2017,0.37
,,2017 - 2018,0.37
,,2018 - 2019,0.25
,,2019 - 2020,
,,2020 - 2021,0.23
,,2021 - 2022,
,,2022 - 2023,
,Kodagu,2018 - 2019,
,,2020 - 2021,
,Kolar,2000 - 2001,
,,2001 - 2002,
,,2004 - 2005,
,,2005 - 2006,
,,2006 - 2007,
,,2018 - 2019,
,,2019 - 2020,0.0
,,2020 - 2021,0.2
,,2021 - 2022,
,Koppal,2000 - 2001,
,,2001 - 2002,
,,2002 - 2003,
,,2003 - 2004,
,,2004 - 2005,
,,2005 - 2006,
,,2006 - 2007,
,,2007 - 2008,
,,2008 - 2009,
,,2009 - 2010,
,,2010 - 2011,
,,2011 - 2012,
,,2012 - 2013,
,,2013 - 2014,
,,2014 - 2015,
,,2015 - 2016,0.32
,,2016 - 2017,
,,2017 - 2018,0.32
,,2018 - 2019,
,,2019 - 2020,
,,2020 - 2021,0.16
,,2021 - 2022,
,,2022 - 2023,
,Mandya,2000 - 2001,
,,2001 - 2002,
,,2002 - 2003,
,,2003 - 2004,
,,2004 - 2005,
,,2005 - 2006,
,,2006 - 2007,
,,2007 - 2008,
,,2008 - 2009,
,,2009 - 2010,
,,2010 - 2011,
,,2011 - 2012,
,,2012 - 2013,
,,2013 - 2014,
,,2014 - 2015,
,,2015 - 2016,0.5
,,2016 - 2017,0.25
,,2017 - 2018,0.25
,,2018 - 2019,0.27
,,2019 - 2020,
,,2020 - 2021,0.22
,,2021 - 2022,
,,2022 - 2023,
,Mysore,2000 - 2001,
,,2001 - 2002,
,,2002 - 2003,
,,2003 - 2004,
,,2004 - 2005,
,,2005 - 2006,
,,2006 - 2007,
,,2007 - 2008,
,,2008 - 2009,
,,2009 - 2010,
,,2010 - 2011,
,,2011 - 2012,
,,2012 - 2013,
,,2013 - 2014,
,,2014 - 2015,
,,2015 - 2016,
,,2016 - 2017,0.2
,,2017 - 2018,
,,2018 - 2019,0.23
,,2019 - 2020,
,,2020 - 2021,
,,2021 - 2022,
,,2022 - 2023,
,Raichur,2000 - 2001,
,,2001 - 2002,
,,2002 - 2003,
,,2003 - 2004,
,,2004 - 2005,
,,2005 - 2006,
,,2006 - 2007,
,,2007 - 2008,
,,2008 - 2009,
,,2009 - 2010,
,,2010 - 2011,
,,2011 - 2012,
,,2012 - 2013,
,,2013 - 2014,
,,2014 - 2015,
,,2015 - 2016,
,,2016 - 2017,
,,2017 - 2018,
,,2018 - 2019,
,,2019 - 2020,
,,2020 - 2021,
,,2021 - 2022,
,,2022 - 2023,
,Ramanagara,2007 - 2008,
,,2008 - 2009,
,,2009 - 2010,
,,2010 - 2011,
,,2011 - 2012,
,,2012 - 2013,
,,2013 - 2014,
,,2014 - 2015,
,,2015 - 2016,
,,2016 - 2017,
,,2017 - 2018,
,,2018 - 2019,
,,2019 - 2020,0.14
,,2020 - 2021,
,,2021 - 2022,
,,2022 - 2023,
,Shimoga,2000 - 2001,
,,2001 - 2002,
,,2002 - 2003,
,,2003 - 2004,
,,2004 - 2005,
,,2005 - 2006,
,,2006 - 2007,
,,2007 - 2008,
,,2008 - 2009,
,,2009 - 2010,
,,2010 - 2011,
,,2011 - 2012,
,,2012 - 2013,
,,2013 - 2014,
,,2014 - 2015,
,,2015 - 2016,0.33
,,2016 - 2017,0.26
,,2017 - 2018,0.29
,,2018 - 2019,0.3
,,2019 - 2020,
,,2020 - 2021,0.22
,,2021 - 2022,
,,2022 - 2023,
,Tumkur,2000 - 2001,
,,2001 - 2002,
,,2002 - 2003,
,,2003 - 2004,
,,2004 - 2005,
,,2005 - 2006,
,,2006 - 2007,
,,2007 - 2008,
,,2008 - 2009,
,,2009 - 2010,
,,2010 - 2011,
,,2011 - 2012,
,,2012 - 2013,
,,2013 - 2014,
,,2014 - 2015,
,,2015 - 2016,
,,2016 - 2017,
,,2017 - 2018,
,,2018 - 2019,
,,2019 - 2020,0.19
,,2020 - 2021,
,,2021 - 2022,
,,2022 - 2023,
,Udupi,2000 - 2001,
,,2001 - 2002,
,,2002 - 2003,
,,2003 - 2004,
,,2004 - 2005,
,,2005 - 2006,
,,2006 - 2007,
,,2007 - 2008,
,,2008 - 2009,
,,2009 - 2010,
,,2010 - 2011,
,,2011 - 2012,
,,2012 - 2013,
,,2013 - 2014,
,,2014 - 2015,
,,2015 - 2016,0.27
,,2016 - 2017,0.28
,,2017 - 2018,0.27
,,2018 - 2019,0.28
,,2019 - 2020,0.18
,,2020 - 2021,0.2
,,2021 - 2022,
,,2022 - 2023,
,Uttar kannad,2000 - 2001,
,,2001 - 2002,
,,2002 - 2003,
,,2003 - 2004,
,,2004 - 2005,
,,2005 - 2006,
,,2006 - 2007,
,,2007 - 2008,
,,2008 - 2009,
,,2009 - 2010,
,,2010 - 2011,
,,2011 - 2012,
,,2012 - 2013,
,,2013 - 2014,
,,2014 - 2015,
,,2015 - 2016,0.24
,,2016 - 2017,0.24
,,2017 - 2018,0.24
,,2018 - 2019,0.24
,,2019 - 2020,0.13
,,2020 - 2021,0.23
,,2021 - 2022,
,,2022 - 2023,
,Vijayanagar,2022 - 2023,
,Yadgir,2010 - 2011,
,,2011 - 2012,
,,2012 - 2013,
,,2013 - 2014,
,,2014 - 2015,
,,2015 - 2016,0.34
,,2016 - 2017,
,,2017 - 2018,
,,2018 - 2019,
,,2019 - 2020,
,,2020 - 2021,0.13
,,2021 - 2022,
,,2022 - 2023,
Kerala,Alappuzha,2012 - 2013,
,,2013 - 2014,
,,2014 - 2015,
,Ernakulam,2012 - 2013,
,,2014 - 2015,
,Idukki,2013 - 2014,
,Kannur,2012 - 2013,
,,2013 - 2014,
,,2014 - 2015,
,Kasaragod,2012 - 2013,
,,2013 - 2014,
,,2014 - 2015,
,Kollam,2012 - 2013,
,,2013 - 2014,
,,2014 - 2015,
,Kozhikode,2012 - 2013,
,,2013 - 2014,
,,2014 - 2015,
,Malappuram,2013 - 2014,
,Palakkad,2012 - 2013,
,,2013 - 2014,
,,2014 - 2015,
,Thiruvananthapuram,2012 - 2013,
,,2013 - 2014,
,,2014 - 2015,
Madhya Pradesh,Agar malwa,2013 - 2014,
,,2014 - 2015,
,,2015 - 2016,
,,2016 - 2017,
,,2017 - 2018,1.5
,,2018 - 2019,
,,2019 - 2020,1.0
,,2020 - 2021,1.0
,,2021 - 2022,
,,2022 - 2023,1.0
,Alirajpur,2009 - 2010,
,,2010 - 2011,
,,2011 - 2012,
,,2012 - 2013,
,,2013 - 2014,
,,2014 - 2015,
,,2015 - 2016,
,,2016 - 2017,
,,2017 - 2018,1.0
,,2018 - 2019,
,,2019 - 2020,0.6
,,2020 - 2021,0.6
,,2021 - 2022,
,,2022 - 2023,0.59
,Anuppur,2005 - 2006,
,,2006 - 2007,
,,2009 - 2010,
,,2010 - 2011,
,,2011 - 2012,
,,2012 - 2013,
,,2013 - 2014,
,,2016 - 2017,
,,2017 - 2018,0.67
,,2018 - 2019,0.0
,,2019 - 2020,0.0
,,2020 - 2021,0.69
,,2021 - 2022,
,,2022 - 2023,0.5
,Ashoknagar,2005 - 2006,
,,2006 - 2007,
,,2009 - 2010,
,,2010 - 2011,
,,2011 - 2012,
,,2012 - 2013,
,,2013 - 2014,
,,2014 - 2015,
,,2015 - 2016,
,,2017 - 2018,1.25
,,2018 - 2019,
,,2019 - 2020,0.5
,,2020 - 2021,0.75
,,2021 - 2022,
,,2022 - 2023,0.76
,Balaghat,2005 - 2006,
,,2006 - 2007,
,,2009 - 2010,
,,2010 - 2011,
,,2011 - 2012,
,,2012 - 2013,
,,2013 - 2014,
,,2017 - 2018,1.29
,,2018 - 2019,0.32
,,2019 - 2020,1.05
,,2020 - 2021,1.05
,,2022 - 2023,1.05
,Barwani,2005 - 2006,
,,2006 - 2007,
,,2009 - 2010,
,,2010 - 2011,
,,2011 - 2012,
,,2012 - 2013,
,,2013 - 2014,
,,2014 - 2015,
,,2015 - 2016,
,,2016 - 2017,
,,2017 - 2018,1.31
,,2018 - 2019,0.21
,,2019 - 2020,0.85
,,2020 - 2021,1.25
,,2021 - 2022,
,,2022 - 2023,1.25
,Betul,2005 - 2006,
,,2006 - 2007,
,,2009 - 2010,
,,2010 - 2011,
,,2011 - 2012,
,,2012 - 2013,
,,2013 - 2014,
,,2014 - 2015,
,,2015 - 2016,
,,2016 - 2017,
,,2017 - 2018,0.74
,,2018 - 2019,0.0
,,2019 - 2020,0.8
,,2020 - 2021,1.02
,,2021 - 2022,
,,2022 - 2023,1.02
,Bhind,2005 - 2006,
,,2006 - 2007,
,,2009 - 2010,
,,2010 - 2011,
,,2011 - 2012,
,,2012 - 2013,
,,2013 - 2014,
,,2014 - 2015,
,,2015 - 2016,
,,2016 - 2017,
,,2017 - 2018,
,,2018 - 2019,
,,2019 - 2020,1.35
,,2020 - 2021,1.35
,,2021 - 2022,
,,2022 - 2023,1.35
,Bhopal,2005 - 2006,
,,2006 - 2007,
,,2009 - 2010,
,,2010 - 2011,
,,2011 - 2012,
,,2012 - 2013,
,,2013 - 2014,
,,2014 - 2015,
,,2015 - 2016,
,,2017 - 2018,0.8
,,2018 - 2019,
,,2019 - 2020,1.2
,,2020 - 2021,1.2
,,2021 - 2022,
,,2022 - 2023,1.42
,Burhanpur,2003 - 2004,
,,2005 - 2006,
,,2006 - 2007,
,,2009 - 2010,
,,2010 - 2011,
,,2011 - 2012,
,,2012 - 2013,
,,2013 - 2014,
,,2014 - 2015,
,,2015 - 2016,
,,2017 - 2018,0.55
,,2018 - 2019,0.29
,,2019 - 2020,1.25
,,2020 - 2021,1.25
,,2021 - 2022,
,,2022 - 2023,1.25
,Chhatarpur,2005 - 2006,
,,2006 - 2007,
,,2009 - 2010,
,,2010 - 2011,
,,2011 - 2012,
,,2012 - 2013,
,,2013 - 2014,
,,2014 - 2015,
,,2015 - 2016,
,,2016 - 2017,
,,2017 - 2018,1.0
,,2018 - 2019,
,,2019 - 2020,0.46
,,2020 - 2021,0.52
,,2021 - 2022,
,,2022 - 2023,0.54
,Chhindwara,2005 - 2006,
,,2006 - 2007,
,,2009 - 2010,
,,2010 - 2011,
,,2011 - 2012,
,,2012 - 2013,
,,2013 - 2014,
,,2014 - 2015,
,,2015 - 2016,
,,2017 - 2018,1.22
,,2018 - 2019,0.43
,,2019 - 2020,0.83
,,2020 - 2021,0.83
,,2021 - 2022,
,,2022 - 2023,0.46
,Damoh,2005 - 2006,
,,2006 - 2007,
,,2009 - 2010,
,,2010 - 2011,
,,2011 - 2012,
,,2012 - 2013,
,,2013 - 2014,
,,2014 - 2015,
,,2015 - 2016,
,,2016 - 2017,
,,2017 - 2018,0.73
,,2018 - 2019,0.5
,,2019 - 2020,0.95
,,2020 - 2021,1.05
,,2021 - 2022,
,,2022 - 2023,1.06
,Datia,2005 - 2006,
,,2006 - 2007,
,,2009 - 2010,
,,2010 - 2011,
,,2011 - 2012,
,,2012 - 2013,
,,2013 - 2014,
,,2014 - 2015,
,,2015 - 2016,
,,2016 - 2017,
,,2017 - 2018,1.2
,,2018 - 2019,
,,2019 - 2020,0.87
,,2020 - 2021,0.87
,,2021 - 2022,
,,2022 - 2023,0.88
,Dewas,2005 - 2006,
,,2006 - 2007,
,,2009 - 2010,
,,2010 - 2011,
,,2011 - 2012,
,,2012 - 2013,
,,2013 - 2014,
,,2014 - 2015,
,,2015 - 2016,
,,2017 - 2018,1.08
,,2018 - 2019,0.0
,,2019 - 2020,0.9
,,2020 - 2021,1.3
,,2021 - 2022,
,,2022 - 2023,1.28
,Dhar,2005 - 2006,
,,2006 - 2007,
,,2009 - 2010,
,,2010 - 2011,
,,2011 - 2012,
,,2012 - 2013,
,,2013 - 2014,
,,2014 - 2015,
,,2015 - 2016,
,,2016 - 2017,
,,2017 - 2018,0.99
,,2018 - 2019,0.48
,,2019 - 2020,0.86
,,2020 - 2021,0.91
,,2021 - 2022,
,,2022 - 2023,0.91
,Dindori,2010 - 2011,
,,2012 - 2013,
,,2013 - 2014,
,,2017 - 2018,
,,2018 - 2019,
,,2019 - 2020,0.65
,,2020 - 2021,0.65
,,2021 - 2022,
,,2022 - 2023,0.6
,Guna,2005 - 2006,
,,2006 - 2007,
,,2009 - 2010,
,,2010 - 2011,
,,2011 - 2012,
,,2012 - 2013,
,,2013 - 2014,
,,2014 - 2015,
,,2015 - 2016,
,,2017 - 2018,1.18
,,2018 - 2019,
,,2019 - 2020,1.4
,,2020 - 2021,1.4
,,2021 - 2022,
,,2022 - 2023,1.24
,Gwalior,2005 - 2006,
,,2006 - 2007,
,,2009 - 2010,
,,2010 - 2011,
,,2011 - 2012,
,,2012 - 2013,
,,2013 - 2014,
,,2014 - 2015,
,,2015 - 2016,
,,2017 - 2018,1.06
,,2018 - 2019,
,,2019 - 2020,0.85
,,2020 - 2021,0.85
,,2021 - 2022,
,,2022 - 2023,0.75
,Harda,2005 - 2006,
,,2006 - 2007,
,,2009 - 2010,
,,2010 - 2011,
,,2011 - 2012,
,,2012 - 2013,
,,2013 - 2014,
,,2014 - 2015,
,,2015 - 2016,
,,2017 - 2018,0.9
,,2018 - 2019,
,,2019 - 2020,1.4
,,2020 - 2021,1.5
,,2021 - 2022,
,,2022 - 2023,1.52
,Hoshangabad,2005 - 2006,
,,2006 - 2007,
,,2009 - 2010,
,,2010 - 2011,
,,2011 - 2012,
,,2012 - 2013,
,,2013 - 2014,
,,2014 - 2015,
,,2015 - 2016,
,,2016 - 2017,
,,2017 - 2018,1.22
,,2018 - 2019,0.0
,,2019 - 2020,1.5
,,2020 - 2021,1.5
,,2021 - 2022,
,,2022 - 2023,1.51
,Indore,2005 - 2006,
,,2006 - 2007,
,,2009 - 2010,
,,2010 - 2011,
,,2011 - 2012,
,,2012 - 2013,
,,2013 - 2014,
,,2014 - 2015,
,,2017 - 2018,1.08
,,2018 - 2019,
,,2019 - 2020,0.8
,,2020 - 2021,0.8
,,2021 - 2022,
,,2022 - 2023,0.8
,Jabalpur,2005 - 2006,
,,2006 - 2007,
,,2009 - 2010,
,,2010 - 2011,
,,2011 - 2012,
,,2012 - 2013,
,,2013 - 2014,
,,2014 - 2015,
,,2015 - 2016,
,,2016 - 2017,
,,2017 - 2018,1.35
,,2018 - 2019,0.4
,,2019 - 2020,1.5
,,2020 - 2021,1.5
,,2021 - 2022,
,,2022 - 2023,1.47
,Jhabua,2005 - 2006,
,,2006 - 2007,
,,2009 - 2010,
,,2010 - 2011,
,,2011 - 2012,
,,2012 - 2013,
,,2013 - 2014,
,,2014 - 2015,
,,2015 - 2016,
,,2017 - 2018,1.0
,,2018 - 2019,
,,2019 - 2020,0.79
,,2020 - 2021,0.79
,,2021 - 2022,
,,2022 - 2023,0.79
,Katni,2005 - 2006,
,,2006 - 2007,
,,2009 - 2010,
,,2010 - 2011,
,,2011 - 2012,
,,2012 - 2013,
,,2013 - 2014,
,,2014 - 2015,
,,2015 - 2016,
,,2017 - 2018,1.13
,,2018 - 2019,1.0
,,2019 - 2020,0.0
,,2020 - 2021,0.53
,,2021 - 2022,
,,2022 - 2023,0.68
,Khandwa,2005 - 2006,
,,2006 - 2007,
,,2009 - 2010,
,,2010 - 2011,
,,2011 - 2012,
,,2012 - 2013,
,,2013 - 2014,
,,2014 - 2015,
,,2015 - 2016,
,,2017 - 2018,1.38
,,2018 - 2019,0.25
,,2019 - 2020,1.15
,,2020 - 2021,1.15
,,2021 - 2022,
,,2022 - 2023,1.15
,Khargone,2005 - 2006,
,,2006 - 2007,
,,2009 - 2010,
,,2010 - 2011,
,,2011 - 2012,
,,2012 - 2013,
,,2013 - 2014,
,,2014 - 2015,
,,2015 - 2016,
,,2016 - 2017,
,,2017 - 2018,1.19
,,2018 - 2019,0.29
,,2019 - 2020,0.9
,,2020 - 2021,0.95
,,2021 - 2022,
,,2022 - 2023,1.06
,Mandla,2005 - 2006,
,,2006 - 2007,
,,2009 - 2010,
,,2010 - 2011,
,,2011 - 2012,
,,2012 - 2013,
,,2013 - 2014,
,,2017 - 2018,0.75
,,2018 - 2019,0.25
,,2019 - 2020,0.0
,,2020 - 2021,0.64
,,2022 - 2023,0.76
,Mandsaur,2005 - 2006,
,,2006 - 2007,
,,2009 - 2010,
,,2010 - 2011,
,,2011 - 2012,
,,2012 - 2013,
,,2013 - 2014,
,,2014 - 2015,
,,2015 - 2016,
,,2016 - 2017,
,,2017 - 2018,0.71
,,2018 - 2019,0.0
,,2019 - 2020,0.8
,,2020 - 2021,0.8
,,2021 - 2022,
,,2022 - 2023,0.86
,Morena,2005 - 2006,
,,2006 - 2007,
,,2009 - 2010,
,,2010 - 2011,
,,2011 - 2012,
,,2012 - 2013,
,,2013 - 2014,
,,2014 - 2015,
,,2015 - 2016,
,,2017 - 2018,
,,2018 - 2019,
,,2019 - 2020,0.85
,,2020 - 2021,0.98
,,2021 - 2022,
,,2022 - 2023,1.01
,Narsinghpur,2005 - 2006,
,,2006 - 2007,
,,2009 - 2010,
,,2010 - 2011,
,,2011 - 2012,
,,2012 - 2013,
,,2013 - 2014,
,,2014 - 2015,
,,2015 - 2016,
,,2016 - 2017,
,,2017 - 2018,1.37
,,2018 - 2019,0.4
,,2019 - 2020,1.4
,,2020 - 2021,1.6
,,2021 - 2022,
,,2022 - 2023,1.53
,Neemuch,2005 - 2006,
,,2006 - 2007,
,,2009 - 2010,
,,2010 - 2011,
,,2011 - 2012,
,,2012 - 2013,
,,2013 - 2014,
,,2017 - 2018,0.88
,,2018 - 2019,
,,2019 - 2020,0.8
,,2020 - 2021,0.8
,,2021 - 2022,
,,2022 - 2023,0.81
,Niwari,2020 - 2021,
,,2021 - 2022,
,,2022 - 2023,1.0
,Panna,2005 - 2006,
,,2006 - 2007,
,,2009 - 2010,
,,2010 - 2011,
,,2011 - 2012,
,,2012 - 2013,
,,2013 - 2014,
,,2014 - 2015,
,,2015 - 2016,
,,2016 - 2017,
,,2017 - 2018,1.0
,,2018 - 2019,
,,2019 - 2020,0.71
,,2020 - 2021,0.85
,,2021 - 2022,
,,2022 - 2023,0.85
,Raisen,2005 - 2006,
,,2006 - 2007,
,,2009 - 2010,
,,2010 - 2011,
,,2011 - 2012,
,,2012 - 2013,
,,2013 - 2014,
,,2014 - 2015,
,,2015 - 2016,
,,2017 - 2018,1.35
,,2018 - 2019,0.0
,,2019 - 2020,1.22
,,2020 - 2021,1.22
,,2021 - 2022,
,,2022 - 2023,1.27
,Rajgarh,2005 - 2006,
,,2006 - 2007,
,,2009 - 2010,
,,2010 - 2011,
,,2011 - 2012,
,,2012 - 2013,
,,2013 - 2014,
,,2014 - 2015,
,,2015 - 2016,
,,2017 - 2018,0.8
,,2018 - 2019,0.27
,,2019 - 2020,0.0
,,2020 - 2021,0.93
,,2021 - 2022,
,,2022 - 2023,0.93
,Ratlam,2005 - 2006,
,,2006 - 2007,
,,2009 - 2010,
,,2010 - 2011,
,,2011 - 2012,
,,2012 - 2013,
,,2013 - 2014,
,,2014 - 2015,
,,2015 - 2016,
,,2017 - 2018,1.33
,,2018 - 2019,
,,2019 - 2020,1.18
,,2020 - 2021,1.18
,,2021 - 2022,
,,2022 - 2023,1.17
,Rewa,2005 - 2006,
,,2006 - 2007,
,,2009 - 2010,
,,2010 - 2011,
,,2011 - 2012,
,,2012 - 2013,
,,2013 - 2014,
,,2014 - 2015,
,,2015 - 2016,
,,2016 - 2017,
,,2017 - 2018,1.06
,,2018 - 2019,0.5
,,2019 - 2020,0.61
,,2020 - 2021,0.88
,,2021 - 2022,
,,2022 - 2023,0.92
,Sagar,2005 - 2006,
,,2006 - 2007,
,,2009 - 2010,
,,2010 - 2011,
,,2011 - 2012,
,,2012 - 2013,
,,2013 - 2014,
,,2014 - 2015,
,,2015 - 2016,
,,2016 - 2017,
,,2017 - 2018,0.64
,,2018 - 2019,0.19
,,2019 - 2020,0.75
,,2020 - 2021,1.09
,,2021 - 2022,
,,2022 - 2023,1.14
,Satna,2005 - 2006,
,,2006 - 2007,
,,2009 - 2010,
,,2010 - 2011,
,,2011 - 2012,
,,2012 - 2013,
,,2013 - 2014,
,,2014 - 2015,
,,2015 - 2016,
,,2016 - 2017,
,,2017 - 2018,0.0
,,2018 - 2019,0.5
,,2019 - 2020,0.91
,,2020 - 2021,0.91
,,2021 - 2022,
,,2022 - 2023,0.91
,Sehore,2005 - 2006,
,,2006 - 2007,
,,2009 - 2010,
,,2010 - 2011,
,,2011 - 2012,
,,2012 - 2013,
,,2013 - 2014,
,,2014 - 2015,
,,2015 - 2016,
,,2017 - 2018,1.3
,,2018 - 2019,
,,2019 - 2020,1.5
,,2020 - 2021,1.5
,,2021 - 2022,
,,2022 - 2023,1.46
,Seoni,2005 - 2006,
,,2006 - 2007,
,,2009 - 2010,
,,2010 - 2011,
,,2011 - 2012,
,,2012 - 2013,
,,2013 - 2014,
,,2014 - 2015,
,,2015 - 2016,
,,2017 - 2018,1.06
,,2018 - 2019,
,,2019 - 2020,0.53
,,2020 - 2021,0.79
,,2021 - 2022,
,,2022 - 2023,1.01
,Shahdol,2005 - 2006,
,,2006 - 2007,
,,2009 - 2010,
,,2010 - 2011,
,,2011 - 2012,
,,2012 - 2013,
,,2013 - 2014,
,,2014 - 2015,
,,2015 - 2016,
,,2017 - 2018,1.25
,,2018 - 2019,
,,2019 - 2020,0.0
,,2020 - 2021,0.72
,,2022 - 2023,0.7
,Shajapur,2005 - 2006,
,,2006 - 2007,
,,2009 - 2010,
,,2010 - 2011,
,,2011 - 2012,
,,2012 - 2013,
,,2013 - 2014,
,,2015 - 2016,
,,2017 - 2018,
,,2018 - 2019,
,,2019 - 2020,0.91
,,2020 - 2021,0.91
,,2021 - 2022,
,,2022 - 2023,0.91
,Sheopur,2005 - 2006,
,,2006 - 2007,
,,2009 - 2010,
,,2010 - 2011,
,,2011 - 2012,
,,2012 - 2013,
,,2013 - 2014,
,,2014 - 2015,
,,2015 - 2016,
,,2017 - 2018,
,,2018 - 2019,
,,2019 - 2020,0.6
,,2020 - 2021,1.0
,,2022 - 2023,0.98
,Shivpuri,2005 - 2006,
,,2006 - 2007,
,,2009 - 2010,
,,2010 - 2011,
,,2011 - 2012,
,,2012 - 2013,
,,2013 - 2014,
,,2014 - 2015,
,,2015 - 2016,
,,2016 - 2017,
,,2017 - 2018,1.0
,,2018 - 2019,
,,2019 - 2020,0.74
,,2020 - 2021,0.74
,,2021 - 2022,
,,2022 - 2023,0.73
,Sidhi,2005 - 2006,
,,2006 - 2007,
,,2009 - 2010,
,,2010 - 2011,
,,2011 - 2012,
,,2012 - 2013,
,,2013 - 2014,
,,2014 - 2015,
,,2015 - 2016,
,,2016 - 2017,
,,2017 - 2018,
,,2018 - 2019,0.2
,,2019 - 2020,0.67
,,2020 - 2021,0.67
,,2021 - 2022,
,,2022 - 2023,1.0
,Singrauli,2009 - 2010,
,,2010 - 2011,
,,2011 - 2012,
,,2012 - 2013,
,,2013 - 2014,
,,2014 - 2015,
,,2015 - 2016,
,,2017 - 2018,0.8
,,2018 - 2019,0.0
,,2019 - 2020,
,,2020 - 2021,0.31
,,2021 - 2022,
,,2022 - 2023,
,Tikamgarh,2005 - 2006,
,,2006 - 2007,
,,2009 - 2010,
,,2010 - 2011,
,,2011 - 2012,
,,2012 - 2013,
,,2013 - 2014,
,,2014 - 2015,
,,2015 - 2016,
,,2016 - 2017,
,,2017 - 2018,
,,2018 - 2019,0.3
,,2019 - 2020,
,,2020 - 2021,
,,2021 - 2022,
,,2022 - 2023,0.74
,Ujjain,2005 - 2006,
,,2006 - 2007,
,,2009 - 2010,
,,2010 - 2011,
,,2011 - 2012,
,,2012 - 2013,
,,2013 - 2014,
,,2015 - 2016,
,,2016 - 2017,
,,2017 - 2018,0.9
,,2018 - 2019,0.0
,,2019 - 2020,0.75
,,2020 - 2021,0.75
,,2021 - 2022,
,,2022 - 2023,0.76
,Umaria,2005 - 2006,
,,2006 - 2007,
,,2009 - 2010,
,,2010 - 2011,
,,2011 - 2012,
,,2012 - 2013,
,,2013 - 2014,
,,2017 - 2018,
,,2018 - 2019,
,,2019 - 2020,0.0
,,2020 - 2021,0.63
,,2022 - 2023,0.63
,Vidisha,2005 - 2006,
,,2006 - 2007,
,,2009 - 2010,
,,2010 - 2011,
,,2011 - 2012,
,,2012 - 2013,
,,2013 - 2014,
,,2014 - 2015,
,,2015 - 2016,
,,2017 - 2018,0.95
,,2018 - 2019,0.13
,,2019 - 2020,0.53
,,2020 - 2021,1.2
,,2021 - 2022,
,,2022 - 2023,1.21
Maharashtra,Ahilyanagar,2000 - 2001,
,,2001 - 2002,
,,2002 - 2003,
,,2003 - 2004,
,,2004 - 2005,
,,2005 - 2006,
,,2006 - 2007,
,,2007 - 2008,
,,2008 - 2009,
,,2009 - 2010,
,,2010 - 2011,
,,2011 - 2012,
,,2012 - 2013,
,,2013 - 2014,
,,2014 - 2015,
,,2015 - 2016,0.3
,,2016 - 2017,
,,2017 - 2018,
,,2018 - 2019,
,,2019 - 2020,
,,2020 - 2021,
,,2021 - 2022,0.18
,,2022 - 2023,0.18
,Akola,2000 - 2001,
,,2001 - 2002,
,,2002 - 2003,
,,2003 - 2004,
,,2004 - 2005,
,,2005 - 2006,
,,2006 - 2007,
,,2007 - 2008,
,,2008 - 2009,
,,2009 - 2010,
,,2010 - 2011,
,,2011 - 2012,
,,2012 - 2013,
,,2013 - 2014,
,,2014 - 2015,
,,2015 - 2016,
,,2016 - 2017,
,,2017 - 2018,
,,2018 - 2019,
,,2019 - 2020,
,,2020 - 2021,
,,2021 - 2022,0.18
,,2022 - 2023,0.18
,Amravati,2000 - 2001,
,,2001 - 2002,
,,2002 - 2003,
,,2003 - 2004,
,,2004 - 2005,
,,2005 - 2006,
,,2006 - 2007,
,,2007 - 2008,
,,2008 - 2009,
,,2009 - 2010,
,,2010 - 2011,
,,2011 - 2012,
,,2012 - 2013,
,,2013 - 2014,
,,2014 - 2015,
,,2015 - 2016,0.22
,,2016 - 2017,
,,2017 - 2018,
,,2018 - 2019,
,,2019 - 2020,
,,2020 - 2021,
,,2021 - 2022,0.6
,,2022 - 2023,0.18
,Beed,2000 - 2001,
,,2001 - 2002,
,,2002 - 2003,
,,2003 - 2004,
,,2004 - 2005,
,,2005 - 2006,
,,2006 - 2007,
,,2007 - 2008,
,,2008 - 2009,
,,2009 - 2010,
,,2010 - 2011,
,,2011 - 2012,
,,2012 - 2013,
,,2013 - 2014,
,,2014 - 2015,
,,2015 - 2016,
,,2016 - 2017,
,,2017 - 2018,
,,2018 - 2019,
,,2019 - 2020,
,,2020 - 2021,
,,2021 - 2022,0.18
,,2022 - 2023,0.18
,Bhandara,2000 - 2001,
,,2001 - 2002,
,,2002 - 2003,
,,2003 - 2004,
,,2004 - 2005,
,,2005 - 2006,
,,2006 - 2007,
,,2007 - 2008,
,,2008 - 2009,
,,2009 - 2010,
,,2010 - 2011,
,,2011 - 2012,
,,2012 - 2013,
,,2013 - 2014,
,,2014 - 2015,
,,2015 - 2016,0.17
,,2016 - 2017,
,,2019 - 2020,
,,2020 - 2021,
,,2021 - 2022,0.18
,,2022 - 2023,0.18
,Buldhana,2000 - 2001,
,,2001 - 2002,
,,2002 - 2003,
,,2003 - 2004,
,,2004 - 2005,
,,2005 - 2006,
,,2006 - 2007,
,,2007 - 2008,
,,2008 - 2009,
,,2009 - 2010,
,,2010 - 2011,
,,2011 - 2012,
,,2012 - 2013,
,,2013 - 2014,
,,2014 - 2015,
,,2015 - 2016,0.17
,,2016 - 2017,
,,2017 - 2018,
,,2018 - 2019,
,,2019 - 2020,
,,2020 - 2021,
,,2021 - 2022,0.18
,,2022 - 2023,0.18
,Chandrapur,2000 - 2001,
,,2001 - 2002,
,,2002 - 2003,
,,2003 - 2004,
,,2004 - 2005,
,,2005 - 2006,
,,2006 - 2007,
,,2007 - 2008,
,,2008 - 2009,
,,2009 - 2010,
,,2010 - 2011,
,,2011 - 2012,
,,2012 - 2013,
,,2013 - 2014,
,,2014 - 2015,
,,2015 - 2016,0.18
,,2016 - 2017,
,,2017 - 2018,
,,2018 - 2019,
,,2019 - 2020,
,,2020 - 2021,
,,2021 - 2022,0.18
,,2022 - 2023,0.18
,Chhatrapati Sambhajinagar,2000 - 2001,
,,2001 - 2002,
,,2002 - 2003,
,,2003 - 2004,
,,2004 - 2005,
,,2005 - 2006,
,,2006 - 2007,
,,2007 - 2008,
,,2008 - 2009,
,,2009 - 2010,
,,2010 - 2011,
,,2011 - 2012,
,,2012 - 2013,
,,2013 - 2014,
,,2014 - 2015,
,,2015 - 2016,
,,2016 - 2017,
,,2017 - 2018,
,,2018 - 2019,
,,2019 - 2020,
,,2020 - 2021,
,,2021 - 2022,0.18
,,2022 - 2023,0.19
,Dharashiv,2000 - 2001,
,,2001 - 2002,
,,2002 - 2003,
,,2003 - 2004,
,,2004 - 2005,
,,2005 - 2006,
,,2006 - 2007,
,,2007 - 2008,
,,2008 - 2009,
,,2009 - 2010,
,,2010 - 2011,
,,2011 - 2012,
,,2012 - 2013,
,,2013 - 2014,
,,2014 - 2015,
,,2015 - 2016,
,,2016 - 2017,
,,2017 - 2018,
,,2018 - 2019,
,,2019 - 2020,
,,2020 - 2021,
,,2021 - 2022,0.18
,,2022 - 2023,0.18
,Dhule,2000 - 2001,
,,2001 - 2002,
,,2002 - 2003,
,,2003 - 2004,
,,2004 - 2005,
,,2005 - 2006,
,,2006 - 2007,
,,2007 - 2008,
,,2008 - 2009,
,,2009 - 2010,
,,2010 - 2011,
,,2011 - 2012,
,,2012 - 2013,
,,2013 - 2014,
,,2014 - 2015,
,,2015 - 2016,
,,2016 - 2017,
,,2017 - 2018,
,,2018 - 2019,
,,2019 - 2020,
,,2020 - 2021,
,,2021 - 2022,0.18
,,2022 - 2023,0.18
,Gadchiroli,2000 - 2001,
,,2001 - 2002,
,,2002 - 2003,
,,2003 - 2004,
,,2004 - 2005,
,,2005 - 2006,
,,2006 - 2007,
,,2007 - 2008,
,,2008 - 2009,
,,2009 - 2010,
,,2010 - 2011,
,,2011 - 2012,
,,2015 - 2016,0.33
,,2016 - 2017,
,,2017 - 2018,
,,2018 - 2019,
,,2019 - 2020,
,,2020 - 2021,
,,2021 - 2022,0.18
,,2022 - 2023,0.18
,Gondia,2000 - 2001,
,,2001 - 2002,
,,2002 - 2003,
,,2003 - 2004,
,,2004 - 2005,
,,2005 - 2006,
,,2006 - 2007,
,,2007 - 2008,
,,2008 - 2009,
,,2011 - 2012,
,,2012 - 2013,
,,2013 - 2014,
,,2014 - 2015,
,,2015 - 2016,0.0
,,2016 - 2017,
,,2018 - 2019,
,,2019 - 2020,
,,2020 - 2021,
,,2021 - 2022,0.18
,,2022 - 2023,0.18
,Hingoli,2000 - 2001,
,,2001 - 2002,
,,2002 - 2003,
,,2003 - 2004,
,,2004 - 2005,
,,2005 - 2006,
,,2006 - 2007,
,,2007 - 2008,
,,2008 - 2009,
,,2009 - 2010,
,,2010 - 2011,
,,2011 - 2012,
,,2012 - 2013,
,,2013 - 2014,
,,2014 - 2015,
,,2015 - 2016,
,,2016 - 2017,
,,2017 - 2018,
,,2018 - 2019,
,,2019 - 2020,
,,2020 - 2021,
,,2021 - 2022,0.18
,,2022 - 2023,0.18
,Jalgaon,2000 - 2001,
,,2001 - 2002,
,,2002 - 2003,
,,2003 - 2004,
,,2004 - 2005,
,,2005 - 2006,
,,2006 - 2007,
,,2007 - 2008,
,,2008 - 2009,
,,2009 - 2010,
,,2010 - 2011,
,,2011 - 2012,
,,2012 - 2013,
,,2013 - 2014,
,,2014 - 2015,
,,2015 - 2016,0.33
,,2016 - 2017,
,,2017 - 2018,
,,2018 - 2019,
,,2019 - 2020,
,,2020 - 2021,
,,2021 - 2022,0.18
,,2022 - 2023,0.18
,Jalna,2000 - 2001,
,,2001 - 2002,
,,2002 - 2003,
,,2003 - 2004,
,,2004 - 2005,
,,2005 - 2006,
,,2006 - 2007,
,,2007 - 2008,
,,2008 - 2009,
,,2009 - 2010,
,,2010 - 2011,
,,2011 - 2012,
,,2012 - 2013,
,,2013 - 2014,
,,2014 - 2015,
,,2015 - 2016,
,,2016 - 2017,
,,2017 - 2018,
,,2018 - 2019,
,,2019 - 2020,
,,2020 - 2021,
,,2021 - 2022,
,,2022 - 2023,0.35
,Kolhapur,2000 - 2001,
,,2001 - 2002,
,,2002 - 2003,
,,2003 - 2004,
,,2004 - 2005,
,,2005 - 2006,
,,2006 - 2007,
,,2007 - 2008,
,,2008 - 2009,
,,2009 - 2010,
,,2010 - 2011,
,,2011 - 2012,
,,2012 - 2013,
,,2013 - 2014,
,,2014 - 2015,
,,2015 - 2016,0.25
,,2016 - 2017,
,,2017 - 2018,
,,2018 - 2019,
,,2019 - 2020,
,,2020 - 2021,
,,2021 - 2022,0.48
,,2022 - 2023,0.5
,Latur,2000 - 2001,
,,2001 - 2002,
,,2002 - 2003,
,,2003 - 2004,
,,2004 - 2005,
,,2005 - 2006,
,,2006 - 2007,
,,2007 - 2008,
,,2008 - 2009,
,,2009 - 2010,
,,2010 - 2011,
,,2011 - 2012,
,,2012 - 2013,
,,2013 - 2014,
,,2014 - 2015,
,,2015 - 2016,
,,2016 - 2017,
,,2017 - 2018,
,,2018 - 2019,
,,2019 - 2020,
,,2020 - 2021,
,,2021 - 2022,
,,2022 - 2023,0.18
,Nagpur,2000 - 2001,
,,2001 - 2002,
,,2002 - 2003,
,,2003 - 2004,
,,2004 - 2005,
,,2005 - 2006,
,,2006 - 2007,
,,2007 - 2008,
,,2008 - 2009,
,,2009 - 2010,
,,2010 - 2011,
,,2011 - 2012,
,,2012 - 2013,
,,2013 - 2014,
,,2014 - 2015,
,,2015 - 2016,0.2
,,2016 - 2017,
,,2017 - 2018,
,,2018 - 2019,
,,2019 - 2020,
,,2020 - 2021,
,,2021 - 2022,0.18
,,2022 - 2023,0.18
,Nanded,2000 - 2001,
,,2001 - 2002,
,,2002 - 2003,
,,2003 - 2004,
,,2004 - 2005,
,,2005 - 2006,
,,2006 - 2007,
,,2007 - 2008,
,,2008 - 2009,
,,2009 - 2010,
,,2010 - 2011,
,,2011 - 2012,
,,2012 - 2013,
,,2013 - 2014,
,,2014 - 2015,
,,2015 - 2016,
,,2016 - 2017,
,,2017 - 2018,
,,2018 - 2019,
,,2019 - 2020,
,,2020 - 2021,
,,2021 - 2022,
,,2022 - 2023,0.18
,Nandurbar,2000 - 2001,
,,2001 - 2002,
,,2002 - 2003,
,,2003 - 2004,
,,2004 - 2005,
,,2005 - 2006,
,,2006 - 2007,
,,2007 - 2008,
,,2008 - 2009,
,,2009 - 2010,
,,2010 - 2011,
,,2011 - 2012,
,,2012 - 2013,
,,2013 - 2014,
,,2014 - 2015,
,,2015 - 2016,0.25
,,2016 - 2017,
,,2017 - 2018,
,,2018 - 2019,
,,2019 - 2020,
,,2020 - 2021,
,,2021 - 2022,0.18
,,2022 - 2023,0.18
,Nashik,2000 - 2001,
,,2001 - 2002,
,,2002 - 2003,
,,2003 - 2004,
,,2004 - 2005,
,,2005 - 2006,
,,2006 - 2007,
,,2007 - 2008,
,,2008 - 2009,
,,2009 - 2010,
,,2010 - 2011,
,,2011 - 2012,
,,2012 - 2013,
,,2013 - 2014,
,,2014 - 2015,
,,2015 - 2016,
,,2016 - 2017,
,,2017 - 2018,
,,2018 - 2019,
,,2019 - 2020,
,,2020 - 2021,
,,2021 - 2022,
,,2022 - 2023,0.18
,Palghar,2014 - 2015,
,,2015 - 2016,
,,2020 - 2021,
,,2021 - 2022,
,Parbhani,2000 - 2001,
,,2001 - 2002,
,,2002 - 2003,
,,2003 - 2004,
,,2004 - 2005,
,,2005 - 2006,
,,2006 - 2007,
,,2007 - 2008,
,,2008 - 2009,
,,2009 - 2010,
,,2010 - 2011,
,,2011 - 2012,
,,2012 - 2013,
,,2013 - 2014,
,,2014 - 2015,
,,2015 - 2016,
,,2016 - 2017,
,,2017 - 2018,
,,2018 - 2019,
,,2019 - 2020,
,,2020 - 2021,
,,2021 - 2022,0.18
,,2022 - 2023,0.18
,Pune,2000 - 2001,
,,2001 - 2002,
,,2002 - 2003,
,,2003 - 2004,
,,2004 - 2005,
,,2005 - 2006,
,,2006 - 2007,
,,2007 - 2008,
,,2008 - 2009,
,,2009 - 2010,
,,2010 - 2011,
,,2011 - 2012,
,,2012 - 2013,
,,2013 - 2014,
,,2014 - 2015,
,,2015 - 2016,
,,2016 - 2017,
,,2017 - 2018,
,,2018 - 2019,
,,2019 - 2020,
,,2020 - 2021,
,,2021 - 2022,0.18
,,2022 - 2023,0.18
,Raigad,2000 - 2001,
,,2001 - 2002,
,,2002 - 2003,
,,2003 - 2004,
,,2004 - 2005,
,,2005 - 2006,
,,2006 - 2007,
,,2007 - 2008,
,,2008 - 2009,
,,2009 - 2010,
,,2010 - 2011,
,,2011 - 2012,
,,2012 - 2013,
,,2014 - 2015,
,,2015 - 2016,
,,2016 - 2017,
,,2017 - 2018,
,,2018 - 2019,
,,2020 - 2021,
,,2021 - 2022,0.18
,Ratnagiri,2000 - 2001,
,,2001 - 2002,
,,2002 - 2003,
,,2003 - 2004,
,,2004 - 2005,
,,2005 - 2006,
,,2006 - 2007,
,,2007 - 2008,
,,2008 - 2009,
,,2009 - 2010,
,,2010 - 2011,
,,2011 - 2012,
,,2012 - 2013,
,,2014 - 2015,
,,2015 - 2016,
,,2016 - 2017,
,,2020 - 2021,
,,2021 - 2022,0.18
,,2022 - 2023,0.18
,Sangli,2000 - 2001,
,,2001 - 2002,
,,2002 - 2003,
,,2003 - 2004,
,,2004 - 2005,
,,2005 - 2006,
,,2006 - 2007,
,,2007 - 2008,
,,2008 - 2009,
,,2009 - 2010,
,,2010 - 2011,
,,2011 - 2012,
,,2012 - 2013,
,,2013 - 2014,
,,2014 - 2015,
,,2015 - 2016,
,,2016 - 2017,
,,2017 - 2018,
,,2018 - 2019,
,,2019 - 2020,
,,2020 - 2021,
,,2021 - 2022,
,,2022 - 2023,
,Satara,2000 - 2001,
,,2001 - 2002,
,,2002 - 2003,
,,2003 - 2004,
,,2004 - 2005,
,,2005 - 2006,
,,2006 - 2007,
,,2007 - 2008,
,,2008 - 2009,
,,2009 - 2010,
,,2010 - 2011,
,,2011 - 2012,
,,2012 - 2013,
,,2013 - 2014,
,,2014 - 2015,
,,2015 - 2016,
,,2016 - 2017,
,,2017 - 2018,
,,2018 - 2019,
,,2019 - 2020,
,,2020 - 2021,
,,2021 - 2022,
,,2022 - 2023,
,Sindhudurg,2000 - 2001,
,,2001 - 2002,
,,2002 - 2003,
,,2003 - 2004,
,,2004 - 2005,
,,2005 - 2006,
,,2006 - 2007,
,,2007 - 2008,
,,2008 - 2009,
,,2009 - 2010,
,,2010 - 2011,
,,2014 - 2015,
,,2015 - 2016,
,,2016 - 2017,
,,2020 - 2021,
,,2021 - 2022,
,Solapur,2000 - 2001,
,,2001 - 2002,
,,2002 - 2003,
,,2003 - 2004,
,,2004 - 2005,
,,2005 - 2006,
,,2006 - 2007,
,,2007 - 2008,
,,2008 - 2009,
,,2009 - 2010,
,,2010 - 2011,
,,2011 - 2012,
,,2012 - 2013,
,,2013 - 2014,
,,2014 - 2015,
,,2015 - 2016,
,,2016 - 2017,
,,2017 - 2018,
,,2018 - 2019,
,,2019 - 2020,
,,2020 - 2021,
,,2021 - 2022,0.18
,,2022 - 2023,0.18
,Thane,2000 - 2001,
,,2001 - 2002,
,,2002 - 2003,
,,2003 - 2004,
,,2004 - 2005,
,,2005 - 2006,
,,2006 - 2007,
,,2007 - 2008,
,,2008 - 2009,
,,2009 - 2010,
,,2010 - 2011,
,,2011 - 2012,
,,2012 - 2013,
,,2013 - 2014,
,,2014 - 2015,
,,2015 - 2016,
,,2020 - 2021,
,,2021 - 2022,
,Wardha,2000 - 2001,
,,2001 - 2002,
,,2002 - 2003,
,,2003 - 2004,
,,2004 - 2005,
,,2005 - 2006,
,,2006 - 2007,
,,2007 - 2008,
,,2008 - 2009,
,,2009 - 2010,
,,2010 - 2011,
,,2011 - 2012,
,,2012 - 2013,
,,2013 - 2014,
,,2014 - 2015,
,,2015 - 2016,
,,2016 - 2017,
,,2017 - 2018,
,,2018 - 2019,
,,2019 - 2020,
,,2020 - 2021,
,,2021 - 2022,0.18
,,2022 - 2023,0.18
,Washim,2000 - 2001,
,,2001 - 2002,
,,2002 - 2003,
,,2003 - 2004,
,,2004 - 2005,
,,2005 - 2006,
,,2006 - 2007,
,,2007 - 2008,
,,2008 - 2009,
,,2009 - 2010,
,,2010 - 2011,
,,2011 - 2012,
,,2012 - 2013,
,,2013 - 2014,
,,2014 - 2015,
,,2015 - 2016,0.25
,,2016 - 2017,
,,2017 - 2018,
,,2018 - 2019,
,,2019 - 2020,
,,2020 - 2021,
,,2021 - 2022,0.18
,,2022 - 2023,0.18
,Yavatmal,2000 - 2001,
,,2001 - 2002,
,,2002 - 2003,
,,2003 - 2004,
,,2004 - 2005,
,,2005 - 2006,
,,2006 - 2007,
,,2007 - 2008,
,,2008 - 2009,
,,2009 - 2010,
,,2010 - 2011,
,,2011 - 2012,
,,2012 - 2013,
,,2013 - 2014,
,,2014 - 2015,
,,2015 - 2016,0.0
,,2016 - 2017,
,,2017 - 2018,
,,2018 - 2019,
,,2019 - 2020,
,,2020 - 2021,
,,2021 - 2022,0.18
,,2022 - 2023,0.18
Manipur,Bishnupur,2008 - 2009,
,,2009 - 2010,
,,2010 - 2011,
,,2011 - 2012,
,,2012 - 2013,
,,2013 - 2014,
,,2014 - 2015,
,,2015 - 2016,
,,2016 - 2017,
,,2017 - 2018,
,,2018 - 2019,
,Chandel,2008 - 2009,
,,2009 - 2010,
,,2010 - 2011,
,,2011 - 2012,
,,2012 - 2013,
,,2013 - 2014,
,,2014 - 2015,
,,2015 - 2016,
,,2016 - 2017,
,,2017 - 2018,
,,2018 - 2019,
,Churachandpur,2008 - 2009,
,,2009 - 2010,
,,2010 - 2011,
,,2011 - 2012,
,,2012 - 2013,
,,2013 - 2014,
,,2014 - 2015,
,,2015 - 2016,
,,2016 - 2017,
,,2017 - 2018,
,,2018 - 2019,
,Imphal east,2008 - 2009,
,,2009 - 2010,
,,2010 - 2011,
,,2011 - 2012,
,,2012 - 2013,
,,2013 - 2014,
,,2014 - 2015,
,,2015 - 2016,
,,2016 - 2017,
,,2017 - 2018,
,,2018 - 2019,
,Imphal west,2008 - 2009,
,,2009 - 2010,
,,2010 - 2011,
,,2011 - 2012,
,,2012 - 2013,
,,2013 - 2014,
,,2014 - 2015,
,,2015 - 2016,
,,2016 - 2017,
,,2017 - 2018,
,,2018 - 2019,
,Senapati,2008 - 2009,
,,2009 - 2010,
,,2010 - 2011,
,,2011 - 2012,
,,2012 - 2013,
,,2013 - 2014,
,,2014 - 2015,
,,2015 - 2016,
,,2016 - 2017,
,,2017 - 2018,
,,2018 - 2019,
,Tamenglong,2008 - 2009,
,,2009 - 2010,
,,2010 - 2011,
,,2011 - 2012,
,,2012 - 2013,
,,2013 - 2014,
,,2014 - 2015,
,,2015 - 2016,
,,2016 - 2017,
,,2017 - 2018,
,,2018 - 2019,
,Thoubal,2008 - 2009,
,,2009 - 2010,
,,2010 - 2011,
,,2011 - 2012,
,,2012 - 2013,
,,2013 - 2014,
,,2014 - 2015,
,,2015 - 2016,
,,2016 - 2017,
,,2017 - 2018,
,,2018 - 2019,
,Ukhrul,2008 - 2009,
,,2009 - 2010,
,,2010 - 2011,
,,2011 - 2012,
,,2012 - 2013,
,,2013 - 2014,
,,2014 - 2015,
,,2015 - 2016,
,,2016 - 2017,
,,2017 - 2018,
,,2018 - 2019,
Mizoram,Aizawl,2001 - 2002,
,,2002 - 2003,
,,2003 - 2004,
,Kolasib,2001 - 2002,
,,2002 - 2003,
,,2003 - 2004,
,,2004 - 2005,
,,2005 - 2006,
,Lawngtlai,2004 - 2005,
,Lunglei,2001 - 2002,
,,2002 - 2003,
,,2003 - 2004,
,,2004 - 2005,
,,2005 - 2006,
,Mamit,2003 - 2004,
,,2004 - 2005,
,,2005 - 2006,
,Saiha,2003 - 2004,
Nagaland,Chumoukedima,2022 - 2023,
,Dimapur,2000 - 2001,
,,2001 - 2002,
,,2002 - 2003,
,,2003 - 2004,
,,2004 - 2005,
,,2005 - 2006,
,,2006 - 2007,
,,2007 - 2008,
,,2008 - 2009,
,,2009 - 2010,
,,2010 - 2011,
,,2013 - 2014,
,,2014 - 2015,
,,2015 - 2016,
,,2016 - 2017,
,,2017 - 2018,
,,2018 - 2019,
,,2019 - 2020,
,,2020 - 2021,
,,2021 - 2022,
,,2022 - 2023,
,Kiphire,2009 - 2010,
,Kohima,2000 - 2001,
,,2001 - 2002,
,,2002 - 2003,
,,2003 - 2004,
,,2004 - 2005,
,,2005 - 2006,
,,2006 - 2007,
,,2007 - 2008,
,,2008 - 2009,
,,2009 - 2010,
,,2010 - 2011,
,,2013 - 2014,
,,2014 - 2015,
,,2015 - 2016,
,,2016 - 2017,
,,2017 - 2018,
,,2018 - 2019,
,,2019 - 2020,
,,2020 - 2021,
,,2021 - 2022,
,,2022 - 2023,
,Longleng,2009 - 2010,
,,2021 - 2022,
,,2022 - 2023,
,Mokokchung,2000 - 2001,
,,2001 - 2002,
,,2002 - 2003,
,,2003 - 2004,
,,2004 - 2005,
,,2005 - 2006,
,,2006 - 2007,
,,2007 - 2008,
,,2008 - 2009,
,,2009 - 2010,
,,2010 - 2011,
,,2013 - 2014,
,,2014 - 2015,
,,2015 - 2016,
,,2016 - 2017,
,,2017 - 2018,
,,2018 - 2019,
,,2019 - 2020,
,,2020 - 2021,
,,2021 - 2022,
,,2022 - 2023,
,Mon,2000 - 2001,
,,2001 - 2002,
,,2002 - 2003,
,,2003 - 2004,
,,2005 - 2006,
,,2006 - 2007,
,,2007 - 2008,
,,2008 - 2009,
,,2009 - 2010,
,,2010 - 2011,
,,2013 - 2014,
,,2014 - 2015,
,,2015 - 2016,
,,2016 - 2017,
,,2017 - 2018,
,,2018 - 2019,
,,2019 - 2020,
,,2020 - 2021,
,,2021 - 2022,
,,2022 - 2023,
,Noklak,2021 - 2022,
,,2022 - 2023,
,Nuiland,2022 - 2023,
,Peren,2008 - 2009,
,,2009 - 2010,
,,2010 - 2011,
,,2013 - 2014,
,,2014 - 2015,
,,2015 - 2016,
,,2016 - 2017,
,,2017 - 2018,
,,2018 - 2019,
,,2019 - 2020,
,,2020 - 2021,
,,2021 - 2022,
,,2022 - 2023,
,Phek,2000 - 2001,
,,2001 - 2002,
,,2002 - 2003,
,,2003 - 2004,
,,2004 - 2005,
,,2005 - 2006,
,,2006 - 2007,
,,2007 - 2008,
,,2008 - 2009,
,,2009 - 2010,
,,2010 - 2011,
,,2013 - 2014,
,,2014 - 2015,
,,2015 - 2016,
,,2016 - 2017,
,,2017 - 2018,
,,2018 - 2019,
,,2019 - 2020,
,,2020 - 2021,
,,2021 - 2022,
,,2022 - 2023,
,Shamator,2022 - 2023,
,Tseminyu,2022 - 2023,
,Tuensang,2000 - 2001,
,,2001 - 2002,
,,2002 - 2003,
,,2003 - 2004,
,,2004 - 2005,
,,2005 - 2006,
,,2006 - 2007,
,,2007 - 2008,
,,2009 - 2010,
,,2013 - 2014,
,,2014 - 2015,
,,2015 - 2016,
,,2016 - 2017,
,,2017 - 2018,
,,2018 - 2019,
,,2019 - 2020,
,,2020 - 2021,
,,2021 - 2022,
,,2022 - 2023,
,Wokha,2000 - 2001,
,,2001 - 2002,
,,2002 - 2003,
,,2003 - 2004,
,,2004 - 2005,
,,2005 - 2006,
,,2006 - 2007,
,,2007 - 2008,
,,2008 - 2009,
,,2009 - 2010,
,,2010 - 2011,
,,2013 - 2014,
,,2014 - 2015,
,,2015 - 2016,
,,2016 - 2017,
,,2017 - 2018,
,,2018 - 2019,
,,2019 - 2020,
,,2020 - 2021,
,,2021 - 2022,
,,2022 - 2023,
,Zunheboto,2000 - 2001,
,,2001 - 2002,
,,2002 - 2003,
,,2003 - 2004,
,,2004 - 2005,
,,2005 - 2006,
,,2006 - 2007,
,,2007 - 2008,
,,2008 - 2009,
,,2009 - 2010,
,,2010 - 2011,
,,2013 - 2014,
,,2014 - 2015,
,,2015 - 2016,
,,2016 - 2017,
,,2017 - 2018,
,,2018 - 2019,
,,2019 - 2020,
,,2020 - 2021,
,,2021 - 2022,
,,2022 - 2023,
Odisha,Anugul,2000 - 2001,
,,2001 - 2002,
,,2002 - 2003,
,,2003 - 2004,
,,2004 - 2005,0.24
,,2005 - 2006,0.27
,,2006 - 2007,0.23
,,2007 - 2008,0.26
,,2008 - 2009,0.24
,,2009 - 2010,0.23
,,2010 - 2011,0.25
,,2011 - 2012,0.28
,,2012 - 2013,0.31
,,2013 - 2014,0.35
,,2014 - 2015,0.33
,,2015 - 2016,0.33
,,2016 - 2017,0.43
,,2017 - 2018,0.39
,,2018 - 2019,0.41
,,2019 - 2020,0.48
,,2020 - 2021,0.35
,,2021 - 2022,0.67
,,2022 - 2023,0.38
,Balangir,2000 - 2001,
,,2001 - 2002,
,,2002 - 2003,
,,2003 - 2004,
,,2004 - 2005,0.18
,,2005 - 2006,0.24
,,2006 - 2007,0.22
,,2007 - 2008,0.26
,,2008 - 2009,0.26
,,2009 - 2010,0.32
,,2010 - 2011,0.27
,,2011 - 2012,0.22
,,2012 - 2013,0.52
,,2013 - 2014,0.56
,,2014 - 2015,0.44
,,2015 - 2016,0.32
,,2016 - 2017,0.38
,,2017 - 2018,0.35
,,2018 - 2019,0.27
,,2019 - 2020,0.36
,,2020 - 2021,0.55
,,2021 - 2022,0.36
,,2022 - 2023,0.41
,Baleshwar,2000 - 2001,
,,2001 - 2002,
,,2002 - 2003,
,,2003 - 2004,
,,2004 - 2005,0.31
,,2005 - 2006,0.32
,,2006 - 2007,0.31
,,2007 - 2008,0.3
,,2008 - 2009,0.3
,,2009 - 2010,0.33
,,2010 - 2011,0.34
,,2011 - 2012,0.4
,,2012 - 2013,0.43
,,2013 - 2014,0.45
,,2014 - 2015,0.4
,,2015 - 2016,0.5
,,2016 - 2017,0.41
,,2017 - 2018,0.52
,,2018 - 2019,0.42
,,2019 - 2020,0.36
,,2020 - 2021,0.41
,,2021 - 2022,0.38
,,2022 - 2023,0.47
,Bargarh,2000 - 2001,
,,2001 - 2002,
,,2002 - 2003,
,,2003 - 2004,
,,2004 - 2005,0.35
,,2005 - 2006,0.36
,,2006 - 2007,0.35
,,2007 - 2008,0.37
,,2008 - 2009,0.37
,,2009 - 2010,0.33
,,2010 - 2011,0.35
,,2011 - 2012,0.36
,,2012 - 2013,0.38
,,2013 - 2014,0.38
,,2014 - 2015,0.38
,,2015 - 2016,0.3
,,2016 - 2017,0.4
,,2017 - 2018,0.38
,,2018 - 2019,0.35
,,2019 - 2020,0.34
,,2020 - 2021,0.38
,,2021 - 2022,0.29
,,2022 - 2023,0.35
,Bhadrak,2000 - 2001,
,,2001 - 2002,
,,2002 - 2003,
,,2003 - 2004,
,,2004 - 2005,0.29
,,2005 - 2006,0.29
,,2006 - 2007,0.31
,,2007 - 2008,0.3
,,2008 - 2009,0.29
,,2009 - 2010,0.38
,,2010 - 2011,0.42
,,2011 - 2012,0.31
,,2012 - 2013,0.36
,,2013 - 2014,0.56
,,2014 - 2015,0.51
,,2015 - 2016,0.51
,,2016 - 2017,0.61
,,2017 - 2018,0.51
,,2018 - 2019,0.51
,,2019 - 2020,0.55
,,2020 - 2021,0.32
,,2021 - 2022,0.36
,,2022 - 2023,0.44
,Boudh,2000 - 2001,
,,2001 - 2002,
,,2002 - 2003,
,,2003 - 2004,
,,2004 - 2005,0.19
,,2005 - 2006,0.19
,,2006 - 2007,0.27
,,2007 - 2008,0.26
,,2008 - 2009,0.29
,,2009 - 2010,0.21
,,2010 - 2011,0.26
,,2011 - 2012,0.14
,,2012 - 2013,0.19
,,2013 - 2014,0.21
,,2014 - 2015,0.2
,,2015 - 2016,0.18
,,2016 - 2017,0.3
,,2017 - 2018,0.21
,,2018 - 2019,0.31
,,2019 - 2020,0.31
,,2020 - 2021,0.3
,,2021 - 2022,0.3
,,2022 - 2023,0.29
,Cuttack,2000 - 2001,
,,2001 - 2002,
,,2002 - 2003,
,,2003 - 2004,
,,2004 - 2005,0.35
,,2005 - 2006,0.37
,,2006 - 2007,0.27
,,2007 - 2008,0.32
,,2008 - 2009,0.33
,,2009 - 2010,0.34
,,2010 - 2011,0.4
,,2011 - 2012,0.35
,,2012 - 2013,0.35
,,2013 - 2014,0.36
,,2014 - 2015,0.45
,,2015 - 2016,0.33
,,2016 - 2017,0.6
,,2017 - 2018,0.55
,,2018 - 2019,0.47
,,2019 - 2020,0.33
,,2020 - 2021,0.2
,,2021 - 2022,0.48
,,2022 - 2023,0.43
,Deogarh,2000 - 2001,
,,2001 - 2002,
,,2002 - 2003,
,,2003 - 2004,
,,2004 - 2005,0.35
,,2005 - 2006,0.33
,,2006 - 2007,0.33
,,2007 - 2008,0.34
,,2008 - 2009,0.33
,,2009 - 2010,0.33
,,2010 - 2011,0.32
,,2011 - 2012,0.25
,,2012 - 2013,0.4
,,2013 - 2014,0.33
,,2014 - 2015,0.4
,,2015 - 2016,0.29
,,2016 - 2017,0.43
,,2017 - 2018,0.46
,,2018 - 2019,0.25
,,2019 - 2020,0.31
,,2020 - 2021,0.24
,,2021 - 2022,0.32
,,2022 - 2023,0.3
,Dhenkanal,2000 - 2001,
,,2001 - 2002,
,,2002 - 2003,
,,2003 - 2004,
,,2004 - 2005,0.32
,,2005 - 2006,0.36
,,2006 - 2007,0.27
,,2007 - 2008,0.38
,,2008 - 2009,0.37
,,2009 - 2010,0.37
,,2010 - 2011,0.29
,,2011 - 2012,0.34
,,2012 - 2013,0.4
,,2013 - 2014,0.46
,,2014 - 2015,0.47
,,2015 - 2016,0.48
,,2016 - 2017,0.45
,,2017 - 2018,0.4
,,2018 - 2019,0.38
,,2019 - 2020,0.44
,,2020 - 2021,0.38
,,2021 - 2022,0.42
,,2022 - 2023,0.4
,Gajapati,2000 - 2001,
,,2001 - 2002,
,,2002 - 2003,
,,2003 - 2004,
,,2004 - 2005,0.16
,,2005 - 2006,
,,2006 - 2007,
,,2007 - 2008,0.2
,,2008 - 2009,0.13
,,2009 - 2010,0.2
,,2010 - 2011,0.16
,,2011 - 2012,
,,2012 - 2013,0.25
,,2013 - 2014,0.1
,,2014 - 2015,
,,2015 - 2016,
,,2016 - 2017,
,,2017 - 2018,
,,2018 - 2019,
,,2019 - 2020,
,,2020 - 2021,
,,2021 - 2022,
,,2022 - 2023,
,Ganjam,2000 - 2001,
,,2001 - 2002,
,,2002 - 2003,
,,2003 - 2004,
,,2004 - 2005,0.16
,,2005 - 2006,0.34
,,2006 - 2007,0.3
,,2007 - 2008,0.49
,,2008 - 2009,0.21
,,2009 - 2010,0.34
,,2010 - 2011,0.27
,,2011 - 2012,0.29
,,2012 - 2013,0.25
,,2013 - 2014,0.43
,,2014 - 2015,0.28
,,2015 - 2016,0.19
,,2016 - 2017,0.26
,,2017 - 2018,
,,2018 - 2019,0.28
,,2019 - 2020,
,,2020 - 2021,0.21
,,2021 - 2022,0.21
,,2022 - 2023,0.27
,Jagatsinghapur,2000 - 2001,
,,2001 - 2002,
,,2002 - 2003,
,,2003 - 2004,
,,2004 - 2005,0.36
,,2005 - 2006,0.37
,,2006 - 2007,0.32
,,2007 - 2008,0.25
,,2008 - 2009,0.34
,,2009 - 2010,0.36
,,2010 - 2011,0.4
,,2011 - 2012,0.4
,,2012 - 2013,0.39
,,2013 - 2014,0.54
,,2014 - 2015,0.45
,,2015 - 2016,0.36
,,2016 - 2017,0.45
,,2017 - 2018,0.46
,,2018 - 2019,0.29
,,2019 - 2020,0.17
,,2020 - 2021,0.06
,,2021 - 2022,0.24
,,2022 - 2023,0.35
,Jajapur,2000 - 2001,
,,2001 - 2002,
,,2002 - 2003,
,,2003 - 2004,
,,2004 - 2005,0.25
,,2005 - 2006,0.3
,,2006 - 2007,0.25
,,2007 - 2008,0.2
,,2008 - 2009,0.24
,,2009 - 2010,0.3
,,2010 - 2011,0.26
,,2011 - 2012,0.24
,,2012 - 2013,0.25
,,2013 - 2014,0.29
,,2014 - 2015,0.27
,,2015 - 2016,0.23
,,2016 - 2017,0.41
,,2017 - 2018,0.4
,,2018 - 2019,0.21
,,2019 - 2020,0.25
,,2020 - 2021,0.15
,,2021 - 2022,0.2
,,2022 - 2023,0.24
,Jharsuguda,2000 - 2001,
,,2001 - 2002,
,,2002 - 2003,
,,2003 - 2004,
,,2004 - 2005,0.27
,,2005 - 2006,0.41
,,2006 - 2007,0.43
,,2007 - 2008,0.38
,,2008 - 2009,0.45
,,2009 - 2010,0.34
,,2010 - 2011,0.24
,,2011 - 2012,0.3
,,2012 - 2013,0.4
,,2013 - 2014,0.37
,,2014 - 2015,0.34
,,2015 - 2016,0.35
,,2016 - 2017,0.59
,,2017 - 2018,0.5
,,2018 - 2019,0.33
,,2019 - 2020,0.32
,,2020 - 2021,0.23
,,2021 - 2022,0.5
,,2022 - 2023,0.58
,Kalahandi,2000 - 2001,
,,2001 - 2002,
,,2002 - 2003,
,,2003 - 2004,
,,2004 - 2005,0.26
,,2005 - 2006,0.17
,,2006 - 2007,0.22
,,2007 - 2008,0.22
,,2008 - 2009,0.21
,,2009 - 2010,0.28
,,2010 - 2011,0.25
,,2011 - 2012,0.25
,,2012 - 2013,0.4
,,2013 - 2014,0.38
,,2014 - 2015,0.36
,,2015 - 2016,0.27
,,2016 - 2017,0.4
,,2017 - 2018,0.38
,,2018 - 2019,0.43
,,2019 - 2020,0.59
,,2020 - 2021,0.46
,,2021 - 2022,0.74
,,2022 - 2023,0.8
,Kandhamal,2000 - 2001,
,,2001 - 2002,
,,2002 - 2003,
,,2003 - 2004,
,,2004 - 2005,
,,2005 - 2006,0.01
,,2006 - 2007,0.3
,,2007 - 2008,
,,2008 - 2009,0.1
,,2009 - 2010,0.0
,,2010 - 2011,
,,2011 - 2012,
,,2012 - 2013,
,,2013 - 2014,
,,2014 - 2015,
,,2015 - 2016,0.2
,,2016 - 2017,
,,2017 - 2018,
,,2018 - 2019,
,,2019 - 2020,
,,2020 - 2021,
,,2021 - 2022,
,,2022 - 2023,
,Kendrapara,2000 - 2001,
,,2001 - 2002,
,,2002 - 2003,
,,2003 - 2004,
,,2004 - 2005,0.36
,,2005 - 2006,0.36
,,2006 - 2007,0.29
,,2007 - 2008,0.26
,,2008 - 2009,0.29
,,2009 - 2010,0.32
,,2010 - 2011,0.31
,,2011 - 2012,0.31
,,2012 - 2013,0.33
,,2013 - 2014,0.39
,,2014 - 2015,0.44
,,2015 - 2016,0.37
,,2016 - 2017,0.49
,,2017 - 2018,0.43
,,2018 - 2019,0.47
,,2019 - 2020,0.31
,,2020 - 2021,0.16
,,2021 - 2022,0.37
,,2022 - 2023,0.43
,Kendujhar,2000 - 2001,
,,2001 - 2002,
,,2002 - 2003,
,,2003 - 2004,
,,2004 - 2005,0.33
,,2005 - 2006,0.39
,,2006 - 2007,0.55
,,2007 - 2008,0.39
,,2008 - 2009,0.29
,,2009 - 2010,0.34
,,2010 - 2011,0.26
,,2011 - 2012,0.29
,,2012 - 2013,0.29
,,2013 - 2014,0.23
,,2014 - 2015,0.32
,,2015 - 2016,0.34
,,2016 - 2017,0.54
,,2017 - 2018,0.45
,,2018 - 2019,0.43
,,2019 - 2020,0.66
,,2020 - 2021,0.49
,,2021 - 2022,0.49
,,2022 - 2023,0.6
,Khordha,2000 - 2001,
,,2001 - 2002,
,,2002 - 2003,
,,2003 - 2004,
,,2004 - 2005,0.21
,,2005 - 2006,0.16
,,2006 - 2007,0.15
,,2007 - 2008,0.16
,,2008 - 2009,0.16
,,2009 - 2010,0.18
,,2010 - 2011,0.22
,,2011 - 2012,0.23
,,2012 - 2013,0.22
,,2013 - 2014,0.3
,,2014 - 2015,0.23
,,2015 - 2016,0.21
,,2016 - 2017,0.43
,,2017 - 2018,0.43
,,2018 - 2019,0.35
,,2019 - 2020,0.48
,,2020 - 2021,0.2
,,2021 - 2022,0.38
,,2022 - 2023,0.36
,Koraput,2000 - 2001,
,,2001 - 2002,
,,2002 - 2003,
,,2003 - 2004,
,,2004 - 2005,0.67
,,2005 - 2006,0.31
,,2006 - 2007,0.09
,,2007 - 2008,0.24
,,2008 - 2009,
,,2009 - 2010,0.2
,,2010 - 2011,0.32
,,2011 - 2012,0.48
,,2012 - 2013,0.69
,,2013 - 2014,1.01
,,2014 - 2015,0.58
,,2015 - 2016,0.48
,,2016 - 2017,0.32
,,2017 - 2018,0.47
,,2018 - 2019,0.34
,,2019 - 2020,0.38
,,2020 - 2021,0.33
,,2021 - 2022,0.33
,,2022 - 2023,0.29
,Malkangiri,2000 - 2001,
,,2001 - 2002,
,,2002 - 2003,
,,2003 - 2004,
,,2004 - 2005,0.08
,,2005 - 2006,0.2
,,2006 - 2007,0.17
,,2007 - 2008,0.14
,,2008 - 2009,0.13
,,2009 - 2010,0.2
,,2010 - 2011,0.14
,,2011 - 2012,0.3
,,2012 - 2013,0.2
,,2013 - 2014,0.25
,,2014 - 2015,0.15
,,2015 - 2016,0.24
,,2016 - 2017,0.86
,,2017 - 2018,0.39
,,2018 - 2019,0.32
,,2019 - 2020,0.73
,,2020 - 2021,0.28
,,2021 - 2022,0.25
,,2022 - 2023,
,Mayurbhanj,2000 - 2001,
,,2001 - 2002,
,,2002 - 2003,
,,2003 - 2004,
,,2004 - 2005,0.31
,,2005 - 2006,0.2
,,2006 - 2007,0.36
,,2007 - 2008,0.31
,,2008 - 2009,0.28
,,2009 - 2010,0.39
,,2010 - 2011,0.38
,,2011 - 2012,0.48
,,2012 - 2013,0.45
,,2013 - 2014,0.52
,,2014 - 2015,0.49
,,2015 - 2016,0.5
,,2016 - 2017,0.66
,,2017 - 2018,0.66
,,2018 - 2019,0.65
,,2019 - 2020,0.49
,,2020 - 2021,0.57
,,2021 - 2022,0.47
,,2022 - 2023,0.44
,Nabarangpur,2000 - 2001,
,,2001 - 2002,
,,2002 - 2003,
,,2003 - 2004,
,,2004 - 2005,0.37
,,2005 - 2006,0.32
,,2006 - 2007,0.31
,,2007 - 2008,0.32
,,2008 - 2009,0.42
,,2009 - 2010,0.46
,,2010 - 2011,0.17
,,2011 - 2012,0.18
,,2012 - 2013,0.36
,,2013 - 2014,0.36
,,2014 - 2015,0.43
,,2015 - 2016,0.5
,,2016 - 2017,0.58
,,2017 - 2018,0.36
,,2018 - 2019,0.63
,,2019 - 2020,0.75
,,2020 - 2021,0.74
,,2021 - 2022,0.76
,,2022 - 2023,0.7
,Nayagarh,2000 - 2001,
,,2001 - 2002,
,,2002 - 2003,
,,2003 - 2004,
,,2004 - 2005,
,,2005 - 2006,
,,2006 - 2007,0.0
,,2007 - 2008,
,,2008 - 2009,
,,2009 - 2010,
,,2010 - 2011,0.19
,,2011 - 2012,0.09
,,2012 - 2013,0.31
,,2013 - 2014,
,,2014 - 2015,
,,2015 - 2016,0.11
,,2016 - 2017,
,,2017 - 2018,0.22
,,2018 - 2019,
,,2019 - 2020,
,,2020 - 2021,0.36
,,2021 - 2022,0.32
,,2022 - 2023,0.42
,Nuapada,2000 - 2001,
,,2001 - 2002,
,,2002 - 2003,
,,2003 - 2004,
,,2004 - 2005,0.16
,,2005 - 2006,0.11
,,2006 - 2007,0.11
,,2007 - 2008,0.23
,,2008 - 2009,0.24
,,2009 - 2010,0.2
,,2010 - 2011,0.24
,,2011 - 2012,0.2
,,2012 - 2013,0.27
,,2013 - 2014,0.31
,,2014 - 2015,0.31
,,2015 - 2016,0.3
,,2016 - 2017,0.33
,,2017 - 2018,0.36
,,2018 - 2019,0.3
,,2019 - 2020,0.27
,,2020 - 2021,0.29
,,2021 - 2022,0.24
,,2022 - 2023,0.31
,Puri,2000 - 2001,
,,2001 - 2002,
,,2002 - 2003,
,,2003 - 2004,
,,2004 - 2005,0.2
,,2005 - 2006,0.26
,,2006 - 2007,0.19
,,2007 - 2008,0.2
,,2008 - 2009,0.19
,,2009 - 2010,0.29
,,2010 - 2011,0.38
,,2011 - 2012,0.29
,,2012 - 2013,0.33
,,2013 - 2014,0.37
,,2014 - 2015,0.41
,,2015 - 2016,0.34
,,2016 - 2017,0.43
,,2017 - 2018,0.48
,,2018 - 2019,0.31
,,2019 - 2020,0.5
,,2020 - 2021,0.36
,,2021 - 2022,0.48
,,2022 - 2023,0.47
,Rayagada,2000 - 2001,
,,2001 - 2002,
,,2002 - 2003,
,,2003 - 2004,
,,2004 - 2005,0.15
,,2005 - 2006,0.37
,,2006 - 2007,0.35
,,2007 - 2008,0.18
,,2008 - 2009,0.2
,,2009 - 2010,0.34
,,2010 - 2011,0.3
,,2011 - 2012,0.15
,,2012 - 2013,
,,2013 - 2014,
,,2014 - 2015,0.61
,,2015 - 2016,0.23
,,2016 - 2017,
,,2017 - 2018,0.64
,,2018 - 2019,0.32
,,2019 - 2020,0.28
,,2020 - 2021,
,,2021 - 2022,0.29
,,2022 - 2023,0.49
,Sambalpur,2000 - 2001,
,,2001 - 2002,
,,2002 - 2003,
,,2003 - 2004,
,,2004 - 2005,0.34
,,2005 - 2006,0.46
,,2006 - 2007,0.49
,,2007 - 2008,0.38
,,2008 - 2009,0.48
,,2009 - 2010,0.36
,,2010 - 2011,0.4
,,2011 - 2012,0.38
,,2012 - 2013,0.61
,,2013 - 2014,0.48
,,2014 - 2015,0.41
,,2015 - 2016,0.45
,,2016 - 2017,0.61
,,2017 - 2018,0.58
,,2018 - 2019,0.64
,,2019 - 2020,0.68
,,2020 - 2021,0.66
,,2021 - 2022,0.79
,,2022 - 2023,0.64
,Sonepur,2000 - 2001,
,,2001 - 2002,
,,2002 - 2003,
,,2003 - 2004,
,,2004 - 2005,0.22
,,2005 - 2006,0.28
,,2006 - 2007,0.35
,,2007 - 2008,0.47
,,2008 - 2009,0.39
,,2009 - 2010,0.39
,,2010 - 2011,0.35
,,2011 - 2012,0.31
,,2012 - 2013,0.41
,,2013 - 2014,0.45
,,2014 - 2015,0.42
,,2015 - 2016,0.37
,,2016 - 2017,0.43
,,2017 - 2018,0.44
,,2018 - 2019,0.65
,,2019 - 2020,0.38
,,2020 - 2021,0.43
,,2021 - 2022,0.43
,,2022 - 2023,0.33
,Sundargarh,2000 - 2001,
,,2001 - 2002,
,,2002 - 2003,
,,2003 - 2004,
,,2004 - 2005,0.26
,,2005 - 2006,0.3
,,2006 - 2007,0.28
,,2007 - 2008,0.28
,,2008 - 2009,0.38
,,2009 - 2010,0.26
,,2010 - 2011,0.3
,,2011 - 2012,0.37
,,2012 - 2013,0.34
,,2013 - 2014,0.33
,,2014 - 2015,0.49
,,2015 - 2016,0.36
,,2016 - 2017,0.19
,,2017 - 2018,0.59
,,2018 - 2019,0.63
,,2019 - 2020,0.5
,,2020 - 2021,0.63
,,2021 - 2022,0.49
,,2022 - 2023,0.55
Puducherry,Karaikal,2000 - 2001,
,,2001 - 2002,
,,2002 - 2003,
,,2003 - 2004,
,,2004 - 2005,
,,2005 - 2006,
,,2007 - 2008,0.02
,,2008 - 2009,0.14
,,2009 - 2010,0.07
,,2010 - 2011,0.45
,,2011 - 2012,0.36
,,2012 - 2013,0.27
,,2013 - 2014,0.34
,,2014 - 2015,0.33
,,2015 - 2016,0.26
,,2016 - 2017,0.1
,,2017 - 2018,0.22
,,2018 - 2019,0.41
,,2019 - 2020,0.18
,,2020 - 2021,0.2
,,2021 - 2022,0.23
,,2022 - 2023,0.6
,Mahe,2000 - 2001,
,Pondicherry,2000 - 2001,
,,2001 - 2002,
,,2002 - 2003,
,,2003 - 2004,
,,2004 - 2005,
,,2005 - 2006,
,,2007 - 2008,0.6
,,2008 - 2009,0.4
,,2009 - 2010,0.43
,,2010 - 2011,0.79
,,2011 - 2012,
,,2012 - 2013,1.0
,,2013 - 2014,0.76
,,2014 - 2015,0.62
,,2015 - 2016,0.75
,,2016 - 2017,0.7
,,2017 - 2018,0.92
,,2018 - 2019,0.9
,,2019 - 2020,0.81
,,2020 - 2021,0.81
,,2022 - 2023,
,Yanam,2000 - 2001,
,,2001 - 2002,
,,2002 - 2003,
,,2003 - 2004,
,,2004 - 2005,
,,2005 - 2006,
,,2007 - 2008,0.6
,,2008 - 2009,0.57
,,2009 - 2010,0.54
,,2010 - 2011,0.6
,,2011 - 2012,0.63
,,2012 - 2013,0.66
,,2013 - 2014,
,,2014 - 2015,0.75
,,2015 - 2016,0.76
,,2016 - 2017,0.5
,,2017 - 2018,0.4
,,2018 - 2019,0.67
,,2019 - 2020,0.83
,,2020 - 2021,
Punjab,Amritsar,2000 - 2001,
,,2001 - 2002,
,,2002 - 2003,
,,2003 - 2004,
,,2004 - 2005,
,,2005 - 2006,
,,2008 - 2009,
,,2010 - 2011,
,,2013 - 2014,
,,2014 - 2015,
,,2015 - 2016,
,,2016 - 2017,
,,2017 - 2018,
,,2018 - 2019,
,,2019 - 2020,
,,2020 - 2021,
,,2022 - 2023,
,Barnala,2007 - 2008,
,,2008 - 2009,
,,2009 - 2010,
,,2010 - 2011,
,,2011 - 2012,
,,2012 - 2013,
,,2013 - 2014,
,,2014 - 2015,
,,2015 - 2016,
,,2016 - 2017,
,,2017 - 2018,
,,2018 - 2019,
,,2019 - 2020,
,,2020 - 2021,
,,2022 - 2023,
,Bathinda,2000 - 2001,
,,2001 - 2002,
,,2002 - 2003,
,,2003 - 2004,
,,2004 - 2005,
,,2005 - 2006,
,,2006 - 2007,
,,2007 - 2008,
,,2008 - 2009,
,,2009 - 2010,
,,2010 - 2011,
,,2011 - 2012,
,,2012 - 2013,
,,2013 - 2014,
,,2014 - 2015,
,,2015 - 2016,
,,2016 - 2017,
,,2017 - 2018,
,,2018 - 2019,
,,2019 - 2020,
,,2020 - 2021,
,,2022 - 2023,
,Faridkot,2000 - 2001,
,,2001 - 2002,
,,2002 - 2003,
,,2003 - 2004,
,,2004 - 2005,
,,2005 - 2006,
,,2006 - 2007,
,,2007 - 2008,
,,2008 - 2009,
,,2009 - 2010,
,,2010 - 2011,
,,2011 - 2012,
,,2012 - 2013,
,,2013 - 2014,
,,2014 - 2015,
,,2015 - 2016,
,,2016 - 2017,
,,2017 - 2018,
,,2018 - 2019,
,,2019 - 2020,
,,2020 - 2021,
,,2022 - 2023,
,Fatehgarh sahib,2017 - 2018,
,,2018 - 2019,
,,2019 - 2020,
,Fazilka,2013 - 2014,
,,2014 - 2015,
,,2015 - 2016,
,,2016 - 2017,
,,2017 - 2018,
,,2018 - 2019,
,,2019 - 2020,
,,2020 - 2021,
,,2022 - 2023,
,Firozepur,2000 - 2001,
,,2001 - 2002,
,,2002 - 2003,
,,2003 - 2004,
,,2004 - 2005,
,,2005 - 2006,
,,2006 - 2007,
,,2007 - 2008,
,,2008 - 2009,
,,2009 - 2010,
,,2010 - 2011,
,,2011 - 2012,
,,2012 - 2013,
,,2013 - 2014,
,,2014 - 2015,
,,2015 - 2016,
,,2016 - 2017,
,,2017 - 2018,
,,2018 - 2019,
,,2019 - 2020,
,,2020 - 2021,
,,2022 - 2023,
,Gurdaspur,2011 - 2012,
,,2017 - 2018,
,,2018 - 2019,
,,2019 - 2020,
,Hoshiarpur,2001 - 2002,
,,2002 - 2003,
,,2003 - 2004,
,,2017 - 2018,
,,2018 - 2019,
,,2019 - 2020,
,Jalandhar,2000 - 2001,
,,2001 - 2002,
,,2002 - 2003,
,,2003 - 2004,
,,2004 - 2005,
,,2005 - 2006,
,,2006 - 2007,
,,2007 - 2008,
,,2008 - 2009,
,,2009 - 2010,
,,2010 - 2011,
,,2012 - 2013,
,,2017 - 2018,
,,2018 - 2019,
,,2019 - 2020,
,Kapurthala,2000 - 2001,
,,2001 - 2002,
,,2002 - 2003,
,,2003 - 2004,
,,2017 - 2018,
,,2018 - 2019,
,,2019 - 2020,
,Ludhiana,2000 - 2001,
,,2001 - 2002,
,,2002 - 2003,
,,2003 - 2004,
,,2004 - 2005,
,,2005 - 2006,
,,2006 - 2007,
,,2007 - 2008,
,,2008 - 2009,
,,2009 - 2010,
,,2010 - 2011,
,,2011 - 2012,
,,2012 - 2013,
,,2013 - 2014,
,,2014 - 2015,
,,2015 - 2016,
,,2016 - 2017,
,,2017 - 2018,
,,2018 - 2019,
,,2019 - 2020,
,,2020 - 2021,
,,2021 - 2022,
,,2022 - 2023,
,Mansa,2000 - 2001,
,,2001 - 2002,
,,2002 - 2003,
,,2003 - 2004,
,,2004 - 2005,
,,2005 - 2006,
,,2006 - 2007,
,,2007 - 2008,
,,2008 - 2009,
,,2009 - 2010,
,,2010 - 2011,
,,2011 - 2012,
,,2012 - 2013,
,,2013 - 2014,
,,2015 - 2016,
,,2016 - 2017,
,,2017 - 2018,
,,2018 - 2019,
,,2019 - 2020,
,,2022 - 2023,
,Moga,2000 - 2001,
,,2001 - 2002,
,,2002 - 2003,
,,2003 - 2004,
,,2004 - 2005,
,,2005 - 2006,
,,2006 - 2007,
,,2007 - 2008,
,,2008 - 2009,
,,2009 - 2010,
,,2010 - 2011,
,,2011 - 2012,
,,2012 - 2013,
,,2013 - 2014,
,,2014 - 2015,
,,2015 - 2016,
,,2016 - 2017,
,,2017 - 2018,
,,2018 - 2019,
,,2019 - 2020,
,,2020 - 2021,
,Muktsar,2000 - 2001,
,,2001 - 2002,
,,2002 - 2003,
,,2003 - 2004,
,,2004 - 2005,
,,2005 - 2006,
,,2006 - 2007,
,,2007 - 2008,
,,2008 - 2009,
,,2009 - 2010,
,,2010 - 2011,
,,2011 - 2012,
,,2012 - 2013,
,,2013 - 2014,
,,2014 - 2015,
,,2015 - 2016,
,,2016 - 2017,
,,2017 - 2018,
,,2018 - 2019,
,,2019 - 2020,
,,2022 - 2023,
,Nawanshahr,2004 - 2005,
,,2017 - 2018,
,,2018 - 2019,
,,2019 - 2020,
,Pathankot,2017 - 2018,
,,2018 - 2019,
,Patiala,2000 - 2001,
,,2001 - 2002,
,,2002 - 2003,
,,2003 - 2004,
,,2004 - 2005,
,,2005 - 2006,
,,2006 - 2007,
,,2007 - 2008,
,,2008 - 2009,
,,2015 - 2016,
,,2017 - 2018,
,,2018 - 2019,
,,2019 - 2020,
,Rupnagar,2005 - 2006,
,,2017 - 2018,
,,2018 - 2019,
,,2019 - 2020,
,S.a.s nagar,2017 - 2018,
,,2018 - 2019,
,,2019 - 2020,
,Sangrur,2000 - 2001,
,,2001 - 2002,
,,2002 - 2003,
,,2003 - 2004,
,,2004 - 2005,
,,2005 - 2006,
,,2006 - 2007,
,,2007 - 2008,
,,2008 - 2009,
,,2009 - 2010,
,,2010 - 2011,
,,2011 - 2012,
,,2012 - 2013,
,,2013 - 2014,
,,2014 - 2015,
,,2015 - 2016,
,,2016 - 2017,
,,2017 - 2018,
,,2018 - 2019,
,,2019 - 2020,
,,2020 - 2021,
,,2022 - 2023,
,Tarn taran,2006 - 2007,
,,2007 - 2008,
,,2008 - 2009,
,,2009 - 2010,
,,2010 - 2011,
,,2011 - 2012,
,,2012 - 2013,
,,2013 - 2014,
,,2014 - 2015,
,,2015 - 2016,
,,2016 - 2017,
,,2017 - 2018,
,,2018 - 2019,
,,2019 - 2020,
,,2020 - 2021,
,,2022 - 2023,
Rajasthan,Ajmer,2000 - 2001,
,,2001 - 2002,
,,2002 - 2003,
,,2003 - 2004,
,,2004 - 2005,
,,2005 - 2006,
,,2006 - 2007,
,,2007 - 2008,
,,2008 - 2009,
,,2009 - 2010,
,,2010 - 2011,
,,2011 - 2012,
,,2012 - 2013,
,,2013 - 2014,
,,2014 - 2015,
,,2015 - 2016,
,,2016 - 2017,
,,2017 - 2018,
,,2018 - 2019,
,,2019 - 2020,
,,2020 - 2021,
,,2021 - 2022,
,,2022 - 2023,
,Alwar,2000 - 2001,
,,2001 - 2002,
,,2002 - 2003,
,,2003 - 2004,
,,2004 - 2005,
,,2005 - 2006,
,,2006 - 2007,
,,2007 - 2008,
,,2008 - 2009,
,,2009 - 2010,
,,2010 - 2011,
,,2011 - 2012,
,,2012 - 2013,
,,2013 - 2014,
,,2014 - 2015,
,,2015 - 2016,
,,2016 - 2017,
,,2017 - 2018,
,,2018 - 2019,
,,2019 - 2020,
,,2020 - 2021,
,,2021 - 2022,
,,2022 - 2023,
,Banswara,2000 - 2001,
,,2001 - 2002,
,,2002 - 2003,
,,2003 - 2004,
,,2004 - 2005,
,,2005 - 2006,
,,2006 - 2007,
,,2007 - 2008,
,,2008 - 2009,
,,2009 - 2010,
,,2010 - 2011,
,,2011 - 2012,
,,2012 - 2013,
,,2013 - 2014,
,,2014 - 2015,
,,2015 - 2016,
,,2016 - 2017,
,,2017 - 2018,
,,2018 - 2019,
,,2019 - 2020,
,,2020 - 2021,
,Baran,2000 - 2001,
,,2001 - 2002,
,,2002 - 2003,
,,2003 - 2004,
,,2004 - 2005,
,,2005 - 2006,
,,2006 - 2007,
,,2007 - 2008,
,,2008 - 2009,
,,2009 - 2010,
,,2010 - 2011,
,,2011 - 2012,
,,2012 - 2013,
,,2013 - 2014,
,,2014 - 2015,
,,2015 - 2016,
,,2016 - 2017,
,,2017 - 2018,
,,2018 - 2019,
,,2019 - 2020,
,,2020 - 2021,
,,2021 - 2022,
,,2022 - 2023,
,Barmer,2000 - 2001,
,,2001 - 2002,
,,2002 - 2003,
,,2003 - 2004,
,,2004 - 2005,
,,2005 - 2006,
,,2006 - 2007,
,,2007 - 2008,
,,2008 - 2009,
,,2009 - 2010,
,,2010 - 2011,
,,2011 - 2012,
,,2012 - 2013,
,,2013 - 2014,
,,2014 - 2015,
,,2015 - 2016,
,,2016 - 2017,
,,2017 - 2018,
,,2018 - 2019,
,,2019 - 2020,
,,2020 - 2021,
,,2021 - 2022,
,,2022 - 2023,
,Bharatpur,2000 - 2001,
,,2001 - 2002,
,,2002 - 2003,
,,2003 - 2004,
,,2004 - 2005,
,,2005 - 2006,
,,2006 - 2007,
,,2007 - 2008,
,,2008 - 2009,
,,2009 - 2010,
,,2010 - 2011,
,,2011 - 2012,
,,2012 - 2013,
,,2013 - 2014,
,,2014 - 2015,
,,2015 - 2016,
,,2016 - 2017,
,,2017 - 2018,
,,2018 - 2019,
,,2019 - 2020,
,,2020 - 2021,
,,2021 - 2022,
,,2022 - 2023,
,Bhilwara,2000 - 2001,
,,2001 - 2002,
,,2002 - 2003,
,,2003 - 2004,
,,2004 - 2005,
,,2005 - 2006,
,,2006 - 2007,
,,2007 - 2008,
,,2008 - 2009,
,,2009 - 2010,
,,2010 - 2011,
,,2011 - 2012,
,,2012 - 2013,
,,2013 - 2014,
,,2014 - 2015,
,,2015 - 2016,
,,2016 - 2017,
,,2017 - 2018,
,,2018 - 2019,
,,2019 - 2020,
,,2020 - 2021,
,,2021 - 2022,
,,2022 - 2023,
,Bikaner,2000 - 2001,
,,2001 - 2002,
,,2002 - 2003,
,,2003 - 2004,
,,2004 - 2005,
,,2005 - 2006,
,,2006 - 2007,
,,2007 - 2008,
,,2008 - 2009,
,,2009 - 2010,
,,2010 - 2011,
,,2011 - 2012,
,,2012 - 2013,
,,2013 - 2014,
,,2014 - 2015,
,,2015 - 2016,
,,2016 - 2017,
,,2017 - 2018,
,,2018 - 2019,
,,2019 - 2020,
,,2020 - 2021,
,,2021 - 2022,
,,2022 - 2023,
,Bundi,2000 - 2001,
,,2001 - 2002,
,,2002 - 2003,
,,2003 - 2004,
,,2004 - 2005,
,,2005 - 2006,
,,2006 - 2007,
,,2007 - 2008,
,,2008 - 2009,
,,2009 - 2010,
,,2010 - 2011,
,,2011 - 2012,
,,2012 - 2013,
,,2013 - 2014,
,,2014 - 2015,
,,2015 - 2016,
,,2016 - 2017,
,,2017 - 2018,
,,2018 - 2019,
,,2019 - 2020,
,,2020 - 2021,
,,2021 - 2022,
,,2022 - 2023,
,Chittorgarh,2000 - 2001,
,,2001 - 2002,
,,2002 - 2003,
,,2003 - 2004,
,,2004 - 2005,
,,2005 - 2006,
,,2006 - 2007,
,,2007 - 2008,
,,2008 - 2009,
,,2009 - 2010,
,,2010 - 2011,
,,2011 - 2012,
,,2012 - 2013,
,,2013 - 2014,
,,2014 - 2015,
,,2015 - 2016,
,,2016 - 2017,
,,2017 - 2018,
,,2018 - 2019,
,,2019 - 2020,
,,2020 - 2021,
,,2021 - 2022,
,,2022 - 2023,
,Churu,2000 - 2001,
,,2001 - 2002,
,,2002 - 2003,
,,2003 - 2004,
,,2004 - 2005,
,,2005 - 2006,
,,2006 - 2007,
,,2007 - 2008,
,,2008 - 2009,
,,2009 - 2010,
,,2010 - 2011,
,,2011 - 2012,
,,2012 - 2013,
,,2013 - 2014,
,,2014 - 2015,
,,2015 - 2016,
,,2016 - 2017,
,,2017 - 2018,
,,2018 - 2019,
,,2019 - 2020,
,,2020 - 2021,
,,2021 - 2022,
,,2022 - 2023,
,Dausa,2000 - 2001,
,,2001 - 2002,
,,2002 - 2003,
,,2003 - 2004,
,,2004 - 2005,
,,2005 - 2006,
,,2006 - 2007,
,,2007 - 2008,
,,2008 - 2009,
,,2009 - 2010,
,,2010 - 2011,
,,2011 - 2012,
,,2012 - 2013,
,,2013 - 2014,
,,2014 - 2015,
,,2015 - 2016,
,,2016 - 2017,
,,2017 - 2018,
,,2018 - 2019,
,,2019 - 2020,
,,2020 - 2021,
,,2021 - 2022,
,,2022 - 2023,
,Dholpur,2000 - 2001,
,,2001 - 2002,
,,2002 - 2003,
,,2003 - 2004,
,,2004 - 2005,
,,2005 - 2006,
,,2006 - 2007,
,,2007 - 2008,
,,2008 - 2009,
,,2009 - 2010,
,,2010 - 2011,
,,2011 - 2012,
,,2012 - 2013,
,,2013 - 2014,
,,2014 - 2015,
,,2015 - 2016,
,,2016 - 2017,
,,2017 - 2018,
,,2018 - 2019,
,,2019 - 2020,
,,2020 - 2021,
,,2021 - 2022,
,,2022 - 2023,
,Dungarpur,2000 - 2001,
,,2001 - 2002,
,,2002 - 2003,
,,2003 - 2004,
,,2004 - 2005,
,,2005 - 2006,
,,2006 - 2007,
,,2007 - 2008,
,,2008 - 2009,
,,2009 - 2010,
,,2010 - 2011,
,,2011 - 2012,
,,2012 - 2013,
,,2013 - 2014,
,,2014 - 2015,
,,2015 - 2016,
,,2016 - 2017,
,,2017 - 2018,
,,2018 - 2019,
,,2019 - 2020,
,,2020 - 2021,
,Ganganagar,2000 - 2001,
,,2001 - 2002,
,,2002 - 2003,
,,2003 - 2004,
,,2004 - 2005,
,,2005 - 2006,
,,2006 - 2007,
,,2007 - 2008,
,,2008 - 2009,
,,2009 - 2010,
,,2010 - 2011,
,,2011 - 2012,
,,2012 - 2013,
,,2013 - 2014,
,,2014 - 2015,
,,2015 - 2016,
,,2016 - 2017,
,,2017 - 2018,
,,2018 - 2019,
,,2019 - 2020,
,,2020 - 2021,
,,2021 - 2022,
,,2022 - 2023,
,Hanumangarh,2000 - 2001,
,,2001 - 2002,
,,2002 - 2003,
,,2003 - 2004,
,,2004 - 2005,
,,2005 - 2006,
,,2006 - 2007,
,,2007 - 2008,
,,2008 - 2009,
,,2009 - 2010,
,,2010 - 2011,
,,2011 - 2012,
,,2012 - 2013,
,,2013 - 2014,
,,2014 - 2015,
,,2015 - 2016,
,,2016 - 2017,
,,2017 - 2018,
,,2018 - 2019,
,,2019 - 2020,
,,2020 - 2021,
,,2021 - 2022,
,,2022 - 2023,
,Jaipur,2000 - 2001,
,,2001 - 2002,
,,2002 - 2003,
,,2003 - 2004,
,,2004 - 2005,
,,2005 - 2006,
,,2006 - 2007,
,,2007 - 2008,
,,2008 - 2009,
,,2009 - 2010,
,,2010 - 2011,
,,2011 - 2012,
,,2012 - 2013,
,,2013 - 2014,
,,2014 - 2015,
,,2015 - 2016,
,,2016 - 2017,
,,2017 - 2018,
,,2018 - 2019,
,,2019 - 2020,
,,2020 - 2021,
,,2021 - 2022,
,,2022 - 2023,
,Jaisalmer,2000 - 2001,
,,2001 - 2002,
,,2002 - 2003,
,,2003 - 2004,
,,2004 - 2005,
,,2005 - 2006,
,,2006 - 2007,
,,2007 - 2008,
,,2008 - 2009,
,,2009 - 2010,
,,2010 - 2011,
,,2011 - 2012,
,,2012 - 2013,
,,2013 - 2014,
,,2014 - 2015,
,,2015 - 2016,
,,2016 - 2017,
,,2017 - 2018,
,,2018 - 2019,
,,2019 - 2020,
,,2020 - 2021,
,,2021 - 2022,
,,2022 - 2023,
,Jalore,2000 - 2001,
,,2001 - 2002,
,,2002 - 2003,
,,2003 - 2004,
,,2004 - 2005,
,,2005 - 2006,
,,2006 - 2007,
,,2007 - 2008,
,,2008 - 2009,
,,2009 - 2010,
,,2010 - 2011,
,,2011 - 2012,
,,2012 - 2013,
,,2013 - 2014,
,,2014 - 2015,
,,2015 - 2016,
,,2016 - 2017,
,,2017 - 2018,
,,2018 - 2019,
,,2019 - 2020,
,,2020 - 2021,
,,2021 - 2022,
,,2022 - 2023,
,Jhalawar,2000 - 2001,
,,2001 - 2002,
,,2002 - 2003,
,,2003 - 2004,
,,2004 - 2005,
,,2005 - 2006,
,,2006 - 2007,
,,2007 - 2008,
,,2008 - 2009,
,,2009 - 2010,
,,2010 - 2011,
,,2011 - 2012,
,,2012 - 2013,
,,2013 - 2014,
,,2014 - 2015,
,,2015 - 2016,
,,2016 - 2017,
,,2017 - 2018,
,,2018 - 2019,
,,2019 - 2020,
,,2020 - 2021,
,,2021 - 2022,
,,2022 - 2023,
,Jhunjhunu,2000 - 2001,
,,2001 - 2002,
,,2002 - 2003,
,,2003 - 2004,
,,2004 - 2005,
,,2005 - 2006,
,,2006 - 2007,
,,2007 - 2008,
,,2008 - 2009,
,,2009 - 2010,
,,2010 - 2011,
,,2011 - 2012,
,,2012 - 2013,
,,2013 - 2014,
,,2014 - 2015,
,,2015 - 2016,
,,2016 - 2017,
,,2017 - 2018,
,,2018 - 2019,
,,2019 - 2020,
,,2020 - 2021,
,,2021 - 2022,
,,2022 - 2023,
,Jodhpur,2000 - 2001,
,,2001 - 2002,
,,2002 - 2003,
,,2003 - 2004,
,,2004 - 2005,
,,2005 - 2006,
,,2006 - 2007,
,,2007 - 2008,
,,2008 - 2009,
,,2009 - 2010,
,,2010 - 2011,
,,2011 - 2012,
,,2012 - 2013,
,,2013 - 2014,
,,2014 - 2015,
,,2015 - 2016,
,,2016 - 2017,
,,2017 - 2018,
,,2018 - 2019,
,,2019 - 2020,
,,2020 - 2021,
,,2021 - 2022,
,,2022 - 2023,
,Karauli,2000 - 2001,
,,2001 - 2002,
,,2002 - 2003,
,,2003 - 2004,
,,2004 - 2005,
,,2005 - 2006,
,,2006 - 2007,
,,2007 - 2008,
,,2008 - 2009,
,,2009 - 2010,
,,2010 - 2011,
,,2011 - 2012,
,,2012 - 2013,
,,2013 - 2014,
,,2014 - 2015,
,,2015 - 2016,
,,2016 - 2017,
,,2017 - 2018,
,,2018 - 2019,
,,2019 - 2020,
,,2020 - 2021,
,,2021 - 2022,
,,2022 - 2023,
,Kota,2000 - 2001,
,,2001 - 2002,
,,2002 - 2003,
,,2003 - 2004,
,,2004 - 2005,
,,2005 - 2006,
,,2006 - 2007,
,,2007 - 2008,
,,2008 - 2009,
,,2009 - 2010,
,,2010 - 2011,
,,2011 - 2012,
,,2012 - 2013,
,,2013 - 2014,
,,2014 - 2015,
,,2015 - 2016,
,,2016 - 2017,
,,2017 - 2018,
,,2018 - 2019,
,,2019 - 2020,
,,2020 - 2021,
,,2021 - 2022,
,,2022 - 2023,
,Nagaur,2000 - 2001,
,,2001 - 2002,
,,2002 - 2003,
,,2003 - 2004,
,,2004 - 2005,
,,2005 - 2006,
,,2006 - 2007,
,,2007 - 2008,
,,2008 - 2009,
,,2009 - 2010,
,,2010 - 2011,
,,2011 - 2012,
,,2012 - 2013,
,,2013 - 2014,
,,2014 - 2015,
,,2015 - 2016,
,,2016 - 2017,
,,2017 - 2018,
,,2018 - 2019,
,,2019 - 2020,
,,2020 - 2021,
,,2021 - 2022,
,,2022 - 2023,
,Pali,2000 - 2001,
,,2001 - 2002,
,,2002 - 2003,
,,2003 - 2004,
,,2004 - 2005,
,,2005 - 2006,
,,2006 - 2007,
,,2007 - 2008,
,,2008 - 2009,
,,2009 - 2010,
,,2010 - 2011,
,,2011 - 2012,
,,2012 - 2013,
,,2013 - 2014,
,,2014 - 2015,
,,2015 - 2016,
,,2016 - 2017,
,,2017 - 2018,
,,2018 - 2019,
,,2019 - 2020,
,,2020 - 2021,
,,2021 - 2022,
,,2022 - 2023,
,Pratapgarh,2008 - 2009,
,,2009 - 2010,
,,2010 - 2011,
,,2011 - 2012,
,,2012 - 2013,
,,2013 - 2014,
,,2014 - 2015,
,,2015 - 2016,
,,2016 - 2017,
,,2017 - 2018,
,,2018 - 2019,
,,2019 - 2020,
,,2020 - 2021,
,,2021 - 2022,
,,2022 - 2023,
,Rajsamand,2000 - 2001,
,,2001 - 2002,
,,2002 - 2003,
,,2003 - 2004,
,,2004 - 2005,
,,2005 - 2006,
,,2006 - 2007,
,,2007 - 2008,
,,2008 - 2009,
,,2009 - 2010,
,,2010 - 2011,
,,2011 - 2012,
,,2012 - 2013,
,,2013 - 2014,
,,2014 - 2015,
,,2015 - 2016,
,,2016 - 2017,
,,2017 - 2018,
,,2018 - 2019,
,,2019 - 2020,
,,2020 - 2021,
,,2021 - 2022,
,,2022 - 2023,
,Sawai madhopur,2000 - 2001,
,,2001 - 2002,
,,2002 - 2003,
,,2003 - 2004,
,,2004 - 2005,
,,2005 - 2006,
,,2006 - 2007,
,,2007 - 2008,
,,2008 - 2009,
,,2009 - 2010,
,,2010 - 2011,
,,2011 - 2012,
,,2012 - 2013,
,,2013 - 2014,
,,2014 - 2015,
,,2015 - 2016,
,,2016 - 2017,
,,2017 - 2018,
,,2018 - 2019,
,,2019 - 2020,
,,2020 - 2021,
,,2021 - 2022,
,,2022 - 2023,
,Sikar,2000 - 2001,
,,2001 - 2002,
,,2002 - 2003,
,,2003 - 2004,
,,2004 - 2005,
,,2005 - 2006,
,,2006 - 2007,
,,2007 - 2008,
,,2008 - 2009,
,,2009 - 2010,
,,2010 - 2011,
,,2011 - 2012,
,,2012 - 2013,
,,2013 - 2014,
,,2014 - 2015,
,,2015 - 2016,
,,2016 - 2017,
,,2017 - 2018,
,,2018 - 2019,
,,2019 - 2020,
,,2020 - 2021,
,,2021 - 2022,
,,2022 - 2023,
,Sirohi,2000 - 2001,
,,2001 - 2002,
,,2002 - 2003,
,,2003 - 2004,
,,2004 - 2005,
,,2005 - 2006,
,,2006 - 2007,
,,2007 - 2008,
,,2008 - 2009,
,,2009 - 2010,
,,2010 - 2011,
,,2011 - 2012,
,,2012 - 2013,
,,2013 - 2014,
,,2014 - 2015,
,,2015 - 2016,
,,2016 - 2017,
,,2017 - 2018,
,,2018 - 2019,
,,2019 - 2020,
,,2020 - 2021,
,,2021 - 2022,
,,2022 - 2023,
,Tonk,2000 - 2001,
,,2001 - 2002,
,,2002 - 2003,
,,2003 - 2004,
,,2004 - 2005,
,,2005 - 2006,
,,2006 - 2007,
,,2007 - 2008,
,,2008 - 2009,
,,2009 - 2010,
,,2010 - 2011,
,,2011 - 2012,
,,2012 - 2013,
,,2013 - 2014,
,,2014 - 2015,
,,2015 - 2016,
,,2016 - 2017,
,,2017 - 2018,
,,2018 - 2019,
,,2019 - 2020,
,,2020 - 2021,
,,2021 - 2022,
,,2022 - 2023,
,Udaipur,2000 - 2001,
,,2001 - 2002,
,,2002 - 2003,
,,2003 - 2004,
,,2004 - 2005,
,,2005 - 2006,
,,2006 - 2007,
,,2007 - 2008,
,,2008 - 2009,
,,2009 - 2010,
,,2010 - 2011,
,,2011 - 2012,
,,2012 - 2013,
,,2013 - 2014,
,,2014 - 2015,
,,2015 - 2016,
,,2016 - 2017,
,,2017 - 2018,
,,2018 - 2019,
,,2019 - 2020,
,,2020 - 2021,
,,2021 - 2022,
,,2022 - 2023,
Tamil Nadu,Ariyalur,2008 - 2009,
,,2009 - 2010,
,,2010 - 2011,
,,2011 - 2012,
,,2012 - 2013,
,,2013 - 2014,
,,2014 - 2015,
,,2015 - 2016,
,,2016 - 2017,
,,2017 - 2018,
,,2018 - 2019,
,,2019 - 2020,
,,2020 - 2021,
,,2021 - 2022,
,,2022 - 2023,
,Chengalpattu,2020 - 2021,
,,2021 - 2022,
,,2022 - 2023,
,Chennai,2018 - 2019,
,,2022 - 2023,
,Coimbatore,2000 - 2001,
,,2001 - 2002,
,,2002 - 2003,
,,2003 - 2004,
,,2004 - 2005,
,,2005 - 2006,
,,2006 - 2007,
,,2007 - 2008,
,,2008 - 2009,
,,2009 - 2010,
,,2010 - 2011,
,,2011 - 2012,
,,2012 - 2013,
,,2013 - 2014,
,,2014 - 2015,
,,2015 - 2016,
,,2016 - 2017,
,,2017 - 2018,
,,2018 - 2019,
,,2019 - 2020,
,,2020 - 2021,
,,2021 - 2022,
,,2022 - 2023,
,Cuddalore,2000 - 2001,
,,2001 - 2002,
,,2002 - 2003,
,,2003 - 2004,
,,2004 - 2005,
,,2005 - 2006,
,,2006 - 2007,
,,2007 - 2008,
,,2008 - 2009,
,,2009 - 2010,
,,2010 - 2011,
,,2011 - 2012,
,,2012 - 2013,
,,2013 - 2014,
,,2014 - 2015,
,,2015 - 2016,
,,2016 - 2017,
,,2017 - 2018,
,,2018 - 2019,
,,2019 - 2020,
,,2020 - 2021,
,,2021 - 2022,
,,2022 - 2023,
,Dharmapuri,2000 - 2001,
,,2001 - 2002,
,,2002 - 2003,
,,2003 - 2004,
,,2004 - 2005,
,,2005 - 2006,
,,2006 - 2007,
,,2007 - 2008,
,,2008 - 2009,
,,2009 - 2010,
,,2010 - 2011,
,,2011 - 2012,
,,2012 - 2013,
,,2013 - 2014,
,,2014 - 2015,
,,2015 - 2016,
,,2016 - 2017,
,,2017 - 2018,
,,2018 - 2019,
,,2019 - 2020,
,,2020 - 2021,
,,2021 - 2022,
,,2022 - 2023,
,Dindigul,2000 - 2001,
,,2001 - 2002,
,,2002 - 2003,
,,2003 - 2004,
,,2004 - 2005,
,,2005 - 2006,
,,2006 - 2007,
,,2007 - 2008,
,,2008 - 2009,
,,2009 - 2010,
,,2010 - 2011,
,,2011 - 2012,
,,2012 - 2013,
,,2013 - 2014,
,,2014 - 2015,
,,2015 - 2016,
,,2016 - 2017,
,,2017 - 2018,
,,2018 - 2019,
,,2019 - 2020,
,,2020 - 2021,
,,2021 - 2022,
,,2022 - 2023,
,Erode,2000 - 2001,
,,2001 - 2002,
,,2002 - 2003,
,,2003 - 2004,
,,2004 - 2005,
,,2005 - 2006,
,,2006 - 2007,
,,2007 - 2008,
,,2008 - 2009,
,,2009 - 2010,
,,2010 - 2011,
,,2011 - 2012,
,,2012 - 2013,
,,2013 - 2014,
,,2014 - 2015,
,,2015 - 2016,
,,2016 - 2017,
,,2017 - 2018,
,,2018 - 2019,
,,2019 - 2020,
,,2020 - 2021,
,,2021 - 2022,
,,2022 - 2023,
,Kallakurichi,2020 - 2021,
,,2021 - 2022,
,Kanchipuram,2000 - 2001,
,,2001 - 2002,
,,2002 - 2003,
,,2003 - 2004,
,,2004 - 2005,
,,2005 - 2006,
,,2006 - 2007,
,,2007 - 2008,
,,2008 - 2009,
,,2009 - 2010,
,,2010 - 2011,
,,2011 - 2012,
,,2012 - 2013,
,,2013 - 2014,
,,2014 - 2015,
,,2015 - 2016,
,,2016 - 2017,
,,2017 - 2018,
,,2018 - 2019,
,,2019 - 2020,
,,2020 - 2021,
,,2021 - 2022,
,,2022 - 2023,
,Kanniyakumari,2000 - 2001,
,,2001 - 2002,
,,2002 - 2003,
,,2003 - 2004,
,,2005 - 2006,
,,2006 - 2007,
,,2007 - 2008,
,,2008 - 2009,
,,2009 - 2010,
,,2014 - 2015,
,,2015 - 2016,
,,2018 - 2019,
,,2020 - 2021,
,Karur,2000 - 2001,
,,2001 - 2002,
,,2002 - 2003,
,,2003 - 2004,
,,2004 - 2005,
,,2005 - 2006,
,,2006 - 2007,
,,2007 - 2008,
,,2008 - 2009,
,,2009 - 2010,
,,2010 - 2011,
,,2011 - 2012,
,,2012 - 2013,
,,2013 - 2014,
,,2014 - 2015,
,,2015 - 2016,
,,2016 - 2017,
,,2017 - 2018,
,,2018 - 2019,
,,2019 - 2020,
,,2020 - 2021,
,,2021 - 2022,
,,2022 - 2023,
,Krishnagiri,2004 - 2005,
,,2005 - 2006,
,,2006 - 2007,
,,2007 - 2008,
,,2008 - 2009,
,,2009 - 2010,
,,2010 - 2011,
,,2011 - 2012,
,,2012 - 2013,
,,2013 - 2014,
,,2014 - 2015,
,,2015 - 2016,
,,2016 - 2017,
,,2017 - 2018,
,,2018 - 2019,
,,2019 - 2020,
,,2020 - 2021,
,,2021 - 2022,
,,2022 - 2023,
,Madurai,2000 - 2001,
,,2001 - 2002,
,,2002 - 2003,
,,2003 - 2004,
,,2004 - 2005,
,,2005 - 2006,
,,2006 - 2007,
,,2007 - 2008,
,,2008 - 2009,
,,2009 - 2010,
,,2010 - 2011,
,,2011 - 2012,
,,2012 - 2013,
,,2013 - 2014,
,,2014 - 2015,
,,2015 - 2016,
,,2016 - 2017,
,,2017 - 2018,
,,2018 - 2019,
,,2019 - 2020,
,,2020 - 2021,
,,2021 - 2022,
,,2022 - 2023,
,Mayiladuthurai,2020 - 2021,
,,2021 - 2022,
,,2022 - 2023,
,Nagapattinam,2000 - 2001,
,,2001 - 2002,
,,2002 - 2003,
,,2003 - 2004,
,,2004 - 2005,
,,2005 - 2006,
,,2006 - 2007,
,,2007 - 2008,
,,2008 - 2009,
,,2009 - 2010,
,,2010 - 2011,
,,2011 - 2012,
,,2012 - 2013,
,,2013 - 2014,
,,2014 - 2015,
,,2015 - 2016,
,,2016 - 2017,
,,2017 - 2018,
,,2018 - 2019,
,,2019 - 2020,
,,2020 - 2021,
,,2021 - 2022,
,,2022 - 2023,
,Namakkal,2000 - 2001,
,,2001 - 2002,
,,2002 - 2003,
,,2003 - 2004,
,,2004 - 2005,
,,2005 - 2006,
,,2006 - 2007,
,,2007 - 2008,
,,2008 - 2009,
,,2009 - 2010,
,,2010 - 2011,
,,2011 - 2012,
,,2012 - 2013,
,,2013 - 2014,
,,2014 - 2015,
,,2015 - 2016,
,,2016 - 2017,
,,2017 - 2018,
,,2018 - 2019,
,,2019 - 2020,
,,2020 - 2021,
,,2021 - 2022,
,,2022 - 2023,
,Perambalur,2000 - 2001,
,,2001 - 2002,
,,2002 - 2003,
,,2003 - 2004,
,,2004 - 2005,
,,2005 - 2006,
,,2006 - 2007,
,,2007 - 2008,
,,2008 - 2009,
,,2009 - 2010,
,,2010 - 2011,
,,2011 - 2012,
,,2012 - 2013,
,,2013 - 2014,
,,2014 - 2015,
,,2015 - 2016,
,,2017 - 2018,
,,2018 - 2019,
,,2019 - 2020,
,,2020 - 2021,
,,2021 - 2022,
,,2022 - 2023,
,Pudukkottai,2000 - 2001,
,,2001 - 2002,
,,2002 - 2003,
,,2003 - 2004,
,,2004 - 2005,
,,2005 - 2006,
,,2006 - 2007,
,,2007 - 2008,
,,2008 - 2009,
,,2009 - 2010,
,,2010 - 2011,
,,2011 - 2012,
,,2012 - 2013,
,,2013 - 2014,
,,2014 - 2015,
,,2015 - 2016,
,,2016 - 2017,
,,2017 - 2018,
,,2018 - 2019,
,,2019 - 2020,
,,2020 - 2021,
,,2021 - 2022,
,,2022 - 2023,
,Ramanathapuram,2000 - 2001,
,,2001 - 2002,
,,2002 - 2003,
,,2003 - 2004,
,,2004 - 2005,
,,2005 - 2006,
,,2006 - 2007,
,,2007 - 2008,
,,2008 - 2009,
,,2009 - 2010,
,,2010 - 2011,
,,2011 - 2012,
,,2012 - 2013,
,,2013 - 2014,
,,2014 - 2015,
,,2015 - 2016,
,,2016 - 2017,
,,2017 - 2018,
,,2018 - 2019,
,,2019 - 2020,
,,2020 - 2021,
,,2021 - 2022,
,,2022 - 2023,
,Ranipet,2020 - 2021,
,,2021 - 2022,
,,2022 - 2023,
,Salem,2000 - 2001,
,,2001 - 2002,
,,2002 - 2003,
,,2003 - 2004,
,,2004 - 2005,
,,2005 - 2006,
,,2006 - 2007,
,,2007 - 2008,
,,2008 - 2009,
,,2009 - 2010,
,,2010 - 2011,
,,2011 - 2012,
,,2012 - 2013,
,,2013 - 2014,
,,2014 - 2015,
,,2015 - 2016,
,,2016 - 2017,
,,2017 - 2018,
,,2018 - 2019,
,,2019 - 2020,
,,2020 - 2021,
,,2021 - 2022,
,,2022 - 2023,
,Sivaganga,2000 - 2001,
,,2001 - 2002,
,,2002 - 2003,
,,2003 - 2004,
,,2004 - 2005,
,,2005 - 2006,
,,2006 - 2007,
,,2007 - 2008,
,,2008 - 2009,
,,2009 - 2010,
,,2010 - 2011,
,,2011 - 2012,
,,2012 - 2013,
,,2013 - 2014,
,,2014 - 2015,
,,2015 - 2016,
,,2016 - 2017,
,,2017 - 2018,
,,2018 - 2019,
,,2019 - 2020,
,,2020 - 2021,
,,2021 - 2022,
,,2022 - 2023,
,Thanjavur,2000 - 2001,
,,2001 - 2002,
,,2002 - 2003,
,,2003 - 2004,
,,2004 - 2005,
,,2005 - 2006,
,,2006 - 2007,
,,2007 - 2008,
,,2008 - 2009,
,,2009 - 2010,
,,2010 - 2011,
,,2011 - 2012,
,,2012 - 2013,
,,2013 - 2014,
,,2014 - 2015,
,,2015 - 2016,
,,2016 - 2017,
,,2017 - 2018,
,,2018 - 2019,
,,2019 - 2020,
,,2020 - 2021,
,,2021 - 2022,
,,2022 - 2023,
,The nilgiris,2009 - 2010,
,,2010 - 2011,
,,2013 - 2014,
,,2015 - 2016,
,,2016 - 2017,
,,2017 - 2018,
,,2018 - 2019,
,Theni,2000 - 2001,
,,2001 - 2002,
,,2002 - 2003,
,,2003 - 2004,
,,2004 - 2005,
,,2005 - 2006,
,,2006 - 2007,
,,2007 - 2008,
,,2008 - 2009,
,,2009 - 2010,
,,2010 - 2011,
,,2011 - 2012,
,,2012 - 2013,
,,2013 - 2014,
,,2014 - 2015,
,,2015 - 2016,
,,2016 - 2017,
,,2017 - 2018,
,,2018 - 2019,
,,2019 - 2020,
,,2020 - 2021,
,,2021 - 2022,
,,2022 - 2023,
,Thenkasi,2020 - 2021,
,,2021 - 2022,
,,2022 - 2023,
,Thiruvallur,2000 - 2001,
,,2001 - 2002,
,,2002 - 2003,
,,2003 - 2004,
,,2004 - 2005,
,,2005 - 2006,
,,2006 - 2007,
,,2007 - 2008,
,,2008 - 2009,
,,2009 - 2010,
,,2010 - 2011,
,,2011 - 2012,
,,2012 - 2013,
,,2013 - 2014,
,,2014 - 2015,
,,2015 - 2016,
,,2016 - 2017,
,,2017 - 2018,
,,2018 - 2019,
,,2019 - 2020,
,,2020 - 2021,
,,2021 - 2022,
,,2022 - 2023,
,Thiruvarur,2000 - 2001,
,,2001 - 2002,
,,2002 - 2003,
,,2003 - 2004,
,,2004 - 2005,
,,2005 - 2006,
,,2006 - 2007,
,,2007 - 2008,
,,2008 - 2009,
,,2009 - 2010,
,,2010 - 2011,
,,2011 - 2012,
,,2012 - 2013,
,,2013 - 2014,
,,2014 - 2015,
,,2015 - 2016,
,,2016 - 2017,
,,2017 - 2018,
,,2018 - 2019,
,,2019 - 2020,
,,2020 - 2021,
,,2021 - 2022,
,,2022 - 2023,
,Thoothukudi,2000 - 2001,
,,2001 - 2002,
,,2002 - 2003,
,,2003 - 2004,
,,2004 - 2005,
,,2005 - 2006,
,,2006 - 2007,
,,2007 - 2008,
,,2008 - 2009,
,,2009 - 2010,
,,2010 - 2011,
,,2011 - 2012,
,,2012 - 2013,
,,2013 - 2014,
,,2014 - 2015,
,,2015 - 2016,
,,2016 - 2017,
,,2017 - 2018,
,,2018 - 2019,
,,2019 - 2020,
,,2020 - 2021,
,,2021 - 2022,
,,2022 - 2023,
,Tiruchirappalli,2000 - 2001,
,,2001 - 2002,
,,2002 - 2003,
,,2003 - 2004,
,,2004 - 2005,
,,2005 - 2006,
,,2006 - 2007,
,,2007 - 2008,
,,2008 - 2009,
,,2009 - 2010,
,,2010 - 2011,
,,2011 - 2012,
,,2012 - 2013,
,,2013 - 2014,
,,2014 - 2015,
,,2015 - 2016,
,,2016 - 2017,
,,2017 - 2018,
,,2018 - 2019,
,,2019 - 2020,
,,2020 - 2021,
,,2021 - 2022,
,,2022 - 2023,
,Tirunelveli,2000 - 2001,
,,2001 - 2002,
,,2002 - 2003,
,,2003 - 2004,
,,2004 - 2005,
,,2005 - 2006,
,,2006 - 2007,
,,2007 - 2008,
,,2008 - 2009,
,,2009 - 2010,
,,2010 - 2011,
,,2011 - 2012,
,,2012 - 2013,
,,2013 - 2014,
,,2014 - 2015,
,,2015 - 2016,
,,2016 - 2017,
,,2017 - 2018,
,,2018 - 2019,
,,2019 - 2020,
,,2020 - 2021,
,,2021 - 2022,
,,2022 - 2023,
,Tirupathur,2020 - 2021,
,,2021 - 2022,
,,2022 - 2023,
,Tiruppur,2008 - 2009,
,,2009 - 2010,
,,2010 - 2011,
,,2011 - 2012,
,,2012 - 2013,
,,2013 - 2014,
,,2014 - 2015,
,,2015 - 2016,
,,2016 - 2017,
,,2017 - 2018,
,,2018 - 2019,
,,2019 - 2020,
,,2020 - 2021,
,,2021 - 2022,
,,2022 - 2023,
,Tiruvannamalai,2000 - 2001,
,,2001 - 2002,
,,2002 - 2003,
,,2003 - 2004,
,,2004 - 2005,
,,2005 - 2006,
,,2006 - 2007,
,,2007 - 2008,
,,2008 - 2009,
,,2009 - 2010,
,,2010 - 2011,
,,2011 - 2012,
,,2012 - 2013,
,,2013 - 2014,
,,2014 - 2015,
,,2015 - 2016,
,,2016 - 2017,
,,2017 - 2018,
,,2018 - 2019,
,,2019 - 2020,
,,2020 - 2021,
,,2021 - 2022,
,,2022 - 2023,
,Vellore,2000 - 2001,
,,2001 - 2002,
,,2002 - 2003,
,,2003 - 2004,
,,2004 - 2005,
,,2005 - 2006,
,,2006 - 2007,
,,2007 - 2008,
,,2008 - 2009,
,,2009 - 2010,
,,2010 - 2011,
,,2011 - 2012,
,,2012 - 2013,
,,2013 - 2014,
,,2014 - 2015,
,,2015 - 2016,
,,2016 - 2017,
,,2017 - 2018,
,,2018 - 2019,
,,2019 - 2020,
,,2020 - 2021,
,,2021 - 2022,
,,2022 - 2023,
,Villupuram,2000 - 2001,
,,2001 - 2002,
,,2002 - 2003,
,,2003 - 2004,
,,2004 - 2005,
,,2005 - 2006,
,,2006 - 2007,
,,2007 - 2008,
,,2008 - 2009,
,,2009 - 2010,
,,2010 - 2011,
,,2011 - 2012,
,,2012 - 2013,
,,2013 - 2014,
,,2014 - 2015,
,,2015 - 2016,
,,2016 - 2017,
,,2017 - 2018,
,,2018 - 2019,
,,2019 - 2020,
,,2020 - 2021,
,,2021 - 2022,
,,2022 - 2023,
,Virudhunagar,2000 - 2001,
,,2001 - 2002,
,,2002 - 2003,
,,2003 - 2004,
,,2004 - 2005,
,,2005 - 2006,
,,2006 - 2007,
,,2007 - 2008,
,,2008 - 2009,
,,2009 - 2010,
,,2010 - 2011,
,,2011 - 2012,
,,2012 - 2013,
,,2013 - 2014,
,,2014 - 2015,
,,2015 - 2016,
,,2016 - 2017,
,,2017 - 2018,
,,2018 - 2019,
,,2019 - 2020,
,,2020 - 2021,
,,2021 - 2022,
,,2022 - 2023,
Telangana,Adilabad,2000 - 2001,
,,2001 - 2002,
,,2002 - 2003,
,,2003 - 2004,
,,2004 - 2005,
,,2005 - 2006,
,,2006 - 2007,
,,2007 - 2008,
,,2008 - 2009,
,,2009 - 2010,
,,2010 - 2011,
,,2011 - 2012,
,,2012 - 2013,
,,2013 - 2014,
,,2014 - 2015,
,,2015 - 2016,
,,2016 - 2017,
,,2017 - 2018,
,,2018 - 2019,
,,2019 - 2020,
,,2020 - 2021,
,,2021 - 2022,
,,2022 - 2023,
,Bhadradri,2016 - 2017,
,,2017 - 2018,
,,2018 - 2019,
,,2019 - 2020,
,,2020 - 2021,
,,2021 - 2022,
,,2022 - 2023,
,Jagitial,2016 - 2017,
,,2017 - 2018,
,,2018 - 2019,
,,2019 - 2020,
,,2020 - 2021,
,,2021 - 2022,
,,2022 - 2023,
,Jangoan,2016 - 2017,
,,2017 - 2018,
,,2018 - 2019,
,,2019 - 2020,
,,2020 - 2021,
,,2021 - 2022,
,,2022 - 2023,
,Jayashankar,2016 - 2017,
,,2017 - 2018,
,,2018 - 2019,
,,2019 - 2020,
,,2020 - 2021,
,,2021 - 2022,
,,2022 - 2023,
,Jogulamba,2016 - 2017,
,,2017 - 2018,
,,2018 - 2019,
,,2019 - 2020,
,,2020 - 2021,
,,2021 - 2022,
,,2022 - 2023,
,Kamareddy,2016 - 2017,
,,2017 - 2018,
,,2018 - 2019,
,,2019 - 2020,
,,2020 - 2021,
,,2021 - 2022,
,,2022 - 2023,
,Karimnagar,2000 - 2001,
,,2001 - 2002,
,,2002 - 2003,
,,2003 - 2004,
,,2004 - 2005,
,,2005 - 2006,
,,2006 - 2007,
,,2007 - 2008,
,,2008 - 2009,
,,2009 - 2010,
,,2010 - 2011,
,,2011 - 2012,
,,2012 - 2013,
,,2013 - 2014,
,,2014 - 2015,
,,2015 - 2016,
,,2016 - 2017,
,,2017 - 2018,
,,2018 - 2019,
,,2019 - 2020,
,,2020 - 2021,
,,2021 - 2022,
,,2022 - 2023,
,Khammam,2000 - 2001,
,,2001 - 2002,
,,2002 - 2003,
,,2003 - 2004,
,,2004 - 2005,
,,2005 - 2006,
,,2006 - 2007,
,,2007 - 2008,
,,2008 - 2009,
,,2009 - 2010,
,,2010 - 2011,
,,2011 - 2012,
,,2012 - 2013,
,,2013 - 2014,
,,2014 - 2015,
,,2015 - 2016,
,,2016 - 2017,
,,2017 - 2018,
,,2018 - 2019,
,,2019 - 2020,
,,2020 - 2021,
,,2021 - 2022,
,,2022 - 2023,
,Komaram bheem asifabad,2016 - 2017,
,,2017 - 2018,
,,2018 - 2019,
,,2019 - 2020,
,,2020 - 2021,
,,2021 - 2022,
,,2022 - 2023,
,Mahabubabad,2016 - 2017,
,,2017 - 2018,
,,2018 - 2019,
,,2019 - 2020,
,,2020 - 2021,
,,2021 - 2022,
,,2022 - 2023,
,Mahbubnagar,2000 - 2001,
,,2001 - 2002,
,,2002 - 2003,
,,2003 - 2004,
,,2004 - 2005,
,,2005 - 2006,
,,2006 - 2007,
,,2007 - 2008,
,,2008 - 2009,
,,2009 - 2010,
,,2010 - 2011,
,,2011 - 2012,
,,2012 - 2013,
,,2013 - 2014,
,,2014 - 2015,
,,2015 - 2016,
,,2016 - 2017,
,,2017 - 2018,
,,2018 - 2019,
,,2019 - 2020,
,,2020 - 2021,
,,2021 - 2022,
,,2022 - 2023,
,Mancherial,2016 - 2017,
,,2017 - 2018,
,,2018 - 2019,
,,2019 - 2020,
,,2020 - 2021,
,,2021 - 2022,
,,2022 - 2023,
,Medak,2000 - 2001,
,,2001 - 2002,
,,2002 - 2003,
,,2003 - 2004,
,,2004 - 2005,
,,2005 - 2006,
,,2006 - 2007,
,,2007 - 2008,
,,2008 - 2009,
,,2009 - 2010,
,,2010 - 2011,
,,2011 - 2012,
,,2012 - 2013,
,,2013 - 2014,
,,2014 - 2015,
,,2015 - 2016,
,,2016 - 2017,
,,2017 - 2018,
,,2018 - 2019,
,,2019 - 2020,
,,2020 - 2021,
,,2021 - 2022,
,,2022 - 2023,
,Medchal,2016 - 2017,
,,2017 - 2018,
,,2019 - 2020,
,,2020 - 2021,
,,2021 - 2022,
,Mulugu,2018 - 2019,
,,2019 - 2020,
,,2020 - 2021,
,,2021 - 2022,
,,2022 - 2023,
,Nagarkurnool,2016 - 2017,
,,2017 - 2018,
,,2018 - 2019,
,,2019 - 2020,
,,2020 - 2021,
,,2021 - 2022,
,,2022 - 2023,
,Nalgonda,2000 - 2001,
,,2001 - 2002,
,,2002 - 2003,
,,2003 - 2004,
,,2004 - 2005,
,,2005 - 2006,
,,2006 - 2007,
,,2007 - 2008,
,,2008 - 2009,
,,2009 - 2010,
,,2010 - 2011,
,,2011 - 2012,
,,2012 - 2013,
,,2013 - 2014,
,,2014 - 2015,
,,2015 - 2016,
,,2016 - 2017,
,,2017 - 2018,
,,2018 - 2019,
,,2019 - 2020,
,,2020 - 2021,
,,2021 - 2022,
,,2022 - 2023,
,Narayanapet,2018 - 2019,
,,2019 - 2020,
,,2020 - 2021,
,,2021 - 2022,
,,2022 - 2023,
,Nirmal,2016 - 2017,
,,2017 - 2018,
,,2018 - 2019,
,,2019 - 2020,
,,2020 - 2021,
,,2021 - 2022,
,,2022 - 2023,
,Nizamabad,2000 - 2001,
,,2001 - 2002,
,,2002 - 2003,
,,2003 - 2004,
,,2004 - 2005,
,,2005 - 2006,
,,2006 - 2007,
,,2007 - 2008,
,,2008 - 2009,
,,2009 - 2010,
,,2010 - 2011,
,,2011 - 2012,
,,2012 - 2013,
,,2013 - 2014,
,,2014 - 2015,
,,2015 - 2016,
,,2016 - 2017,
,,2017 - 2018,
,,2018 - 2019,
,,2019 - 2020,
,,2020 - 2021,
,,2021 - 2022,
,,2022 - 2023,
,Peddapalli,2016 - 2017,
,,2017 - 2018,
,,2018 - 2019,
,,2019 - 2020,
,,2020 - 2021,
,,2021 - 2022,
,,2022 - 2023,
,Rajanna,2016 - 2017,
,,2017 - 2018,
,,2018 - 2019,
,,2019 - 2020,
,,2020 - 2021,
,,2021 - 2022,
,,2022 - 2023,
,Rangareddi,2000 - 2001,
,,2001 - 2002,
,,2002 - 2003,
,,2003 - 2004,
,,2004 - 2005,
,,2005 - 2006,
,,2006 - 2007,
,,2007 - 2008,
,,2008 - 2009,
,,2009 - 2010,
,,2010 - 2011,
,,2011 - 2012,
,,2012 - 2013,
,,2013 - 2014,
,,2014 - 2015,
,,2015 - 2016,
,,2016 - 2017,
,,2017 - 2018,
,,2018 - 2019,
,,2019 - 2020,
,,2020 - 2021,
,,2021 - 2022,
,,2022 - 2023,
,Sangareddy,2016 - 2017,
,,2017 - 2018,
,,2018 - 2019,
,,2019 - 2020,
,,2020 - 2021,
,,2021 - 2022,
,,2022 - 2023,
,Siddipet,2016 - 2017,
,,2017 - 2018,
,,2018 - 2019,
,,2019 - 2020,
,,2020 - 2021,
,,2021 - 2022,
,,2022 - 2023,
,Suryapet,2016 - 2017,
,,2017 - 2018,
,,2018 - 2019,
,,2019 - 2020,
,,2020 - 2021,
,,2021 - 2022,
,,2022 - 2023,
,Vikarabad,2016 - 2017,
,,2017 - 2018,
,,2018 - 2019,
,,2019 - 2020,
,,2020 - 2021,
,,2021 - 2022,
,,2022 - 2023,
,Wanaparthy,2016 - 2017,
,,2017 - 2018,
,,2018 - 2019,
,,2019 - 2020,
,,2020 - 2021,
,,2021 - 2022,
,,2022 - 2023,
,Warangal,2000 - 2001,
,,2001 - 2002,
,,2002 - 2003,
,,2003 - 2004,
,,2004 - 2005,
,,2005 - 2006,
,,2006 - 2007,
,,2007 - 2008,
,,2008 - 2009,
,,2009 - 2010,
,,2010 - 2011,
,,2011 - 2012,
,,2012 - 2013,
,,2013 - 2014,
,,2014 - 2015,
,,2015 - 2016,
,,2016 - 2017,
,,2017 - 2018,
,,2018 - 2019,
,,2019 - 2020,
,,2020 - 2021,
,,2021 - 2022,
,,2022 - 2023,
,Warangal urban,2016 - 2017,
,,2017 - 2018,
,,2018 - 2019,
,,2019 - 2020,
,,2020 - 2021,
,,2021 - 2022,
,,2022 - 2023,
,Yadadri,2016 - 2017,
,,2017 - 2018,
,,2018 - 2019,
,,2019 - 2020,
,,2020 - 2021,
,,2021 - 2022,
,,2022 - 2023,
Tripura,Dhalai,2004 - 2005,
,,2005 - 2006,
,,2006 - 2007,
,,2007 - 2008,
,,2008 - 2009,
,,2009 - 2010,
,,2010 - 2011,
,,2011 - 2012,
,,2012 - 2013,
,,2013 - 2014,
,,2014 - 2015,
,,2015 - 2016,
,,2016 - 2017,
,,2017 - 2018,
,,2018 - 2019,
,,2019 - 2020,
,,2020 - 2021,
,,2021 - 2022,
,,2022 - 2023,
,Gomati,2012 - 2013,
,,2013 - 2014,
,,2014 - 2015,
,,2015 - 2016,
,,2016 - 2017,
,,2017 - 2018,
,,2018 - 2019,
,,2019 - 2020,
,,2020 - 2021,
,,2021 - 2022,
,,2022 - 2023,
,Khowai,2012 - 2013,
,,2013 - 2014,
,,2014 - 2015,
,,2015 - 2016,
,,2016 - 2017,
,,2017 - 2018,
,,2018 - 2019,
,,2019 - 2020,
,,2020 - 2021,
,,2021 - 2022,
,,2022 - 2023,
,North tripura,2004 - 2005,
,,2005 - 2006,
,,2006 - 2007,
,,2007 - 2008,
,,2008 - 2009,
,,2009 - 2010,
,,2010 - 2011,
,,2011 - 2012,
,,2012 - 2013,
,,2013 - 2014,
,,2014 - 2015,
,,2015 - 2016,
,,2016 - 2017,
,,2017 - 2018,
,,2018 - 2019,
,,2019 - 2020,
,,2020 - 2021,
,,2021 - 2022,
,,2022 - 2023,
,Sepahijala,2012 - 2013,
,,2013 - 2014,
,,2014 - 2015,
,,2015 - 2016,
,,2016 - 2017,
,,2017 - 2018,
,,2018 - 2019,
,,2019 - 2020,
,,2020 - 2021,
,,2021 - 2022,
,,2022 - 2023,
,South tripura,2004 - 2005,
,,2005 - 2006,
,,2006 - 2007,
,,2007 - 2008,
,,2008 - 2009,
,,2009 - 2010,
,,2010 - 2011,
,,2011 - 2012,
,,2012 - 2013,
,,2013 - 2014,
,,2014 - 2015,
,,2015 - 2016,
,,2016 - 2017,
,,2017 - 2018,
,,2018 - 2019,
,,2019 - 2020,
,,2020 - 2021,
,,2021 - 2022,
,,2022 - 2023,
,Unakoti,2012 - 2013,
,,2013 - 2014,
,,2014 - 2015,
,,2015 - 2016,
,,2016 - 2017,
,,2017 - 2018,
,,2018 - 2019,
,,2019 - 2020,
,,2020 - 2021,
,,2021 - 2022,
,,2022 - 2023,
,West tripura,2004 - 2005,
,,2005 - 2006,
,,2006 - 2007,
,,2007 - 2008,
,,2008 - 2009,
,,2009 - 2010,
,,2010 - 2011,
,,2011 - 2012,
,,2012 - 2013,
,,2013 - 2014,
,,2014 - 2015,
,,2015 - 2016,
,,2016 - 2017,
,,2017 - 2018,
,,2018 - 2019,
,,2019 - 2020,
,,2020 - 2021,
,,2021 - 2022,
,,2022 - 2023,
Uttar Pradesh,Agra,2000 - 2001,
,,2001 - 2002,
,,2002 - 2003,0.47
,,2003 - 2004,0.4
,,2007 - 2008,0.75
,,2008 - 2009,0.57
,,2009 - 2010,0.88
,,2010 - 2011,0.69
,,2011 - 2012,0.68
,,2012 - 2013,0.89
,,2013 - 2014,0.59
,,2014 - 2015,0.71
,,2015 - 2016,0.7
,,2016 - 2017,0.46
,,2017 - 2018,0.95
,,2018 - 2019,0.72
,,2019 - 2020,1.27
,,2020 - 2021,1.17
,,2021 - 2022,0.88
,,2022 - 2023,0.63
,Aligarh,2000 - 2001,
,,2001 - 2002,
,,2002 - 2003,0.39
,,2003 - 2004,0.38
,,2007 - 2008,0.33
,,2008 - 2009,0.31
,,2009 - 2010,0.4
,,2010 - 2011,0.75
,,2011 - 2012,0.91
,,2012 - 2013,0.65
,,2013 - 2014,0.44
,,2014 - 2015,0.49
,,2015 - 2016,0.42
,,2016 - 2017,0.37
,,2017 - 2018,0.54
,,2018 - 2019,0.65
,,2019 - 2020,0.62
,,2020 - 2021,0.78
,,2021 - 2022,0.73
,,2022 - 2023,0.73
,Allahabad,2000 - 2001,
,,2001 - 2002,
,,2003 - 2004,0.42
,,2007 - 2008,0.45
,,2008 - 2009,0.82
,,2009 - 2010,0.58
,,2010 - 2011,1.04
,,2011 - 2012,1.04
,,2012 - 2013,0.98
,,2013 - 2014,0.56
,,2014 - 2015,0.41
,,2015 - 2016,0.42
,,2016 - 2017,0.69
,,2017 - 2018,0.49
,,2018 - 2019,1.17
,,2019 - 2020,0.49
,,2020 - 2021,0.57
,,2021 - 2022,0.71
,,2022 - 2023,0.77
,Ambedkar nagar,2000 - 2001,
,,2001 - 2002,
,,2002 - 2003,0.58
,,2003 - 2004,0.6
,,2007 - 2008,0.51
,,2008 - 2009,0.57
,,2009 - 2010,0.83
,,2010 - 2011,0.46
,,2011 - 2012,0.49
,,2012 - 2013,0.68
,,2013 - 2014,0.41
,,2014 - 2015,0.47
,,2015 - 2016,0.49
,,2016 - 2017,0.65
,,2017 - 2018,0.4
,,2018 - 2019,0.61
,,2019 - 2020,0.37
,,2020 - 2021,0.25
,,2021 - 2022,0.24
,,2022 - 2023,0.22
,Amethi,2010 - 2011,
,,2011 - 2012,
,,2012 - 2013,0.68
,,2013 - 2014,0.41
,,2014 - 2015,0.47
,,2015 - 2016,0.49
,,2016 - 2017,0.65
,,2017 - 2018,0.4
,,2018 - 2019,0.44
,,2019 - 2020,0.37
,,2020 - 2021,0.33
,,2021 - 2022,0.27
,,2022 - 2023,0.59
,Amroha,2000 - 2001,
,,2001 - 2002,
,,2002 - 2003,0.5
,,2003 - 2004,0.5
,,2007 - 2008,
,,2008 - 2009,
,,2009 - 2010,
,,2010 - 2011,
,,2011 - 2012,
,,2012 - 2013,
,,2013 - 2014,
,,2014 - 2015,1.0
,,2015 - 2016,
,,2016 - 2017,
,,2017 - 2018,
,,2018 - 2019,
,,2019 - 2020,
,,2020 - 2021,
,,2022 - 2023,
,Auraiya,2000 - 2001,
,,2001 - 2002,
,,2002 - 2003,0.52
,,2003 - 2004,0.59
,,2007 - 2008,0.67
,,2008 - 2009,0.8
,,2009 - 2010,0.85
,,2010 - 2011,1.03
,,2011 - 2012,0.68
,,2012 - 2013,0.83
,,2013 - 2014,0.74
,,2014 - 2015,0.82
,,2015 - 2016,0.81
,,2016 - 2017,0.83
,,2017 - 2018,0.83
,,2018 - 2019,1.17
,,2019 - 2020,0.83
,,2020 - 2021,1.01
,,2021 - 2022,1.23
,,2022 - 2023,1.32
,Azamgarh,2000 - 2001,
,,2001 - 2002,
,,2002 - 2003,0.58
,,2003 - 2004,0.6
,,2007 - 2008,0.63
,,2008 - 2009,0.75
,,2009 - 2010,0.73
,,2010 - 2011,0.9
,,2011 - 2012,0.85
,,2012 - 2013,0.81
,,2013 - 2014,0.68
,,2014 - 2015,0.67
,,2015 - 2016,0.64
,,2016 - 2017,0.7
,,2017 - 2018,0.67
,,2018 - 2019,0.82
,,2019 - 2020,0.89
,,2020 - 2021,0.98
,,2021 - 2022,0.86
,,2022 - 2023,0.84
,Baghpat,2000 - 2001,
,,2001 - 2002,
,,2002 - 2003,0.54
,,2003 - 2004,0.55
,,2007 - 2008,0.69
,,2008 - 2009,0.69
,,2009 - 2010,0.8
,,2010 - 2011,1.07
,,2011 - 2012,0.78
,,2012 - 2013,0.69
,,2013 - 2014,0.6
,,2014 - 2015,0.77
,,2015 - 2016,0.74
,,2016 - 2017,0.6
,,2017 - 2018,0.79
,,2018 - 2019,0.73
,,2019 - 2020,0.63
,,2020 - 2021,0.88
,,2021 - 2022,0.94
,,2022 - 2023,0.93
,Bahraich,2000 - 2001,
,,2001 - 2002,
,,2002 - 2003,0.58
,,2003 - 2004,0.55
,,2007 - 2008,0.64
,,2008 - 2009,0.76
,,2010 - 2011,0.67
,,2011 - 2012,0.84
,,2012 - 2013,0.81
,,2013 - 2014,0.67
,,2014 - 2015,0.67
,,2015 - 2016,0.64
,,2016 - 2017,0.69
,,2018 - 2019,0.83
,,2020 - 2021,0.95
,,2021 - 2022,0.86
,,2022 - 2023,
,Ballia,2000 - 2001,
,,2001 - 2002,
,,2002 - 2003,0.58
,,2003 - 2004,0.61
,,2007 - 2008,0.63
,,2008 - 2009,0.75
,,2009 - 2010,0.72
,,2010 - 2011,0.89
,,2011 - 2012,0.84
,,2012 - 2013,0.81
,,2013 - 2014,0.67
,,2014 - 2015,0.67
,,2015 - 2016,0.63
,,2016 - 2017,0.71
,,2017 - 2018,0.65
,,2018 - 2019,0.83
,,2019 - 2020,
,,2020 - 2021,0.97
,,2021 - 2022,0.85
,,2022 - 2023,0.86
,Balrampur,2000 - 2001,
,,2001 - 2002,
,,2002 - 2003,0.0
,,2003 - 2004,0.5
,,2009 - 2010,0.73
,,2010 - 2011,
,,2011 - 2012,
,,2018 - 2019,
,,2019 - 2020,
,Banda,2000 - 2001,
,,2001 - 2002,
,,2002 - 2003,1.0
,,2003 - 2004,
,,2007 - 2008,0.67
,,2008 - 2009,0.73
,,2009 - 2010,0.69
,,2010 - 2011,0.89
,,2011 - 2012,0.86
,,2012 - 2013,0.83
,,2013 - 2014,0.67
,,2014 - 2015,0.67
,,2015 - 2016,0.63
,,2016 - 2017,0.7
,,2017 - 2018,0.71
,,2018 - 2019,0.85
,,2019 - 2020,0.89
,,2020 - 2021,0.97
,,2021 - 2022,0.86
,,2022 - 2023,0.86
,Barabanki,2000 - 2001,
,,2001 - 2002,
,,2002 - 2003,0.59
,,2003 - 2004,0.61
,,2007 - 2008,0.51
,,2008 - 2009,0.58
,,2009 - 2010,0.83
,,2010 - 2011,0.44
,,2011 - 2012,0.5
,,2012 - 2013,0.67
,,2013 - 2014,0.4
,,2014 - 2015,0.5
,,2015 - 2016,0.5
,,2016 - 2017,0.65
,,2017 - 2018,0.42
,,2018 - 2019,0.4
,,2019 - 2020,0.38
,,2020 - 2021,0.35
,,2021 - 2022,0.28
,,2022 - 2023,0.6
,Bareilly,2000 - 2001,
,,2001 - 2002,
,,2002 - 2003,0.75
,,2003 - 2004,
,,2007 - 2008,0.65
,,2008 - 2009,0.67
,,2009 - 2010,
,,2011 - 2012,
,,2012 - 2013,
,,2013 - 2014,
,,2014 - 2015,
,,2015 - 2016,0.64
,,2017 - 2018,
,,2018 - 2019,
,,2019 - 2020,
,,2020 - 2021,
,,2021 - 2022,1.0
,,2022 - 2023,
,Basti,2000 - 2001,
,,2001 - 2002,
,,2002 - 2003,0.58
,,2003 - 2004,0.54
,,2007 - 2008,0.64
,,2008 - 2009,0.74
,,2009 - 2010,0.73
,,2010 - 2011,0.9
,,2011 - 2012,0.85
,,2012 - 2013,0.81
,,2013 - 2014,0.67
,,2014 - 2015,0.67
,,2015 - 2016,0.64
,,2016 - 2017,0.7
,,2017 - 2018,0.68
,,2018 - 2019,0.83
,,2019 - 2020,0.89
,,2020 - 2021,0.97
,,2021 - 2022,0.85
,,2022 - 2023,0.86
,Bijnor,2000 - 2001,
,,2001 - 2002,
,,2002 - 2003,
,,2003 - 2004,0.5
,,2007 - 2008,0.67
,,2008 - 2009,0.73
,,2009 - 2010,0.71
,,2010 - 2011,0.9
,,2011 - 2012,0.87
,,2012 - 2013,0.8
,,2013 - 2014,0.67
,,2014 - 2015,0.69
,,2015 - 2016,0.67
,,2016 - 2017,0.75
,,2017 - 2018,0.67
,,2018 - 2019,0.88
,,2019 - 2020,0.83
,,2020 - 2021,0.94
,,2021 - 2022,0.88
,Budaun,2000 - 2001,
,,2001 - 2002,
,,2002 - 2003,0.57
,,2003 - 2004,0.52
,,2007 - 2008,0.63
,,2008 - 2009,0.75
,,2009 - 2010,0.71
,,2010 - 2011,0.89
,,2011 - 2012,0.84
,,2012 - 2013,0.81
,,2013 - 2014,0.75
,,2014 - 2015,0.67
,,2015 - 2016,0.65
,,2016 - 2017,0.71
,,2017 - 2018,0.71
,,2018 - 2019,0.86
,,2019 - 2020,
,,2020 - 2021,1.0
,,2021 - 2022,
,,2022 - 2023,
,Bulandshahr,2000 - 2001,
,,2001 - 2002,
,,2002 - 2003,0.54
,,2003 - 2004,0.55
,,2007 - 2008,0.69
,,2008 - 2009,0.69
,,2009 - 2010,0.8
,,2010 - 2011,0.79
,,2011 - 2012,0.79
,,2012 - 2013,0.69
,,2013 - 2014,0.6
,,2014 - 2015,0.77
,,2015 - 2016,0.74
,,2016 - 2017,0.6
,,2017 - 2018,0.81
,,2018 - 2019,0.79
,,2019 - 2020,0.63
,,2020 - 2021,0.87
,,2021 - 2022,0.94
,,2022 - 2023,0.93
,Chandauli,2000 - 2001,
,,2001 - 2002,
,,2002 - 2003,0.6
,,2003 - 2004,0.6
,,2007 - 2008,0.54
,,2008 - 2009,0.82
,,2009 - 2010,1.0
,,2010 - 2011,1.0
,,2011 - 2012,0.78
,,2012 - 2013,0.93
,,2013 - 2014,0.81
,,2014 - 2015,0.6
,,2015 - 2016,0.73
,,2016 - 2017,0.82
,,2017 - 2018,0.72
,,2018 - 2019,0.84
,,2019 - 2020,1.32
,,2020 - 2021,1.31
,,2021 - 2022,0.94
,,2022 - 2023,
,Chitrakoot,2000 - 2001,
,,2001 - 2002,
,,2002 - 2003,0.0
,,2003 - 2004,1.0
,,2007 - 2008,
,,2008 - 2009,
,,2009 - 2010,
,,2010 - 2011,
,,2011 - 2012,
,,2012 - 2013,
,,2013 - 2014,
,,2014 - 2015,
,,2015 - 2016,
,,2016 - 2017,
,,2017 - 2018,
,,2018 - 2019,
,,2019 - 2020,
,,2020 - 2021,
,,2021 - 2022,
,,2022 - 2023,
,Deoria,2000 - 2001,
,,2002 - 2003,0.58
,,2003 - 2004,0.53
,,2007 - 2008,0.63
,,2008 - 2009,0.75
,,2009 - 2010,0.72
,,2010 - 2011,0.89
,,2011 - 2012,0.84
,,2012 - 2013,0.81
,,2013 - 2014,0.67
,,2014 - 2015,0.67
,,2015 - 2016,0.63
,,2016 - 2017,0.7
,,2017 - 2018,0.67
,,2018 - 2019,0.83
,,2019 - 2020,0.88
,,2020 - 2021,0.96
,,2021 - 2022,0.86
,,2022 - 2023,0.86
,Etah,2000 - 2001,
,,2001 - 2002,
,,2002 - 2003,0.66
,,2003 - 2004,0.59
,,2007 - 2008,1.01
,,2008 - 2009,0.76
,,2009 - 2010,0.72
,,2010 - 2011,0.79
,,2011 - 2012,0.85
,,2012 - 2013,0.85
,,2013 - 2014,0.94
,,2014 - 2015,0.82
,,2015 - 2016,0.48
,,2016 - 2017,0.55
,,2017 - 2018,0.62
,,2018 - 2019,0.83
,,2019 - 2020,1.26
,,2020 - 2021,1.08
,,2021 - 2022,1.04
,,2022 - 2023,1.32
,Etawah,2000 - 2001,
,,2001 - 2002,
,,2002 - 2003,0.52
,,2003 - 2004,0.75
,,2007 - 2008,0.56
,,2008 - 2009,1.21
,,2009 - 2010,0.85
,,2010 - 2011,0.86
,,2011 - 2012,0.8
,,2012 - 2013,0.52
,,2013 - 2014,0.74
,,2014 - 2015,0.77
,,2015 - 2016,0.81
,,2016 - 2017,1.05
,,2017 - 2018,0.91
,,2018 - 2019,0.95
,,2019 - 2020,1.12
,,2020 - 2021,1.73
,,2021 - 2022,0.95
,,2022 - 2023,1.02
,Faizabad,2000 - 2001,
,,2001 - 2002,
,,2002 - 2003,0.58
,,2003 - 2004,0.6
,,2007 - 2008,0.51
,,2008 - 2009,0.57
,,2009 - 2010,0.83
,,2010 - 2011,0.46
,,2011 - 2012,0.5
,,2012 - 2013,0.68
,,2013 - 2014,0.41
,,2014 - 2015,0.47
,,2015 - 2016,0.49
,,2016 - 2017,0.65
,,2017 - 2018,0.4
,,2018 - 2019,0.34
,,2019 - 2020,0.37
,,2020 - 2021,0.23
,,2021 - 2022,0.16
,,2022 - 2023,0.27
,Farrukhabad,2000 - 2001,
,,2001 - 2002,
,,2002 - 2003,0.52
,,2003 - 2004,0.59
,,2007 - 2008,0.67
,,2008 - 2009,0.79
,,2009 - 2010,0.85
,,2010 - 2011,1.03
,,2011 - 2012,0.68
,,2012 - 2013,0.83
,,2013 - 2014,0.74
,,2014 - 2015,0.82
,,2015 - 2016,0.81
,,2016 - 2017,0.83
,,2017 - 2018,0.83
,,2018 - 2019,0.68
,,2019 - 2020,0.83
,,2020 - 2021,0.98
,,2021 - 2022,0.66
,,2022 - 2023,0.96
,Fatehpur,2000 - 2001,
,,2001 - 2002,
,,2002 - 2003,0.58
,,2003 - 2004,0.26
,,2007 - 2008,0.45
,,2008 - 2009,0.79
,,2009 - 2010,0.7
,,2010 - 2011,0.93
,,2011 - 2012,1.04
,,2012 - 2013,0.95
,,2013 - 2014,0.56
,,2014 - 2015,0.5
,,2015 - 2016,0.61
,,2016 - 2017,0.72
,,2017 - 2018,0.59
,,2018 - 2019,0.73
,,2019 - 2020,0.82
,,2020 - 2021,0.84
,,2021 - 2022,0.8
,,2022 - 2023,0.7
,Firozabad,2000 - 2001,
,,2001 - 2002,
,,2002 - 2003,0.36
,,2003 - 2004,0.4
,,2007 - 2008,0.75
,,2008 - 2009,0.57
,,2009 - 2010,0.88
,,2010 - 2011,0.68
,,2011 - 2012,0.68
,,2012 - 2013,0.89
,,2013 - 2014,0.59
,,2014 - 2015,0.71
,,2015 - 2016,0.7
,,2016 - 2017,0.46
,,2017 - 2018,0.95
,,2018 - 2019,0.99
,,2019 - 2020,1.27
,,2020 - 2021,0.73
,,2021 - 2022,0.79
,,2022 - 2023,0.52
,Gautam buddha nagar,2000 - 2001,
,,2001 - 2002,
,,2002 - 2003,0.54
,,2003 - 2004,0.54
,,2007 - 2008,0.69
,,2008 - 2009,0.69
,,2009 - 2010,0.79
,,2010 - 2011,1.06
,,2011 - 2012,0.79
,,2012 - 2013,0.69
,,2013 - 2014,0.6
,,2014 - 2015,0.77
,,2015 - 2016,0.74
,,2016 - 2017,0.6
,,2017 - 2018,0.81
,,2018 - 2019,0.57
,,2019 - 2020,
,,2020 - 2021,0.92
,,2021 - 2022,0.94
,,2022 - 2023,0.92
,Ghaziabad,2000 - 2001,
,,2001 - 2002,
,,2002 - 2003,0.54
,,2003 - 2004,0.55
,,2007 - 2008,0.69
,,2008 - 2009,0.68
,,2009 - 2010,0.8
,,2010 - 2011,1.06
,,2011 - 2012,0.79
,,2012 - 2013,0.63
,,2013 - 2014,0.64
,,2014 - 2015,0.8
,,2015 - 2016,0.7
,,2016 - 2017,
,,2017 - 2018,
,,2018 - 2019,0.71
,,2019 - 2020,
,,2020 - 2021,0.86
,,2021 - 2022,0.93
,,2022 - 2023,
,Ghazipur,2000 - 2001,
,,2001 - 2002,
,,2002 - 2003,0.59
,,2003 - 2004,0.6
,,2007 - 2008,0.54
,,2008 - 2009,0.83
,,2009 - 2010,0.99
,,2010 - 2011,1.01
,,2011 - 2012,0.78
,,2012 - 2013,0.93
,,2013 - 2014,0.81
,,2014 - 2015,0.6
,,2015 - 2016,0.73
,,2016 - 2017,0.81
,,2017 - 2018,0.71
,,2018 - 2019,0.97
,,2019 - 2020,1.32
,,2020 - 2021,0.83
,,2021 - 2022,0.83
,,2022 - 2023,0.88
,Gonda,2000 - 2001,
,,2001 - 2002,
,,2002 - 2003,0.59
,,2003 - 2004,0.51
,,2007 - 2008,0.64
,,2008 - 2009,0.75
,,2009 - 2010,0.7
,,2010 - 2011,0.9
,,2011 - 2012,0.85
,,2012 - 2013,0.81
,,2013 - 2014,0.67
,,2014 - 2015,0.67
,,2015 - 2016,0.64
,,2016 - 2017,0.71
,,2017 - 2018,0.67
,,2018 - 2019,0.83
,,2019 - 2020,0.88
,,2020 - 2021,0.97
,,2021 - 2022,0.85
,,2022 - 2023,0.88
,Gorakhpur,2000 - 2001,
,,2001 - 2002,
,,2002 - 2003,0.59
,,2003 - 2004,0.52
,,2007 - 2008,0.62
,,2008 - 2009,0.75
,,2009 - 2010,0.71
,,2010 - 2011,0.89
,,2011 - 2012,0.85
,,2012 - 2013,0.83
,,2013 - 2014,0.67
,,2014 - 2015,0.67
,,2015 - 2016,0.64
,,2016 - 2017,0.7
,,2017 - 2018,0.67
,,2018 - 2019,0.83
,,2019 - 2020,0.89
,,2020 - 2021,0.97
,,2021 - 2022,0.85
,,2022 - 2023,0.82
,Hamirpur,2000 - 2001,
,,2001 - 2002,
,,2002 - 2003,0.5
,,2003 - 2004,0.5
,,2007 - 2008,
,,2008 - 2009,1.0
,,2009 - 2010,0.75
,,2010 - 2011,0.9
,,2011 - 2012,0.83
,,2012 - 2013,0.81
,,2013 - 2014,0.71
,,2014 - 2015,0.67
,,2015 - 2016,0.64
,,2016 - 2017,0.72
,,2017 - 2018,0.67
,,2018 - 2019,0.81
,,2019 - 2020,0.88
,,2020 - 2021,0.96
,,2021 - 2022,0.86
,,2022 - 2023,0.86
,Hapur,2012 - 2013,0.69
,,2013 - 2014,0.6
,,2014 - 2015,0.77
,,2015 - 2016,0.74
,,2016 - 2017,0.6
,,2017 - 2018,0.8
,,2018 - 2019,0.72
,,2019 - 2020,0.63
,,2020 - 2021,0.88
,,2021 - 2022,0.94
,,2022 - 2023,0.93
,Hardoi,2000 - 2001,
,,2001 - 2002,
,,2002 - 2003,0.58
,,2003 - 2004,0.61
,,2007 - 2008,0.54
,,2008 - 2009,0.56
,,2009 - 2010,0.52
,,2010 - 2011,0.46
,,2011 - 2012,0.52
,,2012 - 2013,0.32
,,2013 - 2014,0.52
,,2014 - 2015,0.49
,,2015 - 2016,0.27
,,2016 - 2017,0.48
,,2017 - 2018,0.47
,,2018 - 2019,1.2
,,2019 - 2020,0.8
,,2020 - 2021,0.55
,,2021 - 2022,1.05
,,2022 - 2023,0.89
,Hathras,2000 - 2001,
,,2001 - 2002,
,,2002 - 2003,0.24
,,2003 - 2004,0.74
,,2007 - 2008,0.46
,,2008 - 2009,0.57
,,2009 - 2010,0.58
,,2010 - 2011,0.87
,,2011 - 2012,0.91
,,2012 - 2013,0.88
,,2013 - 2014,0.55
,,2014 - 2015,0.56
,,2015 - 2016,0.37
,,2016 - 2017,0.5
,,2017 - 2018,0.53
,,2018 - 2019,0.59
,,2019 - 2020,0.81
,,2020 - 2021,0.63
,,2021 - 2022,0.85
,,2022 - 2023,0.73
,Jalaun,2000 - 2001,
,,2001 - 2002,
,,2002 - 2003,0.54
,,2003 - 2004,1.0
,,2007 - 2008,
,,2008 - 2009,0.78
,,2009 - 2010,0.72
,,2010 - 2011,0.89
,,2011 - 2012,0.84
,,2012 - 2013,0.82
,,2013 - 2014,0.67
,,2014 - 2015,0.67
,,2015 - 2016,0.63
,,2016 - 2017,0.71
,,2017 - 2018,0.67
,,2018 - 2019,0.83
,,2019 - 2020,0.89
,,2020 - 2021,0.97
,,2021 - 2022,0.85
,,2022 - 2023,0.86
,Jaunpur,2000 - 2001,
,,2001 - 2002,
,,2002 - 2003,0.58
,,2003 - 2004,0.6
,,2007 - 2008,0.54
,,2008 - 2009,0.83
,,2009 - 2010,0.99
,,2010 - 2011,1.01
,,2011 - 2012,0.79
,,2012 - 2013,0.93
,,2013 - 2014,0.81
,,2014 - 2015,0.6
,,2015 - 2016,0.73
,,2016 - 2017,0.82
,,2017 - 2018,0.71
,,2018 - 2019,0.81
,,2019 - 2020,1.32
,,2020 - 2021,1.49
,,2021 - 2022,0.96
,,2022 - 2023,0.88
,Jhansi,2000 - 2001,
,,2001 - 2002,
,,2002 - 2003,0.58
,,2003 - 2004,0.6
,,2007 - 2008,0.57
,,2008 - 2009,0.75
,,2009 - 2010,0.72
,,2010 - 2011,0.89
,,2011 - 2012,0.85
,,2012 - 2013,0.82
,,2013 - 2014,0.66
,,2014 - 2015,0.68
,,2015 - 2016,0.63
,,2016 - 2017,0.7
,,2017 - 2018,
,,2018 - 2019,0.84
,,2019 - 2020,0.88
,,2020 - 2021,0.96
,,2021 - 2022,0.85
,,2022 - 2023,0.86
,Kannauj,2000 - 2001,
,,2001 - 2002,
,,2002 - 2003,0.89
,,2003 - 2004,0.59
,,2007 - 2008,0.67
,,2008 - 2009,0.79
,,2009 - 2010,0.85
,,2010 - 2011,0.8
,,2011 - 2012,0.56
,,2012 - 2013,0.59
,,2013 - 2014,0.6
,,2014 - 2015,0.54
,,2015 - 2016,0.72
,,2016 - 2017,1.17
,,2017 - 2018,0.46
,,2018 - 2019,0.49
,,2019 - 2020,1.0
,,2020 - 2021,0.64
,,2021 - 2022,1.0
,,2022 - 2023,0.83
,Kanpur dehat,2003 - 2004,0.59
,,2007 - 2008,0.67
,,2008 - 2009,0.79
,,2009 - 2010,0.85
,,2010 - 2011,1.03
,,2011 - 2012,0.68
,,2012 - 2013,0.83
,,2013 - 2014,0.74
,,2014 - 2015,0.83
,,2015 - 2016,0.81
,,2016 - 2017,0.83
,,2017 - 2018,0.83
,,2018 - 2019,0.96
,,2019 - 2020,0.83
,,2020 - 2021,1.32
,,2021 - 2022,1.05
,,2022 - 2023,1.25
,Kanpur nagar,2000 - 2001,
,,2001 - 2002,
,,2002 - 2003,0.52
,,2003 - 2004,0.59
,,2007 - 2008,0.67
,,2008 - 2009,0.8
,,2009 - 2010,0.85
,,2010 - 2011,1.03
,,2011 - 2012,0.68
,,2012 - 2013,0.83
,,2013 - 2014,0.74
,,2014 - 2015,0.82
,,2015 - 2016,0.81
,,2016 - 2017,0.83
,,2017 - 2018,0.83
,,2018 - 2019,0.8
,,2019 - 2020,0.83
,,2020 - 2021,0.78
,,2021 - 2022,1.0
,,2022 - 2023,0.93
,Kasganj,2009 - 2010,0.58
,,2010 - 2011,0.79
,,2011 - 2012,0.91
,,2012 - 2013,0.77
,,2013 - 2014,0.64
,,2014 - 2015,0.63
,,2015 - 2016,0.43
,,2016 - 2017,0.46
,,2017 - 2018,0.57
,,2018 - 2019,0.69
,,2019 - 2020,0.84
,,2020 - 2021,0.84
,,2021 - 2022,0.85
,,2022 - 2023,0.73
,Kaushambi,2000 - 2001,
,,2001 - 2002,
,,2002 - 2003,0.58
,,2003 - 2004,0.26
,,2007 - 2008,0.45
,,2008 - 2009,0.79
,,2009 - 2010,0.7
,,2010 - 2011,0.93
,,2011 - 2012,1.04
,,2012 - 2013,0.95
,,2013 - 2014,0.56
,,2014 - 2015,0.5
,,2015 - 2016,0.61
,,2016 - 2017,0.72
,,2017 - 2018,0.58
,,2018 - 2019,0.93
,,2019 - 2020,0.82
,,2020 - 2021,0.72
,,2021 - 2022,0.77
,,2022 - 2023,0.74
,Kheri,2000 - 2001,
,,2001 - 2002,
,,2002 - 2003,0.58
,,2003 - 2004,0.6
,,2007 - 2008,0.55
,,2008 - 2009,0.56
,,2009 - 2010,0.53
,,2010 - 2011,0.46
,,2011 - 2012,0.52
,,2012 - 2013,0.32
,,2013 - 2014,0.53
,,2014 - 2015,0.5
,,2015 - 2016,0.27
,,2016 - 2017,0.48
,,2017 - 2018,0.47
,,2018 - 2019,1.1
,,2019 - 2020,0.8
,,2020 - 2021,0.55
,,2021 - 2022,0.9
,,2022 - 2023,0.64
,Kushi nagar,2000 - 2001,
,,2001 - 2002,
,,2002 - 2003,0.58
,,2003 - 2004,0.53
,,2007 - 2008,0.64
,,2008 - 2009,0.75
,,2009 - 2010,0.72
,,2010 - 2011,0.89
,,2011 - 2012,0.84
,,2012 - 2013,0.81
,,2013 - 2014,0.67
,,2014 - 2015,0.67
,,2015 - 2016,0.63
,,2016 - 2017,0.71
,,2017 - 2018,0.67
,,2018 - 2019,0.83
,,2019 - 2020,0.89
,,2020 - 2021,0.97
,,2021 - 2022,0.86
,,2022 - 2023,0.86
,Lalitpur,2000 - 2001,
,,2001 - 2002,
,,2002 - 2003,0.58
,,2003 - 2004,0.61
,,2007 - 2008,0.54
,,2008 - 2009,0.71
,,2009 - 2010,0.72
,,2010 - 2011,0.89
,,2011 - 2012,0.84
,,2012 - 2013,0.81
,,2013 - 2014,0.67
,,2014 - 2015,0.67
,,2015 - 2016,0.64
,,2016 - 2017,0.71
,,2017 - 2018,0.68
,,2018 - 2019,0.83
,,2019 - 2020,0.88
,,2020 - 2021,0.97
,,2021 - 2022,0.85
,,2022 - 2023,0.87
,Lucknow,2000 - 2001,
,,2001 - 2002,
,,2002 - 2003,0.59
,,2003 - 2004,0.6
,,2007 - 2008,0.55
,,2008 - 2009,0.56
,,2009 - 2010,0.52
,,2010 - 2011,0.45
,,2011 - 2012,0.5
,,2012 - 2013,0.3
,,2013 - 2014,0.52
,,2014 - 2015,0.5
,,2015 - 2016,0.26
,,2016 - 2017,0.48
,,2017 - 2018,0.47
,,2018 - 2019,1.09
,,2019 - 2020,0.79
,,2020 - 2021,0.54
,,2021 - 2022,0.89
,,2022 - 2023,0.65
,Maharajganj,2000 - 2001,
,,2001 - 2002,
,,2002 - 2003,0.58
,,2003 - 2004,0.54
,,2007 - 2008,0.64
,,2008 - 2009,0.74
,,2009 - 2010,0.72
,,2010 - 2011,0.9
,,2011 - 2012,0.83
,,2012 - 2013,0.81
,,2013 - 2014,0.68
,,2014 - 2015,0.68
,,2015 - 2016,0.64
,,2016 - 2017,0.7
,,2017 - 2018,0.68
,,2018 - 2019,0.84
,,2019 - 2020,0.88
,,2020 - 2021,0.97
,,2021 - 2022,0.85
,,2022 - 2023,0.86
,Mahoba,2000 - 2001,
,,2001 - 2002,
,,2002 - 2003,
,,2003 - 2004,0.5
,,2007 - 2008,
,,2008 - 2009,
,,2009 - 2010,
,,2010 - 2011,
,,2011 - 2012,
,,2012 - 2013,
,,2013 - 2014,
,,2014 - 2015,
,,2015 - 2016,
,,2016 - 2017,
,,2017 - 2018,
,,2018 - 2019,
,,2019 - 2020,
,,2020 - 2021,
,,2021 - 2022,
,,2022 - 2023,
,Mainpuri,2000 - 2001,
,,2001 - 2002,
,,2002 - 2003,0.71
,,2003 - 2004,0.71
,,2007 - 2008,0.87
,,2008 - 2009,0.95
,,2009 - 2010,0.69
,,2010 - 2011,1.35
,,2011 - 2012,1.2
,,2012 - 2013,1.12
,,2013 - 2014,0.74
,,2014 - 2015,1.02
,,2015 - 2016,0.86
,,2016 - 2017,0.94
,,2017 - 2018,1.0
,,2018 - 2019,0.75
,,2019 - 2020,1.47
,,2020 - 2021,1.59
,,2021 - 2022,0.88
,,2022 - 2023,1.35
,Mathura,2000 - 2001,
,,2001 - 2002,
,,2002 - 2003,0.48
,,2003 - 2004,0.4
,,2007 - 2008,0.75
,,2008 - 2009,0.57
,,2009 - 2010,0.88
,,2010 - 2011,0.68
,,2011 - 2012,0.68
,,2012 - 2013,0.9
,,2013 - 2014,0.84
,,2014 - 2015,0.71
,,2015 - 2016,0.75
,,2016 - 2017,0.29
,,2017 - 2018,0.48
,,2018 - 2019,0.42
,,2019 - 2020,0.89
,,2020 - 2021,0.78
,,2021 - 2022,0.93
,,2022 - 2023,0.65
,Mau,2000 - 2001,
,,2001 - 2002,
,,2002 - 2003,0.58
,,2003 - 2004,0.6
,,2007 - 2008,0.64
,,2008 - 2009,0.75
,,2009 - 2010,0.71
,,2010 - 2011,0.89
,,2011 - 2012,0.84
,,2012 - 2013,0.82
,,2013 - 2014,0.67
,,2014 - 2015,0.67
,,2015 - 2016,0.63
,,2016 - 2017,0.69
,,2017 - 2018,0.67
,,2018 - 2019,0.83
,,2019 - 2020,0.88
,,2020 - 2021,0.97
,,2021 - 2022,0.86
,,2022 - 2023,0.86
,Meerut,2000 - 2001,
,,2001 - 2002,
,,2002 - 2003,0.54
,,2003 - 2004,0.54
,,2007 - 2008,0.69
,,2008 - 2009,0.68
,,2009 - 2010,0.8
,,2010 - 2011,1.06
,,2011 - 2012,0.78
,,2012 - 2013,0.69
,,2013 - 2014,0.6
,,2014 - 2015,0.77
,,2015 - 2016,0.74
,,2016 - 2017,0.6
,,2017 - 2018,0.81
,,2018 - 2019,0.72
,,2019 - 2020,0.63
,,2020 - 2021,0.88
,,2021 - 2022,0.94
,,2022 - 2023,0.93
,Mirzapur,2000 - 2001,
,,2001 - 2002,
,,2002 - 2003,0.6
,,2003 - 2004,0.5
,,2007 - 2008,
,,2008 - 2009,0.67
,,2009 - 2010,0.77
,,2010 - 2011,1.0
,,2011 - 2012,0.75
,,2012 - 2013,0.67
,,2013 - 2014,0.8
,,2014 - 2015,0.8
,,2015 - 2016,0.67
,,2016 - 2017,0.75
,,2017 - 2018,0.75
,,2018 - 2019,
,,2019 - 2020,
,,2020 - 2021,1.0
,,2021 - 2022,0.75
,,2022 - 2023,
,Moradabad,2000 - 2001,
,,2001 - 2002,
,,2002 - 2003,0.59
,,2003 - 2004,0.56
,,2007 - 2008,
,,2008 - 2009,1.0
,,2009 - 2010,
,,2010 - 2011,
,,2011 - 2012,
,,2012 - 2013,1.0
,,2013 - 2014,
,,2014 - 2015,0.5
,,2015 - 2016,
,,2016 - 2017,0.5
,,2017 - 2018,
,,2018 - 2019,0.67
,,2019 - 2020,1.0
,,2020 - 2021,
,,2021 - 2022,
,,2022 - 2023,
,Muzaffarnagar,2000 - 2001,
,,2001 - 2002,
,,2002 - 2003,0.58
,,2003 - 2004,0.53
,,2007 - 2008,0.63
,,2008 - 2009,0.75
,,2009 - 2010,0.72
,,2010 - 2011,0.9
,,2011 - 2012,0.85
,,2012 - 2013,0.81
,,2013 - 2014,0.67
,,2014 - 2015,0.71
,,2015 - 2016,0.63
,,2016 - 2017,0.7
,,2017 - 2018,0.68
,,2018 - 2019,0.83
,,2019 - 2020,0.89
,,2020 - 2021,0.97
,,2021 - 2022,0.86
,,2022 - 2023,
,Pilibhit,2000 - 2001,
,,2001 - 2002,
,,2002 - 2003,0.56
,,2003 - 2004,0.56
,,2007 - 2008,0.63
,,2008 - 2009,0.8
,,2009 - 2010,0.73
,,2010 - 2011,0.92
,,2011 - 2012,0.82
,,2012 - 2013,0.82
,,2013 - 2014,0.64
,,2014 - 2015,1.0
,,2015 - 2016,0.57
,,2016 - 2017,0.69
,,2017 - 2018,0.64
,,2018 - 2019,0.75
,,2019 - 2020,0.9
,,2020 - 2021,0.96
,,2021 - 2022,0.85
,,2022 - 2023,0.88
,Pratapgarh,2000 - 2001,
,,2001 - 2002,
,,2002 - 2003,0.79
,,2003 - 2004,0.26
,,2007 - 2008,0.88
,,2008 - 2009,0.79
,,2009 - 2010,0.61
,,2010 - 2011,0.93
,,2011 - 2012,0.45
,,2012 - 2013,0.53
,,2013 - 2014,0.95
,,2014 - 2015,0.42
,,2015 - 2016,0.54
,,2016 - 2017,0.63
,,2017 - 2018,0.37
,,2018 - 2019,1.05
,,2019 - 2020,0.48
,,2020 - 2021,0.66
,,2021 - 2022,0.9
,,2022 - 2023,0.79
,Rae bareli,2000 - 2001,
,,2001 - 2002,
,,2002 - 2003,0.58
,,2003 - 2004,0.61
,,2007 - 2008,0.54
,,2008 - 2009,0.56
,,2009 - 2010,0.52
,,2010 - 2011,0.46
,,2011 - 2012,0.52
,,2012 - 2013,0.32
,,2013 - 2014,0.52
,,2014 - 2015,0.5
,,2015 - 2016,0.26
,,2016 - 2017,0.49
,,2017 - 2018,0.48
,,2018 - 2019,0.64
,,2019 - 2020,0.79
,,2020 - 2021,0.53
,,2021 - 2022,0.45
,,2022 - 2023,0.54
,Rampur,2000 - 2001,
,,2001 - 2002,
,,2002 - 2003,0.57
,,2003 - 2004,0.53
,,2007 - 2008,0.56
,,2008 - 2009,0.75
,,2009 - 2010,0.77
,,2010 - 2011,1.0
,,2011 - 2012,
,,2012 - 2013,0.75
,,2014 - 2015,
,,2015 - 2016,0.5
,,2016 - 2017,
,,2017 - 2018,
,,2018 - 2019,
,,2019 - 2020,
,,2020 - 2021,
,Saharanpur,2000 - 2001,
,,2001 - 2002,
,,2002 - 2003,0.59
,,2003 - 2004,0.53
,,2007 - 2008,0.64
,,2008 - 2009,0.75
,,2009 - 2010,0.72
,,2010 - 2011,0.88
,,2011 - 2012,0.83
,,2012 - 2013,0.81
,,2013 - 2014,0.75
,,2014 - 2015,0.6
,,2015 - 2016,0.6
,,2016 - 2017,0.75
,,2018 - 2019,0.8
,,2019 - 2020,
,,2021 - 2022,0.83
,,2022 - 2023,0.83
,Sambhal,2012 - 2013,
,,2013 - 2014,
,,2014 - 2015,
,,2015 - 2016,0.64
,,2016 - 2017,
,,2017 - 2018,
,,2018 - 2019,
,,2019 - 2020,
,,2020 - 2021,
,,2021 - 2022,
,,2022 - 2023,
,Sant kabeer nagar,2002 - 2003,0.5
,,2003 - 2004,0.5
,,2018 - 2019,
,,2022 - 2023,
,Sant ravidas nagar,2000 - 2001,
,,2001 - 2002,
,,2002 - 2003,0.58
,,2003 - 2004,0.56
,,2007 - 2008,0.65
,,2008 - 2009,0.76
,,2009 - 2010,0.69
,,2010 - 2011,0.89
,,2011 - 2012,0.86
,,2012 - 2013,0.81
,,2013 - 2014,0.67
,,2014 - 2015,0.67
,,2015 - 2016,0.63
,,2016 - 2017,0.71
,,2017 - 2018,0.63
,,2018 - 2019,0.84
,,2019 - 2020,0.89
,,2020 - 2021,0.96
,,2021 - 2022,0.85
,,2022 - 2023,0.86
,Shahjahanpur,2000 - 2001,
,,2001 - 2002,
,,2002 - 2003,0.58
,,2003 - 2004,0.53
,,2007 - 2008,
,,2008 - 2009,0.76
,,2009 - 2010,0.71
,,2010 - 2011,0.9
,,2011 - 2012,0.86
,,2012 - 2013,0.82
,,2013 - 2014,0.66
,,2014 - 2015,0.67
,,2015 - 2016,0.64
,,2016 - 2017,0.71
,,2017 - 2018,0.67
,,2018 - 2019,0.82
,,2019 - 2020,
,,2020 - 2021,0.96
,,2021 - 2022,0.85
,,2022 - 2023,
,Shamli,2012 - 2013,0.82
,,2013 - 2014,0.65
,,2014 - 2015,0.67
,,2015 - 2016,0.65
,,2016 - 2017,0.69
,,2017 - 2018,0.65
,,2018 - 2019,0.82
,,2021 - 2022,0.84
,Shravasti,2000 - 2001,
,,2002 - 2003,0.6
,,2003 - 2004,0.5
,,2007 - 2008,0.64
,,2008 - 2009,0.74
,,2009 - 2010,0.72
,,2010 - 2011,1.0
,,2012 - 2013,1.0
,,2015 - 2016,1.0
,,2018 - 2019,
,,2019 - 2020,
,,2022 - 2023,
,Siddharth nagar,2000 - 2001,
,,2001 - 2002,
,,2002 - 2003,0.56
,,2003 - 2004,0.52
,,2022 - 2023,0.86
,Sitapur,2000 - 2001,
,,2001 - 2002,
,,2002 - 2003,0.56
,,2003 - 2004,0.63
,,2007 - 2008,0.5
,,2008 - 2009,
,,2010 - 2011,1.0
,,2011 - 2012,0.55
,,2012 - 2013,0.5
,,2013 - 2014,
,,2014 - 2015,
,,2015 - 2016,0.33
,,2016 - 2017,0.0
,,2017 - 2018,
,,2018 - 2019,
,,2019 - 2020,
,,2020 - 2021,
,,2021 - 2022,0.91
,,2022 - 2023,0.66
,Sonbhadra,2000 - 2001,
,,2001 - 2002,
,,2002 - 2003,0.59
,,2003 - 2004,0.54
,,2007 - 2008,
,,2008 - 2009,0.73
,,2009 - 2010,0.69
,,2010 - 2011,1.0
,,2011 - 2012,1.0
,,2012 - 2013,1.0
,,2013 - 2014,0.6
,,2014 - 2015,0.67
,,2015 - 2016,0.67
,,2016 - 2017,0.5
,,2017 - 2018,0.75
,,2018 - 2019,0.67
,,2019 - 2020,0.86
,,2020 - 2021,1.0
,,2021 - 2022,1.0
,,2022 - 2023,
,Sultanpur,2000 - 2001,
,,2001 - 2002,
,,2002 - 2003,0.59
,,2003 - 2004,0.61
,,2007 - 2008,0.51
,,2008 - 2009,0.57
,,2009 - 2010,0.83
,,2010 - 2011,0.46
,,2011 - 2012,0.5
,,2012 - 2013,0.68
,,2013 - 2014,0.41
,,2014 - 2015,0.47
,,2015 - 2016,0.66
,,2016 - 2017,0.64
,,2017 - 2018,0.4
,,2018 - 2019,0.46
,,2019 - 2020,0.37
,,2020 - 2021,0.44
,,2021 - 2022,0.37
,,2022 - 2023,0.77
,Unnao,2000 - 2001,
,,2001 - 2002,
,,2002 - 2003,0.59
,,2003 - 2004,0.61
,,2007 - 2008,0.55
,,2008 - 2009,0.56
,,2009 - 2010,0.52
,,2010 - 2011,0.46
,,2011 - 2012,0.52
,,2012 - 2013,0.32
,,2013 - 2014,0.52
,,2014 - 2015,0.5
,,2015 - 2016,0.27
,,2016 - 2017,0.48
,,2017 - 2018,0.48
,,2018 - 2019,1.1
,,2019 - 2020,0.8
,,2020 - 2021,0.55
,,2021 - 2022,0.9
,,2022 - 2023,0.64
,Varanasi,2000 - 2001,
,,2001 - 2002,
,,2002 - 2003,0.67
,,2003 - 2004,0.62
,,2007 - 2008,0.55
,,2008 - 2009,0.84
,,2009 - 2010,1.0
,,2010 - 2011,1.0
,,2011 - 2012,0.79
,,2012 - 2013,0.92
,,2013 - 2014,0.81
,,2014 - 2015,0.59
,,2015 - 2016,0.74
,,2016 - 2017,0.81
,,2017 - 2018,0.72
,,2018 - 2019,0.84
,,2019 - 2020,1.32
,,2020 - 2021,1.31
,,2021 - 2022,0.92
,,2022 - 2023,0.89
Uttarakhand,Almora,2021 - 2022,
,Champawat,2007 - 2008,0.0
,,2015 - 2016,1.0
,,2016 - 2017,1.0
,,2020 - 2021,1.0
,,2021 - 2022,1.0
,,2022 - 2023,1.0
,Dehradun,2000 - 2001,
,,2001 - 2002,
,,2002 - 2003,
,,2003 - 2004,
,,2004 - 2005,
,,2005 - 2006,
,,2006 - 2007,
,,2008 - 2009,
,,2013 - 2014,
,,2014 - 2015,
,,2016 - 2017,1.0
,,2017 - 2018,
,,2019 - 2020,
,Haridwar,2000 - 2001,
,,2001 - 2002,
,,2002 - 2003,
,,2003 - 2004,0.32
,,2004 - 2005,0.4
,,2006 - 2007,
,,2007 - 2008,0.5
,,2009 - 2010,
,,2010 - 2011,
,,2012 - 2013,0.67
,,2014 - 2015,1.0
,,2015 - 2016,1.0
,,2016 - 2017,1.0
,,2017 - 2018,0.67
,,2018 - 2019,
,,2019 - 2020,0.67
,,2020 - 2021,
,,2021 - 2022,
,Nainital,2000 - 2001,
,,2001 - 2002,
,,2004 - 2005,
,,2007 - 2008,
,,2008 - 2009,
,,2009 - 2010,
,,2010 - 2011,
,,2013 - 2014,
,,2014 - 2015,
,,2015 - 2016,
,,2016 - 2017,
,,2017 - 2018,
,,2020 - 2021,
,,2021 - 2022,
,Udam singh nagar,2000 - 2001,
,,2001 - 2002,
,,2002 - 2003,0.58
,,2003 - 2004,0.29
,,2004 - 2005,0.33
,,2005 - 2006,0.47
,,2006 - 2007,
,,2007 - 2008,0.45
,,2008 - 2009,
,,2009 - 2010,
,,2010 - 2011,
,,2011 - 2012,0.67
,,2012 - 2013,0.78
,,2013 - 2014,0.5
,,2014 - 2015,0.5
,,2015 - 2016,0.54
,,2016 - 2017,
,,2017 - 2018,0.67
,,2019 - 2020,0.57
,,2020 - 2021,0.57
,,2021 - 2022,1.0
,,2022 - 2023,1.0
West Bengal,paraganas north,2000 - 2001,0.52
,,2001 - 2002,0.4
,,2002 - 2003,0.41
,,2003 - 2004,0.29
,,2004 - 2005,0.33
,,2005 - 2006,0.31
,,2006 - 2007,0.37
,,2007 - 2008,0.64
,,2008 - 2009,0.43
,,2009 - 2010,0.46
,,2010 - 2011,0.63
,,2011 - 2012,0.63
,,2012 - 2013,0.61
,,2013 - 2014,0.61
,,2014 - 2015,0.6
,,2015 - 2016,0.71
,,2016 - 2017,0.67
,,2017 - 2018,0.61
,,2018 - 2019,0.3
,,2019 - 2020,0.29
,,2020 - 2021,0.59
,,2021 - 2022,0.64
,,2022 - 2023,0.74
,paraganas south,2000 - 2001,0.53
,,2001 - 2002,0.39
,,2002 - 2003,0.41
,,2003 - 2004,0.31
,,2004 - 2005,0.33
,,2005 - 2006,0.31
,,2006 - 2007,0.37
,,2007 - 2008,0.66
,,2008 - 2009,0.43
,,2009 - 2010,0.45
,,2010 - 2011,0.69
,,2011 - 2012,0.61
,,2012 - 2013,0.61
,,2013 - 2014,0.59
,,2014 - 2015,0.59
,,2015 - 2016,0.58
,,2016 - 2017,0.66
,,2017 - 2018,0.59
,,2018 - 2019,0.28
,,2019 - 2020,0.3
,,2020 - 2021,0.59
,,2021 - 2022,0.63
,,2022 - 2023,0.67
,Alipurduar,2016 - 2017,0.91
,,2017 - 2018,0.63
,,2018 - 2019,1.08
,,2019 - 2020,0.83
,,2020 - 2021,1.06
,,2021 - 2022,1.05
,,2022 - 2023,1.03
,Bankura,2000 - 2001,0.86
,,2001 - 2002,1.0
,,2002 - 2003,0.71
,,2003 - 2004,0.5
,,2004 - 2005,0.4
,,2005 - 2006,
,,2006 - 2007,0.36
,,2007 - 2008,0.82
,,2008 - 2009,2.44
,,2009 - 2010,0.5
,,2010 - 2011,0.67
,,2011 - 2012,2.5
,,2012 - 2013,1.4
,,2013 - 2014,0.32
,,2014 - 2015,0.74
,,2015 - 2016,1.16
,,2016 - 2017,1.03
,,2017 - 2018,1.57
,,2018 - 2019,1.27
,,2019 - 2020,0.41
,,2020 - 2021,1.23
,,2021 - 2022,0.99
,,2022 - 2023,1.5
,Birbhum,2000 - 2001,0.86
,,2001 - 2002,0.84
,,2002 - 2003,0.64
,,2003 - 2004,0.54
,,2004 - 2005,0.33
,,2005 - 2006,0.41
,,2006 - 2007,0.34
,,2007 - 2008,0.91
,,2008 - 2009,0.84
,,2009 - 2010,0.64
,,2010 - 2011,0.69
,,2011 - 2012,0.69
,,2012 - 2013,1.11
,,2013 - 2014,1.63
,,2014 - 2015,1.68
,,2015 - 2016,1.19
,,2016 - 2017,1.2
,,2017 - 2018,1.98
,,2018 - 2019,1.67
,,2019 - 2020,1.65
,,2020 - 2021,0.8
,,2021 - 2022,1.54
,,2022 - 2023,1.15
,Coochbehar,2000 - 2001,0.29
,,2001 - 2002,0.27
,,2002 - 2003,0.39
,,2003 - 2004,0.42
,,2004 - 2005,0.33
,,2005 - 2006,0.4
,,2006 - 2007,
,,2007 - 2008,
,,2008 - 2009,0.61
,,2009 - 2010,
,,2010 - 2011,0.67
,,2011 - 2012,0.6
,,2012 - 2013,0.71
,,2013 - 2014,0.72
,,2014 - 2015,0.85
,,2015 - 2016,0.8
,,2016 - 2017,0.91
,,2017 - 2018,0.63
,,2018 - 2019,1.51
,,2019 - 2020,0.84
,,2020 - 2021,1.06
,,2021 - 2022,1.05
,,2022 - 2023,1.03
,Darjeeling,2000 - 2001,0.29
,,2001 - 2002,0.28
,,2002 - 2003,0.4
,,2003 - 2004,0.57
,,2004 - 2005,0.24
,,2005 - 2006,0.16
,,2006 - 2007,0.43
,,2007 - 2008,0.47
,,2008 - 2009,0.57
,,2009 - 2010,0.38
,,2010 - 2011,0.48
,,2011 - 2012,0.45
,,2012 - 2013,0.5
,,2013 - 2014,0.52
,,2014 - 2015,0.85
,,2015 - 2016,0.81
,,2016 - 2017,0.91
,,2017 - 2018,0.63
,,2018 - 2019,1.08
,,2019 - 2020,0.83
,,2020 - 2021,1.06
,,2021 - 2022,1.04
,,2022 - 2023,1.04
,Dinajpur dakshin,2000 - 2001,
,,2001 - 2002,0.27
,,2002 - 2003,0.41
,,2003 - 2004,
,,2004 - 2005,
,,2013 - 2014,0.5
,,2016 - 2017,0.69
,,2017 - 2018,1.09
,,2018 - 2019,0.94
,,2019 - 2020,0.73
,,2020 - 2021,1.09
,,2021 - 2022,1.04
,,2022 - 2023,1.66
,Dinajpur uttar,2000 - 2001,0.29
,,2001 - 2002,0.28
,,2002 - 2003,0.39
,,2003 - 2004,0.22
,,2004 - 2005,0.35
,,2005 - 2006,0.53
,,2006 - 2007,0.39
,,2007 - 2008,0.99
,,2008 - 2009,0.62
,,2009 - 2010,0.56
,,2010 - 2011,0.67
,,2011 - 2012,0.62
,,2012 - 2013,0.72
,,2013 - 2014,0.66
,,2014 - 2015,0.77
,,2015 - 2016,0.91
,,2016 - 2017,0.85
,,2017 - 2018,1.08
,,2018 - 2019,0.94
,,2019 - 2020,0.38
,,2020 - 2021,1.09
,,2021 - 2022,1.04
,,2022 - 2023,1.66
,Hooghly,2000 - 2001,
,,2001 - 2002,1.0
,,2002 - 2003,
,,2003 - 2004,
,,2004 - 2005,0.36
,,2005 - 2006,0.4
,,2006 - 2007,0.33
,,2007 - 2008,0.88
,,2008 - 2009,0.75
,,2009 - 2010,0.64
,,2010 - 2011,0.7
,,2011 - 2012,0.5
,,2012 - 2013,1.12
,,2013 - 2014,1.15
,,2014 - 2015,1.0
,,2015 - 2016,1.0
,,2016 - 2017,0.98
,,2017 - 2018,1.58
,,2018 - 2019,1.45
,,2019 - 2020,1.65
,,2020 - 2021,0.8
,,2021 - 2022,1.22
,,2022 - 2023,1.15
,Howrah,2000 - 2001,0.51
,,2001 - 2002,0.39
,,2002 - 2003,0.41
,,2003 - 2004,0.44
,,2004 - 2005,0.33
,,2005 - 2006,0.31
,,2006 - 2007,0.37
,,2007 - 2008,0.64
,,2008 - 2009,0.45
,,2009 - 2010,0.45
,,2010 - 2011,0.64
,,2011 - 2012,0.92
,,2012 - 2013,0.62
,,2013 - 2014,0.78
,,2014 - 2015,1.09
,,2015 - 2016,0.69
,,2016 - 2017,0.77
,,2017 - 2018,0.91
,,2018 - 2019,0.76
,,2019 - 2020,0.08
,,2020 - 2021,0.66
,,2021 - 2022,0.95
,,2022 - 2023,0.85
,Jalpaiguri,2000 - 2001,0.29
,,2001 - 2002,0.28
,,2002 - 2003,0.39
,,2003 - 2004,0.52
,,2004 - 2005,0.4
,,2005 - 2006,0.55
,,2006 - 2007,0.67
,,2007 - 2008,0.74
,,2008 - 2009,0.64
,,2009 - 2010,0.85
,,2010 - 2011,0.77
,,2011 - 2012,0.71
,,2012 - 2013,0.79
,,2013 - 2014,1.09
,,2014 - 2015,1.41
,,2015 - 2016,0.71
,,2016 - 2017,0.91
,,2017 - 2018,0.63
,,2018 - 2019,1.08
,,2019 - 2020,0.84
,,2020 - 2021,1.06
,,2021 - 2022,1.05
,,2022 - 2023,1.04
,Jhargram,2016 - 2017,0.48
,,2017 - 2018,0.52
,,2018 - 2019,0.44
,,2019 - 2020,0.37
,,2020 - 2021,0.47
,,2021 - 2022,0.47
,,2022 - 2023,0.52
,Kalimpong,2018 - 2019,
,Maldah,2000 - 2001,0.28
,,2001 - 2002,0.28
,,2002 - 2003,0.4
,,2003 - 2004,0.42
,,2004 - 2005,0.35
,,2005 - 2006,0.41
,,2006 - 2007,0.46
,,2007 - 2008,0.74
,,2008 - 2009,0.62
,,2009 - 2010,0.64
,,2010 - 2011,0.67
,,2011 - 2012,0.6
,,2012 - 2013,0.71
,,2013 - 2014,0.72
,,2014 - 2015,0.85
,,2015 - 2016,0.8
,,2016 - 2017,0.51
,,2017 - 2018,1.09
,,2018 - 2019,0.94
,,2019 - 2020,0.75
,,2020 - 2021,1.09
,,2021 - 2022,1.04
,,2022 - 2023,1.66
,Medinipur east,2000 - 2001,0.7
,,2001 - 2002,1.01
,,2002 - 2003,1.39
,,2003 - 2004,0.54
,,2004 - 2005,0.33
,,2005 - 2006,0.41
,,2006 - 2007,0.34
,,2007 - 2008,0.91
,,2008 - 2009,0.84
,,2009 - 2010,0.64
,,2010 - 2011,0.69
,,2011 - 2012,0.69
,,2012 - 2013,2.16
,,2013 - 2014,1.16
,,2014 - 2015,1.02
,,2015 - 2016,0.82
,,2016 - 2017,0.72
,,2017 - 2018,0.88
,,2018 - 2019,0.66
,,2019 - 2020,0.41
,,2020 - 2021,3.22
,,2021 - 2022,1.75
,,2022 - 2023,1.44
,Medinipur west,2000 - 2001,0.86
,,2001 - 2002,0.75
,,2002 - 2003,0.6
,,2003 - 2004,0.54
,,2004 - 2005,0.33
,,2005 - 2006,0.4
,,2006 - 2007,0.33
,,2007 - 2008,0.91
,,2008 - 2009,0.83
,,2009 - 2010,0.66
,,2010 - 2011,0.83
,,2011 - 2012,0.8
,,2012 - 2013,0.77
,,2013 - 2014,0.85
,,2014 - 2015,0.65
,,2015 - 2016,0.73
,,2016 - 2017,0.92
,,2017 - 2018,0.8
,,2018 - 2019,0.64
,,2019 - 2020,0.4
,,2020 - 2021,0.59
,,2021 - 2022,0.71
,,2022 - 2023,1.08
,Murshidabad,2000 - 2001,0.51
,,2001 - 2002,0.39
,,2002 - 2003,
,,2003 - 2004,0.31
,,2004 - 2005,0.36
,,2005 - 2006,0.31
,,2006 - 2007,0.37
,,2007 - 2008,0.65
,,2008 - 2009,0.44
,,2009 - 2010,0.45
,,2010 - 2011,0.64
,,2011 - 2012,0.63
,,2012 - 2013,0.61
,,2013 - 2014,0.61
,,2014 - 2015,0.61
,,2015 - 2016,0.71
,,2016 - 2017,0.7
,,2017 - 2018,1.08
,,2018 - 2019,0.94
,,2019 - 2020,0.73
,,2020 - 2021,1.09
,,2021 - 2022,1.04
,,2022 - 2023,1.42
,Nadia,2000 - 2001,0.52
,,2001 - 2002,0.39
,,2002 - 2003,0.41
,,2003 - 2004,0.27
,,2004 - 2005,0.34
,,2005 - 2006,0.3
,,2006 - 2007,0.37
,,2007 - 2008,0.64
,,2008 - 2009,0.44
,,2009 - 2010,0.45
,,2010 - 2011,0.64
,,2011 - 2012,0.63
,,2012 - 2013,0.61
,,2013 - 2014,0.61
,,2014 - 2015,0.6
,,2015 - 2016,0.76
,,2016 - 2017,0.67
,,2017 - 2018,0.61
,,2018 - 2019,0.3
,,2019 - 2020,0.29
,,2020 - 2021,0.59
,,2021 - 2022,0.64
,,2022 - 2023,1.76
,Paschim bardhaman,2017 - 2018,1.58
,,2018 - 2019,1.45
,,2019 - 2020,1.65
,,2020 - 2021,0.79
,,2021 - 2022,1.22
,,2022 - 2023,1.14
,Purba bardhaman,2000 - 2001,0.86
,,2001 - 2002,0.84
,,2002 - 2003,1.44
,,2003 - 2004,0.54
,,2004 - 2005,0.36
,,2005 - 2006,0.0
,,2006 - 2007,0.67
,,2007 - 2008,0.93
,,2008 - 2009,1.0
,,2009 - 2010,0.64
,,2010 - 2011,0.69
,,2011 - 2012,1.25
,,2012 - 2013,1.33
,,2013 - 2014,1.16
,,2014 - 2015,1.19
,,2015 - 2016,1.65
,,2016 - 2017,0.91
,,2017 - 2018,0.68
,,2018 - 2019,1.44
,,2019 - 2020,1.65
,,2020 - 2021,0.8
,,2021 - 2022,1.22
,,2022 - 2023,1.15
,Purulia,2000 - 2001,
,,2001 - 2002,0.83
,,2002 - 2003,0.75
,,2003 - 2004,
,,2004 - 2005,
,,2005 - 2006,0.41
,,2006 - 2007,0.28
,,2007 - 2008,1.0
,,2008 - 2009,0.8
,,2009 - 2010,
,,2010 - 2011,
,,2011 - 2012,
,,2012 - 2013,
,,2013 - 2014,
,,2014 - 2015,
,,2015 - 2016,
,,2016 - 2017,
,,2017 - 2018,0.54
,,2018 - 2019,0.78
,,2019 - 2020,0.62
,,2020 - 2021,0.73
,,2021 - 2022,1.27
,,2022 - 2023,1.16
