state,district,year,dry_chillies_kharif_yield_tonne_per_hectare
Andaman and Nicobar Islands,Nicobars,2002 - 2003,
,,2003 - 2004,
,,2004 - 2005,
,,2005 - 2006,
,,2006 - 2007,
,,2010 - 2011,
,,2011 - 2012,
,,2012 - 2013,
,,2013 - 2014,
,,2014 - 2015,
,,2015 - 2016,
,,2016 - 2017,
,,2017 - 2018,
,,2018 - 2019,
,,2019 - 2020,
,,2020 - 2021,
,,2021 - 2022,
,,2022 - 2023,
,North and middle andaman,2006 - 2007,
,,2010 - 2011,
,,2011 - 2012,
,,2012 - 2013,
,,2013 - 2014,
,,2014 - 2015,
,,2015 - 2016,
,,2016 - 2017,
,,2017 - 2018,
,,2018 - 2019,
,,2019 - 2020,
,,2020 - 2021,
,,2021 - 2022,
,,2022 - 2023,
,South andamans,2002 - 2003,
,,2003 - 2004,
,,2004 - 2005,
,,2005 - 2006,
,,2006 - 2007,
,,2010 - 2011,
,,2011 - 2012,
,,2012 - 2013,
,,2013 - 2014,
,,2014 - 2015,
,,2015 - 2016,
,,2016 - 2017,
,,2017 - 2018,
,,2018 - 2019,
,,2019 - 2020,
,,2021 - 2022,
,,2022 - 2023,
Andhra Pradesh,Alluri sitharama raju,2022 - 2023,4.21
,Anakapalli,2022 - 2023,
,Anantapur,2000 - 2001,2.7
,,2001 - 2002,1.89
,,2002 - 2003,2.24
,,2003 - 2004,3.67
,,2004 - 2005,3.32
,,2005 - 2006,2.84
,,2006 - 2007,3.23
,,2007 - 2008,4.5
,,2008 - 2009,3.5
,,2009 - 2010,2.51
,,2010 - 2011,3.71
,,2011 - 2012,2.54
,,2012 - 2013,2.0
,,2013 - 2014,1.5
,,2014 - 2015,4.23
,,2015 - 2016,3.05
,,2016 - 2017,2.7
,,2017 - 2018,2.5
,,2018 - 2019,0.78
,,2019 - 2020,3.27
,,2020 - 2021,2.19
,,2021 - 2022,0.42
,,2022 - 2023,4.59
,Annamayya,2022 - 2023,
,Bapatla,2022 - 2023,7.75
,Chittoor,2000 - 2001,1.48
,,2001 - 2002,1.45
,,2002 - 2003,1.52
,,2003 - 2004,2.46
,,2004 - 2005,2.18
,,2005 - 2006,1.87
,,2006 - 2007,2.67
,,2007 - 2008,1.0
,,2008 - 2009,2.48
,,2009 - 2010,2.39
,,2010 - 2011,
,,2011 - 2012,
,,2012 - 2013,
,,2013 - 2014,
,,2014 - 2015,
,,2015 - 2016,
,,2016 - 2017,
,,2017 - 2018,4.0
,,2018 - 2019,2.42
,,2019 - 2020,4.5
,,2020 - 2021,3.18
,,2021 - 2022,2.42
,,2022 - 2023,5.0
,East godavari,2000 - 2001,2.76
,,2001 - 2002,3.62
,,2002 - 2003,1.97
,,2003 - 2004,4.41
,,2004 - 2005,4.14
,,2005 - 2006,4.19
,,2006 - 2007,4.5
,,2007 - 2008,2.0
,,2008 - 2009,4.46
,,2009 - 2010,4.79
,,2010 - 2011,3.32
,,2011 - 2012,3.8
,,2013 - 2014,4.85
,,2014 - 2015,5.75
,,2015 - 2016,4.67
,,2016 - 2017,5.04
,,2017 - 2018,5.6
,,2018 - 2019,3.28
,,2019 - 2020,4.7
,,2020 - 2021,4.74
,,2021 - 2022,2.67
,,2022 - 2023,6.12
,Eluru,2022 - 2023,4.9
,Guntur,2000 - 2001,2.94
,,2001 - 2002,4.0
,,2002 - 2003,2.02
,,2003 - 2004,5.04
,,2004 - 2005,4.91
,,2005 - 2006,4.71
,,2006 - 2007,4.86
,,2007 - 2008,4.95
,,2008 - 2009,5.0
,,2009 - 2010,5.52
,,2010 - 2011,3.35
,,2011 - 2012,4.29
,,2012 - 2013,4.4
,,2013 - 2014,5.14
,,2014 - 2015,6.51
,,2015 - 2016,4.01
,,2016 - 2017,5.62
,,2017 - 2018,5.8
,,2018 - 2019,3.2
,,2019 - 2020,5.94
,,2020 - 2021,5.11
,,2021 - 2022,1.52
,,2022 - 2023,8.44
,Kadapa,2000 - 2001,1.48
,,2001 - 2002,1.45
,,2002 - 2003,1.52
,,2003 - 2004,2.46
,,2004 - 2005,2.18
,,2005 - 2006,1.87
,,2006 - 2007,2.67
,,2007 - 2008,1.67
,,2008 - 2009,1.77
,,2009 - 2010,3.07
,,2010 - 2011,2.78
,,2011 - 2012,4.0
,,2012 - 2013,3.0
,,2013 - 2014,3.63
,,2014 - 2015,5.0
,,2015 - 2016,4.55
,,2016 - 2017,8.29
,,2017 - 2018,5.73
,,2018 - 2019,4.58
,,2019 - 2020,7.21
,,2020 - 2021,1.42
,,2021 - 2022,3.12
,,2022 - 2023,3.74
,Kakinada,2022 - 2023,6.12
,Krishna,2000 - 2001,3.35
,,2001 - 2002,3.56
,,2002 - 2003,2.51
,,2003 - 2004,3.09
,,2004 - 2005,4.09
,,2005 - 2006,3.48
,,2006 - 2007,4.43
,,2007 - 2008,3.63
,,2008 - 2009,3.68
,,2009 - 2010,2.92
,,2010 - 2011,3.29
,,2011 - 2012,2.96
,,2012 - 2013,3.3
,,2013 - 2014,4.96
,,2014 - 2015,5.85
,,2015 - 2016,6.08
,,2016 - 2017,6.56
,,2017 - 2018,6.96
,,2018 - 2019,5.41
,,2019 - 2020,7.47
,,2020 - 2021,7.54
,,2021 - 2022,2.79
,,2022 - 2023,6.14
,Kurnool,2000 - 2001,1.12
,,2001 - 2002,1.33
,,2002 - 2003,1.33
,,2003 - 2004,2.16
,,2004 - 2005,1.95
,,2005 - 2006,1.62
,,2006 - 2007,2.59
,,2007 - 2008,3.23
,,2008 - 2009,2.43
,,2009 - 2010,2.33
,,2010 - 2011,2.89
,,2011 - 2012,2.12
,,2012 - 2013,2.0
,,2013 - 2014,3.79
,,2014 - 2015,5.07
,,2015 - 2016,3.01
,,2016 - 2017,5.81
,,2017 - 2018,4.33
,,2018 - 2019,2.96
,,2019 - 2020,4.68
,,2020 - 2021,3.55
,,2021 - 2022,3.08
,,2022 - 2023,5.08
,Nandyal,2022 - 2023,6.05
,Ntr,2022 - 2023,7.25
,Palnadu,2022 - 2023,6.06
,Parvathipuram manyam,2022 - 2023,6.1
,Prakasam,2000 - 2001,1.88
,,2001 - 2002,2.33
,,2002 - 2003,1.17
,,2003 - 2004,2.49
,,2004 - 2005,1.53
,,2005 - 2006,2.08
,,2006 - 2007,2.99
,,2007 - 2008,2.75
,,2008 - 2009,2.5
,,2009 - 2010,2.59
,,2010 - 2011,3.19
,,2011 - 2012,2.59
,,2012 - 2013,3.88
,,2013 - 2014,3.89
,,2014 - 2015,3.55
,,2015 - 2016,3.67
,,2016 - 2017,3.29
,,2017 - 2018,4.41
,,2018 - 2019,2.45
,,2019 - 2020,3.22
,,2020 - 2021,3.75
,,2021 - 2022,1.52
,,2022 - 2023,3.52
,Spsr nellore,2000 - 2001,2.76
,,2001 - 2002,3.62
,,2002 - 2003,1.98
,,2003 - 2004,4.41
,,2004 - 2005,4.13
,,2005 - 2006,4.19
,,2006 - 2007,4.51
,,2007 - 2008,2.0
,,2008 - 2009,4.47
,,2009 - 2010,4.78
,,2010 - 2011,3.29
,,2011 - 2012,3.79
,,2012 - 2013,
,,2013 - 2014,4.85
,,2014 - 2015,
,,2015 - 2016,
,,2016 - 2017,
,,2017 - 2018,5.67
,,2018 - 2019,
,,2019 - 2020,
,,2020 - 2021,5.0
,,2021 - 2022,
,,2022 - 2023,6.11
,Sri sathya sai,2022 - 2023,0.67
,Srikakulam,2000 - 2001,2.76
,,2001 - 2002,3.58
,,2002 - 2003,2.0
,,2003 - 2004,4.4
,,2004 - 2005,4.14
,,2005 - 2006,4.19
,,2006 - 2007,4.5
,,2007 - 2008,
,,2008 - 2009,4.47
,,2009 - 2010,4.79
,,2010 - 2011,3.31
,,2011 - 2012,3.8
,,2012 - 2013,
,,2013 - 2014,4.85
,,2014 - 2015,5.74
,,2015 - 2016,4.08
,,2016 - 2017,5.06
,,2017 - 2018,5.58
,,2018 - 2019,3.3
,,2019 - 2020,5.44
,,2020 - 2021,5.0
,,2021 - 2022,1.67
,,2022 - 2023,6.13
,Tirupati,2022 - 2023,
,Visakhapatanam,2000 - 2001,2.76
,,2001 - 2002,3.62
,,2002 - 2003,1.97
,,2003 - 2004,4.41
,,2004 - 2005,4.14
,,2005 - 2006,4.19
,,2006 - 2007,4.5
,,2007 - 2008,3.0
,,2008 - 2009,4.46
,,2009 - 2010,4.79
,,2010 - 2011,3.32
,,2011 - 2012,3.8
,,2012 - 2013,2.0
,,2013 - 2014,4.85
,,2014 - 2015,5.75
,,2015 - 2016,0.69
,,2016 - 2017,1.4
,,2017 - 2018,0.96
,,2018 - 2019,0.91
,,2019 - 2020,0.89
,,2020 - 2021,0.67
,,2021 - 2022,0.82
,,2022 - 2023,
,Vizianagaram,2000 - 2001,2.76
,,2001 - 2002,3.62
,,2002 - 2003,1.98
,,2003 - 2004,4.4
,,2004 - 2005,4.14
,,2005 - 2006,4.19
,,2006 - 2007,4.5
,,2007 - 2008,
,,2008 - 2009,4.47
,,2009 - 2010,4.8
,,2010 - 2011,3.32
,,2011 - 2012,3.8
,,2012 - 2013,
,,2013 - 2014,4.85
,,2014 - 2015,5.76
,,2015 - 2016,4.08
,,2016 - 2017,5.04
,,2017 - 2018,5.6
,,2018 - 2019,3.28
,,2019 - 2020,5.46
,,2020 - 2021,5.03
,,2021 - 2022,2.38
,,2022 - 2023,6.13
,West godavari,2000 - 2001,2.76
,,2001 - 2002,3.63
,,2002 - 2003,1.95
,,2003 - 2004,4.4
,,2004 - 2005,4.14
,,2005 - 2006,4.17
,,2006 - 2007,4.5
,,2007 - 2008,
,,2008 - 2009,4.48
,,2009 - 2010,
,,2010 - 2011,
,,2011 - 2012,
,,2012 - 2013,
,,2013 - 2014,
,,2014 - 2015,
,,2015 - 2016,4.08
,,2016 - 2017,4.31
,,2017 - 2018,5.61
,,2018 - 2019,3.33
,,2019 - 2020,1.54
,,2020 - 2021,
,,2021 - 2022,1.64
Arunachal Pradesh,Anjaw,2004 - 2005,
,,2005 - 2006,
,,2006 - 2007,
,,2007 - 2008,
,,2008 - 2009,
,,2009 - 2010,
,,2010 - 2011,
,,2011 - 2012,
,,2012 - 2013,
,,2013 - 2014,
,,2014 - 2015,
,,2015 - 2016,
,,2016 - 2017,
,,2017 - 2018,
,,2018 - 2019,
,,2019 - 2020,
,,2020 - 2021,
,,2021 - 2022,
,,2022 - 2023,
,Changlang,2000 - 2001,
,,2001 - 2002,
,,2002 - 2003,
,,2003 - 2004,
,,2004 - 2005,
,,2005 - 2006,
,,2006 - 2007,
,,2007 - 2008,
,,2008 - 2009,
,,2009 - 2010,
,,2010 - 2011,
,,2011 - 2012,
,,2012 - 2013,
,,2013 - 2014,
,,2014 - 2015,
,,2015 - 2016,
,,2016 - 2017,
,,2017 - 2018,
,,2018 - 2019,
,,2019 - 2020,
,,2020 - 2021,
,,2021 - 2022,
,,2022 - 2023,
,Dibang valley,2000 - 2001,
,,2001 - 2002,
,,2002 - 2003,
,,2003 - 2004,
,,2004 - 2005,
,,2005 - 2006,
,,2006 - 2007,
,,2007 - 2008,
,,2010 - 2011,
,,2011 - 2012,
,,2012 - 2013,
,,2013 - 2014,
,,2014 - 2015,
,,2015 - 2016,
,,2016 - 2017,
,,2017 - 2018,
,,2018 - 2019,
,,2019 - 2020,
,,2020 - 2021,
,,2021 - 2022,
,,2022 - 2023,
,East kameng,2000 - 2001,
,,2001 - 2002,
,,2002 - 2003,
,,2003 - 2004,
,,2004 - 2005,
,,2005 - 2006,
,,2006 - 2007,
,,2007 - 2008,
,,2008 - 2009,
,,2009 - 2010,
,,2010 - 2011,
,,2011 - 2012,
,,2012 - 2013,
,,2013 - 2014,
,,2014 - 2015,
,,2015 - 2016,
,,2016 - 2017,
,,2017 - 2018,
,,2018 - 2019,
,,2019 - 2020,
,,2020 - 2021,
,,2021 - 2022,
,,2022 - 2023,
,East siang,2000 - 2001,
,,2001 - 2002,
,,2002 - 2003,
,,2003 - 2004,
,,2004 - 2005,
,,2005 - 2006,
,,2006 - 2007,
,,2007 - 2008,
,,2008 - 2009,
,,2009 - 2010,
,,2010 - 2011,
,,2011 - 2012,
,,2012 - 2013,
,,2013 - 2014,
,,2014 - 2015,
,,2015 - 2016,
,,2016 - 2017,
,,2017 - 2018,
,,2018 - 2019,
,,2019 - 2020,
,,2020 - 2021,
,,2021 - 2022,
,,2022 - 2023,
,Kamle,2018 - 2019,
,,2019 - 2020,
,,2020 - 2021,
,,2021 - 2022,
,,2022 - 2023,
,Kra daadi,2015 - 2016,
,,2016 - 2017,
,,2017 - 2018,
,,2018 - 2019,
,,2019 - 2020,
,,2020 - 2021,
,,2021 - 2022,
,,2022 - 2023,
,Kurung kumey,2002 - 2003,
,,2003 - 2004,
,,2004 - 2005,
,,2005 - 2006,
,,2006 - 2007,
,,2007 - 2008,
,,2010 - 2011,
,,2011 - 2012,
,,2012 - 2013,
,,2015 - 2016,
,,2016 - 2017,
,,2017 - 2018,
,,2018 - 2019,
,,2019 - 2020,
,,2020 - 2021,
,,2021 - 2022,
,,2022 - 2023,
,Leparada,2019 - 2020,
,,2020 - 2021,
,,2021 - 2022,
,,2022 - 2023,
,Lohit,2000 - 2001,
,,2001 - 2002,
,,2002 - 2003,
,,2003 - 2004,
,,2004 - 2005,
,,2005 - 2006,
,,2006 - 2007,
,,2007 - 2008,
,,2008 - 2009,
,,2009 - 2010,
,,2010 - 2011,
,,2011 - 2012,
,,2012 - 2013,
,,2013 - 2014,
,,2014 - 2015,
,,2015 - 2016,
,,2016 - 2017,
,,2017 - 2018,
,,2018 - 2019,
,,2019 - 2020,
,,2020 - 2021,
,,2021 - 2022,
,,2022 - 2023,
,Longding,2013 - 2014,
,,2014 - 2015,
,,2015 - 2016,
,,2016 - 2017,
,,2017 - 2018,
,,2018 - 2019,
,,2019 - 2020,
,,2020 - 2021,
,,2021 - 2022,
,,2022 - 2023,
,Lower dibang valley,2002 - 2003,
,,2003 - 2004,
,,2004 - 2005,
,,2005 - 2006,
,,2006 - 2007,
,,2007 - 2008,
,,2008 - 2009,
,,2009 - 2010,
,,2010 - 2011,
,,2011 - 2012,
,,2012 - 2013,
,,2013 - 2014,
,,2014 - 2015,
,,2015 - 2016,
,,2016 - 2017,
,,2017 - 2018,
,,2018 - 2019,
,,2019 - 2020,
,,2020 - 2021,
,,2021 - 2022,
,,2022 - 2023,
,Lower siang,2018 - 2019,
,,2019 - 2020,
,,2020 - 2021,
,,2021 - 2022,
,,2022 - 2023,
,Lower subansiri,2000 - 2001,
,,2001 - 2002,
,,2002 - 2003,
,,2003 - 2004,
,,2004 - 2005,
,,2005 - 2006,
,,2006 - 2007,
,,2007 - 2008,
,,2008 - 2009,
,,2009 - 2010,
,,2010 - 2011,
,,2011 - 2012,
,,2012 - 2013,
,,2013 - 2014,
,,2014 - 2015,
,,2015 - 2016,
,,2016 - 2017,
,,2017 - 2018,
,,2018 - 2019,
,,2019 - 2020,
,,2020 - 2021,
,,2021 - 2022,
,,2022 - 2023,
,Namsai,2015 - 2016,
,,2016 - 2017,
,,2017 - 2018,
,,2018 - 2019,
,,2019 - 2020,
,,2020 - 2021,
,,2021 - 2022,
,,2022 - 2023,
,Pakke kessang,2019 - 2020,
,,2020 - 2021,
,,2021 - 2022,
,,2022 - 2023,
,Papum pare,2000 - 2001,
,,2001 - 2002,
,,2002 - 2003,
,,2003 - 2004,
,,2004 - 2005,
,,2005 - 2006,
,,2006 - 2007,
,,2007 - 2008,
,,2008 - 2009,
,,2009 - 2010,
,,2010 - 2011,
,,2011 - 2012,
,,2012 - 2013,
,,2013 - 2014,
,,2014 - 2015,
,,2015 - 2016,
,,2016 - 2017,
,,2017 - 2018,
,,2018 - 2019,
,,2019 - 2020,
,,2020 - 2021,
,,2021 - 2022,
,,2022 - 2023,
,Shi yomi,2019 - 2020,
,,2020 - 2021,
,,2021 - 2022,
,,2022 - 2023,
,Siang,2015 - 2016,
,,2016 - 2017,
,,2017 - 2018,
,,2018 - 2019,
,,2019 - 2020,
,,2020 - 2021,
,,2021 - 2022,
,,2022 - 2023,
,Tawang,2002 - 2003,
,,2003 - 2004,
,,2004 - 2005,
,,2005 - 2006,
,,2006 - 2007,
,,2007 - 2008,
,,2008 - 2009,
,,2009 - 2010,
,,2010 - 2011,
,,2011 - 2012,
,,2012 - 2013,
,,2013 - 2014,
,,2014 - 2015,
,,2015 - 2016,
,,2016 - 2017,
,,2017 - 2018,
,,2018 - 2019,
,,2019 - 2020,
,,2020 - 2021,
,,2021 - 2022,
,,2022 - 2023,
,Tirap,2000 - 2001,
,,2001 - 2002,
,,2002 - 2003,
,,2003 - 2004,
,,2004 - 2005,
,,2006 - 2007,
,,2007 - 2008,
,,2008 - 2009,
,,2009 - 2010,
,,2010 - 2011,
,,2011 - 2012,
,,2012 - 2013,
,,2013 - 2014,
,,2014 - 2015,
,,2015 - 2016,
,,2016 - 2017,
,,2017 - 2018,
,,2018 - 2019,
,,2019 - 2020,
,,2020 - 2021,
,,2021 - 2022,
,,2022 - 2023,
,Upper siang,2000 - 2001,
,,2001 - 2002,
,,2002 - 2003,
,,2003 - 2004,
,,2004 - 2005,
,,2005 - 2006,
,,2006 - 2007,
,,2007 - 2008,
,,2008 - 2009,
,,2009 - 2010,
,,2010 - 2011,
,,2011 - 2012,
,,2012 - 2013,
,,2013 - 2014,
,,2014 - 2015,
,,2015 - 2016,
,,2016 - 2017,
,,2017 - 2018,
,,2018 - 2019,
,,2019 - 2020,
,,2020 - 2021,
,,2021 - 2022,
,,2022 - 2023,
,Upper subansiri,2000 - 2001,
,,2001 - 2002,
,,2002 - 2003,
,,2003 - 2004,
,,2004 - 2005,
,,2005 - 2006,
,,2006 - 2007,
,,2007 - 2008,
,,2008 - 2009,
,,2009 - 2010,
,,2010 - 2011,
,,2011 - 2012,
,,2012 - 2013,
,,2013 - 2014,
,,2014 - 2015,
,,2015 - 2016,
,,2016 - 2017,
,,2017 - 2018,
,,2018 - 2019,
,,2019 - 2020,
,,2020 - 2021,
,,2021 - 2022,
,,2022 - 2023,
,West kameng,2000 - 2001,
,,2001 - 2002,
,,2002 - 2003,
,,2003 - 2004,
,,2004 - 2005,
,,2005 - 2006,
,,2006 - 2007,
,,2007 - 2008,
,,2008 - 2009,
,,2009 - 2010,
,,2010 - 2011,
,,2011 - 2012,
,,2013 - 2014,
,,2014 - 2015,
,,2015 - 2016,
,,2016 - 2017,
,,2017 - 2018,
,,2018 - 2019,
,,2019 - 2020,
,,2020 - 2021,
,,2021 - 2022,
,,2022 - 2023,
,West siang,2000 - 2001,
,,2001 - 2002,
,,2002 - 2003,
,,2003 - 2004,
,,2004 - 2005,
,,2005 - 2006,
,,2006 - 2007,
,,2007 - 2008,
,,2008 - 2009,
,,2009 - 2010,
,,2010 - 2011,
,,2011 - 2012,
,,2012 - 2013,
,,2013 - 2014,
,,2014 - 2015,
,,2015 - 2016,
,,2016 - 2017,
,,2017 - 2018,
,,2018 - 2019,
,,2019 - 2020,
,,2020 - 2021,
,,2021 - 2022,
,,2022 - 2023,
Assam,Baksa,2005 - 2006,
,,2006 - 2007,
,,2007 - 2008,
,,2008 - 2009,
,,2009 - 2010,
,,2010 - 2011,
,,2011 - 2012,
,,2012 - 2013,
,,2013 - 2014,
,,2014 - 2015,
,,2015 - 2016,
,,2016 - 2017,
,,2017 - 2018,
,,2018 - 2019,
,,2019 - 2020,
,,2020 - 2021,
,Barpeta,2000 - 2001,
,,2001 - 2002,
,,2002 - 2003,
,,2003 - 2004,
,,2004 - 2005,
,,2005 - 2006,
,,2006 - 2007,
,,2007 - 2008,
,,2008 - 2009,
,,2009 - 2010,
,,2010 - 2011,
,,2011 - 2012,
,,2012 - 2013,
,,2013 - 2014,
,,2014 - 2015,
,,2015 - 2016,
,,2016 - 2017,
,,2017 - 2018,
,,2018 - 2019,
,,2019 - 2020,
,,2020 - 2021,
,Biswanath,2020 - 2021,
,Bongaigaon,2000 - 2001,
,,2001 - 2002,
,,2002 - 2003,
,,2003 - 2004,
,,2004 - 2005,
,,2005 - 2006,
,,2006 - 2007,
,,2007 - 2008,
,,2008 - 2009,
,,2009 - 2010,
,,2010 - 2011,
,,2011 - 2012,
,,2012 - 2013,
,,2013 - 2014,
,,2014 - 2015,
,,2015 - 2016,
,,2016 - 2017,
,,2017 - 2018,
,,2018 - 2019,
,,2019 - 2020,
,,2020 - 2021,
,Cachar,2000 - 2001,
,,2001 - 2002,
,,2002 - 2003,
,,2003 - 2004,
,,2004 - 2005,
,,2005 - 2006,
,,2006 - 2007,
,,2007 - 2008,
,,2008 - 2009,
,,2009 - 2010,
,,2010 - 2011,
,,2011 - 2012,
,,2012 - 2013,
,,2013 - 2014,
,,2014 - 2015,
,,2015 - 2016,
,,2016 - 2017,
,,2017 - 2018,
,,2018 - 2019,
,,2019 - 2020,
,,2020 - 2021,
,Charaideo,2020 - 2021,
,Chirang,2005 - 2006,
,,2006 - 2007,
,,2007 - 2008,
,,2008 - 2009,
,,2009 - 2010,
,,2010 - 2011,
,,2011 - 2012,
,,2012 - 2013,
,,2013 - 2014,
,,2014 - 2015,
,,2015 - 2016,
,,2016 - 2017,
,,2017 - 2018,
,,2018 - 2019,
,,2019 - 2020,
,,2020 - 2021,
,Darrang,2000 - 2001,
,,2001 - 2002,
,,2002 - 2003,
,,2003 - 2004,
,,2004 - 2005,
,,2005 - 2006,
,,2006 - 2007,
,,2007 - 2008,
,,2008 - 2009,
,,2009 - 2010,
,,2010 - 2011,
,,2011 - 2012,
,,2012 - 2013,
,,2013 - 2014,
,,2014 - 2015,
,,2015 - 2016,
,,2016 - 2017,
,,2017 - 2018,
,,2018 - 2019,
,,2019 - 2020,
,,2020 - 2021,
,Dhemaji,2000 - 2001,
,,2001 - 2002,
,,2002 - 2003,
,,2003 - 2004,
,,2004 - 2005,
,,2005 - 2006,
,,2006 - 2007,
,,2007 - 2008,
,,2008 - 2009,
,,2009 - 2010,
,,2010 - 2011,
,,2011 - 2012,
,,2012 - 2013,
,,2013 - 2014,
,,2014 - 2015,
,,2015 - 2016,
,,2016 - 2017,
,,2017 - 2018,
,,2018 - 2019,
,,2019 - 2020,
,,2020 - 2021,
,Dhubri,2000 - 2001,
,,2001 - 2002,
,,2002 - 2003,
,,2003 - 2004,
,,2004 - 2005,
,,2005 - 2006,
,,2006 - 2007,
,,2007 - 2008,
,,2008 - 2009,
,,2009 - 2010,
,,2010 - 2011,
,,2011 - 2012,
,,2012 - 2013,
,,2013 - 2014,
,,2014 - 2015,
,,2015 - 2016,
,,2016 - 2017,
,,2017 - 2018,
,,2018 - 2019,
,,2019 - 2020,
,,2020 - 2021,
,Dibrugarh,2000 - 2001,
,,2001 - 2002,
,,2002 - 2003,
,,2003 - 2004,
,,2004 - 2005,
,,2005 - 2006,
,,2006 - 2007,
,,2007 - 2008,
,,2008 - 2009,
,,2009 - 2010,
,,2010 - 2011,
,,2011 - 2012,
,,2012 - 2013,
,,2013 - 2014,
,,2014 - 2015,
,,2015 - 2016,
,,2016 - 2017,
,,2017 - 2018,
,,2018 - 2019,
,,2019 - 2020,
,,2020 - 2021,
,Dima hasao,2000 - 2001,
,,2001 - 2002,
,,2002 - 2003,
,,2003 - 2004,
,,2004 - 2005,
,,2005 - 2006,
,,2006 - 2007,
,,2007 - 2008,
,,2008 - 2009,
,,2009 - 2010,
,,2010 - 2011,
,,2011 - 2012,
,,2012 - 2013,
,,2013 - 2014,
,,2014 - 2015,
,,2015 - 2016,
,,2016 - 2017,
,,2017 - 2018,
,,2018 - 2019,
,,2019 - 2020,
,,2020 - 2021,
,Goalpara,2000 - 2001,
,,2001 - 2002,
,,2002 - 2003,
,,2003 - 2004,
,,2004 - 2005,
,,2005 - 2006,
,,2006 - 2007,
,,2007 - 2008,
,,2008 - 2009,
,,2009 - 2010,
,,2010 - 2011,
,,2011 - 2012,
,,2012 - 2013,
,,2013 - 2014,
,,2014 - 2015,
,,2015 - 2016,
,,2016 - 2017,
,,2017 - 2018,
,,2018 - 2019,
,,2019 - 2020,
,,2020 - 2021,
,Golaghat,2000 - 2001,
,,2001 - 2002,
,,2002 - 2003,
,,2003 - 2004,
,,2004 - 2005,
,,2005 - 2006,
,,2006 - 2007,
,,2007 - 2008,
,,2008 - 2009,
,,2009 - 2010,
,,2010 - 2011,
,,2011 - 2012,
,,2012 - 2013,
,,2013 - 2014,
,,2014 - 2015,
,,2015 - 2016,
,,2016 - 2017,
,,2017 - 2018,
,,2018 - 2019,
,,2019 - 2020,
,,2020 - 2021,
,Hailakandi,2000 - 2001,
,,2001 - 2002,
,,2002 - 2003,
,,2003 - 2004,
,,2004 - 2005,
,,2005 - 2006,
,,2006 - 2007,
,,2007 - 2008,
,,2008 - 2009,
,,2009 - 2010,
,,2010 - 2011,
,,2011 - 2012,
,,2012 - 2013,
,,2013 - 2014,
,,2014 - 2015,
,,2015 - 2016,
,,2016 - 2017,
,,2017 - 2018,
,,2018 - 2019,
,,2019 - 2020,
,,2020 - 2021,
,Hojai,2020 - 2021,
,Jorhat,2000 - 2001,
,,2001 - 2002,
,,2002 - 2003,
,,2003 - 2004,
,,2004 - 2005,
,,2005 - 2006,
,,2006 - 2007,
,,2007 - 2008,
,,2008 - 2009,
,,2009 - 2010,
,,2010 - 2011,
,,2011 - 2012,
,,2012 - 2013,
,,2013 - 2014,
,,2014 - 2015,
,,2015 - 2016,
,,2016 - 2017,
,,2017 - 2018,
,,2018 - 2019,
,,2019 - 2020,
,,2020 - 2021,
,Kamrup,2000 - 2001,
,,2001 - 2002,
,,2002 - 2003,
,,2003 - 2004,
,,2004 - 2005,
,,2005 - 2006,
,,2006 - 2007,
,,2007 - 2008,
,,2008 - 2009,
,,2009 - 2010,
,,2010 - 2011,
,,2011 - 2012,
,,2012 - 2013,
,,2013 - 2014,
,,2014 - 2015,
,,2015 - 2016,
,,2016 - 2017,
,,2017 - 2018,
,,2018 - 2019,
,,2019 - 2020,
,,2020 - 2021,
,Kamrup metro,2005 - 2006,
,,2006 - 2007,
,,2007 - 2008,
,,2008 - 2009,
,,2009 - 2010,
,,2010 - 2011,
,,2011 - 2012,
,,2012 - 2013,
,,2013 - 2014,
,,2014 - 2015,
,,2015 - 2016,
,,2016 - 2017,
,,2017 - 2018,
,,2018 - 2019,
,,2019 - 2020,
,,2020 - 2021,
,Karbi anglong,2000 - 2001,
,,2001 - 2002,
,,2002 - 2003,
,,2003 - 2004,
,,2004 - 2005,
,,2005 - 2006,
,,2006 - 2007,
,,2007 - 2008,
,,2008 - 2009,
,,2009 - 2010,
,,2010 - 2011,
,,2011 - 2012,
,,2012 - 2013,
,,2013 - 2014,
,,2014 - 2015,
,,2015 - 2016,
,,2016 - 2017,
,,2017 - 2018,
,,2018 - 2019,
,,2019 - 2020,
,,2020 - 2021,
,Karimganj,2000 - 2001,
,,2001 - 2002,
,,2002 - 2003,
,,2003 - 2004,
,,2004 - 2005,
,,2005 - 2006,
,,2006 - 2007,
,,2007 - 2008,
,,2008 - 2009,
,,2009 - 2010,
,,2010 - 2011,
,,2011 - 2012,
,,2012 - 2013,
,,2013 - 2014,
,,2014 - 2015,
,,2015 - 2016,
,,2016 - 2017,
,,2017 - 2018,
,,2018 - 2019,
,,2019 - 2020,
,,2020 - 2021,
,Kokrajhar,2000 - 2001,
,,2001 - 2002,
,,2002 - 2003,
,,2003 - 2004,
,,2004 - 2005,
,,2005 - 2006,
,,2006 - 2007,
,,2007 - 2008,
,,2008 - 2009,
,,2009 - 2010,
,,2010 - 2011,
,,2011 - 2012,
,,2012 - 2013,
,,2013 - 2014,
,,2014 - 2015,
,,2015 - 2016,
,,2016 - 2017,
,,2017 - 2018,
,,2018 - 2019,
,,2019 - 2020,
,,2020 - 2021,
,Lakhimpur,2000 - 2001,
,,2001 - 2002,
,,2002 - 2003,
,,2003 - 2004,
,,2004 - 2005,
,,2005 - 2006,
,,2006 - 2007,
,,2007 - 2008,
,,2008 - 2009,
,,2009 - 2010,
,,2010 - 2011,
,,2011 - 2012,
,,2012 - 2013,
,,2013 - 2014,
,,2014 - 2015,
,,2015 - 2016,
,,2016 - 2017,
,,2017 - 2018,
,,2018 - 2019,
,,2019 - 2020,
,,2020 - 2021,
,Majuli,2020 - 2021,
,Marigaon,2000 - 2001,
,,2001 - 2002,
,,2002 - 2003,
,,2003 - 2004,
,,2004 - 2005,
,,2005 - 2006,
,,2006 - 2007,
,,2007 - 2008,
,,2008 - 2009,
,,2009 - 2010,
,,2010 - 2011,
,,2011 - 2012,
,,2012 - 2013,
,,2013 - 2014,
,,2014 - 2015,
,,2015 - 2016,
,,2016 - 2017,
,,2017 - 2018,
,,2018 - 2019,
,,2019 - 2020,
,,2020 - 2021,
,Nagaon,2000 - 2001,
,,2001 - 2002,
,,2002 - 2003,
,,2003 - 2004,
,,2004 - 2005,
,,2005 - 2006,
,,2006 - 2007,
,,2007 - 2008,
,,2008 - 2009,
,,2009 - 2010,
,,2010 - 2011,
,,2011 - 2012,
,,2012 - 2013,
,,2013 - 2014,
,,2014 - 2015,
,,2015 - 2016,
,,2016 - 2017,
,,2017 - 2018,
,,2018 - 2019,
,,2019 - 2020,
,,2020 - 2021,
,Nalbari,2000 - 2001,
,,2001 - 2002,
,,2002 - 2003,
,,2003 - 2004,
,,2004 - 2005,
,,2005 - 2006,
,,2006 - 2007,
,,2007 - 2008,
,,2008 - 2009,
,,2009 - 2010,
,,2010 - 2011,
,,2011 - 2012,
,,2012 - 2013,
,,2013 - 2014,
,,2014 - 2015,
,,2015 - 2016,
,,2016 - 2017,
,,2017 - 2018,
,,2018 - 2019,
,,2019 - 2020,
,,2020 - 2021,
,Sivasagar,2000 - 2001,
,,2001 - 2002,
,,2002 - 2003,
,,2003 - 2004,
,,2004 - 2005,
,,2005 - 2006,
,,2006 - 2007,
,,2007 - 2008,
,,2008 - 2009,
,,2009 - 2010,
,,2010 - 2011,
,,2011 - 2012,
,,2012 - 2013,
,,2013 - 2014,
,,2014 - 2015,
,,2015 - 2016,
,,2016 - 2017,
,,2017 - 2018,
,,2018 - 2019,
,,2019 - 2020,
,,2020 - 2021,
,Sonitpur,2000 - 2001,
,,2001 - 2002,
,,2002 - 2003,
,,2003 - 2004,
,,2004 - 2005,
,,2005 - 2006,
,,2006 - 2007,
,,2007 - 2008,
,,2008 - 2009,
,,2009 - 2010,
,,2010 - 2011,
,,2011 - 2012,
,,2012 - 2013,
,,2013 - 2014,
,,2014 - 2015,
,,2015 - 2016,
,,2016 - 2017,
,,2017 - 2018,
,,2018 - 2019,
,,2019 - 2020,
,,2020 - 2021,
,South salmara mancachar,2020 - 2021,
,Tinsukia,2000 - 2001,
,,2001 - 2002,
,,2002 - 2003,
,,2003 - 2004,
,,2004 - 2005,
,,2005 - 2006,
,,2006 - 2007,
,,2007 - 2008,
,,2008 - 2009,
,,2009 - 2010,
,,2010 - 2011,
,,2011 - 2012,
,,2012 - 2013,
,,2013 - 2014,
,,2014 - 2015,
,,2015 - 2016,
,,2016 - 2017,
,,2017 - 2018,
,,2018 - 2019,
,,2019 - 2020,
,,2020 - 2021,
,Udalguri,2005 - 2006,
,,2006 - 2007,
,,2007 - 2008,
,,2008 - 2009,
,,2009 - 2010,
,,2010 - 2011,
,,2011 - 2012,
,,2012 - 2013,
,,2013 - 2014,
,,2014 - 2015,
,,2015 - 2016,
,,2016 - 2017,
,,2017 - 2018,
,,2018 - 2019,
,,2019 - 2020,
,,2020 - 2021,
,West karbi anglong,2020 - 2021,
Bihar,Araria,2000 - 2001,
,,2001 - 2002,
,,2002 - 2003,
,,2003 - 2004,
,,2004 - 2005,
,,2005 - 2006,
,,2007 - 2008,
,,2008 - 2009,
,,2020 - 2021,
,,2021 - 2022,
,,2022 - 2023,
,Arwal,2003 - 2004,
,,2004 - 2005,
,,2005 - 2006,
,,2008 - 2009,
,,2020 - 2021,
,,2021 - 2022,
,,2022 - 2023,
,Aurangabad,2000 - 2001,
,,2001 - 2002,
,,2002 - 2003,
,,2003 - 2004,
,,2004 - 2005,
,,2005 - 2006,
,,2007 - 2008,
,,2008 - 2009,
,Banka,2000 - 2001,
,,2001 - 2002,
,,2002 - 2003,
,,2003 - 2004,
,,2004 - 2005,
,,2005 - 2006,
,,2007 - 2008,
,,2008 - 2009,
,Begusarai,2000 - 2001,
,,2001 - 2002,
,,2002 - 2003,
,,2003 - 2004,
,,2004 - 2005,
,,2005 - 2006,
,,2007 - 2008,
,,2008 - 2009,
,,2020 - 2021,
,,2021 - 2022,
,,2022 - 2023,
,Bhagalpur,2000 - 2001,
,,2001 - 2002,
,,2002 - 2003,
,,2003 - 2004,
,,2004 - 2005,
,,2005 - 2006,
,,2007 - 2008,
,,2008 - 2009,
,,2020 - 2021,
,,2022 - 2023,
,Bhojpur,2003 - 2004,
,,2005 - 2006,
,,2008 - 2009,
,Buxar,2000 - 2001,
,,2001 - 2002,
,,2002 - 2003,
,,2003 - 2004,
,,2022 - 2023,
,Darbhanga,2000 - 2001,
,,2001 - 2002,
,,2002 - 2003,
,,2003 - 2004,
,,2004 - 2005,
,,2005 - 2006,
,,2022 - 2023,
,Gaya,2000 - 2001,
,,2001 - 2002,
,,2002 - 2003,
,,2003 - 2004,
,,2004 - 2005,
,,2005 - 2006,
,,2007 - 2008,
,,2008 - 2009,
,Gopalganj,2000 - 2001,
,,2001 - 2002,
,,2002 - 2003,
,,2003 - 2004,
,,2004 - 2005,
,,2005 - 2006,
,,2007 - 2008,
,,2008 - 2009,
,,2021 - 2022,
,,2022 - 2023,
,Jehanabad,2000 - 2001,
,,2001 - 2002,
,,2002 - 2003,
,,2003 - 2004,
,,2004 - 2005,
,,2005 - 2006,
,,2007 - 2008,
,,2020 - 2021,
,,2021 - 2022,
,,2022 - 2023,
,Kaimur (bhabua),2000 - 2001,
,,2001 - 2002,
,,2002 - 2003,
,,2003 - 2004,
,,2004 - 2005,
,,2021 - 2022,
,,2022 - 2023,
,Katihar,2000 - 2001,
,,2001 - 2002,
,,2002 - 2003,
,,2003 - 2004,
,,2004 - 2005,
,,2005 - 2006,
,,2007 - 2008,
,,2008 - 2009,
,,2020 - 2021,
,,2021 - 2022,
,,2022 - 2023,
,Khagaria,2000 - 2001,
,,2001 - 2002,
,,2002 - 2003,
,,2003 - 2004,
,,2004 - 2005,
,,2005 - 2006,
,,2007 - 2008,
,,2008 - 2009,
,,2020 - 2021,
,,2021 - 2022,
,,2022 - 2023,
,Kishanganj,2000 - 2001,
,,2001 - 2002,
,,2002 - 2003,
,,2003 - 2004,
,,2004 - 2005,
,,2005 - 2006,
,,2007 - 2008,
,,2008 - 2009,
,,2020 - 2021,
,,2021 - 2022,
,,2022 - 2023,
,Lakhisarai,2000 - 2001,
,,2001 - 2002,
,,2002 - 2003,
,,2003 - 2004,
,,2004 - 2005,
,,2020 - 2021,
,,2021 - 2022,
,,2022 - 2023,
,Madhepura,2000 - 2001,
,,2002 - 2003,
,,2003 - 2004,
,,2004 - 2005,
,,2005 - 2006,
,,2007 - 2008,
,,2008 - 2009,
,,2020 - 2021,
,,2021 - 2022,
,,2022 - 2023,
,Madhubani,2000 - 2001,
,,2001 - 2002,
,,2002 - 2003,
,,2003 - 2004,
,,2004 - 2005,
,,2005 - 2006,
,,2007 - 2008,
,,2008 - 2009,
,,2020 - 2021,
,,2021 - 2022,
,,2022 - 2023,
,Muzaffarpur,2000 - 2001,
,,2001 - 2002,
,,2002 - 2003,
,,2003 - 2004,
,,2004 - 2005,
,,2005 - 2006,
,,2007 - 2008,
,,2008 - 2009,
,,2020 - 2021,
,,2021 - 2022,
,,2022 - 2023,
,Nalanda,2000 - 2001,
,,2001 - 2002,
,,2002 - 2003,
,,2003 - 2004,
,,2004 - 2005,
,,2005 - 2006,
,,2007 - 2008,
,,2008 - 2009,
,,2020 - 2021,
,,2021 - 2022,
,,2022 - 2023,
,Nawada,2000 - 2001,
,,2001 - 2002,
,,2002 - 2003,
,,2003 - 2004,
,,2004 - 2005,
,,2005 - 2006,
,,2007 - 2008,
,,2008 - 2009,
,Pashchim champaran,2000 - 2001,
,,2001 - 2002,
,,2002 - 2003,
,,2003 - 2004,
,,2004 - 2005,
,,2005 - 2006,
,,2007 - 2008,
,,2008 - 2009,
,,2020 - 2021,
,,2021 - 2022,
,,2022 - 2023,
,Patna,2000 - 2001,
,,2001 - 2002,
,,2002 - 2003,
,,2003 - 2004,
,,2004 - 2005,
,,2005 - 2006,
,,2007 - 2008,
,,2008 - 2009,
,,2020 - 2021,
,,2021 - 2022,
,,2022 - 2023,
,Purbi champaran,2000 - 2001,
,,2001 - 2002,
,,2002 - 2003,
,,2003 - 2004,
,,2004 - 2005,
,,2005 - 2006,
,,2007 - 2008,
,,2008 - 2009,
,,2020 - 2021,
,,2021 - 2022,
,,2022 - 2023,
,Purnia,2000 - 2001,
,,2001 - 2002,
,,2002 - 2003,
,,2003 - 2004,
,,2004 - 2005,
,,2005 - 2006,
,,2007 - 2008,
,,2008 - 2009,
,,2020 - 2021,
,,2021 - 2022,
,,2022 - 2023,
,Rohtas,2000 - 2001,
,,2001 - 2002,
,,2002 - 2003,
,,2003 - 2004,
,,2004 - 2005,
,,2005 - 2006,
,,2007 - 2008,
,,2008 - 2009,
,Saharsa,2002 - 2003,
,,2003 - 2004,
,,2004 - 2005,
,,2005 - 2006,
,,2007 - 2008,
,,2008 - 2009,
,Samastipur,2000 - 2001,
,,2001 - 2002,
,,2002 - 2003,
,,2003 - 2004,
,,2004 - 2005,
,,2005 - 2006,
,,2007 - 2008,
,,2008 - 2009,
,,2020 - 2021,
,,2021 - 2022,
,,2022 - 2023,
,Saran,2001 - 2002,
,,2003 - 2004,
,,2007 - 2008,
,,2008 - 2009,
,Sheohar,2001 - 2002,
,,2002 - 2003,
,,2004 - 2005,
,,2005 - 2006,
,,2007 - 2008,
,,2008 - 2009,
,Sitamarhi,2000 - 2001,
,,2001 - 2002,
,,2002 - 2003,
,,2003 - 2004,
,,2004 - 2005,
,,2005 - 2006,
,,2007 - 2008,
,,2008 - 2009,
,,2020 - 2021,
,,2021 - 2022,
,,2022 - 2023,
,Siwan,2003 - 2004,
,,2004 - 2005,
,,2005 - 2006,
,,2007 - 2008,
,,2008 - 2009,
,,2020 - 2021,
,,2022 - 2023,
,Supaul,2000 - 2001,
,,2001 - 2002,
,,2002 - 2003,
,,2003 - 2004,
,,2004 - 2005,
,,2005 - 2006,
,,2007 - 2008,
,,2008 - 2009,
,,2020 - 2021,
,,2021 - 2022,
,,2022 - 2023,
,Vaishali,2000 - 2001,
,,2001 - 2002,
,,2002 - 2003,
,,2003 - 2004,
,,2004 - 2005,
,,2005 - 2006,
,,2007 - 2008,
,,2008 - 2009,
,,2020 - 2021,
,,2021 - 2022,
,,2022 - 2023,
Chhattisgarh,Balod,2011 - 2012,
,,2012 - 2013,
,,2013 - 2014,
,,2014 - 2015,
,,2015 - 2016,
,,2016 - 2017,
,,2019 - 2020,
,,2020 - 2021,
,,2021 - 2022,
,,2022 - 2023,
,Baloda bazar,2011 - 2012,
,,2012 - 2013,
,,2013 - 2014,
,,2014 - 2015,
,,2015 - 2016,
,,2016 - 2017,
,,2017 - 2018,
,,2018 - 2019,
,,2019 - 2020,
,,2020 - 2021,
,,2021 - 2022,
,,2022 - 2023,
,Balrampur,2011 - 2012,
,,2012 - 2013,
,,2013 - 2014,
,,2014 - 2015,
,,2015 - 2016,
,,2016 - 2017,
,,2017 - 2018,
,,2018 - 2019,
,,2019 - 2020,
,,2020 - 2021,
,,2021 - 2022,
,,2022 - 2023,
,Bastar,2000 - 2001,
,,2001 - 2002,
,,2002 - 2003,
,,2003 - 2004,
,,2004 - 2005,
,,2005 - 2006,
,,2006 - 2007,
,,2007 - 2008,
,,2008 - 2009,
,,2009 - 2010,
,,2010 - 2011,
,,2011 - 2012,
,,2012 - 2013,
,,2013 - 2014,
,,2014 - 2015,
,,2015 - 2016,
,,2016 - 2017,
,,2017 - 2018,
,,2018 - 2019,
,,2019 - 2020,
,,2020 - 2021,
,,2021 - 2022,
,,2022 - 2023,
,Bemetara,2011 - 2012,
,,2012 - 2013,
,,2013 - 2014,
,,2014 - 2015,
,,2015 - 2016,
,,2016 - 2017,
,,2017 - 2018,
,,2018 - 2019,
,,2019 - 2020,
,,2020 - 2021,
,,2021 - 2022,
,,2022 - 2023,
,Bijapur,2006 - 2007,
,,2007 - 2008,
,,2008 - 2009,
,,2009 - 2010,
,,2010 - 2011,
,,2011 - 2012,
,,2012 - 2013,
,,2013 - 2014,
,,2014 - 2015,
,,2015 - 2016,
,,2016 - 2017,
,,2017 - 2018,
,,2018 - 2019,
,,2019 - 2020,
,,2020 - 2021,
,,2021 - 2022,
,,2022 - 2023,
,Bilaspur,2000 - 2001,
,,2001 - 2002,
,,2002 - 2003,
,,2003 - 2004,
,,2004 - 2005,
,,2005 - 2006,
,,2006 - 2007,
,,2007 - 2008,
,,2008 - 2009,
,,2009 - 2010,
,,2010 - 2011,
,,2011 - 2012,
,,2012 - 2013,
,,2013 - 2014,
,,2014 - 2015,
,,2015 - 2016,
,,2016 - 2017,
,,2017 - 2018,
,,2018 - 2019,
,,2019 - 2020,
,,2020 - 2021,
,,2021 - 2022,
,,2022 - 2023,
,Dantewada,2000 - 2001,
,,2001 - 2002,
,,2002 - 2003,
,,2003 - 2004,
,,2004 - 2005,
,,2005 - 2006,
,,2006 - 2007,
,,2007 - 2008,
,,2008 - 2009,
,,2009 - 2010,
,,2010 - 2011,
,,2011 - 2012,
,,2012 - 2013,
,,2013 - 2014,
,,2014 - 2015,
,,2015 - 2016,
,,2016 - 2017,
,,2017 - 2018,
,,2018 - 2019,
,,2019 - 2020,
,,2020 - 2021,
,,2021 - 2022,
,,2022 - 2023,
,Dhamtari,2000 - 2001,
,,2001 - 2002,
,,2002 - 2003,
,,2003 - 2004,
,,2004 - 2005,
,,2005 - 2006,
,,2006 - 2007,
,,2007 - 2008,
,,2008 - 2009,
,,2009 - 2010,
,,2010 - 2011,
,,2011 - 2012,
,,2012 - 2013,
,,2013 - 2014,
,,2014 - 2015,
,,2015 - 2016,
,,2016 - 2017,
,,2017 - 2018,
,,2018 - 2019,
,,2019 - 2020,
,,2020 - 2021,
,,2021 - 2022,
,,2022 - 2023,
,Durg,2000 - 2001,
,,2001 - 2002,
,,2002 - 2003,
,,2003 - 2004,
,,2004 - 2005,
,,2005 - 2006,
,,2006 - 2007,
,,2007 - 2008,
,,2008 - 2009,
,,2009 - 2010,
,,2010 - 2011,
,,2011 - 2012,
,,2012 - 2013,
,,2013 - 2014,
,,2014 - 2015,
,,2015 - 2016,
,,2016 - 2017,
,,2017 - 2018,
,,2018 - 2019,
,,2019 - 2020,
,,2020 - 2021,
,,2021 - 2022,
,,2022 - 2023,
,Gariyaband,2011 - 2012,
,,2012 - 2013,
,,2013 - 2014,
,,2014 - 2015,
,,2015 - 2016,
,,2016 - 2017,
,,2017 - 2018,
,,2018 - 2019,
,,2019 - 2020,
,,2020 - 2021,
,,2021 - 2022,
,,2022 - 2023,
,Gaurella-pendra-marwahi,2019 - 2020,
,,2020 - 2021,
,,2021 - 2022,
,,2022 - 2023,
,Janjgir-champa,2000 - 2001,
,,2001 - 2002,
,,2002 - 2003,
,,2003 - 2004,
,,2004 - 2005,
,,2005 - 2006,
,,2006 - 2007,
,,2007 - 2008,
,,2008 - 2009,
,,2009 - 2010,
,,2010 - 2011,
,,2011 - 2012,
,,2012 - 2013,
,,2013 - 2014,
,,2014 - 2015,
,,2015 - 2016,
,,2016 - 2017,
,,2017 - 2018,
,,2018 - 2019,
,,2019 - 2020,
,,2020 - 2021,
,,2021 - 2022,
,,2022 - 2023,
,Jashpur,2000 - 2001,
,,2001 - 2002,
,,2002 - 2003,
,,2003 - 2004,
,,2004 - 2005,
,,2005 - 2006,
,,2006 - 2007,
,,2007 - 2008,
,,2008 - 2009,
,,2009 - 2010,
,,2010 - 2011,
,,2011 - 2012,
,,2012 - 2013,
,,2013 - 2014,
,,2014 - 2015,
,,2015 - 2016,
,,2016 - 2017,
,,2017 - 2018,
,,2018 - 2019,
,,2019 - 2020,
,,2020 - 2021,
,,2021 - 2022,
,,2022 - 2023,
,Kabirdham,2000 - 2001,
,,2001 - 2002,
,,2002 - 2003,
,,2003 - 2004,
,,2004 - 2005,
,,2005 - 2006,
,,2006 - 2007,
,,2007 - 2008,
,,2008 - 2009,
,,2009 - 2010,
,,2010 - 2011,
,,2011 - 2012,
,,2012 - 2013,
,,2013 - 2014,
,,2014 - 2015,
,,2015 - 2016,
,,2016 - 2017,
,,2017 - 2018,
,,2018 - 2019,
,,2019 - 2020,
,,2020 - 2021,
,,2021 - 2022,
,,2022 - 2023,
,Kanker,2000 - 2001,
,,2001 - 2002,
,,2002 - 2003,
,,2003 - 2004,
,,2004 - 2005,
,,2005 - 2006,
,,2006 - 2007,
,,2007 - 2008,
,,2008 - 2009,
,,2009 - 2010,
,,2010 - 2011,
,,2011 - 2012,
,,2012 - 2013,
,,2013 - 2014,
,,2014 - 2015,
,,2015 - 2016,
,,2016 - 2017,
,,2017 - 2018,
,,2018 - 2019,
,,2019 - 2020,
,,2020 - 2021,
,,2021 - 2022,
,,2022 - 2023,
,Khairgarh chhuikhadan gandai,2022 - 2023,
,Kondagaon,2011 - 2012,
,,2012 - 2013,
,,2013 - 2014,
,,2014 - 2015,
,,2015 - 2016,
,,2016 - 2017,
,,2017 - 2018,
,,2018 - 2019,
,,2019 - 2020,
,,2020 - 2021,
,,2021 - 2022,
,,2022 - 2023,
,Korba,2000 - 2001,
,,2001 - 2002,
,,2002 - 2003,
,,2003 - 2004,
,,2004 - 2005,
,,2005 - 2006,
,,2006 - 2007,
,,2007 - 2008,
,,2008 - 2009,
,,2009 - 2010,
,,2010 - 2011,
,,2011 - 2012,
,,2012 - 2013,
,,2013 - 2014,
,,2014 - 2015,
,,2015 - 2016,
,,2016 - 2017,
,,2017 - 2018,
,,2018 - 2019,
,,2019 - 2020,
,,2020 - 2021,
,,2021 - 2022,
,,2022 - 2023,
,Korea,2000 - 2001,
,,2001 - 2002,
,,2002 - 2003,
,,2003 - 2004,
,,2004 - 2005,
,,2005 - 2006,
,,2006 - 2007,
,,2007 - 2008,
,,2008 - 2009,
,,2009 - 2010,
,,2010 - 2011,
,,2011 - 2012,
,,2012 - 2013,
,,2013 - 2014,
,,2014 - 2015,
,,2015 - 2016,
,,2016 - 2017,
,,2017 - 2018,
,,2018 - 2019,
,,2019 - 2020,
,,2020 - 2021,
,,2021 - 2022,
,,2022 - 2023,
,Mahasamund,2000 - 2001,
,,2001 - 2002,
,,2002 - 2003,
,,2003 - 2004,
,,2004 - 2005,
,,2005 - 2006,
,,2006 - 2007,
,,2007 - 2008,
,,2008 - 2009,
,,2009 - 2010,
,,2010 - 2011,
,,2011 - 2012,
,,2012 - 2013,
,,2013 - 2014,
,,2014 - 2015,
,,2015 - 2016,
,,2016 - 2017,
,,2017 - 2018,
,,2018 - 2019,
,,2019 - 2020,
,,2020 - 2021,
,,2021 - 2022,
,,2022 - 2023,
,Manendragarh chirimiri bharatpur,2022 - 2023,
,Mohla manpur ambagarh chouki,2022 - 2023,
,Mungeli,2011 - 2012,
,,2012 - 2013,
,,2013 - 2014,
,,2014 - 2015,
,,2015 - 2016,
,,2016 - 2017,
,,2017 - 2018,
,,2018 - 2019,
,,2019 - 2020,
,,2020 - 2021,
,,2021 - 2022,
,,2022 - 2023,
,Narayanpur,2006 - 2007,
,,2007 - 2008,
,,2008 - 2009,
,,2009 - 2010,
,,2010 - 2011,
,,2011 - 2012,
,,2012 - 2013,
,,2013 - 2014,
,,2014 - 2015,
,,2015 - 2016,
,,2016 - 2017,
,,2017 - 2018,
,,2018 - 2019,
,,2019 - 2020,
,,2020 - 2021,
,Raigarh,2000 - 2001,
,,2001 - 2002,
,,2002 - 2003,
,,2003 - 2004,
,,2004 - 2005,
,,2005 - 2006,
,,2006 - 2007,
,,2007 - 2008,
,,2008 - 2009,
,,2009 - 2010,
,,2010 - 2011,
,,2011 - 2012,
,,2012 - 2013,
,,2013 - 2014,
,,2014 - 2015,
,,2015 - 2016,
,,2016 - 2017,
,,2017 - 2018,
,,2018 - 2019,
,,2019 - 2020,
,,2020 - 2021,
,,2021 - 2022,
,,2022 - 2023,
,Raipur,2000 - 2001,
,,2001 - 2002,
,,2002 - 2003,
,,2003 - 2004,
,,2004 - 2005,
,,2005 - 2006,
,,2006 - 2007,
,,2007 - 2008,
,,2008 - 2009,
,,2009 - 2010,
,,2010 - 2011,
,,2011 - 2012,
,,2012 - 2013,
,,2013 - 2014,
,,2014 - 2015,
,,2015 - 2016,
,,2016 - 2017,
,,2017 - 2018,
,,2018 - 2019,
,,2019 - 2020,
,,2020 - 2021,
,,2021 - 2022,
,,2022 - 2023,
,Rajnandgaon,2000 - 2001,
,,2001 - 2002,
,,2002 - 2003,
,,2003 - 2004,
,,2004 - 2005,
,,2005 - 2006,
,,2006 - 2007,
,,2007 - 2008,
,,2008 - 2009,
,,2009 - 2010,
,,2010 - 2011,
,,2011 - 2012,
,,2012 - 2013,
,,2013 - 2014,
,,2014 - 2015,
,,2015 - 2016,
,,2016 - 2017,
,,2017 - 2018,
,,2018 - 2019,
,,2019 - 2020,
,,2020 - 2021,
,,2021 - 2022,
,,2022 - 2023,
,Sakti,2022 - 2023,
,Sarangarh bilaigarh,2022 - 2023,
,Sukma,2011 - 2012,
,,2012 - 2013,
,,2013 - 2014,
,,2014 - 2015,
,,2015 - 2016,
,,2016 - 2017,
,,2017 - 2018,
,,2018 - 2019,
,,2019 - 2020,
,,2020 - 2021,
,,2021 - 2022,
,,2022 - 2023,
,Surajpur,2011 - 2012,
,,2012 - 2013,
,,2013 - 2014,
,,2014 - 2015,
,,2015 - 2016,
,,2016 - 2017,
,,2017 - 2018,
,,2018 - 2019,
,,2019 - 2020,
,,2020 - 2021,
,,2021 - 2022,
,,2022 - 2023,
,Surguja,2000 - 2001,
,,2001 - 2002,
,,2002 - 2003,
,,2003 - 2004,
,,2004 - 2005,
,,2005 - 2006,
,,2006 - 2007,
,,2007 - 2008,
,,2008 - 2009,
,,2009 - 2010,
,,2010 - 2011,
,,2011 - 2012,
,,2012 - 2013,
,,2013 - 2014,
,,2014 - 2015,
,,2015 - 2016,
,,2016 - 2017,
,,2017 - 2018,
,,2018 - 2019,
,,2019 - 2020,
,,2020 - 2021,
,,2021 - 2022,
,,2022 - 2023,
Gujarat,Ahmadabad,2001 - 2002,
,,2003 - 2004,
,,2005 - 2006,
,,2006 - 2007,
,,2007 - 2008,
,,2008 - 2009,
,,2009 - 2010,
,,2016 - 2017,
,Amreli,2000 - 2001,
,,2001 - 2002,
,,2002 - 2003,
,,2003 - 2004,
,,2004 - 2005,
,,2005 - 2006,
,,2006 - 2007,
,,2007 - 2008,
,,2008 - 2009,
,,2009 - 2010,
,,2010 - 2011,
,,2011 - 2012,
,,2016 - 2017,
,,2017 - 2018,
,Anand,2003 - 2004,
,,2004 - 2005,
,,2005 - 2006,
,,2006 - 2007,
,,2007 - 2008,
,,2008 - 2009,
,,2009 - 2010,
,,2010 - 2011,
,,2011 - 2012,
,,2012 - 2013,
,,2013 - 2014,
,,2014 - 2015,
,,2015 - 2016,
,,2016 - 2017,
,,2017 - 2018,
,,2018 - 2019,
,,2019 - 2020,
,,2020 - 2021,
,Banas kantha,2000 - 2001,
,,2001 - 2002,
,,2002 - 2003,
,,2003 - 2004,
,,2004 - 2005,
,,2005 - 2006,
,,2006 - 2007,
,,2007 - 2008,
,,2008 - 2009,
,,2009 - 2010,
,,2010 - 2011,
,,2011 - 2012,
,,2012 - 2013,
,,2013 - 2014,
,,2014 - 2015,
,,2015 - 2016,
,,2016 - 2017,
,,2017 - 2018,
,Bharuch,2000 - 2001,
,,2001 - 2002,
,,2002 - 2003,
,,2003 - 2004,
,,2007 - 2008,
,,2009 - 2010,
,Bhavnagar,2000 - 2001,
,,2001 - 2002,
,,2002 - 2003,
,,2003 - 2004,
,,2004 - 2005,
,,2005 - 2006,
,,2007 - 2008,
,,2008 - 2009,
,,2009 - 2010,
,,2014 - 2015,
,,2015 - 2016,
,Botad,2014 - 2015,
,,2018 - 2019,
,,2020 - 2021,
,Chhotaudepur,2014 - 2015,
,,2015 - 2016,
,,2016 - 2017,
,,2017 - 2018,
,,2018 - 2019,
,Dang,2000 - 2001,
,,2001 - 2002,
,,2002 - 2003,
,Devbhumi dwarka,2017 - 2018,
,Dohad,2003 - 2004,
,,2004 - 2005,
,,2005 - 2006,
,,2006 - 2007,
,,2013 - 2014,
,,2015 - 2016,
,Gandhinagar,2000 - 2001,
,,2001 - 2002,
,,2002 - 2003,
,,2003 - 2004,
,,2004 - 2005,
,,2006 - 2007,
,,2007 - 2008,
,,2008 - 2009,
,,2009 - 2010,
,Jamnagar,2000 - 2001,
,,2001 - 2002,
,,2002 - 2003,
,,2003 - 2004,
,,2004 - 2005,
,,2005 - 2006,
,,2006 - 2007,
,,2007 - 2008,
,,2008 - 2009,
,,2009 - 2010,
,,2010 - 2011,
,,2011 - 2012,
,,2014 - 2015,
,,2015 - 2016,
,,2016 - 2017,
,,2017 - 2018,
,Junagadh,2000 - 2001,
,,2001 - 2002,
,,2002 - 2003,
,,2005 - 2006,
,,2006 - 2007,
,,2007 - 2008,
,,2008 - 2009,
,,2009 - 2010,
,,2010 - 2011,
,,2011 - 2012,
,,2012 - 2013,
,Kachchh,2000 - 2001,
,,2001 - 2002,
,,2003 - 2004,
,,2004 - 2005,
,,2005 - 2006,
,,2007 - 2008,
,,2008 - 2009,
,,2009 - 2010,
,,2010 - 2011,
,,2011 - 2012,
,,2013 - 2014,
,,2014 - 2015,
,,2015 - 2016,
,,2016 - 2017,
,Kheda,2000 - 2001,
,,2001 - 2002,
,,2002 - 2003,
,,2003 - 2004,
,,2004 - 2005,
,,2005 - 2006,
,,2006 - 2007,
,,2007 - 2008,
,,2008 - 2009,
,,2009 - 2010,
,,2010 - 2011,
,,2011 - 2012,
,,2012 - 2013,
,,2013 - 2014,
,,2014 - 2015,
,,2015 - 2016,
,,2016 - 2017,
,,2017 - 2018,
,Mahesana,2000 - 2001,
,,2001 - 2002,
,,2002 - 2003,
,,2003 - 2004,
,,2004 - 2005,
,,2005 - 2006,
,,2006 - 2007,
,,2007 - 2008,
,,2008 - 2009,
,,2009 - 2010,
,,2010 - 2011,
,,2011 - 2012,
,,2012 - 2013,
,,2013 - 2014,
,,2015 - 2016,
,,2016 - 2017,
,,2020 - 2021,
,Mahisagar,2014 - 2015,
,,2015 - 2016,
,Navsari,2003 - 2004,
,,2004 - 2005,
,,2005 - 2006,
,,2006 - 2007,
,,2007 - 2008,
,,2008 - 2009,
,,2009 - 2010,
,,2010 - 2011,
,,2011 - 2012,
,,2012 - 2013,
,,2013 - 2014,
,,2014 - 2015,
,,2015 - 2016,
,,2016 - 2017,
,Panch mahals,2000 - 2001,
,,2001 - 2002,
,,2002 - 2003,
,,2003 - 2004,
,,2004 - 2005,
,,2005 - 2006,
,,2006 - 2007,
,,2007 - 2008,
,,2008 - 2009,
,,2009 - 2010,
,,2010 - 2011,
,,2011 - 2012,
,,2012 - 2013,
,,2013 - 2014,
,Patan,2003 - 2004,
,,2004 - 2005,
,,2005 - 2006,
,,2006 - 2007,
,,2007 - 2008,
,,2008 - 2009,
,,2009 - 2010,
,,2010 - 2011,
,,2011 - 2012,
,,2012 - 2013,
,,2013 - 2014,
,,2014 - 2015,
,,2015 - 2016,
,,2016 - 2017,
,,2017 - 2018,
,Porbandar,2013 - 2014,
,,2014 - 2015,
,,2015 - 2016,
,Rajkot,2000 - 2001,
,,2001 - 2002,
,,2002 - 2003,
,,2003 - 2004,
,,2004 - 2005,
,,2005 - 2006,
,,2006 - 2007,
,,2007 - 2008,
,,2008 - 2009,
,,2009 - 2010,
,,2012 - 2013,
,,2013 - 2014,
,,2014 - 2015,
,,2015 - 2016,
,,2016 - 2017,
,,2017 - 2018,
,Sabar kantha,2000 - 2001,
,,2001 - 2002,
,,2002 - 2003,
,,2003 - 2004,
,,2004 - 2005,
,,2005 - 2006,
,,2006 - 2007,
,,2007 - 2008,
,,2008 - 2009,
,,2009 - 2010,
,,2012 - 2013,
,,2013 - 2014,
,Surat,2000 - 2001,
,,2001 - 2002,
,,2002 - 2003,
,,2003 - 2004,
,,2004 - 2005,
,,2005 - 2006,
,,2006 - 2007,
,,2007 - 2008,
,,2008 - 2009,
,,2009 - 2010,
,,2012 - 2013,
,,2013 - 2014,
,,2014 - 2015,
,,2015 - 2016,
,,2016 - 2017,
,,2017 - 2018,
,Surendranagar,2000 - 2001,
,,2001 - 2002,
,,2004 - 2005,
,,2005 - 2006,
,,2006 - 2007,
,,2007 - 2008,
,,2008 - 2009,
,,2009 - 2010,
,,2010 - 2011,
,,2011 - 2012,
,,2012 - 2013,
,,2014 - 2015,
,,2015 - 2016,
,,2016 - 2017,
,,2017 - 2018,
,,2018 - 2019,
,,2019 - 2020,
,Tapi,2008 - 2009,
,,2009 - 2010,
,,2010 - 2011,
,,2011 - 2012,
,,2013 - 2014,
,,2014 - 2015,
,Vadodara,2000 - 2001,
,,2001 - 2002,
,,2002 - 2003,
,,2003 - 2004,
,,2004 - 2005,
,,2005 - 2006,
,,2006 - 2007,
,,2007 - 2008,
,,2008 - 2009,
,,2009 - 2010,
,,2010 - 2011,
,,2011 - 2012,
,,2012 - 2013,
,,2013 - 2014,
,,2014 - 2015,
,,2016 - 2017,
,Valsad,2000 - 2001,
,,2001 - 2002,
,,2002 - 2003,
,,2003 - 2004,
,,2004 - 2005,
,,2005 - 2006,
,,2006 - 2007,
,,2007 - 2008,
,,2008 - 2009,
,,2009 - 2010,
,,2010 - 2011,
,,2011 - 2012,
,,2012 - 2013,
,,2014 - 2015,
Haryana,Ambala,2000 - 2001,
,,2001 - 2002,
,,2003 - 2004,
,,2004 - 2005,
,,2005 - 2006,
,,2006 - 2007,
,,2007 - 2008,
,,2008 - 2009,
,,2009 - 2010,
,,2010 - 2011,
,,2012 - 2013,
,,2021 - 2022,
,Bhiwani,2000 - 2001,
,,2001 - 2002,
,,2003 - 2004,
,,2005 - 2006,
,,2007 - 2008,
,,2008 - 2009,
,,2012 - 2013,
,Faridabad,2000 - 2001,
,,2001 - 2002,
,,2006 - 2007,
,Fatehabad,2000 - 2001,
,,2001 - 2002,
,,2003 - 2004,
,,2004 - 2005,
,,2005 - 2006,
,,2006 - 2007,
,,2007 - 2008,
,,2008 - 2009,
,,2009 - 2010,
,,2010 - 2011,
,,2012 - 2013,
,Gurgaon,2000 - 2001,
,,2001 - 2002,
,,2003 - 2004,
,,2004 - 2005,
,,2005 - 2006,
,,2006 - 2007,
,,2009 - 2010,
,,2010 - 2011,
,Hisar,2000 - 2001,
,,2001 - 2002,
,,2003 - 2004,
,,2004 - 2005,
,,2005 - 2006,
,,2006 - 2007,
,,2007 - 2008,
,,2008 - 2009,
,,2009 - 2010,
,,2010 - 2011,
,,2012 - 2013,
,,2021 - 2022,
,Jind,2000 - 2001,
,,2001 - 2002,
,,2003 - 2004,
,,2006 - 2007,
,,2007 - 2008,
,,2008 - 2009,
,,2010 - 2011,
,,2012 - 2013,
,,2021 - 2022,
,Kaithal,2000 - 2001,
,,2001 - 2002,
,,2003 - 2004,
,,2004 - 2005,
,,2005 - 2006,
,,2006 - 2007,
,,2007 - 2008,
,,2008 - 2009,
,,2009 - 2010,
,,2010 - 2011,
,,2012 - 2013,
,,2021 - 2022,
,Karnal,2000 - 2001,
,,2001 - 2002,
,,2003 - 2004,
,,2004 - 2005,
,,2005 - 2006,
,,2006 - 2007,
,,2007 - 2008,
,,2008 - 2009,
,,2009 - 2010,
,,2010 - 2011,
,,2012 - 2013,
,,2021 - 2022,
,Kurukshetra,2000 - 2001,
,,2001 - 2002,
,,2003 - 2004,
,,2004 - 2005,
,,2005 - 2006,
,,2006 - 2007,
,,2007 - 2008,
,,2008 - 2009,
,,2009 - 2010,
,,2010 - 2011,
,,2012 - 2013,
,,2021 - 2022,
,Mahendragarh,2000 - 2001,
,,2001 - 2002,
,,2003 - 2004,
,,2004 - 2005,
,,2005 - 2006,
,,2006 - 2007,
,,2008 - 2009,
,,2009 - 2010,
,,2010 - 2011,
,,2021 - 2022,
,Mewat,2008 - 2009,
,,2010 - 2011,
,Palwal,2021 - 2022,
,Panchkula,2000 - 2001,
,,2001 - 2002,
,,2003 - 2004,
,,2004 - 2005,
,,2005 - 2006,
,,2006 - 2007,
,,2007 - 2008,
,,2008 - 2009,
,,2009 - 2010,
,,2010 - 2011,
,,2012 - 2013,
,,2021 - 2022,
,Panipat,2000 - 2001,
,,2001 - 2002,
,,2003 - 2004,
,,2004 - 2005,
,,2005 - 2006,
,,2006 - 2007,
,,2007 - 2008,
,,2008 - 2009,
,,2009 - 2010,
,,2010 - 2011,
,,2012 - 2013,
,,2021 - 2022,
,Rewari,2000 - 2001,
,,2001 - 2002,
,,2003 - 2004,
,,2004 - 2005,
,,2005 - 2006,
,,2006 - 2007,
,,2007 - 2008,
,,2008 - 2009,
,,2009 - 2010,
,,2012 - 2013,
,,2021 - 2022,
,Rohtak,2000 - 2001,
,,2001 - 2002,
,,2004 - 2005,
,Sirsa,2000 - 2001,
,,2001 - 2002,
,,2003 - 2004,
,,2004 - 2005,
,,2005 - 2006,
,,2006 - 2007,
,,2007 - 2008,
,,2008 - 2009,
,,2009 - 2010,
,,2010 - 2011,
,,2012 - 2013,
,,2021 - 2022,
,Sonipat,2000 - 2001,
,,2001 - 2002,
,,2003 - 2004,
,,2004 - 2005,
,,2005 - 2006,
,,2006 - 2007,
,,2007 - 2008,
,,2008 - 2009,
,,2009 - 2010,
,,2010 - 2011,
,,2012 - 2013,
,Yamunanagar,2000 - 2001,
,,2001 - 2002,
,,2003 - 2004,
,,2004 - 2005,
,,2005 - 2006,
,,2006 - 2007,
,,2007 - 2008,
,,2008 - 2009,
,,2009 - 2010,
,,2010 - 2011,
,,2012 - 2013,
,,2021 - 2022,
Himachal Pradesh,Bilaspur,2001 - 2002,
,,2002 - 2003,
,,2005 - 2006,0.27
,,2006 - 2007,0.36
,,2007 - 2008,0.4
,,2008 - 2009,0.33
,,2009 - 2010,0.58
,,2011 - 2012,0.27
,,2012 - 2013,0.39
,,2014 - 2015,0.27
,,2015 - 2016,0.31
,,2016 - 2017,0.29
,,2018 - 2019,0.25
,,2019 - 2020,0.4
,,2020 - 2021,0.54
,,2021 - 2022,0.58
,Chamba,2001 - 2002,
,,2002 - 2003,
,,2005 - 2006,0.08
,,2006 - 2007,0.27
,,2007 - 2008,0.42
,,2008 - 2009,0.28
,,2009 - 2010,0.57
,,2011 - 2012,0.27
,,2012 - 2013,0.27
,,2013 - 2014,0.27
,,2014 - 2015,0.27
,,2015 - 2016,0.29
,,2016 - 2017,0.3
,,2018 - 2019,0.33
,,2019 - 2020,0.44
,,2020 - 2021,0.57
,,2021 - 2022,0.56
,Hamirpur,2001 - 2002,
,,2002 - 2003,
,,2006 - 2007,0.0
,,2007 - 2008,0.33
,,2008 - 2009,0.0
,,2009 - 2010,0.63
,,2011 - 2012,0.23
,,2012 - 2013,0.27
,,2013 - 2014,0.31
,,2014 - 2015,0.27
,,2015 - 2016,0.22
,,2016 - 2017,0.0
,,2018 - 2019,0.22
,,2019 - 2020,0.5
,,2020 - 2021,0.5
,,2021 - 2022,0.5
,Kangra,2001 - 2002,
,,2002 - 2003,
,,2005 - 2006,0.17
,,2006 - 2007,0.35
,,2007 - 2008,0.43
,,2008 - 2009,0.35
,,2009 - 2010,0.67
,,2011 - 2012,0.27
,,2012 - 2013,0.27
,,2016 - 2017,0.23
,,2018 - 2019,0.33
,,2019 - 2020,0.5
,,2020 - 2021,0.6
,,2021 - 2022,0.5
,Kullu,2001 - 2002,
,,2002 - 2003,
,,2005 - 2006,0.2
,,2006 - 2007,0.28
,,2007 - 2008,0.31
,,2008 - 2009,0.26
,,2009 - 2010,0.54
,,2011 - 2012,0.22
,,2012 - 2013,0.25
,,2015 - 2016,0.53
,,2016 - 2017,0.18
,,2018 - 2019,0.41
,,2019 - 2020,0.62
,,2020 - 2021,0.54
,,2021 - 2022,0.57
,Lahul and spiti,2018 - 2019,0.29
,,2019 - 2020,0.5
,Mandi,2001 - 2002,
,,2002 - 2003,
,,2005 - 2006,0.18
,,2006 - 2007,0.24
,,2007 - 2008,0.25
,,2008 - 2009,0.25
,,2009 - 2010,0.53
,,2011 - 2012,0.2
,,2012 - 2013,0.2
,,2013 - 2014,0.2
,,2014 - 2015,0.2
,,2015 - 2016,0.25
,,2016 - 2017,0.32
,,2020 - 2021,0.42
,,2021 - 2022,0.43
,Shimla,2001 - 2002,
,,2002 - 2003,
,,2005 - 2006,0.56
,,2006 - 2007,0.33
,,2007 - 2008,0.42
,,2008 - 2009,0.32
,,2009 - 2010,0.6
,,2011 - 2012,0.31
,,2012 - 2013,0.32
,,2014 - 2015,0.33
,,2015 - 2016,0.28
,,2016 - 2017,0.38
,,2018 - 2019,0.37
,,2019 - 2020,0.58
,,2020 - 2021,1.09
,,2021 - 2022,1.11
,Sirmaur,2001 - 2002,
,,2002 - 2003,
,,2005 - 2006,0.17
,,2006 - 2007,0.22
,,2007 - 2008,0.43
,,2008 - 2009,0.37
,,2009 - 2010,0.5
,,2011 - 2012,0.36
,,2012 - 2013,0.39
,,2013 - 2014,0.38
,,2014 - 2015,0.37
,,2015 - 2016,0.39
,,2016 - 2017,0.36
,,2018 - 2019,0.34
,,2019 - 2020,0.47
,,2020 - 2021,0.67
,,2021 - 2022,0.68
,Solan,2001 - 2002,
,,2002 - 2003,
,,2005 - 2006,0.5
,,2006 - 2007,0.38
,,2007 - 2008,0.5
,,2008 - 2009,0.5
,,2009 - 2010,0.5
,,2011 - 2012,0.32
,,2012 - 2013,0.33
,,2013 - 2014,0.4
,,2014 - 2015,0.41
,,2015 - 2016,0.36
,,2016 - 2017,1.0
,,2018 - 2019,0.34
,,2019 - 2020,0.42
,,2020 - 2021,0.51
,,2021 - 2022,0.52
,Una,2001 - 2002,
,,2002 - 2003,
,,2005 - 2006,0.5
,,2006 - 2007,0.5
,,2007 - 2008,0.5
,,2008 - 2009,0.0
,,2009 - 2010,0.33
,,2012 - 2013,0.53
,,2014 - 2015,0.56
,,2015 - 2016,0.5
,,2016 - 2017,0.0
,,2018 - 2019,0.25
,,2019 - 2020,0.41
,,2020 - 2021,0.4
,,2021 - 2022,0.43
Jammu and Kashmir,Anantnag,2000 - 2001,
,,2005 - 2006,1.18
,,2006 - 2007,1.19
,,2007 - 2008,1.19
,,2009 - 2010,1.19
,,2010 - 2011,1.19
,,2011 - 2012,1.19
,,2012 - 2013,1.19
,,2014 - 2015,0.16
,,2015 - 2016,1.19
,,2016 - 2017,1.19
,,2017 - 2018,1.17
,,2018 - 2019,1.17
,,2019 - 2020,1.17
,,2020 - 2021,1.17
,Badgam,2000 - 2001,
,,2005 - 2006,1.18
,,2006 - 2007,1.18
,,2007 - 2008,1.18
,,2009 - 2010,1.18
,,2010 - 2011,1.18
,,2011 - 2012,1.18
,,2012 - 2013,1.18
,,2014 - 2015,1.18
,,2015 - 2016,1.18
,,2016 - 2017,1.17
,,2017 - 2018,1.18
,,2018 - 2019,1.18
,,2019 - 2020,1.18
,,2020 - 2021,1.18
,Baramulla,2007 - 2008,0.78
,,2009 - 2010,0.8
,,2015 - 2016,0.5
,,2016 - 2017,0.5
,,2017 - 2018,0.51
,,2018 - 2019,0.52
,,2019 - 2020,0.51
,,2020 - 2021,0.51
,Jammu,2007 - 2008,0.97
,,2011 - 2012,0.5
,,2012 - 2013,0.5
,,2016 - 2017,0.65
,,2018 - 2019,0.7
,,2019 - 2020,0.7
,,2020 - 2021,0.7
,,2021 - 2022,
,,2022 - 2023,
,Kathua,2000 - 2001,
,,2005 - 2006,0.48
,,2006 - 2007,0.48
,,2007 - 2008,0.48
,,2009 - 2010,0.48
,,2010 - 2011,0.48
,,2011 - 2012,0.48
,,2012 - 2013,0.48
,,2014 - 2015,0.48
,,2015 - 2016,0.48
,,2016 - 2017,0.48
,,2017 - 2018,0.48
,,2018 - 2019,0.48
,,2019 - 2020,0.48
,,2020 - 2021,0.48
,,2022 - 2023,
,Kulgam,2007 - 2008,1.18
,,2009 - 2010,1.19
,,2010 - 2011,1.19
,,2011 - 2012,1.19
,,2012 - 2013,1.19
,,2015 - 2016,1.2
,,2016 - 2017,1.2
,,2017 - 2018,1.2
,,2018 - 2019,1.2
,,2019 - 2020,1.2
,,2020 - 2021,1.2
,Kupwara,2020 - 2021,0.51
,Poonch,2000 - 2001,
,,2005 - 2006,1.16
,,2006 - 2007,1.16
,,2007 - 2008,1.16
,,2009 - 2010,1.16
,,2010 - 2011,1.16
,,2011 - 2012,1.16
,,2012 - 2013,1.16
,,2014 - 2015,1.07
,,2016 - 2017,0.63
,,2017 - 2018,0.63
,,2018 - 2019,0.63
,,2019 - 2020,0.63
,,2020 - 2021,0.63
,Pulwama,2000 - 2001,
,,2005 - 2006,1.18
,,2006 - 2007,1.18
,,2007 - 2008,1.18
,,2009 - 2010,1.18
,,2010 - 2011,1.18
,,2011 - 2012,1.18
,,2012 - 2013,1.18
,,2014 - 2015,0.06
,,2015 - 2016,1.18
,,2016 - 2017,1.18
,,2017 - 2018,1.18
,,2018 - 2019,1.18
,,2019 - 2020,1.18
,,2020 - 2021,1.18
,Rajauri,2000 - 2001,
,,2005 - 2006,0.66
,,2006 - 2007,0.65
,,2007 - 2008,0.65
,,2009 - 2010,0.65
,,2010 - 2011,0.66
,,2011 - 2012,0.66
,,2012 - 2013,0.66
,,2014 - 2015,0.66
,,2015 - 2016,0.66
,,2016 - 2017,0.66
,,2017 - 2018,0.66
,,2018 - 2019,0.66
,,2019 - 2020,0.66
,,2020 - 2021,0.66
,Reasi,2009 - 2010,1.13
,,2010 - 2011,1.13
,,2011 - 2012,1.15
,,2016 - 2017,0.65
,Samba,2017 - 2018,0.7
,Srinagar,2000 - 2001,
,,2005 - 2006,0.78
,,2007 - 2008,0.78
,,2009 - 2010,0.78
,,2010 - 2011,0.78
,,2011 - 2012,0.78
,,2012 - 2013,0.78
,,2014 - 2015,0.78
,,2015 - 2016,0.78
,,2016 - 2017,0.78
,,2017 - 2018,0.78
,,2018 - 2019,0.78
,,2019 - 2020,0.78
,,2020 - 2021,0.78
,Udhampur,2000 - 2001,
,,2005 - 2006,0.97
,,2006 - 2007,0.97
,,2007 - 2008,0.97
,,2009 - 2010,0.97
,,2010 - 2011,0.97
,,2011 - 2012,0.98
,,2012 - 2013,0.99
,,2014 - 2015,0.98
,,2015 - 2016,0.98
,,2016 - 2017,0.98
,,2017 - 2018,1.0
,,2018 - 2019,1.0
,,2019 - 2020,1.0
,,2020 - 2021,1.0
Karnataka,Bagalkot,2000 - 2001,
,,2001 - 2002,
,,2002 - 2003,
,,2003 - 2004,
,,2004 - 2005,
,,2005 - 2006,0.73
,,2006 - 2007,
,,2007 - 2008,0.9
,,2008 - 2009,0.93
,,2009 - 2010,
,,2010 - 2011,0.42
,,2011 - 2012,1.45
,,2012 - 2013,3.55
,,2013 - 2014,4.39
,,2014 - 2015,1.83
,,2015 - 2016,1.89
,,2016 - 2017,1.64
,,2017 - 2018,0.85
,,2018 - 2019,0.83
,,2019 - 2020,1.1
,,2020 - 2021,0.9
,,2021 - 2022,0.58
,,2022 - 2023,0.95
,Bangalore rural,2000 - 2001,
,,2001 - 2002,
,,2002 - 2003,
,,2003 - 2004,
,,2004 - 2005,
,,2005 - 2006,0.73
,,2006 - 2007,
,,2007 - 2008,0.9
,,2008 - 2009,0.93
,,2009 - 2010,
,,2010 - 2011,0.82
,,2011 - 2012,0.81
,,2012 - 2013,0.92
,,2013 - 2014,1.11
,,2014 - 2015,1.13
,,2015 - 2016,0.87
,,2016 - 2017,2.01
,,2017 - 2018,1.88
,,2022 - 2023,1.5
,Belgaum,2000 - 2001,
,,2001 - 2002,
,,2002 - 2003,
,,2003 - 2004,
,,2004 - 2005,
,,2005 - 2006,0.37
,,2006 - 2007,
,,2007 - 2008,0.86
,,2008 - 2009,0.56
,,2009 - 2010,
,,2010 - 2011,1.66
,,2011 - 2012,2.0
,,2012 - 2013,2.47
,,2013 - 2014,2.68
,,2014 - 2015,2.7
,,2015 - 2016,1.97
,,2016 - 2017,2.01
,,2017 - 2018,1.88
,,2018 - 2019,1.24
,,2020 - 2021,1.71
,,2021 - 2022,1.35
,,2022 - 2023,1.47
,Bellary,2000 - 2001,
,,2001 - 2002,
,,2002 - 2003,
,,2003 - 2004,
,,2004 - 2005,
,,2005 - 2006,1.51
,,2006 - 2007,
,,2007 - 2008,1.66
,,2008 - 2009,1.14
,,2009 - 2010,
,,2010 - 2011,1.08
,,2011 - 2012,1.2
,,2012 - 2013,1.05
,,2013 - 2014,1.27
,,2014 - 2015,1.27
,,2015 - 2016,1.52
,,2016 - 2017,4.35
,,2017 - 2018,3.55
,,2018 - 2019,2.56
,,2019 - 2020,2.56
,,2020 - 2021,2.68
,,2021 - 2022,1.89
,,2022 - 2023,2.4
,Bengaluru urban,2000 - 2001,
,,2001 - 2002,
,,2002 - 2003,
,,2003 - 2004,
,,2004 - 2005,
,,2005 - 2006,0.73
,,2006 - 2007,
,,2007 - 2008,0.9
,,2008 - 2009,0.92
,,2009 - 2010,
,,2010 - 2011,0.82
,,2011 - 2012,0.81
,,2012 - 2013,0.91
,,2013 - 2014,1.11
,,2014 - 2015,1.13
,,2015 - 2016,0.87
,,2016 - 2017,2.02
,,2017 - 2018,1.89
,,2020 - 2021,2.0
,,2022 - 2023,1.0
,Bidar,2000 - 2001,
,,2001 - 2002,
,,2002 - 2003,
,,2003 - 2004,
,,2004 - 2005,
,,2005 - 2006,0.73
,,2006 - 2007,
,,2007 - 2008,0.9
,,2008 - 2009,0.93
,,2009 - 2010,
,,2010 - 2011,0.82
,,2011 - 2012,0.81
,,2012 - 2013,0.92
,,2013 - 2014,1.11
,,2014 - 2015,1.13
,,2015 - 2016,0.87
,,2016 - 2017,2.01
,,2017 - 2018,1.88
,,2018 - 2019,1.24
,,2021 - 2022,1.0
,Bijapur,2000 - 2001,
,,2001 - 2002,
,,2002 - 2003,
,,2003 - 2004,
,,2004 - 2005,
,,2005 - 2006,0.73
,,2006 - 2007,
,,2007 - 2008,1.42
,,2008 - 2009,1.71
,,2009 - 2010,
,,2010 - 2011,1.93
,,2011 - 2012,1.16
,,2012 - 2013,0.69
,,2013 - 2014,0.76
,,2014 - 2015,0.9
,,2015 - 2016,1.63
,,2016 - 2017,2.51
,,2017 - 2018,1.86
,,2018 - 2019,3.12
,,2019 - 2020,8.81
,,2020 - 2021,2.4
,,2021 - 2022,3.0
,,2022 - 2023,3.43
,Chamarajanagar,2000 - 2001,
,,2001 - 2002,
,,2002 - 2003,
,,2003 - 2004,
,,2004 - 2005,
,,2005 - 2006,0.73
,,2006 - 2007,
,,2007 - 2008,0.9
,,2008 - 2009,0.93
,,2009 - 2010,
,,2010 - 2011,0.82
,,2011 - 2012,0.81
,,2012 - 2013,0.92
,,2013 - 2014,1.11
,,2014 - 2015,1.13
,,2015 - 2016,0.87
,,2016 - 2017,2.01
,,2017 - 2018,1.88
,,2020 - 2021,1.72
,,2021 - 2022,1.36
,,2022 - 2023,1.48
,Chikballapur,2007 - 2008,0.9
,,2008 - 2009,0.93
,,2009 - 2010,
,,2010 - 2011,4.58
,,2011 - 2012,0.81
,,2012 - 2013,0.92
,,2013 - 2014,1.11
,,2014 - 2015,1.13
,,2015 - 2016,0.87
,,2016 - 2017,2.01
,,2017 - 2018,1.88
,,2019 - 2020,1.74
,,2020 - 2021,1.8
,,2021 - 2022,1.36
,,2022 - 2023,1.33
,Chikmagalur,2000 - 2001,
,,2001 - 2002,
,,2002 - 2003,
,,2003 - 2004,
,,2004 - 2005,
,,2005 - 2006,0.98
,,2006 - 2007,
,,2007 - 2008,0.96
,,2008 - 2009,0.4
,,2009 - 2010,
,,2010 - 2011,0.61
,,2011 - 2012,0.55
,,2012 - 2013,0.27
,,2013 - 2014,0.51
,,2014 - 2015,0.69
,,2015 - 2016,0.58
,,2016 - 2017,0.9
,,2017 - 2018,1.4
,,2018 - 2019,1.13
,,2019 - 2020,1.13
,,2020 - 2021,1.67
,,2021 - 2022,1.06
,,2022 - 2023,1.02
,Chitradurga,2000 - 2001,
,,2001 - 2002,
,,2002 - 2003,
,,2003 - 2004,
,,2004 - 2005,
,,2005 - 2006,1.35
,,2006 - 2007,
,,2007 - 2008,1.26
,,2008 - 2009,1.04
,,2009 - 2010,
,,2010 - 2011,1.24
,,2011 - 2012,0.21
,,2012 - 2013,0.21
,,2013 - 2014,0.88
,,2014 - 2015,1.08
,,2015 - 2016,1.09
,,2016 - 2017,0.15
,,2017 - 2018,0.04
,,2018 - 2019,0.48
,,2019 - 2020,1.6
,,2020 - 2021,2.78
,,2022 - 2023,1.39
,Dakshin kannad,2000 - 2001,
,,2001 - 2002,
,,2002 - 2003,
,,2003 - 2004,
,,2004 - 2005,
,,2005 - 2006,0.72
,,2006 - 2007,
,,2007 - 2008,0.9
,,2008 - 2009,0.94
,,2009 - 2010,
,,2010 - 2011,0.83
,,2011 - 2012,0.81
,,2012 - 2013,0.92
,,2013 - 2014,1.1
,,2014 - 2015,1.13
,,2015 - 2016,0.87
,,2016 - 2017,2.02
,,2017 - 2018,1.88
,,2020 - 2021,2.0
,,2021 - 2022,1.36
,Davangere,2000 - 2001,
,,2001 - 2002,
,,2002 - 2003,
,,2003 - 2004,
,,2004 - 2005,
,,2005 - 2006,1.47
,,2006 - 2007,
,,2007 - 2008,0.47
,,2008 - 2009,1.38
,,2009 - 2010,
,,2010 - 2011,1.5
,,2011 - 2012,2.47
,,2012 - 2013,1.32
,,2013 - 2014,1.96
,,2014 - 2015,2.11
,,2015 - 2016,1.42
,,2016 - 2017,6.89
,,2017 - 2018,1.88
,,2018 - 2019,1.24
,,2019 - 2020,1.71
,,2020 - 2021,1.69
,,2021 - 2022,1.36
,,2022 - 2023,1.4
,Dharwad,2000 - 2001,
,,2001 - 2002,
,,2002 - 2003,
,,2003 - 2004,
,,2004 - 2005,
,,2005 - 2006,0.53
,,2006 - 2007,
,,2007 - 2008,0.59
,,2008 - 2009,0.74
,,2009 - 2010,
,,2010 - 2011,0.44
,,2011 - 2012,0.48
,,2012 - 2013,0.22
,,2013 - 2014,0.46
,,2014 - 2015,1.06
,,2015 - 2016,0.22
,,2016 - 2017,0.29
,,2017 - 2018,0.38
,,2018 - 2019,0.22
,,2019 - 2020,0.49
,,2020 - 2021,0.17
,,2021 - 2022,0.2
,,2022 - 2023,0.46
,Gadag,2000 - 2001,
,,2001 - 2002,
,,2002 - 2003,
,,2003 - 2004,
,,2004 - 2005,
,,2005 - 2006,0.67
,,2006 - 2007,
,,2007 - 2008,0.62
,,2008 - 2009,0.55
,,2009 - 2010,
,,2010 - 2011,0.89
,,2011 - 2012,0.45
,,2012 - 2013,0.68
,,2013 - 2014,1.62
,,2014 - 2015,0.51
,,2015 - 2016,0.46
,,2016 - 2017,1.2
,,2017 - 2018,1.89
,,2018 - 2019,0.49
,,2019 - 2020,1.08
,,2020 - 2021,0.74
,,2021 - 2022,0.93
,,2022 - 2023,0.8
,Gulbarga,2000 - 2001,
,,2001 - 2002,
,,2002 - 2003,
,,2003 - 2004,
,,2004 - 2005,
,,2005 - 2006,1.91
,,2006 - 2007,
,,2007 - 2008,2.55
,,2008 - 2009,1.87
,,2009 - 2010,
,,2010 - 2011,1.92
,,2011 - 2012,1.52
,,2012 - 2013,0.86
,,2013 - 2014,2.06
,,2014 - 2015,
,,2015 - 2016,0.87
,,2016 - 2017,2.01
,,2017 - 2018,5.04
,,2018 - 2019,0.87
,,2019 - 2020,4.24
,,2021 - 2022,0.93
,,2022 - 2023,0.9
,Hassan,2000 - 2001,
,,2001 - 2002,
,,2002 - 2003,
,,2003 - 2004,
,,2004 - 2005,
,,2005 - 2006,0.73
,,2006 - 2007,
,,2007 - 2008,0.9
,,2008 - 2009,2.19
,,2009 - 2010,
,,2010 - 2011,0.94
,,2011 - 2012,0.81
,,2012 - 2013,0.92
,,2013 - 2014,1.11
,,2014 - 2015,1.13
,,2015 - 2016,0.87
,,2016 - 2017,2.01
,,2017 - 2018,1.88
,,2020 - 2021,1.71
,,2021 - 2022,1.29
,,2022 - 2023,1.56
,Haveri,2000 - 2001,
,,2001 - 2002,
,,2002 - 2003,
,,2003 - 2004,
,,2004 - 2005,
,,2005 - 2006,0.4
,,2006 - 2007,
,,2007 - 2008,1.12
,,2008 - 2009,1.74
,,2009 - 2010,
,,2010 - 2011,0.71
,,2011 - 2012,1.14
,,2012 - 2013,1.03
,,2013 - 2014,1.33
,,2014 - 2015,1.13
,,2015 - 2016,0.99
,,2016 - 2017,0.25
,,2017 - 2018,0.7
,,2018 - 2019,0.38
,,2019 - 2020,0.28
,,2020 - 2021,0.77
,,2022 - 2023,0.27
,Kodagu,2000 - 2001,
,,2001 - 2002,
,,2002 - 2003,
,,2003 - 2004,
,,2004 - 2005,
,,2005 - 2006,
,,2006 - 2007,
,,2007 - 2008,
,,2008 - 2009,0.92
,,2009 - 2010,
,,2010 - 2011,0.86
,,2011 - 2012,0.86
,,2012 - 2013,
,,2013 - 2014,1.2
,,2014 - 2015,1.14
,,2015 - 2016,0.87
,,2016 - 2017,2.01
,,2017 - 2018,1.88
,Kolar,2000 - 2001,
,,2001 - 2002,
,,2002 - 2003,
,,2003 - 2004,
,,2004 - 2005,
,,2005 - 2006,0.73
,,2006 - 2007,
,,2007 - 2008,0.9
,,2008 - 2009,0.93
,,2009 - 2010,
,,2010 - 2011,0.82
,,2011 - 2012,0.81
,,2012 - 2013,0.92
,,2013 - 2014,1.11
,,2014 - 2015,1.13
,,2015 - 2016,0.87
,,2016 - 2017,2.01
,,2017 - 2018,1.88
,,2019 - 2020,1.75
,,2021 - 2022,1.37
,Koppal,2000 - 2001,
,,2001 - 2002,
,,2002 - 2003,
,,2003 - 2004,
,,2004 - 2005,
,,2005 - 2006,0.73
,,2006 - 2007,
,,2007 - 2008,0.9
,,2008 - 2009,0.93
,,2009 - 2010,
,,2010 - 2011,2.59
,,2011 - 2012,0.81
,,2012 - 2013,0.92
,,2013 - 2014,1.11
,,2014 - 2015,1.13
,,2015 - 2016,0.87
,,2016 - 2017,2.01
,,2017 - 2018,1.88
,,2018 - 2019,1.24
,,2019 - 2020,1.74
,,2020 - 2021,1.71
,,2022 - 2023,1.47
,Mandya,2000 - 2001,
,,2001 - 2002,
,,2002 - 2003,
,,2003 - 2004,
,,2004 - 2005,
,,2005 - 2006,0.73
,,2006 - 2007,
,,2007 - 2008,0.9
,,2008 - 2009,0.93
,,2009 - 2010,
,,2010 - 2011,0.82
,,2011 - 2012,0.81
,,2012 - 2013,0.92
,,2013 - 2014,1.11
,,2014 - 2015,1.13
,,2015 - 2016,0.87
,,2016 - 2017,2.01
,,2017 - 2018,1.88
,,2021 - 2022,1.0
,Mysore,2000 - 2001,
,,2001 - 2002,
,,2002 - 2003,
,,2003 - 2004,
,,2004 - 2005,
,,2005 - 2006,0.73
,,2006 - 2007,
,,2007 - 2008,0.9
,,2008 - 2009,0.93
,,2009 - 2010,
,,2010 - 2011,0.82
,,2011 - 2012,0.81
,,2012 - 2013,0.92
,,2013 - 2014,1.11
,,2014 - 2015,1.13
,,2015 - 2016,0.87
,,2016 - 2017,2.01
,,2017 - 2018,1.88
,,2020 - 2021,1.73
,,2021 - 2022,1.36
,Raichur,2000 - 2001,
,,2001 - 2002,
,,2002 - 2003,
,,2003 - 2004,
,,2004 - 2005,
,,2005 - 2006,0.67
,,2006 - 2007,
,,2007 - 2008,0.53
,,2008 - 2009,0.76
,,2009 - 2010,
,,2010 - 2011,1.37
,,2011 - 2012,1.05
,,2012 - 2013,1.12
,,2013 - 2014,1.24
,,2014 - 2015,2.12
,,2015 - 2016,2.11
,,2016 - 2017,2.01
,,2017 - 2018,1.88
,,2018 - 2019,1.24
,,2019 - 2020,1.74
,,2020 - 2021,1.72
,,2022 - 2023,1.48
,Ramanagara,2007 - 2008,0.9
,,2008 - 2009,0.93
,,2009 - 2010,
,,2010 - 2011,0.82
,,2011 - 2012,0.81
,,2012 - 2013,0.92
,,2013 - 2014,1.11
,,2014 - 2015,1.13
,,2015 - 2016,0.87
,,2016 - 2017,0.52
,,2017 - 2018,1.07
,,2019 - 2020,0.86
,,2021 - 2022,0.5
,Shimoga,2000 - 2001,
,,2001 - 2002,
,,2002 - 2003,
,,2003 - 2004,
,,2004 - 2005,
,,2005 - 2006,0.73
,,2006 - 2007,
,,2007 - 2008,0.9
,,2008 - 2009,0.93
,,2009 - 2010,
,,2010 - 2011,0.82
,,2011 - 2012,0.81
,,2012 - 2013,0.91
,,2013 - 2014,1.11
,,2014 - 2015,1.13
,,2015 - 2016,0.87
,,2016 - 2017,2.02
,,2017 - 2018,1.88
,,2018 - 2019,1.27
,,2020 - 2021,1.8
,,2021 - 2022,1.36
,Tumkur,2000 - 2001,
,,2001 - 2002,
,,2002 - 2003,
,,2003 - 2004,
,,2004 - 2005,
,,2005 - 2006,0.77
,,2006 - 2007,
,,2007 - 2008,1.37
,,2008 - 2009,0.7
,,2009 - 2010,
,,2010 - 2011,1.39
,,2011 - 2012,1.07
,,2012 - 2013,0.71
,,2013 - 2014,1.12
,,2014 - 2015,1.62
,,2015 - 2016,1.11
,,2016 - 2017,0.41
,,2017 - 2018,0.87
,,2018 - 2019,0.98
,,2019 - 2020,1.3
,,2020 - 2021,1.32
,,2021 - 2022,1.27
,,2022 - 2023,1.26
,Udupi,2000 - 2001,
,,2001 - 2002,
,,2002 - 2003,
,,2003 - 2004,
,,2004 - 2005,
,,2005 - 2006,0.73
,,2006 - 2007,
,,2007 - 2008,0.9
,,2008 - 2009,0.93
,,2009 - 2010,
,,2010 - 2011,0.82
,,2011 - 2012,0.81
,,2012 - 2013,0.92
,,2013 - 2014,1.11
,,2014 - 2015,1.13
,,2015 - 2016,0.87
,,2016 - 2017,2.02
,,2017 - 2018,1.88
,,2022 - 2023,1.5
,Uttar kannad,2000 - 2001,
,,2001 - 2002,
,,2002 - 2003,
,,2003 - 2004,
,,2004 - 2005,
,,2005 - 2006,0.75
,,2006 - 2007,
,,2007 - 2008,0.92
,,2008 - 2009,
,,2009 - 2010,
,,2010 - 2011,
,,2011 - 2012,
,,2012 - 2013,
,,2013 - 2014,
,,2014 - 2015,
,,2017 - 2018,
,,2021 - 2022,1.4
,Vijayanagar,2022 - 2023,2.06
,Yadgir,2010 - 2011,0.95
,,2011 - 2012,1.28
,,2012 - 2013,1.32
,,2013 - 2014,0.96
,,2014 - 2015,1.24
,,2015 - 2016,0.6
,,2016 - 2017,2.01
,,2017 - 2018,1.88
,,2018 - 2019,1.24
,,2019 - 2020,1.74
Madhya Pradesh,Agar malwa,2013 - 2014,
,,2015 - 2016,
,,2016 - 2017,
,,2017 - 2018,
,,2018 - 2019,
,Alirajpur,2009 - 2010,
,,2010 - 2011,
,,2011 - 2012,
,,2012 - 2013,
,,2013 - 2014,
,,2015 - 2016,
,,2016 - 2017,
,,2017 - 2018,
,,2018 - 2019,
,Anuppur,2003 - 2004,
,,2006 - 2007,
,,2009 - 2010,
,,2010 - 2011,
,,2011 - 2012,
,,2012 - 2013,
,,2013 - 2014,
,,2015 - 2016,
,,2016 - 2017,
,,2017 - 2018,
,,2018 - 2019,
,Ashoknagar,2003 - 2004,
,,2006 - 2007,
,,2009 - 2010,
,,2010 - 2011,
,,2011 - 2012,
,,2012 - 2013,
,,2013 - 2014,
,,2015 - 2016,
,,2016 - 2017,
,,2017 - 2018,
,,2018 - 2019,
,Balaghat,2000 - 2001,
,,2001 - 2002,
,,2002 - 2003,
,,2003 - 2004,
,,2006 - 2007,
,,2009 - 2010,
,,2010 - 2011,
,,2011 - 2012,
,,2012 - 2013,
,,2013 - 2014,
,,2016 - 2017,
,,2017 - 2018,
,,2018 - 2019,
,Barwani,2000 - 2001,
,,2001 - 2002,
,,2002 - 2003,
,,2003 - 2004,
,,2006 - 2007,
,,2009 - 2010,
,,2010 - 2011,
,,2011 - 2012,
,,2012 - 2013,
,,2013 - 2014,
,,2015 - 2016,
,,2016 - 2017,
,,2017 - 2018,
,,2018 - 2019,
,Betul,2000 - 2001,
,,2001 - 2002,
,,2002 - 2003,
,,2003 - 2004,
,,2006 - 2007,
,,2009 - 2010,
,,2010 - 2011,
,,2011 - 2012,
,,2012 - 2013,
,,2013 - 2014,
,,2015 - 2016,
,,2016 - 2017,
,,2017 - 2018,
,,2018 - 2019,
,Bhind,2000 - 2001,
,,2001 - 2002,
,,2002 - 2003,
,,2003 - 2004,
,,2006 - 2007,
,,2009 - 2010,
,,2010 - 2011,
,,2011 - 2012,
,,2012 - 2013,
,,2013 - 2014,
,Bhopal,2000 - 2001,
,,2001 - 2002,
,,2002 - 2003,
,,2003 - 2004,
,,2006 - 2007,
,,2009 - 2010,
,,2010 - 2011,
,,2011 - 2012,
,,2012 - 2013,
,,2013 - 2014,
,,2015 - 2016,
,,2016 - 2017,
,,2017 - 2018,
,,2018 - 2019,
,Burhanpur,2003 - 2004,
,,2006 - 2007,
,,2009 - 2010,
,,2010 - 2011,
,,2011 - 2012,
,,2012 - 2013,
,,2013 - 2014,
,,2015 - 2016,
,,2016 - 2017,
,,2017 - 2018,
,,2018 - 2019,
,Chhatarpur,2000 - 2001,
,,2001 - 2002,
,,2002 - 2003,
,,2003 - 2004,
,,2006 - 2007,
,,2009 - 2010,
,,2010 - 2011,
,,2011 - 2012,
,,2012 - 2013,
,,2013 - 2014,
,,2015 - 2016,
,,2016 - 2017,
,,2017 - 2018,
,,2018 - 2019,
,Chhindwara,2000 - 2001,
,,2001 - 2002,
,,2002 - 2003,
,,2003 - 2004,
,,2006 - 2007,
,,2009 - 2010,
,,2010 - 2011,
,,2011 - 2012,
,,2012 - 2013,
,,2013 - 2014,
,,2015 - 2016,
,,2016 - 2017,
,,2017 - 2018,
,,2018 - 2019,
,Damoh,2000 - 2001,
,,2001 - 2002,
,,2002 - 2003,
,,2003 - 2004,
,,2006 - 2007,
,,2009 - 2010,
,,2010 - 2011,
,,2011 - 2012,
,,2012 - 2013,
,,2013 - 2014,
,,2015 - 2016,
,,2016 - 2017,
,,2017 - 2018,
,,2018 - 2019,
,Datia,2000 - 2001,
,,2001 - 2002,
,,2002 - 2003,
,,2003 - 2004,
,,2006 - 2007,
,,2009 - 2010,
,,2010 - 2011,
,,2011 - 2012,
,,2012 - 2013,
,,2013 - 2014,
,,2015 - 2016,
,,2016 - 2017,
,,2017 - 2018,
,,2018 - 2019,
,Dewas,2000 - 2001,
,,2001 - 2002,
,,2002 - 2003,
,,2003 - 2004,
,,2006 - 2007,
,,2009 - 2010,
,,2013 - 2014,
,Dhar,2000 - 2001,
,,2001 - 2002,
,,2002 - 2003,
,,2003 - 2004,
,,2006 - 2007,
,,2009 - 2010,
,,2010 - 2011,
,,2011 - 2012,
,,2012 - 2013,
,,2013 - 2014,
,,2015 - 2016,
,,2016 - 2017,
,,2017 - 2018,
,,2018 - 2019,
,Dindori,2000 - 2001,
,,2001 - 2002,
,,2002 - 2003,
,,2003 - 2004,
,,2006 - 2007,
,,2009 - 2010,
,,2010 - 2011,
,,2011 - 2012,
,,2012 - 2013,
,,2013 - 2014,
,Guna,2000 - 2001,
,,2001 - 2002,
,,2002 - 2003,
,,2003 - 2004,
,,2006 - 2007,
,,2009 - 2010,
,,2010 - 2011,
,,2011 - 2012,
,,2012 - 2013,
,,2013 - 2014,
,Gwalior,2000 - 2001,
,,2001 - 2002,
,,2002 - 2003,
,,2003 - 2004,
,,2006 - 2007,
,,2009 - 2010,
,,2010 - 2011,
,,2011 - 2012,
,,2012 - 2013,
,,2013 - 2014,
,,2015 - 2016,
,,2016 - 2017,
,,2017 - 2018,
,,2018 - 2019,
,Harda,2000 - 2001,
,,2001 - 2002,
,,2002 - 2003,
,,2003 - 2004,
,,2006 - 2007,
,,2009 - 2010,
,,2010 - 2011,
,,2011 - 2012,
,,2012 - 2013,
,,2013 - 2014,
,Hoshangabad,2000 - 2001,
,,2001 - 2002,
,,2002 - 2003,
,,2003 - 2004,
,,2006 - 2007,
,,2009 - 2010,
,,2010 - 2011,
,,2011 - 2012,
,,2012 - 2013,
,,2013 - 2014,
,,2015 - 2016,
,,2016 - 2017,
,,2017 - 2018,
,,2018 - 2019,
,Indore,2000 - 2001,
,,2001 - 2002,
,,2002 - 2003,
,,2003 - 2004,
,,2006 - 2007,
,,2009 - 2010,
,,2010 - 2011,
,,2011 - 2012,
,,2012 - 2013,
,,2013 - 2014,
,Jabalpur,2000 - 2001,
,,2001 - 2002,
,,2002 - 2003,
,,2003 - 2004,
,,2006 - 2007,
,,2009 - 2010,
,,2010 - 2011,
,,2011 - 2012,
,,2012 - 2013,
,,2013 - 2014,
,,2015 - 2016,
,,2016 - 2017,
,,2017 - 2018,
,,2018 - 2019,
,Jhabua,2000 - 2001,
,,2001 - 2002,
,,2002 - 2003,
,,2003 - 2004,
,,2006 - 2007,
,,2009 - 2010,
,,2010 - 2011,
,,2011 - 2012,
,,2012 - 2013,
,,2013 - 2014,
,,2015 - 2016,
,,2016 - 2017,
,,2017 - 2018,
,,2018 - 2019,
,Katni,2000 - 2001,
,,2001 - 2002,
,,2002 - 2003,
,,2003 - 2004,
,,2006 - 2007,
,,2009 - 2010,
,,2010 - 2011,
,,2011 - 2012,
,,2012 - 2013,
,,2013 - 2014,
,,2015 - 2016,
,,2016 - 2017,
,,2017 - 2018,
,,2018 - 2019,
,Khandwa,2000 - 2001,
,,2001 - 2002,
,,2002 - 2003,
,,2003 - 2004,
,,2006 - 2007,
,,2009 - 2010,
,,2010 - 2011,
,,2011 - 2012,
,,2012 - 2013,
,,2013 - 2014,
,,2015 - 2016,
,,2016 - 2017,
,,2017 - 2018,
,,2018 - 2019,
,Khargone,2000 - 2001,
,,2001 - 2002,
,,2002 - 2003,
,,2003 - 2004,
,,2006 - 2007,
,,2009 - 2010,
,,2010 - 2011,
,,2011 - 2012,
,,2012 - 2013,
,,2013 - 2014,
,,2015 - 2016,
,,2016 - 2017,
,,2017 - 2018,
,,2018 - 2019,
,Mandla,2000 - 2001,
,,2001 - 2002,
,,2002 - 2003,
,,2003 - 2004,
,,2006 - 2007,
,,2009 - 2010,
,,2010 - 2011,
,,2011 - 2012,
,,2012 - 2013,
,,2013 - 2014,
,,2015 - 2016,
,,2016 - 2017,
,,2017 - 2018,
,,2018 - 2019,
,Mandsaur,2000 - 2001,
,,2001 - 2002,
,,2002 - 2003,
,,2003 - 2004,
,,2006 - 2007,
,,2009 - 2010,
,,2010 - 2011,
,,2011 - 2012,
,,2012 - 2013,
,,2013 - 2014,
,,2015 - 2016,
,,2016 - 2017,
,,2017 - 2018,
,,2018 - 2019,
,Morena,2000 - 2001,
,,2001 - 2002,
,,2002 - 2003,
,,2003 - 2004,
,,2006 - 2007,
,,2009 - 2010,
,,2010 - 2011,
,,2011 - 2012,
,,2012 - 2013,
,,2013 - 2014,
,,2015 - 2016,
,,2016 - 2017,
,,2017 - 2018,
,,2018 - 2019,
,Narsinghpur,2000 - 2001,
,,2001 - 2002,
,,2002 - 2003,
,,2003 - 2004,
,,2006 - 2007,
,,2009 - 2010,
,,2010 - 2011,
,,2011 - 2012,
,,2012 - 2013,
,,2013 - 2014,
,,2015 - 2016,
,,2016 - 2017,
,,2017 - 2018,
,,2018 - 2019,
,Neemuch,2000 - 2001,
,,2001 - 2002,
,,2002 - 2003,
,,2003 - 2004,
,,2006 - 2007,
,,2009 - 2010,
,,2010 - 2011,
,,2011 - 2012,
,,2012 - 2013,
,,2013 - 2014,
,,2015 - 2016,
,,2016 - 2017,
,,2017 - 2018,
,,2018 - 2019,
,Panna,2000 - 2001,
,,2001 - 2002,
,,2002 - 2003,
,,2003 - 2004,
,,2006 - 2007,
,,2009 - 2010,
,,2010 - 2011,
,,2011 - 2012,
,,2012 - 2013,
,,2013 - 2014,
,,2015 - 2016,
,,2016 - 2017,
,,2017 - 2018,
,,2018 - 2019,
,Raisen,2000 - 2001,
,,2001 - 2002,
,,2002 - 2003,
,,2003 - 2004,
,,2006 - 2007,
,,2009 - 2010,
,,2010 - 2011,
,,2011 - 2012,
,,2012 - 2013,
,,2013 - 2014,
,,2015 - 2016,
,,2016 - 2017,
,,2017 - 2018,
,,2018 - 2019,
,Rajgarh,2000 - 2001,
,,2001 - 2002,
,,2002 - 2003,
,,2003 - 2004,
,,2006 - 2007,
,,2009 - 2010,
,,2010 - 2011,
,,2011 - 2012,
,,2012 - 2013,
,,2013 - 2014,
,,2015 - 2016,
,,2016 - 2017,
,,2017 - 2018,
,,2018 - 2019,
,Ratlam,2000 - 2001,
,,2001 - 2002,
,,2002 - 2003,
,,2003 - 2004,
,,2006 - 2007,
,,2009 - 2010,
,,2010 - 2011,
,,2011 - 2012,
,,2012 - 2013,
,,2013 - 2014,
,,2015 - 2016,
,,2016 - 2017,
,,2017 - 2018,
,,2018 - 2019,
,Rewa,2000 - 2001,
,,2001 - 2002,
,,2002 - 2003,
,,2003 - 2004,
,,2006 - 2007,
,,2009 - 2010,
,,2010 - 2011,
,,2011 - 2012,
,,2012 - 2013,
,,2013 - 2014,
,,2015 - 2016,
,,2016 - 2017,
,,2017 - 2018,
,,2018 - 2019,
,Sagar,2000 - 2001,
,,2001 - 2002,
,,2002 - 2003,
,,2003 - 2004,
,,2006 - 2007,
,,2009 - 2010,
,,2010 - 2011,
,,2011 - 2012,
,,2012 - 2013,
,,2013 - 2014,
,Satna,2000 - 2001,
,,2001 - 2002,
,,2002 - 2003,
,,2003 - 2004,
,,2006 - 2007,
,,2009 - 2010,
,,2010 - 2011,
,,2011 - 2012,
,,2012 - 2013,
,,2013 - 2014,
,,2015 - 2016,
,,2016 - 2017,
,,2017 - 2018,
,,2018 - 2019,
,Sehore,2000 - 2001,
,,2001 - 2002,
,,2002 - 2003,
,,2003 - 2004,
,,2006 - 2007,
,,2009 - 2010,
,,2010 - 2011,
,,2011 - 2012,
,,2012 - 2013,
,,2013 - 2014,
,,2015 - 2016,
,,2016 - 2017,
,,2017 - 2018,
,,2018 - 2019,
,Seoni,2000 - 2001,
,,2001 - 2002,
,,2002 - 2003,
,,2003 - 2004,
,,2006 - 2007,
,,2009 - 2010,
,,2010 - 2011,
,,2011 - 2012,
,,2012 - 2013,
,,2013 - 2014,
,,2015 - 2016,
,,2016 - 2017,
,,2017 - 2018,
,,2018 - 2019,
,Shahdol,2000 - 2001,
,,2001 - 2002,
,,2002 - 2003,
,,2003 - 2004,
,,2006 - 2007,
,,2009 - 2010,
,,2010 - 2011,
,,2011 - 2012,
,,2012 - 2013,
,,2013 - 2014,
,Shajapur,2000 - 2001,
,,2001 - 2002,
,,2002 - 2003,
,,2003 - 2004,
,,2006 - 2007,
,,2009 - 2010,
,,2010 - 2011,
,,2011 - 2012,
,,2012 - 2013,
,,2013 - 2014,
,,2015 - 2016,
,,2016 - 2017,
,,2017 - 2018,
,,2018 - 2019,
,Sheopur,2000 - 2001,
,,2001 - 2002,
,,2002 - 2003,
,,2003 - 2004,
,,2006 - 2007,
,,2009 - 2010,
,,2010 - 2011,
,,2011 - 2012,
,,2012 - 2013,
,,2015 - 2016,
,,2016 - 2017,
,,2017 - 2018,
,,2018 - 2019,
,Shivpuri,2000 - 2001,
,,2001 - 2002,
,,2002 - 2003,
,,2003 - 2004,
,,2006 - 2007,
,,2009 - 2010,
,,2010 - 2011,
,,2011 - 2012,
,,2012 - 2013,
,,2013 - 2014,
,,2015 - 2016,
,,2016 - 2017,
,,2017 - 2018,
,,2018 - 2019,
,Sidhi,2000 - 2001,
,,2001 - 2002,
,,2002 - 2003,
,,2003 - 2004,
,,2006 - 2007,
,,2009 - 2010,
,,2010 - 2011,
,,2011 - 2012,
,,2012 - 2013,
,,2013 - 2014,
,,2015 - 2016,
,,2016 - 2017,
,,2017 - 2018,
,,2018 - 2019,
,Singrauli,2009 - 2010,
,,2010 - 2011,
,,2011 - 2012,
,,2012 - 2013,
,,2013 - 2014,
,,2015 - 2016,
,,2016 - 2017,
,,2017 - 2018,
,,2018 - 2019,
,Tikamgarh,2000 - 2001,
,,2001 - 2002,
,,2002 - 2003,
,,2003 - 2004,
,,2006 - 2007,
,,2009 - 2010,
,,2010 - 2011,
,,2011 - 2012,
,,2012 - 2013,
,,2013 - 2014,
,,2015 - 2016,
,,2016 - 2017,
,,2017 - 2018,
,,2018 - 2019,
,Ujjain,2000 - 2001,
,,2001 - 2002,
,,2002 - 2003,
,,2003 - 2004,
,,2006 - 2007,
,,2009 - 2010,
,,2010 - 2011,
,,2011 - 2012,
,,2012 - 2013,
,,2013 - 2014,
,,2015 - 2016,
,,2016 - 2017,
,,2017 - 2018,
,,2018 - 2019,
,Umaria,2000 - 2001,
,,2001 - 2002,
,,2002 - 2003,
,,2003 - 2004,
,,2006 - 2007,
,,2009 - 2010,
,,2010 - 2011,
,,2011 - 2012,
,,2012 - 2013,
,,2013 - 2014,
,,2015 - 2016,
,,2016 - 2017,
,,2017 - 2018,
,,2018 - 2019,
,Vidisha,2000 - 2001,
,,2001 - 2002,
,,2002 - 2003,
,,2003 - 2004,
,,2006 - 2007,
,,2009 - 2010,
,,2010 - 2011,
,,2011 - 2012,
,,2012 - 2013,
,,2013 - 2014,
,,2015 - 2016,
,,2016 - 2017,
,,2017 - 2018,
,,2018 - 2019,
Manipur,Bishnupur,2000 - 2001,
,,2001 - 2002,
,,2002 - 2003,
,,2003 - 2004,
,,2004 - 2005,
,,2005 - 2006,
,,2006 - 2007,
,,2007 - 2008,
,,2008 - 2009,
,,2009 - 2010,
,,2010 - 2011,
,,2011 - 2012,
,,2012 - 2013,
,,2013 - 2014,
,,2014 - 2015,
,,2015 - 2016,
,,2016 - 2017,
,,2017 - 2018,
,,2018 - 2019,
,,2019 - 2020,
,Chandel,2000 - 2001,
,,2001 - 2002,
,,2002 - 2003,
,,2003 - 2004,
,,2004 - 2005,
,,2005 - 2006,
,,2006 - 2007,
,,2007 - 2008,
,,2008 - 2009,
,,2009 - 2010,
,,2010 - 2011,
,,2011 - 2012,
,,2012 - 2013,
,,2013 - 2014,
,,2014 - 2015,
,,2015 - 2016,
,,2016 - 2017,
,,2017 - 2018,
,,2018 - 2019,
,,2019 - 2020,
,Churachandpur,2000 - 2001,
,,2001 - 2002,
,,2002 - 2003,
,,2003 - 2004,
,,2004 - 2005,
,,2005 - 2006,
,,2006 - 2007,
,,2007 - 2008,
,,2008 - 2009,
,,2009 - 2010,
,,2010 - 2011,
,,2011 - 2012,
,,2012 - 2013,
,,2013 - 2014,
,,2014 - 2015,
,,2016 - 2017,
,,2017 - 2018,
,,2018 - 2019,
,,2019 - 2020,
,Imphal east,2000 - 2001,
,,2001 - 2002,
,,2002 - 2003,
,,2003 - 2004,
,,2004 - 2005,
,,2005 - 2006,
,,2006 - 2007,
,,2007 - 2008,
,,2008 - 2009,
,,2009 - 2010,
,,2010 - 2011,
,,2011 - 2012,
,,2012 - 2013,
,,2013 - 2014,
,,2014 - 2015,
,,2015 - 2016,
,,2016 - 2017,
,,2017 - 2018,
,,2018 - 2019,
,,2019 - 2020,
,Imphal west,2000 - 2001,
,,2001 - 2002,
,,2002 - 2003,
,,2003 - 2004,
,,2004 - 2005,
,,2005 - 2006,
,,2006 - 2007,
,,2007 - 2008,
,,2008 - 2009,
,,2009 - 2010,
,,2010 - 2011,
,,2011 - 2012,
,,2012 - 2013,
,,2013 - 2014,
,,2014 - 2015,
,,2015 - 2016,
,,2016 - 2017,
,,2017 - 2018,
,,2018 - 2019,
,,2019 - 2020,
,Senapati,2000 - 2001,
,,2001 - 2002,
,,2002 - 2003,
,,2003 - 2004,
,,2004 - 2005,
,,2005 - 2006,
,,2006 - 2007,
,,2007 - 2008,
,,2008 - 2009,
,,2009 - 2010,
,,2010 - 2011,
,,2011 - 2012,
,,2012 - 2013,
,,2013 - 2014,
,,2014 - 2015,
,,2019 - 2020,
,Tamenglong,2000 - 2001,
,,2001 - 2002,
,,2002 - 2003,
,,2003 - 2004,
,,2004 - 2005,
,,2005 - 2006,
,,2006 - 2007,
,,2007 - 2008,
,,2008 - 2009,
,,2009 - 2010,
,,2010 - 2011,
,,2011 - 2012,
,,2012 - 2013,
,,2013 - 2014,
,,2014 - 2015,
,,2018 - 2019,
,,2019 - 2020,
,Thoubal,2000 - 2001,
,,2001 - 2002,
,,2002 - 2003,
,,2003 - 2004,
,,2004 - 2005,
,,2005 - 2006,
,,2006 - 2007,
,,2007 - 2008,
,,2008 - 2009,
,,2009 - 2010,
,,2010 - 2011,
,,2011 - 2012,
,,2012 - 2013,
,,2013 - 2014,
,,2014 - 2015,
,,2015 - 2016,
,,2016 - 2017,
,,2017 - 2018,
,,2018 - 2019,
,,2019 - 2020,
,Ukhrul,2000 - 2001,
,,2001 - 2002,
,,2002 - 2003,
,,2003 - 2004,
,,2004 - 2005,
,,2005 - 2006,
,,2006 - 2007,
,,2007 - 2008,
,,2008 - 2009,
,,2009 - 2010,
,,2010 - 2011,
,,2011 - 2012,
,,2012 - 2013,
,,2013 - 2014,
,,2014 - 2015,
,,2017 - 2018,
,,2018 - 2019,
,,2019 - 2020,
Meghalaya,East garo hills,2000 - 2001,
,,2001 - 2002,
,,2002 - 2003,
,,2003 - 2004,
,,2004 - 2005,
,,2005 - 2006,
,,2006 - 2007,
,,2008 - 2009,
,,2010 - 2011,
,,2011 - 2012,
,,2012 - 2013,
,,2013 - 2014,
,,2014 - 2015,
,,2015 - 2016,
,,2016 - 2017,
,,2017 - 2018,
,,2018 - 2019,
,,2019 - 2020,
,,2020 - 2021,
,East jaintia hills,2000 - 2001,
,,2001 - 2002,
,,2002 - 2003,
,,2003 - 2004,
,,2004 - 2005,
,,2005 - 2006,
,,2006 - 2007,
,,2008 - 2009,
,,2010 - 2011,
,,2011 - 2012,
,,2012 - 2013,
,,2013 - 2014,
,,2014 - 2015,
,,2015 - 2016,
,,2016 - 2017,
,,2017 - 2018,
,,2018 - 2019,
,,2019 - 2020,
,,2020 - 2021,
,East khasi hills,2000 - 2001,
,,2001 - 2002,
,,2002 - 2003,
,,2003 - 2004,
,,2004 - 2005,
,,2005 - 2006,
,,2006 - 2007,
,,2008 - 2009,
,,2010 - 2011,
,,2011 - 2012,
,,2012 - 2013,
,,2013 - 2014,
,,2014 - 2015,
,,2015 - 2016,
,,2016 - 2017,
,,2017 - 2018,
,,2018 - 2019,
,,2019 - 2020,
,,2020 - 2021,
,North garo hills,2013 - 2014,
,,2014 - 2015,
,,2015 - 2016,
,,2016 - 2017,
,,2017 - 2018,
,,2018 - 2019,
,,2019 - 2020,
,,2020 - 2021,
,Ri bhoi,2000 - 2001,
,,2001 - 2002,
,,2002 - 2003,
,,2003 - 2004,
,,2004 - 2005,
,,2005 - 2006,
,,2006 - 2007,
,,2008 - 2009,
,,2010 - 2011,
,,2011 - 2012,
,,2012 - 2013,
,,2013 - 2014,
,,2014 - 2015,
,,2015 - 2016,
,,2016 - 2017,
,,2017 - 2018,
,,2018 - 2019,
,,2019 - 2020,
,,2020 - 2021,
,South garo hills,2000 - 2001,
,,2001 - 2002,
,,2002 - 2003,
,,2003 - 2004,
,,2004 - 2005,
,,2005 - 2006,
,,2006 - 2007,
,,2008 - 2009,
,,2010 - 2011,
,,2011 - 2012,
,,2012 - 2013,
,,2013 - 2014,
,,2014 - 2015,
,,2015 - 2016,
,,2016 - 2017,
,,2017 - 2018,
,,2018 - 2019,
,,2019 - 2020,
,,2020 - 2021,
,South west garo hills,2013 - 2014,
,,2014 - 2015,
,,2015 - 2016,
,,2016 - 2017,
,,2017 - 2018,
,,2018 - 2019,
,,2019 - 2020,
,,2020 - 2021,
,South west khasi hills,2013 - 2014,
,,2014 - 2015,
,,2015 - 2016,
,,2016 - 2017,
,,2017 - 2018,
,,2018 - 2019,
,,2019 - 2020,
,,2020 - 2021,
,West garo hills,2000 - 2001,
,,2001 - 2002,
,,2002 - 2003,
,,2003 - 2004,
,,2004 - 2005,
,,2005 - 2006,
,,2006 - 2007,
,,2008 - 2009,
,,2010 - 2011,
,,2011 - 2012,
,,2012 - 2013,
,,2013 - 2014,
,,2014 - 2015,
,,2015 - 2016,
,,2016 - 2017,
,,2017 - 2018,
,,2018 - 2019,
,,2019 - 2020,
,,2020 - 2021,
,West jaintia hills,2013 - 2014,
,,2014 - 2015,
,,2015 - 2016,
,,2016 - 2017,
,,2017 - 2018,
,,2018 - 2019,
,,2019 - 2020,
,,2020 - 2021,
,West khasi hills,2000 - 2001,
,,2001 - 2002,
,,2002 - 2003,
,,2003 - 2004,
,,2004 - 2005,
,,2005 - 2006,
,,2006 - 2007,
,,2008 - 2009,
,,2010 - 2011,
,,2011 - 2012,
,,2012 - 2013,
,,2013 - 2014,
,,2014 - 2015,
,,2015 - 2016,
,,2016 - 2017,
,,2017 - 2018,
,,2018 - 2019,
,,2019 - 2020,
,,2020 - 2021,
Nagaland,Dimapur,2007 - 2008,1.36
,,2008 - 2009,1.25
,Kiphire,2008 - 2009,1.4
,Kohima,2007 - 2008,1.3
,,2008 - 2009,1.29
,Longleng,2008 - 2009,1.2
,Mokokchung,2007 - 2008,1.11
,,2008 - 2009,1.21
,Mon,2007 - 2008,1.17
,,2008 - 2009,1.21
,Peren,2008 - 2009,1.2
,Phek,2007 - 2008,1.22
,,2008 - 2009,1.23
,Tuensang,2007 - 2008,1.4
,,2008 - 2009,1.35
,Wokha,2007 - 2008,1.33
,,2008 - 2009,1.25
,Zunheboto,2007 - 2008,1.25
,,2008 - 2009,1.25
Odisha,Anugul,2000 - 2001,
,,2001 - 2002,
,,2002 - 2003,
,,2003 - 2004,
,,2004 - 2005,
,,2019 - 2020,0.96
,Balangir,2000 - 2001,
,,2001 - 2002,
,,2002 - 2003,
,,2003 - 2004,
,,2004 - 2005,
,,2019 - 2020,0.79
,Baleshwar,2000 - 2001,
,,2001 - 2002,
,,2002 - 2003,
,,2003 - 2004,
,,2004 - 2005,
,,2019 - 2020,0.86
,Bargarh,2000 - 2001,
,,2001 - 2002,
,,2002 - 2003,
,,2003 - 2004,
,,2004 - 2005,
,,2019 - 2020,0.95
,Bhadrak,2000 - 2001,
,,2001 - 2002,
,,2002 - 2003,
,,2003 - 2004,
,,2004 - 2005,
,,2019 - 2020,0.78
,Boudh,2000 - 2001,
,,2001 - 2002,
,,2002 - 2003,
,,2003 - 2004,
,,2004 - 2005,
,,2019 - 2020,0.88
,Cuttack,2000 - 2001,
,,2001 - 2002,
,,2002 - 2003,
,,2003 - 2004,
,,2004 - 2005,
,,2019 - 2020,0.77
,Deogarh,2000 - 2001,
,,2001 - 2002,
,,2002 - 2003,
,,2003 - 2004,
,,2004 - 2005,
,,2019 - 2020,1.07
,Dhenkanal,2000 - 2001,
,,2001 - 2002,
,,2002 - 2003,
,,2003 - 2004,
,,2004 - 2005,
,,2019 - 2020,0.89
,Gajapati,2000 - 2001,
,,2001 - 2002,
,,2002 - 2003,
,,2003 - 2004,
,,2004 - 2005,
,,2019 - 2020,0.83
,Ganjam,2000 - 2001,
,,2001 - 2002,
,,2002 - 2003,
,,2003 - 2004,
,,2004 - 2005,
,,2019 - 2020,0.99
,Jagatsinghapur,2000 - 2001,
,,2001 - 2002,
,,2002 - 2003,
,,2003 - 2004,
,,2004 - 2005,
,,2019 - 2020,1.0
,Jajapur,2000 - 2001,
,,2001 - 2002,
,,2002 - 2003,
,,2003 - 2004,
,,2004 - 2005,
,,2019 - 2020,0.99
,Jharsuguda,2000 - 2001,
,,2001 - 2002,
,,2002 - 2003,
,,2003 - 2004,
,,2004 - 2005,
,,2019 - 2020,0.97
,Kalahandi,2000 - 2001,
,,2001 - 2002,
,,2002 - 2003,
,,2003 - 2004,
,,2004 - 2005,
,,2019 - 2020,0.93
,Kandhamal,2000 - 2001,
,,2001 - 2002,
,,2002 - 2003,
,,2003 - 2004,
,,2004 - 2005,
,,2019 - 2020,0.98
,Kendrapara,2000 - 2001,
,,2001 - 2002,
,,2002 - 2003,
,,2003 - 2004,
,,2004 - 2005,
,,2019 - 2020,1.04
,Kendujhar,2000 - 2001,
,,2001 - 2002,
,,2002 - 2003,
,,2003 - 2004,
,,2004 - 2005,
,,2019 - 2020,0.98
,Khordha,2000 - 2001,
,,2001 - 2002,
,,2002 - 2003,
,,2003 - 2004,
,,2004 - 2005,
,,2019 - 2020,1.0
,Koraput,2000 - 2001,
,,2001 - 2002,
,,2002 - 2003,
,,2003 - 2004,
,,2004 - 2005,
,,2019 - 2020,0.94
,Malkangiri,2000 - 2001,
,,2001 - 2002,
,,2002 - 2003,
,,2003 - 2004,
,,2004 - 2005,
,,2019 - 2020,1.01
,Mayurbhanj,2000 - 2001,
,,2001 - 2002,
,,2002 - 2003,
,,2003 - 2004,
,,2004 - 2005,
,,2019 - 2020,0.98
,Nabarangpur,2000 - 2001,
,,2001 - 2002,
,,2002 - 2003,
,,2003 - 2004,
,,2004 - 2005,
,,2019 - 2020,0.92
,Nayagarh,2000 - 2001,
,,2001 - 2002,
,,2002 - 2003,
,,2003 - 2004,
,,2004 - 2005,
,,2019 - 2020,0.92
,Nuapada,2000 - 2001,
,,2001 - 2002,
,,2002 - 2003,
,,2003 - 2004,
,,2004 - 2005,
,,2019 - 2020,0.99
,Puri,2000 - 2001,
,,2001 - 2002,
,,2002 - 2003,
,,2003 - 2004,
,,2004 - 2005,
,,2019 - 2020,0.92
,Rayagada,2000 - 2001,
,,2001 - 2002,
,,2002 - 2003,
,,2003 - 2004,
,,2004 - 2005,
,,2019 - 2020,0.93
,Sambalpur,2000 - 2001,
,,2001 - 2002,
,,2002 - 2003,
,,2003 - 2004,
,,2004 - 2005,
,,2019 - 2020,0.95
,Sonepur,2000 - 2001,
,,2001 - 2002,
,,2002 - 2003,
,,2003 - 2004,
,,2004 - 2005,
,,2019 - 2020,0.98
,Sundargarh,2000 - 2001,
,,2001 - 2002,
,,2002 - 2003,
,,2003 - 2004,
,,2004 - 2005,
,,2019 - 2020,0.96
Puducherry,Karaikal,2000 - 2001,
,,2003 - 2004,
,,2004 - 2005,
,,2005 - 2006,
,,2006 - 2007,
,,2007 - 2008,
,Mahe,2000 - 2001,
,Pondicherry,2000 - 2001,
,,2002 - 2003,
,,2003 - 2004,
,,2004 - 2005,
,,2005 - 2006,
,,2006 - 2007,2.0
,,2007 - 2008,1.0
,,2008 - 2009,1.0
,,2009 - 2010,1.0
,,2010 - 2011,1.0
,,2011 - 2012,2.0
,,2012 - 2013,2.0
,,2013 - 2014,4.0
,,2014 - 2015,0.9
,,2015 - 2016,
,,2016 - 2017,
,,2017 - 2018,10.0
,,2018 - 2019,14.0
,,2019 - 2020,13.0
,,2020 - 2021,13.0
,,2021 - 2022,14.0
,,2022 - 2023,4.0
,Yanam,2000 - 2001,
,,2003 - 2004,
,,2004 - 2005,
Rajasthan,Ajmer,2000 - 2001,
,,2001 - 2002,
,,2002 - 2003,
,,2003 - 2004,
,,2004 - 2005,
,,2005 - 2006,
,,2006 - 2007,
,,2007 - 2008,
,,2008 - 2009,
,,2009 - 2010,
,,2010 - 2011,
,,2011 - 2012,
,,2012 - 2013,
,,2013 - 2014,
,,2014 - 2015,
,,2015 - 2016,
,,2016 - 2017,
,,2017 - 2018,
,,2018 - 2019,
,,2019 - 2020,
,,2020 - 2021,
,,2021 - 2022,
,Alwar,2000 - 2001,
,,2001 - 2002,
,,2002 - 2003,
,,2003 - 2004,
,,2004 - 2005,
,,2005 - 2006,
,,2006 - 2007,
,,2007 - 2008,
,,2008 - 2009,
,,2009 - 2010,
,,2010 - 2011,
,,2011 - 2012,
,,2012 - 2013,
,,2013 - 2014,
,,2014 - 2015,
,,2015 - 2016,
,,2016 - 2017,
,,2017 - 2018,
,,2018 - 2019,
,,2019 - 2020,
,,2020 - 2021,
,,2021 - 2022,
,Banswara,2000 - 2001,
,,2001 - 2002,
,,2002 - 2003,
,,2003 - 2004,
,,2004 - 2005,
,,2005 - 2006,
,,2006 - 2007,
,,2007 - 2008,
,,2008 - 2009,
,,2009 - 2010,
,,2010 - 2011,
,,2011 - 2012,
,,2012 - 2013,
,,2013 - 2014,
,,2014 - 2015,
,,2015 - 2016,
,,2016 - 2017,
,,2017 - 2018,
,,2018 - 2019,
,,2019 - 2020,
,,2020 - 2021,
,,2021 - 2022,
,Baran,2000 - 2001,
,,2001 - 2002,
,,2002 - 2003,
,,2003 - 2004,
,,2004 - 2005,
,,2005 - 2006,
,,2006 - 2007,
,,2007 - 2008,
,,2008 - 2009,
,,2009 - 2010,
,,2010 - 2011,
,,2011 - 2012,
,,2012 - 2013,
,,2013 - 2014,
,,2014 - 2015,
,,2015 - 2016,
,,2016 - 2017,
,,2018 - 2019,
,,2019 - 2020,
,,2020 - 2021,
,,2021 - 2022,
,Barmer,2000 - 2001,
,,2001 - 2002,
,,2002 - 2003,
,,2003 - 2004,
,,2004 - 2005,
,,2006 - 2007,
,,2007 - 2008,
,,2008 - 2009,
,,2009 - 2010,
,,2010 - 2011,
,,2011 - 2012,
,,2012 - 2013,
,,2013 - 2014,
,,2014 - 2015,
,,2015 - 2016,
,,2016 - 2017,
,,2017 - 2018,
,,2018 - 2019,
,,2019 - 2020,
,,2020 - 2021,
,,2021 - 2022,
,Bharatpur,2000 - 2001,
,,2001 - 2002,
,,2002 - 2003,
,,2003 - 2004,
,,2004 - 2005,
,,2005 - 2006,
,,2006 - 2007,
,,2007 - 2008,
,,2008 - 2009,
,,2009 - 2010,
,,2010 - 2011,
,,2011 - 2012,
,,2012 - 2013,
,,2013 - 2014,
,,2014 - 2015,
,,2015 - 2016,
,,2016 - 2017,
,,2017 - 2018,
,,2018 - 2019,
,,2019 - 2020,
,,2020 - 2021,
,,2021 - 2022,
,Bhilwara,2000 - 2001,
,,2001 - 2002,
,,2002 - 2003,
,,2003 - 2004,
,,2004 - 2005,
,,2005 - 2006,
,,2006 - 2007,
,,2007 - 2008,
,,2008 - 2009,
,,2009 - 2010,
,,2010 - 2011,
,,2011 - 2012,
,,2012 - 2013,
,,2013 - 2014,
,,2014 - 2015,
,,2015 - 2016,
,,2016 - 2017,
,,2017 - 2018,
,,2018 - 2019,
,,2019 - 2020,
,,2020 - 2021,
,,2021 - 2022,
,Bikaner,2000 - 2001,
,,2001 - 2002,
,,2002 - 2003,
,,2003 - 2004,
,,2004 - 2005,
,,2005 - 2006,
,,2007 - 2008,
,,2008 - 2009,
,,2009 - 2010,
,,2010 - 2011,
,,2019 - 2020,
,,2021 - 2022,
,Bundi,2000 - 2001,
,,2001 - 2002,
,,2002 - 2003,
,,2003 - 2004,
,,2004 - 2005,
,,2005 - 2006,
,,2006 - 2007,
,,2007 - 2008,
,,2008 - 2009,
,,2009 - 2010,
,,2010 - 2011,
,,2011 - 2012,
,,2012 - 2013,
,,2013 - 2014,
,,2014 - 2015,
,,2015 - 2016,
,,2016 - 2017,
,,2017 - 2018,
,,2018 - 2019,
,,2019 - 2020,
,,2020 - 2021,
,,2021 - 2022,
,Chittorgarh,2000 - 2001,
,,2001 - 2002,
,,2002 - 2003,
,,2003 - 2004,
,,2004 - 2005,
,,2005 - 2006,
,,2006 - 2007,
,,2007 - 2008,
,,2008 - 2009,
,,2009 - 2010,
,,2010 - 2011,
,,2011 - 2012,
,,2012 - 2013,
,,2013 - 2014,
,,2014 - 2015,
,,2015 - 2016,
,,2016 - 2017,
,,2017 - 2018,
,,2018 - 2019,
,,2019 - 2020,
,,2020 - 2021,
,,2021 - 2022,
,Churu,2000 - 2001,
,,2001 - 2002,
,,2002 - 2003,
,,2003 - 2004,
,,2004 - 2005,
,,2015 - 2016,
,,2019 - 2020,
,Dausa,2000 - 2001,
,,2001 - 2002,
,,2002 - 2003,
,,2003 - 2004,
,,2004 - 2005,
,,2005 - 2006,
,,2006 - 2007,
,,2007 - 2008,
,,2008 - 2009,
,,2009 - 2010,
,,2010 - 2011,
,,2011 - 2012,
,,2012 - 2013,
,,2013 - 2014,
,,2014 - 2015,
,,2015 - 2016,
,,2016 - 2017,
,Dholpur,2000 - 2001,
,,2001 - 2002,
,,2002 - 2003,
,,2003 - 2004,
,,2004 - 2005,
,,2005 - 2006,
,,2006 - 2007,
,,2007 - 2008,
,,2008 - 2009,
,,2009 - 2010,
,,2010 - 2011,
,,2011 - 2012,
,,2012 - 2013,
,,2013 - 2014,
,,2014 - 2015,
,,2015 - 2016,
,,2016 - 2017,
,,2017 - 2018,
,,2018 - 2019,
,,2019 - 2020,
,,2020 - 2021,
,,2021 - 2022,
,Dungarpur,2000 - 2001,
,,2001 - 2002,
,,2002 - 2003,
,,2003 - 2004,
,,2004 - 2005,
,,2005 - 2006,
,,2006 - 2007,
,,2007 - 2008,
,,2008 - 2009,
,,2009 - 2010,
,,2010 - 2011,
,,2011 - 2012,
,,2012 - 2013,
,,2013 - 2014,
,,2014 - 2015,
,,2015 - 2016,
,,2016 - 2017,
,,2017 - 2018,
,,2018 - 2019,
,,2019 - 2020,
,,2020 - 2021,
,,2021 - 2022,
,Ganganagar,2000 - 2001,
,,2001 - 2002,
,,2002 - 2003,
,,2003 - 2004,
,,2004 - 2005,
,,2005 - 2006,
,,2006 - 2007,
,,2007 - 2008,
,,2008 - 2009,
,,2009 - 2010,
,,2010 - 2011,
,,2011 - 2012,
,,2012 - 2013,
,,2013 - 2014,
,,2014 - 2015,
,,2015 - 2016,
,,2016 - 2017,
,,2017 - 2018,
,,2018 - 2019,
,,2019 - 2020,
,,2020 - 2021,
,,2021 - 2022,
,Hanumangarh,2000 - 2001,
,,2001 - 2002,
,,2002 - 2003,
,,2003 - 2004,
,,2004 - 2005,
,,2005 - 2006,
,,2006 - 2007,
,,2007 - 2008,
,,2008 - 2009,
,,2009 - 2010,
,,2010 - 2011,
,,2011 - 2012,
,,2012 - 2013,
,,2013 - 2014,
,,2014 - 2015,
,,2015 - 2016,
,,2016 - 2017,
,,2017 - 2018,
,,2018 - 2019,
,,2019 - 2020,
,,2020 - 2021,
,,2021 - 2022,
,Jaipur,2000 - 2001,
,,2001 - 2002,
,,2002 - 2003,
,,2003 - 2004,
,,2004 - 2005,
,,2005 - 2006,
,,2006 - 2007,
,,2007 - 2008,
,,2008 - 2009,
,,2009 - 2010,
,,2010 - 2011,
,,2011 - 2012,
,,2012 - 2013,
,,2013 - 2014,
,,2014 - 2015,
,,2015 - 2016,
,,2016 - 2017,
,,2017 - 2018,
,,2018 - 2019,
,,2019 - 2020,
,,2020 - 2021,
,,2021 - 2022,
,Jaisalmer,2000 - 2001,
,,2001 - 2002,
,,2002 - 2003,
,,2003 - 2004,
,,2004 - 2005,
,,2005 - 2006,
,,2006 - 2007,
,,2007 - 2008,
,,2008 - 2009,
,,2009 - 2010,
,,2010 - 2011,
,,2011 - 2012,
,,2012 - 2013,
,,2013 - 2014,
,,2014 - 2015,
,,2015 - 2016,
,,2016 - 2017,
,,2017 - 2018,
,,2018 - 2019,
,,2019 - 2020,
,,2020 - 2021,
,,2021 - 2022,
,Jalore,2000 - 2001,
,,2001 - 2002,
,,2002 - 2003,
,,2003 - 2004,
,,2004 - 2005,
,,2005 - 2006,
,,2006 - 2007,
,,2007 - 2008,
,,2008 - 2009,
,,2009 - 2010,
,,2010 - 2011,
,,2011 - 2012,
,,2012 - 2013,
,,2013 - 2014,
,,2014 - 2015,
,,2015 - 2016,
,,2016 - 2017,
,,2017 - 2018,
,,2018 - 2019,
,,2019 - 2020,
,,2020 - 2021,
,,2021 - 2022,
,Jhalawar,2000 - 2001,
,,2001 - 2002,
,,2002 - 2003,
,,2003 - 2004,
,,2004 - 2005,
,,2005 - 2006,
,,2006 - 2007,
,,2007 - 2008,
,,2008 - 2009,
,,2009 - 2010,
,,2010 - 2011,
,,2011 - 2012,
,,2012 - 2013,
,,2013 - 2014,
,,2014 - 2015,
,,2015 - 2016,
,,2016 - 2017,
,,2017 - 2018,
,,2018 - 2019,
,,2019 - 2020,
,,2020 - 2021,
,,2021 - 2022,
,Jhunjhunu,2000 - 2001,
,,2001 - 2002,
,,2002 - 2003,
,,2003 - 2004,
,,2004 - 2005,
,,2005 - 2006,
,,2006 - 2007,
,,2007 - 2008,
,,2008 - 2009,
,,2009 - 2010,
,,2010 - 2011,
,,2011 - 2012,
,,2012 - 2013,
,,2013 - 2014,
,,2014 - 2015,
,,2015 - 2016,
,,2016 - 2017,
,,2017 - 2018,
,,2018 - 2019,
,,2019 - 2020,
,,2020 - 2021,
,,2021 - 2022,
,Jodhpur,2000 - 2001,
,,2001 - 2002,
,,2002 - 2003,
,,2003 - 2004,
,,2004 - 2005,
,,2005 - 2006,
,,2006 - 2007,
,,2007 - 2008,
,,2008 - 2009,
,,2009 - 2010,
,,2010 - 2011,
,,2011 - 2012,
,,2012 - 2013,
,,2013 - 2014,
,,2014 - 2015,
,,2015 - 2016,
,,2016 - 2017,
,,2017 - 2018,
,,2018 - 2019,
,,2019 - 2020,
,,2020 - 2021,
,,2021 - 2022,
,Karauli,2000 - 2001,
,,2001 - 2002,
,,2002 - 2003,
,,2003 - 2004,
,,2004 - 2005,
,,2005 - 2006,
,,2006 - 2007,
,,2007 - 2008,
,,2008 - 2009,
,,2009 - 2010,
,,2010 - 2011,
,,2011 - 2012,
,,2012 - 2013,
,,2013 - 2014,
,,2014 - 2015,
,,2015 - 2016,
,,2016 - 2017,
,,2017 - 2018,
,,2018 - 2019,
,,2019 - 2020,
,,2020 - 2021,
,,2021 - 2022,
,Kota,2000 - 2001,
,,2001 - 2002,
,,2002 - 2003,
,,2003 - 2004,
,,2004 - 2005,
,,2005 - 2006,
,,2006 - 2007,
,,2007 - 2008,
,,2008 - 2009,
,,2009 - 2010,
,,2010 - 2011,
,,2011 - 2012,
,,2012 - 2013,
,,2013 - 2014,
,,2014 - 2015,
,,2015 - 2016,
,,2016 - 2017,
,,2017 - 2018,
,,2018 - 2019,
,,2019 - 2020,
,,2020 - 2021,
,,2021 - 2022,
,Nagaur,2000 - 2001,
,,2001 - 2002,
,,2002 - 2003,
,,2003 - 2004,
,,2004 - 2005,
,,2005 - 2006,
,,2006 - 2007,
,,2007 - 2008,
,,2008 - 2009,
,,2009 - 2010,
,,2010 - 2011,
,,2011 - 2012,
,,2012 - 2013,
,,2013 - 2014,
,,2014 - 2015,
,,2015 - 2016,
,,2016 - 2017,
,,2017 - 2018,
,,2018 - 2019,
,,2019 - 2020,
,,2020 - 2021,
,,2021 - 2022,
,Pali,2000 - 2001,
,,2001 - 2002,
,,2002 - 2003,
,,2003 - 2004,
,,2004 - 2005,
,,2005 - 2006,
,,2006 - 2007,
,,2007 - 2008,
,,2008 - 2009,
,,2009 - 2010,
,,2010 - 2011,
,,2011 - 2012,
,,2012 - 2013,
,,2013 - 2014,
,,2014 - 2015,
,,2015 - 2016,
,,2016 - 2017,
,,2017 - 2018,
,,2018 - 2019,
,,2019 - 2020,
,,2020 - 2021,
,,2021 - 2022,
,Pratapgarh,2008 - 2009,
,,2009 - 2010,
,,2010 - 2011,
,,2011 - 2012,
,,2012 - 2013,
,,2013 - 2014,
,,2014 - 2015,
,,2015 - 2016,
,,2016 - 2017,
,,2017 - 2018,
,,2018 - 2019,
,,2019 - 2020,
,,2020 - 2021,
,,2021 - 2022,
,Rajsamand,2000 - 2001,
,,2001 - 2002,
,,2002 - 2003,
,,2003 - 2004,
,,2004 - 2005,
,,2005 - 2006,
,,2006 - 2007,
,,2007 - 2008,
,,2008 - 2009,
,,2009 - 2010,
,,2010 - 2011,
,,2011 - 2012,
,,2012 - 2013,
,,2013 - 2014,
,,2014 - 2015,
,,2015 - 2016,
,,2016 - 2017,
,,2017 - 2018,
,,2018 - 2019,
,,2019 - 2020,
,,2020 - 2021,
,,2021 - 2022,
,Sawai madhopur,2000 - 2001,
,,2001 - 2002,
,,2002 - 2003,
,,2003 - 2004,
,,2004 - 2005,
,,2005 - 2006,
,,2006 - 2007,
,,2007 - 2008,
,,2008 - 2009,
,,2009 - 2010,
,,2010 - 2011,
,,2011 - 2012,
,,2012 - 2013,
,,2013 - 2014,
,,2014 - 2015,
,,2015 - 2016,
,,2016 - 2017,
,,2017 - 2018,
,,2018 - 2019,
,,2019 - 2020,
,,2020 - 2021,
,,2021 - 2022,
,Sikar,2000 - 2001,
,,2001 - 2002,
,,2002 - 2003,
,,2003 - 2004,
,,2004 - 2005,
,,2005 - 2006,
,,2006 - 2007,
,,2007 - 2008,
,,2008 - 2009,
,,2009 - 2010,
,,2010 - 2011,
,,2011 - 2012,
,,2012 - 2013,
,,2013 - 2014,
,,2014 - 2015,
,,2015 - 2016,
,,2017 - 2018,
,,2018 - 2019,
,,2019 - 2020,
,,2020 - 2021,
,,2021 - 2022,
,Sirohi,2000 - 2001,
,,2001 - 2002,
,,2002 - 2003,
,,2003 - 2004,
,,2004 - 2005,
,,2005 - 2006,
,,2006 - 2007,
,,2007 - 2008,
,,2008 - 2009,
,,2009 - 2010,
,,2010 - 2011,
,,2011 - 2012,
,,2012 - 2013,
,,2013 - 2014,
,,2014 - 2015,
,,2015 - 2016,
,,2016 - 2017,
,,2017 - 2018,
,,2018 - 2019,
,,2019 - 2020,
,,2020 - 2021,
,,2021 - 2022,
,Tonk,2000 - 2001,
,,2001 - 2002,
,,2002 - 2003,
,,2003 - 2004,
,,2004 - 2005,
,,2005 - 2006,
,,2006 - 2007,
,,2007 - 2008,
,,2008 - 2009,
,,2009 - 2010,
,,2010 - 2011,
,,2011 - 2012,
,,2012 - 2013,
,,2013 - 2014,
,,2014 - 2015,
,,2015 - 2016,
,,2016 - 2017,
,,2017 - 2018,
,,2018 - 2019,
,,2019 - 2020,
,,2020 - 2021,
,,2021 - 2022,
,Udaipur,2000 - 2001,
,,2001 - 2002,
,,2002 - 2003,
,,2003 - 2004,
,,2004 - 2005,
,,2005 - 2006,
,,2006 - 2007,
,,2007 - 2008,
,,2008 - 2009,
,,2009 - 2010,
,,2010 - 2011,
,,2011 - 2012,
,,2012 - 2013,
,,2013 - 2014,
,,2014 - 2015,
,,2015 - 2016,
,,2016 - 2017,
,,2017 - 2018,
,,2018 - 2019,
,,2019 - 2020,
,,2020 - 2021,
,,2021 - 2022,
Tamil Nadu,Ariyalur,2008 - 2009,
,,2009 - 2010,
,,2011 - 2012,
,,2013 - 2014,
,,2014 - 2015,
,,2015 - 2016,
,,2016 - 2017,
,,2017 - 2018,
,,2018 - 2019,
,,2019 - 2020,
,,2020 - 2021,
,,2021 - 2022,
,,2022 - 2023,
,Chengalpattu,2020 - 2021,
,,2021 - 2022,
,,2022 - 2023,
,Chennai,2018 - 2019,
,,2020 - 2021,
,,2021 - 2022,
,,2022 - 2023,
,Coimbatore,2000 - 2001,
,,2002 - 2003,
,,2003 - 2004,
,,2004 - 2005,
,,2005 - 2006,
,,2006 - 2007,
,,2007 - 2008,
,,2008 - 2009,
,,2009 - 2010,
,,2011 - 2012,
,,2013 - 2014,
,,2014 - 2015,
,,2015 - 2016,
,,2016 - 2017,
,,2017 - 2018,
,,2018 - 2019,
,,2019 - 2020,
,,2021 - 2022,
,,2022 - 2023,
,Cuddalore,2000 - 2001,
,,2002 - 2003,
,,2003 - 2004,
,,2004 - 2005,
,,2005 - 2006,
,,2007 - 2008,
,,2008 - 2009,
,,2009 - 2010,
,,2011 - 2012,
,,2013 - 2014,
,,2014 - 2015,
,,2015 - 2016,
,,2016 - 2017,
,,2017 - 2018,
,,2018 - 2019,
,,2020 - 2021,
,,2021 - 2022,
,,2022 - 2023,
,Dharmapuri,2000 - 2001,
,,2002 - 2003,
,,2003 - 2004,
,,2004 - 2005,
,,2005 - 2006,
,,2006 - 2007,
,,2007 - 2008,
,,2008 - 2009,
,,2009 - 2010,
,,2011 - 2012,
,,2013 - 2014,
,,2014 - 2015,
,,2015 - 2016,
,,2016 - 2017,
,,2017 - 2018,
,,2018 - 2019,
,,2019 - 2020,
,,2020 - 2021,
,,2021 - 2022,
,,2022 - 2023,
,Dindigul,2000 - 2001,
,,2002 - 2003,
,,2003 - 2004,
,,2004 - 2005,
,,2005 - 2006,
,,2006 - 2007,
,,2007 - 2008,
,,2008 - 2009,
,,2009 - 2010,
,,2011 - 2012,
,,2013 - 2014,
,,2014 - 2015,
,,2015 - 2016,
,,2016 - 2017,
,,2017 - 2018,
,,2018 - 2019,
,,2019 - 2020,
,,2020 - 2021,
,,2021 - 2022,
,,2022 - 2023,
,Erode,2000 - 2001,
,,2002 - 2003,
,,2003 - 2004,
,,2004 - 2005,
,,2005 - 2006,
,,2006 - 2007,
,,2007 - 2008,
,,2008 - 2009,
,,2009 - 2010,
,,2011 - 2012,
,,2013 - 2014,
,,2014 - 2015,
,,2015 - 2016,
,,2016 - 2017,
,,2017 - 2018,
,,2018 - 2019,
,,2019 - 2020,
,,2020 - 2021,
,,2021 - 2022,
,,2022 - 2023,
,Kallakurichi,2020 - 2021,
,,2022 - 2023,
,Kanchipuram,2000 - 2001,
,,2002 - 2003,
,,2003 - 2004,
,,2004 - 2005,
,,2005 - 2006,
,,2006 - 2007,
,,2007 - 2008,
,,2008 - 2009,
,,2009 - 2010,
,,2011 - 2012,
,,2013 - 2014,
,,2014 - 2015,
,,2015 - 2016,
,,2016 - 2017,
,,2017 - 2018,
,,2018 - 2019,
,,2019 - 2020,
,,2020 - 2021,
,,2021 - 2022,
,,2022 - 2023,
,Kanniyakumari,2004 - 2005,
,,2005 - 2006,
,,2006 - 2007,
,,2007 - 2008,
,,2008 - 2009,
,,2009 - 2010,
,,2011 - 2012,
,,2014 - 2015,
,,2016 - 2017,
,,2017 - 2018,
,Karur,2000 - 2001,
,,2002 - 2003,
,,2003 - 2004,
,,2004 - 2005,
,,2005 - 2006,
,,2006 - 2007,
,,2007 - 2008,
,,2008 - 2009,
,,2009 - 2010,
,,2011 - 2012,
,,2013 - 2014,
,,2014 - 2015,
,,2015 - 2016,
,,2016 - 2017,
,,2017 - 2018,
,,2018 - 2019,
,,2019 - 2020,
,,2020 - 2021,
,,2021 - 2022,
,,2022 - 2023,
,Krishnagiri,2003 - 2004,
,,2004 - 2005,
,,2005 - 2006,
,,2006 - 2007,
,,2007 - 2008,
,,2008 - 2009,
,,2009 - 2010,
,,2011 - 2012,
,,2013 - 2014,
,,2014 - 2015,
,,2015 - 2016,
,,2016 - 2017,
,,2017 - 2018,
,,2018 - 2019,
,,2019 - 2020,
,,2020 - 2021,
,,2021 - 2022,
,,2022 - 2023,
,Madurai,2000 - 2001,
,,2002 - 2003,
,,2003 - 2004,
,,2004 - 2005,
,,2005 - 2006,
,,2006 - 2007,
,,2007 - 2008,
,,2008 - 2009,
,,2009 - 2010,
,,2011 - 2012,
,,2013 - 2014,
,,2014 - 2015,
,,2015 - 2016,
,,2016 - 2017,
,,2017 - 2018,
,,2018 - 2019,
,,2019 - 2020,
,,2020 - 2021,
,,2021 - 2022,
,,2022 - 2023,
,Mayiladuthurai,2020 - 2021,
,,2021 - 2022,
,,2022 - 2023,
,Nagapattinam,2000 - 2001,
,,2002 - 2003,
,,2003 - 2004,
,,2004 - 2005,
,,2005 - 2006,
,,2006 - 2007,
,,2007 - 2008,
,,2008 - 2009,
,,2009 - 2010,
,,2011 - 2012,
,,2013 - 2014,
,,2014 - 2015,
,,2015 - 2016,
,,2016 - 2017,
,,2017 - 2018,
,,2018 - 2019,
,,2019 - 2020,
,,2020 - 2021,
,,2021 - 2022,
,,2022 - 2023,
,Namakkal,2000 - 2001,
,,2002 - 2003,
,,2003 - 2004,
,,2004 - 2005,
,,2005 - 2006,
,,2006 - 2007,
,,2007 - 2008,
,,2008 - 2009,
,,2009 - 2010,
,,2011 - 2012,
,,2013 - 2014,
,,2014 - 2015,
,,2015 - 2016,
,,2016 - 2017,
,,2017 - 2018,
,,2018 - 2019,
,,2019 - 2020,
,,2020 - 2021,
,,2021 - 2022,
,,2022 - 2023,
,Perambalur,2000 - 2001,
,,2002 - 2003,
,,2003 - 2004,
,,2004 - 2005,
,,2005 - 2006,
,,2006 - 2007,
,,2007 - 2008,
,,2008 - 2009,
,,2009 - 2010,
,,2011 - 2012,
,,2013 - 2014,
,,2014 - 2015,
,,2015 - 2016,
,,2016 - 2017,
,,2017 - 2018,
,,2018 - 2019,
,,2019 - 2020,
,,2020 - 2021,
,,2021 - 2022,
,,2022 - 2023,
,Pudukkottai,2000 - 2001,
,,2002 - 2003,
,,2003 - 2004,
,,2004 - 2005,
,,2005 - 2006,
,,2006 - 2007,
,,2007 - 2008,
,,2008 - 2009,
,,2009 - 2010,
,,2011 - 2012,
,,2013 - 2014,
,,2014 - 2015,
,,2015 - 2016,
,,2016 - 2017,
,,2017 - 2018,
,,2018 - 2019,
,,2019 - 2020,
,,2020 - 2021,
,,2021 - 2022,
,,2022 - 2023,
,Ramanathapuram,2000 - 2001,
,,2002 - 2003,
,,2003 - 2004,
,,2004 - 2005,
,,2005 - 2006,
,,2006 - 2007,
,,2007 - 2008,
,,2008 - 2009,
,,2009 - 2010,
,,2011 - 2012,
,,2013 - 2014,
,,2014 - 2015,
,,2015 - 2016,
,,2016 - 2017,
,,2017 - 2018,
,,2018 - 2019,
,,2019 - 2020,
,,2020 - 2021,
,,2021 - 2022,
,,2022 - 2023,
,Ranipet,2020 - 2021,
,,2021 - 2022,
,,2022 - 2023,
,Salem,2000 - 2001,
,,2002 - 2003,
,,2003 - 2004,
,,2004 - 2005,
,,2005 - 2006,
,,2006 - 2007,
,,2007 - 2008,
,,2008 - 2009,
,,2009 - 2010,
,,2011 - 2012,
,,2013 - 2014,
,,2014 - 2015,
,,2015 - 2016,
,,2016 - 2017,
,,2017 - 2018,
,,2018 - 2019,
,,2019 - 2020,
,,2020 - 2021,
,,2021 - 2022,
,,2022 - 2023,
,Sivaganga,2000 - 2001,
,,2002 - 2003,
,,2003 - 2004,
,,2004 - 2005,
,,2005 - 2006,
,,2006 - 2007,
,,2007 - 2008,
,,2008 - 2009,
,,2009 - 2010,
,,2011 - 2012,
,,2013 - 2014,
,,2014 - 2015,
,,2015 - 2016,
,,2016 - 2017,
,,2017 - 2018,
,,2018 - 2019,
,,2019 - 2020,
,,2020 - 2021,
,,2021 - 2022,
,,2022 - 2023,
,Thanjavur,2000 - 2001,
,,2002 - 2003,
,,2003 - 2004,
,,2004 - 2005,
,,2005 - 2006,
,,2006 - 2007,
,,2007 - 2008,
,,2008 - 2009,
,,2009 - 2010,
,,2011 - 2012,
,,2013 - 2014,
,,2014 - 2015,
,,2015 - 2016,
,,2016 - 2017,
,,2017 - 2018,
,,2018 - 2019,
,,2019 - 2020,
,,2020 - 2021,
,,2021 - 2022,
,,2022 - 2023,
,The nilgiris,2000 - 2001,
,,2002 - 2003,
,,2003 - 2004,
,,2004 - 2005,
,,2005 - 2006,
,,2006 - 2007,
,,2007 - 2008,
,,2008 - 2009,
,,2009 - 2010,
,,2011 - 2012,
,,2013 - 2014,
,,2014 - 2015,
,,2016 - 2017,
,,2017 - 2018,
,,2018 - 2019,
,,2019 - 2020,
,,2020 - 2021,
,,2021 - 2022,
,Theni,2000 - 2001,
,,2002 - 2003,
,,2003 - 2004,
,,2004 - 2005,
,,2005 - 2006,
,,2006 - 2007,
,,2007 - 2008,
,,2008 - 2009,
,,2009 - 2010,
,,2011 - 2012,
,,2013 - 2014,
,,2014 - 2015,
,,2015 - 2016,
,,2016 - 2017,
,,2017 - 2018,
,,2018 - 2019,
,,2021 - 2022,
,Thenkasi,2020 - 2021,
,,2021 - 2022,
,,2022 - 2023,
,Thiruvallur,2000 - 2001,
,,2002 - 2003,
,,2003 - 2004,
,,2004 - 2005,
,,2005 - 2006,
,,2006 - 2007,
,,2007 - 2008,
,,2008 - 2009,
,,2009 - 2010,
,,2011 - 2012,
,,2013 - 2014,
,,2014 - 2015,
,,2015 - 2016,
,,2016 - 2017,
,,2017 - 2018,
,,2018 - 2019,
,,2019 - 2020,
,,2020 - 2021,
,,2021 - 2022,
,,2022 - 2023,
,Thiruvarur,2000 - 2001,
,,2002 - 2003,
,,2003 - 2004,
,,2004 - 2005,
,,2005 - 2006,
,,2006 - 2007,
,,2007 - 2008,
,,2008 - 2009,
,,2009 - 2010,
,,2011 - 2012,
,,2013 - 2014,
,,2014 - 2015,
,,2016 - 2017,
,,2017 - 2018,
,,2018 - 2019,
,,2019 - 2020,
,,2020 - 2021,
,,2021 - 2022,
,,2022 - 2023,
,Thoothukudi,2000 - 2001,
,,2002 - 2003,
,,2003 - 2004,
,,2004 - 2005,
,,2005 - 2006,
,,2006 - 2007,
,,2007 - 2008,
,,2008 - 2009,
,,2009 - 2010,
,,2011 - 2012,
,,2013 - 2014,
,,2014 - 2015,
,,2015 - 2016,
,,2016 - 2017,
,,2017 - 2018,
,,2018 - 2019,
,,2019 - 2020,
,,2020 - 2021,
,,2021 - 2022,
,,2022 - 2023,
,Tiruchirappalli,2000 - 2001,
,,2002 - 2003,
,,2003 - 2004,
,,2004 - 2005,
,,2005 - 2006,
,,2006 - 2007,
,,2007 - 2008,
,,2008 - 2009,
,,2009 - 2010,
,,2011 - 2012,
,,2013 - 2014,
,,2014 - 2015,
,,2015 - 2016,
,,2016 - 2017,
,,2017 - 2018,
,,2018 - 2019,
,,2019 - 2020,
,,2020 - 2021,
,,2021 - 2022,
,,2022 - 2023,
,Tirunelveli,2000 - 2001,
,,2002 - 2003,
,,2003 - 2004,
,,2004 - 2005,
,,2005 - 2006,
,,2006 - 2007,
,,2007 - 2008,
,,2008 - 2009,
,,2009 - 2010,
,,2011 - 2012,
,,2013 - 2014,
,,2014 - 2015,
,,2015 - 2016,
,,2016 - 2017,
,,2017 - 2018,
,,2018 - 2019,
,,2019 - 2020,
,,2020 - 2021,
,,2021 - 2022,
,,2022 - 2023,
,Tirupathur,2020 - 2021,
,,2021 - 2022,
,,2022 - 2023,
,Tiruppur,2008 - 2009,
,,2009 - 2010,
,,2011 - 2012,
,,2013 - 2014,
,,2014 - 2015,
,,2015 - 2016,
,,2016 - 2017,
,,2017 - 2018,
,,2018 - 2019,
,,2019 - 2020,
,,2020 - 2021,
,,2021 - 2022,
,,2022 - 2023,
,Tiruvannamalai,2000 - 2001,
,,2002 - 2003,
,,2003 - 2004,
,,2004 - 2005,
,,2005 - 2006,
,,2006 - 2007,
,,2007 - 2008,
,,2008 - 2009,
,,2009 - 2010,
,,2011 - 2012,
,,2013 - 2014,
,,2014 - 2015,
,,2015 - 2016,
,,2016 - 2017,
,,2017 - 2018,
,,2018 - 2019,
,,2019 - 2020,
,,2020 - 2021,
,,2021 - 2022,
,,2022 - 2023,
,Vellore,2000 - 2001,
,,2002 - 2003,
,,2003 - 2004,
,,2004 - 2005,
,,2005 - 2006,
,,2006 - 2007,
,,2007 - 2008,
,,2008 - 2009,
,,2009 - 2010,
,,2011 - 2012,
,,2013 - 2014,
,,2014 - 2015,
,,2015 - 2016,
,,2016 - 2017,
,,2017 - 2018,
,,2018 - 2019,
,,2019 - 2020,
,,2020 - 2021,
,,2021 - 2022,
,,2022 - 2023,
,Villupuram,2000 - 2001,
,,2002 - 2003,
,,2003 - 2004,
,,2004 - 2005,
,,2005 - 2006,
,,2006 - 2007,
,,2007 - 2008,
,,2008 - 2009,
,,2009 - 2010,
,,2011 - 2012,
,,2013 - 2014,
,,2014 - 2015,
,,2015 - 2016,
,,2016 - 2017,
,,2017 - 2018,
,,2018 - 2019,
,,2019 - 2020,
,,2020 - 2021,
,,2021 - 2022,
,,2022 - 2023,
,Virudhunagar,2000 - 2001,
,,2002 - 2003,
,,2003 - 2004,
,,2004 - 2005,
,,2005 - 2006,
,,2006 - 2007,
,,2007 - 2008,
,,2008 - 2009,
,,2009 - 2010,
,,2011 - 2012,
,,2013 - 2014,
,,2014 - 2015,
,,2015 - 2016,
,,2016 - 2017,
,,2017 - 2018,
,,2018 - 2019,
,,2019 - 2020,
,,2020 - 2021,
,,2021 - 2022,
,,2022 - 2023,
Telangana,Adilabad,2000 - 2001,0.82
,,2001 - 2002,0.59
,,2002 - 2003,0.64
,,2003 - 2004,1.26
,,2004 - 2005,0.81
,,2005 - 2006,1.11
,,2006 - 2007,0.84
,,2007 - 2008,2.4
,,2008 - 2009,2.01
,,2009 - 2010,0.81
,,2010 - 2011,1.17
,,2011 - 2012,0.99
,,2012 - 2013,1.0
,,2013 - 2014,1.94
,,2014 - 2015,1.03
,,2015 - 2016,1.2
,,2016 - 2017,3.48
,,2017 - 2018,4.42
,,2018 - 2019,4.29
,,2019 - 2020,5.36
,,2020 - 2021,6.5
,,2021 - 2022,2.8
,,2022 - 2023,3.74
,Bhadradri,2016 - 2017,3.86
,,2017 - 2018,4.54
,,2018 - 2019,5.65
,,2019 - 2020,5.16
,,2020 - 2021,8.35
,,2021 - 2022,3.89
,,2022 - 2023,4.77
,Jagitial,2016 - 2017,2.77
,,2017 - 2018,2.77
,,2018 - 2019,2.1
,,2019 - 2020,1.48
,,2020 - 2021,2.57
,,2021 - 2022,2.05
,,2022 - 2023,2.11
,Jangoan,2016 - 2017,4.51
,,2017 - 2018,5.73
,,2018 - 2019,7.79
,,2019 - 2020,4.21
,,2020 - 2021,2.55
,,2021 - 2022,3.71
,,2022 - 2023,2.53
,Jayashankar,2016 - 2017,4.51
,,2017 - 2018,3.14
,,2018 - 2019,4.1
,,2019 - 2020,4.04
,,2020 - 2021,9.22
,,2021 - 2022,3.36
,,2022 - 2023,4.17
,Jogulamba,2016 - 2017,2.29
,,2017 - 2018,1.3
,,2018 - 2019,3.47
,,2019 - 2020,5.48
,,2020 - 2021,3.28
,,2021 - 2022,3.76
,,2022 - 2023,3.21
,Kamareddy,2016 - 2017,3.5
,,2017 - 2018,4.44
,,2018 - 2019,4.3
,,2019 - 2020,5.0
,,2020 - 2021,7.33
,,2021 - 2022,2.8
,,2022 - 2023,3.67
,Karimnagar,2000 - 2001,2.2
,,2001 - 2002,1.89
,,2002 - 2003,1.38
,,2003 - 2004,1.69
,,2004 - 2005,1.39
,,2005 - 2006,1.49
,,2006 - 2007,1.81
,,2007 - 2008,2.17
,,2008 - 2009,1.97
,,2009 - 2010,1.08
,,2010 - 2011,1.54
,,2011 - 2012,1.71
,,2012 - 2013,2.4
,,2013 - 2014,2.68
,,2014 - 2015,2.51
,,2015 - 2016,2.5
,,2016 - 2017,2.77
,,2017 - 2018,4.42
,,2018 - 2019,4.29
,,2019 - 2020,5.36
,,2020 - 2021,6.04
,,2021 - 2022,3.57
,,2022 - 2023,3.87
,Khammam,2000 - 2001,3.34
,,2001 - 2002,4.13
,,2002 - 2003,2.75
,,2003 - 2004,3.35
,,2004 - 2005,4.48
,,2005 - 2006,4.27
,,2006 - 2007,4.58
,,2007 - 2008,3.48
,,2008 - 2009,4.4
,,2009 - 2010,5.04
,,2010 - 2011,4.12
,,2011 - 2012,3.24
,,2012 - 2013,4.4
,,2013 - 2014,3.68
,,2014 - 2015,3.76
,,2015 - 2016,3.22
,,2016 - 2017,3.86
,,2017 - 2018,7.11
,,2018 - 2019,4.4
,,2019 - 2020,7.21
,,2020 - 2021,7.94
,,2021 - 2022,2.44
,,2022 - 2023,3.56
,Komaram bheem asifabad,2016 - 2017,3.47
,,2017 - 2018,4.44
,,2018 - 2019,4.3
,,2019 - 2020,5.38
,,2020 - 2021,6.0
,,2021 - 2022,2.82
,,2022 - 2023,3.74
,Mahabubabad,2016 - 2017,4.52
,,2017 - 2018,4.49
,,2018 - 2019,3.82
,,2019 - 2020,3.86
,,2020 - 2021,3.9
,,2021 - 2022,2.06
,,2022 - 2023,3.7
,Mahbubnagar,2000 - 2001,1.13
,,2001 - 2002,0.84
,,2002 - 2003,1.12
,,2003 - 2004,3.0
,,2004 - 2005,1.81
,,2005 - 2006,2.95
,,2006 - 2007,3.33
,,2007 - 2008,3.57
,,2008 - 2009,2.55
,,2009 - 2010,3.42
,,2010 - 2011,4.19
,,2011 - 2012,1.78
,,2012 - 2013,3.0
,,2013 - 2014,3.23
,,2014 - 2015,3.42
,,2015 - 2016,2.31
,,2016 - 2017,2.29
,,2017 - 2018,4.42
,,2018 - 2019,4.3
,,2019 - 2020,5.36
,,2020 - 2021,5.97
,,2021 - 2022,2.8
,,2022 - 2023,1.46
,Mancherial,2016 - 2017,3.47
,,2017 - 2018,3.24
,,2018 - 2019,3.59
,,2019 - 2020,4.47
,,2020 - 2021,11.39
,,2021 - 2022,4.6
,,2022 - 2023,6.21
,Medak,2000 - 2001,0.95
,,2001 - 2002,0.83
,,2002 - 2003,0.88
,,2003 - 2004,1.47
,,2004 - 2005,1.14
,,2005 - 2006,1.19
,,2006 - 2007,0.61
,,2007 - 2008,1.0
,,2008 - 2009,0.65
,,2009 - 2010,1.05
,,2010 - 2011,1.0
,,2011 - 2012,1.19
,,2012 - 2013,1.0
,,2013 - 2014,0.8
,,2014 - 2015,0.46
,,2015 - 2016,0.57
,,2016 - 2017,3.58
,,2017 - 2018,4.4
,,2018 - 2019,4.27
,,2019 - 2020,5.5
,,2020 - 2021,5.8
,,2021 - 2022,2.8
,,2022 - 2023,3.67
,Medchal,2016 - 2017,3.67
,,2019 - 2020,
,,2021 - 2022,
,,2022 - 2023,
,Mulugu,2018 - 2019,4.1
,,2019 - 2020,5.09
,,2020 - 2021,5.88
,,2021 - 2022,2.77
,,2022 - 2023,3.18
,Nagarkurnool,2016 - 2017,2.29
,,2017 - 2018,2.86
,,2018 - 2019,4.29
,,2019 - 2020,5.36
,,2020 - 2021,4.14
,,2021 - 2022,6.04
,,2022 - 2023,4.46
,Nalgonda,2000 - 2001,1.04
,,2001 - 2002,2.78
,,2002 - 2003,0.74
,,2003 - 2004,2.53
,,2004 - 2005,1.61
,,2005 - 2006,1.98
,,2006 - 2007,2.4
,,2007 - 2008,2.33
,,2008 - 2009,2.8
,,2009 - 2010,1.71
,,2010 - 2011,2.07
,,2011 - 2012,2.64
,,2012 - 2013,2.2
,,2013 - 2014,3.02
,,2014 - 2015,2.8
,,2015 - 2016,1.95
,,2016 - 2017,2.36
,,2017 - 2018,2.9
,,2018 - 2019,3.46
,,2019 - 2020,7.33
,,2020 - 2021,7.12
,,2021 - 2022,4.71
,,2022 - 2023,4.91
,Narayanapet,2018 - 2019,4.3
,,2019 - 2020,5.33
,,2020 - 2021,6.15
,,2021 - 2022,2.79
,,2022 - 2023,3.74
,Nirmal,2016 - 2017,3.48
,,2017 - 2018,3.38
,,2018 - 2019,3.53
,,2019 - 2020,2.35
,,2020 - 2021,5.81
,,2021 - 2022,4.8
,,2022 - 2023,3.73
,Nizamabad,2000 - 2001,1.94
,,2001 - 2002,2.15
,,2002 - 2003,1.56
,,2003 - 2004,2.28
,,2004 - 2005,2.57
,,2005 - 2006,2.68
,,2006 - 2007,2.98
,,2007 - 2008,3.0
,,2008 - 2009,3.36
,,2009 - 2010,3.47
,,2010 - 2011,3.16
,,2011 - 2012,2.4
,,2012 - 2013,2.0
,,2013 - 2014,3.16
,,2014 - 2015,3.25
,,2015 - 2016,2.8
,,2016 - 2017,3.58
,,2017 - 2018,4.42
,,2018 - 2019,4.3
,,2019 - 2020,5.35
,,2020 - 2021,5.87
,,2021 - 2022,2.8
,,2022 - 2023,3.67
,Peddapalli,2016 - 2017,2.77
,,2017 - 2018,4.42
,,2018 - 2019,4.29
,,2019 - 2020,5.36
,,2020 - 2021,5.38
,,2021 - 2022,1.81
,,2022 - 2023,3.52
,Rajanna,2016 - 2017,2.77
,,2017 - 2018,4.43
,,2018 - 2019,4.29
,,2019 - 2020,5.33
,,2020 - 2021,5.91
,,2021 - 2022,2.79
,,2022 - 2023,3.74
,Rangareddi,2000 - 2001,1.94
,,2001 - 2002,2.15
,,2002 - 2003,1.56
,,2003 - 2004,2.28
,,2004 - 2005,2.57
,,2005 - 2006,2.68
,,2006 - 2007,2.98
,,2007 - 2008,4.0
,,2008 - 2009,3.36
,,2009 - 2010,3.47
,,2010 - 2011,3.15
,,2011 - 2012,2.4
,,2012 - 2013,2.0
,,2013 - 2014,3.16
,,2014 - 2015,3.25
,,2015 - 2016,2.8
,,2016 - 2017,3.59
,,2017 - 2018,4.43
,,2018 - 2019,4.32
,,2019 - 2020,5.38
,,2020 - 2021,6.18
,,2021 - 2022,2.8
,,2022 - 2023,3.74
,Sangareddy,2016 - 2017,3.58
,,2017 - 2018,4.41
,,2018 - 2019,4.3
,,2019 - 2020,5.36
,,2020 - 2021,6.01
,,2021 - 2022,2.79
,,2022 - 2023,3.74
,Siddipet,2016 - 2017,3.58
,,2017 - 2018,4.5
,,2018 - 2019,4.29
,,2019 - 2020,5.35
,,2020 - 2021,6.15
,,2021 - 2022,2.79
,,2022 - 2023,3.75
,Suryapet,2016 - 2017,2.36
,,2017 - 2018,2.87
,,2018 - 2019,4.8
,,2019 - 2020,5.64
,,2020 - 2021,5.46
,,2021 - 2022,3.68
,,2022 - 2023,3.87
,Vikarabad,2016 - 2017,3.58
,,2017 - 2018,4.42
,,2018 - 2019,4.3
,,2019 - 2020,5.36
,,2020 - 2021,6.08
,,2021 - 2022,2.8
,,2022 - 2023,3.73
,Wanaparthy,2016 - 2017,2.29
,,2017 - 2018,2.47
,,2018 - 2019,4.29
,,2019 - 2020,5.36
,,2020 - 2021,6.35
,,2021 - 2022,3.69
,,2022 - 2023,4.36
,Warangal,2000 - 2001,2.36
,,2001 - 2002,1.88
,,2002 - 2003,1.92
,,2003 - 2004,1.93
,,2004 - 2005,2.68
,,2005 - 2006,2.68
,,2006 - 2007,2.57
,,2007 - 2008,2.67
,,2008 - 2009,3.92
,,2009 - 2010,3.7
,,2010 - 2011,2.81
,,2011 - 2012,2.12
,,2012 - 2013,3.5
,,2013 - 2014,2.79
,,2014 - 2015,3.03
,,2015 - 2016,2.95
,,2016 - 2017,4.51
,,2017 - 2018,4.18
,,2018 - 2019,5.83
,,2019 - 2020,4.2
,,2020 - 2021,5.39
,,2021 - 2022,1.1
,,2022 - 2023,2.19
,Warangal urban,2016 - 2017,4.52
,,2017 - 2018,1.83
,,2018 - 2019,4.29
,,2019 - 2020,5.36
,,2020 - 2021,6.03
,,2021 - 2022,2.95
,,2022 - 2023,5.22
,Yadadri,2016 - 2017,2.35
,,2017 - 2018,4.42
,,2018 - 2019,4.3
,,2019 - 2020,5.37
,,2020 - 2021,6.19
,,2021 - 2022,2.8
,,2022 - 2023,3.74
Uttar Pradesh,Agra,2004 - 2005,
,,2005 - 2006,
,,2006 - 2007,
,,2007 - 2008,0.96
,,2008 - 2009,1.0
,,2009 - 2010,0.88
,,2010 - 2011,0.87
,,2011 - 2012,0.83
,,2012 - 2013,0.8
,,2013 - 2014,0.81
,,2014 - 2015,0.83
,,2015 - 2016,0.76
,,2016 - 2017,0.92
,,2017 - 2018,0.92
,,2018 - 2019,0.92
,,2019 - 2020,0.87
,,2020 - 2021,0.89
,,2021 - 2022,0.88
,,2022 - 2023,0.93
,Aligarh,2004 - 2005,
,,2005 - 2006,
,,2006 - 2007,
,,2007 - 2008,0.96
,,2008 - 2009,1.0
,,2009 - 2010,0.89
,,2010 - 2011,0.88
,,2011 - 2012,0.83
,,2012 - 2013,0.8
,,2013 - 2014,0.81
,,2014 - 2015,0.83
,,2015 - 2016,0.76
,,2016 - 2017,0.92
,,2017 - 2018,0.92
,,2018 - 2019,0.94
,,2019 - 2020,0.88
,,2020 - 2021,0.88
,,2021 - 2022,0.87
,,2022 - 2023,0.92
,Allahabad,2004 - 2005,
,,2005 - 2006,
,,2006 - 2007,
,,2007 - 2008,0.96
,,2008 - 2009,1.0
,,2009 - 2010,0.89
,,2010 - 2011,0.88
,,2011 - 2012,0.83
,,2012 - 2013,0.81
,,2013 - 2014,0.81
,,2014 - 2015,0.83
,,2015 - 2016,0.75
,,2016 - 2017,0.92
,,2017 - 2018,0.93
,,2018 - 2019,0.92
,,2019 - 2020,0.87
,,2020 - 2021,0.88
,,2021 - 2022,0.89
,,2022 - 2023,0.93
,Ambedkar nagar,2004 - 2005,
,,2005 - 2006,
,,2006 - 2007,
,,2007 - 2008,0.93
,,2008 - 2009,1.0
,,2009 - 2010,0.92
,,2010 - 2011,0.89
,,2011 - 2012,0.82
,,2012 - 2013,0.81
,,2013 - 2014,0.85
,,2014 - 2015,0.82
,,2015 - 2016,0.75
,,2016 - 2017,0.94
,,2017 - 2018,0.91
,,2018 - 2019,0.92
,,2019 - 2020,0.88
,,2020 - 2021,0.9
,,2021 - 2022,0.88
,,2022 - 2023,0.92
,Amethi,2011 - 2012,0.82
,,2012 - 2013,0.79
,,2013 - 2014,0.81
,,2014 - 2015,0.83
,,2016 - 2017,0.94
,,2017 - 2018,0.94
,,2018 - 2019,0.94
,,2019 - 2020,0.88
,,2020 - 2021,0.87
,,2021 - 2022,0.89
,,2022 - 2023,0.92
,Amroha,2004 - 2005,
,,2005 - 2006,
,,2006 - 2007,
,,2007 - 2008,0.97
,,2008 - 2009,0.99
,,2009 - 2010,0.89
,,2010 - 2011,0.88
,,2011 - 2012,0.83
,,2012 - 2013,0.81
,,2013 - 2014,0.79
,,2014 - 2015,0.82
,,2015 - 2016,0.75
,,2016 - 2017,0.92
,,2017 - 2018,0.92
,,2018 - 2019,0.92
,,2019 - 2020,0.87
,,2020 - 2021,0.89
,,2021 - 2022,0.89
,,2022 - 2023,0.93
,Auraiya,2004 - 2005,
,,2005 - 2006,
,,2006 - 2007,
,,2007 - 2008,1.0
,,2008 - 2009,1.0
,,2009 - 2010,0.88
,,2010 - 2011,0.89
,,2011 - 2012,0.81
,,2012 - 2013,0.83
,,2013 - 2014,0.81
,,2014 - 2015,0.82
,,2015 - 2016,0.77
,,2016 - 2017,0.92
,,2017 - 2018,0.92
,,2018 - 2019,0.92
,,2019 - 2020,0.86
,,2020 - 2021,0.89
,,2021 - 2022,0.9
,,2022 - 2023,0.93
,Azamgarh,2004 - 2005,
,,2005 - 2006,
,,2006 - 2007,
,,2007 - 2008,0.96
,,2008 - 2009,1.0
,,2009 - 2010,0.9
,,2010 - 2011,0.89
,,2011 - 2012,0.83
,,2012 - 2013,0.8
,,2013 - 2014,0.86
,,2014 - 2015,0.82
,,2015 - 2016,0.76
,,2016 - 2017,0.86
,,2017 - 2018,0.89
,,2018 - 2019,0.92
,,2019 - 2020,0.87
,,2020 - 2021,0.86
,,2021 - 2022,0.86
,,2022 - 2023,0.93
,Baghpat,2004 - 2005,
,,2005 - 2006,
,,2006 - 2007,
,,2007 - 2008,0.97
,,2008 - 2009,1.0
,,2009 - 2010,0.92
,,2010 - 2011,0.89
,,2011 - 2012,0.83
,,2012 - 2013,0.82
,,2013 - 2014,0.77
,,2014 - 2015,0.84
,,2015 - 2016,0.75
,,2016 - 2017,0.9
,,2017 - 2018,0.88
,,2018 - 2019,0.92
,,2019 - 2020,0.92
,,2020 - 2021,0.92
,,2021 - 2022,0.87
,,2022 - 2023,0.93
,Bahraich,2004 - 2005,
,,2005 - 2006,
,,2006 - 2007,
,,2007 - 2008,0.96
,,2008 - 2009,1.0
,,2009 - 2010,0.88
,,2010 - 2011,0.87
,,2011 - 2012,0.83
,,2012 - 2013,0.8
,,2013 - 2014,0.81
,,2014 - 2015,0.82
,,2015 - 2016,0.76
,,2016 - 2017,0.92
,,2017 - 2018,0.92
,,2018 - 2019,0.92
,,2019 - 2020,0.87
,,2020 - 2021,0.89
,,2021 - 2022,0.88
,,2022 - 2023,0.93
,Ballia,2004 - 2005,
,,2005 - 2006,
,,2006 - 2007,
,,2007 - 2008,0.96
,,2008 - 2009,1.0
,,2009 - 2010,0.88
,,2010 - 2011,0.87
,,2011 - 2012,0.83
,,2012 - 2013,0.81
,,2013 - 2014,0.81
,,2014 - 2015,0.82
,,2015 - 2016,0.75
,,2016 - 2017,0.92
,,2017 - 2018,0.93
,,2018 - 2019,0.92
,,2019 - 2020,0.87
,,2020 - 2021,0.88
,,2021 - 2022,0.89
,,2022 - 2023,0.94
,Balrampur,2004 - 2005,
,,2005 - 2006,
,,2006 - 2007,
,,2007 - 2008,0.95
,,2008 - 2009,1.0
,,2009 - 2010,0.9
,,2010 - 2011,0.92
,,2011 - 2012,0.86
,,2012 - 2013,0.82
,,2014 - 2015,0.86
,,2015 - 2016,0.75
,,2016 - 2017,0.89
,,2017 - 2018,1.0
,,2018 - 2019,1.0
,,2019 - 2020,0.83
,,2020 - 2021,0.83
,,2021 - 2022,1.0
,,2022 - 2023,1.0
,Banda,2004 - 2005,
,,2005 - 2006,
,,2006 - 2007,
,,2007 - 2008,1.0
,,2008 - 2009,1.0
,,2009 - 2010,1.0
,,2010 - 2011,0.86
,,2011 - 2012,0.8
,,2012 - 2013,0.81
,,2013 - 2014,0.8
,,2014 - 2015,0.83
,,2015 - 2016,0.77
,,2016 - 2017,0.93
,,2017 - 2018,0.93
,,2018 - 2019,0.92
,,2019 - 2020,0.87
,,2020 - 2021,0.89
,,2021 - 2022,0.88
,,2022 - 2023,0.93
,Barabanki,2004 - 2005,
,,2005 - 2006,
,,2006 - 2007,
,,2007 - 2008,0.96
,,2008 - 2009,1.0
,,2009 - 2010,0.88
,,2010 - 2011,0.87
,,2011 - 2012,0.84
,,2012 - 2013,0.8
,,2013 - 2014,0.81
,,2014 - 2015,0.82
,,2015 - 2016,0.76
,,2016 - 2017,0.92
,,2017 - 2018,0.92
,,2018 - 2019,0.92
,,2019 - 2020,0.87
,,2020 - 2021,0.89
,,2021 - 2022,0.88
,,2022 - 2023,0.93
,Bareilly,2004 - 2005,
,,2005 - 2006,
,,2006 - 2007,
,,2007 - 2008,0.96
,,2008 - 2009,1.0
,,2009 - 2010,0.88
,,2010 - 2011,0.87
,,2011 - 2012,0.83
,,2012 - 2013,0.8
,,2013 - 2014,0.81
,,2014 - 2015,0.82
,,2015 - 2016,0.76
,,2016 - 2017,0.92
,,2017 - 2018,0.92
,,2018 - 2019,0.92
,,2019 - 2020,0.87
,,2020 - 2021,0.88
,,2021 - 2022,0.88
,,2022 - 2023,0.93
,Bijnor,2004 - 2005,
,,2005 - 2006,
,,2006 - 2007,
,,2007 - 2008,0.96
,,2008 - 2009,1.0
,,2009 - 2010,1.0
,,2010 - 2011,0.83
,,2011 - 2012,1.0
,,2012 - 2013,1.0
,,2013 - 2014,0.8
,,2014 - 2015,0.87
,,2015 - 2016,0.8
,,2016 - 2017,1.0
,,2017 - 2018,0.86
,,2018 - 2019,0.88
,,2019 - 2020,0.8
,,2020 - 2021,0.8
,,2021 - 2022,0.83
,,2022 - 2023,1.0
,Budaun,2004 - 2005,
,,2005 - 2006,
,,2006 - 2007,
,,2007 - 2008,0.97
,,2008 - 2009,1.0
,,2009 - 2010,0.89
,,2010 - 2011,0.88
,,2011 - 2012,1.0
,,2012 - 2013,0.8
,,2013 - 2014,0.81
,,2014 - 2015,0.82
,,2015 - 2016,0.75
,,2016 - 2017,0.92
,,2017 - 2018,0.92
,,2018 - 2019,0.92
,,2019 - 2020,0.87
,,2020 - 2021,0.89
,,2021 - 2022,0.89
,,2022 - 2023,0.93
,Bulandshahr,2004 - 2005,
,,2005 - 2006,
,,2006 - 2007,
,,2007 - 2008,0.96
,,2008 - 2009,1.0
,,2009 - 2010,0.88
,,2010 - 2011,0.88
,,2011 - 2012,0.83
,,2012 - 2013,0.8
,,2013 - 2014,0.81
,,2014 - 2015,0.82
,,2015 - 2016,0.76
,,2016 - 2017,0.92
,,2017 - 2018,0.92
,,2018 - 2019,0.52
,,2019 - 2020,0.87
,,2020 - 2021,0.89
,,2021 - 2022,0.88
,,2022 - 2023,0.93
,Chandauli,2004 - 2005,
,,2005 - 2006,
,,2006 - 2007,
,,2007 - 2008,0.88
,,2008 - 2009,1.0
,,2009 - 2010,0.89
,,2010 - 2011,1.0
,,2011 - 2012,1.0
,,2014 - 2015,1.0
,,2015 - 2016,1.0
,,2016 - 2017,1.0
,,2017 - 2018,1.0
,,2018 - 2019,1.0
,,2019 - 2020,1.0
,,2020 - 2021,1.0
,,2021 - 2022,1.0
,,2022 - 2023,1.0
,Chitrakoot,2004 - 2005,
,,2005 - 2006,
,,2006 - 2007,
,,2007 - 2008,0.96
,,2008 - 2009,1.0
,,2009 - 2010,0.87
,,2010 - 2011,0.88
,,2011 - 2012,0.84
,,2012 - 2013,0.81
,,2013 - 2014,0.8
,,2014 - 2015,0.81
,,2015 - 2016,0.75
,,2016 - 2017,0.94
,,2017 - 2018,0.94
,,2018 - 2019,0.91
,,2019 - 2020,0.87
,,2020 - 2021,0.88
,,2021 - 2022,0.88
,,2022 - 2023,0.93
,Deoria,2004 - 2005,
,,2005 - 2006,
,,2006 - 2007,
,,2007 - 2008,1.0
,,2008 - 2009,1.0
,,2009 - 2010,0.8
,,2010 - 2011,0.8
,,2011 - 2012,0.8
,,2015 - 2016,1.0
,,2016 - 2017,1.0
,,2017 - 2018,1.0
,,2018 - 2019,1.0
,,2019 - 2020,1.0
,,2021 - 2022,1.0
,,2022 - 2023,1.0
,Etah,2004 - 2005,
,,2005 - 2006,
,,2006 - 2007,
,,2007 - 2008,0.96
,,2008 - 2009,1.0
,,2009 - 2010,0.88
,,2010 - 2011,0.88
,,2011 - 2012,0.83
,,2012 - 2013,0.79
,,2013 - 2014,0.81
,,2014 - 2015,0.83
,,2015 - 2016,0.76
,,2016 - 2017,0.92
,,2017 - 2018,0.92
,,2018 - 2019,0.92
,,2019 - 2020,0.87
,,2020 - 2021,0.89
,,2021 - 2022,0.89
,,2022 - 2023,0.93
,Etawah,2004 - 2005,
,,2005 - 2006,
,,2006 - 2007,
,,2007 - 2008,0.96
,,2008 - 2009,1.0
,,2009 - 2010,0.88
,,2010 - 2011,0.88
,,2011 - 2012,0.83
,,2012 - 2013,0.8
,,2013 - 2014,0.81
,,2014 - 2015,0.83
,,2016 - 2017,0.92
,,2017 - 2018,0.92
,,2018 - 2019,0.92
,,2019 - 2020,0.87
,,2020 - 2021,0.89
,,2021 - 2022,0.88
,,2022 - 2023,0.93
,Faizabad,2004 - 2005,
,,2005 - 2006,
,,2006 - 2007,
,,2007 - 2008,0.96
,,2008 - 2009,1.0
,,2009 - 2010,0.89
,,2010 - 2011,0.9
,,2011 - 2012,0.83
,,2012 - 2013,0.88
,,2013 - 2014,0.67
,,2014 - 2015,0.83
,,2015 - 2016,0.74
,,2016 - 2017,0.91
,,2017 - 2018,0.94
,,2018 - 2019,0.94
,,2019 - 2020,0.86
,,2020 - 2021,0.9
,,2021 - 2022,0.88
,,2022 - 2023,0.92
,Farrukhabad,2004 - 2005,
,,2005 - 2006,
,,2006 - 2007,
,,2007 - 2008,0.96
,,2008 - 2009,1.0
,,2009 - 2010,0.88
,,2010 - 2011,0.88
,,2011 - 2012,0.83
,,2012 - 2013,0.8
,,2013 - 2014,0.81
,,2014 - 2015,0.82
,,2015 - 2016,0.76
,,2016 - 2017,0.92
,,2017 - 2018,0.92
,,2018 - 2019,0.92
,,2019 - 2020,0.87
,,2020 - 2021,0.89
,,2021 - 2022,0.88
,,2022 - 2023,0.93
,Fatehpur,2004 - 2005,
,,2005 - 2006,
,,2006 - 2007,
,,2007 - 2008,0.96
,,2008 - 2009,1.0
,,2009 - 2010,0.88
,,2010 - 2011,0.87
,,2011 - 2012,0.83
,,2012 - 2013,0.8
,,2013 - 2014,0.81
,,2014 - 2015,0.82
,,2015 - 2016,0.76
,,2016 - 2017,0.92
,,2017 - 2018,0.92
,,2018 - 2019,0.92
,,2019 - 2020,0.87
,,2020 - 2021,0.89
,,2021 - 2022,0.88
,,2022 - 2023,0.93
,Firozabad,2004 - 2005,
,,2005 - 2006,
,,2006 - 2007,
,,2007 - 2008,0.96
,,2008 - 2009,1.0
,,2009 - 2010,0.88
,,2010 - 2011,0.87
,,2011 - 2012,0.83
,,2012 - 2013,0.8
,,2013 - 2014,0.81
,,2014 - 2015,0.82
,,2015 - 2016,0.76
,,2016 - 2017,0.92
,,2017 - 2018,0.92
,,2018 - 2019,0.92
,,2019 - 2020,0.87
,,2020 - 2021,0.89
,,2021 - 2022,0.88
,,2022 - 2023,0.93
,Gautam buddha nagar,2009 - 2010,0.83
,,2011 - 2012,1.0
,,2014 - 2015,1.0
,,2015 - 2016,1.0
,,2016 - 2017,1.0
,,2018 - 2019,1.0
,Ghaziabad,2004 - 2005,
,,2005 - 2006,
,,2006 - 2007,
,,2007 - 2008,0.97
,,2008 - 2009,0.99
,,2009 - 2010,0.88
,,2010 - 2011,0.85
,,2011 - 2012,0.82
,,2012 - 2013,0.8
,,2013 - 2014,0.81
,,2014 - 2015,0.82
,,2015 - 2016,0.76
,,2016 - 2017,0.92
,,2017 - 2018,0.92
,,2018 - 2019,0.92
,,2019 - 2020,0.87
,,2020 - 2021,0.89
,,2021 - 2022,0.88
,,2022 - 2023,0.93
,Ghazipur,2004 - 2005,
,,2005 - 2006,
,,2006 - 2007,
,,2007 - 2008,0.96
,,2008 - 2009,1.0
,,2009 - 2010,0.88
,,2010 - 2011,0.87
,,2011 - 2012,0.83
,,2012 - 2013,0.8
,,2013 - 2014,0.81
,,2014 - 2015,0.83
,,2015 - 2016,0.76
,,2016 - 2017,0.92
,,2017 - 2018,0.92
,,2018 - 2019,2.2
,,2019 - 2020,0.87
,,2020 - 2021,0.89
,,2021 - 2022,0.88
,,2022 - 2023,0.93
,Gonda,2004 - 2005,
,,2005 - 2006,
,,2006 - 2007,
,,2007 - 2008,0.97
,,2008 - 2009,1.0
,,2009 - 2010,0.88
,,2010 - 2011,0.87
,,2011 - 2012,0.83
,,2012 - 2013,0.81
,,2013 - 2014,0.83
,,2014 - 2015,0.83
,,2015 - 2016,0.76
,,2016 - 2017,0.93
,,2017 - 2018,0.93
,,2018 - 2019,0.92
,,2019 - 2020,0.87
,,2020 - 2021,0.89
,,2021 - 2022,0.89
,,2022 - 2023,0.92
,Gorakhpur,2004 - 2005,
,,2005 - 2006,
,,2006 - 2007,
,,2007 - 2008,0.94
,,2008 - 2009,1.0
,,2009 - 2010,0.9
,,2010 - 2011,0.89
,,2011 - 2012,0.67
,,2012 - 2013,1.0
,,2013 - 2014,1.0
,,2014 - 2015,0.88
,,2016 - 2017,1.0
,,2017 - 2018,1.0
,,2018 - 2019,1.0
,,2019 - 2020,1.0
,,2020 - 2021,1.0
,,2021 - 2022,1.0
,,2022 - 2023,1.0
,Hamirpur,2004 - 2005,
,,2005 - 2006,
,,2006 - 2007,
,,2007 - 2008,0.97
,,2008 - 2009,0.99
,,2009 - 2010,0.88
,,2010 - 2011,0.87
,,2011 - 2012,0.84
,,2012 - 2013,0.8
,,2013 - 2014,0.8
,,2014 - 2015,0.82
,,2015 - 2016,0.76
,,2016 - 2017,0.92
,,2017 - 2018,0.93
,,2018 - 2019,0.93
,,2019 - 2020,0.88
,,2020 - 2021,0.88
,,2021 - 2022,0.88
,,2022 - 2023,0.94
,Hapur,2014 - 2015,0.83
,,2015 - 2016,0.75
,,2016 - 2017,0.9
,,2017 - 2018,0.92
,,2018 - 2019,0.93
,,2019 - 2020,0.87
,,2020 - 2021,0.87
,,2021 - 2022,0.85
,,2022 - 2023,0.93
,Hardoi,2004 - 2005,
,,2005 - 2006,
,,2006 - 2007,
,,2007 - 2008,0.96
,,2008 - 2009,1.0
,,2009 - 2010,0.88
,,2010 - 2011,0.88
,,2011 - 2012,0.83
,,2012 - 2013,0.8
,,2013 - 2014,0.81
,,2014 - 2015,0.82
,,2015 - 2016,0.76
,,2016 - 2017,0.92
,,2017 - 2018,0.92
,,2018 - 2019,0.92
,,2019 - 2020,0.87
,,2020 - 2021,0.89
,,2021 - 2022,0.88
,,2022 - 2023,0.93
,Hathras,2004 - 2005,
,,2005 - 2006,
,,2006 - 2007,
,,2007 - 2008,0.97
,,2008 - 2009,1.0
,,2009 - 2010,0.88
,,2010 - 2011,0.87
,,2011 - 2012,0.83
,,2012 - 2013,0.8
,,2013 - 2014,0.81
,,2014 - 2015,0.83
,,2015 - 2016,0.76
,,2016 - 2017,0.92
,,2017 - 2018,0.92
,,2018 - 2019,0.92
,,2019 - 2020,0.87
,,2020 - 2021,0.89
,,2021 - 2022,0.88
,,2022 - 2023,0.93
,Jalaun,2004 - 2005,
,,2005 - 2006,
,,2006 - 2007,
,,2007 - 2008,0.96
,,2008 - 2009,1.0
,,2009 - 2010,0.88
,,2010 - 2011,0.88
,,2011 - 2012,0.84
,,2012 - 2013,0.8
,,2013 - 2014,0.81
,,2014 - 2015,0.83
,,2015 - 2016,0.76
,,2016 - 2017,0.93
,,2017 - 2018,0.92
,,2018 - 2019,0.92
,,2019 - 2020,0.87
,,2020 - 2021,0.89
,,2021 - 2022,0.88
,,2022 - 2023,0.93
,Jaunpur,2004 - 2005,
,,2005 - 2006,
,,2006 - 2007,
,,2007 - 2008,1.0
,,2008 - 2009,1.0
,,2009 - 2010,0.8
,,2010 - 2011,1.0
,,2011 - 2012,0.75
,,2012 - 2013,0.67
,,2013 - 2014,0.67
,,2014 - 2015,0.67
,,2015 - 2016,0.67
,,2016 - 2017,1.0
,,2017 - 2018,1.0
,,2018 - 2019,1.0
,,2019 - 2020,1.0
,,2020 - 2021,1.0
,,2021 - 2022,1.0
,,2022 - 2023,1.0
,Jhansi,2004 - 2005,
,,2005 - 2006,
,,2007 - 2008,1.0
,,2008 - 2009,1.0
,,2009 - 2010,1.0
,,2010 - 2011,1.0
,,2011 - 2012,1.0
,,2014 - 2015,0.83
,,2016 - 2017,1.0
,,2017 - 2018,1.0
,,2018 - 2019,1.0
,,2019 - 2020,1.0
,,2020 - 2021,1.0
,,2021 - 2022,1.0
,,2022 - 2023,1.0
,Kannauj,2004 - 2005,
,,2005 - 2006,
,,2006 - 2007,
,,2007 - 2008,0.96
,,2008 - 2009,0.99
,,2009 - 2010,0.88
,,2010 - 2011,0.88
,,2011 - 2012,0.83
,,2012 - 2013,0.8
,,2013 - 2014,0.8
,,2014 - 2015,0.83
,,2015 - 2016,0.5
,,2016 - 2017,0.92
,,2017 - 2018,0.92
,,2018 - 2019,0.92
,,2019 - 2020,0.88
,,2020 - 2021,0.89
,,2021 - 2022,0.89
,,2022 - 2023,0.93
,Kanpur dehat,2004 - 2005,
,,2005 - 2006,
,,2006 - 2007,
,,2007 - 2008,0.97
,,2008 - 2009,1.0
,,2009 - 2010,0.88
,,2010 - 2011,0.87
,,2011 - 2012,0.83
,,2012 - 2013,0.81
,,2013 - 2014,0.81
,,2014 - 2015,0.82
,,2015 - 2016,0.76
,,2016 - 2017,0.92
,,2017 - 2018,0.92
,,2018 - 2019,0.93
,,2019 - 2020,0.87
,,2020 - 2021,0.88
,,2021 - 2022,0.88
,,2022 - 2023,0.93
,Kanpur nagar,2004 - 2005,
,,2005 - 2006,
,,2006 - 2007,
,,2007 - 2008,0.96
,,2008 - 2009,1.0
,,2009 - 2010,0.88
,,2010 - 2011,0.87
,,2011 - 2012,0.83
,,2012 - 2013,0.8
,,2013 - 2014,0.81
,,2014 - 2015,0.82
,,2015 - 2016,0.76
,,2016 - 2017,0.92
,,2017 - 2018,0.92
,,2018 - 2019,0.92
,,2019 - 2020,0.87
,,2020 - 2021,0.89
,,2021 - 2022,0.88
,,2022 - 2023,0.93
,Kasganj,2010 - 2011,0.87
,,2011 - 2012,0.84
,,2012 - 2013,0.81
,,2013 - 2014,0.79
,,2014 - 2015,0.82
,,2015 - 2016,0.75
,,2016 - 2017,0.92
,,2017 - 2018,0.92
,,2018 - 2019,0.93
,,2019 - 2020,0.87
,,2020 - 2021,0.9
,,2021 - 2022,0.88
,,2022 - 2023,0.93
,Kaushambi,2004 - 2005,
,,2005 - 2006,
,,2006 - 2007,
,,2007 - 2008,0.96
,,2008 - 2009,1.0
,,2009 - 2010,0.88
,,2010 - 2011,0.87
,,2011 - 2012,0.83
,,2012 - 2013,0.8
,,2013 - 2014,0.8
,,2014 - 2015,0.82
,,2015 - 2016,0.76
,,2016 - 2017,0.92
,,2017 - 2018,0.92
,,2018 - 2019,0.92
,,2019 - 2020,0.87
,,2020 - 2021,0.89
,,2021 - 2022,0.89
,,2022 - 2023,0.93
,Kheri,2004 - 2005,
,,2005 - 2006,
,,2006 - 2007,
,,2007 - 2008,0.97
,,2008 - 2009,1.0
,,2009 - 2010,0.88
,,2010 - 2011,0.88
,,2011 - 2012,0.83
,,2012 - 2013,0.8
,,2013 - 2014,0.81
,,2014 - 2015,0.83
,,2015 - 2016,0.76
,,2016 - 2017,0.92
,,2017 - 2018,0.92
,,2018 - 2019,0.92
,,2019 - 2020,0.87
,,2020 - 2021,0.88
,,2021 - 2022,0.88
,,2022 - 2023,0.93
,Kushi nagar,2004 - 2005,
,,2005 - 2006,
,,2006 - 2007,
,,2007 - 2008,1.0
,,2008 - 2009,1.0
,,2009 - 2010,0.89
,,2010 - 2011,0.88
,,2011 - 2012,0.85
,,2012 - 2013,0.86
,,2013 - 2014,0.79
,,2014 - 2015,0.77
,,2015 - 2016,0.77
,,2016 - 2017,0.93
,,2017 - 2018,0.92
,,2018 - 2019,0.93
,,2019 - 2020,0.85
,,2020 - 2021,0.89
,,2021 - 2022,0.87
,,2022 - 2023,0.93
,Lalitpur,2004 - 2005,
,,2005 - 2006,
,,2006 - 2007,
,,2008 - 2009,1.0
,,2009 - 2010,0.67
,,2010 - 2011,0.9
,,2011 - 2012,0.78
,,2012 - 2013,0.78
,,2013 - 2014,0.8
,,2014 - 2015,0.81
,,2015 - 2016,0.78
,,2016 - 2017,0.93
,,2017 - 2018,0.94
,,2018 - 2019,0.94
,,2019 - 2020,0.89
,,2020 - 2021,0.92
,,2021 - 2022,0.86
,,2022 - 2023,0.93
,Lucknow,2004 - 2005,
,,2005 - 2006,
,,2006 - 2007,
,,2007 - 2008,0.96
,,2008 - 2009,1.0
,,2009 - 2010,0.88
,,2010 - 2011,0.85
,,2011 - 2012,0.83
,,2012 - 2013,0.81
,,2013 - 2014,0.8
,,2014 - 2015,0.82
,,2015 - 2016,0.76
,,2016 - 2017,0.92
,,2017 - 2018,0.92
,,2018 - 2019,0.93
,,2019 - 2020,0.87
,,2020 - 2021,0.88
,,2021 - 2022,0.89
,,2022 - 2023,0.94
,Maharajganj,2004 - 2005,
,,2005 - 2006,
,,2006 - 2007,
,,2007 - 2008,0.96
,,2008 - 2009,1.0
,,2009 - 2010,0.9
,,2010 - 2011,0.89
,,2011 - 2012,0.86
,,2012 - 2013,0.77
,,2013 - 2014,0.83
,,2014 - 2015,0.88
,,2015 - 2016,0.73
,,2016 - 2017,0.91
,,2017 - 2018,0.9
,,2018 - 2019,0.92
,,2019 - 2020,0.88
,,2020 - 2021,0.89
,,2021 - 2022,0.89
,,2022 - 2023,0.95
,Mahoba,2004 - 2005,
,,2005 - 2006,
,,2006 - 2007,
,,2007 - 2008,0.97
,,2008 - 2009,1.0
,,2009 - 2010,0.88
,,2010 - 2011,0.89
,,2011 - 2012,0.83
,,2012 - 2013,0.81
,,2013 - 2014,0.81
,,2014 - 2015,0.81
,,2016 - 2017,0.91
,,2017 - 2018,0.91
,,2018 - 2019,0.92
,,2019 - 2020,0.86
,,2020 - 2021,0.89
,,2021 - 2022,0.87
,,2022 - 2023,0.92
,Mainpuri,2004 - 2005,
,,2005 - 2006,
,,2006 - 2007,
,,2007 - 2008,0.96
,,2008 - 2009,1.0
,,2009 - 2010,0.88
,,2010 - 2011,0.88
,,2011 - 2012,0.83
,,2012 - 2013,0.8
,,2013 - 2014,0.81
,,2014 - 2015,0.82
,,2015 - 2016,0.76
,,2016 - 2017,0.92
,,2017 - 2018,0.92
,,2018 - 2019,0.93
,,2019 - 2020,0.88
,,2020 - 2021,0.88
,,2021 - 2022,0.89
,,2022 - 2023,0.93
,Mathura,2004 - 2005,
,,2005 - 2006,
,,2006 - 2007,
,,2007 - 2008,0.94
,,2008 - 2009,1.0
,,2009 - 2010,0.86
,,2010 - 2011,1.0
,,2011 - 2012,1.0
,,2012 - 2013,0.83
,,2013 - 2014,0.81
,,2014 - 2015,0.83
,,2015 - 2016,0.78
,,2016 - 2017,0.94
,,2017 - 2018,0.93
,,2018 - 2019,0.93
,,2019 - 2020,0.86
,,2020 - 2021,0.86
,,2021 - 2022,0.88
,,2022 - 2023,0.93
,Mau,2004 - 2005,
,,2005 - 2006,
,,2006 - 2007,
,,2007 - 2008,1.0
,,2008 - 2009,1.0
,,2009 - 2010,0.9
,,2010 - 2011,0.9
,,2011 - 2012,0.83
,,2012 - 2013,0.8
,,2016 - 2017,0.94
,,2017 - 2018,0.94
,,2019 - 2020,0.86
,,2020 - 2021,0.88
,,2021 - 2022,0.9
,,2022 - 2023,0.88
,Meerut,2004 - 2005,
,,2005 - 2006,
,,2006 - 2007,
,,2007 - 2008,0.96
,,2008 - 2009,1.0
,,2009 - 2010,0.88
,,2010 - 2011,0.88
,,2011 - 2012,0.83
,,2012 - 2013,0.8
,,2013 - 2014,0.8
,,2014 - 2015,0.82
,,2015 - 2016,0.75
,,2016 - 2017,0.92
,,2017 - 2018,0.92
,,2018 - 2019,0.92
,,2019 - 2020,0.87
,,2020 - 2021,0.89
,,2021 - 2022,0.88
,,2022 - 2023,0.93
,Mirzapur,2004 - 2005,
,,2005 - 2006,
,,2006 - 2007,
,,2007 - 2008,0.96
,,2008 - 2009,1.0
,,2009 - 2010,0.88
,,2010 - 2011,0.88
,,2011 - 2012,0.83
,,2012 - 2013,0.8
,,2013 - 2014,0.81
,,2014 - 2015,0.83
,,2015 - 2016,0.76
,,2016 - 2017,0.92
,,2017 - 2018,0.92
,,2018 - 2019,0.92
,,2019 - 2020,0.87
,,2020 - 2021,0.89
,,2021 - 2022,0.88
,,2022 - 2023,0.93
,Moradabad,2004 - 2005,
,,2005 - 2006,
,,2006 - 2007,
,,2007 - 2008,0.96
,,2008 - 2009,1.0
,,2009 - 2010,0.88
,,2010 - 2011,0.87
,,2011 - 2012,0.83
,,2012 - 2013,0.8
,,2013 - 2014,0.81
,,2014 - 2015,0.82
,,2015 - 2016,0.76
,,2016 - 2017,0.92
,,2017 - 2018,0.92
,,2018 - 2019,0.92
,,2019 - 2020,0.87
,,2020 - 2021,0.89
,,2021 - 2022,0.88
,,2022 - 2023,0.93
,Muzaffarnagar,2004 - 2005,
,,2005 - 2006,
,,2006 - 2007,
,,2007 - 2008,0.97
,,2008 - 2009,1.0
,,2009 - 2010,0.88
,,2010 - 2011,0.88
,,2011 - 2012,0.83
,,2012 - 2013,0.78
,,2013 - 2014,0.81
,,2014 - 2015,0.83
,,2015 - 2016,0.76
,,2016 - 2017,0.92
,,2017 - 2018,0.92
,,2018 - 2019,0.92
,,2019 - 2020,0.87
,,2020 - 2021,0.89
,,2021 - 2022,0.88
,,2022 - 2023,0.93
,Pilibhit,2006 - 2007,
,,2008 - 2009,1.0
,,2009 - 2010,1.0
,,2010 - 2011,1.0
,,2014 - 2015,0.83
,,2015 - 2016,0.67
,,2016 - 2017,1.0
,,2017 - 2018,1.0
,,2018 - 2019,1.0
,,2022 - 2023,1.0
,Pratapgarh,2004 - 2005,
,,2005 - 2006,
,,2006 - 2007,
,,2007 - 2008,0.94
,,2008 - 2009,1.0
,,2009 - 2010,0.83
,,2010 - 2011,1.0
,,2011 - 2012,0.75
,,2012 - 2013,0.67
,,2013 - 2014,0.75
,,2014 - 2015,0.67
,,2015 - 2016,1.0
,,2016 - 2017,1.0
,,2017 - 2018,1.0
,,2018 - 2019,1.0
,,2020 - 2021,1.0
,,2021 - 2022,1.0
,,2022 - 2023,1.0
,Rae bareli,2004 - 2005,
,,2005 - 2006,
,,2006 - 2007,
,,2007 - 2008,0.96
,,2008 - 2009,1.0
,,2009 - 2010,0.88
,,2010 - 2011,0.88
,,2011 - 2012,0.83
,,2012 - 2013,0.82
,,2013 - 2014,0.81
,,2014 - 2015,0.83
,,2015 - 2016,0.76
,,2016 - 2017,0.92
,,2017 - 2018,0.92
,,2018 - 2019,0.36
,,2019 - 2020,0.87
,,2020 - 2021,0.89
,,2021 - 2022,0.88
,,2022 - 2023,0.93
,Rampur,2004 - 2005,
,,2005 - 2006,
,,2006 - 2007,
,,2007 - 2008,0.97
,,2008 - 2009,1.0
,,2009 - 2010,0.86
,,2010 - 2011,0.87
,,2011 - 2012,0.83
,,2012 - 2013,1.0
,,2013 - 2014,0.8
,,2014 - 2015,0.83
,,2015 - 2016,0.76
,,2016 - 2017,0.92
,,2017 - 2018,0.93
,,2018 - 2019,0.93
,,2019 - 2020,0.87
,,2020 - 2021,0.88
,,2021 - 2022,0.88
,,2022 - 2023,0.92
,Saharanpur,2004 - 2005,
,,2005 - 2006,
,,2006 - 2007,
,,2007 - 2008,0.95
,,2008 - 2009,1.0
,,2009 - 2010,0.91
,,2010 - 2011,0.89
,,2011 - 2012,0.83
,,2012 - 2013,0.78
,,2013 - 2014,0.86
,,2014 - 2015,0.82
,,2015 - 2016,0.76
,,2016 - 2017,0.92
,,2017 - 2018,0.91
,,2018 - 2019,0.92
,,2019 - 2020,0.87
,,2020 - 2021,0.89
,,2021 - 2022,0.89
,,2022 - 2023,0.93
,Sambhal,2012 - 2013,0.8
,,2013 - 2014,0.81
,,2014 - 2015,0.82
,,2015 - 2016,0.76
,,2016 - 2017,0.92
,,2017 - 2018,0.92
,,2018 - 2019,0.92
,,2019 - 2020,0.87
,,2020 - 2021,0.89
,,2021 - 2022,0.88
,,2022 - 2023,0.93
,Sant kabeer nagar,2004 - 2005,
,,2005 - 2006,
,,2006 - 2007,
,,2007 - 2008,0.96
,,2008 - 2009,1.0
,,2009 - 2010,0.89
,,2010 - 2011,0.86
,,2011 - 2012,0.83
,,2012 - 2013,0.81
,,2013 - 2014,0.81
,,2014 - 2015,0.82
,,2015 - 2016,0.76
,,2016 - 2017,0.92
,,2017 - 2018,0.92
,,2018 - 2019,0.93
,,2019 - 2020,0.87
,,2020 - 2021,0.89
,,2021 - 2022,0.88
,,2022 - 2023,0.93
,Sant ravidas nagar,2005 - 2006,
,,2006 - 2007,
,,2008 - 2009,1.0
,,2009 - 2010,1.0
,,2010 - 2011,1.0
,,2012 - 2013,0.88
,,2013 - 2014,0.79
,,2016 - 2017,1.0
,,2017 - 2018,0.83
,,2018 - 2019,1.0
,,2019 - 2020,1.0
,,2020 - 2021,1.0
,,2021 - 2022,0.8
,,2022 - 2023,1.0
,Shahjahanpur,2004 - 2005,
,,2005 - 2006,
,,2006 - 2007,
,,2007 - 2008,0.97
,,2008 - 2009,0.97
,,2009 - 2010,0.88
,,2010 - 2011,0.88
,,2011 - 2012,0.83
,,2012 - 2013,0.81
,,2013 - 2014,0.8
,,2014 - 2015,0.86
,,2015 - 2016,0.76
,,2016 - 2017,0.92
,,2017 - 2018,0.92
,,2018 - 2019,0.93
,,2019 - 2020,0.88
,,2020 - 2021,0.88
,,2021 - 2022,0.89
,,2022 - 2023,0.93
,Shamli,2012 - 2013,0.81
,,2013 - 2014,0.8
,,2014 - 2015,0.83
,,2015 - 2016,0.76
,,2016 - 2017,0.93
,,2017 - 2018,0.92
,,2018 - 2019,0.93
,,2019 - 2020,0.86
,,2020 - 2021,0.88
,,2021 - 2022,0.88
,,2022 - 2023,0.93
,Shravasti,2004 - 2005,
,,2005 - 2006,
,,2006 - 2007,
,,2007 - 2008,1.0
,,2008 - 2009,1.0
,,2009 - 2010,0.89
,,2010 - 2011,0.67
,,2011 - 2012,0.75
,,2013 - 2014,0.88
,,2014 - 2015,1.0
,,2016 - 2017,1.0
,,2017 - 2018,1.0
,,2018 - 2019,1.0
,,2019 - 2020,1.0
,,2020 - 2021,1.0
,,2021 - 2022,1.0
,,2022 - 2023,1.0
,Siddharth nagar,2004 - 2005,
,,2005 - 2006,
,,2006 - 2007,
,,2007 - 2008,0.95
,,2008 - 2009,1.0
,Sitapur,2004 - 2005,
,,2005 - 2006,
,,2006 - 2007,
,,2007 - 2008,0.97
,,2008 - 2009,1.0
,,2009 - 2010,0.88
,,2010 - 2011,0.88
,,2011 - 2012,0.83
,,2012 - 2013,0.81
,,2013 - 2014,0.8
,,2014 - 2015,0.82
,,2015 - 2016,0.74
,,2016 - 2017,0.92
,,2017 - 2018,0.92
,,2018 - 2019,0.93
,,2019 - 2020,0.87
,,2020 - 2021,0.89
,,2021 - 2022,0.88
,,2022 - 2023,0.93
,Sonbhadra,2004 - 2005,
,,2005 - 2006,
,,2006 - 2007,
,,2007 - 2008,0.95
,,2008 - 2009,1.0
,,2009 - 2010,0.86
,,2010 - 2011,0.86
,,2011 - 2012,0.81
,,2012 - 2013,0.8
,,2013 - 2014,0.86
,,2014 - 2015,0.75
,,2015 - 2016,0.74
,,2016 - 2017,0.93
,,2017 - 2018,0.92
,,2018 - 2019,0.92
,,2019 - 2020,0.83
,,2020 - 2021,0.86
,,2021 - 2022,0.85
,,2022 - 2023,0.93
,Sultanpur,2004 - 2005,
,,2005 - 2006,
,,2006 - 2007,
,,2007 - 2008,1.0
,,2008 - 2009,1.0
,,2009 - 2010,0.83
,,2010 - 2011,0.87
,,2011 - 2012,0.85
,,2012 - 2013,0.77
,,2013 - 2014,0.81
,,2016 - 2017,1.0
,,2017 - 2018,0.89
,,2018 - 2019,0.88
,,2019 - 2020,0.8
,,2020 - 2021,0.83
,,2021 - 2022,0.86
,,2022 - 2023,1.0
,Unnao,2004 - 2005,
,,2005 - 2006,
,,2006 - 2007,
,,2007 - 2008,0.96
,,2008 - 2009,1.0
,,2009 - 2010,0.88
,,2010 - 2011,0.87
,,2011 - 2012,0.83
,,2012 - 2013,0.8
,,2013 - 2014,0.81
,,2014 - 2015,0.82
,,2015 - 2016,0.76
,,2016 - 2017,0.92
,,2017 - 2018,0.92
,,2018 - 2019,0.92
,,2019 - 2020,0.87
,,2020 - 2021,0.89
,,2021 - 2022,0.88
,,2022 - 2023,0.93
,Varanasi,2004 - 2005,
,,2005 - 2006,
,,2006 - 2007,
,,2007 - 2008,0.96
,,2008 - 2009,1.0
,,2009 - 2010,0.88
,,2010 - 2011,0.88
,,2011 - 2012,0.83
,,2012 - 2013,0.8
,,2013 - 2014,0.81
,,2014 - 2015,0.82
,,2015 - 2016,0.76
,,2016 - 2017,0.92
,,2017 - 2018,0.92
,,2018 - 2019,0.92
,,2019 - 2020,0.87
,,2020 - 2021,0.89
,,2021 - 2022,0.88
,,2022 - 2023,0.93
Uttarakhand,Almora,2007 - 2008,0.45
,Bageshwar,2007 - 2008,0.4
,Chamoli,2007 - 2008,0.24
,Champawat,2007 - 2008,0.25
,Dehradun,2007 - 2008,0.24
,Haridwar,2007 - 2008,0.18
,Nainital,2007 - 2008,0.42
,Pauri garhwal,2007 - 2008,0.27
,Pithoragarh,2007 - 2008,0.3
,Rudra prayag,2007 - 2008,0.25
,Tehri garhwal,2007 - 2008,0.28
,Uttar kashi,2007 - 2008,0.35
West Bengal,paraganas north,2000 - 2001,
,,2001 - 2002,
,,2002 - 2003,
,,2003 - 2004,
,,2004 - 2005,
,,2005 - 2006,
,,2006 - 2007,
,,2007 - 2008,
,,2008 - 2009,
,paraganas south,2000 - 2001,
,,2001 - 2002,
,,2002 - 2003,
,,2003 - 2004,
,,2004 - 2005,
,,2005 - 2006,
,,2006 - 2007,
,,2007 - 2008,
,,2008 - 2009,
,Bankura,2000 - 2001,
,,2001 - 2002,
,,2002 - 2003,
,,2003 - 2004,
,,2004 - 2005,
,,2005 - 2006,
,,2006 - 2007,
,,2007 - 2008,
,,2008 - 2009,
,Birbhum,2000 - 2001,
,,2001 - 2002,
,,2002 - 2003,
,,2003 - 2004,
,,2004 - 2005,
,,2005 - 2006,
,,2006 - 2007,
,,2007 - 2008,
,,2008 - 2009,
,Coochbehar,2000 - 2001,
,,2001 - 2002,
,,2002 - 2003,
,,2003 - 2004,
,,2004 - 2005,
,,2005 - 2006,
,,2006 - 2007,
,,2007 - 2008,
,,2008 - 2009,
,Darjeeling,2000 - 2001,
,,2001 - 2002,
,,2002 - 2003,
,,2003 - 2004,
,,2004 - 2005,
,,2005 - 2006,
,,2006 - 2007,
,,2007 - 2008,
,,2008 - 2009,
,Dinajpur dakshin,2000 - 2001,
,,2001 - 2002,
,,2002 - 2003,
,,2003 - 2004,
,,2004 - 2005,
,,2005 - 2006,
,,2006 - 2007,
,,2007 - 2008,
,,2008 - 2009,
,Dinajpur uttar,2000 - 2001,
,,2001 - 2002,
,,2002 - 2003,
,,2003 - 2004,
,,2004 - 2005,
,,2005 - 2006,
,,2006 - 2007,
,,2007 - 2008,
,,2008 - 2009,
,Hooghly,2000 - 2001,
,,2001 - 2002,
,,2002 - 2003,
,,2003 - 2004,
,,2004 - 2005,
,,2005 - 2006,
,,2006 - 2007,
,,2007 - 2008,
,,2008 - 2009,
,Howrah,2000 - 2001,
,,2001 - 2002,
,,2002 - 2003,
,,2003 - 2004,
,,2004 - 2005,
,,2005 - 2006,
,,2006 - 2007,
,,2007 - 2008,
,,2008 - 2009,
,Jalpaiguri,2000 - 2001,
,,2001 - 2002,
,,2002 - 2003,
,,2003 - 2004,
,,2004 - 2005,
,,2005 - 2006,
,,2006 - 2007,
,,2007 - 2008,
,,2008 - 2009,
,Maldah,2000 - 2001,
,,2001 - 2002,
,,2002 - 2003,
,,2003 - 2004,
,,2004 - 2005,
,,2005 - 2006,
,,2006 - 2007,
,,2007 - 2008,
,,2008 - 2009,
,Medinipur east,2000 - 2001,
,,2001 - 2002,
,,2002 - 2003,
,,2003 - 2004,
,,2004 - 2005,
,,2005 - 2006,
,,2006 - 2007,
,,2007 - 2008,
,,2008 - 2009,
,Medinipur west,2000 - 2001,
,,2001 - 2002,
,,2002 - 2003,
,,2003 - 2004,
,,2004 - 2005,
,,2005 - 2006,
,,2006 - 2007,
,,2007 - 2008,
,,2008 - 2009,
,Murshidabad,2000 - 2001,
,,2001 - 2002,
,,2002 - 2003,
,,2003 - 2004,
,,2004 - 2005,
,,2005 - 2006,
,,2006 - 2007,
,,2007 - 2008,
,,2008 - 2009,
,Nadia,2000 - 2001,
,,2001 - 2002,
,,2002 - 2003,
,,2003 - 2004,
,,2004 - 2005,
,,2005 - 2006,
,,2006 - 2007,
,,2007 - 2008,
,,2008 - 2009,
,Purba bardhaman,2000 - 2001,
,,2001 - 2002,
,,2002 - 2003,
,,2003 - 2004,
,,2004 - 2005,
,,2005 - 2006,
,,2006 - 2007,
,,2007 - 2008,
,,2008 - 2009,
,Purulia,2000 - 2001,
,,2001 - 2002,
,,2002 - 2003,
,,2003 - 2004,
,,2004 - 2005,
,,2005 - 2006,
,,2006 - 2007,
,,2007 - 2008,
,,2008 - 2009,
