state,district,year,dry_chillies_whole_year_yield_tonne_per_hectare
Andaman and Nicobar Islands,Nicobars,2002 - 2003,0.07
,,2003 - 2004,1.7
,,2004 - 2005,2.42
,,2005 - 2006,0.0
,,2006 - 2007,3.0
,,2010 - 2011,
,,2011 - 2012,
,,2012 - 2013,
,,2013 - 2014,
,,2014 - 2015,
,,2015 - 2016,
,,2016 - 2017,
,,2017 - 2018,
,,2018 - 2019,
,,2019 - 2020,
,,2020 - 2021,
,,2021 - 2022,
,,2022 - 2023,
,North and middle andaman,2006 - 2007,3.5
,,2010 - 2011,
,,2011 - 2012,
,,2012 - 2013,
,,2013 - 2014,
,,2014 - 2015,
,,2015 - 2016,
,,2016 - 2017,
,,2017 - 2018,
,,2018 - 2019,
,,2019 - 2020,
,,2020 - 2021,
,,2021 - 2022,
,,2022 - 2023,
,South andamans,2002 - 2003,0.09
,,2003 - 2004,1.7
,,2004 - 2005,2.42
,,2005 - 2006,2.37
,,2006 - 2007,0.28
,,2010 - 2011,
,,2011 - 2012,
,,2012 - 2013,
,,2013 - 2014,
,,2014 - 2015,
,,2015 - 2016,
,,2016 - 2017,
,,2017 - 2018,
,,2018 - 2019,
,,2019 - 2020,
,,2021 - 2022,
,,2022 - 2023,
Andhra Pradesh,Alluri sitharama raju,2022 - 2023,
,Anakapalli,2022 - 2023,
,Anantapur,2000 - 2001,
,,2001 - 2002,
,,2002 - 2003,
,,2003 - 2004,
,,2004 - 2005,
,,2005 - 2006,
,,2006 - 2007,
,,2007 - 2008,
,,2008 - 2009,
,,2009 - 2010,
,,2010 - 2011,
,,2011 - 2012,
,,2012 - 2013,
,,2013 - 2014,
,,2014 - 2015,
,,2015 - 2016,
,,2016 - 2017,
,,2017 - 2018,
,,2018 - 2019,
,,2019 - 2020,
,,2020 - 2021,
,,2021 - 2022,
,,2022 - 2023,
,Annamayya,2022 - 2023,
,Bapatla,2022 - 2023,
,Chittoor,2000 - 2001,
,,2001 - 2002,
,,2002 - 2003,
,,2003 - 2004,
,,2004 - 2005,
,,2005 - 2006,
,,2006 - 2007,
,,2007 - 2008,
,,2008 - 2009,
,,2009 - 2010,
,,2010 - 2011,
,,2011 - 2012,
,,2012 - 2013,
,,2013 - 2014,
,,2014 - 2015,
,,2015 - 2016,
,,2016 - 2017,
,,2017 - 2018,
,,2018 - 2019,
,,2019 - 2020,
,,2020 - 2021,
,,2021 - 2022,
,,2022 - 2023,
,East godavari,2000 - 2001,
,,2001 - 2002,
,,2002 - 2003,
,,2003 - 2004,
,,2004 - 2005,
,,2005 - 2006,
,,2006 - 2007,
,,2007 - 2008,
,,2008 - 2009,
,,2009 - 2010,
,,2010 - 2011,
,,2011 - 2012,
,,2013 - 2014,
,,2014 - 2015,
,,2015 - 2016,
,,2016 - 2017,
,,2017 - 2018,
,,2018 - 2019,
,,2019 - 2020,
,,2020 - 2021,
,,2021 - 2022,
,,2022 - 2023,
,Eluru,2022 - 2023,
,Guntur,2000 - 2001,
,,2001 - 2002,
,,2002 - 2003,
,,2003 - 2004,
,,2004 - 2005,
,,2005 - 2006,
,,2006 - 2007,
,,2007 - 2008,
,,2008 - 2009,
,,2009 - 2010,
,,2010 - 2011,
,,2011 - 2012,
,,2012 - 2013,
,,2013 - 2014,
,,2014 - 2015,
,,2015 - 2016,
,,2016 - 2017,
,,2017 - 2018,
,,2018 - 2019,
,,2019 - 2020,
,,2020 - 2021,
,,2021 - 2022,
,,2022 - 2023,
,Kadapa,2000 - 2001,
,,2001 - 2002,
,,2002 - 2003,
,,2003 - 2004,
,,2004 - 2005,
,,2005 - 2006,
,,2006 - 2007,
,,2007 - 2008,
,,2008 - 2009,
,,2009 - 2010,
,,2010 - 2011,
,,2011 - 2012,
,,2012 - 2013,
,,2013 - 2014,
,,2014 - 2015,
,,2015 - 2016,
,,2016 - 2017,
,,2017 - 2018,
,,2018 - 2019,
,,2019 - 2020,
,,2020 - 2021,
,,2021 - 2022,
,,2022 - 2023,
,Kakinada,2022 - 2023,
,Krishna,2000 - 2001,
,,2001 - 2002,
,,2002 - 2003,
,,2003 - 2004,
,,2004 - 2005,
,,2005 - 2006,
,,2006 - 2007,
,,2007 - 2008,
,,2008 - 2009,
,,2009 - 2010,
,,2010 - 2011,
,,2011 - 2012,
,,2012 - 2013,
,,2013 - 2014,
,,2014 - 2015,
,,2015 - 2016,
,,2016 - 2017,
,,2017 - 2018,
,,2018 - 2019,
,,2019 - 2020,
,,2020 - 2021,
,,2021 - 2022,
,,2022 - 2023,
,Kurnool,2000 - 2001,
,,2001 - 2002,
,,2002 - 2003,
,,2003 - 2004,
,,2004 - 2005,
,,2005 - 2006,
,,2006 - 2007,
,,2007 - 2008,
,,2008 - 2009,
,,2009 - 2010,
,,2010 - 2011,
,,2011 - 2012,
,,2012 - 2013,
,,2013 - 2014,
,,2014 - 2015,
,,2015 - 2016,
,,2016 - 2017,
,,2017 - 2018,
,,2018 - 2019,
,,2019 - 2020,
,,2020 - 2021,
,,2021 - 2022,
,,2022 - 2023,
,Nandyal,2022 - 2023,
,Ntr,2022 - 2023,
,Palnadu,2022 - 2023,
,Parvathipuram manyam,2022 - 2023,
,Prakasam,2000 - 2001,
,,2001 - 2002,
,,2002 - 2003,
,,2003 - 2004,
,,2004 - 2005,
,,2005 - 2006,
,,2006 - 2007,
,,2007 - 2008,
,,2008 - 2009,
,,2009 - 2010,
,,2010 - 2011,
,,2011 - 2012,
,,2012 - 2013,
,,2013 - 2014,
,,2014 - 2015,
,,2015 - 2016,
,,2016 - 2017,
,,2017 - 2018,
,,2018 - 2019,
,,2019 - 2020,
,,2020 - 2021,
,,2021 - 2022,
,,2022 - 2023,
,Spsr nellore,2000 - 2001,
,,2001 - 2002,
,,2002 - 2003,
,,2003 - 2004,
,,2004 - 2005,
,,2005 - 2006,
,,2006 - 2007,
,,2007 - 2008,
,,2008 - 2009,
,,2009 - 2010,
,,2010 - 2011,
,,2011 - 2012,
,,2012 - 2013,
,,2013 - 2014,
,,2014 - 2015,
,,2015 - 2016,
,,2016 - 2017,
,,2017 - 2018,
,,2018 - 2019,
,,2019 - 2020,
,,2020 - 2021,
,,2021 - 2022,
,,2022 - 2023,
,Sri sathya sai,2022 - 2023,
,Srikakulam,2000 - 2001,
,,2001 - 2002,
,,2002 - 2003,
,,2003 - 2004,
,,2004 - 2005,
,,2005 - 2006,
,,2006 - 2007,
,,2007 - 2008,
,,2008 - 2009,
,,2009 - 2010,
,,2010 - 2011,
,,2011 - 2012,
,,2012 - 2013,
,,2013 - 2014,
,,2014 - 2015,
,,2015 - 2016,
,,2016 - 2017,
,,2017 - 2018,
,,2018 - 2019,
,,2019 - 2020,
,,2020 - 2021,
,,2021 - 2022,
,,2022 - 2023,
,Tirupati,2022 - 2023,
,Visakhapatanam,2000 - 2001,
,,2001 - 2002,
,,2002 - 2003,
,,2003 - 2004,
,,2004 - 2005,
,,2005 - 2006,
,,2006 - 2007,
,,2007 - 2008,
,,2008 - 2009,
,,2009 - 2010,
,,2010 - 2011,
,,2011 - 2012,
,,2012 - 2013,
,,2013 - 2014,
,,2014 - 2015,
,,2015 - 2016,
,,2016 - 2017,
,,2017 - 2018,
,,2018 - 2019,
,,2019 - 2020,
,,2020 - 2021,
,,2021 - 2022,
,,2022 - 2023,
,Vizianagaram,2000 - 2001,
,,2001 - 2002,
,,2002 - 2003,
,,2003 - 2004,
,,2004 - 2005,
,,2005 - 2006,
,,2006 - 2007,
,,2007 - 2008,
,,2008 - 2009,
,,2009 - 2010,
,,2010 - 2011,
,,2011 - 2012,
,,2012 - 2013,
,,2013 - 2014,
,,2014 - 2015,
,,2015 - 2016,
,,2016 - 2017,
,,2017 - 2018,
,,2018 - 2019,
,,2019 - 2020,
,,2020 - 2021,
,,2021 - 2022,
,,2022 - 2023,
,West godavari,2000 - 2001,
,,2001 - 2002,
,,2002 - 2003,
,,2003 - 2004,
,,2004 - 2005,
,,2005 - 2006,
,,2006 - 2007,
,,2007 - 2008,
,,2008 - 2009,
,,2009 - 2010,
,,2010 - 2011,
,,2011 - 2012,
,,2012 - 2013,
,,2013 - 2014,
,,2014 - 2015,
,,2015 - 2016,
,,2016 - 2017,
,,2017 - 2018,
,,2018 - 2019,
,,2019 - 2020,
,,2020 - 2021,
,,2021 - 2022,
Arunachal Pradesh,Anjaw,2004 - 2005,1.38
,,2005 - 2006,1.4
,,2006 - 2007,1.43
,,2007 - 2008,14.27
,,2008 - 2009,1.3
,,2009 - 2010,1.39
,,2010 - 2011,1.5
,,2011 - 2012,1.59
,,2012 - 2013,4.0
,,2013 - 2014,3.96
,,2014 - 2015,2.04
,,2015 - 2016,3.07
,,2016 - 2017,2.93
,,2017 - 2018,3.08
,,2018 - 2019,3.12
,,2019 - 2020,3.23
,,2020 - 2021,3.28
,,2021 - 2022,3.33
,,2022 - 2023,3.34
,Changlang,2000 - 2001,1.32
,,2001 - 2002,1.33
,,2002 - 2003,1.5
,,2003 - 2004,1.55
,,2004 - 2005,1.04
,,2005 - 2006,1.37
,,2006 - 2007,1.43
,,2007 - 2008,1.41
,,2008 - 2009,1.56
,,2009 - 2010,1.52
,,2010 - 2011,1.52
,,2011 - 2012,1.59
,,2012 - 2013,1.5
,,2013 - 2014,3.5
,,2014 - 2015,3.4
,,2015 - 2016,3.4
,,2016 - 2017,3.37
,,2017 - 2018,3.37
,,2018 - 2019,3.37
,,2019 - 2020,3.38
,,2020 - 2021,3.38
,,2021 - 2022,3.46
,,2022 - 2023,3.46
,Dibang valley,2000 - 2001,4.0
,,2001 - 2002,1.32
,,2002 - 2003,1.47
,,2003 - 2004,1.47
,,2004 - 2005,1.22
,,2005 - 2006,1.56
,,2006 - 2007,1.55
,,2007 - 2008,1.55
,,2010 - 2011,1.9
,,2011 - 2012,2.0
,,2012 - 2013,2.23
,,2013 - 2014,2.39
,,2014 - 2015,1.32
,,2015 - 2016,1.93
,,2016 - 2017,2.21
,,2017 - 2018,2.34
,,2018 - 2019,2.36
,,2019 - 2020,2.41
,,2020 - 2021,2.45
,,2021 - 2022,2.65
,,2022 - 2023,2.66
,East kameng,2000 - 2001,1.52
,,2001 - 2002,1.4
,,2002 - 2003,1.41
,,2003 - 2004,1.43
,,2004 - 2005,1.43
,,2005 - 2006,1.42
,,2006 - 2007,1.53
,,2007 - 2008,1.54
,,2008 - 2009,1.57
,,2009 - 2010,1.58
,,2010 - 2011,1.6
,,2011 - 2012,1.67
,,2012 - 2013,1.81
,,2013 - 2014,1.85
,,2014 - 2015,1.34
,,2015 - 2016,2.94
,,2016 - 2017,2.91
,,2017 - 2018,2.97
,,2018 - 2019,2.99
,,2019 - 2020,3.0
,,2020 - 2021,3.03
,,2021 - 2022,3.2
,,2022 - 2023,3.21
,East siang,2000 - 2001,0.99
,,2001 - 2002,1.16
,,2002 - 2003,1.21
,,2003 - 2004,1.11
,,2004 - 2005,1.29
,,2005 - 2006,1.08
,,2006 - 2007,1.08
,,2007 - 2008,0.99
,,2008 - 2009,1.05
,,2009 - 2010,1.1
,,2010 - 2011,1.1
,,2011 - 2012,1.15
,,2012 - 2013,1.1
,,2013 - 2014,1.13
,,2014 - 2015,0.92
,,2015 - 2016,3.15
,,2016 - 2017,3.11
,,2017 - 2018,3.1
,,2018 - 2019,2.86
,,2019 - 2020,2.88
,,2020 - 2021,2.9
,,2021 - 2022,3.0
,,2022 - 2023,3.0
,Kamle,2018 - 2019,2.69
,,2019 - 2020,2.73
,,2020 - 2021,2.76
,,2021 - 2022,2.92
,,2022 - 2023,2.92
,Kra daadi,2015 - 2016,1.9
,,2016 - 2017,2.06
,,2017 - 2018,2.14
,,2018 - 2019,2.15
,,2019 - 2020,2.18
,,2020 - 2021,2.19
,,2021 - 2022,2.31
,,2022 - 2023,2.31
,Kurung kumey,2002 - 2003,1.42
,,2003 - 2004,1.3
,,2004 - 2005,1.53
,,2005 - 2006,2.17
,,2006 - 2007,1.52
,,2007 - 2008,0.25
,,2010 - 2011,0.3
,,2011 - 2012,0.36
,,2012 - 2013,0.45
,,2015 - 2016,1.99
,,2016 - 2017,2.22
,,2017 - 2018,2.33
,,2018 - 2019,2.35
,,2019 - 2020,2.4
,,2020 - 2021,2.42
,,2021 - 2022,2.6
,,2022 - 2023,2.61
,Leparada,2019 - 2020,2.84
,,2020 - 2021,2.92
,,2021 - 2022,3.58
,,2022 - 2023,3.6
,Lohit,2000 - 2001,1.89
,,2001 - 2002,1.4
,,2002 - 2003,1.4
,,2003 - 2004,1.4
,,2004 - 2005,1.5
,,2005 - 2006,1.39
,,2006 - 2007,1.59
,,2007 - 2008,1.52
,,2008 - 2009,1.59
,,2009 - 2010,2.14
,,2010 - 2011,1.73
,,2011 - 2012,1.82
,,2012 - 2013,2.4
,,2013 - 2014,2.46
,,2014 - 2015,2.06
,,2015 - 2016,2.83
,,2016 - 2017,2.82
,,2017 - 2018,2.92
,,2018 - 2019,2.94
,,2019 - 2020,3.01
,,2020 - 2021,3.05
,,2021 - 2022,3.25
,,2022 - 2023,3.25
,Longding,2013 - 2014,8.1
,,2014 - 2015,5.98
,,2015 - 2016,3.3
,,2016 - 2017,3.13
,,2017 - 2018,3.23
,,2018 - 2019,3.25
,,2019 - 2020,3.33
,,2020 - 2021,3.37
,,2021 - 2022,3.56
,,2022 - 2023,3.57
,Lower dibang valley,2002 - 2003,1.47
,,2003 - 2004,1.2
,,2004 - 2005,1.44
,,2005 - 2006,1.0
,,2006 - 2007,1.2
,,2007 - 2008,1.1
,,2008 - 2009,1.1
,,2009 - 2010,1.1
,,2010 - 2011,1.09
,,2011 - 2012,1.11
,,2012 - 2013,1.11
,,2013 - 2014,2.4
,,2014 - 2015,1.87
,,2015 - 2016,2.82
,,2016 - 2017,2.82
,,2017 - 2018,2.86
,,2018 - 2019,2.87
,,2019 - 2020,2.89
,,2020 - 2021,2.92
,,2021 - 2022,3.02
,,2022 - 2023,3.02
,Lower siang,2018 - 2019,2.87
,,2019 - 2020,2.89
,,2020 - 2021,2.9
,,2021 - 2022,3.01
,,2022 - 2023,3.02
,Lower subansiri,2000 - 2001,1.7
,,2001 - 2002,1.19
,,2002 - 2003,1.4
,,2003 - 2004,1.54
,,2004 - 2005,1.32
,,2005 - 2006,1.57
,,2006 - 2007,1.57
,,2007 - 2008,1.78
,,2008 - 2009,1.78
,,2009 - 2010,1.79
,,2010 - 2011,1.69
,,2011 - 2012,1.77
,,2012 - 2013,1.77
,,2013 - 2014,1.75
,,2014 - 2015,1.4
,,2015 - 2016,2.82
,,2016 - 2017,2.82
,,2017 - 2018,2.87
,,2018 - 2019,2.88
,,2019 - 2020,2.91
,,2020 - 2021,2.93
,,2021 - 2022,3.08
,,2022 - 2023,3.08
,Namsai,2015 - 2016,2.87
,,2016 - 2017,2.85
,,2017 - 2018,2.92
,,2018 - 2019,2.94
,,2019 - 2020,2.99
,,2020 - 2021,3.0
,,2021 - 2022,3.14
,,2022 - 2023,3.14
,Pakke kessang,2019 - 2020,3.05
,,2020 - 2021,3.11
,,2021 - 2022,3.53
,,2022 - 2023,3.54
,Papum pare,2000 - 2001,1.71
,,2001 - 2002,1.68
,,2002 - 2003,1.47
,,2003 - 2004,1.38
,,2004 - 2005,1.06
,,2005 - 2006,1.46
,,2006 - 2007,1.48
,,2007 - 2008,1.4
,,2008 - 2009,1.44
,,2009 - 2010,6.2
,,2010 - 2011,6.4
,,2011 - 2012,6.69
,,2012 - 2013,6.7
,,2013 - 2014,7.5
,,2014 - 2015,6.2
,,2015 - 2016,3.41
,,2016 - 2017,3.29
,,2017 - 2018,3.28
,,2018 - 2019,3.29
,,2019 - 2020,3.32
,,2020 - 2021,3.34
,,2021 - 2022,3.49
,,2022 - 2023,3.49
,Shi yomi,2019 - 2020,2.76
,,2020 - 2021,2.94
,,2021 - 2022,2.95
,,2022 - 2023,3.0
,Siang,2015 - 2016,2.98
,,2016 - 2017,2.95
,,2017 - 2018,3.01
,,2018 - 2019,3.02
,,2019 - 2020,3.07
,,2020 - 2021,3.09
,,2021 - 2022,3.2
,,2022 - 2023,3.21
,Tawang,2002 - 2003,1.94
,,2003 - 2004,2.0
,,2004 - 2005,2.0
,,2005 - 2006,2.0
,,2006 - 2007,2.0
,,2007 - 2008,2.0
,,2008 - 2009,2.2
,,2009 - 2010,2.3
,,2010 - 2011,2.31
,,2011 - 2012,2.43
,,2012 - 2013,2.31
,,2013 - 2014,2.31
,,2014 - 2015,1.57
,,2015 - 2016,2.09
,,2016 - 2017,2.27
,,2017 - 2018,2.42
,,2018 - 2019,2.44
,,2019 - 2020,2.46
,,2020 - 2021,2.47
,,2021 - 2022,2.62
,,2022 - 2023,2.63
,Tirap,2000 - 2001,1.59
,,2001 - 2002,1.33
,,2002 - 2003,1.1
,,2003 - 2004,1.2
,,2004 - 2005,6.92
,,2006 - 2007,1.24
,,2007 - 2008,1.2
,,2008 - 2009,5.25
,,2009 - 2010,1.83
,,2010 - 2011,1.85
,,2011 - 2012,1.94
,,2012 - 2013,8.0
,,2013 - 2014,8.11
,,2014 - 2015,5.35
,,2015 - 2016,2.76
,,2016 - 2017,2.77
,,2017 - 2018,2.9
,,2018 - 2019,2.92
,,2019 - 2020,3.01
,,2020 - 2021,3.06
,,2021 - 2022,3.31
,,2022 - 2023,3.31
,Upper siang,2000 - 2001,0.85
,,2001 - 2002,1.24
,,2002 - 2003,1.26
,,2003 - 2004,1.26
,,2004 - 2005,1.39
,,2005 - 2006,0.5
,,2006 - 2007,0.5
,,2007 - 2008,0.5
,,2008 - 2009,0.5
,,2009 - 2010,0.6
,,2010 - 2011,0.6
,,2011 - 2012,0.63
,,2012 - 2013,0.8
,,2013 - 2014,6.5
,,2014 - 2015,6.07
,,2015 - 2016,1.96
,,2016 - 2017,2.05
,,2017 - 2018,2.11
,,2018 - 2019,2.12
,,2019 - 2020,2.13
,,2020 - 2021,2.14
,,2021 - 2022,2.26
,,2022 - 2023,2.27
,Upper subansiri,2000 - 2001,1.47
,,2001 - 2002,1.33
,,2002 - 2003,1.33
,,2003 - 2004,1.31
,,2004 - 2005,1.56
,,2005 - 2006,0.55
,,2006 - 2007,2.0
,,2007 - 2008,1.77
,,2008 - 2009,1.74
,,2009 - 2010,1.74
,,2010 - 2011,1.6
,,2011 - 2012,1.68
,,2012 - 2013,1.87
,,2013 - 2014,1.98
,,2014 - 2015,1.73
,,2015 - 2016,2.24
,,2016 - 2017,2.3
,,2017 - 2018,2.34
,,2018 - 2019,2.35
,,2019 - 2020,2.37
,,2020 - 2021,2.38
,,2021 - 2022,2.46
,,2022 - 2023,2.47
,West kameng,2000 - 2001,3.42
,,2001 - 2002,3.4
,,2002 - 2003,3.4
,,2003 - 2004,3.4
,,2004 - 2005,3.4
,,2005 - 2006,3.4
,,2006 - 2007,3.4
,,2007 - 2008,3.48
,,2008 - 2009,3.62
,,2009 - 2010,3.71
,,2010 - 2011,3.68
,,2011 - 2012,3.88
,,2013 - 2014,3.79
,,2014 - 2015,2.64
,,2015 - 2016,2.91
,,2016 - 2017,2.88
,,2017 - 2018,2.97
,,2018 - 2019,2.99
,,2019 - 2020,3.03
,,2020 - 2021,3.06
,,2021 - 2022,3.22
,,2022 - 2023,3.23
,West siang,2000 - 2001,1.33
,,2001 - 2002,0.98
,,2002 - 2003,1.55
,,2003 - 2004,1.55
,,2004 - 2005,0.5
,,2005 - 2006,1.43
,,2006 - 2007,1.55
,,2007 - 2008,1.5
,,2008 - 2009,1.54
,,2009 - 2010,1.6
,,2010 - 2011,1.59
,,2011 - 2012,1.66
,,2012 - 2013,1.62
,,2013 - 2014,1.63
,,2014 - 2015,1.35
,,2015 - 2016,2.6
,,2016 - 2017,2.63
,,2017 - 2018,2.69
,,2018 - 2019,2.72
,,2019 - 2020,2.78
,,2020 - 2021,2.85
,,2021 - 2022,3.28
,,2022 - 2023,3.29
Assam,Baksa,2005 - 2006,0.74
,,2006 - 2007,0.74
,,2007 - 2008,0.45
,,2008 - 2009,0.64
,,2009 - 2010,0.61
,,2010 - 2011,0.57
,,2011 - 2012,0.48
,,2012 - 2013,0.59
,,2013 - 2014,0.59
,,2014 - 2015,0.64
,,2015 - 2016,0.64
,,2016 - 2017,0.65
,,2017 - 2018,0.78
,,2018 - 2019,0.79
,,2019 - 2020,0.81
,,2020 - 2021,0.81
,Barpeta,2000 - 2001,0.8
,,2001 - 2002,0.8
,,2002 - 2003,0.8
,,2003 - 2004,0.8
,,2004 - 2005,0.8
,,2005 - 2006,0.8
,,2006 - 2007,0.8
,,2007 - 2008,0.8
,,2008 - 2009,0.8
,,2009 - 2010,0.8
,,2010 - 2011,0.8
,,2011 - 2012,0.66
,,2012 - 2013,0.91
,,2013 - 2014,1.26
,,2014 - 2015,1.26
,,2015 - 2016,1.26
,,2016 - 2017,1.27
,,2017 - 2018,1.3
,,2018 - 2019,1.3
,,2019 - 2020,1.3
,,2020 - 2021,1.3
,Biswanath,2020 - 2021,0.6
,Bongaigaon,2000 - 2001,0.64
,,2001 - 2002,0.64
,,2002 - 2003,0.65
,,2003 - 2004,0.65
,,2004 - 2005,0.65
,,2005 - 2006,0.64
,,2006 - 2007,0.64
,,2007 - 2008,0.64
,,2008 - 2009,0.64
,,2009 - 2010,0.64
,,2010 - 2011,0.64
,,2011 - 2012,0.66
,,2012 - 2013,0.68
,,2013 - 2014,0.67
,,2014 - 2015,0.68
,,2015 - 2016,0.68
,,2016 - 2017,0.69
,,2017 - 2018,0.73
,,2018 - 2019,0.75
,,2019 - 2020,0.77
,,2020 - 2021,0.77
,Cachar,2000 - 2001,0.61
,,2001 - 2002,0.61
,,2002 - 2003,0.61
,,2003 - 2004,0.61
,,2004 - 2005,0.64
,,2005 - 2006,0.64
,,2006 - 2007,0.63
,,2007 - 2008,0.64
,,2008 - 2009,0.64
,,2009 - 2010,0.63
,,2010 - 2011,0.64
,,2011 - 2012,0.65
,,2012 - 2013,0.67
,,2013 - 2014,0.67
,,2014 - 2015,0.67
,,2015 - 2016,0.67
,,2016 - 2017,0.68
,,2017 - 2018,0.71
,,2018 - 2019,0.72
,,2019 - 2020,0.74
,,2020 - 2021,0.74
,Charaideo,2020 - 2021,1.48
,Chirang,2005 - 2006,0.64
,,2006 - 2007,0.64
,,2007 - 2008,0.64
,,2008 - 2009,0.64
,,2009 - 2010,0.64
,,2010 - 2011,0.64
,,2011 - 2012,0.8
,,2012 - 2013,0.86
,,2013 - 2014,0.87
,,2014 - 2015,0.88
,,2015 - 2016,0.89
,,2016 - 2017,0.89
,,2017 - 2018,0.98
,,2018 - 2019,1.01
,,2019 - 2020,1.02
,,2020 - 2021,1.02
,Darrang,2000 - 2001,0.72
,,2001 - 2002,0.7
,,2002 - 2003,0.7
,,2003 - 2004,0.7
,,2004 - 2005,0.66
,,2005 - 2006,0.74
,,2006 - 2007,0.75
,,2007 - 2008,0.75
,,2008 - 2009,0.74
,,2009 - 2010,0.74
,,2010 - 2011,0.75
,,2011 - 2012,0.77
,,2012 - 2013,0.85
,,2013 - 2014,0.85
,,2014 - 2015,0.86
,,2015 - 2016,0.86
,,2016 - 2017,0.88
,,2017 - 2018,0.92
,,2018 - 2019,0.93
,,2019 - 2020,0.94
,,2020 - 2021,0.94
,Dhemaji,2000 - 2001,0.77
,,2001 - 2002,0.77
,,2002 - 2003,0.77
,,2003 - 2004,0.77
,,2004 - 2005,0.76
,,2005 - 2006,0.76
,,2006 - 2007,0.76
,,2007 - 2008,0.76
,,2008 - 2009,0.75
,,2009 - 2010,0.75
,,2010 - 2011,0.75
,,2011 - 2012,0.93
,,2012 - 2013,0.95
,,2013 - 2014,0.95
,,2014 - 2015,0.97
,,2015 - 2016,0.97
,,2016 - 2017,0.98
,,2017 - 2018,0.99
,,2018 - 2019,0.79
,,2019 - 2020,0.81
,,2020 - 2021,0.81
,Dhubri,2000 - 2001,0.72
,,2001 - 2002,0.72
,,2002 - 2003,0.73
,,2003 - 2004,0.73
,,2004 - 2005,0.73
,,2005 - 2006,0.72
,,2006 - 2007,0.72
,,2007 - 2008,0.72
,,2008 - 2009,0.72
,,2009 - 2010,0.72
,,2010 - 2011,0.71
,,2011 - 2012,0.74
,,2012 - 2013,0.93
,,2013 - 2014,1.3
,,2014 - 2015,1.3
,,2015 - 2016,1.3
,,2016 - 2017,1.3
,,2017 - 2018,1.34
,,2018 - 2019,1.35
,,2019 - 2020,1.35
,,2020 - 2021,1.49
,Dibrugarh,2000 - 2001,0.69
,,2001 - 2002,0.69
,,2002 - 2003,0.69
,,2003 - 2004,0.7
,,2004 - 2005,0.7
,,2005 - 2006,0.7
,,2006 - 2007,0.69
,,2007 - 2008,0.69
,,2008 - 2009,0.69
,,2009 - 2010,0.69
,,2010 - 2011,0.7
,,2011 - 2012,0.63
,,2012 - 2013,0.67
,,2013 - 2014,0.67
,,2014 - 2015,0.69
,,2015 - 2016,0.7
,,2016 - 2017,0.7
,,2017 - 2018,0.72
,,2018 - 2019,0.77
,,2019 - 2020,0.81
,,2020 - 2021,0.81
,Dima hasao,2000 - 2001,0.57
,,2001 - 2002,0.57
,,2002 - 2003,0.57
,,2003 - 2004,0.57
,,2004 - 2005,0.57
,,2005 - 2006,0.57
,,2006 - 2007,0.57
,,2007 - 2008,0.57
,,2008 - 2009,0.57
,,2009 - 2010,0.57
,,2010 - 2011,0.57
,,2011 - 2012,0.5
,,2012 - 2013,0.61
,,2013 - 2014,0.61
,,2014 - 2015,0.69
,,2015 - 2016,0.69
,,2016 - 2017,0.7
,,2017 - 2018,0.72
,,2018 - 2019,0.76
,,2019 - 2020,0.78
,,2020 - 2021,0.78
,Goalpara,2000 - 2001,0.7
,,2001 - 2002,0.7
,,2002 - 2003,0.69
,,2003 - 2004,0.7
,,2004 - 2005,0.69
,,2005 - 2006,0.69
,,2006 - 2007,0.69
,,2007 - 2008,0.7
,,2008 - 2009,0.69
,,2009 - 2010,0.69
,,2010 - 2011,0.69
,,2011 - 2012,0.8
,,2012 - 2013,0.89
,,2013 - 2014,0.89
,,2014 - 2015,0.91
,,2015 - 2016,0.92
,,2016 - 2017,0.93
,,2017 - 2018,0.94
,,2018 - 2019,0.96
,,2019 - 2020,0.98
,,2020 - 2021,0.98
,Golaghat,2000 - 2001,0.65
,,2001 - 2002,0.65
,,2002 - 2003,0.65
,,2003 - 2004,0.65
,,2004 - 2005,0.65
,,2005 - 2006,0.65
,,2006 - 2007,0.65
,,2007 - 2008,0.65
,,2008 - 2009,0.65
,,2009 - 2010,0.65
,,2010 - 2011,0.65
,,2011 - 2012,0.84
,,2012 - 2013,0.86
,,2013 - 2014,0.86
,,2014 - 2015,0.87
,,2015 - 2016,0.87
,,2016 - 2017,0.88
,,2017 - 2018,0.89
,,2018 - 2019,1.01
,,2019 - 2020,1.01
,,2020 - 2021,1.01
,Hailakandi,2000 - 2001,0.55
,,2001 - 2002,0.54
,,2002 - 2003,0.54
,,2003 - 2004,0.54
,,2004 - 2005,0.54
,,2005 - 2006,0.54
,,2006 - 2007,0.54
,,2007 - 2008,0.54
,,2008 - 2009,0.54
,,2009 - 2010,0.54
,,2010 - 2011,0.54
,,2011 - 2012,0.56
,,2012 - 2013,0.65
,,2013 - 2014,0.65
,,2014 - 2015,0.66
,,2015 - 2016,0.66
,,2016 - 2017,0.68
,,2017 - 2018,0.72
,,2018 - 2019,0.77
,,2019 - 2020,0.81
,,2020 - 2021,0.81
,Hojai,2020 - 2021,0.78
,Jorhat,2000 - 2001,0.53
,,2001 - 2002,0.55
,,2002 - 2003,0.54
,,2003 - 2004,0.54
,,2004 - 2005,0.54
,,2005 - 2006,0.54
,,2006 - 2007,0.54
,,2007 - 2008,0.55
,,2008 - 2009,0.54
,,2009 - 2010,0.54
,,2010 - 2011,0.53
,,2011 - 2012,0.69
,,2012 - 2013,0.73
,,2013 - 2014,0.73
,,2014 - 2015,0.74
,,2015 - 2016,0.74
,,2016 - 2017,0.76
,,2017 - 2018,0.77
,,2018 - 2019,0.84
,,2019 - 2020,0.89
,,2020 - 2021,0.89
,Kamrup,2000 - 2001,0.45
,,2001 - 2002,0.45
,,2002 - 2003,0.45
,,2003 - 2004,0.45
,,2004 - 2005,0.45
,,2005 - 2006,0.45
,,2006 - 2007,0.45
,,2007 - 2008,0.52
,,2008 - 2009,0.47
,,2009 - 2010,0.6
,,2010 - 2011,0.49
,,2011 - 2012,0.6
,,2012 - 2013,0.69
,,2013 - 2014,0.69
,,2014 - 2015,0.75
,,2015 - 2016,0.76
,,2016 - 2017,0.8
,,2017 - 2018,0.89
,,2018 - 2019,0.9
,,2019 - 2020,0.9
,,2020 - 2021,1.11
,Kamrup metro,2005 - 2006,0.45
,,2006 - 2007,0.45
,,2007 - 2008,0.51
,,2008 - 2009,0.47
,,2009 - 2010,0.48
,,2010 - 2011,0.49
,,2011 - 2012,0.62
,,2012 - 2013,0.64
,,2013 - 2014,0.64
,,2014 - 2015,0.66
,,2015 - 2016,0.67
,,2016 - 2017,0.68
,,2017 - 2018,0.69
,,2018 - 2019,0.76
,,2019 - 2020,0.81
,,2020 - 2021,0.81
,Karbi anglong,2000 - 2001,0.56
,,2001 - 2002,0.56
,,2002 - 2003,0.56
,,2003 - 2004,0.56
,,2004 - 2005,0.83
,,2005 - 2006,0.71
,,2006 - 2007,0.71
,,2007 - 2008,0.75
,,2008 - 2009,0.69
,,2009 - 2010,0.81
,,2010 - 2011,0.98
,,2011 - 2012,0.77
,,2012 - 2013,0.86
,,2013 - 2014,0.86
,,2014 - 2015,0.87
,,2015 - 2016,0.87
,,2016 - 2017,0.88
,,2017 - 2018,0.88
,,2018 - 2019,0.91
,,2019 - 2020,0.93
,,2020 - 2021,0.83
,Karimganj,2000 - 2001,0.55
,,2001 - 2002,0.55
,,2002 - 2003,0.56
,,2003 - 2004,0.55
,,2004 - 2005,0.55
,,2005 - 2006,0.55
,,2006 - 2007,0.55
,,2007 - 2008,0.56
,,2008 - 2009,0.55
,,2009 - 2010,0.55
,,2010 - 2011,0.56
,,2011 - 2012,0.57
,,2012 - 2013,0.68
,,2013 - 2014,0.68
,,2014 - 2015,0.69
,,2015 - 2016,0.69
,,2016 - 2017,0.71
,,2017 - 2018,0.74
,,2018 - 2019,0.8
,,2019 - 2020,0.81
,,2020 - 2021,0.84
,Kokrajhar,2000 - 2001,0.72
,,2001 - 2002,0.72
,,2002 - 2003,0.72
,,2003 - 2004,0.72
,,2004 - 2005,0.72
,,2005 - 2006,0.72
,,2006 - 2007,0.71
,,2007 - 2008,0.72
,,2008 - 2009,0.72
,,2009 - 2010,0.71
,,2010 - 2011,0.71
,,2011 - 2012,0.73
,,2012 - 2013,0.82
,,2013 - 2014,0.82
,,2014 - 2015,0.84
,,2015 - 2016,0.84
,,2016 - 2017,0.85
,,2017 - 2018,0.88
,,2018 - 2019,0.9
,,2019 - 2020,0.92
,,2020 - 2021,0.92
,Lakhimpur,2000 - 2001,0.56
,,2001 - 2002,0.56
,,2002 - 2003,0.56
,,2003 - 2004,0.56
,,2004 - 2005,0.56
,,2005 - 2006,0.56
,,2006 - 2007,0.56
,,2007 - 2008,0.55
,,2008 - 2009,0.56
,,2009 - 2010,0.56
,,2010 - 2011,0.56
,,2011 - 2012,0.78
,,2012 - 2013,0.87
,,2013 - 2014,0.87
,,2014 - 2015,0.88
,,2015 - 2016,0.88
,,2016 - 2017,0.89
,,2017 - 2018,0.98
,,2018 - 2019,1.0
,,2019 - 2020,1.02
,,2020 - 2021,1.02
,Majuli,2020 - 2021,0.89
,Marigaon,2000 - 2001,0.6
,,2001 - 2002,0.6
,,2002 - 2003,0.6
,,2003 - 2004,0.6
,,2004 - 2005,0.6
,,2005 - 2006,0.6
,,2006 - 2007,0.6
,,2007 - 2008,0.6
,,2008 - 2009,0.6
,,2009 - 2010,0.6
,,2010 - 2011,0.6
,,2011 - 2012,0.66
,,2012 - 2013,0.67
,,2013 - 2014,0.68
,,2014 - 2015,0.76
,,2015 - 2016,0.77
,,2016 - 2017,0.78
,,2017 - 2018,0.88
,,2018 - 2019,0.91
,,2019 - 2020,0.97
,,2020 - 2021,0.97
,Nagaon,2000 - 2001,0.62
,,2001 - 2002,0.63
,,2002 - 2003,0.63
,,2003 - 2004,0.63
,,2004 - 2005,0.63
,,2005 - 2006,0.63
,,2006 - 2007,0.63
,,2007 - 2008,0.63
,,2008 - 2009,0.62
,,2009 - 2010,0.63
,,2010 - 2011,0.62
,,2011 - 2012,0.73
,,2012 - 2013,0.73
,,2013 - 2014,0.73
,,2014 - 2015,0.74
,,2015 - 2016,0.74
,,2016 - 2017,0.74
,,2017 - 2018,0.77
,,2018 - 2019,0.77
,,2019 - 2020,0.78
,,2020 - 2021,0.78
,Nalbari,2000 - 2001,0.74
,,2001 - 2002,0.74
,,2002 - 2003,0.74
,,2003 - 2004,0.74
,,2004 - 2005,0.44
,,2005 - 2006,0.74
,,2006 - 2007,0.64
,,2007 - 2008,0.45
,,2008 - 2009,0.61
,,2009 - 2010,0.72
,,2010 - 2011,0.58
,,2011 - 2012,0.65
,,2012 - 2013,0.67
,,2013 - 2014,0.67
,,2014 - 2015,0.68
,,2015 - 2016,0.68
,,2016 - 2017,0.69
,,2017 - 2018,0.78
,,2018 - 2019,0.81
,,2019 - 2020,0.83
,,2020 - 2021,0.83
,Sivasagar,2000 - 2001,0.86
,,2001 - 2002,0.86
,,2002 - 2003,0.85
,,2003 - 2004,0.75
,,2004 - 2005,0.75
,,2005 - 2006,0.76
,,2006 - 2007,0.77
,,2007 - 2008,0.82
,,2008 - 2009,0.78
,,2009 - 2010,0.78
,,2010 - 2011,0.75
,,2011 - 2012,0.57
,,2012 - 2013,0.67
,,2013 - 2014,0.67
,,2014 - 2015,0.67
,,2015 - 2016,0.67
,,2016 - 2017,0.69
,,2017 - 2018,0.79
,,2018 - 2019,0.8
,,2019 - 2020,1.48
,,2020 - 2021,1.48
,Sonitpur,2000 - 2001,0.45
,,2001 - 2002,0.45
,,2002 - 2003,0.45
,,2003 - 2004,0.45
,,2004 - 2005,0.45
,,2005 - 2006,0.45
,,2006 - 2007,0.45
,,2007 - 2008,0.45
,,2008 - 2009,0.46
,,2009 - 2010,0.94
,,2010 - 2011,0.45
,,2011 - 2012,0.48
,,2012 - 2013,0.58
,,2013 - 2014,0.57
,,2014 - 2015,0.58
,,2015 - 2016,0.59
,,2016 - 2017,0.59
,,2017 - 2018,0.7
,,2018 - 2019,0.68
,,2019 - 2020,0.69
,,2020 - 2021,0.69
,South salmara mancachar,2020 - 2021,1.49
,Tinsukia,2000 - 2001,0.61
,,2001 - 2002,0.61
,,2002 - 2003,0.61
,,2003 - 2004,0.61
,,2004 - 2005,0.61
,,2005 - 2006,0.6
,,2006 - 2007,0.61
,,2007 - 2008,0.61
,,2008 - 2009,0.6
,,2009 - 2010,0.6
,,2010 - 2011,0.6
,,2011 - 2012,0.77
,,2012 - 2013,0.78
,,2013 - 2014,0.78
,,2014 - 2015,0.79
,,2015 - 2016,0.79
,,2016 - 2017,0.73
,,2017 - 2018,0.74
,,2018 - 2019,0.79
,,2019 - 2020,0.83
,,2020 - 2021,0.83
,Udalguri,2005 - 2006,0.62
,,2006 - 2007,0.62
,,2007 - 2008,0.62
,,2008 - 2009,0.62
,,2009 - 2010,0.62
,,2010 - 2011,0.62
,,2011 - 2012,0.05
,,2012 - 2013,0.65
,,2013 - 2014,0.65
,,2014 - 2015,0.66
,,2015 - 2016,0.66
,,2016 - 2017,0.67
,,2017 - 2018,0.77
,,2018 - 2019,0.9
,,2019 - 2020,0.82
,,2020 - 2021,0.82
,West karbi anglong,2020 - 2021,0.93
Bihar,Araria,2000 - 2001,0.64
,,2001 - 2002,0.95
,,2002 - 2003,0.67
,,2003 - 2004,0.46
,,2004 - 2005,0.69
,,2005 - 2006,0.66
,,2007 - 2008,0.7
,,2008 - 2009,0.71
,,2020 - 2021,
,,2021 - 2022,
,,2022 - 2023,
,Arwal,2003 - 2004,0.67
,,2004 - 2005,0.7
,,2005 - 2006,1.0
,,2008 - 2009,1.44
,,2020 - 2021,
,,2021 - 2022,
,,2022 - 2023,
,Aurangabad,2000 - 2001,1.0
,,2001 - 2002,1.0
,,2002 - 2003,0.63
,,2003 - 2004,0.5
,,2004 - 2005,0.5
,,2005 - 2006,1.0
,,2007 - 2008,1.4
,,2008 - 2009,1.5
,Banka,2000 - 2001,1.0
,,2001 - 2002,1.0
,,2002 - 2003,0.69
,,2003 - 2004,0.5
,,2004 - 2005,0.67
,,2005 - 2006,1.0
,,2007 - 2008,1.33
,,2008 - 2009,1.33
,Begusarai,2000 - 2001,0.78
,,2001 - 2002,0.7
,,2002 - 2003,0.58
,,2003 - 2004,0.72
,,2004 - 2005,0.71
,,2005 - 2006,0.83
,,2007 - 2008,1.88
,,2008 - 2009,2.34
,,2020 - 2021,
,,2021 - 2022,
,,2022 - 2023,
,Bhagalpur,2000 - 2001,1.05
,,2001 - 2002,1.0
,,2002 - 2003,0.67
,,2003 - 2004,0.67
,,2004 - 2005,0.75
,,2005 - 2006,0.97
,,2007 - 2008,1.38
,,2008 - 2009,1.38
,,2020 - 2021,
,,2022 - 2023,
,Bhojpur,2003 - 2004,1.0
,,2005 - 2006,0.87
,,2008 - 2009,0.67
,Buxar,2000 - 2001,2.0
,,2001 - 2002,1.5
,,2002 - 2003,0.5
,,2003 - 2004,1.0
,,2022 - 2023,
,Darbhanga,2000 - 2001,1.05
,,2001 - 2002,1.03
,,2002 - 2003,0.67
,,2003 - 2004,0.51
,,2004 - 2005,1.23
,,2005 - 2006,0.65
,,2022 - 2023,
,Gaya,2000 - 2001,1.06
,,2001 - 2002,1.0
,,2002 - 2003,0.67
,,2003 - 2004,0.69
,,2004 - 2005,0.73
,,2005 - 2006,0.98
,,2007 - 2008,1.33
,,2008 - 2009,1.4
,Gopalganj,2000 - 2001,1.0
,,2001 - 2002,1.0
,,2002 - 2003,0.75
,,2003 - 2004,0.67
,,2004 - 2005,0.75
,,2005 - 2006,1.0
,,2007 - 2008,1.0
,,2008 - 2009,1.0
,,2021 - 2022,
,,2022 - 2023,
,Jehanabad,2000 - 2001,1.07
,,2001 - 2002,1.0
,,2002 - 2003,0.65
,,2003 - 2004,0.67
,,2004 - 2005,0.71
,,2005 - 2006,0.97
,,2007 - 2008,1.25
,,2020 - 2021,
,,2021 - 2022,
,,2022 - 2023,
,Kaimur (bhabua),2000 - 2001,1.81
,,2001 - 2002,1.49
,,2002 - 2003,0.59
,,2003 - 2004,1.0
,,2004 - 2005,0.54
,,2021 - 2022,
,,2022 - 2023,
,Katihar,2000 - 2001,0.72
,,2001 - 2002,1.23
,,2002 - 2003,0.71
,,2003 - 2004,0.56
,,2004 - 2005,0.71
,,2005 - 2006,0.64
,,2007 - 2008,1.0
,,2008 - 2009,0.83
,,2020 - 2021,
,,2021 - 2022,
,,2022 - 2023,
,Khagaria,2000 - 2001,0.86
,,2001 - 2002,1.76
,,2002 - 2003,1.37
,,2003 - 2004,0.72
,,2004 - 2005,0.97
,,2005 - 2006,1.31
,,2007 - 2008,0.58
,,2008 - 2009,0.94
,,2020 - 2021,
,,2021 - 2022,
,,2022 - 2023,
,Kishanganj,2000 - 2001,0.72
,,2001 - 2002,0.92
,,2002 - 2003,0.69
,,2003 - 2004,0.56
,,2004 - 2005,0.71
,,2005 - 2006,0.64
,,2007 - 2008,0.58
,,2008 - 2009,0.6
,,2020 - 2021,
,,2021 - 2022,
,,2022 - 2023,
,Lakhisarai,2000 - 2001,0.8
,,2001 - 2002,1.0
,,2002 - 2003,0.68
,,2003 - 2004,0.72
,,2004 - 2005,0.75
,,2020 - 2021,
,,2021 - 2022,
,,2022 - 2023,
,Madhepura,2000 - 2001,1.0
,,2002 - 2003,0.6
,,2003 - 2004,0.79
,,2004 - 2005,0.7
,,2005 - 2006,0.65
,,2007 - 2008,0.71
,,2008 - 2009,1.43
,,2020 - 2021,
,,2021 - 2022,
,,2022 - 2023,
,Madhubani,2000 - 2001,1.08
,,2001 - 2002,0.75
,,2002 - 2003,0.64
,,2003 - 2004,0.6
,,2004 - 2005,0.86
,,2005 - 2006,0.64
,,2007 - 2008,0.62
,,2008 - 2009,0.63
,,2020 - 2021,
,,2021 - 2022,
,,2022 - 2023,
,Muzaffarpur,2000 - 2001,0.59
,,2001 - 2002,0.59
,,2002 - 2003,0.64
,,2003 - 2004,0.54
,,2004 - 2005,0.65
,,2005 - 2006,0.63
,,2007 - 2008,0.44
,,2008 - 2009,0.94
,,2020 - 2021,
,,2021 - 2022,
,,2022 - 2023,
,Nalanda,2000 - 2001,1.83
,,2001 - 2002,1.49
,,2002 - 2003,0.72
,,2003 - 2004,1.0
,,2004 - 2005,0.55
,,2005 - 2006,0.85
,,2007 - 2008,0.45
,,2008 - 2009,0.63
,,2020 - 2021,
,,2021 - 2022,
,,2022 - 2023,
,Nawada,2000 - 2001,1.08
,,2001 - 2002,1.0
,,2002 - 2003,0.7
,,2003 - 2004,0.75
,,2004 - 2005,0.71
,,2005 - 2006,1.0
,,2007 - 2008,1.25
,,2008 - 2009,1.0
,Pashchim champaran,2000 - 2001,0.7
,,2001 - 2002,0.76
,,2002 - 2003,0.66
,,2003 - 2004,0.45
,,2004 - 2005,0.73
,,2005 - 2006,1.91
,,2007 - 2008,1.82
,,2008 - 2009,1.75
,,2020 - 2021,
,,2021 - 2022,
,,2022 - 2023,
,Patna,2000 - 2001,2.14
,,2001 - 2002,1.66
,,2002 - 2003,0.51
,,2003 - 2004,1.43
,,2004 - 2005,0.41
,,2005 - 2006,0.49
,,2007 - 2008,0.59
,,2008 - 2009,0.47
,,2020 - 2021,
,,2021 - 2022,
,,2022 - 2023,
,Purbi champaran,2000 - 2001,0.51
,,2001 - 2002,0.73
,,2002 - 2003,1.08
,,2003 - 2004,1.24
,,2004 - 2005,0.72
,,2005 - 2006,0.62
,,2007 - 2008,2.51
,,2008 - 2009,1.82
,,2020 - 2021,
,,2021 - 2022,
,,2022 - 2023,
,Purnia,2000 - 2001,0.86
,,2001 - 2002,0.8
,,2002 - 2003,0.75
,,2003 - 2004,0.83
,,2004 - 2005,0.76
,,2005 - 2006,0.57
,,2007 - 2008,0.57
,,2008 - 2009,1.62
,,2020 - 2021,
,,2021 - 2022,
,,2022 - 2023,
,Rohtas,2000 - 2001,1.03
,,2001 - 2002,1.07
,,2002 - 2003,0.6
,,2003 - 2004,0.85
,,2004 - 2005,0.83
,,2005 - 2006,1.0
,,2007 - 2008,0.43
,,2008 - 2009,0.69
,Saharsa,2002 - 2003,0.67
,,2003 - 2004,0.75
,,2004 - 2005,0.75
,,2005 - 2006,1.0
,,2007 - 2008,0.5
,,2008 - 2009,1.42
,Samastipur,2000 - 2001,1.05
,,2001 - 2002,0.64
,,2002 - 2003,0.64
,,2003 - 2004,0.62
,,2004 - 2005,0.79
,,2005 - 2006,0.64
,,2007 - 2008,0.62
,,2008 - 2009,0.62
,,2020 - 2021,
,,2021 - 2022,
,,2022 - 2023,
,Saran,2001 - 2002,1.0
,,2003 - 2004,0.6
,,2007 - 2008,1.31
,,2008 - 2009,1.44
,Sheohar,2001 - 2002,0.5
,,2002 - 2003,0.5
,,2004 - 2005,0.5
,,2005 - 2006,1.67
,,2007 - 2008,1.86
,,2008 - 2009,1.8
,Sitamarhi,2000 - 2001,0.69
,,2001 - 2002,0.75
,,2002 - 2003,0.7
,,2003 - 2004,0.52
,,2004 - 2005,0.7
,,2005 - 2006,1.67
,,2007 - 2008,1.89
,,2008 - 2009,1.81
,,2020 - 2021,
,,2021 - 2022,
,,2022 - 2023,
,Siwan,2003 - 2004,1.0
,,2004 - 2005,0.72
,,2005 - 2006,0.94
,,2007 - 2008,1.5
,,2008 - 2009,1.4
,,2020 - 2021,
,,2022 - 2023,
,Supaul,2000 - 2001,1.06
,,2001 - 2002,1.0
,,2002 - 2003,0.67
,,2003 - 2004,0.77
,,2004 - 2005,0.72
,,2005 - 2006,0.64
,,2007 - 2008,0.7
,,2008 - 2009,1.41
,,2020 - 2021,
,,2021 - 2022,
,,2022 - 2023,
,Vaishali,2000 - 2001,0.69
,,2001 - 2002,0.73
,,2002 - 2003,0.56
,,2003 - 2004,0.55
,,2004 - 2005,0.78
,,2005 - 2006,1.6
,,2007 - 2008,1.88
,,2008 - 2009,1.81
,,2020 - 2021,
,,2021 - 2022,
,,2022 - 2023,
Chhattisgarh,Balod,2011 - 2012,1.08
,,2012 - 2013,1.22
,,2013 - 2014,1.15
,,2014 - 2015,0.28
,,2015 - 2016,1.1
,,2016 - 2017,0.71
,,2019 - 2020,0.5
,,2020 - 2021,0.75
,,2021 - 2022,1.0
,,2022 - 2023,1.0
,Baloda bazar,2011 - 2012,0.91
,,2012 - 2013,0.95
,,2013 - 2014,0.76
,,2014 - 2015,0.51
,,2015 - 2016,0.53
,,2016 - 2017,0.89
,,2017 - 2018,0.41
,,2018 - 2019,0.68
,,2019 - 2020,0.65
,,2020 - 2021,0.51
,,2021 - 2022,0.63
,,2022 - 2023,0.78
,Balrampur,2011 - 2012,0.96
,,2012 - 2013,0.79
,,2013 - 2014,0.66
,,2014 - 2015,0.52
,,2015 - 2016,0.42
,,2016 - 2017,0.63
,,2017 - 2018,0.18
,,2018 - 2019,0.69
,,2019 - 2020,0.64
,,2020 - 2021,0.58
,,2021 - 2022,0.65
,,2022 - 2023,0.67
,Bastar,2000 - 2001,0.22
,,2001 - 2002,0.47
,,2002 - 2003,0.83
,,2003 - 2004,0.62
,,2004 - 2005,0.55
,,2005 - 2006,0.24
,,2006 - 2007,0.36
,,2007 - 2008,0.65
,,2008 - 2009,0.5
,,2009 - 2010,0.62
,,2010 - 2011,0.39
,,2011 - 2012,0.71
,,2012 - 2013,0.94
,,2013 - 2014,0.64
,,2014 - 2015,0.43
,,2015 - 2016,0.38
,,2016 - 2017,0.53
,,2017 - 2018,0.32
,,2018 - 2019,0.53
,,2019 - 2020,0.44
,,2020 - 2021,0.37
,,2021 - 2022,0.43
,,2022 - 2023,0.54
,Bemetara,2011 - 2012,1.1
,,2012 - 2013,1.19
,,2013 - 2014,0.75
,,2014 - 2015,0.51
,,2015 - 2016,1.1
,,2016 - 2017,0.8
,,2017 - 2018,0.69
,,2018 - 2019,0.04
,,2019 - 2020,0.78
,,2020 - 2021,0.84
,,2021 - 2022,0.89
,,2022 - 2023,1.0
,Bijapur,2006 - 2007,0.0
,,2007 - 2008,0.64
,,2008 - 2009,0.4
,,2009 - 2010,0.29
,,2010 - 2011,0.32
,,2011 - 2012,0.69
,,2012 - 2013,0.74
,,2013 - 2014,0.65
,,2014 - 2015,0.45
,,2015 - 2016,0.15
,,2016 - 2017,0.33
,,2017 - 2018,0.23
,,2018 - 2019,0.23
,,2019 - 2020,0.52
,,2020 - 2021,0.67
,,2021 - 2022,0.42
,,2022 - 2023,0.4
,Bilaspur,2000 - 2001,0.21
,,2001 - 2002,0.43
,,2002 - 2003,0.77
,,2003 - 2004,0.54
,,2004 - 2005,0.5
,,2005 - 2006,0.24
,,2006 - 2007,0.33
,,2007 - 2008,0.6
,,2008 - 2009,0.47
,,2009 - 2010,0.72
,,2010 - 2011,0.45
,,2011 - 2012,0.74
,,2012 - 2013,0.91
,,2013 - 2014,0.66
,,2014 - 2015,0.48
,,2015 - 2016,0.37
,,2016 - 2017,0.54
,,2017 - 2018,0.27
,,2018 - 2019,0.57
,,2019 - 2020,0.61
,,2020 - 2021,0.7
,,2021 - 2022,0.55
,,2022 - 2023,0.55
,Dantewada,2000 - 2001,0.21
,,2001 - 2002,0.44
,,2002 - 2003,0.46
,,2003 - 2004,0.55
,,2004 - 2005,0.35
,,2005 - 2006,0.19
,,2006 - 2007,0.48
,,2007 - 2008,0.65
,,2008 - 2009,0.41
,,2009 - 2010,0.29
,,2010 - 2011,0.31
,,2011 - 2012,0.68
,,2012 - 2013,0.74
,,2013 - 2014,0.74
,,2014 - 2015,0.44
,,2015 - 2016,0.54
,,2016 - 2017,0.29
,,2017 - 2018,0.22
,,2018 - 2019,0.12
,,2019 - 2020,0.4
,,2020 - 2021,0.33
,,2021 - 2022,0.41
,,2022 - 2023,0.4
,Dhamtari,2000 - 2001,0.32
,,2001 - 2002,0.65
,,2002 - 2003,1.05
,,2003 - 2004,0.75
,,2004 - 2005,0.64
,,2005 - 2006,0.31
,,2006 - 2007,0.43
,,2007 - 2008,0.8
,,2008 - 2009,0.63
,,2009 - 2010,0.85
,,2010 - 2011,0.53
,,2011 - 2012,0.97
,,2012 - 2013,1.12
,,2013 - 2014,0.34
,,2014 - 2015,0.59
,,2015 - 2016,0.45
,,2016 - 2017,0.66
,,2017 - 2018,0.51
,,2018 - 2019,0.74
,,2019 - 2020,0.67
,,2020 - 2021,0.64
,,2021 - 2022,0.72
,,2022 - 2023,0.81
,Durg,2000 - 2001,0.25
,,2001 - 2002,0.62
,,2002 - 2003,1.04
,,2003 - 2004,0.78
,,2004 - 2005,0.67
,,2005 - 2006,0.32
,,2006 - 2007,0.46
,,2007 - 2008,0.88
,,2008 - 2009,0.58
,,2009 - 2010,0.97
,,2010 - 2011,0.65
,,2011 - 2012,1.07
,,2012 - 2013,1.27
,,2013 - 2014,0.8
,,2014 - 2015,0.64
,,2015 - 2016,0.52
,,2016 - 2017,0.92
,,2017 - 2018,1.0
,,2018 - 2019,0.7
,,2019 - 2020,0.45
,,2020 - 2021,0.71
,,2021 - 2022,0.74
,,2022 - 2023,0.92
,Gariyaband,2011 - 2012,0.91
,,2012 - 2013,0.98
,,2013 - 2014,0.91
,,2014 - 2015,0.45
,,2015 - 2016,0.49
,,2016 - 2017,0.91
,,2017 - 2018,0.25
,,2018 - 2019,0.66
,,2019 - 2020,0.97
,,2020 - 2021,3.22
,,2021 - 2022,1.61
,,2022 - 2023,0.67
,Gaurella-pendra-marwahi,2019 - 2020,0.6
,,2020 - 2021,0.43
,,2021 - 2022,0.53
,,2022 - 2023,0.53
,Janjgir-champa,2000 - 2001,0.21
,,2001 - 2002,0.5
,,2002 - 2003,0.76
,,2003 - 2004,0.63
,,2004 - 2005,0.5
,,2005 - 2006,0.23
,,2006 - 2007,0.34
,,2007 - 2008,0.62
,,2008 - 2009,0.49
,,2009 - 2010,0.73
,,2010 - 2011,0.52
,,2011 - 2012,0.94
,,2012 - 2013,1.08
,,2013 - 2014,0.78
,,2014 - 2015,0.5
,,2015 - 2016,0.48
,,2016 - 2017,0.71
,,2017 - 2018,0.1
,,2018 - 2019,0.74
,,2019 - 2020,0.76
,,2020 - 2021,0.63
,,2021 - 2022,0.61
,,2022 - 2023,0.8
,Jashpur,2000 - 2001,0.27
,,2001 - 2002,0.53
,,2002 - 2003,0.95
,,2003 - 2004,0.69
,,2004 - 2005,0.52
,,2005 - 2006,0.26
,,2006 - 2007,0.38
,,2007 - 2008,0.68
,,2008 - 2009,0.57
,,2009 - 2010,0.75
,,2010 - 2011,0.49
,,2011 - 2012,0.97
,,2012 - 2013,1.03
,,2013 - 2014,0.76
,,2014 - 2015,0.54
,,2015 - 2016,0.43
,,2016 - 2017,0.62
,,2017 - 2018,0.86
,,2018 - 2019,0.62
,,2019 - 2020,0.53
,,2020 - 2021,0.49
,,2021 - 2022,0.6
,,2022 - 2023,0.68
,Kabirdham,2000 - 2001,0.2
,,2001 - 2002,0.6
,,2002 - 2003,1.05
,,2003 - 2004,0.75
,,2004 - 2005,0.55
,,2005 - 2006,0.27
,,2006 - 2007,0.41
,,2007 - 2008,0.81
,,2008 - 2009,0.54
,,2009 - 2010,0.83
,,2010 - 2011,0.55
,,2011 - 2012,1.05
,,2012 - 2013,1.21
,,2013 - 2014,0.88
,,2014 - 2015,0.69
,,2015 - 2016,0.42
,,2016 - 2017,0.76
,,2017 - 2018,1.67
,,2018 - 2019,0.75
,,2019 - 2020,0.59
,,2020 - 2021,0.51
,,2021 - 2022,0.68
,,2022 - 2023,0.67
,Kanker,2000 - 2001,0.23
,,2001 - 2002,0.55
,,2002 - 2003,0.6
,,2003 - 2004,0.76
,,2004 - 2005,0.52
,,2005 - 2006,0.24
,,2006 - 2007,0.33
,,2007 - 2008,0.65
,,2008 - 2009,0.4
,,2009 - 2010,0.56
,,2010 - 2011,0.45
,,2011 - 2012,0.71
,,2012 - 2013,0.76
,,2013 - 2014,0.44
,,2014 - 2015,0.36
,,2015 - 2016,0.29
,,2016 - 2017,0.55
,,2017 - 2018,0.01
,,2018 - 2019,0.45
,,2019 - 2020,0.5
,,2020 - 2021,0.38
,,2021 - 2022,0.44
,,2022 - 2023,0.53
,Khairgarh chhuikhadan gandai,2022 - 2023,0.9
,Kondagaon,2011 - 2012,0.72
,,2012 - 2013,0.94
,,2013 - 2014,0.63
,,2014 - 2015,0.42
,,2015 - 2016,0.44
,,2016 - 2017,0.63
,,2017 - 2018,0.19
,,2018 - 2019,0.66
,,2019 - 2020,0.65
,,2020 - 2021,0.51
,,2021 - 2022,0.59
,,2022 - 2023,0.67
,Korba,2000 - 2001,0.2
,,2001 - 2002,0.47
,,2002 - 2003,0.71
,,2003 - 2004,0.51
,,2004 - 2005,0.38
,,2005 - 2006,0.21
,,2006 - 2007,0.27
,,2007 - 2008,0.51
,,2008 - 2009,0.49
,,2009 - 2010,0.49
,,2010 - 2011,0.45
,,2011 - 2012,0.82
,,2012 - 2013,0.81
,,2013 - 2014,0.59
,,2014 - 2015,0.44
,,2015 - 2016,0.25
,,2016 - 2017,0.49
,,2017 - 2018,0.39
,,2018 - 2019,0.47
,,2019 - 2020,0.44
,,2020 - 2021,0.46
,,2021 - 2022,0.51
,,2022 - 2023,0.55
,Korea,2000 - 2001,0.2
,,2001 - 2002,0.52
,,2002 - 2003,0.91
,,2003 - 2004,0.36
,,2004 - 2005,0.42
,,2005 - 2006,0.19
,,2006 - 2007,0.3
,,2007 - 2008,0.54
,,2008 - 2009,0.48
,,2009 - 2010,0.44
,,2010 - 2011,0.32
,,2011 - 2012,0.95
,,2012 - 2013,0.86
,,2013 - 2014,0.52
,,2014 - 2015,0.48
,,2015 - 2016,0.23
,,2016 - 2017,0.51
,,2017 - 2018,0.54
,,2018 - 2019,0.46
,,2019 - 2020,0.42
,,2020 - 2021,0.34
,,2021 - 2022,0.48
,,2022 - 2023,0.53
,Mahasamund,2000 - 2001,0.36
,,2001 - 2002,0.59
,,2002 - 2003,0.87
,,2003 - 2004,0.66
,,2004 - 2005,0.55
,,2005 - 2006,0.26
,,2006 - 2007,0.41
,,2007 - 2008,0.8
,,2008 - 2009,0.59
,,2009 - 2010,0.76
,,2010 - 2011,0.48
,,2011 - 2012,0.97
,,2012 - 2013,1.21
,,2013 - 2014,0.8
,,2014 - 2015,0.58
,,2015 - 2016,0.44
,,2016 - 2017,0.64
,,2017 - 2018,0.19
,,2018 - 2019,0.66
,,2019 - 2020,0.61
,,2020 - 2021,0.54
,,2021 - 2022,0.59
,,2022 - 2023,0.67
,Manendragarh chirimiri bharatpur,2022 - 2023,0.5
,Mohla manpur ambagarh chouki,2022 - 2023,0.93
,Mungeli,2011 - 2012,0.74
,,2012 - 2013,1.06
,,2013 - 2014,0.66
,,2014 - 2015,0.5
,,2015 - 2016,0.51
,,2016 - 2017,0.75
,,2017 - 2018,1.6
,,2018 - 2019,0.7
,,2019 - 2020,0.68
,,2020 - 2021,0.57
,,2021 - 2022,0.63
,,2022 - 2023,0.73
,Narayanpur,2006 - 2007,0.0
,,2007 - 2008,0.61
,,2008 - 2009,0.38
,,2009 - 2010,0.4
,,2010 - 2011,0.4
,,2011 - 2012,0.82
,,2012 - 2013,1.1
,,2013 - 2014,0.75
,,2014 - 2015,0.35
,,2015 - 2016,0.2
,,2016 - 2017,0.44
,,2017 - 2018,7.48
,,2018 - 2019,0.52
,,2019 - 2020,0.57
,,2020 - 2021,1.0
,Raigarh,2000 - 2001,0.24
,,2001 - 2002,0.53
,,2002 - 2003,0.87
,,2003 - 2004,0.65
,,2004 - 2005,0.53
,,2005 - 2006,0.27
,,2006 - 2007,0.39
,,2007 - 2008,0.73
,,2008 - 2009,0.57
,,2009 - 2010,0.79
,,2010 - 2011,0.51
,,2011 - 2012,1.04
,,2012 - 2013,1.06
,,2013 - 2014,0.77
,,2014 - 2015,0.56
,,2015 - 2016,0.45
,,2016 - 2017,0.66
,,2017 - 2018,0.03
,,2018 - 2019,0.72
,,2019 - 2020,0.61
,,2020 - 2021,0.55
,,2021 - 2022,0.71
,,2022 - 2023,0.78
,Raipur,2000 - 2001,0.28
,,2001 - 2002,0.59
,,2002 - 2003,1.0
,,2003 - 2004,0.72
,,2004 - 2005,0.64
,,2005 - 2006,0.3
,,2006 - 2007,0.41
,,2007 - 2008,0.75
,,2008 - 2009,0.58
,,2009 - 2010,0.8
,,2010 - 2011,0.45
,,2011 - 2012,0.91
,,2012 - 2013,1.14
,,2013 - 2014,0.82
,,2014 - 2015,0.64
,,2015 - 2016,0.49
,,2016 - 2017,0.77
,,2017 - 2018,0.01
,,2018 - 2019,0.8
,,2019 - 2020,0.69
,,2020 - 2021,0.59
,,2021 - 2022,0.67
,,2022 - 2023,0.75
,Rajnandgaon,2000 - 2001,0.37
,,2001 - 2002,0.64
,,2002 - 2003,1.05
,,2003 - 2004,0.75
,,2004 - 2005,0.71
,,2005 - 2006,0.32
,,2006 - 2007,0.11
,,2007 - 2008,0.81
,,2008 - 2009,0.58
,,2009 - 2010,0.87
,,2010 - 2011,0.57
,,2011 - 2012,1.1
,,2012 - 2013,1.14
,,2013 - 2014,0.88
,,2014 - 2015,0.67
,,2015 - 2016,0.43
,,2016 - 2017,0.79
,,2017 - 2018,0.0
,,2018 - 2019,0.77
,,2019 - 2020,0.77
,,2020 - 2021,0.6
,,2021 - 2022,0.8
,,2022 - 2023,0.9
,Sakti,2022 - 2023,0.76
,Sarangarh bilaigarh,2022 - 2023,0.77
,Sukma,2011 - 2012,0.69
,,2012 - 2013,1.02
,,2013 - 2014,0.69
,,2014 - 2015,0.36
,,2015 - 2016,0.39
,,2016 - 2017,0.56
,,2017 - 2018,0.14
,,2018 - 2019,0.63
,,2019 - 2020,0.67
,,2020 - 2021,0.5
,,2021 - 2022,0.69
,,2022 - 2023,0.63
,Surajpur,2011 - 2012,0.96
,,2012 - 2013,0.95
,,2013 - 2014,0.8
,,2014 - 2015,0.5
,,2015 - 2016,0.51
,,2016 - 2017,0.79
,,2017 - 2018,0.32
,,2018 - 2019,0.88
,,2019 - 2020,0.81
,,2020 - 2021,0.74
,,2021 - 2022,0.91
,,2022 - 2023,0.9
,Surguja,2000 - 2001,0.24
,,2001 - 2002,0.52
,,2002 - 2003,0.79
,,2003 - 2004,0.6
,,2004 - 2005,0.51
,,2005 - 2006,0.24
,,2006 - 2007,0.34
,,2007 - 2008,0.64
,,2008 - 2009,0.49
,,2009 - 2010,0.45
,,2010 - 2011,0.54
,,2011 - 2012,0.96
,,2012 - 2013,1.01
,,2013 - 2014,0.71
,,2014 - 2015,0.52
,,2015 - 2016,0.38
,,2016 - 2017,0.55
,,2017 - 2018,0.14
,,2018 - 2019,0.7
,,2019 - 2020,0.53
,,2020 - 2021,0.99
,,2021 - 2022,0.63
,,2022 - 2023,0.61
Gujarat,Ahmadabad,2001 - 2002,1.0
,,2003 - 2004,1.0
,,2005 - 2006,0.8
,,2006 - 2007,1.0
,,2007 - 2008,1.0
,,2008 - 2009,1.0
,,2009 - 2010,1.0
,,2016 - 2017,0.98
,Amreli,2000 - 2001,0.5
,,2001 - 2002,1.0
,,2002 - 2003,1.0
,,2003 - 2004,0.67
,,2004 - 2005,1.0
,,2005 - 2006,1.0
,,2006 - 2007,1.0
,,2007 - 2008,1.0
,,2008 - 2009,1.0
,,2009 - 2010,1.0
,,2010 - 2011,1.0
,,2011 - 2012,1.0
,,2016 - 2017,1.0
,,2017 - 2018,1.0
,Anand,2003 - 2004,1.0
,,2004 - 2005,1.21
,,2005 - 2006,1.0
,,2006 - 2007,1.0
,,2007 - 2008,1.0
,,2008 - 2009,0.94
,,2009 - 2010,1.0
,,2010 - 2011,1.1
,,2011 - 2012,1.05
,,2012 - 2013,1.08
,,2013 - 2014,1.07
,,2014 - 2015,1.07
,,2015 - 2016,1.07
,,2016 - 2017,0.94
,,2017 - 2018,0.95
,,2018 - 2019,0.98
,,2019 - 2020,3.13
,,2020 - 2021,2.2
,Banas kantha,2000 - 2001,1.18
,,2001 - 2002,1.33
,,2002 - 2003,1.25
,,2003 - 2004,1.25
,,2004 - 2005,1.0
,,2005 - 2006,1.0
,,2006 - 2007,1.0
,,2007 - 2008,1.0
,,2008 - 2009,1.0
,,2009 - 2010,1.0
,,2010 - 2011,1.17
,,2011 - 2012,0.83
,,2012 - 2013,1.0
,,2013 - 2014,1.0
,,2014 - 2015,0.91
,,2015 - 2016,0.98
,,2016 - 2017,1.92
,,2017 - 2018,1.25
,Bharuch,2000 - 2001,1.0
,,2001 - 2002,0.75
,,2002 - 2003,1.0
,,2003 - 2004,1.0
,,2007 - 2008,1.0
,,2009 - 2010,1.0
,Bhavnagar,2000 - 2001,0.5
,,2001 - 2002,0.75
,,2002 - 2003,0.8
,,2003 - 2004,1.0
,,2004 - 2005,0.0
,,2005 - 2006,1.0
,,2007 - 2008,1.0
,,2008 - 2009,1.0
,,2009 - 2010,1.0
,,2014 - 2015,0.98
,,2015 - 2016,1.0
,Botad,2014 - 2015,0.9
,,2018 - 2019,0.0
,,2020 - 2021,2.25
,Chhotaudepur,2014 - 2015,0.85
,,2015 - 2016,0.85
,,2016 - 2017,0.86
,,2017 - 2018,0.89
,,2018 - 2019,0.86
,Dang,2000 - 2001,1.0
,,2001 - 2002,0.0
,,2002 - 2003,0.0
,Devbhumi dwarka,2017 - 2018,0.98
,Dohad,2003 - 2004,0.6
,,2004 - 2005,0.5
,,2005 - 2006,1.0
,,2006 - 2007,1.0
,,2013 - 2014,1.0
,,2015 - 2016,0.93
,Gandhinagar,2000 - 2001,1.25
,,2001 - 2002,1.5
,,2002 - 2003,0.91
,,2003 - 2004,1.2
,,2004 - 2005,1.0
,,2006 - 2007,1.0
,,2007 - 2008,1.0
,,2008 - 2009,1.0
,,2009 - 2010,1.0
,Jamnagar,2000 - 2001,0.14
,,2001 - 2002,0.27
,,2002 - 2003,0.45
,,2003 - 2004,0.25
,,2004 - 2005,0.25
,,2005 - 2006,1.0
,,2006 - 2007,0.63
,,2007 - 2008,0.6
,,2008 - 2009,0.67
,,2009 - 2010,0.82
,,2010 - 2011,0.17
,,2011 - 2012,0.75
,,2014 - 2015,0.76
,,2015 - 2016,0.75
,,2016 - 2017,2.5
,,2017 - 2018,2.55
,Junagadh,2000 - 2001,1.0
,,2001 - 2002,0.5
,,2002 - 2003,1.0
,,2005 - 2006,1.0
,,2006 - 2007,1.0
,,2007 - 2008,1.0
,,2008 - 2009,1.0
,,2009 - 2010,1.0
,,2010 - 2011,1.0
,,2011 - 2012,0.67
,,2012 - 2013,1.0
,Kachchh,2000 - 2001,0.83
,,2001 - 2002,1.0
,,2003 - 2004,1.0
,,2004 - 2005,1.0
,,2005 - 2006,1.0
,,2007 - 2008,1.0
,,2008 - 2009,1.0
,,2009 - 2010,1.0
,,2010 - 2011,1.0
,,2011 - 2012,1.0
,,2013 - 2014,1.0
,,2014 - 2015,1.0
,,2015 - 2016,1.0
,,2016 - 2017,1.0
,Kheda,2000 - 2001,1.43
,,2001 - 2002,1.45
,,2002 - 2003,1.13
,,2003 - 2004,1.0
,,2004 - 2005,1.0
,,2005 - 2006,1.0
,,2006 - 2007,1.17
,,2007 - 2008,1.0
,,2008 - 2009,1.0
,,2009 - 2010,1.0
,,2010 - 2011,1.08
,,2011 - 2012,1.0
,,2012 - 2013,1.0
,,2013 - 2014,1.04
,,2014 - 2015,1.01
,,2015 - 2016,1.03
,,2016 - 2017,0.64
,,2017 - 2018,0.68
,Mahesana,2000 - 2001,0.39
,,2001 - 2002,0.79
,,2002 - 2003,0.74
,,2003 - 2004,0.5
,,2004 - 2005,1.33
,,2005 - 2006,0.86
,,2006 - 2007,1.0
,,2007 - 2008,1.0
,,2008 - 2009,1.0
,,2009 - 2010,1.0
,,2010 - 2011,1.0
,,2011 - 2012,1.0
,,2012 - 2013,1.0
,,2013 - 2014,1.01
,,2015 - 2016,1.0
,,2016 - 2017,1.64
,,2020 - 2021,2.39
,Mahisagar,2014 - 2015,0.89
,,2015 - 2016,0.92
,Navsari,2003 - 2004,1.0
,,2004 - 2005,1.0
,,2005 - 2006,1.0
,,2006 - 2007,1.0
,,2007 - 2008,1.0
,,2008 - 2009,1.0
,,2009 - 2010,1.0
,,2010 - 2011,1.0
,,2011 - 2012,1.0
,,2012 - 2013,1.0
,,2013 - 2014,1.03
,,2014 - 2015,1.03
,,2015 - 2016,1.05
,,2016 - 2017,1.0
,Panch mahals,2000 - 2001,0.5
,,2001 - 2002,0.44
,,2002 - 2003,0.5
,,2003 - 2004,0.67
,,2004 - 2005,0.6
,,2005 - 2006,0.6
,,2006 - 2007,0.75
,,2007 - 2008,0.75
,,2008 - 2009,0.8
,,2009 - 2010,0.83
,,2010 - 2011,1.0
,,2011 - 2012,0.75
,,2012 - 2013,1.0
,,2013 - 2014,0.88
,Patan,2003 - 2004,0.5
,,2004 - 2005,0.67
,,2005 - 2006,0.75
,,2006 - 2007,0.67
,,2007 - 2008,0.67
,,2008 - 2009,1.0
,,2009 - 2010,1.0
,,2010 - 2011,1.0
,,2011 - 2012,1.0
,,2012 - 2013,1.0
,,2013 - 2014,0.99
,,2014 - 2015,0.99
,,2015 - 2016,0.98
,,2016 - 2017,0.97
,,2017 - 2018,0.62
,Porbandar,2013 - 2014,0.95
,,2014 - 2015,0.95
,,2015 - 2016,1.0
,Rajkot,2000 - 2001,1.0
,,2001 - 2002,1.08
,,2002 - 2003,1.5
,,2003 - 2004,1.33
,,2004 - 2005,1.33
,,2005 - 2006,1.25
,,2006 - 2007,1.0
,,2007 - 2008,1.17
,,2008 - 2009,1.0
,,2009 - 2010,1.0
,,2012 - 2013,1.0
,,2013 - 2014,0.91
,,2014 - 2015,0.91
,,2015 - 2016,0.91
,,2016 - 2017,0.91
,,2017 - 2018,0.91
,Sabar kantha,2000 - 2001,1.0
,,2001 - 2002,1.0
,,2002 - 2003,0.5
,,2003 - 2004,1.0
,,2004 - 2005,0.0
,,2005 - 2006,1.0
,,2006 - 2007,1.0
,,2007 - 2008,1.0
,,2008 - 2009,1.0
,,2009 - 2010,1.0
,,2012 - 2013,1.0
,,2013 - 2014,1.01
,Surat,2000 - 2001,1.18
,,2001 - 2002,1.1
,,2002 - 2003,1.14
,,2003 - 2004,1.13
,,2004 - 2005,1.0
,,2005 - 2006,1.0
,,2006 - 2007,1.0
,,2007 - 2008,1.0
,,2008 - 2009,1.0
,,2009 - 2010,1.0
,,2012 - 2013,1.0
,,2013 - 2014,0.93
,,2014 - 2015,0.9
,,2015 - 2016,0.91
,,2016 - 2017,1.0
,,2017 - 2018,0.98
,Surendranagar,2000 - 2001,1.33
,,2001 - 2002,1.5
,,2004 - 2005,1.0
,,2005 - 2006,1.0
,,2006 - 2007,1.0
,,2007 - 2008,1.0
,,2008 - 2009,1.0
,,2009 - 2010,1.0
,,2010 - 2011,1.0
,,2011 - 2012,1.0
,,2012 - 2013,1.0
,,2014 - 2015,1.01
,,2015 - 2016,1.02
,,2016 - 2017,1.11
,,2017 - 2018,1.05
,,2018 - 2019,1.04
,,2019 - 2020,3.12
,Tapi,2008 - 2009,1.0
,,2009 - 2010,1.0
,,2010 - 2011,1.0
,,2011 - 2012,1.0
,,2013 - 2014,1.0
,,2014 - 2015,1.0
,Vadodara,2000 - 2001,0.38
,,2001 - 2002,0.46
,,2002 - 2003,0.5
,,2003 - 2004,0.5
,,2004 - 2005,0.67
,,2005 - 2006,0.6
,,2006 - 2007,0.8
,,2007 - 2008,0.83
,,2008 - 2009,0.75
,,2009 - 2010,0.71
,,2010 - 2011,0.83
,,2011 - 2012,0.83
,,2012 - 2013,0.83
,,2013 - 2014,0.84
,,2014 - 2015,0.85
,,2016 - 2017,0.85
,Valsad,2000 - 2001,0.75
,,2001 - 2002,1.0
,,2002 - 2003,0.89
,,2003 - 2004,0.88
,,2004 - 2005,0.83
,,2005 - 2006,1.0
,,2006 - 2007,1.0
,,2007 - 2008,1.0
,,2008 - 2009,1.0
,,2009 - 2010,1.0
,,2010 - 2011,1.0
,,2011 - 2012,1.0
,,2012 - 2013,1.0
,,2014 - 2015,0.99
Haryana,Ambala,2000 - 2001,1.23
,,2001 - 2002,1.06
,,2003 - 2004,0.96
,,2004 - 2005,8.42
,,2005 - 2006,0.79
,,2006 - 2007,0.54
,,2007 - 2008,9.3
,,2008 - 2009,6.71
,,2009 - 2010,0.0
,,2010 - 2011,7.91
,,2012 - 2013,9.49
,,2021 - 2022,6.03
,Bhiwani,2000 - 2001,0.96
,,2001 - 2002,0.79
,,2003 - 2004,0.91
,,2005 - 2006,1.12
,,2007 - 2008,14.29
,,2008 - 2009,11.76
,,2012 - 2013,10.0
,Faridabad,2000 - 2001,0.73
,,2001 - 2002,1.8
,,2006 - 2007,0.0
,Fatehabad,2000 - 2001,1.23
,,2001 - 2002,1.64
,,2003 - 2004,2.04
,,2004 - 2005,8.57
,,2005 - 2006,0.0
,,2006 - 2007,0.0
,,2007 - 2008,3.03
,,2008 - 2009,10.53
,,2009 - 2010,0.0
,,2010 - 2011,6.25
,,2012 - 2013,11.11
,Gurgaon,2000 - 2001,0.0
,,2001 - 2002,0.0
,,2003 - 2004,0.0
,,2004 - 2005,0.0
,,2005 - 2006,0.97
,,2006 - 2007,0.0
,,2009 - 2010,0.0
,,2010 - 2011,0.0
,Hisar,2000 - 2001,0.85
,,2001 - 2002,1.13
,,2003 - 2004,1.09
,,2004 - 2005,11.92
,,2005 - 2006,0.79
,,2006 - 2007,0.87
,,2007 - 2008,9.86
,,2008 - 2009,10.74
,,2009 - 2010,2.19
,,2010 - 2011,11.06
,,2012 - 2013,8.33
,,2021 - 2022,6.5
,Jind,2000 - 2001,0.0
,,2001 - 2002,0.0
,,2003 - 2004,0.0
,,2006 - 2007,0.0
,,2007 - 2008,10.53
,,2008 - 2009,12.5
,,2010 - 2011,10.34
,,2012 - 2013,12.5
,,2021 - 2022,6.0
,Kaithal,2000 - 2001,2.27
,,2001 - 2002,0.0
,,2003 - 2004,1.72
,,2004 - 2005,8.57
,,2005 - 2006,0.0
,,2006 - 2007,1.69
,,2007 - 2008,5.0
,,2008 - 2009,7.14
,,2009 - 2010,0.0
,,2010 - 2011,12.5
,,2012 - 2013,10.53
,,2021 - 2022,8.0
,Karnal,2000 - 2001,1.27
,,2001 - 2002,0.84
,,2003 - 2004,0.83
,,2004 - 2005,6.42
,,2005 - 2006,0.93
,,2006 - 2007,1.18
,,2007 - 2008,5.66
,,2008 - 2009,0.72
,,2009 - 2010,1.69
,,2010 - 2011,8.14
,,2012 - 2013,12.9
,,2021 - 2022,6.33
,Kurukshetra,2000 - 2001,0.7
,,2001 - 2002,0.79
,,2003 - 2004,0.86
,,2004 - 2005,10.81
,,2005 - 2006,1.18
,,2006 - 2007,1.05
,,2007 - 2008,7.62
,,2008 - 2009,11.59
,,2009 - 2010,2.94
,,2010 - 2011,9.09
,,2012 - 2013,9.52
,,2021 - 2022,5.64
,Mahendragarh,2000 - 2001,0.0
,,2001 - 2002,0.0
,,2003 - 2004,0.0
,,2004 - 2005,9.09
,,2005 - 2006,0.0
,,2006 - 2007,0.0
,,2008 - 2009,0.0
,,2009 - 2010,0.0
,,2010 - 2011,0.0
,,2021 - 2022,6.0
,Mewat,2008 - 2009,10.03
,,2010 - 2011,0.0
,Palwal,2021 - 2022,6.0
,Panchkula,2000 - 2001,0.0
,,2001 - 2002,1.69
,,2003 - 2004,1.61
,,2004 - 2005,4.92
,,2005 - 2006,0.0
,,2006 - 2007,1.39
,,2007 - 2008,12.16
,,2008 - 2009,4.35
,,2009 - 2010,1.61
,,2010 - 2011,11.54
,,2012 - 2013,16.67
,,2021 - 2022,7.6
,Panipat,2000 - 2001,1.0
,,2001 - 2002,0.94
,,2003 - 2004,0.88
,,2004 - 2005,0.0
,,2005 - 2006,1.07
,,2006 - 2007,0.55
,,2007 - 2008,24.82
,,2008 - 2009,9.3
,,2009 - 2010,1.71
,,2010 - 2011,9.77
,,2012 - 2013,9.09
,,2021 - 2022,8.0
,Rewari,2000 - 2001,0.0
,,2001 - 2002,0.0
,,2003 - 2004,0.0
,,2004 - 2005,5.0
,,2005 - 2006,1.69
,,2006 - 2007,0.0
,,2007 - 2008,0.0
,,2008 - 2009,0.0
,,2009 - 2010,0.0
,,2012 - 2013,11.11
,,2021 - 2022,2.0
,Rohtak,2000 - 2001,0.0
,,2001 - 2002,0.0
,,2004 - 2005,0.0
,Sirsa,2000 - 2001,2.0
,,2001 - 2002,0.0
,,2003 - 2004,0.0
,,2004 - 2005,6.25
,,2005 - 2006,0.0
,,2006 - 2007,0.0
,,2007 - 2008,8.33
,,2008 - 2009,9.38
,,2009 - 2010,0.0
,,2010 - 2011,7.69
,,2012 - 2013,0.0
,,2021 - 2022,0.0
,Sonipat,2000 - 2001,0.63
,,2001 - 2002,2.08
,,2003 - 2004,5.26
,,2004 - 2005,10.53
,,2005 - 2006,0.65
,,2006 - 2007,0.82
,,2007 - 2008,6.67
,,2008 - 2009,9.38
,,2009 - 2010,1.39
,,2010 - 2011,9.89
,,2012 - 2013,15.79
,Yamunanagar,2000 - 2001,0.0
,,2001 - 2002,1.75
,,2003 - 2004,0.0
,,2004 - 2005,4.35
,,2005 - 2006,0.0
,,2006 - 2007,0.0
,,2007 - 2008,4.76
,,2008 - 2009,5.0
,,2009 - 2010,0.0
,,2010 - 2011,0.0
,,2012 - 2013,9.09
,,2021 - 2022,6.0
Himachal Pradesh,Bilaspur,2001 - 2002,0.15
,,2002 - 2003,0.2
,,2005 - 2006,
,,2006 - 2007,
,,2007 - 2008,
,,2008 - 2009,
,,2009 - 2010,
,,2011 - 2012,
,,2012 - 2013,
,,2014 - 2015,
,,2015 - 2016,
,,2016 - 2017,
,,2018 - 2019,
,,2019 - 2020,
,,2020 - 2021,
,,2021 - 2022,
,Chamba,2001 - 2002,0.23
,,2002 - 2003,0.03
,,2005 - 2006,
,,2006 - 2007,
,,2007 - 2008,
,,2008 - 2009,
,,2009 - 2010,
,,2011 - 2012,
,,2012 - 2013,
,,2013 - 2014,
,,2014 - 2015,
,,2015 - 2016,
,,2016 - 2017,
,,2018 - 2019,
,,2019 - 2020,
,,2020 - 2021,
,,2021 - 2022,
,Hamirpur,2001 - 2002,0.5
,,2002 - 2003,0.0
,,2006 - 2007,
,,2007 - 2008,
,,2008 - 2009,
,,2009 - 2010,
,,2011 - 2012,
,,2012 - 2013,
,,2013 - 2014,
,,2014 - 2015,
,,2015 - 2016,
,,2016 - 2017,
,,2018 - 2019,
,,2019 - 2020,
,,2020 - 2021,
,,2021 - 2022,
,Kangra,2001 - 2002,0.27
,,2002 - 2003,0.0
,,2005 - 2006,
,,2006 - 2007,
,,2007 - 2008,
,,2008 - 2009,
,,2009 - 2010,
,,2011 - 2012,
,,2012 - 2013,
,,2016 - 2017,
,,2018 - 2019,
,,2019 - 2020,
,,2020 - 2021,
,,2021 - 2022,
,Kullu,2001 - 2002,0.16
,,2002 - 2003,0.07
,,2005 - 2006,
,,2006 - 2007,
,,2007 - 2008,
,,2008 - 2009,
,,2009 - 2010,
,,2011 - 2012,
,,2012 - 2013,
,,2015 - 2016,
,,2016 - 2017,
,,2018 - 2019,
,,2019 - 2020,
,,2020 - 2021,
,,2021 - 2022,
,Lahul and spiti,2018 - 2019,
,,2019 - 2020,
,Mandi,2001 - 2002,0.14
,,2002 - 2003,0.23
,,2005 - 2006,
,,2006 - 2007,
,,2007 - 2008,
,,2008 - 2009,
,,2009 - 2010,
,,2011 - 2012,
,,2012 - 2013,
,,2013 - 2014,
,,2014 - 2015,
,,2015 - 2016,
,,2016 - 2017,
,,2020 - 2021,
,,2021 - 2022,
,Shimla,2001 - 2002,0.22
,,2002 - 2003,0.17
,,2005 - 2006,
,,2006 - 2007,
,,2007 - 2008,
,,2008 - 2009,
,,2009 - 2010,
,,2011 - 2012,
,,2012 - 2013,
,,2014 - 2015,
,,2015 - 2016,
,,2016 - 2017,
,,2018 - 2019,
,,2019 - 2020,
,,2020 - 2021,
,,2021 - 2022,
,Sirmaur,2001 - 2002,0.21
,,2002 - 2003,0.04
,,2005 - 2006,
,,2006 - 2007,
,,2007 - 2008,
,,2008 - 2009,
,,2009 - 2010,
,,2011 - 2012,
,,2012 - 2013,
,,2013 - 2014,
,,2014 - 2015,
,,2015 - 2016,
,,2016 - 2017,
,,2018 - 2019,
,,2019 - 2020,
,,2020 - 2021,
,,2021 - 2022,
,Solan,2001 - 2002,0.17
,,2002 - 2003,1.0
,,2005 - 2006,
,,2006 - 2007,
,,2007 - 2008,
,,2008 - 2009,
,,2009 - 2010,
,,2011 - 2012,
,,2012 - 2013,
,,2013 - 2014,
,,2014 - 2015,
,,2015 - 2016,
,,2016 - 2017,
,,2018 - 2019,
,,2019 - 2020,
,,2020 - 2021,
,,2021 - 2022,
,Una,2001 - 2002,0.14
,,2002 - 2003,0.33
,,2005 - 2006,
,,2006 - 2007,
,,2007 - 2008,
,,2008 - 2009,
,,2009 - 2010,
,,2012 - 2013,
,,2014 - 2015,
,,2015 - 2016,
,,2016 - 2017,
,,2018 - 2019,
,,2019 - 2020,
,,2020 - 2021,
,,2021 - 2022,
Jammu and Kashmir,Anantnag,2000 - 2001,1.19
,,2005 - 2006,
,,2006 - 2007,
,,2007 - 2008,
,,2009 - 2010,
,,2010 - 2011,
,,2011 - 2012,
,,2012 - 2013,
,,2014 - 2015,
,,2015 - 2016,
,,2016 - 2017,
,,2017 - 2018,
,,2018 - 2019,
,,2019 - 2020,
,,2020 - 2021,
,Badgam,2000 - 2001,1.18
,,2005 - 2006,
,,2006 - 2007,
,,2007 - 2008,
,,2009 - 2010,
,,2010 - 2011,
,,2011 - 2012,
,,2012 - 2013,
,,2014 - 2015,
,,2015 - 2016,
,,2016 - 2017,
,,2017 - 2018,
,,2018 - 2019,
,,2019 - 2020,
,,2020 - 2021,
,Baramulla,2007 - 2008,
,,2009 - 2010,
,,2015 - 2016,
,,2016 - 2017,
,,2017 - 2018,
,,2018 - 2019,
,,2019 - 2020,
,,2020 - 2021,
,Jammu,2007 - 2008,
,,2011 - 2012,
,,2012 - 2013,
,,2016 - 2017,
,,2018 - 2019,
,,2019 - 2020,
,,2020 - 2021,
,,2021 - 2022,
,,2022 - 2023,
,Kathua,2000 - 2001,0.38
,,2005 - 2006,
,,2006 - 2007,
,,2007 - 2008,
,,2009 - 2010,
,,2010 - 2011,
,,2011 - 2012,
,,2012 - 2013,
,,2014 - 2015,
,,2015 - 2016,
,,2016 - 2017,
,,2017 - 2018,
,,2018 - 2019,
,,2019 - 2020,
,,2020 - 2021,
,,2022 - 2023,
,Kulgam,2007 - 2008,
,,2009 - 2010,
,,2010 - 2011,
,,2011 - 2012,
,,2012 - 2013,
,,2015 - 2016,
,,2016 - 2017,
,,2017 - 2018,
,,2018 - 2019,
,,2019 - 2020,
,,2020 - 2021,
,Kupwara,2020 - 2021,
,Poonch,2000 - 2001,1.18
,,2005 - 2006,
,,2006 - 2007,
,,2007 - 2008,
,,2009 - 2010,
,,2010 - 2011,
,,2011 - 2012,
,,2012 - 2013,
,,2014 - 2015,
,,2016 - 2017,
,,2017 - 2018,
,,2018 - 2019,
,,2019 - 2020,
,,2020 - 2021,
,Pulwama,2000 - 2001,1.18
,,2005 - 2006,
,,2006 - 2007,
,,2007 - 2008,
,,2009 - 2010,
,,2010 - 2011,
,,2011 - 2012,
,,2012 - 2013,
,,2014 - 2015,
,,2015 - 2016,
,,2016 - 2017,
,,2017 - 2018,
,,2018 - 2019,
,,2019 - 2020,
,,2020 - 2021,
,Rajauri,2000 - 2001,0.62
,,2005 - 2006,
,,2006 - 2007,
,,2007 - 2008,
,,2009 - 2010,
,,2010 - 2011,
,,2011 - 2012,
,,2012 - 2013,
,,2014 - 2015,
,,2015 - 2016,
,,2016 - 2017,
,,2017 - 2018,
,,2018 - 2019,
,,2019 - 2020,
,,2020 - 2021,
,Reasi,2009 - 2010,
,,2010 - 2011,
,,2011 - 2012,
,,2016 - 2017,
,Samba,2017 - 2018,
,Srinagar,2000 - 2001,0.71
,,2005 - 2006,
,,2007 - 2008,
,,2009 - 2010,
,,2010 - 2011,
,,2011 - 2012,
,,2012 - 2013,
,,2014 - 2015,
,,2015 - 2016,
,,2016 - 2017,
,,2017 - 2018,
,,2018 - 2019,
,,2019 - 2020,
,,2020 - 2021,
,Udhampur,2000 - 2001,0.92
,,2005 - 2006,
,,2006 - 2007,
,,2007 - 2008,
,,2009 - 2010,
,,2010 - 2011,
,,2011 - 2012,
,,2012 - 2013,
,,2014 - 2015,
,,2015 - 2016,
,,2016 - 2017,
,,2017 - 2018,
,,2018 - 2019,
,,2019 - 2020,
,,2020 - 2021,
Karnataka,Bagalkot,2000 - 2001,0.87
,,2001 - 2002,0.86
,,2002 - 2003,0.54
,,2003 - 2004,1.68
,,2004 - 2005,0.76
,,2005 - 2006,
,,2006 - 2007,1.71
,,2007 - 2008,
,,2008 - 2009,
,,2009 - 2010,
,,2010 - 2011,
,,2011 - 2012,
,,2012 - 2013,
,,2013 - 2014,
,,2014 - 2015,
,,2015 - 2016,
,,2016 - 2017,
,,2017 - 2018,
,,2018 - 2019,
,,2019 - 2020,
,,2020 - 2021,
,,2021 - 2022,
,,2022 - 2023,
,Bangalore rural,2000 - 2001,0.81
,,2001 - 2002,0.78
,,2002 - 2003,0.47
,,2003 - 2004,1.17
,,2004 - 2005,0.66
,,2005 - 2006,
,,2006 - 2007,0.83
,,2007 - 2008,
,,2008 - 2009,
,,2009 - 2010,
,,2010 - 2011,
,,2011 - 2012,
,,2012 - 2013,
,,2013 - 2014,
,,2014 - 2015,
,,2015 - 2016,
,,2016 - 2017,
,,2017 - 2018,
,,2022 - 2023,
,Belgaum,2000 - 2001,1.23
,,2001 - 2002,0.96
,,2002 - 2003,0.76
,,2003 - 2004,0.66
,,2004 - 2005,0.75
,,2005 - 2006,
,,2006 - 2007,0.84
,,2007 - 2008,
,,2008 - 2009,
,,2009 - 2010,
,,2010 - 2011,
,,2011 - 2012,
,,2012 - 2013,
,,2013 - 2014,
,,2014 - 2015,
,,2015 - 2016,
,,2016 - 2017,
,,2017 - 2018,
,,2018 - 2019,
,,2020 - 2021,
,,2021 - 2022,
,,2022 - 2023,
,Bellary,2000 - 2001,1.66
,,2001 - 2002,0.97
,,2002 - 2003,2.38
,,2003 - 2004,3.24
,,2004 - 2005,0.96
,,2005 - 2006,
,,2006 - 2007,1.51
,,2007 - 2008,
,,2008 - 2009,
,,2009 - 2010,
,,2010 - 2011,
,,2011 - 2012,
,,2012 - 2013,
,,2013 - 2014,
,,2014 - 2015,
,,2015 - 2016,
,,2016 - 2017,
,,2017 - 2018,
,,2018 - 2019,
,,2019 - 2020,
,,2020 - 2021,
,,2021 - 2022,
,,2022 - 2023,
,Bengaluru urban,2000 - 2001,1.09
,,2001 - 2002,2.95
,,2002 - 2003,1.86
,,2003 - 2004,0.83
,,2004 - 2005,1.27
,,2005 - 2006,
,,2006 - 2007,1.82
,,2007 - 2008,
,,2008 - 2009,
,,2009 - 2010,
,,2010 - 2011,
,,2011 - 2012,
,,2012 - 2013,
,,2013 - 2014,
,,2014 - 2015,
,,2015 - 2016,
,,2016 - 2017,
,,2017 - 2018,
,,2020 - 2021,
,,2022 - 2023,
,Bidar,2000 - 2001,0.83
,,2001 - 2002,0.89
,,2002 - 2003,0.4
,,2003 - 2004,0.64
,,2004 - 2005,0.71
,,2005 - 2006,
,,2006 - 2007,1.34
,,2007 - 2008,
,,2008 - 2009,
,,2009 - 2010,
,,2010 - 2011,
,,2011 - 2012,
,,2012 - 2013,
,,2013 - 2014,
,,2014 - 2015,
,,2015 - 2016,
,,2016 - 2017,
,,2017 - 2018,
,,2018 - 2019,
,,2021 - 2022,
,Bijapur,2000 - 2001,1.13
,,2001 - 2002,1.39
,,2002 - 2003,0.68
,,2003 - 2004,0.91
,,2004 - 2005,0.99
,,2005 - 2006,
,,2006 - 2007,2.17
,,2007 - 2008,
,,2008 - 2009,
,,2009 - 2010,
,,2010 - 2011,
,,2011 - 2012,
,,2012 - 2013,
,,2013 - 2014,
,,2014 - 2015,
,,2015 - 2016,
,,2016 - 2017,
,,2017 - 2018,
,,2018 - 2019,
,,2019 - 2020,
,,2020 - 2021,
,,2021 - 2022,
,,2022 - 2023,
,Chamarajanagar,2000 - 2001,0.91
,,2001 - 2002,0.73
,,2002 - 2003,0.7
,,2003 - 2004,0.62
,,2004 - 2005,0.65
,,2005 - 2006,
,,2006 - 2007,0.82
,,2007 - 2008,
,,2008 - 2009,
,,2009 - 2010,
,,2010 - 2011,
,,2011 - 2012,
,,2012 - 2013,
,,2013 - 2014,
,,2014 - 2015,
,,2015 - 2016,
,,2016 - 2017,
,,2017 - 2018,
,,2020 - 2021,
,,2021 - 2022,
,,2022 - 2023,
,Chikballapur,2007 - 2008,
,,2008 - 2009,
,,2009 - 2010,
,,2010 - 2011,
,,2011 - 2012,
,,2012 - 2013,
,,2013 - 2014,
,,2014 - 2015,
,,2015 - 2016,
,,2016 - 2017,
,,2017 - 2018,
,,2019 - 2020,
,,2020 - 2021,
,,2021 - 2022,
,,2022 - 2023,
,Chikmagalur,2000 - 2001,0.79
,,2001 - 2002,0.86
,,2002 - 2003,1.31
,,2003 - 2004,1.28
,,2004 - 2005,0.93
,,2005 - 2006,
,,2006 - 2007,0.61
,,2007 - 2008,
,,2008 - 2009,
,,2009 - 2010,
,,2010 - 2011,
,,2011 - 2012,
,,2012 - 2013,
,,2013 - 2014,
,,2014 - 2015,
,,2015 - 2016,
,,2016 - 2017,
,,2017 - 2018,
,,2018 - 2019,
,,2019 - 2020,
,,2020 - 2021,
,,2021 - 2022,
,,2022 - 2023,
,Chitradurga,2000 - 2001,0.94
,,2001 - 2002,0.72
,,2002 - 2003,1.59
,,2003 - 2004,1.44
,,2004 - 2005,0.78
,,2005 - 2006,
,,2006 - 2007,1.73
,,2007 - 2008,
,,2008 - 2009,
,,2009 - 2010,
,,2010 - 2011,
,,2011 - 2012,
,,2012 - 2013,
,,2013 - 2014,
,,2014 - 2015,
,,2015 - 2016,
,,2016 - 2017,
,,2017 - 2018,
,,2018 - 2019,
,,2019 - 2020,
,,2020 - 2021,
,,2022 - 2023,
,Dakshin kannad,2000 - 2001,1.19
,,2001 - 2002,1.38
,,2002 - 2003,1.41
,,2003 - 2004,1.05
,,2004 - 2005,1.48
,,2005 - 2006,
,,2006 - 2007,2.42
,,2007 - 2008,
,,2008 - 2009,
,,2009 - 2010,
,,2010 - 2011,
,,2011 - 2012,
,,2012 - 2013,
,,2013 - 2014,
,,2014 - 2015,
,,2015 - 2016,
,,2016 - 2017,
,,2017 - 2018,
,,2020 - 2021,
,,2021 - 2022,
,Davangere,2000 - 2001,0.67
,,2001 - 2002,0.66
,,2002 - 2003,0.6
,,2003 - 2004,0.46
,,2004 - 2005,0.94
,,2005 - 2006,
,,2006 - 2007,0.97
,,2007 - 2008,
,,2008 - 2009,
,,2009 - 2010,
,,2010 - 2011,
,,2011 - 2012,
,,2012 - 2013,
,,2013 - 2014,
,,2014 - 2015,
,,2015 - 2016,
,,2016 - 2017,
,,2017 - 2018,
,,2018 - 2019,
,,2019 - 2020,
,,2020 - 2021,
,,2021 - 2022,
,,2022 - 2023,
,Dharwad,2000 - 2001,0.84
,,2001 - 2002,0.47
,,2002 - 2003,0.93
,,2003 - 2004,1.27
,,2004 - 2005,0.48
,,2005 - 2006,
,,2006 - 2007,0.62
,,2007 - 2008,
,,2008 - 2009,
,,2009 - 2010,
,,2010 - 2011,
,,2011 - 2012,
,,2012 - 2013,
,,2013 - 2014,
,,2014 - 2015,
,,2015 - 2016,
,,2016 - 2017,
,,2017 - 2018,
,,2018 - 2019,
,,2019 - 2020,
,,2020 - 2021,
,,2021 - 2022,
,,2022 - 2023,
,Gadag,2000 - 2001,0.73
,,2001 - 2002,0.41
,,2002 - 2003,0.38
,,2003 - 2004,1.35
,,2004 - 2005,0.75
,,2005 - 2006,
,,2006 - 2007,0.29
,,2007 - 2008,
,,2008 - 2009,
,,2009 - 2010,
,,2010 - 2011,
,,2011 - 2012,
,,2012 - 2013,
,,2013 - 2014,
,,2014 - 2015,
,,2015 - 2016,
,,2016 - 2017,
,,2017 - 2018,
,,2018 - 2019,
,,2019 - 2020,
,,2020 - 2021,
,,2021 - 2022,
,,2022 - 2023,
,Gulbarga,2000 - 2001,1.4
,,2001 - 2002,1.28
,,2002 - 2003,2.58
,,2003 - 2004,2.25
,,2004 - 2005,1.4
,,2005 - 2006,
,,2006 - 2007,1.95
,,2007 - 2008,
,,2008 - 2009,
,,2009 - 2010,
,,2010 - 2011,
,,2011 - 2012,
,,2012 - 2013,
,,2013 - 2014,
,,2014 - 2015,
,,2015 - 2016,
,,2016 - 2017,
,,2017 - 2018,
,,2018 - 2019,
,,2019 - 2020,
,,2021 - 2022,
,,2022 - 2023,
,Hassan,2000 - 2001,1.69
,,2001 - 2002,2.9
,,2002 - 2003,3.03
,,2003 - 2004,2.07
,,2004 - 2005,1.9
,,2005 - 2006,
,,2006 - 2007,3.21
,,2007 - 2008,
,,2008 - 2009,
,,2009 - 2010,
,,2010 - 2011,
,,2011 - 2012,
,,2012 - 2013,
,,2013 - 2014,
,,2014 - 2015,
,,2015 - 2016,
,,2016 - 2017,
,,2017 - 2018,
,,2020 - 2021,
,,2021 - 2022,
,,2022 - 2023,
,Haveri,2000 - 2001,0.59
,,2001 - 2002,0.47
,,2002 - 2003,0.34
,,2003 - 2004,1.28
,,2004 - 2005,0.47
,,2005 - 2006,
,,2006 - 2007,1.4
,,2007 - 2008,
,,2008 - 2009,
,,2009 - 2010,
,,2010 - 2011,
,,2011 - 2012,
,,2012 - 2013,
,,2013 - 2014,
,,2014 - 2015,
,,2015 - 2016,
,,2016 - 2017,
,,2017 - 2018,
,,2018 - 2019,
,,2019 - 2020,
,,2020 - 2021,
,,2022 - 2023,
,Kodagu,2000 - 2001,2.52
,,2001 - 2002,1.16
,,2002 - 2003,4.63
,,2003 - 2004,5.47
,,2004 - 2005,5.0
,,2005 - 2006,
,,2006 - 2007,4.15
,,2007 - 2008,
,,2008 - 2009,
,,2009 - 2010,
,,2010 - 2011,
,,2011 - 2012,
,,2012 - 2013,
,,2013 - 2014,
,,2014 - 2015,
,,2015 - 2016,
,,2016 - 2017,
,,2017 - 2018,
,Kolar,2000 - 2001,0.8
,,2001 - 2002,1.19
,,2002 - 2003,2.01
,,2003 - 2004,1.53
,,2004 - 2005,0.92
,,2005 - 2006,
,,2006 - 2007,2.14
,,2007 - 2008,
,,2008 - 2009,
,,2009 - 2010,
,,2010 - 2011,
,,2011 - 2012,
,,2012 - 2013,
,,2013 - 2014,
,,2014 - 2015,
,,2015 - 2016,
,,2016 - 2017,
,,2017 - 2018,
,,2019 - 2020,
,,2021 - 2022,
,Koppal,2000 - 2001,1.18
,,2001 - 2002,0.5
,,2002 - 2003,0.49
,,2003 - 2004,1.64
,,2004 - 2005,0.98
,,2005 - 2006,
,,2006 - 2007,1.98
,,2007 - 2008,
,,2008 - 2009,
,,2009 - 2010,
,,2010 - 2011,
,,2011 - 2012,
,,2012 - 2013,
,,2013 - 2014,
,,2014 - 2015,
,,2015 - 2016,
,,2016 - 2017,
,,2017 - 2018,
,,2018 - 2019,
,,2019 - 2020,
,,2020 - 2021,
,,2022 - 2023,
,Mandya,2000 - 2001,0.96
,,2001 - 2002,2.28
,,2002 - 2003,1.17
,,2003 - 2004,1.42
,,2004 - 2005,0.7
,,2005 - 2006,
,,2006 - 2007,1.06
,,2007 - 2008,
,,2008 - 2009,
,,2009 - 2010,
,,2010 - 2011,
,,2011 - 2012,
,,2012 - 2013,
,,2013 - 2014,
,,2014 - 2015,
,,2015 - 2016,
,,2016 - 2017,
,,2017 - 2018,
,,2021 - 2022,
,Mysore,2000 - 2001,0.97
,,2001 - 2002,0.94
,,2002 - 2003,1.1
,,2003 - 2004,2.4
,,2004 - 2005,1.91
,,2005 - 2006,
,,2006 - 2007,2.33
,,2007 - 2008,
,,2008 - 2009,
,,2009 - 2010,
,,2010 - 2011,
,,2011 - 2012,
,,2012 - 2013,
,,2013 - 2014,
,,2014 - 2015,
,,2015 - 2016,
,,2016 - 2017,
,,2017 - 2018,
,,2020 - 2021,
,,2021 - 2022,
,Raichur,2000 - 2001,0.7
,,2001 - 2002,0.8
,,2002 - 2003,0.97
,,2003 - 2004,0.81
,,2004 - 2005,0.51
,,2005 - 2006,
,,2006 - 2007,0.99
,,2007 - 2008,
,,2008 - 2009,
,,2009 - 2010,
,,2010 - 2011,
,,2011 - 2012,
,,2012 - 2013,
,,2013 - 2014,
,,2014 - 2015,
,,2015 - 2016,
,,2016 - 2017,
,,2017 - 2018,
,,2018 - 2019,
,,2019 - 2020,
,,2020 - 2021,
,,2022 - 2023,
,Ramanagara,2007 - 2008,
,,2008 - 2009,
,,2009 - 2010,
,,2010 - 2011,
,,2011 - 2012,
,,2012 - 2013,
,,2013 - 2014,
,,2014 - 2015,
,,2015 - 2016,
,,2016 - 2017,
,,2017 - 2018,
,,2019 - 2020,
,,2021 - 2022,
,Shimoga,2000 - 2001,0.61
,,2001 - 2002,0.46
,,2002 - 2003,0.95
,,2003 - 2004,1.46
,,2004 - 2005,0.96
,,2005 - 2006,
,,2006 - 2007,1.52
,,2007 - 2008,
,,2008 - 2009,
,,2009 - 2010,
,,2010 - 2011,
,,2011 - 2012,
,,2012 - 2013,
,,2013 - 2014,
,,2014 - 2015,
,,2015 - 2016,
,,2016 - 2017,
,,2017 - 2018,
,,2018 - 2019,
,,2020 - 2021,
,,2021 - 2022,
,Tumkur,2000 - 2001,1.44
,,2001 - 2002,1.51
,,2002 - 2003,0.57
,,2003 - 2004,0.33
,,2004 - 2005,0.61
,,2005 - 2006,
,,2006 - 2007,1.09
,,2007 - 2008,
,,2008 - 2009,
,,2009 - 2010,
,,2010 - 2011,
,,2011 - 2012,
,,2012 - 2013,
,,2013 - 2014,
,,2014 - 2015,
,,2015 - 2016,
,,2016 - 2017,
,,2017 - 2018,
,,2018 - 2019,
,,2019 - 2020,
,,2020 - 2021,
,,2021 - 2022,
,,2022 - 2023,
,Udupi,2000 - 2001,1.07
,,2001 - 2002,0.94
,,2002 - 2003,1.35
,,2003 - 2004,1.67
,,2004 - 2005,1.09
,,2005 - 2006,
,,2006 - 2007,2.62
,,2007 - 2008,
,,2008 - 2009,
,,2009 - 2010,
,,2010 - 2011,
,,2011 - 2012,
,,2012 - 2013,
,,2013 - 2014,
,,2014 - 2015,
,,2015 - 2016,
,,2016 - 2017,
,,2017 - 2018,
,,2022 - 2023,
,Uttar kannad,2000 - 2001,0.71
,,2001 - 2002,0.78
,,2002 - 2003,1.0
,,2003 - 2004,1.71
,,2004 - 2005,0.73
,,2005 - 2006,
,,2006 - 2007,1.59
,,2007 - 2008,
,,2008 - 2009,
,,2009 - 2010,
,,2010 - 2011,
,,2011 - 2012,
,,2012 - 2013,
,,2013 - 2014,
,,2014 - 2015,
,,2017 - 2018,
,,2021 - 2022,
,Vijayanagar,2022 - 2023,
,Yadgir,2010 - 2011,
,,2011 - 2012,
,,2012 - 2013,
,,2013 - 2014,
,,2014 - 2015,
,,2015 - 2016,
,,2016 - 2017,
,,2017 - 2018,
,,2018 - 2019,
,,2019 - 2020,
Madhya Pradesh,Agar malwa,2013 - 2014,0.5
,,2015 - 2016,5.38
,,2016 - 2017,5.38
,,2017 - 2018,5.38
,,2018 - 2019,5.38
,Alirajpur,2009 - 2010,1.91
,,2010 - 2011,2.13
,,2011 - 2012,2.06
,,2012 - 2013,2.04
,,2013 - 2014,1.75
,,2015 - 2016,2.0
,,2016 - 2017,2.2
,,2017 - 2018,2.8
,,2018 - 2019,2.81
,Anuppur,2003 - 2004,0.38
,,2006 - 2007,0.46
,,2009 - 2010,0.85
,,2010 - 2011,1.08
,,2011 - 2012,0.71
,,2012 - 2013,0.95
,,2013 - 2014,0.54
,,2015 - 2016,5.0
,,2016 - 2017,7.78
,,2017 - 2018,2.5
,,2018 - 2019,2.5
,Ashoknagar,2003 - 2004,0.5
,,2006 - 2007,0.5
,,2009 - 2010,1.13
,,2010 - 2011,1.6
,,2011 - 2012,0.94
,,2012 - 2013,1.38
,,2013 - 2014,0.78
,,2015 - 2016,2.0
,,2016 - 2017,2.0
,,2017 - 2018,2.0
,,2018 - 2019,2.04
,Balaghat,2000 - 2001,0.18
,,2001 - 2002,0.23
,,2002 - 2003,0.28
,,2003 - 2004,0.27
,,2006 - 2007,0.32
,,2009 - 2010,0.63
,,2010 - 2011,0.78
,,2011 - 2012,0.43
,,2012 - 2013,0.74
,,2013 - 2014,0.45
,,2016 - 2017,3.0
,,2017 - 2018,1.83
,,2018 - 2019,1.9
,Barwani,2000 - 2001,0.25
,,2001 - 2002,0.58
,,2002 - 2003,0.63
,,2003 - 2004,0.82
,,2006 - 2007,0.68
,,2009 - 2010,1.67
,,2010 - 2011,2.56
,,2011 - 2012,1.46
,,2012 - 2013,6.38
,,2013 - 2014,5.63
,,2015 - 2016,1.0
,,2016 - 2017,1.6
,,2017 - 2018,1.6
,,2018 - 2019,1.6
,Betul,2000 - 2001,0.27
,,2001 - 2002,0.39
,,2002 - 2003,0.53
,,2003 - 2004,0.55
,,2006 - 2007,0.69
,,2009 - 2010,1.35
,,2010 - 2011,1.96
,,2011 - 2012,1.3
,,2012 - 2013,2.33
,,2013 - 2014,1.39
,,2015 - 2016,3.2
,,2016 - 2017,3.2
,,2017 - 2018,3.19
,,2018 - 2019,3.51
,Bhind,2000 - 2001,0.31
,,2001 - 2002,0.49
,,2002 - 2003,0.43
,,2003 - 2004,0.6
,,2006 - 2007,0.75
,,2009 - 2010,1.09
,,2010 - 2011,1.79
,,2011 - 2012,0.97
,,2012 - 2013,1.16
,,2013 - 2014,0.67
,Bhopal,2000 - 2001,0.45
,,2001 - 2002,0.59
,,2002 - 2003,0.49
,,2003 - 2004,0.58
,,2006 - 2007,0.72
,,2009 - 2010,1.61
,,2010 - 2011,1.78
,,2011 - 2012,1.63
,,2012 - 2013,2.4
,,2013 - 2014,1.28
,,2015 - 2016,4.75
,,2016 - 2017,5.02
,,2017 - 2018,5.0
,,2018 - 2019,5.04
,Burhanpur,2003 - 2004,0.98
,,2006 - 2007,1.12
,,2009 - 2010,1.7
,,2010 - 2011,2.97
,,2011 - 2012,1.99
,,2012 - 2013,2.26
,,2013 - 2014,2.91
,,2015 - 2016,2.5
,,2016 - 2017,2.5
,,2017 - 2018,2.49
,,2018 - 2019,2.49
,Chhatarpur,2000 - 2001,0.19
,,2001 - 2002,0.27
,,2002 - 2003,0.3
,,2003 - 2004,0.31
,,2006 - 2007,0.31
,,2009 - 2010,0.57
,,2010 - 2011,0.77
,,2011 - 2012,0.38
,,2012 - 2013,0.46
,,2013 - 2014,0.23
,,2015 - 2016,5.15
,,2016 - 2017,5.15
,,2017 - 2018,5.15
,,2018 - 2019,5.07
,Chhindwara,2000 - 2001,0.22
,,2001 - 2002,0.26
,,2002 - 2003,0.36
,,2003 - 2004,0.43
,,2006 - 2007,0.47
,,2009 - 2010,0.95
,,2010 - 2011,1.31
,,2011 - 2012,0.99
,,2012 - 2013,1.23
,,2013 - 2014,0.79
,,2015 - 2016,14.99
,,2016 - 2017,10.0
,,2017 - 2018,10.0
,,2018 - 2019,8.23
,Damoh,2000 - 2001,0.32
,,2001 - 2002,0.51
,,2002 - 2003,0.37
,,2003 - 2004,0.63
,,2006 - 2007,0.62
,,2009 - 2010,1.77
,,2010 - 2011,2.56
,,2011 - 2012,1.65
,,2012 - 2013,2.09
,,2013 - 2014,1.09
,,2015 - 2016,5.0
,,2016 - 2017,5.0
,,2017 - 2018,2.5
,,2018 - 2019,2.5
,Datia,2000 - 2001,0.29
,,2001 - 2002,0.42
,,2002 - 2003,0.37
,,2003 - 2004,0.42
,,2006 - 2007,0.44
,,2009 - 2010,1.16
,,2010 - 2011,1.52
,,2011 - 2012,0.75
,,2012 - 2013,1.2
,,2013 - 2014,0.68
,,2015 - 2016,1.0
,,2016 - 2017,1.0
,,2017 - 2018,1.0
,,2018 - 2019,1.0
,Dewas,2000 - 2001,0.27
,,2001 - 2002,0.33
,,2002 - 2003,0.61
,,2003 - 2004,0.61
,,2006 - 2007,0.55
,,2009 - 2010,0.86
,,2013 - 2014,1.0
,Dhar,2000 - 2001,0.35
,,2001 - 2002,0.59
,,2002 - 2003,0.89
,,2003 - 2004,0.93
,,2006 - 2007,1.04
,,2009 - 2010,1.98
,,2010 - 2011,3.34
,,2011 - 2012,1.76
,,2012 - 2013,2.35
,,2013 - 2014,1.75
,,2015 - 2016,3.0
,,2016 - 2017,1.34
,,2017 - 2018,1.34
,,2018 - 2019,1.35
,Dindori,2000 - 2001,0.33
,,2001 - 2002,0.5
,,2002 - 2003,0.4
,,2003 - 2004,0.4
,,2006 - 2007,0.71
,,2009 - 2010,2.0
,,2010 - 2011,2.0
,,2011 - 2012,1.11
,,2012 - 2013,1.92
,,2013 - 2014,1.0
,Guna,2000 - 2001,0.26
,,2001 - 2002,0.3
,,2002 - 2003,0.0
,,2003 - 2004,0.4
,,2006 - 2007,0.53
,,2009 - 2010,0.91
,,2010 - 2011,1.3
,,2011 - 2012,0.87
,,2012 - 2013,1.12
,,2013 - 2014,0.61
,Gwalior,2000 - 2001,0.59
,,2001 - 2002,0.78
,,2002 - 2003,0.87
,,2003 - 2004,0.92
,,2006 - 2007,0.91
,,2009 - 2010,2.02
,,2010 - 2011,2.7
,,2011 - 2012,1.57
,,2012 - 2013,1.88
,,2013 - 2014,1.0
,,2015 - 2016,7.0
,,2016 - 2017,7.0
,,2017 - 2018,7.0
,,2018 - 2019,7.0
,Harda,2000 - 2001,0.45
,,2001 - 2002,0.58
,,2002 - 2003,0.73
,,2003 - 2004,0.66
,,2006 - 2007,0.87
,,2009 - 2010,2.1
,,2010 - 2011,3.3
,,2011 - 2012,1.89
,,2012 - 2013,2.53
,,2013 - 2014,1.4
,Hoshangabad,2000 - 2001,0.55
,,2001 - 2002,0.71
,,2002 - 2003,0.82
,,2003 - 2004,0.8
,,2006 - 2007,1.08
,,2009 - 2010,2.06
,,2010 - 2011,3.19
,,2011 - 2012,2.12
,,2012 - 2013,2.75
,,2013 - 2014,1.45
,,2015 - 2016,9.0
,,2016 - 2017,3.0
,,2017 - 2018,3.0
,,2018 - 2019,3.1
,Indore,2000 - 2001,0.29
,,2001 - 2002,0.48
,,2002 - 2003,0.73
,,2003 - 2004,0.59
,,2006 - 2007,0.87
,,2009 - 2010,1.23
,,2010 - 2011,2.53
,,2011 - 2012,1.16
,,2012 - 2013,1.5
,,2013 - 2014,0.82
,Jabalpur,2000 - 2001,0.47
,,2001 - 2002,0.89
,,2002 - 2003,1.02
,,2003 - 2004,1.2
,,2006 - 2007,1.45
,,2009 - 2010,2.03
,,2010 - 2011,1.92
,,2011 - 2012,2.28
,,2012 - 2013,2.54
,,2013 - 2014,1.34
,,2015 - 2016,6.11
,,2016 - 2017,6.11
,,2017 - 2018,6.11
,,2018 - 2019,6.11
,Jhabua,2000 - 2001,0.23
,,2001 - 2002,0.48
,,2002 - 2003,0.52
,,2003 - 2004,0.68
,,2006 - 2007,0.84
,,2009 - 2010,1.91
,,2010 - 2011,2.13
,,2011 - 2012,1.63
,,2012 - 2013,1.95
,,2013 - 2014,1.35
,,2015 - 2016,3.0
,,2016 - 2017,3.0
,,2017 - 2018,3.0
,,2018 - 2019,3.0
,Katni,2000 - 2001,0.39
,,2001 - 2002,0.57
,,2002 - 2003,0.62
,,2003 - 2004,0.65
,,2006 - 2007,0.51
,,2009 - 2010,1.12
,,2010 - 2011,1.48
,,2011 - 2012,1.07
,,2012 - 2013,1.24
,,2013 - 2014,1.04
,,2015 - 2016,3.5
,,2016 - 2017,2.76
,,2017 - 2018,3.52
,,2018 - 2019,3.52
,Khandwa,2000 - 2001,0.43
,,2001 - 2002,0.61
,,2002 - 2003,0.85
,,2003 - 2004,0.77
,,2006 - 2007,1.13
,,2009 - 2010,1.68
,,2010 - 2011,2.73
,,2011 - 2012,2.06
,,2012 - 2013,2.26
,,2013 - 2014,2.0
,,2015 - 2016,2.72
,,2016 - 2017,2.8
,,2017 - 2018,2.8
,,2018 - 2019,2.8
,Khargone,2000 - 2001,0.25
,,2001 - 2002,0.63
,,2002 - 2003,0.85
,,2003 - 2004,0.86
,,2006 - 2007,0.9
,,2009 - 2010,1.57
,,2010 - 2011,2.59
,,2011 - 2012,1.74
,,2012 - 2013,2.0
,,2013 - 2014,1.38
,,2015 - 2016,1.7
,,2016 - 2017,2.9
,,2017 - 2018,2.5
,,2018 - 2019,2.5
,Mandla,2000 - 2001,0.18
,,2001 - 2002,0.33
,,2002 - 2003,0.41
,,2003 - 2004,0.43
,,2006 - 2007,0.51
,,2009 - 2010,0.92
,,2010 - 2011,1.28
,,2011 - 2012,0.7
,,2012 - 2013,0.85
,,2013 - 2014,0.82
,,2015 - 2016,3.42
,,2016 - 2017,2.36
,,2017 - 2018,2.71
,,2018 - 2019,2.73
,Mandsaur,2000 - 2001,0.39
,,2001 - 2002,0.69
,,2002 - 2003,0.63
,,2003 - 2004,0.8
,,2006 - 2007,1.1
,,2009 - 2010,2.13
,,2010 - 2011,2.32
,,2011 - 2012,1.79
,,2012 - 2013,2.71
,,2013 - 2014,1.8
,,2015 - 2016,1.2
,,2016 - 2017,1.2
,,2017 - 2018,1.2
,,2018 - 2019,1.2
,Morena,2000 - 2001,0.48
,,2001 - 2002,0.68
,,2002 - 2003,0.59
,,2003 - 2004,0.82
,,2006 - 2007,0.76
,,2009 - 2010,1.72
,,2010 - 2011,2.44
,,2011 - 2012,1.42
,,2012 - 2013,1.67
,,2013 - 2014,0.99
,,2015 - 2016,1.12
,,2016 - 2017,1.2
,,2017 - 2018,1.22
,,2018 - 2019,1.3
,Narsinghpur,2000 - 2001,0.6
,,2001 - 2002,0.77
,,2002 - 2003,0.96
,,2003 - 2004,0.93
,,2006 - 2007,1.28
,,2009 - 2010,2.45
,,2010 - 2011,3.91
,,2011 - 2012,2.36
,,2012 - 2013,4.14
,,2013 - 2014,2.16
,,2015 - 2016,7.17
,,2016 - 2017,2.54
,,2017 - 2018,2.54
,,2018 - 2019,2.75
,Neemuch,2000 - 2001,0.54
,,2001 - 2002,0.66
,,2002 - 2003,0.57
,,2003 - 2004,0.96
,,2006 - 2007,1.32
,,2009 - 2010,1.96
,,2010 - 2011,2.7
,,2011 - 2012,1.78
,,2012 - 2013,2.88
,,2013 - 2014,0.99
,,2015 - 2016,16.39
,,2016 - 2017,15.0
,,2017 - 2018,1.1
,,2018 - 2019,1.1
,Panna,2000 - 2001,0.12
,,2001 - 2002,0.24
,,2002 - 2003,0.24
,,2003 - 2004,0.28
,,2006 - 2007,0.44
,,2009 - 2010,1.31
,,2010 - 2011,1.22
,,2011 - 2012,1.01
,,2012 - 2013,1.18
,,2013 - 2014,1.52
,,2015 - 2016,7.34
,,2016 - 2017,5.74
,,2017 - 2018,5.74
,,2018 - 2019,5.74
,Raisen,2000 - 2001,0.32
,,2001 - 2002,0.4
,,2002 - 2003,0.5
,,2003 - 2004,0.55
,,2006 - 2007,0.79
,,2009 - 2010,1.54
,,2010 - 2011,1.76
,,2011 - 2012,1.37
,,2012 - 2013,1.39
,,2013 - 2014,0.73
,,2015 - 2016,1.9
,,2016 - 2017,2.0
,,2017 - 2018,2.0
,,2018 - 2019,2.0
,Rajgarh,2000 - 2001,0.23
,,2001 - 2002,0.35
,,2002 - 2003,0.29
,,2003 - 2004,0.65
,,2006 - 2007,0.73
,,2009 - 2010,1.52
,,2010 - 2011,2.08
,,2011 - 2012,1.44
,,2012 - 2013,2.12
,,2013 - 2014,0.81
,,2015 - 2016,0.6
,,2016 - 2017,0.65
,,2017 - 2018,0.65
,,2018 - 2019,0.65
,Ratlam,2000 - 2001,0.39
,,2001 - 2002,0.81
,,2002 - 2003,0.94
,,2003 - 2004,1.13
,,2006 - 2007,1.5
,,2009 - 2010,2.55
,,2010 - 2011,2.11
,,2011 - 2012,2.83
,,2012 - 2013,3.09
,,2013 - 2014,1.83
,,2015 - 2016,1.74
,,2016 - 2017,1.74
,,2017 - 2018,1.74
,,2018 - 2019,2.0
,Rewa,2000 - 2001,0.27
,,2001 - 2002,0.46
,,2002 - 2003,0.61
,,2003 - 2004,0.59
,,2006 - 2007,0.63
,,2009 - 2010,1.11
,,2010 - 2011,1.92
,,2011 - 2012,0.92
,,2012 - 2013,1.57
,,2013 - 2014,0.64
,,2015 - 2016,8.46
,,2016 - 2017,4.75
,,2017 - 2018,4.75
,,2018 - 2019,4.25
,Sagar,2000 - 2001,0.34
,,2001 - 2002,0.44
,,2002 - 2003,0.37
,,2003 - 2004,0.59
,,2006 - 2007,0.61
,,2009 - 2010,1.28
,,2010 - 2011,2.3
,,2011 - 2012,1.15
,,2012 - 2013,1.27
,,2013 - 2014,0.97
,Satna,2000 - 2001,0.15
,,2001 - 2002,0.26
,,2002 - 2003,0.32
,,2003 - 2004,0.32
,,2006 - 2007,0.32
,,2009 - 2010,0.76
,,2010 - 2011,1.03
,,2011 - 2012,0.66
,,2012 - 2013,0.76
,,2013 - 2014,0.5
,,2015 - 2016,4.15
,,2016 - 2017,2.97
,,2017 - 2018,2.9
,,2018 - 2019,2.89
,Sehore,2000 - 2001,0.32
,,2001 - 2002,0.4
,,2002 - 2003,0.48
,,2003 - 2004,0.48
,,2006 - 2007,0.51
,,2009 - 2010,1.59
,,2010 - 2011,1.34
,,2011 - 2012,1.52
,,2012 - 2013,1.9
,,2013 - 2014,0.95
,,2015 - 2016,12.0
,,2016 - 2017,3.03
,,2017 - 2018,3.03
,,2018 - 2019,3.03
,Seoni,2000 - 2001,0.22
,,2001 - 2002,0.38
,,2002 - 2003,0.32
,,2003 - 2004,0.49
,,2006 - 2007,0.45
,,2009 - 2010,0.88
,,2010 - 2011,1.33
,,2011 - 2012,0.72
,,2012 - 2013,1.45
,,2013 - 2014,0.8
,,2015 - 2016,6.07
,,2016 - 2017,6.01
,,2017 - 2018,3.19
,,2018 - 2019,3.22
,Shahdol,2000 - 2001,0.24
,,2001 - 2002,0.32
,,2002 - 2003,0.43
,,2003 - 2004,0.49
,,2006 - 2007,0.41
,,2009 - 2010,0.74
,,2010 - 2011,1.43
,,2011 - 2012,0.61
,,2012 - 2013,0.83
,,2013 - 2014,0.48
,Shajapur,2000 - 2001,0.21
,,2001 - 2002,0.28
,,2002 - 2003,0.32
,,2003 - 2004,0.39
,,2006 - 2007,0.37
,,2009 - 2010,0.74
,,2010 - 2011,1.01
,,2011 - 2012,0.47
,,2012 - 2013,1.03
,,2013 - 2014,0.5
,,2015 - 2016,1.57
,,2016 - 2017,1.6
,,2017 - 2018,1.62
,,2018 - 2019,1.62
,Sheopur,2000 - 2001,0.49
,,2001 - 2002,0.68
,,2002 - 2003,0.57
,,2003 - 2004,0.9
,,2006 - 2007,0.87
,,2009 - 2010,1.82
,,2010 - 2011,2.67
,,2011 - 2012,1.54
,,2012 - 2013,1.55
,,2015 - 2016,6.5
,,2016 - 2017,4.72
,,2017 - 2018,4.72
,,2018 - 2019,4.72
,Shivpuri,2000 - 2001,0.46
,,2001 - 2002,0.61
,,2002 - 2003,0.43
,,2003 - 2004,0.83
,,2006 - 2007,0.68
,,2009 - 2010,1.62
,,2010 - 2011,2.26
,,2011 - 2012,1.23
,,2012 - 2013,1.55
,,2013 - 2014,0.97
,,2015 - 2016,4.0
,,2016 - 2017,0.5
,,2017 - 2018,0.5
,,2018 - 2019,0.5
,Sidhi,2000 - 2001,0.15
,,2001 - 2002,0.25
,,2002 - 2003,0.25
,,2003 - 2004,0.28
,,2006 - 2007,0.29
,,2009 - 2010,0.56
,,2010 - 2011,0.73
,,2011 - 2012,0.45
,,2012 - 2013,0.57
,,2013 - 2014,0.46
,,2015 - 2016,0.8
,,2016 - 2017,0.94
,,2017 - 2018,0.97
,,2018 - 2019,0.97
,Singrauli,2009 - 2010,0.75
,,2010 - 2011,0.89
,,2011 - 2012,0.74
,,2012 - 2013,4.0
,,2013 - 2014,2.23
,,2015 - 2016,1.6
,,2016 - 2017,1.6
,,2017 - 2018,1.8
,,2018 - 2019,2.0
,Tikamgarh,2000 - 2001,0.41
,,2001 - 2002,0.6
,,2002 - 2003,0.6
,,2003 - 2004,0.59
,,2006 - 2007,0.63
,,2009 - 2010,1.11
,,2010 - 2011,1.44
,,2011 - 2012,0.98
,,2012 - 2013,1.41
,,2013 - 2014,0.74
,,2015 - 2016,2.5
,,2016 - 2017,7.25
,,2017 - 2018,2.0
,,2018 - 2019,2.2
,Ujjain,2000 - 2001,0.29
,,2001 - 2002,0.35
,,2002 - 2003,0.42
,,2003 - 2004,0.79
,,2006 - 2007,0.93
,,2009 - 2010,1.67
,,2010 - 2011,2.47
,,2011 - 2012,1.57
,,2012 - 2013,2.47
,,2013 - 2014,1.35
,,2015 - 2016,2.25
,,2016 - 2017,3.0
,,2017 - 2018,3.15
,,2018 - 2019,3.2
,Umaria,2000 - 2001,0.27
,,2001 - 2002,0.29
,,2002 - 2003,0.48
,,2003 - 2004,0.31
,,2006 - 2007,0.43
,,2009 - 2010,0.78
,,2010 - 2011,1.13
,,2011 - 2012,0.67
,,2012 - 2013,0.8
,,2013 - 2014,0.59
,,2015 - 2016,1.0
,,2016 - 2017,7.71
,,2017 - 2018,2.49
,,2018 - 2019,2.5
,Vidisha,2000 - 2001,0.25
,,2001 - 2002,0.37
,,2002 - 2003,0.39
,,2003 - 2004,0.41
,,2006 - 2007,0.52
,,2009 - 2010,0.96
,,2010 - 2011,1.38
,,2011 - 2012,1.07
,,2012 - 2013,1.17
,,2013 - 2014,0.59
,,2015 - 2016,2.0
,,2016 - 2017,1.5
,,2017 - 2018,1.5
,,2018 - 2019,1.5
Manipur,Bishnupur,2000 - 2001,0.58
,,2001 - 2002,0.6
,,2002 - 2003,0.6
,,2003 - 2004,0.6
,,2004 - 2005,0.6
,,2005 - 2006,0.59
,,2006 - 2007,0.6
,,2007 - 2008,0.6
,,2008 - 2009,7.84
,,2009 - 2010,7.9
,,2010 - 2011,7.95
,,2011 - 2012,7.6
,,2012 - 2013,7.9
,,2013 - 2014,7.89
,,2014 - 2015,7.89
,,2015 - 2016,7.76
,,2016 - 2017,8.0
,,2017 - 2018,7.99
,,2018 - 2019,7.95
,,2019 - 2020,7.97
,Chandel,2000 - 2001,1.0
,,2001 - 2002,0.64
,,2002 - 2003,0.44
,,2003 - 2004,0.6
,,2004 - 2005,0.57
,,2005 - 2006,0.56
,,2006 - 2007,0.64
,,2007 - 2008,0.67
,,2008 - 2009,7.83
,,2009 - 2010,7.81
,,2010 - 2011,7.91
,,2011 - 2012,7.6
,,2012 - 2013,7.9
,,2013 - 2014,7.89
,,2014 - 2015,7.84
,,2015 - 2016,8.0
,,2016 - 2017,8.0
,,2017 - 2018,8.7
,,2018 - 2019,8.7
,,2019 - 2020,10.5
,Churachandpur,2000 - 2001,0.6
,,2001 - 2002,0.09
,,2002 - 2003,0.6
,,2003 - 2004,0.6
,,2004 - 2005,0.6
,,2005 - 2006,0.6
,,2006 - 2007,0.6
,,2007 - 2008,0.6
,,2008 - 2009,7.04
,,2009 - 2010,7.04
,,2010 - 2011,7.12
,,2011 - 2012,7.6
,,2012 - 2013,7.9
,,2013 - 2014,7.89
,,2014 - 2015,9.0
,,2016 - 2017,6.0
,,2017 - 2018,5.97
,,2018 - 2019,5.95
,,2019 - 2020,6.5
,Imphal east,2000 - 2001,0.61
,,2001 - 2002,0.61
,,2002 - 2003,0.6
,,2003 - 2004,0.6
,,2004 - 2005,0.61
,,2005 - 2006,0.59
,,2006 - 2007,0.6
,,2007 - 2008,0.61
,,2008 - 2009,7.5
,,2009 - 2010,7.6
,,2010 - 2011,8.02
,,2011 - 2012,7.6
,,2012 - 2013,7.9
,,2013 - 2014,7.89
,,2014 - 2015,7.98
,,2015 - 2016,8.78
,,2016 - 2017,8.85
,,2017 - 2018,9.12
,,2018 - 2019,8.84
,,2019 - 2020,6.68
,Imphal west,2000 - 2001,0.63
,,2001 - 2002,0.6
,,2002 - 2003,0.61
,,2003 - 2004,0.61
,,2004 - 2005,0.61
,,2005 - 2006,0.59
,,2006 - 2007,0.6
,,2007 - 2008,0.59
,,2008 - 2009,7.51
,,2009 - 2010,7.6
,,2010 - 2011,7.12
,,2011 - 2012,7.6
,,2012 - 2013,7.9
,,2013 - 2014,7.89
,,2014 - 2015,7.93
,,2015 - 2016,7.73
,,2016 - 2017,7.77
,,2017 - 2018,7.77
,,2018 - 2019,7.28
,,2019 - 2020,7.28
,Senapati,2000 - 2001,0.61
,,2001 - 2002,2.03
,,2002 - 2003,0.62
,,2003 - 2004,0.61
,,2004 - 2005,0.59
,,2005 - 2006,0.6
,,2006 - 2007,0.62
,,2007 - 2008,0.62
,,2008 - 2009,7.17
,,2009 - 2010,7.15
,,2010 - 2011,7.11
,,2011 - 2012,7.6
,,2012 - 2013,7.9
,,2013 - 2014,7.89
,,2014 - 2015,7.89
,,2019 - 2020,10.8
,Tamenglong,2000 - 2001,0.61
,,2001 - 2002,1.25
,,2002 - 2003,0.61
,,2003 - 2004,0.61
,,2004 - 2005,0.59
,,2005 - 2006,0.6
,,2006 - 2007,0.6
,,2007 - 2008,0.6
,,2008 - 2009,7.4
,,2009 - 2010,7.41
,,2010 - 2011,7.53
,,2011 - 2012,7.6
,,2012 - 2013,7.9
,,2013 - 2014,7.89
,,2014 - 2015,7.88
,,2018 - 2019,18.57
,,2019 - 2020,5.63
,Thoubal,2000 - 2001,0.6
,,2001 - 2002,0.6
,,2002 - 2003,0.6
,,2003 - 2004,0.6
,,2004 - 2005,0.6
,,2005 - 2006,0.6
,,2006 - 2007,0.6
,,2007 - 2008,0.6
,,2008 - 2009,7.53
,,2009 - 2010,7.6
,,2010 - 2011,7.65
,,2011 - 2012,7.6
,,2012 - 2013,7.9
,,2013 - 2014,7.89
,,2014 - 2015,7.87
,,2015 - 2016,6.66
,,2016 - 2017,6.66
,,2017 - 2018,6.76
,,2018 - 2019,6.75
,,2019 - 2020,6.78
,Ukhrul,2000 - 2001,0.6
,,2001 - 2002,0.6
,,2002 - 2003,0.61
,,2003 - 2004,0.06
,,2004 - 2005,0.61
,,2005 - 2006,0.59
,,2006 - 2007,0.59
,,2007 - 2008,0.59
,,2008 - 2009,7.52
,,2009 - 2010,7.52
,,2010 - 2011,7.54
,,2011 - 2012,7.6
,,2012 - 2013,7.9
,,2013 - 2014,7.89
,,2014 - 2015,7.87
,,2017 - 2018,8.67
,,2018 - 2019,5.2
,,2019 - 2020,10.28
Meghalaya,East garo hills,2000 - 2001,0.6
,,2001 - 2002,0.6
,,2002 - 2003,0.6
,,2003 - 2004,0.6
,,2004 - 2005,0.6
,,2005 - 2006,0.59
,,2006 - 2007,
,,2008 - 2009,0.6
,,2010 - 2011,0.59
,,2011 - 2012,0.59
,,2012 - 2013,0.62
,,2013 - 2014,0.67
,,2014 - 2015,0.72
,,2015 - 2016,0.77
,,2016 - 2017,0.78
,,2017 - 2018,0.79
,,2018 - 2019,0.79
,,2019 - 2020,0.79
,,2020 - 2021,0.79
,East jaintia hills,2000 - 2001,0.79
,,2001 - 2002,0.77
,,2002 - 2003,0.78
,,2003 - 2004,0.77
,,2004 - 2005,1.5
,,2005 - 2006,0.77
,,2006 - 2007,
,,2008 - 2009,0.8
,,2010 - 2011,0.8
,,2011 - 2012,0.8
,,2012 - 2013,0.85
,,2013 - 2014,0.89
,,2014 - 2015,0.95
,,2015 - 2016,1.05
,,2016 - 2017,1.19
,,2017 - 2018,1.19
,,2018 - 2019,1.19
,,2019 - 2020,1.19
,,2020 - 2021,1.19
,East khasi hills,2000 - 2001,0.63
,,2001 - 2002,0.66
,,2002 - 2003,0.69
,,2003 - 2004,0.66
,,2004 - 2005,0.72
,,2005 - 2006,0.72
,,2006 - 2007,
,,2008 - 2009,1.77
,,2010 - 2011,2.09
,,2011 - 2012,2.1
,,2012 - 2013,2.22
,,2013 - 2014,2.31
,,2014 - 2015,2.42
,,2015 - 2016,2.48
,,2016 - 2017,2.79
,,2017 - 2018,2.8
,,2018 - 2019,2.8
,,2019 - 2020,2.8
,,2020 - 2021,2.8
,North garo hills,2013 - 2014,0.57
,,2014 - 2015,0.59
,,2015 - 2016,0.64
,,2016 - 2017,0.75
,,2017 - 2018,0.76
,,2018 - 2019,0.76
,,2019 - 2020,0.76
,,2020 - 2021,0.76
,Ri bhoi,2000 - 2001,0.78
,,2001 - 2002,0.8
,,2002 - 2003,0.51
,,2003 - 2004,0.83
,,2004 - 2005,1.3
,,2005 - 2006,1.57
,,2006 - 2007,
,,2008 - 2009,1.56
,,2010 - 2011,1.53
,,2011 - 2012,1.55
,,2012 - 2013,1.63
,,2013 - 2014,1.69
,,2014 - 2015,1.76
,,2015 - 2016,1.9
,,2016 - 2017,2.03
,,2017 - 2018,2.03
,,2018 - 2019,2.03
,,2019 - 2020,2.03
,,2020 - 2021,1.87
,South garo hills,2000 - 2001,0.63
,,2001 - 2002,0.64
,,2002 - 2003,0.63
,,2003 - 2004,0.7
,,2004 - 2005,0.59
,,2005 - 2006,0.62
,,2006 - 2007,
,,2008 - 2009,0.61
,,2010 - 2011,0.61
,,2011 - 2012,0.62
,,2012 - 2013,0.65
,,2013 - 2014,0.67
,,2014 - 2015,0.69
,,2015 - 2016,0.73
,,2016 - 2017,0.76
,,2017 - 2018,0.76
,,2018 - 2019,0.76
,,2019 - 2020,0.76
,,2020 - 2021,0.76
,South west garo hills,2013 - 2014,0.7
,,2014 - 2015,0.74
,,2015 - 2016,0.78
,,2016 - 2017,0.82
,,2017 - 2018,0.83
,,2018 - 2019,0.83
,,2019 - 2020,0.83
,,2020 - 2021,0.83
,South west khasi hills,2013 - 2014,1.15
,,2014 - 2015,1.19
,,2015 - 2016,1.23
,,2016 - 2017,1.3
,,2017 - 2018,1.3
,,2018 - 2019,1.3
,,2019 - 2020,1.3
,,2020 - 2021,1.3
,West garo hills,2000 - 2001,0.62
,,2001 - 2002,0.62
,,2002 - 2003,0.62
,,2003 - 2004,0.62
,,2004 - 2005,0.62
,,2005 - 2006,0.62
,,2006 - 2007,
,,2008 - 2009,0.64
,,2010 - 2011,0.63
,,2011 - 2012,0.65
,,2012 - 2013,0.68
,,2013 - 2014,0.71
,,2014 - 2015,0.72
,,2015 - 2016,0.74
,,2016 - 2017,0.82
,,2017 - 2018,0.82
,,2018 - 2019,0.82
,,2019 - 2020,0.82
,,2020 - 2021,0.82
,West jaintia hills,2013 - 2014,0.9
,,2014 - 2015,0.95
,,2015 - 2016,1.02
,,2016 - 2017,1.14
,,2017 - 2018,1.14
,,2018 - 2019,1.14
,,2019 - 2020,1.14
,,2020 - 2021,1.14
,West khasi hills,2000 - 2001,0.51
,,2001 - 2002,0.5
,,2002 - 2003,0.51
,,2003 - 2004,0.52
,,2004 - 2005,0.58
,,2005 - 2006,0.71
,,2006 - 2007,
,,2008 - 2009,0.81
,,2010 - 2011,0.96
,,2011 - 2012,0.98
,,2012 - 2013,1.0
,,2013 - 2014,0.97
,,2014 - 2015,0.98
,,2015 - 2016,1.02
,,2016 - 2017,1.05
,,2017 - 2018,1.05
,,2018 - 2019,1.05
,,2019 - 2020,1.05
,,2020 - 2021,1.05
Nagaland,Dimapur,2007 - 2008,
,,2008 - 2009,
,Kiphire,2008 - 2009,
,Kohima,2007 - 2008,
,,2008 - 2009,
,Longleng,2008 - 2009,
,Mokokchung,2007 - 2008,
,,2008 - 2009,
,Mon,2007 - 2008,
,,2008 - 2009,
,Peren,2008 - 2009,
,Phek,2007 - 2008,
,,2008 - 2009,
,Tuensang,2007 - 2008,
,,2008 - 2009,
,Wokha,2007 - 2008,
,,2008 - 2009,
,Zunheboto,2007 - 2008,
,,2008 - 2009,
Odisha,Anugul,2000 - 2001,0.85
,,2001 - 2002,0.85
,,2002 - 2003,0.85
,,2003 - 2004,0.85
,,2004 - 2005,0.85
,,2019 - 2020,
,Balangir,2000 - 2001,0.78
,,2001 - 2002,0.77
,,2002 - 2003,0.77
,,2003 - 2004,0.8
,,2004 - 2005,0.8
,,2019 - 2020,
,Baleshwar,2000 - 2001,0.86
,,2001 - 2002,0.85
,,2002 - 2003,0.86
,,2003 - 2004,0.86
,,2004 - 2005,0.86
,,2019 - 2020,
,Bargarh,2000 - 2001,0.85
,,2001 - 2002,0.84
,,2002 - 2003,0.84
,,2003 - 2004,0.86
,,2004 - 2005,0.86
,,2019 - 2020,
,Bhadrak,2000 - 2001,0.8
,,2001 - 2002,0.84
,,2002 - 2003,0.81
,,2003 - 2004,0.81
,,2004 - 2005,0.81
,,2019 - 2020,
,Boudh,2000 - 2001,0.8
,,2001 - 2002,0.83
,,2002 - 2003,0.76
,,2003 - 2004,0.77
,,2004 - 2005,0.77
,,2019 - 2020,
,Cuttack,2000 - 2001,0.88
,,2001 - 2002,0.86
,,2002 - 2003,0.85
,,2003 - 2004,0.85
,,2004 - 2005,0.85
,,2019 - 2020,
,Deogarh,2000 - 2001,0.8
,,2001 - 2002,0.81
,,2002 - 2003,0.84
,,2003 - 2004,0.86
,,2004 - 2005,0.86
,,2019 - 2020,
,Dhenkanal,2000 - 2001,0.85
,,2001 - 2002,0.85
,,2002 - 2003,0.85
,,2003 - 2004,0.85
,,2004 - 2005,0.85
,,2019 - 2020,
,Gajapati,2000 - 2001,0.77
,,2001 - 2002,0.79
,,2002 - 2003,0.85
,,2003 - 2004,0.85
,,2004 - 2005,0.85
,,2019 - 2020,
,Ganjam,2000 - 2001,0.87
,,2001 - 2002,0.87
,,2002 - 2003,0.88
,,2003 - 2004,0.88
,,2004 - 2005,0.88
,,2019 - 2020,
,Jagatsinghapur,2000 - 2001,0.87
,,2001 - 2002,0.89
,,2002 - 2003,0.85
,,2003 - 2004,0.85
,,2004 - 2005,0.85
,,2019 - 2020,
,Jajapur,2000 - 2001,0.84
,,2001 - 2002,0.86
,,2002 - 2003,0.84
,,2003 - 2004,0.84
,,2004 - 2005,0.84
,,2019 - 2020,
,Jharsuguda,2000 - 2001,0.83
,,2001 - 2002,0.78
,,2002 - 2003,0.83
,,2003 - 2004,0.86
,,2004 - 2005,0.86
,,2019 - 2020,
,Kalahandi,2000 - 2001,0.88
,,2001 - 2002,0.78
,,2002 - 2003,0.78
,,2003 - 2004,0.78
,,2004 - 2005,0.78
,,2019 - 2020,
,Kandhamal,2000 - 2001,0.82
,,2001 - 2002,0.8
,,2002 - 2003,0.71
,,2003 - 2004,0.75
,,2004 - 2005,0.75
,,2019 - 2020,
,Kendrapara,2000 - 2001,0.85
,,2001 - 2002,0.85
,,2002 - 2003,0.85
,,2003 - 2004,0.85
,,2004 - 2005,0.85
,,2019 - 2020,
,Kendujhar,2000 - 2001,0.86
,,2001 - 2002,0.88
,,2002 - 2003,0.88
,,2003 - 2004,0.87
,,2004 - 2005,0.88
,,2019 - 2020,
,Khordha,2000 - 2001,0.8
,,2001 - 2002,0.85
,,2002 - 2003,0.85
,,2003 - 2004,0.85
,,2004 - 2005,0.86
,,2019 - 2020,
,Koraput,2000 - 2001,0.88
,,2001 - 2002,0.88
,,2002 - 2003,0.79
,,2003 - 2004,0.79
,,2004 - 2005,0.79
,,2019 - 2020,
,Malkangiri,2000 - 2001,0.85
,,2001 - 2002,0.85
,,2002 - 2003,0.86
,,2003 - 2004,0.86
,,2004 - 2005,0.86
,,2019 - 2020,
,Mayurbhanj,2000 - 2001,0.88
,,2001 - 2002,0.88
,,2002 - 2003,0.88
,,2003 - 2004,0.88
,,2004 - 2005,0.88
,,2019 - 2020,
,Nabarangpur,2000 - 2001,0.82
,,2001 - 2002,0.88
,,2002 - 2003,0.85
,,2003 - 2004,0.85
,,2004 - 2005,0.85
,,2019 - 2020,
,Nayagarh,2000 - 2001,0.79
,,2001 - 2002,0.86
,,2002 - 2003,0.85
,,2003 - 2004,0.84
,,2004 - 2005,0.84
,,2019 - 2020,
,Nuapada,2000 - 2001,0.85
,,2001 - 2002,0.88
,,2002 - 2003,0.79
,,2003 - 2004,0.79
,,2004 - 2005,0.53
,,2019 - 2020,
,Puri,2000 - 2001,0.83
,,2001 - 2002,0.88
,,2002 - 2003,0.87
,,2003 - 2004,0.84
,,2004 - 2005,0.85
,,2019 - 2020,
,Rayagada,2000 - 2001,0.83
,,2001 - 2002,0.79
,,2002 - 2003,0.88
,,2003 - 2004,0.88
,,2004 - 2005,0.88
,,2019 - 2020,
,Sambalpur,2000 - 2001,0.84
,,2001 - 2002,0.88
,,2002 - 2003,0.84
,,2003 - 2004,0.86
,,2004 - 2005,0.86
,,2019 - 2020,
,Sonepur,2000 - 2001,0.83
,,2001 - 2002,0.83
,,2002 - 2003,0.82
,,2003 - 2004,0.83
,,2004 - 2005,0.82
,,2019 - 2020,
,Sundargarh,2000 - 2001,0.88
,,2001 - 2002,0.88
,,2002 - 2003,0.85
,,2003 - 2004,0.85
,,2004 - 2005,0.85
,,2019 - 2020,
Puducherry,Karaikal,2000 - 2001,2.0
,,2003 - 2004,2.0
,,2004 - 2005,2.0
,,2005 - 2006,2.0
,,2006 - 2007,
,,2007 - 2008,
,Mahe,2000 - 2001,2.0
,Pondicherry,2000 - 2001,3.71
,,2002 - 2003,2.57
,,2003 - 2004,3.0
,,2004 - 2005,2.73
,,2005 - 2006,2.14
,,2006 - 2007,
,,2007 - 2008,
,,2008 - 2009,
,,2009 - 2010,
,,2010 - 2011,
,,2011 - 2012,
,,2012 - 2013,
,,2013 - 2014,
,,2014 - 2015,
,,2015 - 2016,
,,2016 - 2017,
,,2017 - 2018,
,,2018 - 2019,
,,2019 - 2020,
,,2020 - 2021,
,,2021 - 2022,
,,2022 - 2023,
,Yanam,2000 - 2001,3.0
,,2003 - 2004,2.0
,,2004 - 2005,1.5
Rajasthan,Ajmer,2000 - 2001,0.27
,,2001 - 2002,0.82
,,2002 - 2003,0.09
,,2003 - 2004,1.05
,,2004 - 2005,1.01
,,2005 - 2006,0.56
,,2006 - 2007,0.66
,,2007 - 2008,0.57
,,2008 - 2009,0.75
,,2009 - 2010,0.27
,,2010 - 2011,0.79
,,2011 - 2012,0.92
,,2012 - 2013,0.95
,,2013 - 2014,1.31
,,2014 - 2015,1.19
,,2015 - 2016,1.16
,,2016 - 2017,1.37
,,2017 - 2018,2.05
,,2018 - 2019,1.45
,,2019 - 2020,1.67
,,2020 - 2021,1.3
,,2021 - 2022,1.35
,Alwar,2000 - 2001,0.83
,,2001 - 2002,0.5
,,2002 - 2003,0.11
,,2003 - 2004,1.68
,,2004 - 2005,1.33
,,2005 - 2006,1.38
,,2006 - 2007,2.9
,,2007 - 2008,1.77
,,2008 - 2009,1.68
,,2009 - 2010,1.2
,,2010 - 2011,1.35
,,2011 - 2012,1.48
,,2012 - 2013,1.12
,,2013 - 2014,1.13
,,2014 - 2015,1.12
,,2015 - 2016,0.86
,,2016 - 2017,0.86
,,2017 - 2018,0.98
,,2018 - 2019,0.94
,,2019 - 2020,0.95
,,2020 - 2021,0.91
,,2021 - 2022,1.05
,Banswara,2000 - 2001,0.09
,,2001 - 2002,0.37
,,2002 - 2003,0.25
,,2003 - 2004,0.56
,,2004 - 2005,0.26
,,2005 - 2006,0.32
,,2006 - 2007,0.05
,,2007 - 2008,0.56
,,2008 - 2009,0.3
,,2009 - 2010,0.09
,,2010 - 2011,0.36
,,2011 - 2012,0.44
,,2012 - 2013,0.45
,,2013 - 2014,0.2
,,2014 - 2015,0.25
,,2015 - 2016,0.17
,,2016 - 2017,0.75
,,2017 - 2018,0.91
,,2018 - 2019,0.7
,,2019 - 2020,0.24
,,2020 - 2021,1.09
,,2021 - 2022,1.1
,Baran,2000 - 2001,0.85
,,2001 - 2002,0.71
,,2002 - 2003,0.55
,,2003 - 2004,1.27
,,2004 - 2005,2.08
,,2005 - 2006,0.88
,,2006 - 2007,0.88
,,2007 - 2008,0.66
,,2008 - 2009,1.09
,,2009 - 2010,1.18
,,2010 - 2011,0.95
,,2011 - 2012,0.9
,,2012 - 2013,1.1
,,2013 - 2014,3.62
,,2014 - 2015,0.67
,,2015 - 2016,0.47
,,2016 - 2017,2.41
,,2018 - 2019,1.59
,,2019 - 2020,0.23
,,2020 - 2021,1.1
,,2021 - 2022,0.86
,Barmer,2000 - 2001,0.15
,,2001 - 2002,0.93
,,2002 - 2003,0.95
,,2003 - 2004,0.49
,,2004 - 2005,0.83
,,2006 - 2007,0.52
,,2007 - 2008,0.44
,,2008 - 2009,0.54
,,2009 - 2010,0.68
,,2010 - 2011,0.41
,,2011 - 2012,0.31
,,2012 - 2013,0.0
,,2013 - 2014,0.0
,,2014 - 2015,0.03
,,2015 - 2016,0.24
,,2016 - 2017,0.63
,,2017 - 2018,3.75
,,2018 - 2019,0.0
,,2019 - 2020,0.0
,,2020 - 2021,0.5
,,2021 - 2022,0.5
,Bharatpur,2000 - 2001,1.81
,,2001 - 2002,3.32
,,2002 - 2003,1.07
,,2003 - 2004,2.49
,,2004 - 2005,4.75
,,2005 - 2006,4.7
,,2006 - 2007,3.5
,,2007 - 2008,3.06
,,2008 - 2009,5.49
,,2009 - 2010,4.45
,,2010 - 2011,2.28
,,2011 - 2012,2.78
,,2012 - 2013,3.99
,,2013 - 2014,2.19
,,2014 - 2015,3.28
,,2015 - 2016,3.62
,,2016 - 2017,5.32
,,2017 - 2018,5.17
,,2018 - 2019,4.73
,,2019 - 2020,2.39
,,2020 - 2021,2.91
,,2021 - 2022,1.65
,Bhilwara,2000 - 2001,0.51
,,2001 - 2002,0.97
,,2002 - 2003,0.22
,,2003 - 2004,0.68
,,2004 - 2005,0.61
,,2005 - 2006,0.28
,,2006 - 2007,0.65
,,2007 - 2008,1.3
,,2008 - 2009,0.67
,,2009 - 2010,0.6
,,2010 - 2011,1.35
,,2011 - 2012,1.99
,,2012 - 2013,2.16
,,2013 - 2014,2.12
,,2014 - 2015,1.98
,,2015 - 2016,1.53
,,2016 - 2017,2.1
,,2017 - 2018,2.21
,,2018 - 2019,1.39
,,2019 - 2020,1.37
,,2020 - 2021,1.2
,,2021 - 2022,1.96
,Bikaner,2000 - 2001,0.45
,,2001 - 2002,0.57
,,2002 - 2003,0.0
,,2003 - 2004,0.5
,,2004 - 2005,0.54
,,2005 - 2006,1.0
,,2007 - 2008,1.0
,,2008 - 2009,1.0
,,2009 - 2010,1.0
,,2010 - 2011,1.0
,,2019 - 2020,1.0
,,2021 - 2022,1.0
,Bundi,2000 - 2001,1.5
,,2001 - 2002,0.81
,,2002 - 2003,0.87
,,2003 - 2004,0.99
,,2004 - 2005,1.09
,,2005 - 2006,1.2
,,2006 - 2007,1.01
,,2007 - 2008,1.17
,,2008 - 2009,1.72
,,2009 - 2010,0.69
,,2010 - 2011,1.27
,,2011 - 2012,1.17
,,2012 - 2013,0.86
,,2013 - 2014,0.36
,,2014 - 2015,0.67
,,2015 - 2016,0.89
,,2016 - 2017,1.22
,,2017 - 2018,0.0
,,2018 - 2019,0.77
,,2019 - 2020,0.19
,,2020 - 2021,0.82
,,2021 - 2022,3.0
,Chittorgarh,2000 - 2001,1.25
,,2001 - 2002,1.38
,,2002 - 2003,0.44
,,2003 - 2004,0.73
,,2004 - 2005,0.59
,,2005 - 2006,0.55
,,2006 - 2007,0.41
,,2007 - 2008,0.45
,,2008 - 2009,0.75
,,2009 - 2010,0.64
,,2010 - 2011,0.76
,,2011 - 2012,0.66
,,2012 - 2013,0.95
,,2013 - 2014,0.89
,,2014 - 2015,1.36
,,2015 - 2016,1.13
,,2016 - 2017,0.99
,,2017 - 2018,0.96
,,2018 - 2019,1.08
,,2019 - 2020,0.67
,,2020 - 2021,1.24
,,2021 - 2022,0.97
,Churu,2000 - 2001,0.33
,,2001 - 2002,0.17
,,2002 - 2003,1.0
,,2003 - 2004,0.0
,,2004 - 2005,1.0
,,2015 - 2016,0.0
,,2019 - 2020,0.67
,Dausa,2000 - 2001,2.58
,,2001 - 2002,0.72
,,2002 - 2003,0.86
,,2003 - 2004,0.94
,,2004 - 2005,0.6
,,2005 - 2006,0.75
,,2006 - 2007,1.0
,,2007 - 2008,1.0
,,2008 - 2009,1.12
,,2009 - 2010,0.0
,,2010 - 2011,2.0
,,2011 - 2012,1.17
,,2012 - 2013,2.04
,,2013 - 2014,1.0
,,2014 - 2015,1.0
,,2015 - 2016,0.75
,,2016 - 2017,1.0
,Dholpur,2000 - 2001,5.19
,,2001 - 2002,4.93
,,2002 - 2003,1.63
,,2003 - 2004,0.72
,,2004 - 2005,1.4
,,2005 - 2006,1.6
,,2006 - 2007,1.65
,,2007 - 2008,2.0
,,2008 - 2009,2.0
,,2009 - 2010,1.44
,,2010 - 2011,1.04
,,2011 - 2012,0.8
,,2012 - 2013,1.56
,,2013 - 2014,0.8
,,2014 - 2015,0.8
,,2015 - 2016,0.75
,,2016 - 2017,3.97
,,2017 - 2018,3.89
,,2018 - 2019,3.22
,,2019 - 2020,3.28
,,2020 - 2021,3.5
,,2021 - 2022,2.9
,Dungarpur,2000 - 2001,0.09
,,2001 - 2002,0.09
,,2002 - 2003,0.14
,,2003 - 2004,0.8
,,2004 - 2005,0.15
,,2005 - 2006,0.11
,,2006 - 2007,0.04
,,2007 - 2008,0.8
,,2008 - 2009,0.03
,,2009 - 2010,0.03
,,2010 - 2011,0.47
,,2011 - 2012,0.2
,,2012 - 2013,0.77
,,2013 - 2014,0.23
,,2014 - 2015,0.21
,,2015 - 2016,0.1
,,2016 - 2017,0.8
,,2017 - 2018,0.79
,,2018 - 2019,0.8
,,2019 - 2020,0.07
,,2020 - 2021,0.79
,,2021 - 2022,0.74
,Ganganagar,2000 - 2001,3.0
,,2001 - 2002,3.0
,,2002 - 2003,1.0
,,2003 - 2004,1.0
,,2004 - 2005,0.02
,,2005 - 2006,1.0
,,2006 - 2007,1.0
,,2007 - 2008,1.0
,,2008 - 2009,0.98
,,2009 - 2010,0.82
,,2010 - 2011,0.88
,,2011 - 2012,0.88
,,2012 - 2013,0.0
,,2013 - 2014,0.57
,,2014 - 2015,0.0
,,2015 - 2016,40.0
,,2016 - 2017,1.59
,,2017 - 2018,2.5
,,2018 - 2019,11.75
,,2019 - 2020,7.0
,,2020 - 2021,10.93
,,2021 - 2022,12.55
,Hanumangarh,2000 - 2001,1.0
,,2001 - 2002,1.0
,,2002 - 2003,0.33
,,2003 - 2004,0.45
,,2004 - 2005,0.67
,,2005 - 2006,0.48
,,2006 - 2007,1.0
,,2007 - 2008,1.18
,,2008 - 2009,0.86
,,2009 - 2010,0.62
,,2010 - 2011,0.85
,,2011 - 2012,0.72
,,2012 - 2013,1.0
,,2013 - 2014,1.27
,,2014 - 2015,0.9
,,2015 - 2016,0.53
,,2016 - 2017,0.76
,,2017 - 2018,0.89
,,2018 - 2019,0.69
,,2019 - 2020,0.0
,,2020 - 2021,0.36
,,2021 - 2022,0.45
,Jaipur,2000 - 2001,0.54
,,2001 - 2002,0.72
,,2002 - 2003,0.41
,,2003 - 2004,0.73
,,2004 - 2005,0.72
,,2005 - 2006,2.32
,,2006 - 2007,0.81
,,2007 - 2008,1.87
,,2008 - 2009,1.55
,,2009 - 2010,0.39
,,2010 - 2011,0.7
,,2011 - 2012,0.55
,,2012 - 2013,1.04
,,2013 - 2014,0.25
,,2014 - 2015,0.25
,,2015 - 2016,0.45
,,2016 - 2017,1.08
,,2017 - 2018,0.87
,,2018 - 2019,0.86
,,2019 - 2020,1.64
,,2020 - 2021,1.06
,,2021 - 2022,1.12
,Jaisalmer,2000 - 2001,0.4
,,2001 - 2002,0.97
,,2002 - 2003,0.0
,,2003 - 2004,0.75
,,2004 - 2005,0.1
,,2005 - 2006,0.79
,,2006 - 2007,1.0
,,2007 - 2008,0.81
,,2008 - 2009,0.52
,,2009 - 2010,0.53
,,2010 - 2011,0.5
,,2011 - 2012,0.5
,,2012 - 2013,0.53
,,2013 - 2014,0.5
,,2014 - 2015,0.5
,,2015 - 2016,0.5
,,2016 - 2017,0.5
,,2017 - 2018,0.56
,,2018 - 2019,0.5
,,2019 - 2020,0.43
,,2020 - 2021,1.0
,,2021 - 2022,0.8
,Jalore,2000 - 2001,1.0
,,2001 - 2002,2.2
,,2002 - 2003,8.51
,,2003 - 2004,2.3
,,2004 - 2005,1.6
,,2005 - 2006,2.8
,,2006 - 2007,4.1
,,2007 - 2008,2.9
,,2008 - 2009,3.0
,,2009 - 2010,3.0
,,2010 - 2011,2.4
,,2011 - 2012,3.0
,,2012 - 2013,2.3
,,2013 - 2014,2.0
,,2014 - 2015,2.0
,,2015 - 2016,1.7
,,2016 - 2017,1.5
,,2017 - 2018,1.66
,,2018 - 2019,2.0
,,2019 - 2020,2.0
,,2020 - 2021,1.9
,,2021 - 2022,1.6
,Jhalawar,2000 - 2001,1.11
,,2001 - 2002,1.36
,,2002 - 2003,0.24
,,2003 - 2004,0.42
,,2004 - 2005,0.41
,,2005 - 2006,0.38
,,2006 - 2007,0.35
,,2007 - 2008,0.81
,,2008 - 2009,0.4
,,2009 - 2010,0.97
,,2010 - 2011,1.0
,,2011 - 2012,0.82
,,2012 - 2013,0.79
,,2013 - 2014,0.7
,,2014 - 2015,0.8
,,2015 - 2016,0.73
,,2016 - 2017,0.7
,,2017 - 2018,0.5
,,2018 - 2019,1.08
,,2019 - 2020,0.25
,,2020 - 2021,1.44
,,2021 - 2022,1.7
,Jhunjhunu,2000 - 2001,0.92
,,2001 - 2002,1.0
,,2002 - 2003,0.47
,,2003 - 2004,0.99
,,2004 - 2005,1.0
,,2005 - 2006,4.0
,,2006 - 2007,0.2
,,2007 - 2008,1.0
,,2008 - 2009,1.0
,,2009 - 2010,0.11
,,2010 - 2011,0.63
,,2011 - 2012,1.0
,,2012 - 2013,1.0
,,2013 - 2014,1.0
,,2014 - 2015,0.5
,,2015 - 2016,0.5
,,2016 - 2017,0.5
,,2017 - 2018,0.5
,,2018 - 2019,0.51
,,2019 - 2020,0.5
,,2020 - 2021,0.5
,,2021 - 2022,0.49
,Jodhpur,2000 - 2001,0.9
,,2001 - 2002,1.0
,,2002 - 2003,0.73
,,2003 - 2004,0.8
,,2004 - 2005,0.8
,,2005 - 2006,0.58
,,2006 - 2007,0.06
,,2007 - 2008,0.6
,,2008 - 2009,0.6
,,2009 - 2010,0.32
,,2010 - 2011,0.4
,,2011 - 2012,0.5
,,2012 - 2013,0.5
,,2013 - 2014,0.49
,,2014 - 2015,0.5
,,2015 - 2016,0.49
,,2016 - 2017,0.5
,,2017 - 2018,0.5
,,2018 - 2019,0.5
,,2019 - 2020,0.5
,,2020 - 2021,0.6
,,2021 - 2022,0.6
,Karauli,2000 - 2001,0.84
,,2001 - 2002,0.51
,,2002 - 2003,0.02
,,2003 - 2004,3.23
,,2004 - 2005,0.35
,,2005 - 2006,0.38
,,2006 - 2007,0.44
,,2007 - 2008,0.31
,,2008 - 2009,3.0
,,2009 - 2010,1.0
,,2010 - 2011,2.24
,,2011 - 2012,3.55
,,2012 - 2013,3.34
,,2013 - 2014,3.32
,,2014 - 2015,3.5
,,2015 - 2016,3.04
,,2016 - 2017,3.25
,,2017 - 2018,4.0
,,2018 - 2019,2.36
,,2019 - 2020,0.33
,,2020 - 2021,1.27
,,2021 - 2022,1.85
,Kota,2000 - 2001,2.35
,,2001 - 2002,2.44
,,2002 - 2003,1.4
,,2003 - 2004,2.64
,,2004 - 2005,2.3
,,2005 - 2006,8.51
,,2006 - 2007,0.82
,,2007 - 2008,0.99
,,2008 - 2009,0.98
,,2009 - 2010,0.86
,,2010 - 2011,1.0
,,2011 - 2012,1.0
,,2012 - 2013,1.03
,,2013 - 2014,0.57
,,2014 - 2015,0.6
,,2015 - 2016,0.6
,,2016 - 2017,0.6
,,2017 - 2018,0.67
,,2018 - 2019,0.67
,,2019 - 2020,0.36
,,2020 - 2021,0.12
,,2021 - 2022,0.6
,Nagaur,2000 - 2001,0.5
,,2001 - 2002,0.55
,,2002 - 2003,0.75
,,2003 - 2004,0.84
,,2004 - 2005,1.17
,,2005 - 2006,0.53
,,2006 - 2007,0.59
,,2007 - 2008,2.5
,,2008 - 2009,2.87
,,2009 - 2010,2.05
,,2010 - 2011,1.77
,,2011 - 2012,1.48
,,2012 - 2013,0.81
,,2013 - 2014,1.3
,,2014 - 2015,1.0
,,2015 - 2016,1.11
,,2016 - 2017,4.33
,,2017 - 2018,2.81
,,2018 - 2019,3.02
,,2019 - 2020,3.02
,,2020 - 2021,3.61
,,2021 - 2022,1.94
,Pali,2000 - 2001,0.5
,,2001 - 2002,1.03
,,2002 - 2003,0.33
,,2003 - 2004,1.44
,,2004 - 2005,1.13
,,2005 - 2006,0.82
,,2006 - 2007,0.68
,,2007 - 2008,0.63
,,2008 - 2009,0.83
,,2009 - 2010,0.61
,,2010 - 2011,0.76
,,2011 - 2012,1.97
,,2012 - 2013,1.87
,,2013 - 2014,0.91
,,2014 - 2015,1.11
,,2015 - 2016,0.93
,,2016 - 2017,0.94
,,2017 - 2018,0.9
,,2018 - 2019,1.01
,,2019 - 2020,0.95
,,2020 - 2021,0.6
,,2021 - 2022,0.64
,Pratapgarh,2008 - 2009,0.47
,,2009 - 2010,0.55
,,2010 - 2011,0.54
,,2011 - 2012,0.36
,,2012 - 2013,0.37
,,2013 - 2014,0.19
,,2014 - 2015,0.37
,,2015 - 2016,0.26
,,2016 - 2017,0.37
,,2017 - 2018,0.35
,,2018 - 2019,0.31
,,2019 - 2020,0.04
,,2020 - 2021,0.47
,,2021 - 2022,0.52
,Rajsamand,2000 - 2001,0.21
,,2001 - 2002,0.54
,,2002 - 2003,0.07
,,2003 - 2004,0.59
,,2004 - 2005,0.17
,,2005 - 2006,0.35
,,2006 - 2007,0.14
,,2007 - 2008,0.64
,,2008 - 2009,0.52
,,2009 - 2010,0.03
,,2010 - 2011,0.67
,,2011 - 2012,0.52
,,2012 - 2013,0.9
,,2013 - 2014,1.77
,,2014 - 2015,1.97
,,2015 - 2016,0.95
,,2016 - 2017,2.0
,,2017 - 2018,2.0
,,2018 - 2019,2.0
,,2019 - 2020,1.0
,,2020 - 2021,1.0
,,2021 - 2022,1.0
,Sawai madhopur,2000 - 2001,2.96
,,2001 - 2002,3.0
,,2002 - 2003,1.89
,,2003 - 2004,3.0
,,2004 - 2005,3.0
,,2005 - 2006,2.94
,,2006 - 2007,2.86
,,2007 - 2008,3.0
,,2008 - 2009,3.0
,,2009 - 2010,1.74
,,2010 - 2011,1.8
,,2011 - 2012,2.96
,,2012 - 2013,2.95
,,2013 - 2014,2.96
,,2014 - 2015,2.96
,,2015 - 2016,3.0
,,2016 - 2017,3.0
,,2017 - 2018,2.96
,,2018 - 2019,3.0
,,2019 - 2020,3.0
,,2020 - 2021,2.99
,,2021 - 2022,3.0
,Sikar,2000 - 2001,0.26
,,2001 - 2002,0.33
,,2002 - 2003,0.1
,,2003 - 2004,0.31
,,2004 - 2005,0.2
,,2005 - 2006,0.2
,,2006 - 2007,0.2
,,2007 - 2008,0.25
,,2008 - 2009,0.25
,,2009 - 2010,0.18
,,2010 - 2011,0.24
,,2011 - 2012,0.24
,,2012 - 2013,2.8
,,2013 - 2014,3.41
,,2014 - 2015,1.2
,,2015 - 2016,1.19
,,2017 - 2018,1.0
,,2018 - 2019,0.14
,,2019 - 2020,0.14
,,2020 - 2021,0.43
,,2021 - 2022,1.07
,Sirohi,2000 - 2001,0.24
,,2001 - 2002,0.5
,,2002 - 2003,0.23
,,2003 - 2004,0.5
,,2004 - 2005,0.4
,,2005 - 2006,0.5
,,2006 - 2007,0.49
,,2007 - 2008,0.5
,,2008 - 2009,0.46
,,2009 - 2010,0.26
,,2010 - 2011,0.48
,,2011 - 2012,0.59
,,2012 - 2013,0.61
,,2013 - 2014,0.33
,,2014 - 2015,0.5
,,2015 - 2016,0.5
,,2016 - 2017,0.6
,,2017 - 2018,0.07
,,2018 - 2019,0.55
,,2019 - 2020,0.6
,,2020 - 2021,0.6
,,2021 - 2022,0.57
,Tonk,2000 - 2001,1.02
,,2001 - 2002,1.26
,,2002 - 2003,0.96
,,2003 - 2004,1.5
,,2004 - 2005,1.5
,,2005 - 2006,1.5
,,2006 - 2007,1.46
,,2007 - 2008,1.5
,,2008 - 2009,1.5
,,2009 - 2010,1.37
,,2010 - 2011,1.5
,,2011 - 2012,1.5
,,2012 - 2013,1.5
,,2013 - 2014,1.46
,,2014 - 2015,1.5
,,2015 - 2016,1.5
,,2016 - 2017,1.5
,,2017 - 2018,1.5
,,2018 - 2019,1.5
,,2019 - 2020,1.49
,,2020 - 2021,1.5
,,2021 - 2022,1.5
,Udaipur,2000 - 2001,0.11
,,2001 - 2002,0.48
,,2002 - 2003,0.17
,,2003 - 2004,0.6
,,2004 - 2005,0.25
,,2005 - 2006,0.58
,,2006 - 2007,0.21
,,2007 - 2008,0.52
,,2008 - 2009,0.54
,,2009 - 2010,0.22
,,2010 - 2011,0.6
,,2011 - 2012,0.59
,,2012 - 2013,0.87
,,2013 - 2014,0.64
,,2014 - 2015,0.62
,,2015 - 2016,0.27
,,2016 - 2017,0.49
,,2017 - 2018,0.3
,,2018 - 2019,0.64
,,2019 - 2020,0.6
,,2020 - 2021,0.28
,,2021 - 2022,0.49
Tamil Nadu,Ariyalur,2008 - 2009,0.0
,,2009 - 2010,0.36
,,2011 - 2012,0.69
,,2013 - 2014,0.27
,,2014 - 2015,0.79
,,2015 - 2016,0.77
,,2016 - 2017,0.49
,,2017 - 2018,0.45
,,2018 - 2019,0.44
,,2019 - 2020,1.77
,,2020 - 2021,0.46
,,2021 - 2022,0.5
,,2022 - 2023,0.48
,Chengalpattu,2020 - 2021,0.46
,,2021 - 2022,0.49
,,2022 - 2023,0.48
,Chennai,2018 - 2019,0.0
,,2020 - 2021,0.0
,,2021 - 2022,0.33
,,2022 - 2023,0.5
,Coimbatore,2000 - 2001,0.96
,,2002 - 2003,0.52
,,2003 - 2004,0.51
,,2004 - 2005,0.44
,,2005 - 2006,0.57
,,2006 - 2007,2.0
,,2007 - 2008,1.7
,,2008 - 2009,0.72
,,2009 - 2010,0.53
,,2011 - 2012,0.44
,,2013 - 2014,0.27
,,2014 - 2015,0.66
,,2015 - 2016,0.51
,,2016 - 2017,0.46
,,2017 - 2018,0.41
,,2018 - 2019,0.3
,,2019 - 2020,0.62
,,2021 - 2022,0.5
,,2022 - 2023,0.48
,Cuddalore,2000 - 2001,0.54
,,2002 - 2003,0.59
,,2003 - 2004,0.53
,,2004 - 2005,0.67
,,2005 - 2006,0.66
,,2007 - 2008,0.5
,,2008 - 2009,0.5
,,2009 - 2010,0.53
,,2011 - 2012,0.44
,,2013 - 2014,0.27
,,2014 - 2015,0.66
,,2015 - 2016,0.51
,,2016 - 2017,0.46
,,2017 - 2018,0.41
,,2018 - 2019,0.3
,,2020 - 2021,0.46
,,2021 - 2022,0.5
,,2022 - 2023,0.48
,Dharmapuri,2000 - 2001,0.87
,,2002 - 2003,0.92
,,2003 - 2004,2.87
,,2004 - 2005,0.65
,,2005 - 2006,0.65
,,2006 - 2007,0.7
,,2007 - 2008,0.51
,,2008 - 2009,0.49
,,2009 - 2010,0.53
,,2011 - 2012,0.44
,,2013 - 2014,0.27
,,2014 - 2015,0.66
,,2015 - 2016,0.42
,,2016 - 2017,0.63
,,2017 - 2018,0.43
,,2018 - 2019,0.55
,,2019 - 2020,0.59
,,2020 - 2021,0.46
,,2021 - 2022,0.43
,,2022 - 2023,0.59
,Dindigul,2000 - 2001,0.51
,,2002 - 2003,0.91
,,2003 - 2004,0.37
,,2004 - 2005,1.02
,,2005 - 2006,1.05
,,2006 - 2007,0.99
,,2007 - 2008,1.1
,,2008 - 2009,0.6
,,2009 - 2010,1.45
,,2011 - 2012,1.04
,,2013 - 2014,0.55
,,2014 - 2015,1.04
,,2015 - 2016,1.1
,,2016 - 2017,0.8
,,2017 - 2018,2.56
,,2018 - 2019,1.41
,,2019 - 2020,2.13
,,2020 - 2021,1.32
,,2021 - 2022,2.05
,,2022 - 2023,0.67
,Erode,2000 - 2001,0.54
,,2002 - 2003,0.78
,,2003 - 2004,0.78
,,2004 - 2005,0.85
,,2005 - 2006,1.41
,,2006 - 2007,0.89
,,2007 - 2008,1.21
,,2008 - 2009,1.25
,,2009 - 2010,0.54
,,2011 - 2012,0.44
,,2013 - 2014,0.27
,,2014 - 2015,0.66
,,2015 - 2016,0.51
,,2016 - 2017,0.46
,,2017 - 2018,0.41
,,2018 - 2019,0.31
,,2019 - 2020,0.61
,,2020 - 2021,0.46
,,2021 - 2022,0.5
,,2022 - 2023,0.48
,Kallakurichi,2020 - 2021,0.46
,,2022 - 2023,0.48
,Kanchipuram,2000 - 2001,0.9
,,2002 - 2003,0.59
,,2003 - 2004,0.53
,,2004 - 2005,0.67
,,2005 - 2006,0.65
,,2006 - 2007,0.7
,,2007 - 2008,0.51
,,2008 - 2009,0.51
,,2009 - 2010,0.53
,,2011 - 2012,0.43
,,2013 - 2014,0.27
,,2014 - 2015,0.66
,,2015 - 2016,0.51
,,2016 - 2017,0.46
,,2017 - 2018,0.41
,,2018 - 2019,0.67
,,2019 - 2020,0.71
,,2020 - 2021,0.46
,,2021 - 2022,0.5
,,2022 - 2023,0.48
,Kanniyakumari,2004 - 2005,0.75
,,2005 - 2006,0.6
,,2006 - 2007,0.7
,,2007 - 2008,0.5
,,2008 - 2009,0.5
,,2009 - 2010,0.5
,,2011 - 2012,0.5
,,2014 - 2015,1.0
,,2016 - 2017,0.33
,,2017 - 2018,0.0
,Karur,2000 - 2001,0.56
,,2002 - 2003,0.65
,,2003 - 2004,0.56
,,2004 - 2005,0.69
,,2005 - 2006,0.62
,,2006 - 2007,0.28
,,2007 - 2008,0.67
,,2008 - 2009,1.71
,,2009 - 2010,0.53
,,2011 - 2012,0.64
,,2013 - 2014,0.62
,,2014 - 2015,0.48
,,2015 - 2016,0.74
,,2016 - 2017,0.08
,,2017 - 2018,1.19
,,2018 - 2019,1.2
,,2019 - 2020,1.2
,,2020 - 2021,0.46
,,2021 - 2022,0.5
,,2022 - 2023,0.48
,Krishnagiri,2003 - 2004,0.0
,,2004 - 2005,0.65
,,2005 - 2006,1.49
,,2006 - 2007,1.15
,,2007 - 2008,0.51
,,2008 - 2009,0.5
,,2009 - 2010,0.53
,,2011 - 2012,0.44
,,2013 - 2014,0.27
,,2014 - 2015,1.37
,,2015 - 2016,0.9
,,2016 - 2017,0.79
,,2017 - 2018,0.84
,,2018 - 2019,0.4
,,2019 - 2020,0.99
,,2020 - 2021,0.49
,,2021 - 2022,0.52
,,2022 - 2023,0.38
,Madurai,2000 - 2001,0.69
,,2002 - 2003,0.59
,,2003 - 2004,0.53
,,2004 - 2005,0.67
,,2005 - 2006,0.65
,,2006 - 2007,0.7
,,2007 - 2008,0.51
,,2008 - 2009,0.66
,,2009 - 2010,0.53
,,2011 - 2012,0.44
,,2013 - 2014,0.27
,,2014 - 2015,0.91
,,2015 - 2016,0.78
,,2016 - 2017,0.12
,,2017 - 2018,0.82
,,2018 - 2019,1.0
,,2019 - 2020,1.29
,,2020 - 2021,2.4
,,2021 - 2022,1.0
,,2022 - 2023,1.66
,Mayiladuthurai,2020 - 2021,0.43
,,2021 - 2022,0.5
,,2022 - 2023,0.5
,Nagapattinam,2000 - 2001,0.57
,,2002 - 2003,0.58
,,2003 - 2004,0.52
,,2004 - 2005,0.67
,,2005 - 2006,0.66
,,2006 - 2007,0.72
,,2007 - 2008,0.5
,,2008 - 2009,0.5
,,2009 - 2010,0.54
,,2011 - 2012,0.44
,,2013 - 2014,0.26
,,2014 - 2015,0.68
,,2015 - 2016,0.53
,,2016 - 2017,0.46
,,2017 - 2018,0.42
,,2018 - 2019,0.29
,,2019 - 2020,0.62
,,2020 - 2021,0.44
,,2021 - 2022,0.46
,,2022 - 2023,0.48
,Namakkal,2000 - 2001,0.63
,,2002 - 2003,0.59
,,2003 - 2004,0.53
,,2004 - 2005,0.67
,,2005 - 2006,0.65
,,2006 - 2007,0.69
,,2007 - 2008,0.51
,,2008 - 2009,0.5
,,2009 - 2010,0.53
,,2011 - 2012,0.44
,,2013 - 2014,0.27
,,2014 - 2015,0.66
,,2015 - 2016,0.51
,,2016 - 2017,0.46
,,2017 - 2018,0.41
,,2018 - 2019,0.3
,,2019 - 2020,0.62
,,2020 - 2021,0.46
,,2021 - 2022,0.49
,,2022 - 2023,0.48
,Perambalur,2000 - 2001,0.39
,,2002 - 2003,0.67
,,2003 - 2004,0.38
,,2004 - 2005,0.53
,,2005 - 2006,0.65
,,2006 - 2007,1.69
,,2007 - 2008,0.69
,,2008 - 2009,1.39
,,2009 - 2010,0.77
,,2011 - 2012,0.44
,,2013 - 2014,0.27
,,2014 - 2015,1.12
,,2015 - 2016,0.5
,,2016 - 2017,1.04
,,2017 - 2018,1.81
,,2018 - 2019,0.3
,,2019 - 2020,0.61
,,2020 - 2021,0.46
,,2021 - 2022,0.5
,,2022 - 2023,0.48
,Pudukkottai,2000 - 2001,0.68
,,2002 - 2003,0.59
,,2003 - 2004,0.54
,,2004 - 2005,0.67
,,2005 - 2006,0.65
,,2006 - 2007,0.7
,,2007 - 2008,0.51
,,2008 - 2009,0.51
,,2009 - 2010,0.53
,,2011 - 2012,0.44
,,2013 - 2014,0.27
,,2014 - 2015,0.66
,,2015 - 2016,0.51
,,2016 - 2017,0.46
,,2017 - 2018,0.41
,,2018 - 2019,0.3
,,2019 - 2020,0.62
,,2020 - 2021,0.46
,,2021 - 2022,0.5
,,2022 - 2023,0.48
,Ramanathapuram,2000 - 2001,0.46
,,2002 - 2003,0.84
,,2003 - 2004,0.78
,,2004 - 2005,0.57
,,2005 - 2006,0.58
,,2006 - 2007,0.65
,,2007 - 2008,0.34
,,2008 - 2009,0.33
,,2009 - 2010,0.14
,,2011 - 2012,0.35
,,2013 - 2014,0.27
,,2014 - 2015,0.64
,,2015 - 2016,0.24
,,2016 - 2017,0.16
,,2017 - 2018,0.21
,,2018 - 2019,0.14
,,2019 - 2020,0.2
,,2020 - 2021,0.13
,,2021 - 2022,0.25
,,2022 - 2023,0.27
,Ranipet,2020 - 2021,0.33
,,2021 - 2022,2.36
,,2022 - 2023,0.3
,Salem,2000 - 2001,1.02
,,2002 - 2003,0.5
,,2003 - 2004,0.44
,,2004 - 2005,0.96
,,2005 - 2006,0.75
,,2006 - 2007,0.73
,,2007 - 2008,0.84
,,2008 - 2009,0.5
,,2009 - 2010,0.77
,,2011 - 2012,0.64
,,2013 - 2014,0.6
,,2014 - 2015,0.86
,,2015 - 2016,0.95
,,2016 - 2017,0.52
,,2017 - 2018,0.41
,,2018 - 2019,0.42
,,2019 - 2020,0.56
,,2020 - 2021,0.56
,,2021 - 2022,0.5
,,2022 - 2023,0.44
,Sivaganga,2000 - 2001,0.26
,,2002 - 2003,0.15
,,2003 - 2004,0.03
,,2004 - 2005,1.55
,,2005 - 2006,0.96
,,2006 - 2007,0.5
,,2007 - 2008,0.44
,,2008 - 2009,0.78
,,2009 - 2010,1.11
,,2011 - 2012,0.21
,,2013 - 2014,0.05
,,2014 - 2015,0.33
,,2015 - 2016,0.1
,,2016 - 2017,0.11
,,2017 - 2018,0.07
,,2018 - 2019,0.25
,,2019 - 2020,0.46
,,2020 - 2021,0.13
,,2021 - 2022,0.44
,,2022 - 2023,0.56
,Thanjavur,2000 - 2001,0.54
,,2002 - 2003,0.6
,,2003 - 2004,0.53
,,2004 - 2005,0.66
,,2005 - 2006,0.67
,,2006 - 2007,0.71
,,2007 - 2008,0.5
,,2008 - 2009,0.5
,,2009 - 2010,0.55
,,2011 - 2012,0.44
,,2013 - 2014,0.28
,,2014 - 2015,0.67
,,2015 - 2016,0.52
,,2016 - 2017,0.46
,,2017 - 2018,0.42
,,2018 - 2019,0.3
,,2019 - 2020,0.63
,,2020 - 2021,0.45
,,2021 - 2022,0.5
,,2022 - 2023,0.48
,The nilgiris,2000 - 2001,0.62
,,2002 - 2003,0.59
,,2003 - 2004,0.55
,,2004 - 2005,0.64
,,2005 - 2006,0.6
,,2006 - 2007,0.67
,,2007 - 2008,0.5
,,2008 - 2009,0.55
,,2009 - 2010,0.52
,,2011 - 2012,0.5
,,2013 - 2014,0.27
,,2014 - 2015,1.0
,,2016 - 2017,0.33
,,2017 - 2018,0.33
,,2018 - 2019,0.5
,,2019 - 2020,0.5
,,2020 - 2021,0.5
,,2021 - 2022,0.4
,Theni,2000 - 2001,0.83
,,2002 - 2003,0.6
,,2003 - 2004,0.54
,,2004 - 2005,0.67
,,2005 - 2006,0.65
,,2006 - 2007,0.69
,,2007 - 2008,0.51
,,2008 - 2009,0.5
,,2009 - 2010,0.53
,,2011 - 2012,0.44
,,2013 - 2014,0.27
,,2014 - 2015,0.66
,,2015 - 2016,0.51
,,2016 - 2017,0.46
,,2017 - 2018,0.41
,,2018 - 2019,0.75
,,2021 - 2022,0.5
,Thenkasi,2020 - 2021,0.46
,,2021 - 2022,0.5
,,2022 - 2023,0.48
,Thiruvallur,2000 - 2001,1.5
,,2002 - 2003,0.72
,,2003 - 2004,0.91
,,2004 - 2005,0.78
,,2005 - 2006,1.91
,,2006 - 2007,0.5
,,2007 - 2008,0.69
,,2008 - 2009,0.7
,,2009 - 2010,0.53
,,2011 - 2012,0.44
,,2013 - 2014,0.27
,,2014 - 2015,0.7
,,2015 - 2016,0.82
,,2016 - 2017,1.76
,,2017 - 2018,1.82
,,2018 - 2019,1.51
,,2019 - 2020,0.8
,,2020 - 2021,0.83
,,2021 - 2022,0.5
,,2022 - 2023,0.72
,Thiruvarur,2000 - 2001,0.58
,,2002 - 2003,0.58
,,2003 - 2004,0.53
,,2004 - 2005,0.68
,,2005 - 2006,0.71
,,2006 - 2007,0.71
,,2007 - 2008,0.56
,,2008 - 2009,0.64
,,2009 - 2010,0.5
,,2011 - 2012,0.47
,,2013 - 2014,0.25
,,2014 - 2015,0.71
,,2016 - 2017,0.44
,,2017 - 2018,0.44
,,2018 - 2019,0.29
,,2019 - 2020,0.63
,,2020 - 2021,0.47
,,2021 - 2022,0.48
,,2022 - 2023,0.48
,Thoothukudi,2000 - 2001,0.45
,,2002 - 2003,0.37
,,2003 - 2004,0.28
,,2004 - 2005,0.42
,,2005 - 2006,0.38
,,2006 - 2007,0.47
,,2007 - 2008,0.39
,,2008 - 2009,0.39
,,2009 - 2010,0.56
,,2011 - 2012,0.25
,,2013 - 2014,0.09
,,2014 - 2015,0.61
,,2015 - 2016,0.61
,,2016 - 2017,0.18
,,2017 - 2018,0.14
,,2018 - 2019,0.22
,,2019 - 2020,0.41
,,2020 - 2021,0.15
,,2021 - 2022,0.3
,,2022 - 2023,0.38
,Tiruchirappalli,2000 - 2001,0.57
,,2002 - 2003,1.08
,,2003 - 2004,1.33
,,2004 - 2005,0.84
,,2005 - 2006,0.63
,,2006 - 2007,0.37
,,2007 - 2008,0.61
,,2008 - 2009,0.68
,,2009 - 2010,0.8
,,2011 - 2012,0.55
,,2013 - 2014,0.57
,,2014 - 2015,0.63
,,2015 - 2016,1.4
,,2016 - 2017,3.13
,,2017 - 2018,1.11
,,2018 - 2019,0.45
,,2019 - 2020,0.85
,,2020 - 2021,0.46
,,2021 - 2022,0.52
,,2022 - 2023,0.42
,Tirunelveli,2000 - 2001,0.89
,,2002 - 2003,0.84
,,2003 - 2004,1.09
,,2004 - 2005,1.38
,,2005 - 2006,1.11
,,2006 - 2007,1.25
,,2007 - 2008,0.79
,,2008 - 2009,1.4
,,2009 - 2010,1.55
,,2011 - 2012,1.59
,,2013 - 2014,1.01
,,2014 - 2015,1.0
,,2015 - 2016,0.78
,,2016 - 2017,0.67
,,2017 - 2018,0.13
,,2018 - 2019,1.18
,,2019 - 2020,0.63
,,2020 - 2021,0.46
,,2021 - 2022,0.5
,,2022 - 2023,0.48
,Tirupathur,2020 - 2021,0.64
,,2021 - 2022,0.5
,,2022 - 2023,0.3
,Tiruppur,2008 - 2009,0.0
,,2009 - 2010,0.53
,,2011 - 2012,0.59
,,2013 - 2014,0.27
,,2014 - 2015,0.66
,,2015 - 2016,0.51
,,2016 - 2017,4.07
,,2017 - 2018,0.41
,,2018 - 2019,0.14
,,2019 - 2020,1.02
,,2020 - 2021,0.21
,,2021 - 2022,0.69
,,2022 - 2023,1.0
,Tiruvannamalai,2000 - 2001,0.8
,,2002 - 2003,0.6
,,2003 - 2004,0.66
,,2004 - 2005,1.24
,,2005 - 2006,1.07
,,2006 - 2007,1.05
,,2007 - 2008,0.51
,,2008 - 2009,0.91
,,2009 - 2010,0.53
,,2011 - 2012,0.44
,,2013 - 2014,0.27
,,2014 - 2015,1.58
,,2015 - 2016,0.86
,,2016 - 2017,1.96
,,2017 - 2018,1.82
,,2018 - 2019,0.63
,,2019 - 2020,4.69
,,2020 - 2021,3.93
,,2021 - 2022,1.53
,,2022 - 2023,1.8
,Vellore,2000 - 2001,0.92
,,2002 - 2003,0.59
,,2003 - 2004,0.53
,,2004 - 2005,0.67
,,2005 - 2006,0.65
,,2006 - 2007,0.69
,,2007 - 2008,0.51
,,2008 - 2009,0.5
,,2009 - 2010,0.53
,,2011 - 2012,0.44
,,2013 - 2014,0.81
,,2014 - 2015,0.81
,,2015 - 2016,2.09
,,2016 - 2017,2.35
,,2017 - 2018,2.04
,,2018 - 2019,0.84
,,2019 - 2020,0.9
,,2020 - 2021,1.25
,,2021 - 2022,0.5
,,2022 - 2023,0.48
,Villupuram,2000 - 2001,0.78
,,2002 - 2003,0.59
,,2003 - 2004,0.54
,,2004 - 2005,0.67
,,2005 - 2006,0.65
,,2006 - 2007,0.69
,,2007 - 2008,0.51
,,2008 - 2009,0.5
,,2009 - 2010,0.54
,,2011 - 2012,0.44
,,2013 - 2014,0.27
,,2014 - 2015,1.45
,,2015 - 2016,0.51
,,2016 - 2017,0.46
,,2017 - 2018,0.41
,,2018 - 2019,0.3
,,2019 - 2020,0.62
,,2020 - 2021,0.46
,,2021 - 2022,0.5
,,2022 - 2023,0.48
,Virudhunagar,2000 - 2001,0.64
,,2002 - 2003,0.67
,,2003 - 2004,0.53
,,2004 - 2005,0.76
,,2005 - 2006,0.84
,,2006 - 2007,0.92
,,2007 - 2008,0.57
,,2008 - 2009,0.97
,,2009 - 2010,0.88
,,2011 - 2012,1.01
,,2013 - 2014,0.95
,,2014 - 2015,0.85
,,2015 - 2016,0.97
,,2016 - 2017,0.61
,,2017 - 2018,0.79
,,2018 - 2019,0.36
,,2019 - 2020,0.46
,,2020 - 2021,0.4
,,2021 - 2022,0.57
,,2022 - 2023,0.82
Telangana,Adilabad,2000 - 2001,
,,2001 - 2002,
,,2002 - 2003,
,,2003 - 2004,
,,2004 - 2005,
,,2005 - 2006,
,,2006 - 2007,
,,2007 - 2008,
,,2008 - 2009,
,,2009 - 2010,
,,2010 - 2011,
,,2011 - 2012,
,,2012 - 2013,
,,2013 - 2014,
,,2014 - 2015,
,,2015 - 2016,
,,2016 - 2017,
,,2017 - 2018,
,,2018 - 2019,
,,2019 - 2020,
,,2020 - 2021,
,,2021 - 2022,
,,2022 - 2023,
,Bhadradri,2016 - 2017,
,,2017 - 2018,
,,2018 - 2019,
,,2019 - 2020,
,,2020 - 2021,
,,2021 - 2022,
,,2022 - 2023,
,Jagitial,2016 - 2017,
,,2017 - 2018,
,,2018 - 2019,
,,2019 - 2020,
,,2020 - 2021,
,,2021 - 2022,
,,2022 - 2023,
,Jangoan,2016 - 2017,
,,2017 - 2018,
,,2018 - 2019,
,,2019 - 2020,
,,2020 - 2021,
,,2021 - 2022,
,,2022 - 2023,
,Jayashankar,2016 - 2017,
,,2017 - 2018,
,,2018 - 2019,
,,2019 - 2020,
,,2020 - 2021,
,,2021 - 2022,
,,2022 - 2023,
,Jogulamba,2016 - 2017,
,,2017 - 2018,
,,2018 - 2019,
,,2019 - 2020,
,,2020 - 2021,
,,2021 - 2022,
,,2022 - 2023,
,Kamareddy,2016 - 2017,
,,2017 - 2018,
,,2018 - 2019,
,,2019 - 2020,
,,2020 - 2021,
,,2021 - 2022,
,,2022 - 2023,
,Karimnagar,2000 - 2001,
,,2001 - 2002,
,,2002 - 2003,
,,2003 - 2004,
,,2004 - 2005,
,,2005 - 2006,
,,2006 - 2007,
,,2007 - 2008,
,,2008 - 2009,
,,2009 - 2010,
,,2010 - 2011,
,,2011 - 2012,
,,2012 - 2013,
,,2013 - 2014,
,,2014 - 2015,
,,2015 - 2016,
,,2016 - 2017,
,,2017 - 2018,
,,2018 - 2019,
,,2019 - 2020,
,,2020 - 2021,
,,2021 - 2022,
,,2022 - 2023,
,Khammam,2000 - 2001,
,,2001 - 2002,
,,2002 - 2003,
,,2003 - 2004,
,,2004 - 2005,
,,2005 - 2006,
,,2006 - 2007,
,,2007 - 2008,
,,2008 - 2009,
,,2009 - 2010,
,,2010 - 2011,
,,2011 - 2012,
,,2012 - 2013,
,,2013 - 2014,
,,2014 - 2015,
,,2015 - 2016,
,,2016 - 2017,
,,2017 - 2018,
,,2018 - 2019,
,,2019 - 2020,
,,2020 - 2021,
,,2021 - 2022,
,,2022 - 2023,
,Komaram bheem asifabad,2016 - 2017,
,,2017 - 2018,
,,2018 - 2019,
,,2019 - 2020,
,,2020 - 2021,
,,2021 - 2022,
,,2022 - 2023,
,Mahabubabad,2016 - 2017,
,,2017 - 2018,
,,2018 - 2019,
,,2019 - 2020,
,,2020 - 2021,
,,2021 - 2022,
,,2022 - 2023,
,Mahbubnagar,2000 - 2001,
,,2001 - 2002,
,,2002 - 2003,
,,2003 - 2004,
,,2004 - 2005,
,,2005 - 2006,
,,2006 - 2007,
,,2007 - 2008,
,,2008 - 2009,
,,2009 - 2010,
,,2010 - 2011,
,,2011 - 2012,
,,2012 - 2013,
,,2013 - 2014,
,,2014 - 2015,
,,2015 - 2016,
,,2016 - 2017,
,,2017 - 2018,
,,2018 - 2019,
,,2019 - 2020,
,,2020 - 2021,
,,2021 - 2022,
,,2022 - 2023,
,Mancherial,2016 - 2017,
,,2017 - 2018,
,,2018 - 2019,
,,2019 - 2020,
,,2020 - 2021,
,,2021 - 2022,
,,2022 - 2023,
,Medak,2000 - 2001,
,,2001 - 2002,
,,2002 - 2003,
,,2003 - 2004,
,,2004 - 2005,
,,2005 - 2006,
,,2006 - 2007,
,,2007 - 2008,
,,2008 - 2009,
,,2009 - 2010,
,,2010 - 2011,
,,2011 - 2012,
,,2012 - 2013,
,,2013 - 2014,
,,2014 - 2015,
,,2015 - 2016,
,,2016 - 2017,
,,2017 - 2018,
,,2018 - 2019,
,,2019 - 2020,
,,2020 - 2021,
,,2021 - 2022,
,,2022 - 2023,
,Medchal,2016 - 2017,
,,2019 - 2020,
,,2021 - 2022,
,,2022 - 2023,
,Mulugu,2018 - 2019,
,,2019 - 2020,
,,2020 - 2021,
,,2021 - 2022,
,,2022 - 2023,
,Nagarkurnool,2016 - 2017,
,,2017 - 2018,
,,2018 - 2019,
,,2019 - 2020,
,,2020 - 2021,
,,2021 - 2022,
,,2022 - 2023,
,Nalgonda,2000 - 2001,
,,2001 - 2002,
,,2002 - 2003,
,,2003 - 2004,
,,2004 - 2005,
,,2005 - 2006,
,,2006 - 2007,
,,2007 - 2008,
,,2008 - 2009,
,,2009 - 2010,
,,2010 - 2011,
,,2011 - 2012,
,,2012 - 2013,
,,2013 - 2014,
,,2014 - 2015,
,,2015 - 2016,
,,2016 - 2017,
,,2017 - 2018,
,,2018 - 2019,
,,2019 - 2020,
,,2020 - 2021,
,,2021 - 2022,
,,2022 - 2023,
,Narayanapet,2018 - 2019,
,,2019 - 2020,
,,2020 - 2021,
,,2021 - 2022,
,,2022 - 2023,
,Nirmal,2016 - 2017,
,,2017 - 2018,
,,2018 - 2019,
,,2019 - 2020,
,,2020 - 2021,
,,2021 - 2022,
,,2022 - 2023,
,Nizamabad,2000 - 2001,
,,2001 - 2002,
,,2002 - 2003,
,,2003 - 2004,
,,2004 - 2005,
,,2005 - 2006,
,,2006 - 2007,
,,2007 - 2008,
,,2008 - 2009,
,,2009 - 2010,
,,2010 - 2011,
,,2011 - 2012,
,,2012 - 2013,
,,2013 - 2014,
,,2014 - 2015,
,,2015 - 2016,
,,2016 - 2017,
,,2017 - 2018,
,,2018 - 2019,
,,2019 - 2020,
,,2020 - 2021,
,,2021 - 2022,
,,2022 - 2023,
,Peddapalli,2016 - 2017,
,,2017 - 2018,
,,2018 - 2019,
,,2019 - 2020,
,,2020 - 2021,
,,2021 - 2022,
,,2022 - 2023,
,Rajanna,2016 - 2017,
,,2017 - 2018,
,,2018 - 2019,
,,2019 - 2020,
,,2020 - 2021,
,,2021 - 2022,
,,2022 - 2023,
,Rangareddi,2000 - 2001,
,,2001 - 2002,
,,2002 - 2003,
,,2003 - 2004,
,,2004 - 2005,
,,2005 - 2006,
,,2006 - 2007,
,,2007 - 2008,
,,2008 - 2009,
,,2009 - 2010,
,,2010 - 2011,
,,2011 - 2012,
,,2012 - 2013,
,,2013 - 2014,
,,2014 - 2015,
,,2015 - 2016,
,,2016 - 2017,
,,2017 - 2018,
,,2018 - 2019,
,,2019 - 2020,
,,2020 - 2021,
,,2021 - 2022,
,,2022 - 2023,
,Sangareddy,2016 - 2017,
,,2017 - 2018,
,,2018 - 2019,
,,2019 - 2020,
,,2020 - 2021,
,,2021 - 2022,
,,2022 - 2023,
,Siddipet,2016 - 2017,
,,2017 - 2018,
,,2018 - 2019,
,,2019 - 2020,
,,2020 - 2021,
,,2021 - 2022,
,,2022 - 2023,
,Suryapet,2016 - 2017,
,,2017 - 2018,
,,2018 - 2019,
,,2019 - 2020,
,,2020 - 2021,
,,2021 - 2022,
,,2022 - 2023,
,Vikarabad,2016 - 2017,
,,2017 - 2018,
,,2018 - 2019,
,,2019 - 2020,
,,2020 - 2021,
,,2021 - 2022,
,,2022 - 2023,
,Wanaparthy,2016 - 2017,
,,2017 - 2018,
,,2018 - 2019,
,,2019 - 2020,
,,2020 - 2021,
,,2021 - 2022,
,,2022 - 2023,
,Warangal,2000 - 2001,
,,2001 - 2002,
,,2002 - 2003,
,,2003 - 2004,
,,2004 - 2005,
,,2005 - 2006,
,,2006 - 2007,
,,2007 - 2008,
,,2008 - 2009,
,,2009 - 2010,
,,2010 - 2011,
,,2011 - 2012,
,,2012 - 2013,
,,2013 - 2014,
,,2014 - 2015,
,,2015 - 2016,
,,2016 - 2017,
,,2017 - 2018,
,,2018 - 2019,
,,2019 - 2020,
,,2020 - 2021,
,,2021 - 2022,
,,2022 - 2023,
,Warangal urban,2016 - 2017,
,,2017 - 2018,
,,2018 - 2019,
,,2019 - 2020,
,,2020 - 2021,
,,2021 - 2022,
,,2022 - 2023,
,Yadadri,2016 - 2017,
,,2017 - 2018,
,,2018 - 2019,
,,2019 - 2020,
,,2020 - 2021,
,,2021 - 2022,
,,2022 - 2023,
Uttar Pradesh,Agra,2004 - 2005,0.94
,,2005 - 2006,0.91
,,2006 - 2007,0.95
,,2007 - 2008,
,,2008 - 2009,
,,2009 - 2010,
,,2010 - 2011,
,,2011 - 2012,
,,2012 - 2013,
,,2013 - 2014,
,,2014 - 2015,
,,2015 - 2016,
,,2016 - 2017,
,,2017 - 2018,
,,2018 - 2019,
,,2019 - 2020,
,,2020 - 2021,
,,2021 - 2022,
,,2022 - 2023,
,Aligarh,2004 - 2005,0.94
,,2005 - 2006,0.91
,,2006 - 2007,0.95
,,2007 - 2008,
,,2008 - 2009,
,,2009 - 2010,
,,2010 - 2011,
,,2011 - 2012,
,,2012 - 2013,
,,2013 - 2014,
,,2014 - 2015,
,,2015 - 2016,
,,2016 - 2017,
,,2017 - 2018,
,,2018 - 2019,
,,2019 - 2020,
,,2020 - 2021,
,,2021 - 2022,
,,2022 - 2023,
,Allahabad,2004 - 2005,0.94
,,2005 - 2006,0.91
,,2006 - 2007,0.95
,,2007 - 2008,
,,2008 - 2009,
,,2009 - 2010,
,,2010 - 2011,
,,2011 - 2012,
,,2012 - 2013,
,,2013 - 2014,
,,2014 - 2015,
,,2015 - 2016,
,,2016 - 2017,
,,2017 - 2018,
,,2018 - 2019,
,,2019 - 2020,
,,2020 - 2021,
,,2021 - 2022,
,,2022 - 2023,
,Ambedkar nagar,2004 - 2005,0.92
,,2005 - 2006,0.91
,,2006 - 2007,1.0
,,2007 - 2008,
,,2008 - 2009,
,,2009 - 2010,
,,2010 - 2011,
,,2011 - 2012,
,,2012 - 2013,
,,2013 - 2014,
,,2014 - 2015,
,,2015 - 2016,
,,2016 - 2017,
,,2017 - 2018,
,,2018 - 2019,
,,2019 - 2020,
,,2020 - 2021,
,,2021 - 2022,
,,2022 - 2023,
,Amethi,2011 - 2012,
,,2012 - 2013,
,,2013 - 2014,
,,2014 - 2015,
,,2016 - 2017,
,,2017 - 2018,
,,2018 - 2019,
,,2019 - 2020,
,,2020 - 2021,
,,2021 - 2022,
,,2022 - 2023,
,Amroha,2004 - 2005,0.94
,,2005 - 2006,0.91
,,2006 - 2007,0.94
,,2007 - 2008,
,,2008 - 2009,
,,2009 - 2010,
,,2010 - 2011,
,,2011 - 2012,
,,2012 - 2013,
,,2013 - 2014,
,,2014 - 2015,
,,2015 - 2016,
,,2016 - 2017,
,,2017 - 2018,
,,2018 - 2019,
,,2019 - 2020,
,,2020 - 2021,
,,2021 - 2022,
,,2022 - 2023,
,Auraiya,2004 - 2005,0.93
,,2005 - 2006,0.92
,,2006 - 2007,0.93
,,2007 - 2008,
,,2008 - 2009,
,,2009 - 2010,
,,2010 - 2011,
,,2011 - 2012,
,,2012 - 2013,
,,2013 - 2014,
,,2014 - 2015,
,,2015 - 2016,
,,2016 - 2017,
,,2017 - 2018,
,,2018 - 2019,
,,2019 - 2020,
,,2020 - 2021,
,,2021 - 2022,
,,2022 - 2023,
,Azamgarh,2004 - 2005,0.95
,,2005 - 2006,0.92
,,2006 - 2007,0.96
,,2007 - 2008,
,,2008 - 2009,
,,2009 - 2010,
,,2010 - 2011,
,,2011 - 2012,
,,2012 - 2013,
,,2013 - 2014,
,,2014 - 2015,
,,2015 - 2016,
,,2016 - 2017,
,,2017 - 2018,
,,2018 - 2019,
,,2019 - 2020,
,,2020 - 2021,
,,2021 - 2022,
,,2022 - 2023,
,Baghpat,2004 - 2005,0.95
,,2005 - 2006,0.92
,,2006 - 2007,0.94
,,2007 - 2008,
,,2008 - 2009,
,,2009 - 2010,
,,2010 - 2011,
,,2011 - 2012,
,,2012 - 2013,
,,2013 - 2014,
,,2014 - 2015,
,,2015 - 2016,
,,2016 - 2017,
,,2017 - 2018,
,,2018 - 2019,
,,2019 - 2020,
,,2020 - 2021,
,,2021 - 2022,
,,2022 - 2023,
,Bahraich,2004 - 2005,0.94
,,2005 - 2006,0.91
,,2006 - 2007,0.95
,,2007 - 2008,
,,2008 - 2009,
,,2009 - 2010,
,,2010 - 2011,
,,2011 - 2012,
,,2012 - 2013,
,,2013 - 2014,
,,2014 - 2015,
,,2015 - 2016,
,,2016 - 2017,
,,2017 - 2018,
,,2018 - 2019,
,,2019 - 2020,
,,2020 - 2021,
,,2021 - 2022,
,,2022 - 2023,
,Ballia,2004 - 2005,0.94
,,2005 - 2006,0.91
,,2006 - 2007,0.94
,,2007 - 2008,
,,2008 - 2009,
,,2009 - 2010,
,,2010 - 2011,
,,2011 - 2012,
,,2012 - 2013,
,,2013 - 2014,
,,2014 - 2015,
,,2015 - 2016,
,,2016 - 2017,
,,2017 - 2018,
,,2018 - 2019,
,,2019 - 2020,
,,2020 - 2021,
,,2021 - 2022,
,,2022 - 2023,
,Balrampur,2004 - 2005,0.94
,,2005 - 2006,0.9
,,2006 - 2007,0.94
,,2007 - 2008,
,,2008 - 2009,
,,2009 - 2010,
,,2010 - 2011,
,,2011 - 2012,
,,2012 - 2013,
,,2014 - 2015,
,,2015 - 2016,
,,2016 - 2017,
,,2017 - 2018,
,,2018 - 2019,
,,2019 - 2020,
,,2020 - 2021,
,,2021 - 2022,
,,2022 - 2023,
,Banda,2004 - 2005,1.0
,,2005 - 2006,0.89
,,2006 - 2007,0.92
,,2007 - 2008,
,,2008 - 2009,
,,2009 - 2010,
,,2010 - 2011,
,,2011 - 2012,
,,2012 - 2013,
,,2013 - 2014,
,,2014 - 2015,
,,2015 - 2016,
,,2016 - 2017,
,,2017 - 2018,
,,2018 - 2019,
,,2019 - 2020,
,,2020 - 2021,
,,2021 - 2022,
,,2022 - 2023,
,Barabanki,2004 - 2005,0.94
,,2005 - 2006,0.91
,,2006 - 2007,0.95
,,2007 - 2008,
,,2008 - 2009,
,,2009 - 2010,
,,2010 - 2011,
,,2011 - 2012,
,,2012 - 2013,
,,2013 - 2014,
,,2014 - 2015,
,,2015 - 2016,
,,2016 - 2017,
,,2017 - 2018,
,,2018 - 2019,
,,2019 - 2020,
,,2020 - 2021,
,,2021 - 2022,
,,2022 - 2023,
,Bareilly,2004 - 2005,0.94
,,2005 - 2006,0.91
,,2006 - 2007,0.94
,,2007 - 2008,
,,2008 - 2009,
,,2009 - 2010,
,,2010 - 2011,
,,2011 - 2012,
,,2012 - 2013,
,,2013 - 2014,
,,2014 - 2015,
,,2015 - 2016,
,,2016 - 2017,
,,2017 - 2018,
,,2018 - 2019,
,,2019 - 2020,
,,2020 - 2021,
,,2021 - 2022,
,,2022 - 2023,
,Bijnor,2004 - 2005,0.94
,,2005 - 2006,0.92
,,2006 - 2007,0.95
,,2007 - 2008,
,,2008 - 2009,
,,2009 - 2010,
,,2010 - 2011,
,,2011 - 2012,
,,2012 - 2013,
,,2013 - 2014,
,,2014 - 2015,
,,2015 - 2016,
,,2016 - 2017,
,,2017 - 2018,
,,2018 - 2019,
,,2019 - 2020,
,,2020 - 2021,
,,2021 - 2022,
,,2022 - 2023,
,Budaun,2004 - 2005,0.94
,,2005 - 2006,0.92
,,2006 - 2007,0.95
,,2007 - 2008,
,,2008 - 2009,
,,2009 - 2010,
,,2010 - 2011,
,,2011 - 2012,
,,2012 - 2013,
,,2013 - 2014,
,,2014 - 2015,
,,2015 - 2016,
,,2016 - 2017,
,,2017 - 2018,
,,2018 - 2019,
,,2019 - 2020,
,,2020 - 2021,
,,2021 - 2022,
,,2022 - 2023,
,Bulandshahr,2004 - 2005,0.94
,,2005 - 2006,0.91
,,2006 - 2007,0.95
,,2007 - 2008,
,,2008 - 2009,
,,2009 - 2010,
,,2010 - 2011,
,,2011 - 2012,
,,2012 - 2013,
,,2013 - 2014,
,,2014 - 2015,
,,2015 - 2016,
,,2016 - 2017,
,,2017 - 2018,
,,2018 - 2019,
,,2019 - 2020,
,,2020 - 2021,
,,2021 - 2022,
,,2022 - 2023,
,Chandauli,2004 - 2005,1.0
,,2005 - 2006,1.0
,,2006 - 2007,0.94
,,2007 - 2008,
,,2008 - 2009,
,,2009 - 2010,
,,2010 - 2011,
,,2011 - 2012,
,,2014 - 2015,
,,2015 - 2016,
,,2016 - 2017,
,,2017 - 2018,
,,2018 - 2019,
,,2019 - 2020,
,,2020 - 2021,
,,2021 - 2022,
,,2022 - 2023,
,Chitrakoot,2004 - 2005,0.93
,,2005 - 2006,0.92
,,2006 - 2007,0.94
,,2007 - 2008,
,,2008 - 2009,
,,2009 - 2010,
,,2010 - 2011,
,,2011 - 2012,
,,2012 - 2013,
,,2013 - 2014,
,,2014 - 2015,
,,2015 - 2016,
,,2016 - 2017,
,,2017 - 2018,
,,2018 - 2019,
,,2019 - 2020,
,,2020 - 2021,
,,2021 - 2022,
,,2022 - 2023,
,Deoria,2004 - 2005,1.0
,,2005 - 2006,1.0
,,2006 - 2007,1.0
,,2007 - 2008,
,,2008 - 2009,
,,2009 - 2010,
,,2010 - 2011,
,,2011 - 2012,
,,2015 - 2016,
,,2016 - 2017,
,,2017 - 2018,
,,2018 - 2019,
,,2019 - 2020,
,,2021 - 2022,
,,2022 - 2023,
,Etah,2004 - 2005,0.94
,,2005 - 2006,0.91
,,2006 - 2007,0.95
,,2007 - 2008,
,,2008 - 2009,
,,2009 - 2010,
,,2010 - 2011,
,,2011 - 2012,
,,2012 - 2013,
,,2013 - 2014,
,,2014 - 2015,
,,2015 - 2016,
,,2016 - 2017,
,,2017 - 2018,
,,2018 - 2019,
,,2019 - 2020,
,,2020 - 2021,
,,2021 - 2022,
,,2022 - 2023,
,Etawah,2004 - 2005,0.94
,,2005 - 2006,0.91
,,2006 - 2007,0.95
,,2007 - 2008,
,,2008 - 2009,
,,2009 - 2010,
,,2010 - 2011,
,,2011 - 2012,
,,2012 - 2013,
,,2013 - 2014,
,,2014 - 2015,
,,2016 - 2017,
,,2017 - 2018,
,,2018 - 2019,
,,2019 - 2020,
,,2020 - 2021,
,,2021 - 2022,
,,2022 - 2023,
,Faizabad,2004 - 2005,0.95
,,2005 - 2006,0.91
,,2006 - 2007,0.94
,,2007 - 2008,
,,2008 - 2009,
,,2009 - 2010,
,,2010 - 2011,
,,2011 - 2012,
,,2012 - 2013,
,,2013 - 2014,
,,2014 - 2015,
,,2015 - 2016,
,,2016 - 2017,
,,2017 - 2018,
,,2018 - 2019,
,,2019 - 2020,
,,2020 - 2021,
,,2021 - 2022,
,,2022 - 2023,
,Farrukhabad,2004 - 2005,0.94
,,2005 - 2006,0.92
,,2006 - 2007,0.95
,,2007 - 2008,
,,2008 - 2009,
,,2009 - 2010,
,,2010 - 2011,
,,2011 - 2012,
,,2012 - 2013,
,,2013 - 2014,
,,2014 - 2015,
,,2015 - 2016,
,,2016 - 2017,
,,2017 - 2018,
,,2018 - 2019,
,,2019 - 2020,
,,2020 - 2021,
,,2021 - 2022,
,,2022 - 2023,
,Fatehpur,2004 - 2005,0.94
,,2005 - 2006,0.91
,,2006 - 2007,0.95
,,2007 - 2008,
,,2008 - 2009,
,,2009 - 2010,
,,2010 - 2011,
,,2011 - 2012,
,,2012 - 2013,
,,2013 - 2014,
,,2014 - 2015,
,,2015 - 2016,
,,2016 - 2017,
,,2017 - 2018,
,,2018 - 2019,
,,2019 - 2020,
,,2020 - 2021,
,,2021 - 2022,
,,2022 - 2023,
,Firozabad,2004 - 2005,0.69
,,2005 - 2006,0.91
,,2006 - 2007,0.95
,,2007 - 2008,
,,2008 - 2009,
,,2009 - 2010,
,,2010 - 2011,
,,2011 - 2012,
,,2012 - 2013,
,,2013 - 2014,
,,2014 - 2015,
,,2015 - 2016,
,,2016 - 2017,
,,2017 - 2018,
,,2018 - 2019,
,,2019 - 2020,
,,2020 - 2021,
,,2021 - 2022,
,,2022 - 2023,
,Gautam buddha nagar,2009 - 2010,
,,2011 - 2012,
,,2014 - 2015,
,,2015 - 2016,
,,2016 - 2017,
,,2018 - 2019,
,Ghaziabad,2004 - 2005,0.94
,,2005 - 2006,0.91
,,2006 - 2007,0.95
,,2007 - 2008,
,,2008 - 2009,
,,2009 - 2010,
,,2010 - 2011,
,,2011 - 2012,
,,2012 - 2013,
,,2013 - 2014,
,,2014 - 2015,
,,2015 - 2016,
,,2016 - 2017,
,,2017 - 2018,
,,2018 - 2019,
,,2019 - 2020,
,,2020 - 2021,
,,2021 - 2022,
,,2022 - 2023,
,Ghazipur,2004 - 2005,0.94
,,2005 - 2006,0.91
,,2006 - 2007,0.95
,,2007 - 2008,
,,2008 - 2009,
,,2009 - 2010,
,,2010 - 2011,
,,2011 - 2012,
,,2012 - 2013,
,,2013 - 2014,
,,2014 - 2015,
,,2015 - 2016,
,,2016 - 2017,
,,2017 - 2018,
,,2018 - 2019,
,,2019 - 2020,
,,2020 - 2021,
,,2021 - 2022,
,,2022 - 2023,
,Gonda,2004 - 2005,0.94
,,2005 - 2006,0.92
,,2006 - 2007,0.94
,,2007 - 2008,
,,2008 - 2009,
,,2009 - 2010,
,,2010 - 2011,
,,2011 - 2012,
,,2012 - 2013,
,,2013 - 2014,
,,2014 - 2015,
,,2015 - 2016,
,,2016 - 2017,
,,2017 - 2018,
,,2018 - 2019,
,,2019 - 2020,
,,2020 - 2021,
,,2021 - 2022,
,,2022 - 2023,
,Gorakhpur,2004 - 2005,0.92
,,2005 - 2006,0.75
,,2006 - 2007,0.92
,,2007 - 2008,
,,2008 - 2009,
,,2009 - 2010,
,,2010 - 2011,
,,2011 - 2012,
,,2012 - 2013,
,,2013 - 2014,
,,2014 - 2015,
,,2016 - 2017,
,,2017 - 2018,
,,2018 - 2019,
,,2019 - 2020,
,,2020 - 2021,
,,2021 - 2022,
,,2022 - 2023,
,Hamirpur,2004 - 2005,0.94
,,2005 - 2006,0.9
,,2006 - 2007,0.95
,,2007 - 2008,
,,2008 - 2009,
,,2009 - 2010,
,,2010 - 2011,
,,2011 - 2012,
,,2012 - 2013,
,,2013 - 2014,
,,2014 - 2015,
,,2015 - 2016,
,,2016 - 2017,
,,2017 - 2018,
,,2018 - 2019,
,,2019 - 2020,
,,2020 - 2021,
,,2021 - 2022,
,,2022 - 2023,
,Hapur,2014 - 2015,
,,2015 - 2016,
,,2016 - 2017,
,,2017 - 2018,
,,2018 - 2019,
,,2019 - 2020,
,,2020 - 2021,
,,2021 - 2022,
,,2022 - 2023,
,Hardoi,2004 - 2005,0.94
,,2005 - 2006,0.91
,,2006 - 2007,0.95
,,2007 - 2008,
,,2008 - 2009,
,,2009 - 2010,
,,2010 - 2011,
,,2011 - 2012,
,,2012 - 2013,
,,2013 - 2014,
,,2014 - 2015,
,,2015 - 2016,
,,2016 - 2017,
,,2017 - 2018,
,,2018 - 2019,
,,2019 - 2020,
,,2020 - 2021,
,,2021 - 2022,
,,2022 - 2023,
,Hathras,2004 - 2005,0.94
,,2005 - 2006,0.91
,,2006 - 2007,0.95
,,2007 - 2008,
,,2008 - 2009,
,,2009 - 2010,
,,2010 - 2011,
,,2011 - 2012,
,,2012 - 2013,
,,2013 - 2014,
,,2014 - 2015,
,,2015 - 2016,
,,2016 - 2017,
,,2017 - 2018,
,,2018 - 2019,
,,2019 - 2020,
,,2020 - 2021,
,,2021 - 2022,
,,2022 - 2023,
,Jalaun,2004 - 2005,0.94
,,2005 - 2006,0.91
,,2006 - 2007,0.95
,,2007 - 2008,
,,2008 - 2009,
,,2009 - 2010,
,,2010 - 2011,
,,2011 - 2012,
,,2012 - 2013,
,,2013 - 2014,
,,2014 - 2015,
,,2015 - 2016,
,,2016 - 2017,
,,2017 - 2018,
,,2018 - 2019,
,,2019 - 2020,
,,2020 - 2021,
,,2021 - 2022,
,,2022 - 2023,
,Jaunpur,2004 - 2005,1.0
,,2005 - 2006,0.8
,,2006 - 2007,1.0
,,2007 - 2008,
,,2008 - 2009,
,,2009 - 2010,
,,2010 - 2011,
,,2011 - 2012,
,,2012 - 2013,
,,2013 - 2014,
,,2014 - 2015,
,,2015 - 2016,
,,2016 - 2017,
,,2017 - 2018,
,,2018 - 2019,
,,2019 - 2020,
,,2020 - 2021,
,,2021 - 2022,
,,2022 - 2023,
,Jhansi,2004 - 2005,1.0
,,2005 - 2006,1.0
,,2007 - 2008,
,,2008 - 2009,
,,2009 - 2010,
,,2010 - 2011,
,,2011 - 2012,
,,2014 - 2015,
,,2016 - 2017,
,,2017 - 2018,
,,2018 - 2019,
,,2019 - 2020,
,,2020 - 2021,
,,2021 - 2022,
,,2022 - 2023,
,Kannauj,2004 - 2005,0.94
,,2005 - 2006,0.91
,,2006 - 2007,0.95
,,2007 - 2008,
,,2008 - 2009,
,,2009 - 2010,
,,2010 - 2011,
,,2011 - 2012,
,,2012 - 2013,
,,2013 - 2014,
,,2014 - 2015,
,,2015 - 2016,
,,2016 - 2017,
,,2017 - 2018,
,,2018 - 2019,
,,2019 - 2020,
,,2020 - 2021,
,,2021 - 2022,
,,2022 - 2023,
,Kanpur dehat,2004 - 2005,0.94
,,2005 - 2006,0.91
,,2006 - 2007,0.95
,,2007 - 2008,
,,2008 - 2009,
,,2009 - 2010,
,,2010 - 2011,
,,2011 - 2012,
,,2012 - 2013,
,,2013 - 2014,
,,2014 - 2015,
,,2015 - 2016,
,,2016 - 2017,
,,2017 - 2018,
,,2018 - 2019,
,,2019 - 2020,
,,2020 - 2021,
,,2021 - 2022,
,,2022 - 2023,
,Kanpur nagar,2004 - 2005,0.94
,,2005 - 2006,0.91
,,2006 - 2007,0.95
,,2007 - 2008,
,,2008 - 2009,
,,2009 - 2010,
,,2010 - 2011,
,,2011 - 2012,
,,2012 - 2013,
,,2013 - 2014,
,,2014 - 2015,
,,2015 - 2016,
,,2016 - 2017,
,,2017 - 2018,
,,2018 - 2019,
,,2019 - 2020,
,,2020 - 2021,
,,2021 - 2022,
,,2022 - 2023,
,Kasganj,2010 - 2011,
,,2011 - 2012,
,,2012 - 2013,
,,2013 - 2014,
,,2014 - 2015,
,,2015 - 2016,
,,2016 - 2017,
,,2017 - 2018,
,,2018 - 2019,
,,2019 - 2020,
,,2020 - 2021,
,,2021 - 2022,
,,2022 - 2023,
,Kaushambi,2004 - 2005,0.94
,,2005 - 2006,0.91
,,2006 - 2007,0.95
,,2007 - 2008,
,,2008 - 2009,
,,2009 - 2010,
,,2010 - 2011,
,,2011 - 2012,
,,2012 - 2013,
,,2013 - 2014,
,,2014 - 2015,
,,2015 - 2016,
,,2016 - 2017,
,,2017 - 2018,
,,2018 - 2019,
,,2019 - 2020,
,,2020 - 2021,
,,2021 - 2022,
,,2022 - 2023,
,Kheri,2004 - 2005,0.94
,,2005 - 2006,0.91
,,2006 - 2007,0.95
,,2007 - 2008,
,,2008 - 2009,
,,2009 - 2010,
,,2010 - 2011,
,,2011 - 2012,
,,2012 - 2013,
,,2013 - 2014,
,,2014 - 2015,
,,2015 - 2016,
,,2016 - 2017,
,,2017 - 2018,
,,2018 - 2019,
,,2019 - 2020,
,,2020 - 2021,
,,2021 - 2022,
,,2022 - 2023,
,Kushi nagar,2004 - 2005,0.92
,,2005 - 2006,1.0
,,2006 - 2007,0.93
,,2007 - 2008,
,,2008 - 2009,
,,2009 - 2010,
,,2010 - 2011,
,,2011 - 2012,
,,2012 - 2013,
,,2013 - 2014,
,,2014 - 2015,
,,2015 - 2016,
,,2016 - 2017,
,,2017 - 2018,
,,2018 - 2019,
,,2019 - 2020,
,,2020 - 2021,
,,2021 - 2022,
,,2022 - 2023,
,Lalitpur,2004 - 2005,0.89
,,2005 - 2006,0.91
,,2006 - 2007,1.0
,,2008 - 2009,
,,2009 - 2010,
,,2010 - 2011,
,,2011 - 2012,
,,2012 - 2013,
,,2013 - 2014,
,,2014 - 2015,
,,2015 - 2016,
,,2016 - 2017,
,,2017 - 2018,
,,2018 - 2019,
,,2019 - 2020,
,,2020 - 2021,
,,2021 - 2022,
,,2022 - 2023,
,Lucknow,2004 - 2005,0.94
,,2005 - 2006,0.91
,,2006 - 2007,0.95
,,2007 - 2008,
,,2008 - 2009,
,,2009 - 2010,
,,2010 - 2011,
,,2011 - 2012,
,,2012 - 2013,
,,2013 - 2014,
,,2014 - 2015,
,,2015 - 2016,
,,2016 - 2017,
,,2017 - 2018,
,,2018 - 2019,
,,2019 - 2020,
,,2020 - 2021,
,,2021 - 2022,
,,2022 - 2023,
,Maharajganj,2004 - 2005,0.92
,,2005 - 2006,0.92
,,2006 - 2007,0.96
,,2007 - 2008,
,,2008 - 2009,
,,2009 - 2010,
,,2010 - 2011,
,,2011 - 2012,
,,2012 - 2013,
,,2013 - 2014,
,,2014 - 2015,
,,2015 - 2016,
,,2016 - 2017,
,,2017 - 2018,
,,2018 - 2019,
,,2019 - 2020,
,,2020 - 2021,
,,2021 - 2022,
,,2022 - 2023,
,Mahoba,2004 - 2005,0.94
,,2005 - 2006,0.92
,,2006 - 2007,0.96
,,2007 - 2008,
,,2008 - 2009,
,,2009 - 2010,
,,2010 - 2011,
,,2011 - 2012,
,,2012 - 2013,
,,2013 - 2014,
,,2014 - 2015,
,,2016 - 2017,
,,2017 - 2018,
,,2018 - 2019,
,,2019 - 2020,
,,2020 - 2021,
,,2021 - 2022,
,,2022 - 2023,
,Mainpuri,2004 - 2005,0.93
,,2005 - 2006,0.91
,,2006 - 2007,0.95
,,2007 - 2008,
,,2008 - 2009,
,,2009 - 2010,
,,2010 - 2011,
,,2011 - 2012,
,,2012 - 2013,
,,2013 - 2014,
,,2014 - 2015,
,,2015 - 2016,
,,2016 - 2017,
,,2017 - 2018,
,,2018 - 2019,
,,2019 - 2020,
,,2020 - 2021,
,,2021 - 2022,
,,2022 - 2023,
,Mathura,2004 - 2005,0.96
,,2005 - 2006,0.89
,,2006 - 2007,0.94
,,2007 - 2008,
,,2008 - 2009,
,,2009 - 2010,
,,2010 - 2011,
,,2011 - 2012,
,,2012 - 2013,
,,2013 - 2014,
,,2014 - 2015,
,,2015 - 2016,
,,2016 - 2017,
,,2017 - 2018,
,,2018 - 2019,
,,2019 - 2020,
,,2020 - 2021,
,,2021 - 2022,
,,2022 - 2023,
,Mau,2004 - 2005,0.86
,,2005 - 2006,1.0
,,2006 - 2007,1.0
,,2007 - 2008,
,,2008 - 2009,
,,2009 - 2010,
,,2010 - 2011,
,,2011 - 2012,
,,2012 - 2013,
,,2016 - 2017,
,,2017 - 2018,
,,2019 - 2020,
,,2020 - 2021,
,,2021 - 2022,
,,2022 - 2023,
,Meerut,2004 - 2005,0.94
,,2005 - 2006,0.91
,,2006 - 2007,0.95
,,2007 - 2008,
,,2008 - 2009,
,,2009 - 2010,
,,2010 - 2011,
,,2011 - 2012,
,,2012 - 2013,
,,2013 - 2014,
,,2014 - 2015,
,,2015 - 2016,
,,2016 - 2017,
,,2017 - 2018,
,,2018 - 2019,
,,2019 - 2020,
,,2020 - 2021,
,,2021 - 2022,
,,2022 - 2023,
,Mirzapur,2004 - 2005,0.94
,,2005 - 2006,0.91
,,2006 - 2007,0.95
,,2007 - 2008,
,,2008 - 2009,
,,2009 - 2010,
,,2010 - 2011,
,,2011 - 2012,
,,2012 - 2013,
,,2013 - 2014,
,,2014 - 2015,
,,2015 - 2016,
,,2016 - 2017,
,,2017 - 2018,
,,2018 - 2019,
,,2019 - 2020,
,,2020 - 2021,
,,2021 - 2022,
,,2022 - 2023,
,Moradabad,2004 - 2005,0.94
,,2005 - 2006,0.91
,,2006 - 2007,0.95
,,2007 - 2008,
,,2008 - 2009,
,,2009 - 2010,
,,2010 - 2011,
,,2011 - 2012,
,,2012 - 2013,
,,2013 - 2014,
,,2014 - 2015,
,,2015 - 2016,
,,2016 - 2017,
,,2017 - 2018,
,,2018 - 2019,
,,2019 - 2020,
,,2020 - 2021,
,,2021 - 2022,
,,2022 - 2023,
,Muzaffarnagar,2004 - 2005,0.94
,,2005 - 2006,0.92
,,2006 - 2007,0.95
,,2007 - 2008,
,,2008 - 2009,
,,2009 - 2010,
,,2010 - 2011,
,,2011 - 2012,
,,2012 - 2013,
,,2013 - 2014,
,,2014 - 2015,
,,2015 - 2016,
,,2016 - 2017,
,,2017 - 2018,
,,2018 - 2019,
,,2019 - 2020,
,,2020 - 2021,
,,2021 - 2022,
,,2022 - 2023,
,Pilibhit,2006 - 2007,1.0
,,2008 - 2009,
,,2009 - 2010,
,,2010 - 2011,
,,2014 - 2015,
,,2015 - 2016,
,,2016 - 2017,
,,2017 - 2018,
,,2018 - 2019,
,,2022 - 2023,
,Pratapgarh,2004 - 2005,0.91
,,2005 - 2006,0.88
,,2006 - 2007,0.95
,,2007 - 2008,
,,2008 - 2009,
,,2009 - 2010,
,,2010 - 2011,
,,2011 - 2012,
,,2012 - 2013,
,,2013 - 2014,
,,2014 - 2015,
,,2015 - 2016,
,,2016 - 2017,
,,2017 - 2018,
,,2018 - 2019,
,,2020 - 2021,
,,2021 - 2022,
,,2022 - 2023,
,Rae bareli,2004 - 2005,0.94
,,2005 - 2006,0.91
,,2006 - 2007,0.95
,,2007 - 2008,
,,2008 - 2009,
,,2009 - 2010,
,,2010 - 2011,
,,2011 - 2012,
,,2012 - 2013,
,,2013 - 2014,
,,2014 - 2015,
,,2015 - 2016,
,,2016 - 2017,
,,2017 - 2018,
,,2018 - 2019,
,,2019 - 2020,
,,2020 - 2021,
,,2021 - 2022,
,,2022 - 2023,
,Rampur,2004 - 2005,0.94
,,2005 - 2006,0.91
,,2006 - 2007,0.95
,,2007 - 2008,
,,2008 - 2009,
,,2009 - 2010,
,,2010 - 2011,
,,2011 - 2012,
,,2012 - 2013,
,,2013 - 2014,
,,2014 - 2015,
,,2015 - 2016,
,,2016 - 2017,
,,2017 - 2018,
,,2018 - 2019,
,,2019 - 2020,
,,2020 - 2021,
,,2021 - 2022,
,,2022 - 2023,
,Saharanpur,2004 - 2005,0.94
,,2005 - 2006,0.91
,,2006 - 2007,0.95
,,2007 - 2008,
,,2008 - 2009,
,,2009 - 2010,
,,2010 - 2011,
,,2011 - 2012,
,,2012 - 2013,
,,2013 - 2014,
,,2014 - 2015,
,,2015 - 2016,
,,2016 - 2017,
,,2017 - 2018,
,,2018 - 2019,
,,2019 - 2020,
,,2020 - 2021,
,,2021 - 2022,
,,2022 - 2023,
,Sambhal,2012 - 2013,
,,2013 - 2014,
,,2014 - 2015,
,,2015 - 2016,
,,2016 - 2017,
,,2017 - 2018,
,,2018 - 2019,
,,2019 - 2020,
,,2020 - 2021,
,,2021 - 2022,
,,2022 - 2023,
,Sant kabeer nagar,2004 - 2005,0.93
,,2005 - 2006,0.92
,,2006 - 2007,0.95
,,2007 - 2008,
,,2008 - 2009,
,,2009 - 2010,
,,2010 - 2011,
,,2011 - 2012,
,,2012 - 2013,
,,2013 - 2014,
,,2014 - 2015,
,,2015 - 2016,
,,2016 - 2017,
,,2017 - 2018,
,,2018 - 2019,
,,2019 - 2020,
,,2020 - 2021,
,,2021 - 2022,
,,2022 - 2023,
,Sant ravidas nagar,2005 - 2006,1.0
,,2006 - 2007,1.0
,,2008 - 2009,
,,2009 - 2010,
,,2010 - 2011,
,,2012 - 2013,
,,2013 - 2014,
,,2016 - 2017,
,,2017 - 2018,
,,2018 - 2019,
,,2019 - 2020,
,,2020 - 2021,
,,2021 - 2022,
,,2022 - 2023,
,Shahjahanpur,2004 - 2005,0.94
,,2005 - 2006,0.91
,,2006 - 2007,0.96
,,2007 - 2008,
,,2008 - 2009,
,,2009 - 2010,
,,2010 - 2011,
,,2011 - 2012,
,,2012 - 2013,
,,2013 - 2014,
,,2014 - 2015,
,,2015 - 2016,
,,2016 - 2017,
,,2017 - 2018,
,,2018 - 2019,
,,2019 - 2020,
,,2020 - 2021,
,,2021 - 2022,
,,2022 - 2023,
,Shamli,2012 - 2013,
,,2013 - 2014,
,,2014 - 2015,
,,2015 - 2016,
,,2016 - 2017,
,,2017 - 2018,
,,2018 - 2019,
,,2019 - 2020,
,,2020 - 2021,
,,2021 - 2022,
,,2022 - 2023,
,Shravasti,2004 - 2005,0.93
,,2005 - 2006,1.0
,,2006 - 2007,0.88
,,2007 - 2008,
,,2008 - 2009,
,,2009 - 2010,
,,2010 - 2011,
,,2011 - 2012,
,,2013 - 2014,
,,2014 - 2015,
,,2016 - 2017,
,,2017 - 2018,
,,2018 - 2019,
,,2019 - 2020,
,,2020 - 2021,
,,2021 - 2022,
,,2022 - 2023,
,Siddharth nagar,2004 - 2005,1.0
,,2005 - 2006,0.89
,,2006 - 2007,1.0
,,2007 - 2008,
,,2008 - 2009,
,Sitapur,2004 - 2005,0.94
,,2005 - 2006,0.91
,,2006 - 2007,0.95
,,2007 - 2008,
,,2008 - 2009,
,,2009 - 2010,
,,2010 - 2011,
,,2011 - 2012,
,,2012 - 2013,
,,2013 - 2014,
,,2014 - 2015,
,,2015 - 2016,
,,2016 - 2017,
,,2017 - 2018,
,,2018 - 2019,
,,2019 - 2020,
,,2020 - 2021,
,,2021 - 2022,
,,2022 - 2023,
,Sonbhadra,2004 - 2005,0.94
,,2005 - 2006,0.89
,,2006 - 2007,0.95
,,2007 - 2008,
,,2008 - 2009,
,,2009 - 2010,
,,2010 - 2011,
,,2011 - 2012,
,,2012 - 2013,
,,2013 - 2014,
,,2014 - 2015,
,,2015 - 2016,
,,2016 - 2017,
,,2017 - 2018,
,,2018 - 2019,
,,2019 - 2020,
,,2020 - 2021,
,,2021 - 2022,
,,2022 - 2023,
,Sultanpur,2004 - 2005,1.0
,,2005 - 2006,1.0
,,2006 - 2007,1.0
,,2007 - 2008,
,,2008 - 2009,
,,2009 - 2010,
,,2010 - 2011,
,,2011 - 2012,
,,2012 - 2013,
,,2013 - 2014,
,,2016 - 2017,
,,2017 - 2018,
,,2018 - 2019,
,,2019 - 2020,
,,2020 - 2021,
,,2021 - 2022,
,,2022 - 2023,
,Unnao,2004 - 2005,0.94
,,2005 - 2006,1.1
,,2006 - 2007,0.95
,,2007 - 2008,
,,2008 - 2009,
,,2009 - 2010,
,,2010 - 2011,
,,2011 - 2012,
,,2012 - 2013,
,,2013 - 2014,
,,2014 - 2015,
,,2015 - 2016,
,,2016 - 2017,
,,2017 - 2018,
,,2018 - 2019,
,,2019 - 2020,
,,2020 - 2021,
,,2021 - 2022,
,,2022 - 2023,
,Varanasi,2004 - 2005,0.94
,,2005 - 2006,0.91
,,2006 - 2007,0.95
,,2007 - 2008,
,,2008 - 2009,
,,2009 - 2010,
,,2010 - 2011,
,,2011 - 2012,
,,2012 - 2013,
,,2013 - 2014,
,,2014 - 2015,
,,2015 - 2016,
,,2016 - 2017,
,,2017 - 2018,
,,2018 - 2019,
,,2019 - 2020,
,,2020 - 2021,
,,2021 - 2022,
,,2022 - 2023,
Uttarakhand,Almora,2007 - 2008,
,Bageshwar,2007 - 2008,
,Chamoli,2007 - 2008,
,Champawat,2007 - 2008,
,Dehradun,2007 - 2008,
,Haridwar,2007 - 2008,
,Nainital,2007 - 2008,
,Pauri garhwal,2007 - 2008,
,Pithoragarh,2007 - 2008,
,Rudra prayag,2007 - 2008,
,Tehri garhwal,2007 - 2008,
,Uttar kashi,2007 - 2008,
West Bengal,paraganas north,2000 - 2001,1.14
,,2001 - 2002,1.43
,,2002 - 2003,
,,2003 - 2004,2.07
,,2004 - 2005,2.11
,,2005 - 2006,1.71
,,2006 - 2007,2.42
,,2007 - 2008,1.68
,,2008 - 2009,1.7
,paraganas south,2000 - 2001,0.52
,,2001 - 2002,0.62
,,2002 - 2003,
,,2003 - 2004,1.22
,,2004 - 2005,1.04
,,2005 - 2006,1.09
,,2006 - 2007,1.18
,,2007 - 2008,2.21
,,2008 - 2009,2.21
,Bankura,2000 - 2001,0.91
,,2001 - 2002,0.95
,,2002 - 2003,
,,2003 - 2004,1.08
,,2004 - 2005,0.96
,,2005 - 2006,1.22
,,2006 - 2007,1.08
,,2007 - 2008,1.08
,,2008 - 2009,1.09
,Birbhum,2000 - 2001,1.67
,,2001 - 2002,1.74
,,2002 - 2003,
,,2003 - 2004,0.64
,,2004 - 2005,0.64
,,2005 - 2006,0.52
,,2006 - 2007,0.67
,,2007 - 2008,0.94
,,2008 - 2009,1.47
,Coochbehar,2000 - 2001,1.08
,,2001 - 2002,1.14
,,2002 - 2003,
,,2003 - 2004,1.14
,,2004 - 2005,1.66
,,2005 - 2006,1.66
,,2006 - 2007,1.82
,,2007 - 2008,2.22
,,2008 - 2009,2.1
,Darjeeling,2000 - 2001,0.82
,,2001 - 2002,0.84
,,2002 - 2003,
,,2003 - 2004,0.85
,,2004 - 2005,0.85
,,2005 - 2006,0.85
,,2006 - 2007,0.85
,,2007 - 2008,2.19
,,2008 - 2009,1.05
,Dinajpur dakshin,2000 - 2001,0.65
,,2001 - 2002,0.65
,,2002 - 2003,
,,2003 - 2004,0.69
,,2004 - 2005,0.74
,,2005 - 2006,0.78
,,2006 - 2007,0.91
,,2007 - 2008,0.95
,,2008 - 2009,0.95
,Dinajpur uttar,2000 - 2001,0.57
,,2001 - 2002,0.59
,,2002 - 2003,
,,2003 - 2004,0.58
,,2004 - 2005,0.57
,,2005 - 2006,0.44
,,2006 - 2007,0.44
,,2007 - 2008,0.96
,,2008 - 2009,0.96
,Hooghly,2000 - 2001,0.7
,,2001 - 2002,0.74
,,2002 - 2003,
,,2003 - 2004,0.89
,,2004 - 2005,0.89
,,2005 - 2006,0.92
,,2006 - 2007,0.93
,,2007 - 2008,1.42
,,2008 - 2009,1.42
,Howrah,2000 - 2001,0.89
,,2001 - 2002,0.96
,,2002 - 2003,
,,2003 - 2004,1.08
,,2004 - 2005,0.94
,,2005 - 2006,0.89
,,2006 - 2007,1.31
,,2007 - 2008,1.19
,,2008 - 2009,1.02
,Jalpaiguri,2000 - 2001,0.92
,,2001 - 2002,0.93
,,2002 - 2003,
,,2003 - 2004,1.0
,,2004 - 2005,1.08
,,2005 - 2006,1.08
,,2006 - 2007,1.08
,,2007 - 2008,0.74
,,2008 - 2009,1.0
,Maldah,2000 - 2001,0.89
,,2001 - 2002,0.83
,,2002 - 2003,
,,2003 - 2004,0.84
,,2004 - 2005,0.81
,,2005 - 2006,0.87
,,2006 - 2007,0.88
,,2007 - 2008,1.09
,,2008 - 2009,1.09
,Medinipur east,2000 - 2001,0.83
,,2001 - 2002,0.83
,,2002 - 2003,
,,2003 - 2004,0.84
,,2004 - 2005,0.94
,,2005 - 2006,0.94
,,2006 - 2007,0.94
,,2007 - 2008,2.03
,,2008 - 2009,2.04
,Medinipur west,2000 - 2001,1.33
,,2001 - 2002,0.89
,,2002 - 2003,
,,2003 - 2004,0.84
,,2004 - 2005,0.98
,,2005 - 2006,0.87
,,2006 - 2007,1.02
,,2007 - 2008,1.11
,,2008 - 2009,1.09
,Murshidabad,2000 - 2001,1.33
,,2001 - 2002,1.45
,,2002 - 2003,
,,2003 - 2004,1.38
,,2004 - 2005,1.43
,,2005 - 2006,2.05
,,2006 - 2007,1.51
,,2007 - 2008,1.56
,,2008 - 2009,1.66
,Nadia,2000 - 2001,1.3
,,2001 - 2002,0.93
,,2002 - 2003,
,,2003 - 2004,1.09
,,2004 - 2005,1.06
,,2005 - 2006,1.13
,,2006 - 2007,1.01
,,2007 - 2008,1.65
,,2008 - 2009,1.64
,Purba bardhaman,2000 - 2001,1.12
,,2001 - 2002,1.06
,,2002 - 2003,
,,2003 - 2004,1.33
,,2004 - 2005,1.37
,,2005 - 2006,1.41
,,2006 - 2007,1.44
,,2007 - 2008,1.44
,,2008 - 2009,1.5
,Purulia,2000 - 2001,0.27
,,2001 - 2002,0.3
,,2002 - 2003,
,,2003 - 2004,0.43
,,2004 - 2005,0.63
,,2005 - 2006,0.56
,,2006 - 2007,0.58
,,2007 - 2008,1.71
,,2008 - 2009,1.71
