state,district,year,maize_kharif_yield_tonne_per_hectare
Andaman and Nicobar Islands,Nicobars,2010 - 2011,
,,2011 - 2012,
,,2013 - 2014,
,,2014 - 2015,
,,2015 - 2016,
,,2021 - 2022,
,North and middle andaman,2010 - 2011,
,,2011 - 2012,
,,2012 - 2013,
,,2013 - 2014,
,,2014 - 2015,
,,2015 - 2016,
,,2016 - 2017,
,,2017 - 2018,
,,2018 - 2019,
,,2019 - 2020,
,,2020 - 2021,
,,2021 - 2022,
,,2022 - 2023,
,South andamans,2010 - 2011,
,,2011 - 2012,
,,2012 - 2013,
,,2013 - 2014,
,,2014 - 2015,
,,2015 - 2016,
,,2016 - 2017,
,,2017 - 2018,
,,2018 - 2019,
,,2019 - 2020,
,,2020 - 2021,
,,2021 - 2022,
Andhra Pradesh,Alluri sitharama raju,2022 - 2023,3.12
,Anakapalli,2022 - 2023,4.18
,Anantapur,2000 - 2001,2.6
,,2001 - 2002,2.67
,,2002 - 2003,0.97
,,2003 - 2004,1.72
,,2004 - 2005,2.87
,,2005 - 2006,3.61
,,2006 - 2007,4.14
,,2007 - 2008,4.57
,,2008 - 2009,3.46
,,2009 - 2010,4.96
,,2010 - 2011,4.77
,,2011 - 2012,2.49
,,2012 - 2013,2.86
,,2013 - 2014,1.97
,,2014 - 2015,2.54
,,2015 - 2016,2.89
,,2016 - 2017,2.06
,,2017 - 2018,3.77
,,2018 - 2019,2.84
,,2019 - 2020,2.79
,,2020 - 2021,3.84
,,2021 - 2022,1.67
,,2022 - 2023,3.89
,Annamayya,2022 - 2023,5.9
,Bapatla,2022 - 2023,4.91
,Chittoor,2000 - 2001,2.61
,,2001 - 2002,2.67
,,2002 - 2003,0.97
,,2003 - 2004,1.72
,,2004 - 2005,2.87
,,2005 - 2006,5.16
,,2006 - 2007,3.57
,,2007 - 2008,3.0
,,2008 - 2009,4.67
,,2009 - 2010,3.71
,,2010 - 2011,5.12
,,2011 - 2012,3.32
,,2012 - 2013,4.0
,,2013 - 2014,4.03
,,2014 - 2015,3.28
,,2015 - 2016,3.53
,,2016 - 2017,3.33
,,2017 - 2018,5.21
,,2018 - 2019,0.88
,,2019 - 2020,2.63
,,2020 - 2021,2.63
,,2021 - 2022,3.12
,,2022 - 2023,6.21
,East godavari,2000 - 2001,2.6
,,2001 - 2002,2.67
,,2002 - 2003,0.97
,,2003 - 2004,1.72
,,2004 - 2005,2.95
,,2005 - 2006,3.58
,,2006 - 2007,2.74
,,2007 - 2008,3.0
,,2008 - 2009,3.22
,,2009 - 2010,3.61
,,2010 - 2011,2.98
,,2011 - 2012,3.69
,,2012 - 2013,2.0
,,2013 - 2014,3.17
,,2014 - 2015,3.31
,,2015 - 2016,3.81
,,2016 - 2017,4.07
,,2017 - 2018,4.25
,,2018 - 2019,4.27
,,2019 - 2020,4.94
,,2020 - 2021,2.66
,,2021 - 2022,2.35
,,2022 - 2023,4.18
,Eluru,2022 - 2023,5.13
,Guntur,2000 - 2001,2.6
,,2001 - 2002,2.67
,,2002 - 2003,0.97
,,2003 - 2004,1.72
,,2004 - 2005,2.95
,,2005 - 2006,3.58
,,2006 - 2007,2.74
,,2007 - 2008,3.0
,,2008 - 2009,3.22
,,2009 - 2010,3.61
,,2010 - 2011,2.98
,,2011 - 2012,3.69
,,2012 - 2013,4.0
,,2013 - 2014,3.17
,,2014 - 2015,3.31
,,2015 - 2016,3.81
,,2016 - 2017,4.07
,,2017 - 2018,4.26
,,2018 - 2019,4.27
,,2019 - 2020,4.93
,,2020 - 2021,6.66
,,2021 - 2022,5.44
,,2022 - 2023,4.17
,Kadapa,2000 - 2001,2.61
,,2001 - 2002,2.68
,,2002 - 2003,0.97
,,2003 - 2004,1.72
,,2004 - 2005,2.87
,,2005 - 2006,5.15
,,2006 - 2007,3.57
,,2008 - 2009,4.67
,,2009 - 2010,3.71
,,2010 - 2011,5.12
,,2011 - 2012,3.32
,,2012 - 2013,2.0
,,2013 - 2014,4.03
,,2014 - 2015,3.27
,,2015 - 2016,3.53
,,2016 - 2017,4.23
,,2017 - 2018,4.99
,,2018 - 2019,4.02
,,2019 - 2020,4.5
,,2020 - 2021,2.06
,,2021 - 2022,3.0
,,2022 - 2023,2.93
,Kakinada,2022 - 2023,4.18
,Konaseema,2022 - 2023,4.0
,Krishna,2000 - 2001,2.6
,,2001 - 2002,2.67
,,2002 - 2003,0.97
,,2003 - 2004,1.72
,,2004 - 2005,4.55
,,2005 - 2006,5.05
,,2006 - 2007,4.53
,,2007 - 2008,5.75
,,2008 - 2009,4.93
,,2009 - 2010,4.6
,,2010 - 2011,4.52
,,2011 - 2012,3.95
,,2012 - 2013,5.0
,,2013 - 2014,4.15
,,2014 - 2015,4.28
,,2015 - 2016,4.04
,,2016 - 2017,4.34
,,2017 - 2018,5.07
,,2018 - 2019,3.51
,,2019 - 2020,5.28
,,2020 - 2021,4.9
,,2021 - 2022,4.17
,,2022 - 2023,4.18
,Kurnool,2000 - 2001,2.6
,,2001 - 2002,2.67
,,2002 - 2003,0.97
,,2003 - 2004,1.72
,,2004 - 2005,2.87
,,2005 - 2006,6.28
,,2006 - 2007,3.34
,,2007 - 2008,5.78
,,2008 - 2009,5.08
,,2009 - 2010,2.68
,,2010 - 2011,5.38
,,2011 - 2012,4.28
,,2012 - 2013,4.91
,,2013 - 2014,5.48
,,2014 - 2015,3.6
,,2015 - 2016,4.02
,,2016 - 2017,5.37
,,2017 - 2018,5.58
,,2018 - 2019,4.54
,,2019 - 2020,5.44
,,2020 - 2021,3.88
,,2021 - 2022,3.92
,,2022 - 2023,4.54
,Nandyal,2022 - 2023,4.52
,Ntr,2022 - 2023,4.49
,Palnadu,2022 - 2023,5.94
,Parvathipuram manyam,2022 - 2023,3.8
,Prakasam,2000 - 2001,3.47
,,2001 - 2002,4.4
,,2002 - 2003,0.03
,,2003 - 2004,1.65
,,2004 - 2005,1.27
,,2005 - 2006,3.17
,,2006 - 2007,3.14
,,2007 - 2008,3.0
,,2008 - 2009,4.44
,,2009 - 2010,2.48
,,2010 - 2011,5.62
,,2011 - 2012,4.48
,,2012 - 2013,9.0
,,2013 - 2014,4.32
,,2014 - 2015,3.63
,,2015 - 2016,5.61
,,2016 - 2017,3.02
,,2017 - 2018,4.38
,,2018 - 2019,1.8
,,2019 - 2020,6.96
,,2020 - 2021,4.23
,,2021 - 2022,3.33
,,2022 - 2023,4.58
,Spsr nellore,2000 - 2001,2.61
,,2001 - 2002,2.67
,,2002 - 2003,1.0
,,2003 - 2004,1.71
,,2004 - 2005,2.95
,,2005 - 2006,3.57
,,2006 - 2007,2.75
,,2008 - 2009,3.22
,,2009 - 2010,3.61
,,2010 - 2011,2.98
,,2011 - 2012,3.69
,,2012 - 2013,
,,2013 - 2014,3.17
,,2014 - 2015,3.31
,,2015 - 2016,3.81
,,2016 - 2017,4.07
,,2017 - 2018,4.26
,,2018 - 2019,4.28
,,2019 - 2020,3.73
,,2020 - 2021,3.56
,,2021 - 2022,3.97
,,2022 - 2023,3.38
,Sri sathya sai,2022 - 2023,2.47
,Srikakulam,2000 - 2001,2.6
,,2001 - 2002,2.67
,,2002 - 2003,0.97
,,2003 - 2004,1.72
,,2004 - 2005,2.95
,,2005 - 2006,3.58
,,2006 - 2007,2.74
,,2007 - 2008,3.5
,,2008 - 2009,3.22
,,2009 - 2010,3.61
,,2010 - 2011,2.98
,,2011 - 2012,3.69
,,2012 - 2013,3.83
,,2013 - 2014,3.17
,,2014 - 2015,3.99
,,2015 - 2016,4.16
,,2016 - 2017,3.67
,,2017 - 2018,4.15
,,2018 - 2019,4.57
,,2019 - 2020,4.59
,,2020 - 2021,3.17
,,2021 - 2022,2.93
,,2022 - 2023,4.23
,Tirupati,2022 - 2023,3.98
,Visakhapatanam,2000 - 2001,1.04
,,2001 - 2002,1.1
,,2002 - 2003,1.84
,,2003 - 2004,1.8
,,2004 - 2005,1.74
,,2005 - 2006,1.84
,,2006 - 2007,1.31
,,2007 - 2008,1.29
,,2008 - 2009,1.43
,,2009 - 2010,2.19
,,2010 - 2011,1.6
,,2011 - 2012,3.95
,,2012 - 2013,2.17
,,2013 - 2014,1.31
,,2014 - 2015,1.56
,,2015 - 2016,2.29
,,2016 - 2017,2.0
,,2017 - 2018,1.8
,,2018 - 2019,2.79
,,2019 - 2020,3.37
,,2020 - 2021,3.19
,,2021 - 2022,3.35
,,2022 - 2023,4.17
,Vizianagaram,2000 - 2001,2.6
,,2001 - 2002,2.67
,,2002 - 2003,0.97
,,2003 - 2004,1.72
,,2004 - 2005,4.67
,,2005 - 2006,4.15
,,2006 - 2007,3.05
,,2007 - 2008,3.75
,,2008 - 2009,2.79
,,2009 - 2010,3.86
,,2010 - 2011,2.71
,,2011 - 2012,2.7
,,2012 - 2013,4.0
,,2013 - 2014,3.01
,,2014 - 2015,2.87
,,2015 - 2016,3.76
,,2016 - 2017,4.66
,,2017 - 2018,4.77
,,2018 - 2019,4.75
,,2019 - 2020,5.35
,,2020 - 2021,4.01
,,2021 - 2022,4.02
,,2022 - 2023,4.28
,West godavari,2000 - 2001,2.6
,,2001 - 2002,2.67
,,2002 - 2003,0.97
,,2003 - 2004,1.72
,,2004 - 2005,2.95
,,2005 - 2006,3.58
,,2006 - 2007,2.74
,,2007 - 2008,9.0
,,2008 - 2009,4.67
,,2009 - 2010,5.06
,,2010 - 2011,5.89
,,2011 - 2012,5.86
,,2012 - 2013,5.33
,,2013 - 2014,4.01
,,2014 - 2015,5.86
,,2015 - 2016,5.14
,,2016 - 2017,5.91
,,2017 - 2018,5.0
,,2018 - 2019,5.8
,,2019 - 2020,5.98
,,2020 - 2021,3.75
,,2021 - 2022,5.26
,,2022 - 2023,
Arunachal Pradesh,Anjaw,2004 - 2005,1.09
,,2005 - 2006,0.9
,,2006 - 2007,1.15
,,2007 - 2008,1.12
,,2008 - 2009,1.17
,,2009 - 2010,1.22
,,2010 - 2011,1.3
,,2011 - 2012,1.33
,,2012 - 2013,0.97
,,2013 - 2014,1.08
,,2014 - 2015,2.48
,,2015 - 2016,2.45
,,2016 - 2017,2.33
,,2017 - 2018,2.35
,,2018 - 2019,2.36
,,2019 - 2020,2.39
,,2020 - 2021,2.42
,,2021 - 2022,2.4
,,2022 - 2023,2.4
,Changlang,2000 - 2001,1.53
,,2001 - 2002,1.5
,,2002 - 2003,1.5
,,2003 - 2004,1.56
,,2004 - 2005,1.57
,,2005 - 2006,1.43
,,2006 - 2007,1.58
,,2007 - 2008,1.49
,,2008 - 2009,1.1
,,2009 - 2010,1.25
,,2010 - 2011,1.3
,,2011 - 2012,1.33
,,2012 - 2013,1.2
,,2013 - 2014,1.22
,,2014 - 2015,1.56
,,2015 - 2016,1.56
,,2016 - 2017,1.46
,,2017 - 2018,1.51
,,2018 - 2019,1.53
,,2019 - 2020,1.57
,,2020 - 2021,1.61
,,2021 - 2022,1.6
,,2022 - 2023,1.6
,Dibang valley,2000 - 2001,1.54
,,2001 - 2002,1.2
,,2002 - 2003,0.42
,,2003 - 2004,1.1
,,2004 - 2005,1.1
,,2005 - 2006,1.12
,,2006 - 2007,0.96
,,2007 - 2008,1.13
,,2008 - 2009,1.15
,,2009 - 2010,1.15
,,2010 - 2011,1.35
,,2011 - 2012,1.38
,,2012 - 2013,1.42
,,2013 - 2014,1.45
,,2014 - 2015,1.45
,,2015 - 2016,1.45
,,2016 - 2017,1.4
,,2017 - 2018,1.43
,,2018 - 2019,1.44
,,2019 - 2020,1.47
,,2020 - 2021,1.48
,,2021 - 2022,1.49
,,2022 - 2023,1.49
,East kameng,2000 - 2001,1.8
,,2001 - 2002,1.93
,,2002 - 2003,1.75
,,2003 - 2004,1.34
,,2004 - 2005,1.74
,,2005 - 2006,1.39
,,2006 - 2007,0.81
,,2007 - 2008,1.28
,,2008 - 2009,1.29
,,2009 - 2010,1.3
,,2010 - 2011,1.31
,,2011 - 2012,1.35
,,2012 - 2013,1.38
,,2013 - 2014,1.38
,,2014 - 2015,1.5
,,2015 - 2016,1.5
,,2016 - 2017,1.46
,,2017 - 2018,1.48
,,2018 - 2019,1.49
,,2019 - 2020,1.5
,,2020 - 2021,1.52
,,2021 - 2022,1.52
,,2022 - 2023,1.53
,East siang,2000 - 2001,1.92
,,2001 - 2002,1.25
,,2002 - 2003,1.93
,,2003 - 2004,1.97
,,2004 - 2005,1.96
,,2005 - 2006,1.96
,,2006 - 2007,2.24
,,2007 - 2008,1.84
,,2008 - 2009,2.24
,,2009 - 2010,2.56
,,2010 - 2011,2.56
,,2011 - 2012,2.63
,,2012 - 2013,2.0
,,2013 - 2014,1.97
,,2014 - 2015,2.03
,,2015 - 2016,2.0
,,2016 - 2017,1.96
,,2017 - 2018,1.97
,,2018 - 2019,1.98
,,2019 - 2020,2.0
,,2020 - 2021,2.02
,,2021 - 2022,2.02
,,2022 - 2023,2.02
,Kamle,2018 - 2019,1.97
,,2019 - 2020,2.06
,,2020 - 2021,2.13
,,2021 - 2022,2.1
,,2022 - 2023,2.1
,Kra daadi,2015 - 2016,1.45
,,2016 - 2017,1.1
,,2017 - 2018,1.3
,,2018 - 2019,1.38
,,2019 - 2020,1.53
,,2020 - 2021,1.66
,,2021 - 2022,1.65
,,2022 - 2023,1.65
,Kurung kumey,2002 - 2003,1.27
,,2003 - 2004,1.27
,,2004 - 2005,1.27
,,2005 - 2006,1.27
,,2006 - 2007,1.35
,,2007 - 2008,1.5
,,2008 - 2009,1.5
,,2009 - 2010,1.5
,,2010 - 2011,1.44
,,2011 - 2012,1.48
,,2012 - 2013,1.48
,,2013 - 2014,1.47
,,2014 - 2015,1.47
,,2015 - 2016,1.47
,,2016 - 2017,1.0
,,2017 - 2018,1.26
,,2018 - 2019,1.37
,,2019 - 2020,1.56
,,2020 - 2021,1.73
,,2021 - 2022,1.72
,,2022 - 2023,1.72
,Leparada,2019 - 2020,1.53
,,2020 - 2021,1.61
,,2021 - 2022,1.67
,,2022 - 2023,1.68
,Lohit,2000 - 2001,1.01
,,2001 - 2002,1.4
,,2002 - 2003,1.12
,,2003 - 2004,1.1
,,2004 - 2005,1.1
,,2005 - 2006,1.14
,,2006 - 2007,1.4
,,2007 - 2008,1.06
,,2008 - 2009,1.17
,,2009 - 2010,1.2
,,2010 - 2011,1.22
,,2011 - 2012,1.25
,,2012 - 2013,1.18
,,2013 - 2014,1.2
,,2014 - 2015,1.24
,,2015 - 2016,1.24
,,2016 - 2017,1.22
,,2017 - 2018,1.23
,,2018 - 2019,1.24
,,2019 - 2020,1.25
,,2020 - 2021,1.26
,,2021 - 2022,1.26
,,2022 - 2023,1.26
,Longding,2013 - 2014,2.29
,,2014 - 2015,2.45
,,2015 - 2016,2.45
,,2016 - 2017,2.34
,,2017 - 2018,2.36
,,2018 - 2019,2.37
,,2019 - 2020,2.4
,,2020 - 2021,2.42
,,2021 - 2022,2.4
,,2022 - 2023,2.4
,Lower dibang valley,2002 - 2003,1.65
,,2003 - 2004,1.8
,,2004 - 2005,1.7
,,2005 - 2006,1.7
,,2006 - 2007,1.3
,,2007 - 2008,1.3
,,2008 - 2009,1.3
,,2009 - 2010,1.3
,,2010 - 2011,1.3
,,2011 - 2012,1.33
,,2012 - 2013,1.3
,,2013 - 2014,1.29
,,2014 - 2015,1.34
,,2015 - 2016,1.34
,,2016 - 2017,1.33
,,2017 - 2018,1.34
,,2018 - 2019,1.34
,,2019 - 2020,1.35
,,2020 - 2021,1.35
,,2021 - 2022,1.38
,,2022 - 2023,1.39
,Lower siang,2018 - 2019,1.61
,,2019 - 2020,1.63
,,2020 - 2021,1.65
,,2021 - 2022,1.64
,,2022 - 2023,1.64
,Lower subansiri,2000 - 2001,1.2
,,2001 - 2002,1.75
,,2002 - 2003,1.27
,,2003 - 2004,1.27
,,2004 - 2005,1.26
,,2005 - 2006,1.31
,,2006 - 2007,1.31
,,2007 - 2008,2.0
,,2008 - 2009,1.97
,,2009 - 2010,1.97
,,2010 - 2011,1.97
,,2011 - 2012,2.02
,,2012 - 2013,2.02
,,2013 - 2014,2.05
,,2014 - 2015,2.43
,,2015 - 2016,2.38
,,2016 - 2017,2.18
,,2017 - 2018,2.22
,,2018 - 2019,2.21
,,2019 - 2020,2.29
,,2020 - 2021,2.36
,,2021 - 2022,2.34
,,2022 - 2023,2.34
,Namsai,2015 - 2016,1.24
,,2016 - 2017,1.22
,,2017 - 2018,1.23
,,2018 - 2019,1.24
,,2019 - 2020,1.24
,,2020 - 2021,1.25
,,2021 - 2022,1.25
,,2022 - 2023,1.25
,Pakke kessang,2019 - 2020,1.5
,,2020 - 2021,1.55
,,2021 - 2022,1.53
,,2022 - 2023,1.55
,Papum pare,2000 - 2001,1.21
,,2001 - 2002,1.21
,,2002 - 2003,1.21
,,2003 - 2004,1.35
,,2004 - 2005,1.35
,,2005 - 2006,1.4
,,2006 - 2007,1.8
,,2007 - 2008,1.8
,,2008 - 2009,1.85
,,2009 - 2010,2.0
,,2010 - 2011,1.9
,,2011 - 2012,1.95
,,2012 - 2013,2.08
,,2013 - 2014,2.05
,,2014 - 2015,2.2
,,2015 - 2016,1.78
,,2016 - 2017,1.73
,,2017 - 2018,1.75
,,2018 - 2019,1.75
,,2019 - 2020,1.77
,,2020 - 2021,1.79
,,2021 - 2022,1.78
,,2022 - 2023,1.78
,Shi yomi,2019 - 2020,1.43
,,2020 - 2021,1.6
,,2021 - 2022,1.87
,,2022 - 2023,1.88
,Siang,2015 - 2016,1.77
,,2016 - 2017,1.71
,,2017 - 2018,1.73
,,2018 - 2019,1.74
,,2019 - 2020,1.76
,,2020 - 2021,1.78
,,2021 - 2022,1.75
,,2022 - 2023,1.75
,Tawang,2000 - 2001,1.88
,,2001 - 2002,1.87
,,2002 - 2003,1.88
,,2003 - 2004,1.9
,,2004 - 2005,1.9
,,2005 - 2006,1.95
,,2006 - 2007,2.0
,,2007 - 2008,2.0
,,2008 - 2009,2.1
,,2009 - 2010,2.15
,,2010 - 2011,2.16
,,2011 - 2012,2.22
,,2012 - 2013,2.16
,,2013 - 2014,2.16
,,2014 - 2015,2.5
,,2015 - 2016,2.45
,,2016 - 2017,2.26
,,2017 - 2018,2.3
,,2018 - 2019,2.31
,,2019 - 2020,2.36
,,2020 - 2021,2.4
,,2021 - 2022,2.39
,,2022 - 2023,2.39
,Tirap,2000 - 2001,1.14
,,2001 - 2002,1.78
,,2002 - 2003,1.21
,,2003 - 2004,1.21
,,2004 - 2005,1.21
,,2005 - 2006,1.21
,,2006 - 2007,1.21
,,2007 - 2008,1.21
,,2008 - 2009,1.19
,,2009 - 2010,1.25
,,2010 - 2011,1.25
,,2011 - 2012,1.28
,,2012 - 2013,2.0
,,2013 - 2014,2.2
,,2014 - 2015,1.17
,,2015 - 2016,1.18
,,2016 - 2017,1.16
,,2017 - 2018,1.17
,,2018 - 2019,1.18
,,2019 - 2020,1.19
,,2020 - 2021,1.2
,,2021 - 2022,1.2
,,2022 - 2023,1.21
,Upper siang,2000 - 2001,1.13
,,2001 - 2002,1.13
,,2002 - 2003,1.16
,,2003 - 2004,1.16
,,2004 - 2005,2.0
,,2005 - 2006,2.0
,,2006 - 2007,2.0
,,2007 - 2008,1.53
,,2008 - 2009,1.2
,,2009 - 2010,1.14
,,2010 - 2011,1.14
,,2011 - 2012,1.17
,,2012 - 2013,1.18
,,2013 - 2014,1.2
,,2014 - 2015,1.34
,,2015 - 2016,1.35
,,2016 - 2017,1.3
,,2017 - 2018,1.33
,,2018 - 2019,1.34
,,2019 - 2020,1.37
,,2020 - 2021,1.39
,,2021 - 2022,1.41
,,2022 - 2023,1.41
,Upper subansiri,2000 - 2001,2.1
,,2001 - 2002,1.27
,,2002 - 2003,1.89
,,2003 - 2004,1.89
,,2004 - 2005,1.89
,,2005 - 2006,1.0
,,2006 - 2007,1.12
,,2007 - 2008,1.29
,,2008 - 2009,1.25
,,2009 - 2010,1.25
,,2010 - 2011,1.14
,,2011 - 2012,1.17
,,2012 - 2013,1.2
,,2013 - 2014,1.27
,,2014 - 2015,1.46
,,2015 - 2016,1.5
,,2016 - 2017,1.42
,,2017 - 2018,1.46
,,2018 - 2019,1.48
,,2019 - 2020,1.52
,,2020 - 2021,1.56
,,2021 - 2022,1.56
,,2022 - 2023,1.56
,West kameng,2000 - 2001,1.55
,,2001 - 2002,1.55
,,2002 - 2003,1.55
,,2003 - 2004,1.55
,,2004 - 2005,1.55
,,2005 - 2006,1.55
,,2006 - 2007,1.55
,,2007 - 2008,1.6
,,2008 - 2009,1.61
,,2009 - 2010,1.63
,,2010 - 2011,1.63
,,2011 - 2012,1.67
,,2012 - 2013,1.69
,,2013 - 2014,1.7
,,2014 - 2015,1.8
,,2015 - 2016,1.8
,,2016 - 2017,1.76
,,2017 - 2018,1.77
,,2018 - 2019,1.78
,,2019 - 2020,1.79
,,2020 - 2021,1.8
,,2021 - 2022,1.8
,,2022 - 2023,1.81
,West siang,2000 - 2001,1.21
,,2001 - 2002,1.08
,,2002 - 2003,1.22
,,2003 - 2004,1.23
,,2004 - 2005,1.23
,,2005 - 2006,1.27
,,2006 - 2007,1.25
,,2007 - 2008,1.25
,,2008 - 2009,1.26
,,2009 - 2010,0.79
,,2010 - 2011,1.28
,,2011 - 2012,1.31
,,2012 - 2013,1.34
,,2013 - 2014,1.35
,,2014 - 2015,1.38
,,2015 - 2016,1.38
,,2016 - 2017,1.34
,,2017 - 2018,1.37
,,2018 - 2019,1.39
,,2019 - 2020,1.43
,,2020 - 2021,1.5
,,2021 - 2022,1.66
,,2022 - 2023,1.67
Assam,Baksa,2005 - 2006,0.75
,,2006 - 2007,0.75
,,2007 - 2008,0.75
,,2008 - 2009,0.75
,,2009 - 2010,0.75
,,2010 - 2011,0.75
,,2011 - 2012,0.85
,,2012 - 2013,0.95
,,2013 - 2014,4.61
,,2014 - 2015,3.48
,,2015 - 2016,3.15
,,2016 - 2017,3.75
,,2017 - 2018,3.12
,,2018 - 2019,3.2
,,2019 - 2020,3.16
,,2020 - 2021,3.17
,,2021 - 2022,3.17
,,2022 - 2023,3.16
,Barpeta,2000 - 2001,0.65
,,2001 - 2002,0.64
,,2002 - 2003,0.64
,,2003 - 2004,0.64
,,2005 - 2006,0.66
,,2006 - 2007,0.64
,,2007 - 2008,0.63
,,2008 - 2009,0.64
,,2009 - 2010,0.65
,,2010 - 2011,0.64
,,2011 - 2012,0.76
,,2012 - 2013,0.87
,,2013 - 2014,1.84
,,2014 - 2015,3.16
,,2015 - 2016,3.58
,,2016 - 2017,4.42
,,2017 - 2018,4.95
,,2018 - 2019,5.02
,,2019 - 2020,5.05
,,2020 - 2021,5.11
,,2021 - 2022,5.13
,,2022 - 2023,5.15
,Biswanath,2020 - 2021,3.4
,,2021 - 2022,3.41
,,2022 - 2023,3.42
,Bongaigaon,2000 - 2001,0.61
,,2001 - 2002,0.61
,,2002 - 2003,0.61
,,2003 - 2004,0.61
,,2005 - 2006,0.61
,,2006 - 2007,0.61
,,2007 - 2008,0.61
,,2008 - 2009,0.6
,,2009 - 2010,0.61
,,2010 - 2011,0.6
,,2011 - 2012,0.7
,,2012 - 2013,0.78
,,2013 - 2014,4.37
,,2014 - 2015,2.91
,,2015 - 2016,2.21
,,2016 - 2017,3.16
,,2017 - 2018,3.33
,,2018 - 2019,3.26
,,2019 - 2020,3.26
,,2020 - 2021,3.9
,,2021 - 2022,3.3
,,2022 - 2023,3.72
,Cachar,2000 - 2001,0.5
,,2001 - 2002,0.5
,,2002 - 2003,0.5
,,2003 - 2004,0.51
,,2005 - 2006,0.5
,,2006 - 2007,0.5
,,2007 - 2008,0.5
,,2008 - 2009,0.48
,,2009 - 2010,0.5
,,2010 - 2011,0.5
,,2011 - 2012,0.56
,,2012 - 2013,0.63
,,2013 - 2014,3.0
,,2014 - 2015,2.31
,,2015 - 2016,0.8
,,2016 - 2017,0.85
,,2017 - 2018,1.25
,,2018 - 2019,1.26
,,2019 - 2020,1.33
,,2020 - 2021,1.35
,,2021 - 2022,1.33
,,2022 - 2023,2.5
,Charaideo,2020 - 2021,2.5
,,2021 - 2022,2.5
,,2022 - 2023,2.5
,Chirang,2005 - 2006,0.61
,,2006 - 2007,0.61
,,2007 - 2008,0.61
,,2008 - 2009,0.61
,,2009 - 2010,0.61
,,2010 - 2011,0.61
,,2011 - 2012,0.7
,,2012 - 2013,0.79
,,2013 - 2014,1.94
,,2014 - 2015,2.91
,,2015 - 2016,1.94
,,2016 - 2017,2.26
,,2017 - 2018,3.31
,,2018 - 2019,3.5
,,2019 - 2020,5.04
,,2020 - 2021,1.95
,,2021 - 2022,4.1
,,2022 - 2023,4.12
,Darrang,2000 - 2001,0.61
,,2001 - 2002,0.61
,,2002 - 2003,0.61
,,2003 - 2004,0.61
,,2005 - 2006,0.6
,,2006 - 2007,0.6
,,2007 - 2008,0.6
,,2008 - 2009,0.6
,,2009 - 2010,0.6
,,2010 - 2011,0.6
,,2011 - 2012,0.68
,,2012 - 2013,0.77
,,2013 - 2014,6.0
,,2014 - 2015,2.79
,,2015 - 2016,5.76
,,2016 - 2017,5.62
,,2017 - 2018,6.5
,,2018 - 2019,6.5
,,2019 - 2020,6.5
,,2020 - 2021,6.8
,,2021 - 2022,7.2
,,2022 - 2023,7.3
,Dhemaji,2000 - 2001,0.92
,,2001 - 2002,0.92
,,2002 - 2003,0.91
,,2003 - 2004,0.91
,,2005 - 2006,0.9
,,2006 - 2007,0.9
,,2007 - 2008,0.86
,,2008 - 2009,0.82
,,2009 - 2010,0.83
,,2010 - 2011,0.81
,,2011 - 2012,0.88
,,2012 - 2013,1.23
,,2013 - 2014,5.65
,,2014 - 2015,4.5
,,2015 - 2016,4.48
,,2016 - 2017,4.01
,,2017 - 2018,3.99
,,2018 - 2019,3.54
,,2019 - 2020,3.49
,,2020 - 2021,3.5
,,2021 - 2022,3.47
,,2022 - 2023,3.42
,Dhubri,2000 - 2001,0.6
,,2001 - 2002,0.6
,,2002 - 2003,0.59
,,2003 - 2004,0.6
,,2005 - 2006,0.6
,,2006 - 2007,0.6
,,2007 - 2008,0.59
,,2008 - 2009,0.59
,,2009 - 2010,0.6
,,2010 - 2011,0.6
,,2011 - 2012,0.66
,,2012 - 2013,0.74
,,2013 - 2014,4.34
,,2014 - 2015,2.69
,,2015 - 2016,4.09
,,2016 - 2017,4.5
,,2017 - 2018,4.13
,,2018 - 2019,4.2
,,2019 - 2020,4.36
,,2020 - 2021,4.2
,,2021 - 2022,4.2
,,2022 - 2023,4.26
,Dibrugarh,2000 - 2001,0.53
,,2001 - 2002,0.53
,,2002 - 2003,0.53
,,2003 - 2004,0.53
,,2005 - 2006,0.53
,,2007 - 2008,0.53
,,2008 - 2009,0.37
,,2009 - 2010,0.86
,,2010 - 2011,0.62
,,2011 - 2012,0.7
,,2012 - 2013,0.7
,,2013 - 2014,3.58
,,2014 - 2015,2.54
,,2015 - 2016,1.61
,,2016 - 2017,1.61
,,2017 - 2018,1.61
,,2018 - 2019,1.88
,,2019 - 2020,1.88
,,2020 - 2021,1.92
,,2021 - 2022,1.92
,,2022 - 2023,1.6
,Dima hasao,2000 - 2001,0.75
,,2001 - 2002,0.75
,,2002 - 2003,0.75
,,2003 - 2004,0.75
,,2005 - 2006,0.75
,,2006 - 2007,0.75
,,2007 - 2008,0.75
,,2008 - 2009,0.75
,,2009 - 2010,0.75
,,2010 - 2011,0.75
,,2011 - 2012,0.85
,,2012 - 2013,0.96
,,2013 - 2014,3.27
,,2014 - 2015,3.48
,,2015 - 2016,1.54
,,2016 - 2017,1.54
,,2017 - 2018,0.75
,,2018 - 2019,1.54
,,2019 - 2020,1.54
,,2020 - 2021,1.54
,,2021 - 2022,1.54
,,2022 - 2023,1.55
,Goalpara,2000 - 2001,0.58
,,2001 - 2002,0.58
,,2002 - 2003,0.58
,,2003 - 2004,0.58
,,2005 - 2006,0.58
,,2006 - 2007,0.58
,,2007 - 2008,0.58
,,2008 - 2009,0.58
,,2009 - 2010,0.58
,,2010 - 2011,0.58
,,2011 - 2012,0.66
,,2012 - 2013,0.66
,,2013 - 2014,2.1
,,2014 - 2015,2.38
,,2015 - 2016,0.77
,,2016 - 2017,1.75
,,2017 - 2018,4.5
,,2018 - 2019,4.5
,,2019 - 2020,4.5
,,2020 - 2021,4.55
,,2021 - 2022,4.56
,,2022 - 2023,4.43
,Golaghat,2000 - 2001,0.54
,,2001 - 2002,0.54
,,2002 - 2003,0.54
,,2003 - 2004,0.54
,,2005 - 2006,0.53
,,2006 - 2007,0.54
,,2007 - 2008,0.54
,,2008 - 2009,0.54
,,2009 - 2010,0.54
,,2010 - 2011,0.54
,,2011 - 2012,0.64
,,2012 - 2013,0.71
,,2013 - 2014,4.01
,,2014 - 2015,2.76
,,2015 - 2016,0.91
,,2016 - 2017,0.94
,,2017 - 2018,0.95
,,2018 - 2019,0.95
,,2019 - 2020,0.99
,,2020 - 2021,0.99
,,2021 - 2022,1.02
,,2022 - 2023,1.0
,Hailakandi,2000 - 2001,0.4
,,2001 - 2002,0.4
,,2002 - 2003,0.4
,,2003 - 2004,0.4
,,2005 - 2006,1.0
,,2007 - 2008,0.4
,,2008 - 2009,0.38
,,2009 - 2010,0.4
,,2010 - 2011,0.4
,,2011 - 2012,0.45
,,2012 - 2013,0.45
,,2013 - 2014,1.14
,,2014 - 2015,1.7
,,2015 - 2016,1.73
,,2016 - 2017,1.75
,,2017 - 2018,2.75
,,2018 - 2019,2.81
,,2019 - 2020,2.78
,,2020 - 2021,2.78
,,2021 - 2022,2.94
,,2022 - 2023,3.0
,Hojai,2020 - 2021,3.02
,,2021 - 2022,3.43
,,2022 - 2023,3.73
,Jorhat,2000 - 2001,0.51
,,2001 - 2002,0.52
,,2002 - 2003,0.5
,,2003 - 2004,0.52
,,2005 - 2006,0.54
,,2006 - 2007,0.53
,,2007 - 2008,0.54
,,2008 - 2009,0.54
,,2009 - 2010,0.52
,,2010 - 2011,0.52
,,2011 - 2012,0.59
,,2012 - 2013,0.71
,,2013 - 2014,4.03
,,2014 - 2015,2.52
,,2015 - 2016,2.54
,,2016 - 2017,2.47
,,2017 - 2018,2.41
,,2018 - 2019,2.57
,,2019 - 2020,2.64
,,2020 - 2021,2.61
,,2021 - 2022,2.6
,,2022 - 2023,2.6
,Kamrup,2000 - 2001,0.62
,,2001 - 2002,0.62
,,2002 - 2003,0.62
,,2003 - 2004,0.62
,,2005 - 2006,0.62
,,2006 - 2007,0.62
,,2007 - 2008,0.62
,,2008 - 2009,0.62
,,2009 - 2010,0.62
,,2010 - 2011,0.62
,,2011 - 2012,0.71
,,2012 - 2013,0.8
,,2013 - 2014,3.63
,,2014 - 2015,2.9
,,2015 - 2016,3.56
,,2016 - 2017,3.58
,,2017 - 2018,3.58
,,2018 - 2019,3.57
,,2019 - 2020,5.97
,,2020 - 2021,5.98
,,2021 - 2022,6.02
,,2022 - 2023,3.52
,Kamrup metro,2005 - 2006,0.63
,,2006 - 2007,0.63
,,2007 - 2008,0.62
,,2008 - 2009,0.63
,,2009 - 2010,0.62
,,2010 - 2011,0.62
,,2011 - 2012,0.7
,,2012 - 2013,0.7
,,2013 - 2014,3.56
,,2014 - 2015,2.53
,,2015 - 2016,3.56
,,2016 - 2017,3.23
,,2017 - 2018,3.58
,,2018 - 2019,3.46
,,2019 - 2020,5.97
,,2020 - 2021,5.97
,,2021 - 2022,5.83
,,2022 - 2023,3.52
,Karbi anglong,2000 - 2001,0.8
,,2001 - 2002,0.78
,,2002 - 2003,0.79
,,2003 - 2004,0.79
,,2005 - 2006,0.79
,,2006 - 2007,0.79
,,2007 - 2008,0.79
,,2008 - 2009,0.79
,,2009 - 2010,0.79
,,2010 - 2011,0.79
,,2011 - 2012,0.89
,,2012 - 2013,1.01
,,2013 - 2014,2.21
,,2014 - 2015,3.66
,,2015 - 2016,2.61
,,2016 - 2017,2.21
,,2017 - 2018,2.21
,,2018 - 2019,2.26
,,2019 - 2020,2.27
,,2020 - 2021,2.27
,,2021 - 2022,2.27
,,2022 - 2023,2.27
,Karimganj,2000 - 2001,0.5
,,2001 - 2002,0.58
,,2002 - 2003,0.58
,,2003 - 2004,0.58
,,2005 - 2006,0.54
,,2006 - 2007,0.54
,,2007 - 2008,0.53
,,2008 - 2009,0.5
,,2009 - 2010,0.44
,,2010 - 2011,0.5
,,2011 - 2012,0.59
,,2012 - 2013,0.59
,,2013 - 2014,2.28
,,2014 - 2015,2.11
,,2015 - 2016,3.13
,,2016 - 2017,2.52
,,2017 - 2018,3.2
,,2018 - 2019,0.9
,,2019 - 2020,0.9
,,2020 - 2021,2.23
,,2021 - 2022,2.23
,,2022 - 2023,1.0
,Kokrajhar,2000 - 2001,0.52
,,2001 - 2002,0.52
,,2002 - 2003,0.52
,,2003 - 2004,0.52
,,2005 - 2006,0.52
,,2006 - 2007,0.52
,,2007 - 2008,0.52
,,2008 - 2009,0.52
,,2009 - 2010,0.52
,,2010 - 2011,0.52
,,2011 - 2012,0.55
,,2012 - 2013,0.66
,,2013 - 2014,2.96
,,2014 - 2015,2.39
,,2015 - 2016,0.76
,,2016 - 2017,0.66
,,2017 - 2018,0.66
,,2018 - 2019,0.68
,,2019 - 2020,0.67
,,2020 - 2021,0.78
,,2021 - 2022,2.78
,,2022 - 2023,2.85
,Lakhimpur,2000 - 2001,0.6
,,2001 - 2002,0.6
,,2002 - 2003,0.6
,,2003 - 2004,0.6
,,2005 - 2006,0.6
,,2006 - 2007,0.6
,,2007 - 2008,0.6
,,2008 - 2009,0.6
,,2009 - 2010,0.6
,,2010 - 2011,0.6
,,2011 - 2012,0.68
,,2012 - 2013,0.76
,,2013 - 2014,3.42
,,2014 - 2015,4.49
,,2015 - 2016,0.59
,,2016 - 2017,0.59
,,2017 - 2018,4.19
,,2018 - 2019,3.71
,,2019 - 2020,3.71
,,2020 - 2021,4.1
,,2021 - 2022,4.1
,,2022 - 2023,4.27
,Majuli,2020 - 2021,2.62
,,2021 - 2022,2.63
,,2022 - 2023,2.61
,Marigaon,2000 - 2001,0.4
,,2001 - 2002,0.4
,,2002 - 2003,0.4
,,2003 - 2004,0.4
,,2005 - 2006,0.4
,,2006 - 2007,0.4
,,2007 - 2008,0.38
,,2008 - 2009,0.38
,,2009 - 2010,0.4
,,2010 - 2011,0.4
,,2011 - 2012,0.45
,,2012 - 2013,0.45
,,2013 - 2014,4.32
,,2014 - 2015,1.65
,,2015 - 2016,1.65
,,2016 - 2017,1.65
,,2017 - 2018,1.68
,,2018 - 2019,1.72
,,2019 - 2020,3.02
,,2020 - 2021,2.02
,,2021 - 2022,3.53
,,2022 - 2023,4.2
,Nagaon,2000 - 2001,0.66
,,2001 - 2002,0.66
,,2002 - 2003,0.65
,,2003 - 2004,0.64
,,2005 - 2006,0.66
,,2006 - 2007,0.67
,,2007 - 2008,0.68
,,2008 - 2009,0.57
,,2009 - 2010,0.67
,,2010 - 2011,0.68
,,2011 - 2012,0.77
,,2012 - 2013,0.87
,,2013 - 2014,3.92
,,2014 - 2015,3.08
,,2015 - 2016,3.14
,,2016 - 2017,3.05
,,2017 - 2018,3.34
,,2018 - 2019,3.61
,,2019 - 2020,3.33
,,2020 - 2021,3.77
,,2021 - 2022,3.75
,,2022 - 2023,4.5
,Nalbari,2000 - 2001,0.75
,,2001 - 2002,0.75
,,2002 - 2003,0.75
,,2003 - 2004,0.75
,,2005 - 2006,0.75
,,2006 - 2007,0.76
,,2007 - 2008,0.75
,,2008 - 2009,0.73
,,2009 - 2010,0.74
,,2010 - 2011,0.74
,,2011 - 2012,0.85
,,2012 - 2013,0.85
,,2013 - 2014,4.31
,,2014 - 2015,3.07
,,2015 - 2016,4.3
,,2016 - 2017,1.9
,,2017 - 2018,3.9
,,2018 - 2019,2.1
,,2019 - 2020,2.1
,,2020 - 2021,2.1
,,2021 - 2022,3.47
,,2022 - 2023,3.38
,Sivasagar,2000 - 2001,0.68
,,2001 - 2002,0.68
,,2002 - 2003,0.69
,,2003 - 2004,0.69
,,2005 - 2006,0.69
,,2006 - 2007,0.68
,,2007 - 2008,0.68
,,2008 - 2009,0.69
,,2009 - 2010,0.68
,,2010 - 2011,0.69
,,2011 - 2012,0.8
,,2012 - 2013,0.89
,,2013 - 2014,2.69
,,2014 - 2015,3.28
,,2015 - 2016,2.87
,,2016 - 2017,2.82
,,2017 - 2018,3.11
,,2018 - 2019,3.0
,,2019 - 2020,2.34
,,2020 - 2021,2.83
,,2021 - 2022,2.79
,,2022 - 2023,2.83
,Sonitpur,2000 - 2001,0.6
,,2001 - 2002,0.61
,,2002 - 2003,0.58
,,2003 - 2004,0.58
,,2005 - 2006,0.58
,,2006 - 2007,0.59
,,2007 - 2008,0.58
,,2008 - 2009,0.58
,,2009 - 2010,0.57
,,2010 - 2011,0.57
,,2011 - 2012,0.65
,,2012 - 2013,0.72
,,2013 - 2014,5.27
,,2014 - 2015,5.16
,,2015 - 2016,5.13
,,2016 - 2017,5.12
,,2017 - 2018,4.9
,,2018 - 2019,5.1
,,2019 - 2020,5.2
,,2020 - 2021,5.46
,,2021 - 2022,2.85
,,2022 - 2023,3.34
,South salmara mancachar,2020 - 2021,4.2
,,2021 - 2022,4.2
,,2022 - 2023,4.5
,Tinsukia,2000 - 2001,0.6
,,2001 - 2002,0.6
,,2002 - 2003,0.6
,,2003 - 2004,0.6
,,2005 - 2006,0.6
,,2006 - 2007,0.6
,,2007 - 2008,0.6
,,2008 - 2009,0.6
,,2009 - 2010,0.6
,,2010 - 2011,0.6
,,2011 - 2012,0.69
,,2012 - 2013,0.78
,,2013 - 2014,3.75
,,2014 - 2015,2.83
,,2015 - 2016,0.82
,,2016 - 2017,0.56
,,2017 - 2018,0.56
,,2018 - 2019,0.61
,,2019 - 2020,1.08
,,2020 - 2021,1.28
,,2021 - 2022,1.78
,,2022 - 2023,2.05
,Udalguri,2005 - 2006,0.63
,,2006 - 2007,0.62
,,2007 - 2008,0.62
,,2008 - 2009,0.62
,,2009 - 2010,0.62
,,2010 - 2011,0.62
,,2011 - 2012,0.71
,,2012 - 2013,0.8
,,2013 - 2014,3.12
,,2014 - 2015,2.9
,,2015 - 2016,0.65
,,2016 - 2017,2.22
,,2017 - 2018,2.25
,,2018 - 2019,2.0
,,2019 - 2020,2.12
,,2020 - 2021,2.14
,,2021 - 2022,2.33
,,2022 - 2023,2.13
,West karbi anglong,2020 - 2021,1.63
,,2021 - 2022,2.27
,,2022 - 2023,2.3
Bihar,Araria,2000 - 2001,1.36
,,2001 - 2002,
,,2002 - 2003,
,,2003 - 2004,2.08
,,2004 - 2005,2.82
,,2005 - 2006,2.78
,,2006 - 2007,2.52
,,2007 - 2008,
,,2008 - 2009,
,,2009 - 2010,
,,2010 - 2011,
,,2011 - 2012,
,,2012 - 2013,
,,2013 - 2014,
,,2014 - 2015,
,,2015 - 2016,
,,2016 - 2017,
,,2017 - 2018,
,,2018 - 2019,
,,2019 - 2020,
,,2020 - 2021,
,,2021 - 2022,
,,2022 - 2023,
,Arwal,2003 - 2004,1.71
,,2004 - 2005,1.33
,,2005 - 2006,1.34
,,2007 - 2008,
,,2008 - 2009,
,,2009 - 2010,
,,2010 - 2011,
,,2011 - 2012,
,,2012 - 2013,
,,2013 - 2014,
,,2014 - 2015,
,,2015 - 2016,
,,2016 - 2017,
,,2017 - 2018,
,,2018 - 2019,
,,2019 - 2020,
,,2020 - 2021,
,,2021 - 2022,
,,2022 - 2023,
,Aurangabad,2000 - 2001,0.72
,,2001 - 2002,
,,2002 - 2003,
,,2003 - 2004,1.71
,,2004 - 2005,1.16
,,2005 - 2006,1.41
,,2006 - 2007,1.63
,,2007 - 2008,
,,2008 - 2009,
,,2009 - 2010,
,,2010 - 2011,
,,2011 - 2012,
,,2012 - 2013,
,,2013 - 2014,
,,2014 - 2015,
,,2015 - 2016,
,,2016 - 2017,
,,2017 - 2018,
,,2018 - 2019,
,,2019 - 2020,
,,2020 - 2021,
,,2021 - 2022,
,Banka,2000 - 2001,1.34
,,2001 - 2002,
,,2002 - 2003,
,,2003 - 2004,2.34
,,2004 - 2005,0.97
,,2005 - 2006,0.98
,,2006 - 2007,1.34
,,2007 - 2008,
,,2008 - 2009,
,,2009 - 2010,
,,2010 - 2011,
,,2011 - 2012,
,,2012 - 2013,
,,2013 - 2014,
,,2014 - 2015,
,,2015 - 2016,
,,2016 - 2017,
,,2017 - 2018,
,,2018 - 2019,
,,2019 - 2020,
,,2020 - 2021,
,,2021 - 2022,
,,2022 - 2023,
,Begusarai,2000 - 2001,1.3
,,2001 - 2002,
,,2002 - 2003,
,,2003 - 2004,1.9
,,2004 - 2005,1.51
,,2005 - 2006,1.49
,,2006 - 2007,1.21
,,2007 - 2008,
,,2008 - 2009,
,,2009 - 2010,
,,2010 - 2011,
,,2011 - 2012,
,,2012 - 2013,
,,2013 - 2014,
,,2014 - 2015,
,,2015 - 2016,
,,2016 - 2017,
,,2017 - 2018,
,,2018 - 2019,
,,2019 - 2020,
,,2020 - 2021,
,,2021 - 2022,
,,2022 - 2023,
,Bhagalpur,2000 - 2001,1.97
,,2001 - 2002,
,,2002 - 2003,
,,2003 - 2004,1.75
,,2004 - 2005,1.5
,,2005 - 2006,1.48
,,2006 - 2007,1.38
,,2007 - 2008,
,,2008 - 2009,
,,2009 - 2010,
,,2010 - 2011,
,,2011 - 2012,
,,2012 - 2013,
,,2013 - 2014,
,,2014 - 2015,
,,2015 - 2016,
,,2016 - 2017,
,,2017 - 2018,
,,2018 - 2019,
,,2019 - 2020,
,,2020 - 2021,
,,2021 - 2022,
,,2022 - 2023,
,Bhojpur,2000 - 2001,1.15
,,2001 - 2002,
,,2002 - 2003,
,,2003 - 2004,0.79
,,2004 - 2005,1.66
,,2005 - 2006,1.69
,,2006 - 2007,1.57
,,2007 - 2008,
,,2008 - 2009,
,,2009 - 2010,
,,2010 - 2011,
,,2011 - 2012,
,,2012 - 2013,
,,2013 - 2014,
,,2014 - 2015,
,,2015 - 2016,
,,2016 - 2017,
,,2017 - 2018,
,,2018 - 2019,
,,2019 - 2020,
,,2020 - 2021,
,,2021 - 2022,
,,2022 - 2023,
,Buxar,2000 - 2001,2.05
,,2001 - 2002,
,,2002 - 2003,
,,2003 - 2004,1.23
,,2004 - 2005,1.29
,,2005 - 2006,1.25
,,2006 - 2007,1.07
,,2007 - 2008,
,,2008 - 2009,
,,2009 - 2010,
,,2010 - 2011,
,,2011 - 2012,
,,2012 - 2013,
,,2013 - 2014,
,,2014 - 2015,
,,2015 - 2016,
,,2016 - 2017,
,,2017 - 2018,
,,2018 - 2019,
,,2019 - 2020,
,,2020 - 2021,
,,2021 - 2022,
,,2022 - 2023,
,Darbhanga,2000 - 2001,1.72
,,2001 - 2002,
,,2002 - 2003,
,,2003 - 2004,1.17
,,2004 - 2005,1.31
,,2005 - 2006,1.3
,,2006 - 2007,1.56
,,2007 - 2008,
,,2008 - 2009,
,,2009 - 2010,
,,2010 - 2011,
,,2011 - 2012,
,,2012 - 2013,
,,2013 - 2014,
,,2014 - 2015,
,,2015 - 2016,
,,2016 - 2017,
,,2017 - 2018,
,,2018 - 2019,
,,2019 - 2020,
,,2020 - 2021,
,,2021 - 2022,
,,2022 - 2023,
,Gaya,2000 - 2001,0.75
,,2001 - 2002,
,,2002 - 2003,
,,2003 - 2004,1.71
,,2004 - 2005,1.42
,,2005 - 2006,1.27
,,2006 - 2007,1.36
,,2007 - 2008,
,,2008 - 2009,
,,2009 - 2010,
,,2010 - 2011,
,,2011 - 2012,
,,2012 - 2013,
,,2013 - 2014,
,,2014 - 2015,
,,2015 - 2016,
,,2016 - 2017,
,,2017 - 2018,
,,2018 - 2019,
,,2019 - 2020,
,,2020 - 2021,
,,2021 - 2022,
,,2022 - 2023,
,Gopalganj,2000 - 2001,2.56
,,2001 - 2002,
,,2002 - 2003,
,,2003 - 2004,1.22
,,2004 - 2005,1.62
,,2005 - 2006,1.63
,,2006 - 2007,1.5
,,2007 - 2008,
,,2008 - 2009,
,,2009 - 2010,
,,2010 - 2011,
,,2011 - 2012,
,,2012 - 2013,
,,2013 - 2014,
,,2014 - 2015,
,,2015 - 2016,
,,2016 - 2017,
,,2017 - 2018,
,,2018 - 2019,
,,2019 - 2020,
,,2020 - 2021,
,,2021 - 2022,
,,2022 - 2023,
,Jamui,2000 - 2001,1.31
,,2001 - 2002,
,,2002 - 2003,
,,2003 - 2004,1.36
,,2004 - 2005,0.53
,,2005 - 2006,0.54
,,2006 - 2007,0.95
,,2007 - 2008,
,,2008 - 2009,
,,2009 - 2010,
,,2010 - 2011,
,,2011 - 2012,
,,2012 - 2013,
,,2013 - 2014,
,,2014 - 2015,
,,2015 - 2016,
,,2016 - 2017,
,,2017 - 2018,
,,2018 - 2019,
,,2019 - 2020,
,,2020 - 2021,
,,2021 - 2022,
,,2022 - 2023,
,Jehanabad,2000 - 2001,0.75
,,2001 - 2002,
,,2002 - 2003,
,,2003 - 2004,1.71
,,2004 - 2005,1.33
,,2005 - 2006,1.07
,,2006 - 2007,1.39
,,2007 - 2008,
,,2008 - 2009,
,,2009 - 2010,
,,2010 - 2011,
,,2011 - 2012,
,,2012 - 2013,
,,2013 - 2014,
,,2014 - 2015,
,,2015 - 2016,
,,2016 - 2017,
,,2017 - 2018,
,,2018 - 2019,
,,2019 - 2020,
,,2020 - 2021,
,,2021 - 2022,
,,2022 - 2023,
,Kaimur (bhabua),2000 - 2001,2.18
,,2001 - 2002,
,,2002 - 2003,
,,2003 - 2004,1.23
,,2004 - 2005,1.29
,,2005 - 2006,1.41
,,2006 - 2007,1.32
,,2007 - 2008,
,,2008 - 2009,
,,2009 - 2010,
,,2010 - 2011,
,,2011 - 2012,
,,2012 - 2013,
,,2013 - 2014,
,,2014 - 2015,
,,2015 - 2016,
,,2016 - 2017,
,,2017 - 2018,
,,2018 - 2019,
,,2019 - 2020,
,,2020 - 2021,
,,2021 - 2022,
,,2022 - 2023,
,Katihar,2000 - 2001,1.81
,,2001 - 2002,
,,2002 - 2003,
,,2003 - 2004,2.41
,,2004 - 2005,2.06
,,2005 - 2006,2.27
,,2006 - 2007,1.99
,,2007 - 2008,
,,2008 - 2009,
,,2009 - 2010,
,,2010 - 2011,
,,2011 - 2012,
,,2012 - 2013,
,,2013 - 2014,
,,2014 - 2015,
,,2015 - 2016,
,,2016 - 2017,
,,2017 - 2018,
,,2018 - 2019,
,,2019 - 2020,
,,2020 - 2021,
,,2021 - 2022,
,,2022 - 2023,
,Khagaria,2000 - 2001,1.1
,,2001 - 2002,
,,2002 - 2003,
,,2003 - 2004,1.41
,,2004 - 2005,1.57
,,2005 - 2006,1.57
,,2006 - 2007,1.2
,,2007 - 2008,
,,2008 - 2009,
,,2009 - 2010,
,,2010 - 2011,
,,2011 - 2012,
,,2012 - 2013,
,,2013 - 2014,
,,2014 - 2015,
,,2015 - 2016,
,,2016 - 2017,
,,2017 - 2018,
,,2018 - 2019,
,,2019 - 2020,
,,2020 - 2021,
,,2021 - 2022,
,,2022 - 2023,
,Kishanganj,2000 - 2001,1.91
,,2001 - 2002,
,,2002 - 2003,
,,2003 - 2004,2.51
,,2004 - 2005,1.84
,,2005 - 2006,1.87
,,2006 - 2007,2.16
,,2007 - 2008,
,,2008 - 2009,
,,2009 - 2010,
,,2010 - 2011,
,,2011 - 2012,
,,2012 - 2013,
,,2013 - 2014,
,,2014 - 2015,
,,2015 - 2016,
,,2016 - 2017,
,,2017 - 2018,
,,2018 - 2019,
,,2019 - 2020,
,,2020 - 2021,
,,2021 - 2022,
,,2022 - 2023,
,Lakhisarai,2000 - 2001,1.96
,,2001 - 2002,
,,2002 - 2003,
,,2003 - 2004,1.63
,,2004 - 2005,1.17
,,2005 - 2006,1.23
,,2006 - 2007,1.25
,,2007 - 2008,
,,2008 - 2009,
,,2009 - 2010,
,,2010 - 2011,
,,2011 - 2012,
,,2012 - 2013,
,,2013 - 2014,
,,2014 - 2015,
,,2015 - 2016,
,,2016 - 2017,
,,2017 - 2018,
,,2018 - 2019,
,,2019 - 2020,
,,2020 - 2021,
,,2021 - 2022,
,,2022 - 2023,
,Madhepura,2000 - 2001,2.55
,,2001 - 2002,
,,2002 - 2003,
,,2003 - 2004,2.68
,,2004 - 2005,2.69
,,2005 - 2006,2.78
,,2006 - 2007,2.63
,,2007 - 2008,
,,2008 - 2009,
,,2009 - 2010,
,,2010 - 2011,
,,2011 - 2012,
,,2012 - 2013,
,,2013 - 2014,
,,2014 - 2015,
,,2015 - 2016,
,,2016 - 2017,
,,2017 - 2018,
,,2018 - 2019,
,,2019 - 2020,
,,2020 - 2021,
,,2021 - 2022,
,,2022 - 2023,
,Madhubani,2000 - 2001,1.72
,,2001 - 2002,
,,2002 - 2003,
,,2003 - 2004,1.34
,,2004 - 2005,1.31
,,2005 - 2006,1.31
,,2006 - 2007,1.56
,,2007 - 2008,
,,2008 - 2009,
,,2009 - 2010,
,,2010 - 2011,
,,2011 - 2012,
,,2012 - 2013,
,,2013 - 2014,
,,2014 - 2015,
,,2015 - 2016,
,,2016 - 2017,
,,2017 - 2018,
,,2018 - 2019,
,,2019 - 2020,
,,2020 - 2021,
,,2021 - 2022,
,,2022 - 2023,
,Munger,2000 - 2001,1.27
,,2001 - 2002,
,,2002 - 2003,
,,2003 - 2004,1.17
,,2004 - 2005,1.5
,,2005 - 2006,1.5
,,2006 - 2007,1.4
,,2007 - 2008,
,,2008 - 2009,
,,2009 - 2010,
,,2010 - 2011,
,,2011 - 2012,
,,2012 - 2013,
,,2013 - 2014,
,,2014 - 2015,
,,2015 - 2016,
,,2016 - 2017,
,,2017 - 2018,
,,2018 - 2019,
,,2019 - 2020,
,,2020 - 2021,
,,2021 - 2022,
,,2022 - 2023,
,Muzaffarpur,2000 - 2001,1.61
,,2001 - 2002,
,,2002 - 2003,
,,2003 - 2004,1.63
,,2004 - 2005,1.84
,,2005 - 2006,1.56
,,2006 - 2007,1.34
,,2007 - 2008,
,,2008 - 2009,
,,2009 - 2010,
,,2010 - 2011,
,,2011 - 2012,
,,2012 - 2013,
,,2013 - 2014,
,,2014 - 2015,
,,2015 - 2016,
,,2016 - 2017,
,,2017 - 2018,
,,2018 - 2019,
,,2019 - 2020,
,,2020 - 2021,
,,2021 - 2022,
,,2022 - 2023,
,Nalanda,2000 - 2001,1.4
,,2001 - 2002,
,,2002 - 2003,
,,2003 - 2004,1.33
,,2004 - 2005,0.38
,,2005 - 2006,0.38
,,2006 - 2007,0.33
,,2007 - 2008,
,,2008 - 2009,
,,2009 - 2010,
,,2010 - 2011,
,,2011 - 2012,
,,2012 - 2013,
,,2013 - 2014,
,,2014 - 2015,
,,2015 - 2016,
,,2016 - 2017,
,,2017 - 2018,
,,2018 - 2019,
,,2019 - 2020,
,,2020 - 2021,
,,2021 - 2022,
,,2022 - 2023,
,Nawada,2000 - 2001,0.75
,,2001 - 2002,
,,2002 - 2003,
,,2003 - 2004,1.71
,,2004 - 2005,1.21
,,2005 - 2006,1.27
,,2006 - 2007,1.4
,,2007 - 2008,
,,2008 - 2009,
,,2009 - 2010,
,,2010 - 2011,
,,2011 - 2012,
,,2012 - 2013,
,,2013 - 2014,
,,2014 - 2015,
,,2015 - 2016,
,,2016 - 2017,
,,2017 - 2018,
,,2018 - 2019,
,,2019 - 2020,
,,2020 - 2021,
,,2021 - 2022,
,,2022 - 2023,
,Pashchim champaran,2000 - 2001,1.83
,,2001 - 2002,
,,2002 - 2003,
,,2003 - 2004,1.29
,,2004 - 2005,0.56
,,2005 - 2006,0.55
,,2006 - 2007,1.66
,,2007 - 2008,
,,2008 - 2009,
,,2009 - 2010,
,,2010 - 2011,
,,2011 - 2012,
,,2012 - 2013,
,,2013 - 2014,
,,2014 - 2015,
,,2015 - 2016,
,,2016 - 2017,
,,2017 - 2018,
,,2018 - 2019,
,,2019 - 2020,
,,2020 - 2021,
,,2021 - 2022,
,,2022 - 2023,
,Patna,2000 - 2001,2.77
,,2001 - 2002,
,,2002 - 2003,
,,2003 - 2004,1.34
,,2004 - 2005,1.48
,,2005 - 2006,1.55
,,2006 - 2007,1.9
,,2007 - 2008,
,,2008 - 2009,
,,2009 - 2010,
,,2010 - 2011,
,,2011 - 2012,
,,2012 - 2013,
,,2013 - 2014,
,,2014 - 2015,
,,2015 - 2016,
,,2016 - 2017,
,,2017 - 2018,
,,2018 - 2019,
,,2019 - 2020,
,,2020 - 2021,
,,2021 - 2022,
,,2022 - 2023,
,Purbi champaran,2000 - 2001,1.95
,,2001 - 2002,
,,2002 - 2003,
,,2003 - 2004,2.84
,,2004 - 2005,2.32
,,2005 - 2006,2.29
,,2006 - 2007,1.01
,,2007 - 2008,
,,2008 - 2009,
,,2009 - 2010,
,,2010 - 2011,
,,2011 - 2012,
,,2012 - 2013,
,,2013 - 2014,
,,2014 - 2015,
,,2015 - 2016,
,,2016 - 2017,
,,2017 - 2018,
,,2018 - 2019,
,,2019 - 2020,
,,2020 - 2021,
,,2021 - 2022,
,,2022 - 2023,
,Purnia,2000 - 2001,2.33
,,2001 - 2002,
,,2002 - 2003,
,,2003 - 2004,2.16
,,2004 - 2005,2.05
,,2005 - 2006,2.01
,,2006 - 2007,2.76
,,2007 - 2008,
,,2008 - 2009,
,,2009 - 2010,
,,2010 - 2011,
,,2011 - 2012,
,,2012 - 2013,
,,2013 - 2014,
,,2014 - 2015,
,,2015 - 2016,
,,2016 - 2017,
,,2017 - 2018,
,,2018 - 2019,
,,2019 - 2020,
,,2020 - 2021,
,,2021 - 2022,
,,2022 - 2023,
,Rohtas,2000 - 2001,2.18
,,2001 - 2002,
,,2002 - 2003,
,,2003 - 2004,1.21
,,2004 - 2005,1.3
,,2005 - 2006,1.67
,,2006 - 2007,1.66
,,2007 - 2008,
,,2008 - 2009,
,,2009 - 2010,
,,2010 - 2011,
,,2011 - 2012,
,,2012 - 2013,
,,2013 - 2014,
,,2014 - 2015,
,,2015 - 2016,
,,2016 - 2017,
,,2017 - 2018,
,Saharsa,2000 - 2001,3.12
,,2001 - 2002,
,,2002 - 2003,
,,2003 - 2004,2.42
,,2004 - 2005,3.49
,,2005 - 2006,3.61
,,2006 - 2007,2.83
,,2007 - 2008,
,,2008 - 2009,
,,2009 - 2010,
,,2010 - 2011,
,,2011 - 2012,
,,2012 - 2013,
,,2013 - 2014,
,,2014 - 2015,
,,2015 - 2016,
,,2016 - 2017,
,,2017 - 2018,
,,2018 - 2019,
,,2019 - 2020,
,,2020 - 2021,
,,2021 - 2022,
,,2022 - 2023,
,Samastipur,2000 - 2001,1.72
,,2001 - 2002,
,,2002 - 2003,
,,2003 - 2004,1.35
,,2004 - 2005,1.29
,,2005 - 2006,1.29
,,2006 - 2007,1.48
,,2007 - 2008,
,,2008 - 2009,
,,2009 - 2010,
,,2010 - 2011,
,,2011 - 2012,
,,2012 - 2013,
,,2013 - 2014,
,,2014 - 2015,
,,2015 - 2016,
,,2016 - 2017,
,,2017 - 2018,
,,2018 - 2019,
,,2019 - 2020,
,,2020 - 2021,
,,2021 - 2022,
,,2022 - 2023,
,Saran,2000 - 2001,1.89
,,2001 - 2002,
,,2002 - 2003,
,,2003 - 2004,1.26
,,2004 - 2005,1.91
,,2005 - 2006,1.92
,,2006 - 2007,1.47
,,2007 - 2008,
,,2008 - 2009,
,,2009 - 2010,
,,2010 - 2011,
,,2011 - 2012,
,,2012 - 2013,
,,2013 - 2014,
,,2014 - 2015,
,,2015 - 2016,
,,2016 - 2017,
,,2017 - 2018,
,,2018 - 2019,
,,2019 - 2020,
,,2020 - 2021,
,,2021 - 2022,
,,2022 - 2023,
,Sheikhpura,2000 - 2001,1.29
,,2001 - 2002,
,,2002 - 2003,
,,2003 - 2004,1.62
,,2004 - 2005,1.43
,,2005 - 2006,1.41
,,2006 - 2007,1.2
,,2007 - 2008,
,,2008 - 2009,
,,2009 - 2010,
,,2010 - 2011,
,,2011 - 2012,
,,2012 - 2013,
,,2013 - 2014,
,,2014 - 2015,
,,2015 - 2016,
,,2016 - 2017,
,,2017 - 2018,
,,2018 - 2019,
,,2019 - 2020,
,,2020 - 2021,
,,2021 - 2022,
,,2022 - 2023,
,Sheohar,2000 - 2001,1.6
,,2001 - 2002,
,,2002 - 2003,
,,2003 - 2004,1.23
,,2004 - 2005,
,,2005 - 2006,1.91
,,2006 - 2007,1.07
,,2007 - 2008,
,,2008 - 2009,
,,2009 - 2010,
,,2010 - 2011,
,,2011 - 2012,
,,2012 - 2013,
,,2013 - 2014,
,,2014 - 2015,
,,2015 - 2016,
,,2016 - 2017,
,,2017 - 2018,
,,2018 - 2019,
,,2019 - 2020,
,,2020 - 2021,
,,2021 - 2022,
,,2022 - 2023,
,Sitamarhi,2000 - 2001,1.98
,,2001 - 2002,
,,2002 - 2003,
,,2003 - 2004,1.68
,,2004 - 2005,1.78
,,2005 - 2006,1.75
,,2006 - 2007,1.37
,,2007 - 2008,
,,2008 - 2009,
,,2009 - 2010,
,,2010 - 2011,
,,2011 - 2012,
,,2012 - 2013,
,,2013 - 2014,
,,2014 - 2015,
,,2015 - 2016,
,,2016 - 2017,
,,2017 - 2018,
,,2018 - 2019,
,,2019 - 2020,
,,2020 - 2021,
,,2021 - 2022,
,,2022 - 2023,
,Siwan,2000 - 2001,1.7
,,2001 - 2002,
,,2002 - 2003,
,,2003 - 2004,1.59
,,2004 - 2005,1.31
,,2005 - 2006,1.3
,,2006 - 2007,1.44
,,2007 - 2008,
,,2008 - 2009,
,,2009 - 2010,
,,2010 - 2011,
,,2011 - 2012,
,,2012 - 2013,
,,2013 - 2014,
,,2014 - 2015,
,,2015 - 2016,
,,2016 - 2017,
,,2017 - 2018,
,,2018 - 2019,
,,2019 - 2020,
,,2020 - 2021,
,,2021 - 2022,
,,2022 - 2023,
,Supaul,2000 - 2001,2.29
,,2001 - 2002,
,,2002 - 2003,
,,2003 - 2004,2.93
,,2004 - 2005,3.04
,,2005 - 2006,3.02
,,2006 - 2007,2.27
,,2007 - 2008,
,,2008 - 2009,
,,2009 - 2010,
,,2010 - 2011,
,,2011 - 2012,
,,2012 - 2013,
,,2013 - 2014,
,,2014 - 2015,
,,2015 - 2016,
,,2016 - 2017,
,,2017 - 2018,
,,2018 - 2019,
,,2019 - 2020,
,,2020 - 2021,
,,2021 - 2022,
,,2022 - 2023,
,Vaishali,2000 - 2001,2.08
,,2001 - 2002,
,,2002 - 2003,
,,2003 - 2004,1.19
,,2004 - 2005,1.85
,,2005 - 2006,1.87
,,2006 - 2007,1.5
,,2007 - 2008,
,,2008 - 2009,
,,2009 - 2010,
,,2010 - 2011,
,,2011 - 2012,
,,2012 - 2013,
,,2013 - 2014,
,,2014 - 2015,
,,2015 - 2016,
,,2016 - 2017,
,,2017 - 2018,
,,2018 - 2019,
,,2019 - 2020,
,,2020 - 2021,
,,2021 - 2022,
,,2022 - 2023,
Chandigarh,Chandigarh,2000 - 2001,2.5
,,2001 - 2002,2.25
,,2002 - 2003,2.25
,,2003 - 2004,2.0
,,2004 - 2005,2.0
,,2005 - 2006,2.0
,,2006 - 2007,2.0
,,2007 - 2008,2.0
,,2008 - 2009,2.08
,,2009 - 2010,2.17
,,2010 - 2011,2.2
,,2011 - 2012,2.2
,,2012 - 2013,2.28
,,2013 - 2014,2.28
,,2014 - 2015,2.0
,,2015 - 2016,2.0
,,2019 - 2020,3.0
,,2020 - 2021,3.0
,,2021 - 2022,2.89
,,2022 - 2023,3.0
Chhattisgarh,Balod,2011 - 2012,1.19
,,2012 - 2013,1.4
,,2013 - 2014,1.61
,,2014 - 2015,1.22
,,2015 - 2016,1.27
,,2016 - 2017,1.98
,,2017 - 2018,1.47
,,2018 - 2019,1.66
,,2019 - 2020,2.14
,,2020 - 2021,2.06
,,2021 - 2022,2.2
,,2022 - 2023,2.44
,Baloda bazar,2011 - 2012,1.09
,,2012 - 2013,1.61
,,2013 - 2014,1.74
,,2014 - 2015,1.7
,,2015 - 2016,1.33
,,2016 - 2017,1.96
,,2017 - 2018,1.69
,,2018 - 2019,1.57
,,2019 - 2020,2.12
,,2020 - 2021,2.46
,,2021 - 2022,2.28
,,2022 - 2023,2.62
,Balrampur,2011 - 2012,1.4
,,2012 - 2013,2.04
,,2013 - 2014,2.03
,,2014 - 2015,1.79
,,2015 - 2016,1.72
,,2016 - 2017,2.9
,,2017 - 2018,2.85
,,2018 - 2019,2.72
,,2019 - 2020,3.22
,,2020 - 2021,3.56
,,2021 - 2022,3.1
,,2022 - 2023,2.92
,Bastar,2000 - 2001,1.63
,,2001 - 2002,0.97
,,2002 - 2003,1.56
,,2003 - 2004,1.69
,,2004 - 2005,1.74
,,2005 - 2006,1.29
,,2006 - 2007,1.47
,,2007 - 2008,1.78
,,2008 - 2009,1.6
,,2009 - 2010,1.93
,,2010 - 2011,2.0
,,2011 - 2012,2.06
,,2012 - 2013,2.35
,,2013 - 2014,2.34
,,2014 - 2015,2.0
,,2015 - 2016,2.32
,,2016 - 2017,3.28
,,2017 - 2018,3.26
,,2018 - 2019,3.29
,,2019 - 2020,3.47
,,2020 - 2021,4.58
,,2021 - 2022,3.84
,,2022 - 2023,4.89
,Bemetara,2011 - 2012,1.18
,,2012 - 2013,1.6
,,2013 - 2014,0.88
,,2014 - 2015,1.39
,,2015 - 2016,1.36
,,2016 - 2017,2.0
,,2017 - 2018,0.79
,,2018 - 2019,1.78
,,2019 - 2020,2.37
,,2020 - 2021,2.35
,,2021 - 2022,1.88
,,2022 - 2023,1.92
,Bijapur,2006 - 2007,0.0
,,2007 - 2008,1.7
,,2008 - 2009,0.78
,,2009 - 2010,1.04
,,2010 - 2011,1.47
,,2011 - 2012,2.06
,,2012 - 2013,2.02
,,2013 - 2014,2.56
,,2014 - 2015,2.13
,,2015 - 2016,1.2
,,2016 - 2017,2.31
,,2017 - 2018,2.32
,,2018 - 2019,1.83
,,2019 - 2020,2.9
,,2020 - 2021,3.87
,,2021 - 2022,3.32
,,2022 - 2023,3.2
,Bilaspur,2000 - 2001,0.97
,,2001 - 2002,0.72
,,2002 - 2003,1.2
,,2003 - 2004,1.24
,,2004 - 2005,1.32
,,2005 - 2006,1.16
,,2006 - 2007,1.19
,,2007 - 2008,1.35
,,2008 - 2009,1.26
,,2009 - 2010,1.62
,,2010 - 2011,1.74
,,2011 - 2012,1.37
,,2012 - 2013,1.78
,,2013 - 2014,1.87
,,2014 - 2015,1.82
,,2015 - 2016,1.54
,,2016 - 2017,2.27
,,2017 - 2018,1.97
,,2018 - 2019,2.37
,,2019 - 2020,2.67
,,2020 - 2021,2.68
,,2021 - 2022,2.37
,,2022 - 2023,2.63
,Dantewada,2000 - 2001,1.49
,,2001 - 2002,0.88
,,2002 - 2003,1.43
,,2003 - 2004,1.23
,,2004 - 2005,1.54
,,2005 - 2006,1.1
,,2006 - 2007,1.5
,,2007 - 2008,1.72
,,2008 - 2009,1.48
,,2009 - 2010,1.04
,,2010 - 2011,2.13
,,2011 - 2012,2.06
,,2012 - 2013,1.92
,,2013 - 2014,2.56
,,2014 - 2015,2.13
,,2015 - 2016,1.6
,,2016 - 2017,2.9
,,2017 - 2018,1.84
,,2018 - 2019,2.67
,,2019 - 2020,2.81
,,2020 - 2021,3.54
,,2021 - 2022,3.12
,,2022 - 2023,3.06
,Dhamtari,2000 - 2001,0.91
,,2001 - 2002,0.66
,,2002 - 2003,1.01
,,2003 - 2004,1.25
,,2004 - 2005,1.46
,,2005 - 2006,1.05
,,2006 - 2007,1.08
,,2007 - 2008,1.26
,,2008 - 2009,1.15
,,2009 - 2010,2.47
,,2010 - 2011,2.52
,,2011 - 2012,2.26
,,2012 - 2013,2.7
,,2013 - 2014,2.94
,,2014 - 2015,2.63
,,2015 - 2016,2.61
,,2016 - 2017,3.21
,,2017 - 2018,3.35
,,2018 - 2019,3.1
,,2019 - 2020,4.09
,,2020 - 2021,8.28
,,2021 - 2022,7.54
,,2022 - 2023,7.74
,Durg,2000 - 2001,0.9
,,2001 - 2002,0.57
,,2002 - 2003,0.91
,,2003 - 2004,1.01
,,2004 - 2005,1.22
,,2005 - 2006,0.9
,,2006 - 2007,1.01
,,2007 - 2008,1.19
,,2008 - 2009,1.05
,,2009 - 2010,0.82
,,2010 - 2011,1.47
,,2011 - 2012,1.19
,,2012 - 2013,1.55
,,2013 - 2014,1.1
,,2014 - 2015,1.22
,,2015 - 2016,1.56
,,2016 - 2017,2.09
,,2017 - 2018,1.86
,,2018 - 2019,1.58
,,2019 - 2020,2.26
,,2020 - 2021,3.25
,,2021 - 2022,3.1
,,2022 - 2023,3.44
,Gariyaband,2011 - 2012,1.09
,,2012 - 2013,1.49
,,2013 - 2014,1.51
,,2014 - 2015,1.7
,,2015 - 2016,1.51
,,2016 - 2017,2.18
,,2017 - 2018,1.78
,,2018 - 2019,2.1
,,2019 - 2020,2.74
,,2020 - 2021,2.66
,,2021 - 2022,2.17
,,2022 - 2023,2.41
,Gaurella-pendra-marwahi,2019 - 2020,2.67
,,2020 - 2021,2.68
,,2021 - 2022,2.76
,,2022 - 2023,3.07
,Janjgir-champa,2000 - 2001,1.27
,,2001 - 2002,0.75
,,2002 - 2003,1.63
,,2003 - 2004,1.03
,,2004 - 2005,1.32
,,2005 - 2006,1.2
,,2006 - 2007,1.32
,,2007 - 2008,1.45
,,2008 - 2009,1.33
,,2009 - 2010,1.62
,,2010 - 2011,1.73
,,2011 - 2012,1.37
,,2012 - 2013,1.84
,,2013 - 2014,2.25
,,2014 - 2015,1.82
,,2015 - 2016,2.24
,,2016 - 2017,2.76
,,2017 - 2018,2.88
,,2018 - 2019,2.41
,,2019 - 2020,2.62
,,2020 - 2021,3.37
,,2021 - 2022,3.18
,,2022 - 2023,3.59
,Jashpur,2000 - 2001,1.51
,,2001 - 2002,0.91
,,2002 - 2003,1.39
,,2003 - 2004,1.47
,,2004 - 2005,1.69
,,2005 - 2006,1.25
,,2006 - 2007,1.16
,,2007 - 2008,1.64
,,2008 - 2009,1.43
,,2009 - 2010,1.72
,,2010 - 2011,1.7
,,2011 - 2012,1.56
,,2012 - 2013,1.85
,,2013 - 2014,2.2
,,2014 - 2015,1.87
,,2015 - 2016,1.6
,,2016 - 2017,2.38
,,2017 - 2018,2.52
,,2018 - 2019,2.21
,,2019 - 2020,3.03
,,2020 - 2021,2.93
,,2021 - 2022,2.67
,,2022 - 2023,2.97
,Kabirdham,2000 - 2001,0.66
,,2001 - 2002,0.69
,,2002 - 2003,1.44
,,2003 - 2004,0.92
,,2004 - 2005,1.14
,,2005 - 2006,0.91
,,2006 - 2007,0.93
,,2007 - 2008,1.08
,,2008 - 2009,0.99
,,2009 - 2010,1.17
,,2010 - 2011,1.44
,,2011 - 2012,1.3
,,2012 - 2013,1.54
,,2013 - 2014,1.96
,,2014 - 2015,1.51
,,2015 - 2016,1.53
,,2016 - 2017,1.72
,,2017 - 2018,1.8
,,2018 - 2019,1.36
,,2019 - 2020,2.03
,,2020 - 2021,2.08
,,2021 - 2022,2.47
,,2022 - 2023,2.75
,Kanker,2000 - 2001,1.36
,,2001 - 2002,0.97
,,2002 - 2003,0.92
,,2003 - 2004,1.62
,,2004 - 2005,1.54
,,2005 - 2006,1.62
,,2006 - 2007,1.47
,,2007 - 2008,1.98
,,2008 - 2009,1.81
,,2009 - 2010,1.93
,,2010 - 2011,2.04
,,2011 - 2012,2.06
,,2012 - 2013,1.88
,,2013 - 2014,2.23
,,2014 - 2015,1.97
,,2015 - 2016,1.92
,,2016 - 2017,2.84
,,2017 - 2018,2.71
,,2018 - 2019,3.19
,,2019 - 2020,3.34
,,2020 - 2021,4.46
,,2021 - 2022,3.94
,,2022 - 2023,3.91
,Khairgarh chhuikhadan gandai,2022 - 2023,17.94
,Kondagaon,2011 - 2012,2.06
,,2012 - 2013,2.02
,,2013 - 2014,2.34
,,2014 - 2015,2.0
,,2015 - 2016,2.44
,,2016 - 2017,2.95
,,2017 - 2018,2.92
,,2018 - 2019,2.85
,,2019 - 2020,3.76
,,2020 - 2021,4.49
,,2021 - 2022,3.96
,,2022 - 2023,4.4
,Korba,2000 - 2001,1.06
,,2001 - 2002,0.72
,,2002 - 2003,1.23
,,2003 - 2004,1.24
,,2004 - 2005,1.32
,,2005 - 2006,1.0
,,2006 - 2007,1.0
,,2007 - 2008,1.45
,,2008 - 2009,1.08
,,2009 - 2010,1.31
,,2010 - 2011,1.47
,,2011 - 2012,1.37
,,2012 - 2013,1.84
,,2013 - 2014,1.56
,,2014 - 2015,1.68
,,2015 - 2016,1.25
,,2016 - 2017,2.06
,,2017 - 2018,2.14
,,2018 - 2019,1.82
,,2019 - 2020,2.22
,,2020 - 2021,2.25
,,2021 - 2022,2.31
,,2022 - 2023,2.37
,Korea,2000 - 2001,1.35
,,2001 - 2002,0.83
,,2002 - 2003,1.24
,,2003 - 2004,1.32
,,2004 - 2005,1.17
,,2005 - 2006,0.91
,,2006 - 2007,1.1
,,2007 - 2008,1.3
,,2008 - 2009,1.34
,,2009 - 2010,1.14
,,2010 - 2011,1.63
,,2011 - 2012,1.4
,,2012 - 2013,1.8
,,2013 - 2014,1.78
,,2014 - 2015,1.71
,,2015 - 2016,1.88
,,2016 - 2017,2.0
,,2017 - 2018,2.42
,,2018 - 2019,1.86
,,2019 - 2020,2.31
,,2020 - 2021,2.12
,,2021 - 2022,2.65
,,2022 - 2023,2.94
,Mahasamund,2000 - 2001,1.1
,,2001 - 2002,0.76
,,2002 - 2003,1.65
,,2003 - 2004,0.63
,,2004 - 2005,1.0
,,2005 - 2006,0.88
,,2006 - 2007,0.95
,,2007 - 2008,1.22
,,2008 - 2009,0.96
,,2009 - 2010,1.22
,,2010 - 2011,1.57
,,2011 - 2012,1.34
,,2012 - 2013,1.6
,,2013 - 2014,1.75
,,2014 - 2015,1.56
,,2015 - 2016,1.59
,,2016 - 2017,1.95
,,2017 - 2018,1.7
,,2018 - 2019,1.88
,,2019 - 2020,2.31
,,2020 - 2021,2.39
,,2021 - 2022,2.13
,,2022 - 2023,2.36
,Manendragarh chirimiri bharatpur,2022 - 2023,2.94
,Mohla manpur ambagarh chouki,2022 - 2023,3.87
,Mungeli,2011 - 2012,1.38
,,2012 - 2013,1.78
,,2013 - 2014,1.87
,,2014 - 2015,1.82
,,2015 - 2016,1.55
,,2016 - 2017,1.07
,,2017 - 2018,2.02
,,2018 - 2019,2.2
,,2019 - 2020,2.6
,,2020 - 2021,2.26
,,2021 - 2022,2.02
,,2022 - 2023,2.24
,Narayanpur,2006 - 2007,0.0
,,2007 - 2008,1.78
,,2008 - 2009,1.6
,,2009 - 2010,1.84
,,2010 - 2011,2.01
,,2011 - 2012,2.06
,,2012 - 2013,2.35
,,2013 - 2014,2.34
,,2014 - 2015,2.0
,,2015 - 2016,1.52
,,2016 - 2017,3.31
,,2017 - 2018,2.85
,,2018 - 2019,2.69
,,2019 - 2020,3.39
,,2020 - 2021,3.36
,,2021 - 2022,3.07
,,2022 - 2023,3.3
,Raigarh,2000 - 2001,1.18
,,2001 - 2002,0.8
,,2002 - 2003,1.39
,,2003 - 2004,1.29
,,2004 - 2005,1.36
,,2005 - 2006,1.36
,,2006 - 2007,1.4
,,2007 - 2008,1.64
,,2008 - 2009,1.5
,,2009 - 2010,1.28
,,2010 - 2011,1.82
,,2011 - 2012,1.56
,,2012 - 2013,2.02
,,2013 - 2014,2.13
,,2014 - 2015,2.06
,,2015 - 2016,2.1
,,2016 - 2017,2.47
,,2017 - 2018,2.49
,,2018 - 2019,2.38
,,2019 - 2020,2.81
,,2020 - 2021,3.49
,,2021 - 2022,3.13
,,2022 - 2023,3.64
,Raipur,2000 - 2001,0.95
,,2001 - 2002,0.58
,,2002 - 2003,1.13
,,2003 - 2004,0.95
,,2004 - 2005,1.06
,,2005 - 2006,0.88
,,2006 - 2007,0.97
,,2007 - 2008,1.13
,,2008 - 2009,1.07
,,2009 - 2010,1.25
,,2010 - 2011,1.27
,,2011 - 2012,1.09
,,2012 - 2013,1.61
,,2013 - 2014,1.89
,,2014 - 2015,1.7
,,2015 - 2016,1.49
,,2016 - 2017,1.84
,,2017 - 2018,1.92
,,2018 - 2019,2.22
,,2019 - 2020,2.7
,,2020 - 2021,3.73
,,2021 - 2022,3.3
,,2022 - 2023,3.66
,Rajnandgaon,2000 - 2001,1.0
,,2001 - 2002,0.68
,,2002 - 2003,1.1
,,2003 - 2004,1.09
,,2004 - 2005,1.27
,,2005 - 2006,0.99
,,2006 - 2007,1.1
,,2007 - 2008,1.27
,,2008 - 2009,0.97
,,2009 - 2010,0.89
,,2010 - 2011,1.44
,,2011 - 2012,1.3
,,2012 - 2013,1.54
,,2013 - 2014,1.57
,,2014 - 2015,1.51
,,2015 - 2016,1.46
,,2016 - 2017,2.09
,,2017 - 2018,2.02
,,2018 - 2019,2.02
,,2019 - 2020,2.29
,,2020 - 2021,3.95
,,2021 - 2022,3.49
,,2022 - 2023,3.92
,Sakti,2022 - 2023,3.5
,Sarangarh bilaigarh,2022 - 2023,2.62
,Sukma,2011 - 2012,2.06
,,2012 - 2013,1.91
,,2013 - 2014,2.56
,,2014 - 2015,2.17
,,2015 - 2016,2.18
,,2016 - 2017,2.83
,,2017 - 2018,2.95
,,2018 - 2019,2.92
,,2019 - 2020,3.78
,,2020 - 2021,4.18
,,2021 - 2022,3.59
,,2022 - 2023,3.75
,Surajpur,2011 - 2012,1.39
,,2012 - 2013,1.75
,,2013 - 2014,1.9
,,2014 - 2015,1.79
,,2015 - 2016,2.0
,,2016 - 2017,1.89
,,2017 - 2018,2.37
,,2018 - 2019,2.56
,,2019 - 2020,3.21
,,2020 - 2021,2.11
,,2021 - 2022,2.98
,,2022 - 2023,3.12
,Surguja,2000 - 2001,1.35
,,2001 - 2002,0.57
,,2002 - 2003,1.24
,,2003 - 2004,1.32
,,2004 - 2005,1.34
,,2005 - 2006,0.91
,,2006 - 2007,1.23
,,2007 - 2008,1.49
,,2008 - 2009,1.35
,,2009 - 2010,1.14
,,2010 - 2011,1.76
,,2011 - 2012,1.4
,,2012 - 2013,2.02
,,2013 - 2014,2.03
,,2014 - 2015,1.79
,,2015 - 2016,2.03
,,2016 - 2017,2.17
,,2017 - 2018,2.14
,,2018 - 2019,2.34
,,2019 - 2020,2.77
,,2020 - 2021,3.23
,,2021 - 2022,2.85
,,2022 - 2023,2.97
Dadra and Nagar Haveli,Dadra and Nagar Haveli,2000 - 2001,
,,2001 - 2002,
,,2002 - 2003,1.05
,,2003 - 2004,1.05
,,2004 - 2005,1.1
,,2005 - 2006,1.1
,,2006 - 2007,0.83
,,2010 - 2011,1.0
,,2011 - 2012,1.0
,,2012 - 2013,1.0
,,2013 - 2014,1.0
,,2014 - 2015,1.0
,,2015 - 2016,1.0
,,2016 - 2017,1.0
,,2017 - 2018,1.07
,,2018 - 2019,1.0
,,2019 - 2020,1.0
Delhi,Delhi_total,2008 - 2009,1.83
,,2009 - 2010,21.96
,,2010 - 2011,21.95
,,2011 - 2012,22.18
,,2012 - 2013,22.38
,,2013 - 2014,22.38
,,2014 - 2015,22.37
,,2015 - 2016,5.12
,,2016 - 2017,5.12
,,2017 - 2018,4.83
,,2018 - 2019,5.1
,,2019 - 2020,5.1
Gujarat,Ahmadabad,2000 - 2001,0.8
,,2001 - 2002,2.07
,,2002 - 2003,1.7
,,2003 - 2004,1.71
,,2005 - 2006,1.5
,,2009 - 2010,1.0
,,2010 - 2011,2.0
,,2016 - 2017,1.67
,,2017 - 2018,
,,2019 - 2020,1.4
,Amreli,2000 - 2001,0.76
,,2001 - 2002,1.97
,,2002 - 2003,1.67
,,2003 - 2004,1.68
,,2004 - 2005,1.0
,,2005 - 2006,1.55
,,2006 - 2007,0.32
,,2007 - 2008,1.33
,,2008 - 2009,1.5
,,2009 - 2010,1.0
,,2010 - 2011,1.63
,,2012 - 2013,2.0
,,2014 - 2015,
,,2016 - 2017,
,,2018 - 2019,1.77
,,2019 - 2020,1.49
,,2021 - 2022,1.95
,,2022 - 2023,
,Anand,2007 - 2008,1.0
,,2008 - 2009,1.5
,,2009 - 2010,0.8
,,2010 - 2011,1.0
,,2011 - 2012,1.5
,,2012 - 2013,1.5
,,2013 - 2014,1.27
,,2014 - 2015,1.25
,,2015 - 2016,1.32
,,2016 - 2017,1.68
,,2017 - 2018,1.55
,,2018 - 2019,1.77
,,2019 - 2020,1.5
,,2020 - 2021,1.52
,,2021 - 2022,1.94
,,2022 - 2023,1.93
,Aravalli,2014 - 2015,1.33
,,2015 - 2016,2.33
,,2016 - 2017,1.85
,,2017 - 2018,1.34
,,2018 - 2019,2.45
,,2019 - 2020,1.84
,,2020 - 2021,1.96
,,2021 - 2022,2.95
,,2022 - 2023,2.61
,Banas kantha,2000 - 2001,1.52
,,2001 - 2002,3.12
,,2002 - 2003,0.83
,,2003 - 2004,2.73
,,2004 - 2005,2.0
,,2005 - 2006,2.36
,,2006 - 2007,1.55
,,2007 - 2008,2.7
,,2008 - 2009,1.77
,,2009 - 2010,1.59
,,2010 - 2011,2.2
,,2011 - 2012,2.15
,,2012 - 2013,1.72
,,2013 - 2014,1.84
,,2014 - 2015,1.7
,,2015 - 2016,1.66
,,2016 - 2017,1.52
,,2017 - 2018,1.93
,,2018 - 2019,2.71
,,2019 - 2020,1.9
,,2020 - 2021,1.97
,,2021 - 2022,2.32
,,2022 - 2023,2.15
,Bharuch,2000 - 2001,0.76
,,2001 - 2002,1.99
,,2002 - 2003,1.66
,,2003 - 2004,1.76
,,2004 - 2005,0.91
,,2005 - 2006,1.59
,,2006 - 2007,0.3
,,2007 - 2008,1.39
,,2008 - 2009,1.43
,,2009 - 2010,0.96
,,2010 - 2011,1.65
,,2011 - 2012,1.39
,,2012 - 2013,1.69
,,2013 - 2014,1.27
,,2014 - 2015,1.25
,,2015 - 2016,1.32
,,2016 - 2017,1.68
,,2017 - 2018,1.55
,,2018 - 2019,1.77
,,2019 - 2020,1.5
,,2020 - 2021,1.52
,,2021 - 2022,1.95
,Bhavnagar,2000 - 2001,0.75
,,2001 - 2002,1.97
,,2002 - 2003,1.73
,,2003 - 2004,2.0
,,2004 - 2005,1.0
,,2005 - 2006,1.56
,,2006 - 2007,0.29
,,2007 - 2008,1.39
,,2008 - 2009,1.46
,,2009 - 2010,0.95
,,2010 - 2011,1.63
,,2011 - 2012,1.36
,,2012 - 2013,1.67
,,2013 - 2014,1.27
,,2014 - 2015,1.25
,,2015 - 2016,1.32
,,2016 - 2017,1.68
,,2017 - 2018,
,,2018 - 2019,
,,2019 - 2020,
,,2020 - 2021,1.52
,,2021 - 2022,1.95
,,2022 - 2023,1.91
,Botad,2014 - 2015,1.25
,,2015 - 2016,1.32
,,2016 - 2017,1.69
,,2018 - 2019,1.75
,,2019 - 2020,1.49
,,2020 - 2021,1.4
,Chhotaudepur,2014 - 2015,2.14
,,2015 - 2016,2.14
,,2016 - 2017,2.43
,,2017 - 2018,2.23
,,2018 - 2019,0.56
,,2019 - 2020,1.74
,,2020 - 2021,1.5
,,2021 - 2022,1.7
,,2022 - 2023,1.6
,Dang,2000 - 2001,0.75
,,2001 - 2002,2.0
,,2002 - 2003,1.75
,,2004 - 2005,1.0
,,2005 - 2006,1.6
,,2006 - 2007,0.32
,,2007 - 2008,1.36
,,2008 - 2009,1.42
,,2009 - 2010,0.97
,,2010 - 2011,1.63
,,2011 - 2012,1.37
,,2012 - 2013,1.64
,,2013 - 2014,1.27
,,2015 - 2016,1.32
,,2016 - 2017,1.68
,,2019 - 2020,
,,2020 - 2021,1.52
,,2021 - 2022,1.95
,,2022 - 2023,1.91
,Devbhumi dwarka,2017 - 2018,1.55
,Dohad,2003 - 2004,1.81
,,2004 - 2005,0.64
,,2005 - 2006,1.43
,,2006 - 2007,0.14
,,2007 - 2008,1.08
,,2008 - 2009,1.38
,,2009 - 2010,0.87
,,2010 - 2011,1.7
,,2011 - 2012,1.21
,,2012 - 2013,1.68
,,2013 - 2014,0.81
,,2014 - 2015,0.86
,,2015 - 2016,1.19
,,2016 - 2017,1.44
,,2017 - 2018,1.49
,,2018 - 2019,2.0
,,2019 - 2020,1.36
,,2020 - 2021,1.44
,,2021 - 2022,1.77
,,2022 - 2023,1.86
,Gandhinagar,2000 - 2001,0.5
,,2001 - 2002,2.0
,,2002 - 2003,2.0
,,2003 - 2004,1.71
,,2006 - 2007,0.3
,,2007 - 2008,1.25
,,2008 - 2009,1.5
,,2009 - 2010,1.0
,,2010 - 2011,2.0
,,2011 - 2012,1.2
,,2012 - 2013,1.67
,,2013 - 2014,1.26
,,2014 - 2015,
,,2015 - 2016,
,,2017 - 2018,1.55
,,2018 - 2019,1.75
,,2019 - 2020,1.4
,,2021 - 2022,1.92
,,2022 - 2023,1.93
,Gir somnath,2018 - 2019,
,,2019 - 2020,
,,2021 - 2022,
,,2022 - 2023,
,Jamnagar,2000 - 2001,0.75
,,2001 - 2002,2.0
,,2002 - 2003,1.7
,,2003 - 2004,1.73
,,2004 - 2005,0.9
,,2005 - 2006,1.63
,,2006 - 2007,0.31
,,2007 - 2008,1.39
,,2008 - 2009,1.42
,,2009 - 2010,0.91
,,2010 - 2011,1.63
,,2017 - 2018,
,,2018 - 2019,1.78
,Junagadh,2000 - 2001,0.5
,,2002 - 2003,1.0
,,2010 - 2011,
,,2014 - 2015,
,,2015 - 2016,1.3
,,2018 - 2019,
,,2019 - 2020,1.4
,,2020 - 2021,
,Kachchh,2012 - 2013,1.71
,,2013 - 2014,1.27
,,2014 - 2015,1.25
,,2015 - 2016,1.32
,,2016 - 2017,1.69
,,2017 - 2018,1.55
,,2019 - 2020,
,,2021 - 2022,
,Kheda,2000 - 2001,1.55
,,2001 - 2002,2.0
,,2002 - 2003,2.79
,,2003 - 2004,1.72
,,2004 - 2005,1.37
,,2005 - 2006,1.58
,,2006 - 2007,0.67
,,2007 - 2008,1.12
,,2008 - 2009,1.49
,,2009 - 2010,0.89
,,2010 - 2011,1.8
,,2011 - 2012,1.72
,,2012 - 2013,1.82
,,2013 - 2014,1.51
,,2014 - 2015,1.62
,,2015 - 2016,1.8
,,2016 - 2017,2.32
,,2017 - 2018,1.55
,,2018 - 2019,1.77
,,2019 - 2020,1.5
,,2020 - 2021,1.52
,,2021 - 2022,1.95
,,2022 - 2023,1.91
,Mahesana,2000 - 2001,0.67
,,2001 - 2002,2.25
,,2002 - 2003,1.67
,,2003 - 2004,1.75
,,2004 - 2005,1.0
,,2005 - 2006,1.5
,,2006 - 2007,1.0
,,2007 - 2008,1.0
,,2008 - 2009,1.45
,,2009 - 2010,1.0
,,2010 - 2011,1.67
,,2011 - 2012,1.2
,,2012 - 2013,1.5
,,2013 - 2014,1.27
,,2014 - 2015,1.25
,,2015 - 2016,1.32
,,2016 - 2017,1.68
,,2017 - 2018,1.55
,,2018 - 2019,1.79
,,2019 - 2020,1.5
,,2020 - 2021,1.52
,,2021 - 2022,1.95
,,2022 - 2023,1.91
,Mahisagar,2014 - 2015,1.37
,,2015 - 2016,0.9
,,2016 - 2017,1.23
,,2017 - 2018,1.18
,,2018 - 2019,1.43
,,2019 - 2020,1.22
,,2020 - 2021,1.04
,,2021 - 2022,2.1
,,2022 - 2023,1.84
,Morbi,2017 - 2018,
,,2018 - 2019,1.77
,,2019 - 2020,1.4
,,2020 - 2021,
,Narmada,2003 - 2004,2.34
,,2004 - 2005,0.91
,,2005 - 2006,1.58
,,2006 - 2007,1.0
,,2007 - 2008,1.49
,,2008 - 2009,1.45
,,2009 - 2010,0.96
,,2010 - 2011,1.64
,,2011 - 2012,1.38
,,2012 - 2013,1.69
,,2013 - 2014,1.27
,,2014 - 2015,1.39
,,2015 - 2016,1.33
,,2016 - 2017,1.43
,,2017 - 2018,1.49
,,2018 - 2019,1.77
,,2019 - 2020,1.81
,,2020 - 2021,1.81
,,2021 - 2022,1.82
,,2022 - 2023,1.82
,Navsari,2013 - 2014,
,,2014 - 2015,
,,2015 - 2016,
,,2016 - 2017,1.63
,,2017 - 2018,1.54
,,2018 - 2019,
,,2019 - 2020,
,,2020 - 2021,1.5
,,2021 - 2022,1.94
,,2022 - 2023,1.89
,Panch mahals,2000 - 2001,0.56
,,2001 - 2002,1.86
,,2002 - 2003,1.93
,,2003 - 2004,1.35
,,2004 - 2005,0.67
,,2005 - 2006,1.31
,,2006 - 2007,0.18
,,2007 - 2008,1.3
,,2008 - 2009,1.18
,,2009 - 2010,0.76
,,2010 - 2011,1.4
,,2011 - 2012,1.21
,,2012 - 2013,1.65
,,2013 - 2014,1.61
,,2014 - 2015,1.29
,,2015 - 2016,0.78
,,2016 - 2017,1.94
,,2017 - 2018,1.51
,,2018 - 2019,1.62
,,2019 - 2020,1.48
,,2020 - 2021,1.28
,,2021 - 2022,1.44
,,2022 - 2023,1.58
,Patan,2010 - 2011,
,,2017 - 2018,1.55
,,2020 - 2021,1.6
,,2021 - 2022,1.95
,Porbandar,2009 - 2010,1.0
,,2010 - 2011,
,,2014 - 2015,1.23
,,2022 - 2023,
,Rajkot,2000 - 2001,0.67
,,2001 - 2002,2.33
,,2002 - 2003,1.64
,,2003 - 2004,1.72
,,2004 - 2005,1.0
,,2005 - 2006,1.75
,,2006 - 2007,0.25
,,2007 - 2008,1.43
,,2008 - 2009,1.38
,,2009 - 2010,1.0
,,2010 - 2011,1.62
,,2012 - 2013,1.5
,,2013 - 2014,1.27
,,2014 - 2015,1.25
,,2015 - 2016,1.32
,,2016 - 2017,1.68
,,2017 - 2018,1.55
,,2018 - 2019,1.77
,,2019 - 2020,1.48
,,2020 - 2021,1.5
,,2021 - 2022,1.96
,Sabar kantha,2000 - 2001,0.86
,,2001 - 2002,2.15
,,2002 - 2003,1.26
,,2003 - 2004,1.82
,,2004 - 2005,1.13
,,2005 - 2006,1.96
,,2006 - 2007,0.59
,,2007 - 2008,1.45
,,2008 - 2009,1.45
,,2009 - 2010,1.03
,,2010 - 2011,1.61
,,2011 - 2012,1.46
,,2012 - 2013,1.46
,,2013 - 2014,1.16
,,2014 - 2015,1.71
,,2015 - 2016,1.85
,,2016 - 2017,1.62
,,2017 - 2018,1.79
,,2018 - 2019,1.76
,,2019 - 2020,1.6
,,2020 - 2021,2.35
,,2021 - 2022,2.97
,,2022 - 2023,2.32
,Surat,2000 - 2001,0.75
,,2001 - 2002,2.0
,,2002 - 2003,1.75
,,2003 - 2004,1.74
,,2004 - 2005,0.95
,,2005 - 2006,1.55
,,2006 - 2007,0.3
,,2007 - 2008,1.37
,,2008 - 2009,1.36
,,2009 - 2010,1.0
,,2010 - 2011,1.78
,,2011 - 2012,1.4
,,2012 - 2013,1.71
,,2013 - 2014,1.27
,,2014 - 2015,1.47
,,2015 - 2016,1.45
,,2016 - 2017,1.61
,,2017 - 2018,1.55
,,2018 - 2019,1.77
,,2019 - 2020,1.8
,,2020 - 2021,1.56
,,2021 - 2022,1.69
,,2022 - 2023,2.35
,Surendranagar,2004 - 2005,1.0
,,2013 - 2014,
,,2014 - 2015,1.27
,,2017 - 2018,1.6
,,2019 - 2020,
,Tapi,2008 - 2009,1.38
,,2009 - 2010,1.0
,,2010 - 2011,1.6
,,2011 - 2012,1.5
,,2012 - 2013,1.56
,,2013 - 2014,1.27
,,2014 - 2015,1.93
,,2015 - 2016,2.64
,,2016 - 2017,3.25
,,2017 - 2018,3.73
,,2018 - 2019,3.01
,,2019 - 2020,2.97
,,2020 - 2021,3.15
,,2021 - 2022,2.78
,,2022 - 2023,1.99
,Vadodara,2000 - 2001,0.93
,,2001 - 2002,1.92
,,2002 - 2003,1.67
,,2003 - 2004,1.63
,,2004 - 2005,1.12
,,2005 - 2006,1.44
,,2006 - 2007,0.95
,,2007 - 2008,1.77
,,2008 - 2009,2.09
,,2009 - 2010,1.47
,,2010 - 2011,1.97
,,2011 - 2012,1.94
,,2012 - 2013,1.96
,,2013 - 2014,1.99
,,2014 - 2015,1.61
,,2015 - 2016,1.47
,,2016 - 2017,1.97
,,2017 - 2018,1.55
,,2018 - 2019,1.77
,,2019 - 2020,1.5
,,2020 - 2021,1.52
,,2021 - 2022,1.95
,,2022 - 2023,1.91
,Valsad,2013 - 2014,1.33
,,2014 - 2015,1.33
,,2015 - 2016,1.31
,,2017 - 2018,
,,2018 - 2019,
Haryana,Ambala,2000 - 2001,2.29
,,2001 - 2002,2.92
,,2002 - 2003,1.84
,,2003 - 2004,2.27
,,2004 - 2005,2.32
,,2005 - 2006,2.21
,,2006 - 2007,2.8
,,2007 - 2008,3.11
,,2008 - 2009,2.66
,,2009 - 2010,2.54
,,2010 - 2011,1.32
,,2011 - 2012,2.73
,,2012 - 2013,3.75
,,2013 - 2014,4.0
,,2015 - 2016,2.33
,,2016 - 2017,2.33
,,2018 - 2019,5.0
,,2019 - 2020,4.75
,,2020 - 2021,3.59
,,2021 - 2022,3.94
,,2022 - 2023,3.45
,Bhiwani,2000 - 2001,0.0
,,2001 - 2002,0.0
,,2002 - 2003,0.0
,,2003 - 2004,0.0
,,2004 - 2005,0.0
,,2005 - 2006,0.0
,,2006 - 2007,0.0
,,2007 - 2008,0.0
,,2008 - 2009,0.0
,,2009 - 2010,0.0
,,2010 - 2011,0.0
,,2011 - 2012,0.0
,,2012 - 2013,0.0
,,2017 - 2018,2.0
,,2019 - 2020,2.83
,,2020 - 2021,2.0
,,2021 - 2022,4.0
,Charki dadri,2019 - 2020,3.0
,,2020 - 2021,0.67
,,2021 - 2022,0.0
,Faridabad,2000 - 2001,2.62
,,2001 - 2002,3.22
,,2002 - 2003,2.51
,,2003 - 2004,0.0
,,2004 - 2005,0.0
,,2005 - 2006,0.0
,,2006 - 2007,0.0
,,2007 - 2008,0.0
,,2008 - 2009,0.0
,,2010 - 2011,0.0
,,2011 - 2012,0.0
,,2019 - 2020,3.0
,,2020 - 2021,3.0
,,2021 - 2022,3.0
,,2022 - 2023,3.5
,Fatehabad,2000 - 2001,0.0
,,2001 - 2002,0.0
,,2002 - 2003,0.0
,,2003 - 2004,0.0
,,2004 - 2005,0.0
,,2005 - 2006,0.0
,,2006 - 2007,0.0
,,2008 - 2009,0.0
,,2009 - 2010,0.0
,,2010 - 2011,0.0
,,2011 - 2012,0.0
,,2012 - 2013,0.0
,,2020 - 2021,2.78
,,2021 - 2022,1.62
,,2022 - 2023,2.0
,Gurgaon,2000 - 2001,0.0
,,2001 - 2002,0.0
,,2002 - 2003,0.0
,,2003 - 2004,0.0
,,2004 - 2005,0.0
,,2005 - 2006,0.0
,,2006 - 2007,0.0
,,2007 - 2008,0.0
,,2008 - 2009,0.0
,,2009 - 2010,0.0
,,2010 - 2011,0.0
,,2011 - 2012,0.0
,,2019 - 2020,3.0
,,2020 - 2021,3.0
,,2021 - 2022,2.94
,,2022 - 2023,3.0
,Hisar,2000 - 2001,0.0
,,2001 - 2002,0.0
,,2002 - 2003,0.0
,,2003 - 2004,0.0
,,2004 - 2005,0.0
,,2005 - 2006,0.0
,,2006 - 2007,0.0
,,2007 - 2008,0.0
,,2008 - 2009,0.0
,,2009 - 2010,0.0
,,2010 - 2011,0.0
,,2011 - 2012,0.0
,,2012 - 2013,0.0
,,2016 - 2017,3.0
,,2017 - 2018,2.0
,,2019 - 2020,4.57
,,2020 - 2021,3.75
,,2021 - 2022,3.91
,,2022 - 2023,3.5
,Jhajjar,2000 - 2001,0.0
,,2001 - 2002,0.0
,,2002 - 2003,0.0
,,2003 - 2004,0.0
,,2004 - 2005,0.0
,,2005 - 2006,0.0
,,2006 - 2007,0.0
,,2007 - 2008,0.0
,,2008 - 2009,0.0
,,2009 - 2010,0.0
,,2010 - 2011,0.0
,,2011 - 2012,0.0
,,2012 - 2013,0.0
,,2015 - 2016,3.0
,,2016 - 2017,3.0
,,2017 - 2018,1.0
,,2018 - 2019,3.0
,,2019 - 2020,2.88
,,2020 - 2021,3.33
,,2021 - 2022,3.12
,,2022 - 2023,3.33
,Jind,2000 - 2001,0.0
,,2001 - 2002,0.0
,,2002 - 2003,0.0
,,2003 - 2004,4.19
,,2005 - 2006,0.0
,,2007 - 2008,0.0
,,2019 - 2020,1.78
,,2020 - 2021,2.67
,,2021 - 2022,3.33
,,2022 - 2023,3.0
,Kaithal,2000 - 2001,0.0
,,2001 - 2002,0.0
,,2002 - 2003,0.0
,,2003 - 2004,0.0
,,2004 - 2005,0.0
,,2005 - 2006,0.0
,,2006 - 2007,0.0
,,2007 - 2008,0.0
,,2008 - 2009,0.0
,,2009 - 2010,0.0
,,2010 - 2011,0.0
,,2011 - 2012,0.0
,,2012 - 2013,0.0
,,2019 - 2020,2.83
,,2020 - 2021,3.0
,,2021 - 2022,3.33
,,2022 - 2023,3.5
,Karnal,2000 - 2001,3.74
,,2001 - 2002,6.17
,,2002 - 2003,0.0
,,2003 - 2004,0.0
,,2004 - 2005,0.0
,,2005 - 2006,0.0
,,2006 - 2007,0.0
,,2007 - 2008,3.55
,,2008 - 2009,2.06
,,2009 - 2010,6.97
,,2010 - 2011,0.0
,,2011 - 2012,0.0
,,2012 - 2013,0.0
,,2015 - 2016,3.0
,,2016 - 2017,3.0
,,2017 - 2018,3.0
,,2019 - 2020,2.83
,,2020 - 2021,3.3
,,2021 - 2022,4.81
,,2022 - 2023,3.33
,Kurukshetra,2000 - 2001,0.0
,,2001 - 2002,0.0
,,2002 - 2003,0.0
,,2003 - 2004,0.0
,,2004 - 2005,0.0
,,2005 - 2006,0.0
,,2006 - 2007,0.0
,,2007 - 2008,0.0
,,2008 - 2009,2.78
,,2009 - 2010,0.0
,,2010 - 2011,0.0
,,2011 - 2012,3.55
,,2012 - 2013,0.0
,,2014 - 2015,2.0
,,2015 - 2016,3.1
,,2016 - 2017,3.08
,,2017 - 2018,4.0
,,2019 - 2020,2.67
,,2020 - 2021,2.49
,,2021 - 2022,2.86
,,2022 - 2023,3.33
,Mahendragarh,2000 - 2001,0.0
,,2002 - 2003,0.0
,,2005 - 2006,0.0
,,2021 - 2022,0.0
,Mewat,2005 - 2006,0.0
,,2009 - 2010,0.0
,,2011 - 2012,0.0
,,2019 - 2020,3.0
,,2021 - 2022,0.0
,Palwal,2008 - 2009,3.85
,,2009 - 2010,0.0
,,2010 - 2011,0.0
,,2011 - 2012,0.0
,,2012 - 2013,0.0
,,2019 - 2020,3.0
,,2020 - 2021,3.0
,,2021 - 2022,3.13
,Panchkula,2000 - 2001,2.22
,,2001 - 2002,2.56
,,2002 - 2003,1.9
,,2003 - 2004,2.61
,,2004 - 2005,2.65
,,2005 - 2006,2.05
,,2006 - 2007,2.21
,,2007 - 2008,2.59
,,2008 - 2009,2.02
,,2009 - 2010,2.1
,,2010 - 2011,1.81
,,2011 - 2012,2.54
,,2012 - 2013,2.46
,,2013 - 2014,2.8
,,2014 - 2015,2.0
,,2015 - 2016,3.15
,,2016 - 2017,2.88
,,2017 - 2018,3.16
,,2018 - 2019,2.57
,,2019 - 2020,2.61
,,2020 - 2021,2.8
,,2021 - 2022,2.96
,,2022 - 2023,3.33
,Panipat,2000 - 2001,0.0
,,2001 - 2002,0.0
,,2002 - 2003,0.0
,,2003 - 2004,0.0
,,2004 - 2005,0.0
,,2005 - 2006,0.0
,,2006 - 2007,0.0
,,2007 - 2008,0.0
,,2008 - 2009,0.0
,,2009 - 2010,0.0
,,2010 - 2011,0.0
,,2011 - 2012,0.0
,,2012 - 2013,0.0
,,2019 - 2020,3.0
,,2020 - 2021,4.33
,,2021 - 2022,2.24
,,2022 - 2023,2.76
,Rewari,2002 - 2003,0.0
,,2005 - 2006,0.0
,,2008 - 2009,0.0
,,2009 - 2010,0.0
,,2020 - 2021,3.0
,,2021 - 2022,3.13
,Rohtak,2000 - 2001,0.0
,,2001 - 2002,0.0
,,2002 - 2003,0.0
,,2003 - 2004,0.0
,,2004 - 2005,0.0
,,2005 - 2006,0.0
,,2006 - 2007,0.0
,,2007 - 2008,0.0
,,2008 - 2009,3.08
,,2009 - 2010,2.04
,,2010 - 2011,2.86
,,2011 - 2012,4.36
,,2012 - 2013,3.58
,,2013 - 2014,3.0
,,2014 - 2015,2.0
,,2017 - 2018,3.2
,,2018 - 2019,2.75
,,2019 - 2020,3.0
,,2021 - 2022,3.15
,Sirsa,2000 - 2001,0.0
,,2001 - 2002,0.0
,,2003 - 2004,0.0
,,2004 - 2005,0.0
,,2005 - 2006,0.0
,,2006 - 2007,0.0
,,2007 - 2008,0.0
,,2008 - 2009,0.0
,,2009 - 2010,0.0
,,2011 - 2012,0.0
,,2012 - 2013,0.0
,,2016 - 2017,3.0
,,2017 - 2018,2.0
,,2019 - 2020,3.33
,,2020 - 2021,3.0
,,2021 - 2022,1.76
,,2022 - 2023,3.4
,Sonipat,2000 - 2001,0.0
,,2001 - 2002,0.0
,,2002 - 2003,0.0
,,2003 - 2004,4.33
,,2004 - 2005,4.33
,,2005 - 2006,3.24
,,2006 - 2007,0.0
,,2007 - 2008,4.22
,,2008 - 2009,2.17
,,2009 - 2010,1.67
,,2010 - 2011,3.88
,,2011 - 2012,5.39
,,2012 - 2013,6.04
,,2014 - 2015,2.0
,,2015 - 2016,3.0
,,2016 - 2017,4.8
,,2017 - 2018,3.0
,,2018 - 2019,2.71
,,2019 - 2020,1.75
,,2020 - 2021,2.79
,,2021 - 2022,3.31
,,2022 - 2023,3.33
,Yamunanagar,2000 - 2001,2.46
,,2001 - 2002,3.01
,,2002 - 2003,2.36
,,2003 - 2004,2.93
,,2004 - 2005,2.65
,,2005 - 2006,2.43
,,2006 - 2007,3.32
,,2007 - 2008,2.2
,,2008 - 2009,2.12
,,2009 - 2010,1.61
,,2010 - 2011,3.21
,,2011 - 2012,2.04
,,2012 - 2013,2.71
,,2013 - 2014,3.0
,,2014 - 2015,2.0
,,2016 - 2017,3.1
,,2017 - 2018,3.75
,,2019 - 2020,4.79
,,2020 - 2021,4.56
,,2021 - 2022,4.48
,,2022 - 2023,4.88
Himachal Pradesh,Bilaspur,2000 - 2001,2.22
,,2001 - 2002,2.62
,,2002 - 2003,1.45
,,2003 - 2004,2.1
,,2004 - 2005,1.98
,,2005 - 2006,1.51
,,2006 - 2007,2.09
,,2007 - 2008,2.29
,,2008 - 2009,1.93
,,2009 - 2010,1.98
,,2010 - 2011,2.68
,,2011 - 2012,2.58
,,2012 - 2013,2.38
,,2013 - 2014,2.2
,,2014 - 2015,1.89
,,2015 - 2016,2.74
,,2016 - 2017,1.98
,,2017 - 2018,2.82
,,2018 - 2019,2.0
,,2019 - 2020,2.22
,,2020 - 2021,2.59
,,2021 - 2022,1.75
,,2022 - 2023,2.04
,Chamba,2000 - 2001,2.51
,,2001 - 2002,2.95
,,2002 - 2003,1.96
,,2003 - 2004,3.04
,,2004 - 2005,2.59
,,2005 - 2006,1.23
,,2006 - 2007,2.56
,,2007 - 2008,1.75
,,2008 - 2009,2.61
,,2009 - 2010,2.67
,,2010 - 2011,3.61
,,2011 - 2012,3.47
,,2012 - 2013,3.21
,,2013 - 2014,2.97
,,2014 - 2015,2.55
,,2015 - 2016,3.69
,,2016 - 2017,2.67
,,2017 - 2018,3.69
,,2018 - 2019,2.67
,,2019 - 2020,2.57
,,2020 - 2021,2.19
,,2021 - 2022,3.75
,,2022 - 2023,3.72
,Hamirpur,2000 - 2001,2.05
,,2001 - 2002,2.25
,,2002 - 2003,1.53
,,2003 - 2004,1.88
,,2004 - 2005,1.98
,,2005 - 2006,1.62
,,2006 - 2007,2.06
,,2007 - 2008,1.99
,,2008 - 2009,1.84
,,2009 - 2010,1.92
,,2010 - 2011,2.59
,,2011 - 2012,2.49
,,2012 - 2013,2.3
,,2013 - 2014,2.13
,,2014 - 2015,1.83
,,2015 - 2016,2.65
,,2016 - 2017,1.92
,,2017 - 2018,2.65
,,2018 - 2019,2.65
,,2019 - 2020,2.65
,,2020 - 2021,1.57
,,2021 - 2022,2.21
,,2022 - 2023,1.81
,Kangra,2000 - 2001,1.84
,,2001 - 2002,0.23
,,2002 - 2003,1.16
,,2003 - 2004,1.64
,,2004 - 2005,1.57
,,2005 - 2006,1.38
,,2006 - 2007,1.61
,,2007 - 2008,1.89
,,2008 - 2009,1.83
,,2009 - 2010,1.6
,,2010 - 2011,2.17
,,2011 - 2012,2.09
,,2012 - 2013,1.93
,,2013 - 2014,1.78
,,2014 - 2015,1.53
,,2015 - 2016,2.22
,,2016 - 2017,1.6
,,2017 - 2018,2.22
,,2018 - 2019,2.18
,,2019 - 2020,2.42
,,2020 - 2021,2.33
,,2021 - 2022,2.31
,,2022 - 2023,2.05
,Kinnaur,2000 - 2001,2.29
,,2001 - 2002,2.55
,,2002 - 2003,1.61
,,2003 - 2004,2.44
,,2004 - 2005,2.13
,,2005 - 2006,1.84
,,2006 - 2007,2.33
,,2007 - 2008,2.28
,,2008 - 2009,2.27
,,2009 - 2010,2.37
,,2010 - 2011,3.2
,,2011 - 2012,3.08
,,2012 - 2013,2.85
,,2013 - 2014,2.65
,,2014 - 2015,2.27
,,2015 - 2016,3.28
,,2016 - 2017,2.37
,,2017 - 2018,3.28
,,2018 - 2019,2.55
,,2019 - 2020,2.55
,,2020 - 2021,2.73
,,2021 - 2022,2.86
,,2022 - 2023,2.65
,Kullu,2000 - 2001,3.19
,,2001 - 2002,3.25
,,2002 - 2003,0.96
,,2003 - 2004,2.84
,,2004 - 2005,2.38
,,2005 - 2006,2.62
,,2006 - 2007,2.94
,,2007 - 2008,3.04
,,2008 - 2009,2.7
,,2009 - 2010,2.84
,,2010 - 2011,3.84
,,2011 - 2012,3.69
,,2012 - 2013,3.41
,,2013 - 2014,3.17
,,2014 - 2015,2.71
,,2015 - 2016,3.93
,,2016 - 2017,2.84
,,2017 - 2018,3.93
,,2018 - 2019,2.76
,,2019 - 2020,2.66
,,2020 - 2021,2.82
,,2021 - 2022,3.44
,,2022 - 2023,3.84
,Lahul and spiti,2000 - 2001,2.29
,,2001 - 2002,2.55
,,2002 - 2003,1.61
,,2003 - 2004,2.45
,,2004 - 2005,2.13
,,2005 - 2006,1.84
,,2006 - 2007,2.33
,,2007 - 2008,2.26
,,2008 - 2009,2.27
,,2009 - 2010,1.95
,,2010 - 2011,2.57
,,2011 - 2012,2.55
,,2012 - 2013,2.35
,,2013 - 2014,2.4
,,2014 - 2015,1.86
,,2015 - 2016,2.62
,,2016 - 2017,1.85
,,2017 - 2018,2.76
,,2018 - 2019,2.74
,,2019 - 2020,2.76
,,2020 - 2021,2.75
,,2021 - 2022,2.75
,,2022 - 2023,3.5
,Mandi,2000 - 2001,2.79
,,2001 - 2002,3.11
,,2002 - 2003,2.08
,,2003 - 2004,3.33
,,2004 - 2005,2.82
,,2005 - 2006,2.44
,,2006 - 2007,3.02
,,2007 - 2008,2.76
,,2008 - 2009,2.77
,,2009 - 2010,0.26
,,2010 - 2011,0.35
,,2011 - 2012,0.34
,,2012 - 2013,0.31
,,2013 - 2014,0.29
,,2014 - 2015,0.25
,,2015 - 2016,0.36
,,2016 - 2017,0.26
,,2017 - 2018,0.36
,,2018 - 2019,2.52
,,2019 - 2020,2.56
,,2020 - 2021,4.05
,,2021 - 2022,4.26
,,2022 - 2023,3.11
,Shimla,2000 - 2001,2.04
,,2001 - 2002,2.65
,,2002 - 2003,1.5
,,2003 - 2004,2.92
,,2004 - 2005,2.42
,,2005 - 2006,2.48
,,2006 - 2007,1.86
,,2007 - 2008,1.83
,,2008 - 2009,2.16
,,2009 - 2010,2.27
,,2010 - 2011,3.06
,,2011 - 2012,2.95
,,2012 - 2013,2.72
,,2013 - 2014,2.53
,,2014 - 2015,2.16
,,2015 - 2016,3.13
,,2016 - 2017,2.27
,,2017 - 2018,3.13
,,2018 - 2019,2.65
,,2019 - 2020,2.65
,,2020 - 2021,2.75
,,2021 - 2022,2.74
,,2022 - 2023,3.3
,Sirmaur,2000 - 2001,2.89
,,2001 - 2002,2.97
,,2002 - 2003,2.33
,,2003 - 2004,2.92
,,2004 - 2005,2.05
,,2005 - 2006,2.68
,,2006 - 2007,3.26
,,2007 - 2008,2.85
,,2008 - 2009,2.73
,,2009 - 2010,2.39
,,2010 - 2011,3.23
,,2011 - 2012,3.11
,,2012 - 2013,2.87
,,2013 - 2014,2.67
,,2014 - 2015,2.28
,,2015 - 2016,3.3
,,2016 - 2017,2.66
,,2017 - 2018,3.3
,,2018 - 2019,2.89
,,2019 - 2020,2.92
,,2020 - 2021,3.85
,,2021 - 2022,4.91
,,2022 - 2023,3.62
,Solan,2000 - 2001,2.03
,,2001 - 2002,2.36
,,2002 - 2003,1.62
,,2003 - 2004,2.07
,,2004 - 2005,1.76
,,2005 - 2006,1.67
,,2006 - 2007,2.17
,,2007 - 2008,2.36
,,2008 - 2009,2.41
,,2009 - 2010,2.54
,,2010 - 2011,0.89
,,2011 - 2012,0.76
,,2012 - 2013,3.04
,,2013 - 2014,2.84
,,2014 - 2015,2.42
,,2015 - 2016,3.5
,,2016 - 2017,2.54
,,2017 - 2018,3.5
,,2018 - 2019,2.83
,,2019 - 2020,2.83
,,2020 - 2021,3.27
,,2021 - 2022,2.88
,,2022 - 2023,2.95
,Una,2000 - 2001,1.85
,,2001 - 2002,2.07
,,2002 - 2003,1.48
,,2003 - 2004,2.41
,,2004 - 2005,2.14
,,2005 - 2006,1.65
,,2006 - 2007,2.13
,,2007 - 2008,2.34
,,2008 - 2009,2.13
,,2009 - 2010,2.17
,,2010 - 2011,2.93
,,2011 - 2012,2.11
,,2012 - 2013,2.6
,,2013 - 2014,2.41
,,2014 - 2015,2.07
,,2015 - 2016,3.0
,,2016 - 2017,2.17
,,2017 - 2018,3.0
,,2018 - 2019,2.77
,,2019 - 2020,2.78
,,2020 - 2021,2.18
,,2021 - 2022,2.08
,,2022 - 2023,3.21
Jammu and Kashmir,Anantnag,2000 - 2001,1.24
,,2001 - 2002,1.0
,,2002 - 2003,0.78
,,2003 - 2004,1.32
,,2004 - 2005,0.96
,,2005 - 2006,1.13
,,2006 - 2007,1.29
,,2007 - 2008,1.51
,,2009 - 2010,1.25
,,2010 - 2011,1.56
,,2011 - 2012,1.58
,,2012 - 2013,1.58
,,2014 - 2015,1.17
,,2015 - 2016,1.36
,,2016 - 2017,1.34
,,2017 - 2018,1.71
,,2018 - 2019,2.53
,,2019 - 2020,2.49
,Badgam,2000 - 2001,0.8
,,2001 - 2002,0.58
,,2002 - 2003,0.54
,,2003 - 2004,1.53
,,2004 - 2005,0.58
,,2005 - 2006,0.62
,,2006 - 2007,0.87
,,2007 - 2008,0.88
,,2009 - 2010,0.8
,,2010 - 2011,1.04
,,2011 - 2012,0.73
,,2012 - 2013,0.95
,,2014 - 2015,1.24
,,2015 - 2016,1.98
,,2016 - 2017,2.01
,,2017 - 2018,1.48
,,2018 - 2019,1.37
,,2019 - 2020,1.87
,Bandipora,2007 - 2008,0.95
,,2009 - 2010,1.08
,,2010 - 2011,1.56
,,2011 - 2012,1.6
,,2012 - 2013,0.92
,,2014 - 2015,0.81
,,2015 - 2016,1.43
,,2016 - 2017,1.7
,,2017 - 2018,2.16
,,2018 - 2019,2.05
,,2019 - 2020,1.33
,Baramulla,2000 - 2001,0.78
,,2001 - 2002,0.66
,,2002 - 2003,0.85
,,2003 - 2004,0.92
,,2004 - 2005,0.81
,,2005 - 2006,0.98
,,2006 - 2007,1.07
,,2007 - 2008,0.95
,,2009 - 2010,1.05
,,2010 - 2011,1.23
,,2011 - 2012,0.93
,,2012 - 2013,1.06
,,2014 - 2015,1.33
,,2015 - 2016,2.44
,,2016 - 2017,1.46
,,2017 - 2018,1.44
,,2018 - 2019,1.76
,,2019 - 2020,2.03
,Doda,2000 - 2001,1.2
,,2001 - 2002,1.27
,,2002 - 2003,0.55
,,2003 - 2004,1.71
,,2004 - 2005,0.9
,,2005 - 2006,1.12
,,2006 - 2007,1.12
,,2007 - 2008,1.14
,,2009 - 2010,1.35
,,2010 - 2011,1.03
,,2011 - 2012,1.46
,,2012 - 2013,1.5
,,2014 - 2015,1.1
,,2015 - 2016,1.66
,,2016 - 2017,1.61
,,2017 - 2018,1.48
,,2018 - 2019,1.51
,,2019 - 2020,1.71
,Ganderbal,2007 - 2008,1.16
,,2009 - 2010,1.6
,,2010 - 2011,1.59
,,2011 - 2012,1.51
,,2012 - 2013,0.93
,,2014 - 2015,0.74
,,2015 - 2016,1.74
,,2016 - 2017,1.75
,,2017 - 2018,1.04
,,2018 - 2019,1.09
,,2019 - 2020,1.16
,Jammu,2000 - 2001,1.56
,,2001 - 2002,1.8
,,2002 - 2003,1.86
,,2003 - 2004,1.72
,,2004 - 2005,1.64
,,2005 - 2006,1.6
,,2006 - 2007,1.68
,,2007 - 2008,1.56
,,2009 - 2010,1.12
,,2010 - 2011,1.59
,,2011 - 2012,2.1
,,2012 - 2013,2.27
,,2014 - 2015,1.21
,,2015 - 2016,2.95
,,2016 - 2017,2.95
,,2017 - 2018,1.94
,,2018 - 2019,1.52
,,2019 - 2020,1.66
,Kargil,2007 - 2008,2.5
,Kathua,2000 - 2001,2.48
,,2001 - 2002,2.4
,,2002 - 2003,1.77
,,2003 - 2004,2.47
,,2004 - 2005,2.45
,,2005 - 2006,1.98
,,2006 - 2007,2.09
,,2007 - 2008,2.07
,,2009 - 2010,1.83
,,2010 - 2011,2.04
,,2011 - 2012,2.36
,,2012 - 2013,2.09
,,2014 - 2015,1.47
,,2015 - 2016,2.94
,,2016 - 2017,2.57
,,2017 - 2018,3.5
,,2018 - 2019,3.49
,,2019 - 2020,3.14
,Kishtwar,2007 - 2008,1.14
,,2009 - 2010,1.94
,,2010 - 2011,1.56
,,2011 - 2012,1.17
,,2012 - 2013,1.24
,,2014 - 2015,0.49
,,2015 - 2016,0.95
,,2016 - 2017,1.48
,,2017 - 2018,1.15
,,2018 - 2019,0.75
,,2019 - 2020,1.43
,Kulgam,2007 - 2008,1.51
,,2009 - 2010,3.21
,,2010 - 2011,2.22
,,2011 - 2012,2.2
,,2012 - 2013,1.92
,,2014 - 2015,0.31
,,2015 - 2016,0.71
,,2016 - 2017,0.64
,,2017 - 2018,1.64
,,2018 - 2019,3.51
,,2019 - 2020,2.66
,Kupwara,2000 - 2001,0.75
,,2001 - 2002,0.74
,,2002 - 2003,0.88
,,2003 - 2004,0.91
,,2004 - 2005,0.99
,,2005 - 2006,1.17
,,2006 - 2007,0.75
,,2007 - 2008,0.93
,,2009 - 2010,1.01
,,2010 - 2011,1.17
,,2011 - 2012,1.04
,,2012 - 2013,1.11
,,2014 - 2015,0.86
,,2015 - 2016,1.36
,,2016 - 2017,1.31
,,2017 - 2018,1.15
,,2018 - 2019,1.92
,,2019 - 2020,1.56
,Poonch,2000 - 2001,2.87
,,2001 - 2002,2.45
,,2002 - 2003,2.5
,,2003 - 2004,1.95
,,2004 - 2005,2.15
,,2005 - 2006,2.0
,,2006 - 2007,2.48
,,2007 - 2008,1.79
,,2009 - 2010,1.91
,,2010 - 2011,1.93
,,2011 - 2012,1.18
,,2012 - 2013,1.31
,,2014 - 2015,1.55
,,2015 - 2016,1.52
,,2016 - 2017,1.64
,,2017 - 2018,2.13
,,2018 - 2019,2.92
,,2019 - 2020,2.56
,Pulwama,2000 - 2001,0.8
,,2001 - 2002,0.87
,,2002 - 2003,0.78
,,2003 - 2004,1.22
,,2004 - 2005,1.17
,,2005 - 2006,0.69
,,2006 - 2007,0.87
,,2007 - 2008,0.92
,,2009 - 2010,1.0
,,2010 - 2011,1.32
,,2011 - 2012,1.52
,,2012 - 2013,0.81
,,2014 - 2015,0.86
,,2015 - 2016,2.02
,,2016 - 2017,1.58
,,2017 - 2018,0.64
,,2018 - 2019,0.96
,,2019 - 2020,1.43
,Rajauri,2000 - 2001,2.67
,,2001 - 2002,2.95
,,2002 - 2003,2.59
,,2003 - 2004,2.16
,,2004 - 2005,2.56
,,2005 - 2006,2.29
,,2006 - 2007,2.43
,,2007 - 2008,2.67
,,2009 - 2010,2.36
,,2010 - 2011,2.38
,,2011 - 2012,1.81
,,2012 - 2013,2.23
,,2014 - 2015,1.51
,,2015 - 2016,1.44
,,2016 - 2017,1.7
,,2017 - 2018,2.2
,,2018 - 2019,3.03
,,2019 - 2020,2.38
,Ramban,2007 - 2008,1.14
,,2009 - 2010,1.04
,,2010 - 2011,1.22
,,2011 - 2012,1.88
,,2012 - 2013,1.7
,,2014 - 2015,0.72
,,2015 - 2016,1.15
,,2016 - 2017,1.72
,,2017 - 2018,1.32
,,2018 - 2019,1.48
,,2019 - 2020,1.44
,Reasi,2007 - 2008,1.81
,,2009 - 2010,1.19
,,2010 - 2011,1.94
,,2011 - 2012,1.4
,,2012 - 2013,1.44
,,2014 - 2015,0.8
,,2015 - 2016,0.56
,,2016 - 2017,0.98
,,2017 - 2018,0.81
,,2018 - 2019,1.31
,,2019 - 2020,1.75
,Samba,2007 - 2008,1.56
,,2009 - 2010,2.34
,,2010 - 2011,2.14
,,2011 - 2012,1.36
,,2012 - 2013,1.39
,,2014 - 2015,1.06
,,2015 - 2016,1.35
,,2016 - 2017,1.48
,,2017 - 2018,1.52
,,2018 - 2019,1.36
,,2019 - 2020,1.35
,Shopian,2007 - 2008,0.92
,,2009 - 2010,1.54
,,2010 - 2011,0.45
,,2011 - 2012,0.97
,,2012 - 2013,0.88
,,2015 - 2016,0.87
,,2016 - 2017,0.71
,,2017 - 2018,0.66
,,2018 - 2019,1.91
,,2019 - 2020,1.79
,Srinagar,2000 - 2001,0.99
,,2001 - 2002,1.23
,,2002 - 2003,1.46
,,2003 - 2004,1.07
,,2004 - 2005,1.29
,,2005 - 2006,1.02
,,2006 - 2007,1.39
,,2007 - 2008,1.12
,,2009 - 2010,0.83
,,2010 - 2011,1.27
,,2011 - 2012,0.74
,,2012 - 2013,0.5
,,2014 - 2015,1.04
,,2015 - 2016,1.04
,,2016 - 2017,1.38
,,2017 - 2018,0.44
,,2018 - 2019,1.91
,,2019 - 2020,1.88
,Udhampur,2000 - 2001,1.75
,,2001 - 2002,1.97
,,2002 - 2003,1.61
,,2003 - 2004,1.76
,,2004 - 2005,1.78
,,2005 - 2006,1.31
,,2006 - 2007,1.35
,,2007 - 2008,1.81
,,2009 - 2010,1.69
,,2010 - 2011,2.11
,,2011 - 2012,2.31
,,2012 - 2013,2.31
,,2014 - 2015,1.65
,,2015 - 2016,2.34
,,2016 - 2017,2.64
,,2017 - 2018,2.27
,,2018 - 2019,2.6
,,2019 - 2020,2.35
Jharkhand,Bokaro,2002 - 2003,
,,2003 - 2004,
,,2004 - 2005,
,,2005 - 2006,
,,2006 - 2007,
,,2007 - 2008,
,,2008 - 2009,
,,2009 - 2010,
,,2011 - 2012,
,,2012 - 2013,
,,2013 - 2014,
,,2014 - 2015,
,,2015 - 2016,
,,2016 - 2017,
,,2017 - 2018,2.15
,,2018 - 2019,1.52
,,2019 - 2020,2.95
,,2020 - 2021,3.7
,,2021 - 2022,2.9
,,2022 - 2023,3.7
,Chatra,2002 - 2003,
,,2003 - 2004,
,,2004 - 2005,
,,2005 - 2006,
,,2006 - 2007,
,,2007 - 2008,
,,2008 - 2009,
,,2009 - 2010,
,,2011 - 2012,
,,2012 - 2013,
,,2013 - 2014,
,,2014 - 2015,
,,2015 - 2016,
,,2016 - 2017,
,,2017 - 2018,2.25
,,2018 - 2019,2.3
,,2019 - 2020,2.15
,,2020 - 2021,2.18
,,2021 - 2022,2.18
,,2022 - 2023,1.84
,Deoghar,2002 - 2003,
,,2003 - 2004,
,,2004 - 2005,
,,2005 - 2006,
,,2006 - 2007,
,,2007 - 2008,
,,2008 - 2009,
,,2009 - 2010,
,,2011 - 2012,
,,2012 - 2013,
,,2013 - 2014,
,,2014 - 2015,
,,2015 - 2016,
,,2016 - 2017,
,,2017 - 2018,1.8
,,2018 - 2019,2.5
,,2019 - 2020,2.1
,,2020 - 2021,2.3
,,2021 - 2022,2.9
,,2022 - 2023,2.9
,Dhanbad,2002 - 2003,
,,2003 - 2004,
,,2004 - 2005,
,,2005 - 2006,
,,2006 - 2007,
,,2007 - 2008,
,,2008 - 2009,
,,2009 - 2010,
,,2011 - 2012,
,,2012 - 2013,
,,2013 - 2014,
,,2014 - 2015,
,,2015 - 2016,
,,2016 - 2017,
,,2017 - 2018,2.5
,,2018 - 2019,2.5
,,2019 - 2020,2.4
,,2020 - 2021,2.4
,,2021 - 2022,2.4
,,2022 - 2023,2.4
,Dumka,2002 - 2003,
,,2003 - 2004,
,,2004 - 2005,
,,2005 - 2006,
,,2006 - 2007,
,,2007 - 2008,
,,2008 - 2009,
,,2009 - 2010,
,,2011 - 2012,
,,2012 - 2013,
,,2013 - 2014,
,,2014 - 2015,
,,2015 - 2016,
,,2016 - 2017,
,,2017 - 2018,3.0
,,2018 - 2019,2.26
,,2019 - 2020,2.5
,,2020 - 2021,2.5
,,2021 - 2022,2.5
,,2022 - 2023,2.4
,East singhbum,2003 - 2004,
,,2004 - 2005,
,,2005 - 2006,
,,2006 - 2007,
,,2007 - 2008,
,,2008 - 2009,
,,2009 - 2010,
,,2011 - 2012,
,,2012 - 2013,
,,2013 - 2014,
,,2014 - 2015,
,,2015 - 2016,
,,2016 - 2017,
,,2017 - 2018,1.53
,,2018 - 2019,1.5
,,2019 - 2020,1.5
,,2020 - 2021,2.1
,,2021 - 2022,2.4
,,2022 - 2023,2.42
,Garhwa,2003 - 2004,
,,2004 - 2005,
,,2005 - 2006,
,,2006 - 2007,
,,2007 - 2008,
,,2008 - 2009,
,,2009 - 2010,
,,2011 - 2012,
,,2012 - 2013,
,,2013 - 2014,
,,2014 - 2015,
,,2015 - 2016,
,,2016 - 2017,
,,2017 - 2018,1.15
,,2018 - 2019,1.62
,,2019 - 2020,1.62
,,2020 - 2021,2.55
,,2021 - 2022,2.55
,,2022 - 2023,2.0
,Giridih,2002 - 2003,
,,2003 - 2004,
,,2004 - 2005,
,,2005 - 2006,
,,2006 - 2007,
,,2007 - 2008,
,,2008 - 2009,
,,2009 - 2010,
,,2011 - 2012,
,,2012 - 2013,
,,2013 - 2014,
,,2014 - 2015,
,,2015 - 2016,
,,2016 - 2017,
,,2017 - 2018,1.85
,,2018 - 2019,2.28
,,2019 - 2020,1.51
,,2020 - 2021,1.89
,,2021 - 2022,1.9
,,2022 - 2023,1.67
,Godda,2002 - 2003,
,,2003 - 2004,
,,2004 - 2005,
,,2005 - 2006,
,,2006 - 2007,
,,2007 - 2008,
,,2008 - 2009,
,,2009 - 2010,
,,2011 - 2012,
,,2012 - 2013,
,,2013 - 2014,
,,2014 - 2015,
,,2015 - 2016,
,,2016 - 2017,
,,2017 - 2018,2.01
,,2018 - 2019,1.13
,,2019 - 2020,0.59
,,2020 - 2021,1.13
,,2021 - 2022,2.5
,,2022 - 2023,2.57
,Gumla,2002 - 2003,
,,2003 - 2004,
,,2004 - 2005,
,,2005 - 2006,
,,2006 - 2007,
,,2007 - 2008,
,,2008 - 2009,
,,2009 - 2010,
,,2011 - 2012,
,,2012 - 2013,
,,2013 - 2014,
,,2014 - 2015,
,,2015 - 2016,
,,2016 - 2017,
,,2017 - 2018,2.63
,,2018 - 2019,2.55
,,2019 - 2020,2.49
,,2020 - 2021,3.32
,,2021 - 2022,3.32
,,2022 - 2023,2.6
,Hazaribagh,2002 - 2003,
,,2003 - 2004,
,,2004 - 2005,
,,2005 - 2006,
,,2006 - 2007,
,,2007 - 2008,
,,2008 - 2009,
,,2009 - 2010,
,,2011 - 2012,
,,2012 - 2013,
,,2013 - 2014,
,,2014 - 2015,
,,2015 - 2016,
,,2016 - 2017,
,,2017 - 2018,2.44
,,2018 - 2019,2.44
,,2019 - 2020,2.5
,,2020 - 2021,2.17
,,2021 - 2022,2.07
,,2022 - 2023,2.07
,Jamtara,2003 - 2004,
,,2004 - 2005,
,,2005 - 2006,
,,2006 - 2007,
,,2007 - 2008,
,,2008 - 2009,
,,2009 - 2010,
,,2011 - 2012,
,,2012 - 2013,
,,2013 - 2014,
,,2014 - 2015,
,,2015 - 2016,
,,2016 - 2017,
,,2017 - 2018,2.5
,,2018 - 2019,1.3
,,2019 - 2020,1.83
,,2020 - 2021,1.9
,,2021 - 2022,2.1
,,2022 - 2023,2.03
,Khunti,2008 - 2009,
,,2009 - 2010,
,,2011 - 2012,
,,2012 - 2013,
,,2013 - 2014,
,,2014 - 2015,
,,2015 - 2016,
,,2016 - 2017,
,,2017 - 2018,2.4
,,2018 - 2019,1.29
,,2019 - 2020,2.2
,,2020 - 2021,2.49
,,2021 - 2022,2.96
,,2022 - 2023,1.75
,Koderma,2003 - 2004,
,,2004 - 2005,
,,2005 - 2006,
,,2006 - 2007,
,,2007 - 2008,
,,2008 - 2009,
,,2009 - 2010,
,,2011 - 2012,
,,2012 - 2013,
,,2013 - 2014,
,,2014 - 2015,
,,2015 - 2016,
,,2016 - 2017,
,,2017 - 2018,2.0
,,2018 - 2019,0.0
,,2019 - 2020,2.0
,,2020 - 2021,2.0
,,2021 - 2022,2.08
,,2022 - 2023,1.2
,Latehar,2003 - 2004,
,,2004 - 2005,
,,2005 - 2006,
,,2006 - 2007,
,,2007 - 2008,
,,2008 - 2009,
,,2009 - 2010,
,,2011 - 2012,
,,2012 - 2013,
,,2013 - 2014,
,,2014 - 2015,
,,2015 - 2016,
,,2016 - 2017,
,,2017 - 2018,0.64
,,2018 - 2019,0.64
,,2019 - 2020,1.59
,,2020 - 2021,1.58
,,2021 - 2022,1.58
,,2022 - 2023,1.58
,Lohardaga,2003 - 2004,
,,2004 - 2005,
,,2005 - 2006,
,,2006 - 2007,
,,2007 - 2008,
,,2008 - 2009,
,,2009 - 2010,
,,2011 - 2012,
,,2012 - 2013,
,,2013 - 2014,
,,2014 - 2015,
,,2015 - 2016,
,,2016 - 2017,
,,2017 - 2018,3.04
,,2018 - 2019,3.05
,,2019 - 2020,3.05
,,2020 - 2021,3.01
,,2021 - 2022,3.2
,,2022 - 2023,3.05
,Pakur,2002 - 2003,
,,2003 - 2004,
,,2004 - 2005,
,,2005 - 2006,
,,2006 - 2007,
,,2007 - 2008,
,,2008 - 2009,
,,2009 - 2010,
,,2011 - 2012,
,,2012 - 2013,
,,2013 - 2014,
,,2014 - 2015,
,,2015 - 2016,
,,2016 - 2017,
,,2017 - 2018,2.0
,,2018 - 2019,1.37
,,2019 - 2020,1.5
,,2020 - 2021,1.5
,,2021 - 2022,1.5
,,2022 - 2023,1.0
,Palamu,2002 - 2003,
,,2003 - 2004,
,,2004 - 2005,
,,2005 - 2006,
,,2006 - 2007,
,,2007 - 2008,
,,2008 - 2009,
,,2009 - 2010,
,,2011 - 2012,
,,2012 - 2013,
,,2013 - 2014,
,,2014 - 2015,
,,2015 - 2016,
,,2016 - 2017,
,,2017 - 2018,2.1
,,2018 - 2019,0.98
,,2019 - 2020,1.58
,,2020 - 2021,1.59
,,2021 - 2022,1.47
,,2022 - 2023,1.27
,Ramgarh,2008 - 2009,
,,2009 - 2010,
,,2011 - 2012,
,,2012 - 2013,
,,2013 - 2014,
,,2014 - 2015,
,,2015 - 2016,
,,2016 - 2017,
,,2017 - 2018,2.5
,,2018 - 2019,2.5
,,2019 - 2020,2.5
,,2020 - 2021,2.14
,,2021 - 2022,2.15
,,2022 - 2023,2.26
,Ranchi,2002 - 2003,
,,2003 - 2004,
,,2004 - 2005,
,,2005 - 2006,
,,2006 - 2007,
,,2007 - 2008,
,,2008 - 2009,
,,2009 - 2010,
,,2011 - 2012,
,,2012 - 2013,
,,2013 - 2014,
,,2014 - 2015,
,,2015 - 2016,
,,2016 - 2017,
,,2017 - 2018,2.5
,,2018 - 2019,2.3
,,2019 - 2020,2.79
,,2020 - 2021,2.8
,,2021 - 2022,2.8
,,2022 - 2023,2.2
,Sahebganj,2002 - 2003,
,,2003 - 2004,
,,2004 - 2005,
,,2005 - 2006,
,,2006 - 2007,
,,2007 - 2008,
,,2008 - 2009,
,,2009 - 2010,
,,2011 - 2012,
,,2012 - 2013,
,,2013 - 2014,
,,2014 - 2015,
,,2015 - 2016,
,,2016 - 2017,
,,2017 - 2018,1.92
,,2018 - 2019,2.33
,,2019 - 2020,3.05
,,2020 - 2021,2.25
,,2021 - 2022,2.25
,,2022 - 2023,1.62
,Saraikela kharsawan,2003 - 2004,
,,2004 - 2005,
,,2005 - 2006,
,,2006 - 2007,
,,2007 - 2008,
,,2008 - 2009,
,,2009 - 2010,
,,2011 - 2012,
,,2012 - 2013,
,,2013 - 2014,
,,2014 - 2015,
,,2015 - 2016,
,,2016 - 2017,
,,2017 - 2018,2.1
,,2018 - 2019,1.42
,,2019 - 2020,1.07
,,2020 - 2021,2.2
,,2021 - 2022,2.2
,,2022 - 2023,1.8
,Simdega,2003 - 2004,
,,2004 - 2005,
,,2005 - 2006,
,,2006 - 2007,
,,2007 - 2008,
,,2008 - 2009,
,,2009 - 2010,
,,2011 - 2012,
,,2012 - 2013,
,,2013 - 2014,
,,2014 - 2015,
,,2015 - 2016,
,,2016 - 2017,
,,2017 - 2018,2.5
,,2018 - 2019,2.5
,,2019 - 2020,2.45
,,2020 - 2021,2.5
,,2021 - 2022,2.5
,,2022 - 2023,1.8
,West singhbhum,2002 - 2003,
,,2003 - 2004,
,,2004 - 2005,
,,2005 - 2006,
,,2006 - 2007,
,,2007 - 2008,
,,2008 - 2009,
,,2009 - 2010,
,,2011 - 2012,
,,2012 - 2013,
,,2013 - 2014,
,,2014 - 2015,
,,2015 - 2016,
,,2017 - 2018,0.96
,,2018 - 2019,1.34
,,2019 - 2020,1.23
,,2020 - 2021,1.24
,,2021 - 2022,1.16
,,2022 - 2023,1.16
Karnataka,Bagalkot,2000 - 2001,3.17
,,2001 - 2002,3.11
,,2002 - 2003,3.04
,,2003 - 2004,3.65
,,2004 - 2005,3.48
,,2005 - 2006,3.93
,,2006 - 2007,3.79
,,2007 - 2008,3.95
,,2008 - 2009,3.63
,,2009 - 2010,2.09
,,2010 - 2011,4.02
,,2011 - 2012,3.53
,,2012 - 2013,2.53
,,2013 - 2014,3.54
,,2014 - 2015,3.74
,,2015 - 2016,3.7
,,2016 - 2017,3.89
,,2017 - 2018,4.57
,,2018 - 2019,4.17
,,2019 - 2020,3.73
,,2020 - 2021,4.5
,,2021 - 2022,4.0
,,2022 - 2023,4.42
,Bangalore rural,2000 - 2001,3.21
,,2001 - 2002,4.19
,,2002 - 2003,3.31
,,2003 - 2004,4.62
,,2004 - 2005,3.18
,,2005 - 2006,4.41
,,2006 - 2007,3.5
,,2007 - 2008,4.67
,,2008 - 2009,4.78
,,2009 - 2010,4.64
,,2010 - 2011,5.28
,,2011 - 2012,4.62
,,2012 - 2013,3.2
,,2013 - 2014,2.72
,,2014 - 2015,3.07
,,2015 - 2016,2.84
,,2016 - 2017,1.86
,,2017 - 2018,5.01
,,2018 - 2019,3.17
,,2019 - 2020,4.25
,,2020 - 2021,4.64
,,2021 - 2022,3.67
,,2022 - 2023,3.84
,Belgaum,2000 - 2001,2.6
,,2001 - 2002,2.04
,,2002 - 2003,1.98
,,2003 - 2004,2.5
,,2004 - 2005,3.17
,,2005 - 2006,3.55
,,2006 - 2007,3.43
,,2007 - 2008,3.25
,,2008 - 2009,2.84
,,2009 - 2010,1.94
,,2010 - 2011,3.63
,,2011 - 2012,3.48
,,2012 - 2013,2.52
,,2013 - 2014,3.16
,,2014 - 2015,3.75
,,2015 - 2016,2.1
,,2016 - 2017,3.04
,,2017 - 2018,4.6
,,2018 - 2019,3.83
,,2019 - 2020,3.51
,,2020 - 2021,4.45
,,2021 - 2022,4.24
,,2022 - 2023,3.95
,Bellary,2000 - 2001,3.09
,,2001 - 2002,3.25
,,2002 - 2003,2.27
,,2003 - 2004,2.75
,,2004 - 2005,3.02
,,2005 - 2006,3.25
,,2006 - 2007,2.27
,,2007 - 2008,2.83
,,2008 - 2009,2.71
,,2009 - 2010,1.95
,,2010 - 2011,2.85
,,2011 - 2012,2.1
,,2012 - 2013,2.31
,,2013 - 2014,2.75
,,2014 - 2015,2.61
,,2015 - 2016,2.63
,,2016 - 2017,2.67
,,2017 - 2018,3.85
,,2018 - 2019,2.7
,,2019 - 2020,3.54
,,2020 - 2021,3.94
,,2021 - 2022,3.32
,,2022 - 2023,3.83
,Bengaluru urban,2000 - 2001,3.22
,,2001 - 2002,2.74
,,2002 - 2003,2.5
,,2003 - 2004,3.05
,,2004 - 2005,3.34
,,2005 - 2006,3.58
,,2006 - 2007,3.45
,,2007 - 2008,3.34
,,2008 - 2009,2.86
,,2009 - 2010,2.38
,,2010 - 2011,3.55
,,2011 - 2012,3.1
,,2012 - 2013,2.56
,,2013 - 2014,3.17
,,2014 - 2015,3.13
,,2015 - 2016,2.73
,,2016 - 2017,5.21
,,2017 - 2018,4.97
,,2018 - 2019,3.06
,,2019 - 2020,6.69
,,2020 - 2021,7.58
,,2021 - 2022,5.28
,,2022 - 2023,5.46
,Bidar,2000 - 2001,2.16
,,2001 - 2002,1.72
,,2002 - 2003,1.45
,,2003 - 2004,1.51
,,2004 - 2005,1.85
,,2005 - 2006,1.88
,,2006 - 2007,1.63
,,2007 - 2008,2.14
,,2008 - 2009,1.84
,,2009 - 2010,0.65
,,2010 - 2011,1.86
,,2011 - 2012,2.23
,,2012 - 2013,2.56
,,2013 - 2014,3.9
,,2014 - 2015,1.25
,,2015 - 2016,1.89
,,2016 - 2017,0.75
,,2017 - 2018,3.45
,,2018 - 2019,1.91
,,2019 - 2020,1.77
,,2020 - 2021,2.97
,,2021 - 2022,1.96
,,2022 - 2023,1.94
,Bijapur,2000 - 2001,3.11
,,2001 - 2002,2.11
,,2002 - 2003,2.16
,,2003 - 2004,2.71
,,2004 - 2005,2.86
,,2005 - 2006,2.75
,,2006 - 2007,2.04
,,2007 - 2008,2.97
,,2008 - 2009,2.77
,,2009 - 2010,1.35
,,2010 - 2011,2.77
,,2011 - 2012,3.56
,,2012 - 2013,3.09
,,2013 - 2014,3.61
,,2014 - 2015,3.19
,,2015 - 2016,1.66
,,2016 - 2017,3.66
,,2017 - 2018,3.7
,,2018 - 2019,2.6
,,2019 - 2020,2.63
,,2020 - 2021,3.58
,,2021 - 2022,3.19
,,2022 - 2023,3.83
,Chamarajanagar,2000 - 2001,2.73
,,2001 - 2002,2.58
,,2002 - 2003,2.71
,,2003 - 2004,1.53
,,2004 - 2005,2.71
,,2005 - 2006,2.87
,,2006 - 2007,2.52
,,2007 - 2008,2.44
,,2008 - 2009,2.57
,,2009 - 2010,2.17
,,2010 - 2011,3.07
,,2011 - 2012,2.19
,,2012 - 2013,3.13
,,2013 - 2014,3.66
,,2014 - 2015,4.27
,,2015 - 2016,4.14
,,2016 - 2017,1.45
,,2017 - 2018,5.12
,,2018 - 2019,3.4
,,2019 - 2020,4.31
,,2020 - 2021,3.76
,,2021 - 2022,3.86
,,2022 - 2023,3.63
,Chikballapur,2007 - 2008,1.75
,,2008 - 2009,3.53
,,2009 - 2010,3.02
,,2010 - 2011,3.25
,,2011 - 2012,2.73
,,2012 - 2013,2.76
,,2013 - 2014,3.6
,,2014 - 2015,2.01
,,2015 - 2016,3.36
,,2016 - 2017,1.56
,,2017 - 2018,4.45
,,2018 - 2019,1.51
,,2019 - 2020,3.25
,,2020 - 2021,3.72
,,2021 - 2022,2.65
,,2022 - 2023,2.77
,Chikmagalur,2000 - 2001,3.34
,,2001 - 2002,2.38
,,2002 - 2003,1.72
,,2003 - 2004,1.49
,,2004 - 2005,1.96
,,2005 - 2006,3.89
,,2006 - 2007,3.76
,,2007 - 2008,2.92
,,2008 - 2009,2.45
,,2009 - 2010,2.75
,,2010 - 2011,3.43
,,2011 - 2012,2.54
,,2012 - 2013,2.08
,,2013 - 2014,2.59
,,2014 - 2015,2.58
,,2015 - 2016,2.39
,,2016 - 2017,3.52
,,2017 - 2018,2.96
,,2018 - 2019,2.93
,,2019 - 2020,2.99
,,2020 - 2021,3.28
,,2021 - 2022,2.7
,,2022 - 2023,2.83
,Chitradurga,2000 - 2001,3.14
,,2001 - 2002,2.71
,,2002 - 2003,1.58
,,2003 - 2004,1.07
,,2004 - 2005,2.51
,,2005 - 2006,1.38
,,2006 - 2007,1.76
,,2007 - 2008,2.85
,,2008 - 2009,1.2
,,2009 - 2010,1.66
,,2010 - 2011,2.79
,,2011 - 2012,1.66
,,2012 - 2013,2.31
,,2013 - 2014,2.15
,,2014 - 2015,2.87
,,2015 - 2016,3.0
,,2016 - 2017,1.2
,,2017 - 2018,4.16
,,2018 - 2019,2.14
,,2019 - 2020,3.39
,,2020 - 2021,3.93
,,2021 - 2022,2.62
,,2022 - 2023,3.09
,Dakshin kannad,2007 - 2008,
,,2008 - 2009,
,,2009 - 2010,
,,2010 - 2011,
,,2011 - 2012,
,,2012 - 2013,
,,2013 - 2014,
,,2020 - 2021,4.0
,Davangere,2000 - 2001,3.41
,,2001 - 2002,2.17
,,2002 - 2003,1.53
,,2003 - 2004,1.41
,,2004 - 2005,3.1
,,2005 - 2006,3.04
,,2006 - 2007,2.28
,,2007 - 2008,3.11
,,2008 - 2009,2.53
,,2009 - 2010,2.97
,,2010 - 2011,3.61
,,2011 - 2012,2.72
,,2012 - 2013,2.71
,,2013 - 2014,3.68
,,2014 - 2015,3.21
,,2015 - 2016,3.02
,,2016 - 2017,1.94
,,2017 - 2018,4.31
,,2018 - 2019,2.48
,,2019 - 2020,3.35
,,2020 - 2021,3.8
,,2021 - 2022,3.52
,,2022 - 2023,3.04
,Dharwad,2000 - 2001,3.34
,,2001 - 2002,1.58
,,2002 - 2003,1.98
,,2003 - 2004,1.09
,,2004 - 2005,2.11
,,2005 - 2006,3.16
,,2006 - 2007,3.99
,,2007 - 2008,2.16
,,2008 - 2009,2.29
,,2009 - 2010,2.26
,,2010 - 2011,2.99
,,2011 - 2012,2.1
,,2012 - 2013,2.41
,,2013 - 2014,2.68
,,2014 - 2015,2.74
,,2015 - 2016,1.89
,,2016 - 2017,2.36
,,2017 - 2018,3.05
,,2018 - 2019,2.68
,,2019 - 2020,3.28
,,2020 - 2021,3.21
,,2021 - 2022,3.78
,,2022 - 2023,3.61
,Gadag,2000 - 2001,3.2
,,2001 - 2002,1.53
,,2002 - 2003,1.43
,,2003 - 2004,2.64
,,2004 - 2005,4.46
,,2005 - 2006,3.83
,,2006 - 2007,3.53
,,2007 - 2008,3.49
,,2008 - 2009,2.42
,,2009 - 2010,1.98
,,2010 - 2011,2.75
,,2011 - 2012,2.12
,,2012 - 2013,2.04
,,2013 - 2014,2.31
,,2014 - 2015,2.73
,,2015 - 2016,1.54
,,2016 - 2017,2.13
,,2017 - 2018,3.63
,,2018 - 2019,1.4
,,2019 - 2020,2.66
,,2020 - 2021,2.26
,,2021 - 2022,2.59
,,2022 - 2023,2.59
,Gulbarga,2000 - 2001,2.63
,,2001 - 2002,2.45
,,2002 - 2003,2.04
,,2003 - 2004,2.09
,,2004 - 2005,3.89
,,2005 - 2006,2.79
,,2006 - 2007,1.52
,,2007 - 2008,2.34
,,2008 - 2009,2.1
,,2009 - 2010,0.83
,,2010 - 2011,1.95
,,2011 - 2012,2.36
,,2012 - 2013,2.76
,,2013 - 2014,2.58
,,2014 - 2015,2.68
,,2015 - 2016,1.17
,,2016 - 2017,1.54
,,2017 - 2018,3.65
,,2018 - 2019,3.13
,,2019 - 2020,3.81
,,2020 - 2021,2.57
,,2021 - 2022,3.25
,,2022 - 2023,3.43
,Hassan,2000 - 2001,4.09
,,2001 - 2002,4.17
,,2002 - 2003,3.16
,,2003 - 2004,1.78
,,2004 - 2005,3.29
,,2005 - 2006,2.94
,,2006 - 2007,3.12
,,2007 - 2008,3.12
,,2008 - 2009,3.36
,,2009 - 2010,3.56
,,2010 - 2011,4.7
,,2011 - 2012,3.4
,,2012 - 2013,2.63
,,2013 - 2014,3.31
,,2014 - 2015,3.92
,,2015 - 2016,3.17
,,2016 - 2017,2.33
,,2017 - 2018,6.4
,,2018 - 2019,2.72
,,2019 - 2020,4.21
,,2020 - 2021,3.83
,,2021 - 2022,3.64
,,2022 - 2023,4.07
,Haveri,2000 - 2001,4.13
,,2001 - 2002,2.33
,,2002 - 2003,2.0
,,2003 - 2004,1.07
,,2004 - 2005,2.26
,,2005 - 2006,2.35
,,2006 - 2007,2.63
,,2007 - 2008,2.41
,,2008 - 2009,2.6
,,2009 - 2010,2.07
,,2010 - 2011,3.66
,,2011 - 2012,3.28
,,2012 - 2013,1.97
,,2013 - 2014,3.56
,,2014 - 2015,2.79
,,2015 - 2016,2.28
,,2016 - 2017,2.33
,,2017 - 2018,4.24
,,2018 - 2019,2.16
,,2019 - 2020,1.7
,,2020 - 2021,3.34
,,2021 - 2022,2.8
,,2022 - 2023,1.14
,Kodagu,2000 - 2001,3.31
,,2001 - 2002,4.29
,,2002 - 2003,4.02
,,2003 - 2004,4.5
,,2004 - 2005,4.14
,,2005 - 2006,5.5
,,2006 - 2007,4.57
,,2007 - 2008,4.24
,,2008 - 2009,4.76
,,2009 - 2010,4.72
,,2010 - 2011,4.87
,,2011 - 2012,3.8
,,2012 - 2013,4.49
,,2013 - 2014,3.87
,,2014 - 2015,5.12
,,2015 - 2016,4.5
,,2016 - 2017,5.55
,,2017 - 2018,7.52
,,2018 - 2019,3.14
,,2019 - 2020,5.19
,,2020 - 2021,4.88
,,2021 - 2022,4.21
,,2022 - 2023,3.98
,Kolar,2000 - 2001,2.58
,,2001 - 2002,1.48
,,2002 - 2003,1.19
,,2003 - 2004,2.09
,,2004 - 2005,1.9
,,2005 - 2006,2.75
,,2006 - 2007,1.93
,,2007 - 2008,3.12
,,2008 - 2009,3.22
,,2009 - 2010,2.39
,,2010 - 2011,3.63
,,2011 - 2012,3.09
,,2012 - 2013,2.56
,,2013 - 2014,3.17
,,2014 - 2015,3.13
,,2015 - 2016,2.73
,,2016 - 2017,2.37
,,2017 - 2018,4.35
,,2018 - 2019,2.63
,,2019 - 2020,3.12
,,2020 - 2021,3.71
,,2021 - 2022,3.23
,,2022 - 2023,2.99
,Koppal,2000 - 2001,4.09
,,2001 - 2002,3.25
,,2002 - 2003,2.16
,,2003 - 2004,2.46
,,2004 - 2005,2.71
,,2005 - 2006,2.09
,,2006 - 2007,1.71
,,2007 - 2008,2.9
,,2008 - 2009,2.75
,,2009 - 2010,1.29
,,2010 - 2011,2.75
,,2011 - 2012,2.75
,,2012 - 2013,2.69
,,2013 - 2014,3.59
,,2014 - 2015,3.04
,,2015 - 2016,1.14
,,2016 - 2017,1.26
,,2017 - 2018,3.64
,,2018 - 2019,1.32
,,2019 - 2020,1.76
,,2020 - 2021,2.97
,,2021 - 2022,2.26
,,2022 - 2023,2.24
,Mandya,2000 - 2001,3.33
,,2002 - 2003,1.73
,,2003 - 2004,2.31
,,2004 - 2005,3.53
,,2005 - 2006,2.4
,,2006 - 2007,1.95
,,2007 - 2008,3.31
,,2008 - 2009,1.63
,,2009 - 2010,1.27
,,2010 - 2011,1.63
,,2011 - 2012,2.15
,,2012 - 2013,1.64
,,2013 - 2014,3.46
,,2014 - 2015,4.09
,,2015 - 2016,3.62
,,2016 - 2017,0.87
,,2017 - 2018,2.83
,,2018 - 2019,3.04
,,2019 - 2020,3.4
,,2020 - 2021,2.65
,,2021 - 2022,2.18
,,2022 - 2023,2.55
,Mysore,2000 - 2001,3.0
,,2001 - 2002,4.29
,,2002 - 2003,2.18
,,2003 - 2004,2.98
,,2004 - 2005,3.42
,,2005 - 2006,4.0
,,2006 - 2007,3.97
,,2007 - 2008,3.47
,,2008 - 2009,3.67
,,2009 - 2010,3.21
,,2010 - 2011,4.1
,,2011 - 2012,2.73
,,2012 - 2013,1.85
,,2013 - 2014,3.03
,,2014 - 2015,3.35
,,2015 - 2016,2.97
,,2016 - 2017,2.01
,,2017 - 2018,3.78
,,2018 - 2019,3.24
,,2019 - 2020,3.13
,,2020 - 2021,3.94
,,2021 - 2022,3.35
,,2022 - 2023,3.5
,Raichur,2000 - 2001,3.31
,,2001 - 2002,2.73
,,2002 - 2003,1.82
,,2003 - 2004,3.19
,,2004 - 2005,3.41
,,2005 - 2006,3.62
,,2006 - 2007,3.64
,,2007 - 2008,1.96
,,2008 - 2009,2.52
,,2009 - 2010,1.39
,,2010 - 2011,2.87
,,2011 - 2012,3.26
,,2012 - 2013,2.21
,,2013 - 2014,3.83
,,2014 - 2015,1.48
,,2015 - 2016,1.27
,,2016 - 2017,5.12
,,2017 - 2018,3.58
,,2018 - 2019,7.6
,,2019 - 2020,5.59
,,2020 - 2021,5.59
,,2021 - 2022,3.46
,,2022 - 2023,6.72
,Ramanagara,2007 - 2008,7.32
,,2008 - 2009,3.06
,,2009 - 2010,4.16
,,2010 - 2011,4.73
,,2011 - 2012,3.47
,,2012 - 2013,3.61
,,2013 - 2014,4.29
,,2014 - 2015,3.96
,,2015 - 2016,3.11
,,2016 - 2017,2.06
,,2017 - 2018,4.05
,,2018 - 2019,2.19
,,2019 - 2020,3.96
,,2020 - 2021,3.08
,,2021 - 2022,2.41
,,2022 - 2023,3.91
,Shimoga,2000 - 2001,3.31
,,2001 - 2002,2.83
,,2002 - 2003,3.64
,,2003 - 2004,2.95
,,2004 - 2005,3.68
,,2005 - 2006,2.68
,,2006 - 2007,3.13
,,2007 - 2008,2.18
,,2008 - 2009,3.76
,,2009 - 2010,2.87
,,2010 - 2011,4.27
,,2011 - 2012,4.21
,,2012 - 2013,4.1
,,2013 - 2014,2.81
,,2014 - 2015,3.57
,,2015 - 2016,4.01
,,2016 - 2017,3.38
,,2017 - 2018,5.13
,,2018 - 2019,3.51
,,2019 - 2020,3.7
,,2020 - 2021,4.45
,,2021 - 2022,4.32
,,2022 - 2023,2.69
,Tumkur,2000 - 2001,2.79
,,2001 - 2002,2.12
,,2002 - 2003,1.29
,,2003 - 2004,1.48
,,2004 - 2005,2.63
,,2005 - 2006,3.05
,,2006 - 2007,1.7
,,2007 - 2008,2.83
,,2008 - 2009,1.91
,,2009 - 2010,1.94
,,2010 - 2011,2.65
,,2011 - 2012,2.3
,,2012 - 2013,2.29
,,2013 - 2014,2.13
,,2014 - 2015,2.38
,,2015 - 2016,2.58
,,2016 - 2017,1.64
,,2017 - 2018,2.93
,,2018 - 2019,1.36
,,2019 - 2020,2.71
,,2020 - 2021,2.77
,,2021 - 2022,1.88
,,2022 - 2023,2.6
,Udupi,2005 - 2006,
,,2006 - 2007,
,,2007 - 2008,
,,2008 - 2009,
,,2009 - 2010,
,,2010 - 2011,
,,2011 - 2012,
,,2012 - 2013,
,,2013 - 2014,
,,2014 - 2015,
,,2015 - 2016,
,,2016 - 2017,
,,2017 - 2018,
,,2018 - 2019,3.0
,,2019 - 2020,3.0
,,2020 - 2021,3.5
,,2021 - 2022,
,,2022 - 2023,
,Uttar kannad,2000 - 2001,2.99
,,2001 - 2002,1.87
,,2002 - 2003,1.46
,,2003 - 2004,1.47
,,2004 - 2005,2.56
,,2005 - 2006,2.34
,,2006 - 2007,0.8
,,2007 - 2008,2.98
,,2008 - 2009,4.42
,,2009 - 2010,3.78
,,2010 - 2011,4.3
,,2011 - 2012,2.92
,,2012 - 2013,5.8
,,2013 - 2014,2.81
,,2014 - 2015,3.87
,,2015 - 2016,4.69
,,2016 - 2017,5.62
,,2017 - 2018,5.65
,,2018 - 2019,3.94
,,2019 - 2020,4.31
,,2020 - 2021,4.69
,,2021 - 2022,4.72
,,2022 - 2023,4.11
,Vijayanagar,2022 - 2023,3.5
,Yadgir,2010 - 2011,1.96
,,2011 - 2012,1.55
,,2012 - 2013,1.94
,,2013 - 2014,2.66
,,2014 - 2015,3.24
,,2015 - 2016,2.1
,,2016 - 2017,1.55
,,2017 - 2018,4.34
,,2018 - 2019,2.63
,,2019 - 2020,4.65
,,2020 - 2021,1.13
,,2021 - 2022,3.22
,,2022 - 2023,3.0
Kerala,Alappuzha,2021 - 2022,
,,2022 - 2023,
,Ernakulam,2021 - 2022,
,Idukki,2012 - 2013,
,,2013 - 2014,
,,2014 - 2015,
,,2015 - 2016,
,,2016 - 2017,
,,2017 - 2018,
,,2018 - 2019,
,,2019 - 2020,
,,2020 - 2021,
,,2021 - 2022,
,,2022 - 2023,
,Kannur,2022 - 2023,
,Kasaragod,2020 - 2021,
,Malappuram,2018 - 2019,
,Palakkad,2012 - 2013,
,,2013 - 2014,
,,2014 - 2015,
,,2015 - 2016,
,,2016 - 2017,
,,2017 - 2018,
,,2018 - 2019,
,,2019 - 2020,
,,2020 - 2021,
,,2021 - 2022,
,,2022 - 2023,
,Pathanamthitta,2017 - 2018,
,,2018 - 2019,
,,2020 - 2021,
,Thiruvananthapuram,2020 - 2021,
,Wayanad,2014 - 2015,
,,2017 - 2018,
,,2018 - 2019,
,,2020 - 2021,
,,2021 - 2022,
,,2022 - 2023,
Madhya Pradesh,Agar malwa,2013 - 2014,1.09
,,2014 - 2015,2.0
,,2015 - 2016,1.29
,,2016 - 2017,1.95
,,2017 - 2018,3.6
,,2018 - 2019,0.9
,,2019 - 2020,0.77
,,2020 - 2021,1.16
,,2021 - 2022,1.78
,,2022 - 2023,3.28
,Alirajpur,2008 - 2009,1.2
,,2009 - 2010,
,,2010 - 2011,1.14
,,2011 - 2012,0.82
,,2012 - 2013,1.95
,,2013 - 2014,0.78
,,2014 - 2015,2.73
,,2015 - 2016,2.2
,,2016 - 2017,3.29
,,2017 - 2018,2.37
,,2018 - 2019,2.13
,,2019 - 2020,1.18
,,2020 - 2021,1.59
,,2021 - 2022,2.14
,,2022 - 2023,2.88
,Anuppur,2003 - 2004,1.28
,,2004 - 2005,1.02
,,2005 - 2006,1.02
,,2006 - 2007,0.65
,,2007 - 2008,0.74
,,2008 - 2009,0.83
,,2009 - 2010,
,,2010 - 2011,0.73
,,2011 - 2012,0.88
,,2012 - 2013,1.39
,,2013 - 2014,1.38
,,2014 - 2015,1.47
,,2015 - 2016,2.29
,,2016 - 2017,2.0
,,2017 - 2018,2.0
,,2018 - 2019,1.6
,,2019 - 2020,1.87
,,2020 - 2021,1.59
,,2021 - 2022,2.09
,,2022 - 2023,2.32
,Ashoknagar,2003 - 2004,1.74
,,2004 - 2005,1.36
,,2005 - 2006,1.58
,,2006 - 2007,1.12
,,2007 - 2008,1.48
,,2008 - 2009,1.41
,,2009 - 2010,
,,2010 - 2011,1.45
,,2011 - 2012,1.14
,,2012 - 2013,2.72
,,2013 - 2014,1.6
,,2014 - 2015,1.45
,,2015 - 2016,2.0
,,2016 - 2017,1.5
,,2017 - 2018,1.96
,,2018 - 2019,2.64
,,2019 - 2020,2.26
,,2020 - 2021,1.57
,,2021 - 2022,3.18
,,2022 - 2023,3.18
,Balaghat,2000 - 2001,1.55
,,2001 - 2002,2.33
,,2002 - 2003,2.14
,,2003 - 2004,1.85
,,2004 - 2005,1.63
,,2005 - 2006,1.83
,,2006 - 2007,1.03
,,2007 - 2008,1.31
,,2008 - 2009,1.34
,,2009 - 2010,
,,2010 - 2011,1.54
,,2011 - 2012,1.25
,,2012 - 2013,2.35
,,2013 - 2014,1.72
,,2014 - 2015,2.63
,,2015 - 2016,2.0
,,2016 - 2017,3.0
,,2017 - 2018,2.93
,,2018 - 2019,2.25
,,2019 - 2020,2.27
,,2020 - 2021,2.84
,,2021 - 2022,3.2
,,2022 - 2023,3.16
,Barwani,2000 - 2001,1.18
,,2001 - 2002,1.99
,,2002 - 2003,1.75
,,2003 - 2004,1.68
,,2004 - 2005,0.91
,,2005 - 2006,0.97
,,2006 - 2007,0.73
,,2007 - 2008,1.07
,,2008 - 2009,1.09
,,2009 - 2010,
,,2010 - 2011,1.35
,,2011 - 2012,1.41
,,2012 - 2013,6.22
,,2013 - 2014,3.37
,,2014 - 2015,3.15
,,2015 - 2016,3.53
,,2016 - 2017,4.57
,,2017 - 2018,4.25
,,2018 - 2019,4.78
,,2019 - 2020,4.47
,,2020 - 2021,5.65
,,2021 - 2022,4.11
,,2022 - 2023,3.34
,Betul,2000 - 2001,2.98
,,2001 - 2002,2.27
,,2002 - 2003,2.22
,,2003 - 2004,2.02
,,2004 - 2005,1.62
,,2005 - 2006,1.6
,,2006 - 2007,1.05
,,2007 - 2008,1.37
,,2008 - 2009,1.41
,,2009 - 2010,
,,2010 - 2011,1.56
,,2011 - 2012,1.46
,,2012 - 2013,3.5
,,2013 - 2014,1.25
,,2014 - 2015,2.39
,,2015 - 2016,2.37
,,2016 - 2017,2.95
,,2017 - 2018,3.98
,,2018 - 2019,2.35
,,2019 - 2020,1.88
,,2020 - 2021,2.45
,,2021 - 2022,2.83
,,2022 - 2023,3.4
,Bhind,2001 - 2002,2.03
,,2002 - 2003,2.33
,,2003 - 2004,2.0
,,2004 - 2005,1.6
,,2007 - 2008,0.67
,,2008 - 2009,1.0
,,2009 - 2010,
,,2010 - 2011,1.19
,,2018 - 2019,1.67
,,2019 - 2020,1.09
,Bhopal,2000 - 2001,1.57
,,2001 - 2002,1.69
,,2002 - 2003,1.84
,,2003 - 2004,1.57
,,2004 - 2005,1.3
,,2005 - 2006,1.2
,,2006 - 2007,0.87
,,2007 - 2008,1.16
,,2008 - 2009,1.15
,,2009 - 2010,
,,2010 - 2011,1.42
,,2011 - 2012,1.37
,,2012 - 2013,2.26
,,2013 - 2014,0.76
,,2014 - 2015,1.52
,,2015 - 2016,2.33
,,2016 - 2017,2.0
,,2017 - 2018,2.63
,,2018 - 2019,1.93
,,2019 - 2020,1.62
,,2020 - 2021,1.96
,,2021 - 2022,2.27
,,2022 - 2023,2.49
,Burhanpur,2003 - 2004,3.42
,,2004 - 2005,1.75
,,2005 - 2006,2.12
,,2006 - 2007,1.36
,,2007 - 2008,1.72
,,2008 - 2009,1.82
,,2009 - 2010,
,,2010 - 2011,2.17
,,2011 - 2012,1.88
,,2012 - 2013,4.2
,,2013 - 2014,4.47
,,2014 - 2015,2.39
,,2015 - 2016,5.5
,,2016 - 2017,3.71
,,2017 - 2018,3.88
,,2018 - 2019,5.22
,,2019 - 2020,4.39
,,2020 - 2021,3.99
,,2021 - 2022,3.82
,,2022 - 2023,3.42
,Chhatarpur,2000 - 2001,0.87
,,2001 - 2002,1.07
,,2002 - 2003,0.84
,,2003 - 2004,1.18
,,2004 - 2005,0.91
,,2005 - 2006,0.87
,,2006 - 2007,0.51
,,2007 - 2008,0.63
,,2008 - 2009,0.68
,,2009 - 2010,
,,2010 - 2011,0.61
,,2011 - 2012,0.4
,,2012 - 2013,0.54
,,2013 - 2014,0.78
,,2014 - 2015,1.44
,,2015 - 2016,1.0
,,2016 - 2017,1.0
,,2017 - 2018,0.85
,,2018 - 2019,1.28
,,2019 - 2020,1.19
,,2020 - 2021,1.38
,,2021 - 2022,1.57
,,2022 - 2023,1.73
,Chhindwara,2000 - 2001,2.26
,,2001 - 2002,1.98
,,2002 - 2003,2.66
,,2003 - 2004,2.95
,,2004 - 2005,2.09
,,2005 - 2006,1.88
,,2006 - 2007,1.86
,,2007 - 2008,2.35
,,2008 - 2009,2.18
,,2009 - 2010,
,,2010 - 2011,2.96
,,2011 - 2012,4.14
,,2012 - 2013,3.59
,,2013 - 2014,1.12
,,2014 - 2015,3.38
,,2015 - 2016,5.03
,,2016 - 2017,5.03
,,2017 - 2018,5.04
,,2018 - 2019,4.4
,,2019 - 2020,3.8
,,2020 - 2021,3.85
,,2021 - 2022,3.87
,,2022 - 2023,3.64
,Damoh,2000 - 2001,1.77
,,2001 - 2002,2.23
,,2002 - 2003,1.82
,,2003 - 2004,2.17
,,2004 - 2005,1.66
,,2005 - 2006,1.75
,,2006 - 2007,1.1
,,2007 - 2008,1.26
,,2008 - 2009,1.82
,,2009 - 2010,
,,2010 - 2011,2.02
,,2011 - 2012,1.75
,,2012 - 2013,2.62
,,2013 - 2014,1.45
,,2014 - 2015,2.11
,,2015 - 2016,2.2
,,2016 - 2017,1.8
,,2017 - 2018,1.9
,,2018 - 2019,2.57
,,2019 - 2020,2.61
,,2020 - 2021,2.44
,,2021 - 2022,2.74
,,2022 - 2023,2.84
,Datia,2000 - 2001,1.32
,,2001 - 2002,1.81
,,2002 - 2003,1.2
,,2003 - 2004,1.35
,,2004 - 2005,0.74
,,2005 - 2006,1.27
,,2006 - 2007,0.74
,,2007 - 2008,0.82
,,2008 - 2009,1.12
,,2009 - 2010,
,,2010 - 2011,1.05
,,2011 - 2012,0.74
,,2012 - 2013,1.76
,,2013 - 2014,1.43
,,2014 - 2015,1.54
,,2015 - 2016,1.0
,,2016 - 2017,1.0
,,2017 - 2018,1.94
,,2018 - 2019,2.06
,,2019 - 2020,1.76
,,2020 - 2021,1.82
,,2021 - 2022,2.31
,Dewas,2000 - 2001,1.51
,,2001 - 2002,1.83
,,2002 - 2003,1.74
,,2003 - 2004,1.63
,,2004 - 2005,1.1
,,2005 - 2006,1.3
,,2006 - 2007,0.93
,,2007 - 2008,1.36
,,2008 - 2009,1.39
,,2009 - 2010,
,,2010 - 2011,1.44
,,2011 - 2012,1.29
,,2012 - 2013,2.01
,,2013 - 2014,1.29
,,2014 - 2015,3.21
,,2015 - 2016,1.64
,,2016 - 2017,2.73
,,2017 - 2018,3.01
,,2018 - 2019,2.06
,,2019 - 2020,1.44
,,2020 - 2021,1.94
,,2021 - 2022,2.42
,,2022 - 2023,2.42
,Dhar,2000 - 2001,1.08
,,2001 - 2002,2.13
,,2002 - 2003,2.18
,,2003 - 2004,2.1
,,2004 - 2005,1.28
,,2005 - 2006,1.31
,,2006 - 2007,0.82
,,2007 - 2008,1.21
,,2008 - 2009,1.24
,,2009 - 2010,
,,2010 - 2011,1.43
,,2011 - 2012,0.99
,,2012 - 2013,2.12
,,2013 - 2014,3.88
,,2014 - 2015,2.86
,,2015 - 2016,2.96
,,2016 - 2017,3.53
,,2017 - 2018,3.18
,,2018 - 2019,0.57
,,2019 - 2020,3.74
,,2020 - 2021,3.73
,,2021 - 2022,3.67
,,2022 - 2023,3.57
,Dindori,2000 - 2001,2.14
,,2001 - 2002,2.14
,,2002 - 2003,1.86
,,2003 - 2004,1.85
,,2004 - 2005,1.5
,,2005 - 2006,0.9
,,2006 - 2007,0.62
,,2007 - 2008,0.91
,,2008 - 2009,0.91
,,2009 - 2010,
,,2010 - 2011,1.18
,,2011 - 2012,0.64
,,2012 - 2013,2.37
,,2013 - 2014,1.83
,,2014 - 2015,2.16
,,2015 - 2016,2.25
,,2016 - 2017,2.28
,,2017 - 2018,2.6
,,2018 - 2019,2.26
,,2019 - 2020,2.45
,,2020 - 2021,2.01
,,2021 - 2022,2.23
,,2022 - 2023,2.41
,Guna,2000 - 2001,1.94
,,2001 - 2002,1.99
,,2002 - 2003,0.63
,,2003 - 2004,1.91
,,2004 - 2005,1.27
,,2005 - 2006,1.48
,,2006 - 2007,1.01
,,2007 - 2008,1.07
,,2008 - 2009,1.16
,,2009 - 2010,
,,2010 - 2011,1.62
,,2011 - 2012,1.29
,,2012 - 2013,1.77
,,2013 - 2014,0.84
,,2014 - 2015,2.31
,,2015 - 2016,1.44
,,2016 - 2017,1.56
,,2017 - 2018,2.8
,,2018 - 2019,2.48
,,2019 - 2020,1.96
,,2020 - 2021,2.27
,,2021 - 2022,2.84
,,2022 - 2023,2.94
,Gwalior,2000 - 2001,2.3
,,2001 - 2002,4.11
,,2002 - 2003,1.42
,,2003 - 2004,3.63
,,2004 - 2005,2.32
,,2005 - 2006,2.21
,,2006 - 2007,1.7
,,2007 - 2008,0.91
,,2008 - 2009,1.58
,,2009 - 2010,
,,2010 - 2011,1.81
,,2011 - 2012,1.36
,,2012 - 2013,1.98
,,2013 - 2014,2.27
,,2014 - 2015,1.29
,,2017 - 2018,2.65
,,2018 - 2019,3.23
,,2019 - 2020,2.81
,,2020 - 2021,3.26
,,2021 - 2022,3.47
,Harda,2000 - 2001,1.98
,,2001 - 2002,2.02
,,2002 - 2003,2.09
,,2003 - 2004,1.91
,,2004 - 2005,1.22
,,2005 - 2006,1.35
,,2006 - 2007,0.89
,,2007 - 2008,1.09
,,2008 - 2009,1.5
,,2009 - 2010,
,,2010 - 2011,1.39
,,2011 - 2012,1.17
,,2012 - 2013,2.2
,,2013 - 2014,1.26
,,2014 - 2015,2.14
,,2015 - 2016,1.4
,,2017 - 2018,2.83
,,2018 - 2019,1.75
,,2019 - 2020,0.95
,,2020 - 2021,1.58
,,2021 - 2022,1.45
,,2022 - 2023,3.75
,Hoshangabad,2000 - 2001,2.01
,,2001 - 2002,2.16
,,2002 - 2003,2.36
,,2003 - 2004,2.01
,,2004 - 2005,1.22
,,2005 - 2006,1.54
,,2006 - 2007,1.02
,,2007 - 2008,1.31
,,2008 - 2009,1.34
,,2009 - 2010,
,,2010 - 2011,1.75
,,2011 - 2012,1.21
,,2012 - 2013,4.0
,,2013 - 2014,1.55
,,2014 - 2015,2.18
,,2015 - 2016,1.33
,,2016 - 2017,3.42
,,2017 - 2018,3.47
,,2018 - 2019,2.64
,,2019 - 2020,2.26
,,2020 - 2021,0.89
,,2021 - 2022,3.04
,,2022 - 2023,3.15
,Indore,2000 - 2001,1.66
,,2001 - 2002,1.45
,,2002 - 2003,1.47
,,2003 - 2004,1.53
,,2004 - 2005,1.15
,,2005 - 2006,1.11
,,2006 - 2007,0.88
,,2007 - 2008,1.17
,,2008 - 2009,1.29
,,2009 - 2010,
,,2010 - 2011,1.26
,,2011 - 2012,1.17
,,2012 - 2013,1.65
,,2013 - 2014,1.19
,,2014 - 2015,2.37
,,2015 - 2016,2.0
,,2016 - 2017,3.14
,,2017 - 2018,1.84
,,2018 - 2019,2.49
,,2019 - 2020,1.5
,,2020 - 2021,1.47
,,2021 - 2022,2.1
,,2022 - 2023,3.4
,Jabalpur,2000 - 2001,2.1
,,2001 - 2002,2.31
,,2002 - 2003,2.55
,,2003 - 2004,2.49
,,2004 - 2005,2.06
,,2005 - 2006,1.67
,,2006 - 2007,0.86
,,2007 - 2008,1.16
,,2008 - 2009,1.3
,,2009 - 2010,
,,2010 - 2011,1.32
,,2011 - 2012,1.14
,,2012 - 2013,1.95
,,2013 - 2014,1.39
,,2014 - 2015,3.0
,,2015 - 2016,1.5
,,2016 - 2017,2.43
,,2017 - 2018,2.5
,,2018 - 2019,2.07
,,2019 - 2020,1.97
,,2020 - 2021,2.01
,,2021 - 2022,2.12
,,2022 - 2023,2.84
,Jhabua,2000 - 2001,0.78
,,2001 - 2002,2.02
,,2002 - 2003,1.72
,,2003 - 2004,1.83
,,2004 - 2005,0.96
,,2005 - 2006,1.25
,,2006 - 2007,0.59
,,2007 - 2008,1.12
,,2008 - 2009,1.2
,,2009 - 2010,
,,2010 - 2011,1.14
,,2011 - 2012,0.8
,,2012 - 2013,1.96
,,2013 - 2014,2.24
,,2014 - 2015,2.2
,,2015 - 2016,2.66
,,2016 - 2017,3.32
,,2017 - 2018,2.98
,,2018 - 2019,2.11
,,2019 - 2020,1.83
,,2020 - 2021,1.84
,,2021 - 2022,2.47
,,2022 - 2023,2.77
,Katni,2000 - 2001,1.15
,,2001 - 2002,1.62
,,2002 - 2003,1.23
,,2003 - 2004,1.62
,,2004 - 2005,1.16
,,2005 - 2006,1.15
,,2006 - 2007,0.55
,,2007 - 2008,0.66
,,2008 - 2009,1.06
,,2009 - 2010,
,,2010 - 2011,0.97
,,2011 - 2012,0.65
,,2012 - 2013,1.79
,,2013 - 2014,2.26
,,2014 - 2015,3.0
,,2015 - 2016,2.0
,,2016 - 2017,2.0
,,2017 - 2018,2.44
,,2018 - 2019,2.61
,,2019 - 2020,2.26
,,2020 - 2021,2.32
,,2021 - 2022,2.6
,,2022 - 2023,3.06
,Khandwa,2000 - 2001,1.61
,,2001 - 2002,2.41
,,2002 - 2003,2.69
,,2003 - 2004,2.32
,,2004 - 2005,1.75
,,2005 - 2006,1.82
,,2006 - 2007,1.3
,,2007 - 2008,1.9
,,2008 - 2009,1.69
,,2009 - 2010,
,,2010 - 2011,1.98
,,2011 - 2012,1.21
,,2012 - 2013,3.22
,,2013 - 2014,1.83
,,2014 - 2015,3.12
,,2015 - 2016,1.8
,,2016 - 2017,2.77
,,2017 - 2018,3.0
,,2018 - 2019,2.69
,,2019 - 2020,1.71
,,2020 - 2021,1.67
,,2021 - 2022,2.23
,,2022 - 2023,3.61
,Khargone,2000 - 2001,1.18
,,2001 - 2002,2.06
,,2002 - 2003,2.68
,,2003 - 2004,2.45
,,2004 - 2005,1.12
,,2005 - 2006,1.06
,,2006 - 2007,0.97
,,2007 - 2008,1.33
,,2008 - 2009,1.05
,,2009 - 2010,
,,2010 - 2011,1.27
,,2011 - 2012,1.17
,,2012 - 2013,2.92
,,2013 - 2014,1.88
,,2014 - 2015,1.82
,,2015 - 2016,3.33
,,2016 - 2017,3.55
,,2017 - 2018,3.49
,,2018 - 2019,3.05
,,2019 - 2020,2.6
,,2020 - 2021,2.99
,,2021 - 2022,3.58
,,2022 - 2023,3.61
,Mandla,2000 - 2001,1.68
,,2001 - 2002,1.99
,,2002 - 2003,1.62
,,2003 - 2004,1.82
,,2004 - 2005,1.37
,,2005 - 2006,1.35
,,2006 - 2007,0.89
,,2007 - 2008,1.13
,,2008 - 2009,1.15
,,2009 - 2010,
,,2010 - 2011,1.3
,,2011 - 2012,0.85
,,2012 - 2013,1.2
,,2013 - 2014,1.75
,,2014 - 2015,2.0
,,2015 - 2016,2.16
,,2016 - 2017,2.42
,,2017 - 2018,2.11
,,2018 - 2019,2.7
,,2019 - 2020,2.15
,,2020 - 2021,2.1
,,2021 - 2022,2.36
,,2022 - 2023,3.04
,Mandsaur,2000 - 2001,1.37
,,2001 - 2002,2.52
,,2002 - 2003,1.88
,,2003 - 2004,2.35
,,2004 - 2005,1.44
,,2005 - 2006,1.19
,,2006 - 2007,0.94
,,2007 - 2008,1.32
,,2008 - 2009,1.4
,,2009 - 2010,
,,2010 - 2011,1.36
,,2011 - 2012,1.18
,,2012 - 2013,2.56
,,2013 - 2014,2.05
,,2014 - 2015,1.68
,,2015 - 2016,1.46
,,2016 - 2017,2.83
,,2017 - 2018,3.09
,,2018 - 2019,3.06
,,2019 - 2020,1.78
,,2020 - 2021,2.26
,,2021 - 2022,2.94
,,2022 - 2023,3.16
,Morena,2000 - 2001,1.25
,,2001 - 2002,1.57
,,2002 - 2003,1.04
,,2003 - 2004,1.28
,,2004 - 2005,0.95
,,2005 - 2006,1.26
,,2006 - 2007,0.77
,,2007 - 2008,1.0
,,2008 - 2009,1.0
,,2009 - 2010,
,,2010 - 2011,1.0
,,2011 - 2012,0.84
,,2012 - 2013,1.6
,,2013 - 2014,1.15
,,2017 - 2018,3.15
,,2018 - 2019,1.53
,,2019 - 2020,1.68
,,2020 - 2021,1.68
,,2021 - 2022,2.0
,Narsinghpur,2000 - 2001,2.18
,,2001 - 2002,2.98
,,2002 - 2003,3.0
,,2003 - 2004,2.63
,,2004 - 2005,1.98
,,2005 - 2006,1.91
,,2006 - 2007,1.26
,,2007 - 2008,1.6
,,2008 - 2009,1.61
,,2009 - 2010,
,,2010 - 2011,1.58
,,2011 - 2012,1.41
,,2012 - 2013,2.82
,,2013 - 2014,1.46
,,2014 - 2015,1.89
,,2015 - 2016,3.33
,,2016 - 2017,1.75
,,2017 - 2018,1.77
,,2018 - 2019,2.57
,,2019 - 2020,2.1
,,2020 - 2021,2.4
,,2021 - 2022,2.7
,,2022 - 2023,2.7
,Neemuch,2000 - 2001,1.55
,,2001 - 2002,2.29
,,2002 - 2003,1.42
,,2003 - 2004,2.49
,,2004 - 2005,1.77
,,2005 - 2006,2.12
,,2006 - 2007,1.13
,,2007 - 2008,1.45
,,2008 - 2009,1.79
,,2009 - 2010,
,,2010 - 2011,1.91
,,2011 - 2012,1.47
,,2012 - 2013,3.93
,,2013 - 2014,2.52
,,2014 - 2015,1.72
,,2015 - 2016,1.74
,,2016 - 2017,3.92
,,2017 - 2018,3.58
,,2018 - 2019,2.58
,,2019 - 2020,1.61
,,2020 - 2021,2.42
,,2021 - 2022,3.28
,,2022 - 2023,3.08
,Niwari,2020 - 2021,1.79
,,2021 - 2022,2.08
,,2022 - 2023,2.08
,Panna,2000 - 2001,0.96
,,2001 - 2002,1.28
,,2002 - 2003,0.92
,,2003 - 2004,1.03
,,2004 - 2005,0.67
,,2005 - 2006,0.84
,,2006 - 2007,0.41
,,2007 - 2008,0.58
,,2008 - 2009,0.89
,,2009 - 2010,
,,2010 - 2011,0.91
,,2011 - 2012,0.59
,,2012 - 2013,1.51
,,2013 - 2014,1.36
,,2014 - 2015,1.63
,,2015 - 2016,1.5
,,2016 - 2017,2.0
,,2017 - 2018,1.35
,,2018 - 2019,1.86
,,2019 - 2020,1.81
,,2020 - 2021,2.01
,,2021 - 2022,2.26
,,2022 - 2023,2.46
,Raisen,2000 - 2001,2.03
,,2001 - 2002,2.18
,,2002 - 2003,2.34
,,2003 - 2004,2.21
,,2004 - 2005,1.66
,,2005 - 2006,1.59
,,2006 - 2007,1.15
,,2007 - 2008,1.33
,,2008 - 2009,1.36
,,2009 - 2010,
,,2010 - 2011,1.53
,,2011 - 2012,1.1
,,2012 - 2013,1.54
,,2013 - 2014,0.79
,,2014 - 2015,1.53
,,2015 - 2016,1.22
,,2016 - 2017,1.57
,,2017 - 2018,1.66
,,2018 - 2019,1.73
,,2019 - 2020,1.38
,,2020 - 2021,1.74
,,2021 - 2022,2.19
,,2022 - 2023,2.19
,Rajgarh,2000 - 2001,0.58
,,2001 - 2002,1.18
,,2002 - 2003,0.81
,,2003 - 2004,1.72
,,2004 - 2005,1.21
,,2005 - 2006,0.99
,,2006 - 2007,0.5
,,2007 - 2008,1.14
,,2008 - 2009,1.19
,,2009 - 2010,
,,2010 - 2011,1.2
,,2011 - 2012,0.89
,,2012 - 2013,2.52
,,2013 - 2014,0.48
,,2014 - 2015,2.28
,,2015 - 2016,1.75
,,2016 - 2017,2.74
,,2017 - 2018,3.15
,,2018 - 2019,1.71
,,2019 - 2020,1.18
,,2020 - 2021,1.6
,,2021 - 2022,2.54
,,2022 - 2023,2.64
,Ratlam,2000 - 2001,1.43
,,2001 - 2002,2.46
,,2002 - 2003,1.3
,,2003 - 2004,2.43
,,2004 - 2005,1.84
,,2005 - 2006,2.44
,,2006 - 2007,1.55
,,2007 - 2008,1.96
,,2008 - 2009,2.01
,,2009 - 2010,
,,2010 - 2011,2.19
,,2011 - 2012,2.15
,,2012 - 2013,3.67
,,2013 - 2014,2.53
,,2014 - 2015,2.08
,,2015 - 2016,2.26
,,2016 - 2017,2.63
,,2017 - 2018,2.92
,,2018 - 2019,4.06
,,2019 - 2020,1.69
,,2020 - 2021,3.23
,,2021 - 2022,3.64
,,2022 - 2023,2.96
,Rewa,2000 - 2001,1.07
,,2001 - 2002,1.19
,,2002 - 2003,1.23
,,2003 - 2004,1.07
,,2004 - 2005,0.8
,,2005 - 2006,0.82
,,2006 - 2007,0.54
,,2007 - 2008,0.62
,,2008 - 2009,0.85
,,2009 - 2010,
,,2010 - 2011,0.72
,,2011 - 2012,0.61
,,2012 - 2013,0.79
,,2013 - 2014,0.97
,,2014 - 2015,1.71
,,2015 - 2016,1.5
,,2016 - 2017,1.5
,,2017 - 2018,0.83
,,2018 - 2019,1.77
,,2019 - 2020,1.32
,,2020 - 2021,1.44
,,2021 - 2022,1.99
,,2022 - 2023,2.45
,Sagar,2000 - 2001,1.74
,,2001 - 2002,1.7
,,2002 - 2003,1.35
,,2003 - 2004,1.74
,,2004 - 2005,1.31
,,2005 - 2006,1.31
,,2006 - 2007,0.86
,,2007 - 2008,1.09
,,2008 - 2009,1.12
,,2009 - 2010,
,,2010 - 2011,1.25
,,2011 - 2012,1.3
,,2012 - 2013,2.06
,,2013 - 2014,0.59
,,2014 - 2015,1.75
,,2015 - 2016,1.0
,,2016 - 2017,1.2
,,2017 - 2018,1.05
,,2018 - 2019,1.93
,,2019 - 2020,2.24
,,2020 - 2021,2.32
,,2021 - 2022,2.74
,,2022 - 2023,2.97
,Satna,2000 - 2001,1.48
,,2001 - 2002,1.7
,,2002 - 2003,1.1
,,2003 - 2004,1.34
,,2004 - 2005,0.95
,,2005 - 2006,1.06
,,2006 - 2007,0.49
,,2007 - 2008,0.65
,,2008 - 2009,0.77
,,2009 - 2010,
,,2010 - 2011,0.88
,,2011 - 2012,0.66
,,2012 - 2013,1.47
,,2013 - 2014,0.7
,,2014 - 2015,1.41
,,2015 - 2016,2.0
,,2017 - 2018,1.74
,,2018 - 2019,1.31
,,2019 - 2020,1.49
,,2020 - 2021,0.92
,,2021 - 2022,1.43
,,2022 - 2023,1.89
,Sehore,2000 - 2001,1.39
,,2001 - 2002,1.99
,,2002 - 2003,2.14
,,2003 - 2004,1.85
,,2004 - 2005,1.4
,,2005 - 2006,1.33
,,2006 - 2007,0.88
,,2007 - 2008,1.3
,,2008 - 2009,1.14
,,2009 - 2010,
,,2010 - 2011,1.85
,,2011 - 2012,0.85
,,2012 - 2013,2.59
,,2013 - 2014,0.58
,,2014 - 2015,2.2
,,2015 - 2016,1.88
,,2016 - 2017,1.58
,,2017 - 2018,2.42
,,2018 - 2019,3.13
,,2019 - 2020,2.01
,,2020 - 2021,2.2
,,2021 - 2022,3.32
,,2022 - 2023,3.22
,Seoni,2000 - 2001,0.89
,,2001 - 2002,2.02
,,2002 - 2003,1.3
,,2003 - 2004,1.88
,,2004 - 2005,1.31
,,2005 - 2006,1.33
,,2006 - 2007,1.03
,,2007 - 2008,1.21
,,2008 - 2009,1.14
,,2009 - 2010,
,,2010 - 2011,1.27
,,2011 - 2012,1.04
,,2012 - 2013,2.55
,,2013 - 2014,1.84
,,2014 - 2015,3.6
,,2015 - 2016,3.5
,,2016 - 2017,4.62
,,2017 - 2018,4.65
,,2018 - 2019,4.06
,,2019 - 2020,3.73
,,2020 - 2021,3.37
,,2021 - 2022,4.49
,,2022 - 2023,2.79
,Shahdol,2000 - 2001,1.35
,,2001 - 2002,1.21
,,2002 - 2003,1.47
,,2003 - 2004,1.3
,,2004 - 2005,0.91
,,2005 - 2006,0.93
,,2006 - 2007,0.67
,,2007 - 2008,0.87
,,2008 - 2009,0.96
,,2009 - 2010,
,,2010 - 2011,0.99
,,2011 - 2012,0.66
,,2012 - 2013,1.66
,,2013 - 2014,1.53
,,2014 - 2015,1.35
,,2015 - 2016,1.6
,,2016 - 2017,1.93
,,2017 - 2018,1.89
,,2018 - 2019,1.79
,,2019 - 2020,1.87
,,2020 - 2021,1.87
,,2021 - 2022,2.26
,,2022 - 2023,2.25
,Shajapur,2000 - 2001,1.8
,,2001 - 2002,1.93
,,2002 - 2003,1.88
,,2003 - 2004,2.07
,,2004 - 2005,1.61
,,2005 - 2006,1.79
,,2006 - 2007,0.63
,,2007 - 2008,0.79
,,2008 - 2009,0.88
,,2009 - 2010,
,,2010 - 2011,1.51
,,2011 - 2012,0.61
,,2012 - 2013,2.01
,,2013 - 2014,1.09
,,2014 - 2015,2.11
,,2015 - 2016,1.67
,,2016 - 2017,1.5
,,2017 - 2018,1.65
,,2018 - 2019,1.31
,,2019 - 2020,0.87
,,2020 - 2021,1.36
,,2021 - 2022,2.31
,,2022 - 2023,2.41
,Sheopur,2000 - 2001,0.8
,,2001 - 2002,1.38
,,2002 - 2003,0.48
,,2003 - 2004,1.54
,,2004 - 2005,1.04
,,2005 - 2006,1.06
,,2006 - 2007,0.7
,,2007 - 2008,0.89
,,2008 - 2009,0.9
,,2009 - 2010,
,,2010 - 2011,1.0
,,2011 - 2012,0.71
,,2012 - 2013,2.05
,,2013 - 2014,2.77
,,2014 - 2015,2.25
,,2015 - 2016,1.5
,,2016 - 2017,2.5
,,2017 - 2018,2.15
,,2018 - 2019,1.8
,,2019 - 2020,2.3
,,2020 - 2021,2.21
,,2021 - 2022,1.66
,,2022 - 2023,2.17
,Shivpuri,2000 - 2001,2.31
,,2001 - 2002,2.21
,,2002 - 2003,1.01
,,2003 - 2004,2.15
,,2004 - 2005,1.62
,,2005 - 2006,2.07
,,2006 - 2007,1.19
,,2007 - 2008,0.94
,,2008 - 2009,1.55
,,2009 - 2010,
,,2010 - 2011,1.73
,,2011 - 2012,1.24
,,2012 - 2013,1.73
,,2013 - 2014,1.14
,,2014 - 2015,1.52
,,2015 - 2016,1.93
,,2016 - 2017,1.7
,,2017 - 2018,2.52
,,2018 - 2019,2.02
,,2019 - 2020,1.39
,,2020 - 2021,1.89
,,2021 - 2022,2.21
,,2022 - 2023,2.61
,Sidhi,2000 - 2001,1.57
,,2001 - 2002,1.36
,,2002 - 2003,1.61
,,2003 - 2004,1.69
,,2004 - 2005,1.41
,,2005 - 2006,1.13
,,2006 - 2007,0.78
,,2007 - 2008,0.95
,,2008 - 2009,1.14
,,2009 - 2010,
,,2010 - 2011,1.07
,,2011 - 2012,0.75
,,2012 - 2013,1.35
,,2013 - 2014,1.16
,,2014 - 2015,1.29
,,2015 - 2016,1.62
,,2016 - 2017,2.56
,,2017 - 2018,2.21
,,2018 - 2019,1.83
,,2019 - 2020,1.68
,,2020 - 2021,1.69
,,2021 - 2022,2.11
,,2022 - 2023,2.56
,Singrauli,2008 - 2009,1.14
,,2009 - 2010,
,,2010 - 2011,1.17
,,2011 - 2012,0.89
,,2012 - 2013,2.28
,,2013 - 2014,1.89
,,2014 - 2015,2.12
,,2015 - 2016,1.86
,,2016 - 2017,2.47
,,2017 - 2018,2.75
,,2018 - 2019,2.63
,,2019 - 2020,2.64
,,2020 - 2021,1.78
,,2021 - 2022,2.76
,,2022 - 2023,2.56
,Tikamgarh,2000 - 2001,1.6
,,2001 - 2002,1.66
,,2002 - 2003,0.85
,,2003 - 2004,1.23
,,2004 - 2005,0.74
,,2005 - 2006,1.01
,,2006 - 2007,0.48
,,2007 - 2008,0.68
,,2008 - 2009,0.9
,,2009 - 2010,
,,2010 - 2011,0.71
,,2011 - 2012,0.56
,,2012 - 2013,0.83
,,2013 - 2014,0.51
,,2014 - 2015,1.4
,,2015 - 2016,2.0
,,2016 - 2017,2.0
,,2017 - 2018,1.05
,,2018 - 2019,1.89
,,2019 - 2020,1.41
,,2020 - 2021,1.43
,,2021 - 2022,2.14
,,2022 - 2023,2.15
,Ujjain,2000 - 2001,1.12
,,2001 - 2002,1.3
,,2002 - 2003,1.19
,,2003 - 2004,2.13
,,2004 - 2005,1.02
,,2005 - 2006,0.96
,,2006 - 2007,0.94
,,2007 - 2008,1.17
,,2008 - 2009,1.12
,,2009 - 2010,
,,2010 - 2011,1.13
,,2011 - 2012,1.03
,,2012 - 2013,2.32
,,2013 - 2014,0.81
,,2014 - 2015,1.78
,,2015 - 2016,1.14
,,2016 - 2017,2.0
,,2017 - 2018,1.25
,,2018 - 2019,2.31
,,2019 - 2020,1.34
,,2020 - 2021,1.96
,,2021 - 2022,2.64
,,2022 - 2023,3.04
,Umaria,2000 - 2001,1.4
,,2001 - 2002,1.32
,,2002 - 2003,1.28
,,2003 - 2004,1.47
,,2004 - 2005,1.02
,,2005 - 2006,0.59
,,2006 - 2007,0.43
,,2007 - 2008,0.56
,,2008 - 2009,0.6
,,2009 - 2010,
,,2010 - 2011,0.84
,,2011 - 2012,0.45
,,2012 - 2013,1.41
,,2013 - 2014,1.32
,,2014 - 2015,1.88
,,2015 - 2016,2.55
,,2016 - 2017,2.09
,,2017 - 2018,2.28
,,2018 - 2019,2.03
,,2019 - 2020,2.16
,,2020 - 2021,1.68
,,2021 - 2022,2.21
,,2022 - 2023,2.28
,Vidisha,2000 - 2001,2.09
,,2001 - 2002,2.39
,,2002 - 2003,2.15
,,2003 - 2004,2.06
,,2004 - 2005,1.65
,,2005 - 2006,1.57
,,2006 - 2007,1.09
,,2007 - 2008,1.35
,,2008 - 2009,1.41
,,2009 - 2010,
,,2010 - 2011,1.71
,,2011 - 2012,1.29
,,2012 - 2013,2.24
,,2013 - 2014,1.16
,,2014 - 2015,1.52
,,2015 - 2016,1.4
,,2016 - 2017,2.0
,,2017 - 2018,2.2
,,2018 - 2019,1.46
,,2019 - 2020,1.5
,,2020 - 2021,2.05
,,2021 - 2022,2.46
,,2022 - 2023,2.46
Maharashtra,Ahilyanagar,2000 - 2001,0.63
,,2001 - 2002,1.53
,,2002 - 2003,1.76
,,2003 - 2004,0.96
,,2004 - 2005,1.23
,,2005 - 2006,1.2
,,2006 - 2007,2.37
,,2007 - 2008,3.11
,,2008 - 2009,3.14
,,2009 - 2010,2.86
,,2010 - 2011,3.08
,,2011 - 2012,2.71
,,2012 - 2013,2.04
,,2013 - 2014,4.87
,,2014 - 2015,2.59
,,2015 - 2016,1.39
,,2016 - 2017,3.12
,,2017 - 2018,2.82
,,2018 - 2019,3.35
,,2019 - 2020,0.34
,,2020 - 2021,3.35
,,2021 - 2022,3.19
,,2022 - 2023,1.99
,Akola,2000 - 2001,1.0
,,2001 - 2002,2.5
,,2002 - 2003,2.0
,,2003 - 2004,2.14
,,2004 - 2005,1.17
,,2005 - 2006,1.69
,,2006 - 2007,1.62
,,2007 - 2008,3.19
,,2008 - 2009,3.05
,,2009 - 2010,2.21
,,2010 - 2011,2.45
,,2011 - 2012,2.82
,,2012 - 2013,2.2
,,2013 - 2014,3.0
,,2014 - 2015,2.0
,,2015 - 2016,2.0
,,2016 - 2017,2.0
,,2017 - 2018,2.67
,,2018 - 2019,1.44
,,2019 - 2020,2.16
,,2020 - 2021,3.42
,,2021 - 2022,2.95
,,2022 - 2023,2.98
,Amravati,2000 - 2001,1.0
,,2001 - 2002,2.56
,,2002 - 2003,2.0
,,2003 - 2004,2.17
,,2004 - 2005,1.21
,,2005 - 2006,1.65
,,2006 - 2007,1.63
,,2007 - 2008,3.18
,,2008 - 2009,3.0
,,2009 - 2010,2.21
,,2010 - 2011,2.5
,,2011 - 2012,2.75
,,2012 - 2013,2.25
,,2013 - 2014,2.9
,,2014 - 2015,1.88
,,2015 - 2016,1.33
,,2016 - 2017,2.7
,,2017 - 2018,2.53
,,2018 - 2019,1.43
,,2019 - 2020,2.0
,,2020 - 2021,3.42
,,2021 - 2022,2.95
,,2022 - 2023,2.99
,Beed,2000 - 2001,0.96
,,2001 - 2002,0.67
,,2002 - 2003,1.03
,,2003 - 2004,0.71
,,2004 - 2005,0.81
,,2005 - 2006,0.98
,,2006 - 2007,1.58
,,2007 - 2008,1.13
,,2008 - 2009,1.06
,,2009 - 2010,0.88
,,2010 - 2011,1.56
,,2011 - 2012,1.24
,,2012 - 2013,0.78
,,2013 - 2014,1.33
,,2014 - 2015,0.76
,,2015 - 2016,0.18
,,2016 - 2017,0.82
,,2017 - 2018,0.82
,,2018 - 2019,0.5
,,2019 - 2020,0.28
,,2020 - 2021,1.43
,,2021 - 2022,1.23
,,2022 - 2023,1.27
,Bhandara,2002 - 2003,2.0
,,2003 - 2004,2.0
,,2004 - 2005,1.0
,,2005 - 2006,2.0
,,2006 - 2007,2.0
,,2007 - 2008,3.0
,,2016 - 2017,1.7
,,2017 - 2018,
,,2021 - 2022,
,,2022 - 2023,
,Buldhana,2000 - 2001,0.95
,,2001 - 2002,2.47
,,2002 - 2003,2.06
,,2003 - 2004,2.14
,,2004 - 2005,1.22
,,2005 - 2006,1.66
,,2006 - 2007,1.64
,,2007 - 2008,3.19
,,2008 - 2009,3.03
,,2009 - 2010,2.22
,,2010 - 2011,2.48
,,2011 - 2012,2.78
,,2012 - 2013,2.24
,,2013 - 2014,2.86
,,2014 - 2015,1.81
,,2015 - 2016,1.31
,,2016 - 2017,2.76
,,2017 - 2018,2.51
,,2018 - 2019,1.43
,,2019 - 2020,0.55
,,2020 - 2021,3.42
,,2021 - 2022,2.95
,,2022 - 2023,2.99
,Chandrapur,2000 - 2001,1.0
,,2009 - 2010,2.0
,,2012 - 2013,
,,2014 - 2015,
,,2015 - 2016,1.0
,,2016 - 2017,2.77
,,2017 - 2018,2.5
,,2019 - 2020,1.71
,,2020 - 2021,
,,2021 - 2022,
,,2022 - 2023,
,Chhatrapati Sambhajinagar,2000 - 2001,0.95
,,2001 - 2002,1.97
,,2002 - 2003,2.5
,,2003 - 2004,2.1
,,2004 - 2005,1.88
,,2005 - 2006,2.69
,,2006 - 2007,2.77
,,2007 - 2008,2.81
,,2008 - 2009,2.75
,,2009 - 2010,2.66
,,2010 - 2011,3.67
,,2011 - 2012,3.25
,,2012 - 2013,2.02
,,2013 - 2014,4.53
,,2014 - 2015,0.92
,,2015 - 2016,1.08
,,2016 - 2017,3.49
,,2017 - 2018,1.99
,,2018 - 2019,1.45
,,2019 - 2020,1.08
,,2020 - 2021,3.5
,,2021 - 2022,1.94
,,2022 - 2023,2.09
,Dharashiv,2000 - 2001,0.95
,,2001 - 2002,0.58
,,2002 - 2003,0.65
,,2003 - 2004,0.34
,,2004 - 2005,0.79
,,2005 - 2006,0.76
,,2006 - 2007,0.96
,,2007 - 2008,0.82
,,2008 - 2009,0.81
,,2009 - 2010,1.17
,,2010 - 2011,0.87
,,2011 - 2012,1.09
,,2012 - 2013,0.59
,,2013 - 2014,1.08
,,2014 - 2015,0.38
,,2015 - 2016,0.23
,,2016 - 2017,0.32
,,2017 - 2018,0.82
,,2018 - 2019,0.45
,,2019 - 2020,0.53
,,2020 - 2021,1.16
,,2021 - 2022,0.86
,,2022 - 2023,0.99
,Dhule,2000 - 2001,0.67
,,2001 - 2002,1.8
,,2002 - 2003,1.86
,,2003 - 2004,2.95
,,2004 - 2005,2.37
,,2005 - 2006,1.55
,,2006 - 2007,1.92
,,2007 - 2008,2.49
,,2008 - 2009,1.35
,,2009 - 2010,2.25
,,2010 - 2011,3.4
,,2011 - 2012,2.44
,,2012 - 2013,2.58
,,2013 - 2014,3.23
,,2014 - 2015,1.99
,,2015 - 2016,1.7
,,2016 - 2017,2.65
,,2017 - 2018,3.32
,,2018 - 2019,2.08
,,2019 - 2020,1.08
,,2020 - 2021,2.23
,,2021 - 2022,1.66
,,2022 - 2023,2.92
,Gadchiroli,2000 - 2001,1.33
,,2001 - 2002,2.6
,,2002 - 2003,2.05
,,2003 - 2004,2.13
,,2004 - 2005,1.22
,,2005 - 2006,1.64
,,2006 - 2007,1.64
,,2007 - 2008,3.09
,,2008 - 2009,1.5
,,2009 - 2010,2.23
,,2010 - 2011,2.42
,,2011 - 2012,0.68
,,2012 - 2013,2.26
,,2013 - 2014,2.88
,,2014 - 2015,1.8
,,2015 - 2016,1.31
,,2016 - 2017,2.81
,,2017 - 2018,2.56
,,2018 - 2019,1.43
,,2019 - 2020,1.9
,,2020 - 2021,3.42
,,2021 - 2022,2.95
,,2022 - 2023,2.99
,Gondia,2000 - 2001,1.0
,,2001 - 2002,2.5
,,2002 - 2003,2.0
,,2003 - 2004,2.0
,,2004 - 2005,1.0
,,2005 - 2006,2.0
,,2006 - 2007,2.0
,,2007 - 2008,3.0
,,2008 - 2009,2.0
,,2009 - 2010,2.0
,,2010 - 2011,2.0
,,2011 - 2012,0.5
,,2012 - 2013,1.0
,,2013 - 2014,3.0
,,2014 - 2015,
,,2015 - 2016,
,,2016 - 2017,4.0
,,2017 - 2018,
,,2018 - 2019,
,,2019 - 2020,0.4
,,2020 - 2021,3.42
,,2021 - 2022,2.95
,,2022 - 2023,3.0
,Hingoli,2000 - 2001,1.0
,,2001 - 2002,2.0
,,2002 - 2003,1.67
,,2003 - 2004,0.38
,,2004 - 2005,1.0
,,2005 - 2006,0.8
,,2006 - 2007,1.0
,,2007 - 2008,0.8
,,2008 - 2009,0.82
,,2009 - 2010,1.13
,,2010 - 2011,0.83
,,2011 - 2012,1.17
,,2012 - 2013,1.0
,,2013 - 2014,1.25
,,2014 - 2015,0.38
,,2015 - 2016,0.25
,,2016 - 2017,0.36
,,2017 - 2018,0.82
,,2018 - 2019,0.49
,,2019 - 2020,0.43
,,2020 - 2021,1.07
,,2021 - 2022,0.86
,,2022 - 2023,0.99
,Jalgaon,2000 - 2001,0.63
,,2001 - 2002,1.83
,,2002 - 2003,2.88
,,2003 - 2004,3.33
,,2004 - 2005,2.06
,,2005 - 2006,3.33
,,2006 - 2007,3.11
,,2007 - 2008,2.89
,,2008 - 2009,2.53
,,2009 - 2010,2.2
,,2010 - 2011,3.32
,,2011 - 2012,3.62
,,2012 - 2013,2.67
,,2013 - 2014,3.83
,,2014 - 2015,2.49
,,2015 - 2016,1.32
,,2016 - 2017,3.71
,,2017 - 2018,3.41
,,2018 - 2019,1.73
,,2019 - 2020,0.76
,,2020 - 2021,3.31
,,2021 - 2022,1.94
,,2022 - 2023,3.07
,Jalna,2000 - 2001,0.95
,,2001 - 2002,1.47
,,2002 - 2003,2.19
,,2003 - 2004,2.67
,,2004 - 2005,1.84
,,2005 - 2006,2.22
,,2006 - 2007,2.19
,,2007 - 2008,3.19
,,2008 - 2009,1.58
,,2009 - 2010,2.08
,,2010 - 2011,2.89
,,2011 - 2012,2.6
,,2012 - 2013,1.76
,,2013 - 2014,2.67
,,2014 - 2015,0.56
,,2015 - 2016,0.82
,,2016 - 2017,2.44
,,2017 - 2018,1.99
,,2018 - 2019,1.34
,,2019 - 2020,3.37
,,2020 - 2021,3.9
,,2021 - 2022,2.79
,,2022 - 2023,3.37
,Kolhapur,2000 - 2001,0.62
,,2001 - 2002,2.17
,,2002 - 2003,1.38
,,2003 - 2004,2.13
,,2004 - 2005,2.36
,,2005 - 2006,1.97
,,2006 - 2007,0.6
,,2007 - 2008,1.96
,,2008 - 2009,1.93
,,2009 - 2010,2.34
,,2010 - 2011,2.59
,,2011 - 2012,2.09
,,2012 - 2013,1.59
,,2013 - 2014,2.27
,,2014 - 2015,3.38
,,2015 - 2016,1.91
,,2016 - 2017,4.03
,,2017 - 2018,2.45
,,2018 - 2019,3.03
,,2019 - 2020,2.69
,,2020 - 2021,3.46
,,2021 - 2022,3.07
,,2022 - 2023,2.93
,Latur,2000 - 2001,0.96
,,2001 - 2002,1.83
,,2002 - 2003,0.71
,,2003 - 2004,0.38
,,2004 - 2005,0.95
,,2005 - 2006,0.77
,,2006 - 2007,0.95
,,2007 - 2008,0.83
,,2008 - 2009,0.81
,,2009 - 2010,1.16
,,2010 - 2011,0.87
,,2011 - 2012,1.46
,,2012 - 2013,2.1
,,2013 - 2014,2.61
,,2014 - 2015,0.61
,,2015 - 2016,0.25
,,2016 - 2017,0.51
,,2017 - 2018,0.66
,,2018 - 2019,0.68
,,2019 - 2020,0.22
,,2020 - 2021,0.77
,,2021 - 2022,0.86
,,2022 - 2023,0.99
,Mumbai suburban,2016 - 2017,
,Nagpur,2000 - 2001,1.0
,,2001 - 2002,2.5
,,2002 - 2003,2.0
,,2003 - 2004,2.25
,,2004 - 2005,1.25
,,2005 - 2006,1.75
,,2006 - 2007,1.75
,,2007 - 2008,3.0
,,2008 - 2009,1.5
,,2009 - 2010,2.0
,,2010 - 2011,2.0
,,2011 - 2012,0.75
,,2012 - 2013,2.25
,,2013 - 2014,3.0
,,2014 - 2015,2.0
,,2015 - 2016,
,,2016 - 2017,2.5
,,2017 - 2018,2.04
,,2018 - 2019,
,,2019 - 2020,2.27
,,2020 - 2021,3.42
,,2021 - 2022,2.95
,,2022 - 2023,2.98
,Nanded,2000 - 2001,
,,2001 - 2002,1.83
,,2002 - 2003,0.67
,,2003 - 2004,0.43
,,2004 - 2005,1.0
,,2005 - 2006,0.83
,,2006 - 2007,1.0
,,2007 - 2008,0.8
,,2008 - 2009,0.86
,,2009 - 2010,1.17
,,2010 - 2011,0.86
,,2011 - 2012,1.2
,,2012 - 2013,1.0
,,2013 - 2014,1.25
,,2014 - 2015,0.43
,,2015 - 2016,0.29
,,2016 - 2017,0.5
,,2017 - 2018,0.8
,,2018 - 2019,0.49
,,2019 - 2020,0.59
,,2020 - 2021,1.07
,,2021 - 2022,0.86
,,2022 - 2023,0.99
,Nandurbar,2000 - 2001,0.62
,,2001 - 2002,1.44
,,2002 - 2003,1.25
,,2003 - 2004,1.97
,,2004 - 2005,1.4
,,2005 - 2006,2.0
,,2006 - 2007,1.23
,,2007 - 2008,2.34
,,2008 - 2009,2.0
,,2009 - 2010,2.23
,,2010 - 2011,2.54
,,2011 - 2012,3.02
,,2012 - 2013,2.65
,,2013 - 2014,1.67
,,2014 - 2015,1.57
,,2015 - 2016,1.25
,,2016 - 2017,2.54
,,2017 - 2018,2.68
,,2018 - 2019,1.37
,,2019 - 2020,1.9
,,2020 - 2021,2.13
,,2021 - 2022,1.75
,,2022 - 2023,2.76
,Nashik,2000 - 2001,0.62
,,2001 - 2002,2.27
,,2002 - 2003,2.64
,,2003 - 2004,2.44
,,2004 - 2005,2.19
,,2005 - 2006,2.02
,,2006 - 2007,1.61
,,2007 - 2008,2.9
,,2008 - 2009,2.89
,,2009 - 2010,2.26
,,2010 - 2011,3.26
,,2011 - 2012,3.19
,,2012 - 2013,2.95
,,2013 - 2014,3.86
,,2014 - 2015,2.64
,,2015 - 2016,2.42
,,2016 - 2017,4.65
,,2017 - 2018,4.72
,,2018 - 2019,2.69
,,2019 - 2020,1.54
,,2020 - 2021,4.41
,,2021 - 2022,4.1
,,2022 - 2023,4.3
,Palghar,2015 - 2016,
,,2016 - 2017,
,,2018 - 2019,
,,2019 - 2020,
,,2021 - 2022,
,,2022 - 2023,
,Parbhani,2000 - 2001,0.93
,,2001 - 2002,1.85
,,2002 - 2003,0.69
,,2003 - 2004,0.38
,,2004 - 2005,0.94
,,2005 - 2006,0.75
,,2006 - 2007,0.94
,,2007 - 2008,0.8
,,2008 - 2009,0.8
,,2009 - 2010,1.14
,,2010 - 2011,0.86
,,2011 - 2012,1.21
,,2012 - 2013,0.95
,,2013 - 2014,1.37
,,2014 - 2015,0.4
,,2015 - 2016,0.25
,,2016 - 2017,0.36
,,2017 - 2018,0.79
,,2018 - 2019,0.49
,,2019 - 2020,0.72
,,2020 - 2021,1.07
,,2021 - 2022,0.86
,,2022 - 2023,0.99
,Pune,2000 - 2001,0.62
,,2001 - 2002,1.53
,,2002 - 2003,2.45
,,2003 - 2004,2.25
,,2004 - 2005,1.94
,,2005 - 2006,2.22
,,2006 - 2007,2.31
,,2007 - 2008,2.8
,,2008 - 2009,2.35
,,2009 - 2010,2.06
,,2010 - 2011,2.33
,,2011 - 2012,2.99
,,2012 - 2013,2.45
,,2013 - 2014,2.8
,,2014 - 2015,4.1
,,2015 - 2016,2.39
,,2016 - 2017,4.21
,,2017 - 2018,2.73
,,2018 - 2019,2.7
,,2019 - 2020,3.56
,,2020 - 2021,3.1
,,2021 - 2022,2.74
,,2022 - 2023,3.7
,Raigad,2005 - 2006,
,,2006 - 2007,
,,2007 - 2008,
,,2008 - 2009,
,,2011 - 2012,
,Ratnagiri,2002 - 2003,
,,2003 - 2004,
,,2004 - 2005,
,,2005 - 2006,
,,2006 - 2007,
,,2007 - 2008,
,,2008 - 2009,
,,2009 - 2010,
,,2010 - 2011,
,,2011 - 2012,
,,2015 - 2016,
,,2019 - 2020,
,,2020 - 2021,
,,2021 - 2022,
,,2022 - 2023,
,Sangli,2000 - 2001,0.63
,,2001 - 2002,2.14
,,2002 - 2003,1.13
,,2003 - 2004,1.9
,,2004 - 2005,2.18
,,2005 - 2006,2.61
,,2006 - 2007,0.59
,,2007 - 2008,2.29
,,2008 - 2009,2.07
,,2009 - 2010,2.43
,,2010 - 2011,3.11
,,2011 - 2012,2.23
,,2012 - 2013,1.81
,,2013 - 2014,2.17
,,2014 - 2015,3.95
,,2015 - 2016,1.88
,,2016 - 2017,3.14
,,2017 - 2018,2.33
,,2018 - 2019,1.81
,,2019 - 2020,1.85
,,2020 - 2021,2.41
,,2021 - 2022,2.53
,,2022 - 2023,2.87
,Satara,2000 - 2001,0.62
,,2001 - 2002,2.14
,,2002 - 2003,1.61
,,2003 - 2004,2.12
,,2004 - 2005,1.35
,,2005 - 2006,0.74
,,2006 - 2007,0.64
,,2007 - 2008,1.18
,,2008 - 2009,1.65
,,2009 - 2010,2.25
,,2010 - 2011,1.41
,,2011 - 2012,1.67
,,2012 - 2013,1.16
,,2013 - 2014,2.44
,,2014 - 2015,1.91
,,2015 - 2016,1.91
,,2016 - 2017,2.21
,,2017 - 2018,3.1
,,2018 - 2019,2.19
,,2019 - 2020,1.4
,,2020 - 2021,2.59
,,2021 - 2022,3.32
,,2022 - 2023,2.41
,Sindhudurg,2000 - 2001,
,,2001 - 2002,
,,2002 - 2003,
,,2003 - 2004,
,,2004 - 2005,
,,2005 - 2006,
,,2006 - 2007,
,,2007 - 2008,
,,2008 - 2009,
,,2009 - 2010,
,,2010 - 2011,
,,2014 - 2015,
,,2015 - 2016,
,,2016 - 2017,
,,2019 - 2020,
,,2020 - 2021,
,,2021 - 2022,
,,2022 - 2023,
,Solapur,2000 - 2001,0.63
,,2001 - 2002,0.0
,,2002 - 2003,1.4
,,2003 - 2004,0.29
,,2004 - 2005,1.11
,,2005 - 2006,1.27
,,2006 - 2007,0.99
,,2007 - 2008,1.32
,,2008 - 2009,2.31
,,2009 - 2010,1.62
,,2010 - 2011,1.7
,,2011 - 2012,2.49
,,2012 - 2013,0.97
,,2013 - 2014,1.74
,,2014 - 2015,1.89
,,2015 - 2016,1.02
,,2016 - 2017,1.13
,,2017 - 2018,2.46
,,2018 - 2019,0.93
,,2019 - 2020,1.23
,,2020 - 2021,2.26
,,2021 - 2022,2.31
,,2022 - 2023,2.25
,Thane,2001 - 2002,
,,2002 - 2003,
,,2003 - 2004,
,,2004 - 2005,
,,2005 - 2006,
,,2006 - 2007,
,,2007 - 2008,
,,2008 - 2009,
,,2009 - 2010,
,,2010 - 2011,
,,2011 - 2012,
,,2015 - 2016,
,,2017 - 2018,
,,2021 - 2022,
,,2022 - 2023,
,Wardha,2000 - 2001,
,,2001 - 2002,
,,2006 - 2007,2.0
,,2007 - 2008,3.0
,,2008 - 2009,2.0
,,2011 - 2012,1.0
,,2013 - 2014,
,,2014 - 2015,
,,2015 - 2016,
,,2016 - 2017,3.33
,,2017 - 2018,
,,2018 - 2019,
,,2019 - 2020,1.62
,,2020 - 2021,3.42
,,2021 - 2022,2.95
,,2022 - 2023,2.0
,Washim,2000 - 2001,1.0
,,2001 - 2002,3.0
,,2002 - 2003,2.0
,,2003 - 2004,2.0
,,2004 - 2005,1.0
,,2005 - 2006,2.0
,,2006 - 2007,2.0
,,2007 - 2008,3.0
,,2008 - 2009,3.0
,,2009 - 2010,2.33
,,2010 - 2011,2.5
,,2011 - 2012,3.0
,,2012 - 2013,2.0
,,2013 - 2014,3.0
,,2014 - 2015,1.8
,,2015 - 2016,1.33
,,2016 - 2017,2.5
,,2017 - 2018,2.6
,,2018 - 2019,1.43
,,2019 - 2020,1.84
,,2020 - 2021,3.42
,,2021 - 2022,2.95
,,2022 - 2023,2.99
,Yavatmal,2000 - 2001,1.0
,,2001 - 2002,2.5
,,2002 - 2003,2.0
,,2003 - 2004,2.0
,,2004 - 2005,1.0
,,2005 - 2006,2.0
,,2006 - 2007,1.75
,,2007 - 2008,3.0
,,2008 - 2009,3.0
,,2009 - 2010,2.18
,,2010 - 2011,2.5
,,2011 - 2012,2.8
,,2012 - 2013,2.2
,,2013 - 2014,
,,2014 - 2015,
,,2015 - 2016,
,,2016 - 2017,2.73
,,2017 - 2018,2.47
,,2018 - 2019,1.43
,,2019 - 2020,0.15
,,2020 - 2021,3.42
,,2021 - 2022,2.95
,,2022 - 2023,2.99
Manipur,Bishnupur,2008 - 2009,1.81
,,2009 - 2010,1.69
,,2010 - 2011,1.6
,,2011 - 2012,1.56
,,2012 - 2013,1.83
,,2013 - 2014,2.21
,,2014 - 2015,2.28
,,2015 - 2016,2.39
,,2016 - 2017,2.12
,,2017 - 2018,2.18
,,2018 - 2019,2.0
,,2021 - 2022,2.5
,,2022 - 2023,2.02
,Chandel,2000 - 2001,3.29
,,2001 - 2002,3.14
,,2002 - 2003,2.98
,,2003 - 2004,3.14
,,2004 - 2005,3.11
,,2005 - 2006,3.03
,,2006 - 2007,2.21
,,2007 - 2008,2.8
,,2008 - 2009,2.01
,,2009 - 2010,1.78
,,2010 - 2011,1.95
,,2011 - 2012,1.76
,,2012 - 2013,2.08
,,2013 - 2014,2.15
,,2014 - 2015,2.17
,,2015 - 2016,2.31
,,2016 - 2017,2.18
,,2017 - 2018,2.48
,,2018 - 2019,2.52
,,2021 - 2022,2.27
,,2022 - 2023,2.25
,Churachandpur,2000 - 2001,2.14
,,2001 - 2002,1.52
,,2003 - 2004,1.17
,,2004 - 2005,1.38
,,2005 - 2006,1.42
,,2006 - 2007,2.71
,,2007 - 2008,2.65
,,2008 - 2009,1.92
,,2009 - 2010,2.2
,,2010 - 2011,1.78
,,2011 - 2012,1.86
,,2012 - 2013,1.95
,,2013 - 2014,2.23
,,2014 - 2015,2.26
,,2015 - 2016,2.17
,,2016 - 2017,2.11
,,2017 - 2018,2.27
,,2018 - 2019,1.53
,,2019 - 2020,2.92
,,2020 - 2021,1.75
,,2021 - 2022,2.13
,,2022 - 2023,2.1
,Imphal east,2008 - 2009,1.6
,,2009 - 2010,1.32
,,2010 - 2011,1.6
,,2011 - 2012,1.52
,,2012 - 2013,1.96
,,2013 - 2014,2.24
,,2014 - 2015,2.33
,,2015 - 2016,2.38
,,2016 - 2017,2.0
,,2017 - 2018,2.16
,,2018 - 2019,2.16
,,2021 - 2022,2.17
,,2022 - 2023,2.12
,Imphal west,2008 - 2009,1.69
,,2009 - 2010,1.44
,,2010 - 2011,1.67
,,2011 - 2012,1.52
,,2012 - 2013,2.0
,,2013 - 2014,2.25
,,2014 - 2015,2.35
,,2015 - 2016,2.31
,,2016 - 2017,2.05
,,2017 - 2018,2.18
,,2018 - 2019,2.3
,,2021 - 2022,2.8
,,2022 - 2023,2.37
,Senapati,2000 - 2001,2.43
,,2001 - 2002,2.58
,,2002 - 2003,2.5
,,2003 - 2004,3.56
,,2004 - 2005,2.97
,,2005 - 2006,2.92
,,2006 - 2007,2.65
,,2007 - 2008,2.84
,,2008 - 2009,2.01
,,2009 - 2010,1.98
,,2010 - 2011,1.97
,,2011 - 2012,1.87
,,2012 - 2013,2.06
,,2013 - 2014,2.16
,,2014 - 2015,2.17
,,2015 - 2016,2.2
,,2016 - 2017,2.11
,,2017 - 2018,2.25
,,2018 - 2019,2.25
,,2021 - 2022,1.97
,,2022 - 2023,1.97
,Tamenglong,2008 - 2009,1.13
,,2009 - 2010,1.86
,,2010 - 2011,1.79
,,2011 - 2012,1.74
,,2012 - 2013,2.05
,,2013 - 2014,2.18
,,2014 - 2015,2.24
,,2015 - 2016,2.33
,,2016 - 2017,2.14
,,2017 - 2018,2.36
,,2018 - 2019,2.7
,,2021 - 2022,2.39
,,2022 - 2023,1.97
,Thoubal,2008 - 2009,1.6
,,2009 - 2010,1.45
,,2010 - 2011,1.56
,,2011 - 2012,1.7
,,2012 - 2013,2.05
,,2013 - 2014,2.14
,,2014 - 2015,2.17
,,2015 - 2016,2.24
,,2016 - 2017,2.09
,,2017 - 2018,2.18
,,2018 - 2019,2.35
,,2021 - 2022,2.57
,,2022 - 2023,2.58
,Ukhrul,2000 - 2001,2.34
,,2001 - 2002,0.81
,,2002 - 2003,1.12
,,2003 - 2004,3.17
,,2004 - 2005,2.63
,,2005 - 2006,2.87
,,2006 - 2007,2.35
,,2007 - 2008,2.92
,,2008 - 2009,1.75
,,2009 - 2010,1.63
,,2010 - 2011,1.74
,,2011 - 2012,1.74
,,2012 - 2013,2.01
,,2013 - 2014,2.12
,,2014 - 2015,2.14
,,2015 - 2016,2.26
,,2016 - 2017,2.12
,,2017 - 2018,2.5
,,2018 - 2019,2.47
,,2019 - 2020,1.96
,,2020 - 2021,2.35
,,2021 - 2022,2.6
,,2022 - 2023,2.6
Meghalaya,East garo hills,2000 - 2001,1.25
,,2001 - 2002,1.24
,,2002 - 2003,1.24
,,2003 - 2004,1.23
,,2004 - 2005,1.22
,,2005 - 2006,1.23
,,2006 - 2007,1.23
,,2007 - 2008,1.23
,,2008 - 2009,1.24
,,2009 - 2010,1.25
,,2010 - 2011,1.24
,,2011 - 2012,1.24
,,2012 - 2013,
,,2013 - 2014,
,,2014 - 2015,
,,2015 - 2016,1.97
,,2016 - 2017,1.97
,,2017 - 2018,1.97
,,2018 - 2019,1.97
,,2019 - 2020,1.98
,,2020 - 2021,1.98
,,2021 - 2022,1.98
,,2022 - 2023,1.99
,East jaintia hills,2000 - 2001,1.12
,,2001 - 2002,1.13
,,2002 - 2003,1.13
,,2003 - 2004,1.13
,,2004 - 2005,1.18
,,2005 - 2006,1.18
,,2006 - 2007,1.18
,,2007 - 2008,1.18
,,2008 - 2009,1.18
,,2009 - 2010,1.19
,,2010 - 2011,1.19
,,2011 - 2012,1.19
,,2012 - 2013,
,,2013 - 2014,
,,2014 - 2015,
,,2015 - 2016,2.25
,,2016 - 2017,2.25
,,2017 - 2018,2.25
,,2018 - 2019,2.25
,,2019 - 2020,2.26
,,2020 - 2021,2.26
,,2021 - 2022,2.27
,,2022 - 2023,2.27
,East khasi hills,2000 - 2001,1.77
,,2001 - 2002,1.78
,,2002 - 2003,1.76
,,2003 - 2004,1.77
,,2004 - 2005,1.77
,,2005 - 2006,1.76
,,2006 - 2007,1.98
,,2007 - 2008,2.04
,,2008 - 2009,2.34
,,2009 - 2010,2.36
,,2010 - 2011,2.35
,,2011 - 2012,2.36
,,2012 - 2013,
,,2013 - 2014,
,,2014 - 2015,
,,2015 - 2016,3.34
,,2016 - 2017,3.34
,,2017 - 2018,3.34
,,2018 - 2019,3.34
,,2019 - 2020,3.35
,,2020 - 2021,3.35
,,2021 - 2022,3.35
,,2022 - 2023,3.35
,North garo hills,2013 - 2014,
,,2014 - 2015,
,,2015 - 2016,1.91
,,2016 - 2017,1.91
,,2017 - 2018,1.91
,,2018 - 2019,1.91
,,2019 - 2020,1.92
,,2020 - 2021,1.92
,,2021 - 2022,1.92
,,2022 - 2023,1.93
,Ri bhoi,2000 - 2001,2.08
,,2001 - 2002,2.08
,,2002 - 2003,2.5
,,2003 - 2004,2.5
,,2004 - 2005,2.51
,,2005 - 2006,2.5
,,2006 - 2007,2.5
,,2007 - 2008,2.26
,,2008 - 2009,2.26
,,2009 - 2010,2.4
,,2010 - 2011,2.25
,,2011 - 2012,2.26
,,2012 - 2013,
,,2013 - 2014,
,,2014 - 2015,
,,2015 - 2016,3.2
,,2016 - 2017,3.22
,,2017 - 2018,3.22
,,2018 - 2019,3.22
,,2019 - 2020,3.23
,,2020 - 2021,3.23
,,2021 - 2022,3.24
,,2022 - 2023,3.23
,South garo hills,2000 - 2001,1.01
,,2001 - 2002,1.01
,,2002 - 2003,1.01
,,2003 - 2004,1.01
,,2004 - 2005,0.99
,,2005 - 2006,1.02
,,2006 - 2007,1.19
,,2007 - 2008,1.07
,,2008 - 2009,1.08
,,2009 - 2010,1.09
,,2010 - 2011,1.06
,,2011 - 2012,1.07
,,2012 - 2013,
,,2013 - 2014,
,,2014 - 2015,
,,2015 - 2016,1.75
,,2016 - 2017,1.75
,,2017 - 2018,1.75
,,2018 - 2019,1.75
,,2019 - 2020,1.76
,,2020 - 2021,1.76
,,2021 - 2022,1.76
,,2022 - 2023,1.82
,South west garo hills,2013 - 2014,
,,2014 - 2015,
,,2015 - 2016,2.42
,,2016 - 2017,2.42
,,2017 - 2018,2.42
,,2018 - 2019,2.42
,,2019 - 2020,2.43
,,2020 - 2021,2.43
,,2021 - 2022,2.43
,,2022 - 2023,2.44
,South west khasi hills,2013 - 2014,
,,2014 - 2015,
,,2015 - 2016,1.67
,,2016 - 2017,1.68
,,2017 - 2018,1.69
,,2018 - 2019,1.69
,,2019 - 2020,1.69
,,2020 - 2021,1.69
,,2021 - 2022,1.7
,,2022 - 2023,1.7
,West garo hills,2000 - 2001,1.46
,,2001 - 2002,1.47
,,2002 - 2003,1.47
,,2003 - 2004,1.52
,,2004 - 2005,1.52
,,2005 - 2006,1.53
,,2006 - 2007,1.55
,,2007 - 2008,1.6
,,2008 - 2009,1.59
,,2009 - 2010,1.58
,,2010 - 2011,1.57
,,2011 - 2012,1.56
,,2012 - 2013,
,,2013 - 2014,
,,2014 - 2015,
,,2015 - 2016,2.34
,,2016 - 2017,2.35
,,2017 - 2018,2.35
,,2018 - 2019,2.35
,,2019 - 2020,2.36
,,2020 - 2021,2.36
,,2021 - 2022,2.36
,,2022 - 2023,1.56
,West jaintia hills,2013 - 2014,
,,2014 - 2015,
,,2015 - 2016,1.86
,,2016 - 2017,1.87
,,2017 - 2018,1.87
,,2018 - 2019,1.87
,,2019 - 2020,1.88
,,2020 - 2021,1.88
,,2021 - 2022,1.88
,,2022 - 2023,1.89
,West khasi hills,2000 - 2001,1.37
,,2001 - 2002,1.59
,,2002 - 2003,1.58
,,2003 - 2004,1.54
,,2004 - 2005,1.07
,,2005 - 2006,1.15
,,2006 - 2007,1.16
,,2007 - 2008,1.15
,,2008 - 2009,1.13
,,2009 - 2010,1.15
,,2010 - 2011,1.27
,,2011 - 2012,1.38
,,2012 - 2013,
,,2013 - 2014,
,,2014 - 2015,
,,2015 - 2016,1.93
,,2016 - 2017,1.94
,,2017 - 2018,1.94
,,2018 - 2019,1.94
,,2019 - 2020,1.94
,,2020 - 2021,1.94
,,2021 - 2022,1.95
,,2022 - 2023,1.95
Mizoram,Aizawl,2000 - 2001,2.85
,,2001 - 2002,2.74
,,2002 - 2003,2.28
,,2003 - 2004,1.8
,,2004 - 2005,2.94
,,2005 - 2006,2.9
,,2006 - 2007,2.71
,,2007 - 2008,0.08
,,2008 - 2009,0.52
,,2009 - 2010,1.57
,,2010 - 2011,1.42
,,2011 - 2012,1.39
,,2012 - 2013,1.72
,,2013 - 2014,1.35
,,2014 - 2015,1.58
,,2015 - 2016,1.66
,,2016 - 2017,1.68
,,2017 - 2018,1.76
,,2018 - 2019,1.82
,,2019 - 2020,1.79
,,2020 - 2021,1.68
,,2021 - 2022,1.68
,,2022 - 2023,1.2
,Champhai,2000 - 2001,2.19
,,2001 - 2002,
,,2002 - 2003,1.8
,,2003 - 2004,1.82
,,2004 - 2005,1.48
,,2005 - 2006,2.1
,,2006 - 2007,2.66
,,2007 - 2008,0.04
,,2008 - 2009,1.49
,,2009 - 2010,1.48
,,2010 - 2011,1.41
,,2011 - 2012,1.4
,,2012 - 2013,1.4
,,2013 - 2014,1.44
,,2014 - 2015,1.44
,,2015 - 2016,1.31
,,2016 - 2017,1.42
,,2017 - 2018,1.37
,,2018 - 2019,1.73
,,2019 - 2020,1.64
,,2020 - 2021,1.6
,,2021 - 2022,1.55
,,2022 - 2023,1.5
,Hnahthial,2020 - 2021,1.72
,,2021 - 2022,2.0
,,2022 - 2023,1.67
,Khawzawl,2020 - 2021,1.25
,,2021 - 2022,1.5
,,2022 - 2023,1.2
,Kolasib,2000 - 2001,1.5
,,2001 - 2002,1.51
,,2002 - 2003,1.5
,,2003 - 2004,2.0
,,2004 - 2005,2.02
,,2005 - 2006,1.98
,,2006 - 2007,2.43
,,2007 - 2008,0.08
,,2008 - 2009,1.35
,,2009 - 2010,1.39
,,2010 - 2011,1.41
,,2011 - 2012,1.08
,,2012 - 2013,1.24
,,2013 - 2014,1.24
,,2014 - 2015,1.25
,,2015 - 2016,1.27
,,2016 - 2017,1.29
,,2017 - 2018,1.29
,,2018 - 2019,1.33
,,2019 - 2020,1.79
,,2020 - 2021,1.83
,,2021 - 2022,1.8
,,2022 - 2023,1.5
,Lawngtlai,2004 - 2005,1.92
,,2005 - 2006,1.92
,,2006 - 2007,1.16
,,2007 - 2008,0.07
,,2008 - 2009,0.3
,,2009 - 2010,1.81
,,2010 - 2011,1.88
,,2011 - 2012,1.41
,,2012 - 2013,1.4
,,2013 - 2014,1.39
,,2014 - 2015,1.39
,,2015 - 2016,2.89
,,2016 - 2017,2.87
,,2017 - 2018,2.87
,,2018 - 2019,2.9
,,2019 - 2020,2.95
,,2020 - 2021,2.92
,,2021 - 2022,1.75
,,2022 - 2023,1.4
,Lunglei,2000 - 2001,2.19
,,2001 - 2002,1.98
,,2002 - 2003,1.98
,,2003 - 2004,2.48
,,2004 - 2005,1.97
,,2005 - 2006,2.79
,,2006 - 2007,1.51
,,2007 - 2008,0.07
,,2008 - 2009,1.3
,,2009 - 2010,1.44
,,2010 - 2011,1.7
,,2011 - 2012,1.73
,,2012 - 2013,2.08
,,2013 - 2014,3.33
,,2014 - 2015,3.18
,,2015 - 2016,4.0
,,2016 - 2017,1.59
,,2017 - 2018,1.47
,,2018 - 2019,1.54
,,2019 - 2020,1.54
,,2020 - 2021,1.46
,,2021 - 2022,1.55
,,2022 - 2023,1.55
,Mamit,2003 - 2004,1.94
,,2004 - 2005,2.23
,,2005 - 2006,1.44
,,2006 - 2007,1.62
,,2007 - 2008,0.06
,,2008 - 2009,0.38
,,2009 - 2010,1.45
,,2010 - 2011,3.33
,,2011 - 2012,1.92
,,2012 - 2013,1.9
,,2013 - 2014,1.49
,,2014 - 2015,1.4
,,2015 - 2016,1.32
,,2016 - 2017,1.32
,,2017 - 2018,1.52
,,2018 - 2019,1.2
,,2019 - 2020,1.2
,,2020 - 2021,1.16
,,2021 - 2022,1.07
,,2022 - 2023,1.6
,Saiha,2003 - 2004,1.85
,,2004 - 2005,3.64
,,2005 - 2006,1.91
,,2006 - 2007,1.67
,,2007 - 2008,0.08
,,2008 - 2009,0.24
,,2009 - 2010,0.98
,,2010 - 2011,1.03
,,2011 - 2012,0.85
,,2012 - 2013,0.51
,,2013 - 2014,2.26
,,2014 - 2015,1.79
,,2015 - 2016,1.82
,,2016 - 2017,1.9
,,2017 - 2018,1.86
,,2018 - 2019,1.86
,,2019 - 2020,1.3
,,2020 - 2021,1.33
,,2021 - 2022,1.36
,,2022 - 2023,1.36
,Saitual,2020 - 2021,1.89
,,2021 - 2022,1.75
,,2022 - 2023,5.3
,Serchhip,2004 - 2005,0.93
,,2005 - 2006,0.95
,,2006 - 2007,1.32
,,2007 - 2008,0.51
,,2008 - 2009,1.72
,,2009 - 2010,0.78
,,2010 - 2011,0.79
,,2011 - 2012,0.78
,,2012 - 2013,0.75
,,2013 - 2014,0.75
,,2014 - 2015,1.24
,,2015 - 2016,1.3
,,2016 - 2017,1.25
,,2017 - 2018,1.25
,,2018 - 2019,1.95
,,2019 - 2020,2.0
,,2020 - 2021,2.0
,,2021 - 2022,2.06
,,2022 - 2023,2.06
Nagaland,Chumoukedima,2022 - 2023,2.01
,Dimapur,2000 - 2001,1.51
,,2001 - 2002,1.81
,,2002 - 2003,1.98
,,2003 - 2004,1.46
,,2004 - 2005,1.77
,,2005 - 2006,1.76
,,2006 - 2007,1.67
,,2007 - 2008,2.36
,,2008 - 2009,1.81
,,2009 - 2010,1.04
,,2010 - 2011,1.96
,,2011 - 2012,1.96
,,2012 - 2013,1.97
,,2013 - 2014,1.97
,,2014 - 2015,1.97
,,2015 - 2016,1.98
,,2016 - 2017,1.98
,,2017 - 2018,1.99
,,2018 - 2019,1.99
,,2019 - 2020,1.99
,,2020 - 2021,1.99
,,2021 - 2022,1.67
,,2022 - 2023,2.01
,Kiphire,2008 - 2009,1.81
,,2009 - 2010,1.04
,,2010 - 2011,1.95
,,2011 - 2012,1.96
,,2012 - 2013,1.96
,,2013 - 2014,1.97
,,2014 - 2015,1.98
,,2015 - 2016,1.98
,,2016 - 2017,1.98
,,2017 - 2018,1.98
,,2018 - 2019,1.98
,,2019 - 2020,1.98
,,2020 - 2021,1.98
,,2021 - 2022,1.55
,,2022 - 2023,2.0
,Kohima,2000 - 2001,1.49
,,2001 - 2002,2.07
,,2002 - 2003,2.16
,,2003 - 2004,1.46
,,2004 - 2005,1.8
,,2005 - 2006,1.82
,,2006 - 2007,1.67
,,2007 - 2008,1.71
,,2008 - 2009,1.6
,,2009 - 2010,1.0
,,2010 - 2011,1.96
,,2011 - 2012,1.96
,,2012 - 2013,1.96
,,2013 - 2014,1.97
,,2014 - 2015,1.97
,,2015 - 2016,1.98
,,2016 - 2017,1.98
,,2017 - 2018,1.98
,,2018 - 2019,1.98
,,2019 - 2020,1.98
,,2020 - 2021,1.99
,,2021 - 2022,1.55
,,2022 - 2023,2.01
,Longleng,2008 - 2009,1.79
,,2009 - 2010,1.03
,,2010 - 2011,1.98
,,2011 - 2012,1.91
,,2012 - 2013,1.91
,,2013 - 2014,1.97
,,2014 - 2015,1.98
,,2015 - 2016,1.98
,,2016 - 2017,1.98
,,2017 - 2018,1.98
,,2018 - 2019,1.98
,,2019 - 2020,1.98
,,2020 - 2021,1.99
,,2021 - 2022,1.55
,,2022 - 2023,2.0
,Mokokchung,2000 - 2001,1.14
,,2001 - 2002,1.96
,,2002 - 2003,1.85
,,2003 - 2004,1.65
,,2004 - 2005,1.82
,,2005 - 2006,1.85
,,2006 - 2007,1.66
,,2007 - 2008,1.84
,,2008 - 2009,2.04
,,2009 - 2010,1.05
,,2010 - 2011,1.95
,,2011 - 2012,1.95
,,2012 - 2013,1.95
,,2013 - 2014,1.97
,,2014 - 2015,1.97
,,2015 - 2016,1.97
,,2016 - 2017,1.98
,,2017 - 2018,1.98
,,2018 - 2019,1.98
,,2019 - 2020,1.99
,,2020 - 2021,1.99
,,2021 - 2022,1.58
,,2022 - 2023,2.01
,Mon,2000 - 2001,1.58
,,2001 - 2002,2.38
,,2002 - 2003,2.31
,,2003 - 2004,1.81
,,2004 - 2005,1.79
,,2005 - 2006,1.79
,,2006 - 2007,1.68
,,2007 - 2008,1.8
,,2008 - 2009,1.75
,,2009 - 2010,1.04
,,2010 - 2011,1.96
,,2011 - 2012,1.96
,,2012 - 2013,1.96
,,2013 - 2014,1.97
,,2014 - 2015,1.97
,,2015 - 2016,1.98
,,2016 - 2017,1.98
,,2017 - 2018,1.98
,,2018 - 2019,1.98
,,2019 - 2020,1.98
,,2020 - 2021,1.98
,,2021 - 2022,1.55
,,2022 - 2023,2.0
,Noklak,2021 - 2022,1.55
,,2022 - 2023,2.0
,Nuiland,2022 - 2023,2.01
,Peren,2008 - 2009,1.82
,,2009 - 2010,1.03
,,2010 - 2011,1.95
,,2011 - 2012,1.95
,,2012 - 2013,1.95
,,2013 - 2014,1.97
,,2014 - 2015,1.97
,,2015 - 2016,1.97
,,2016 - 2017,1.98
,,2017 - 2018,1.98
,,2018 - 2019,1.98
,,2019 - 2020,1.98
,,2020 - 2021,1.99
,,2021 - 2022,1.56
,,2022 - 2023,2.0
,Phek,2000 - 2001,1.48
,,2001 - 2002,1.86
,,2002 - 2003,1.76
,,2003 - 2004,1.84
,,2004 - 2005,1.79
,,2005 - 2006,1.8
,,2006 - 2007,1.67
,,2007 - 2008,1.69
,,2008 - 2009,1.78
,,2009 - 2010,1.05
,,2010 - 2011,1.95
,,2011 - 2012,1.96
,,2012 - 2013,1.96
,,2013 - 2014,1.97
,,2014 - 2015,1.97
,,2015 - 2016,1.98
,,2016 - 2017,1.98
,,2017 - 2018,1.98
,,2018 - 2019,1.98
,,2019 - 2020,1.98
,,2020 - 2021,1.99
,,2021 - 2022,1.56
,,2022 - 2023,2.01
,Shamator,2022 - 2023,2.0
,Tseminyu,2022 - 2023,2.0
,Tuensang,2000 - 2001,1.33
,,2001 - 2002,1.92
,,2002 - 2003,1.87
,,2003 - 2004,1.91
,,2004 - 2005,1.82
,,2005 - 2006,1.87
,,2006 - 2007,1.67
,,2007 - 2008,1.89
,,2008 - 2009,1.82
,,2009 - 2010,1.04
,,2010 - 2011,1.97
,,2011 - 2012,1.97
,,2012 - 2013,1.97
,,2013 - 2014,1.97
,,2014 - 2015,1.98
,,2015 - 2016,1.98
,,2016 - 2017,1.98
,,2017 - 2018,1.98
,,2018 - 2019,1.98
,,2019 - 2020,1.98
,,2020 - 2021,1.99
,,2021 - 2022,1.55
,,2022 - 2023,2.01
,Wokha,2000 - 2001,1.76
,,2001 - 2002,2.11
,,2002 - 2003,2.2
,,2003 - 2004,1.7
,,2004 - 2005,1.8
,,2005 - 2006,1.81
,,2006 - 2007,1.67
,,2007 - 2008,1.82
,,2008 - 2009,1.78
,,2009 - 2010,1.04
,,2010 - 2011,1.96
,,2011 - 2012,1.95
,,2012 - 2013,1.95
,,2013 - 2014,1.97
,,2014 - 2015,1.97
,,2015 - 2016,1.98
,,2016 - 2017,1.98
,,2017 - 2018,1.99
,,2018 - 2019,1.99
,,2019 - 2020,1.99
,,2020 - 2021,1.99
,,2021 - 2022,1.56
,,2022 - 2023,2.01
,Zunheboto,2000 - 2001,1.81
,,2001 - 2002,2.09
,,2002 - 2003,2.1
,,2003 - 2004,1.7
,,2004 - 2005,1.82
,,2005 - 2006,1.72
,,2006 - 2007,1.67
,,2007 - 2008,1.57
,,2008 - 2009,1.83
,,2009 - 2010,1.05
,,2010 - 2011,1.95
,,2011 - 2012,1.97
,,2012 - 2013,1.97
,,2013 - 2014,1.97
,,2014 - 2015,1.98
,,2015 - 2016,1.98
,,2016 - 2017,1.98
,,2017 - 2018,1.98
,,2018 - 2019,1.98
,,2019 - 2020,1.98
,,2020 - 2021,1.99
,,2021 - 2022,1.55
,,2022 - 2023,2.0
Odisha,Anugul,2000 - 2001,0.68
,,2001 - 2002,0.34
,,2002 - 2003,0.64
,,2003 - 2004,0.62
,,2004 - 2005,
,,2005 - 2006,
,,2006 - 2007,
,,2007 - 2008,
,,2008 - 2009,
,,2009 - 2010,
,,2010 - 2011,
,,2011 - 2012,
,,2012 - 2013,
,,2013 - 2014,
,,2014 - 2015,
,,2015 - 2016,
,,2016 - 2017,
,,2017 - 2018,
,,2018 - 2019,
,,2019 - 2020,
,,2020 - 2021,
,,2021 - 2022,
,,2022 - 2023,
,Balangir,2000 - 2001,0.44
,,2001 - 2002,0.44
,,2002 - 2003,0.36
,,2003 - 2004,0.49
,,2004 - 2005,
,,2005 - 2006,
,,2006 - 2007,
,,2007 - 2008,
,,2008 - 2009,
,,2009 - 2010,
,,2010 - 2011,
,,2011 - 2012,
,,2012 - 2013,
,,2013 - 2014,
,,2014 - 2015,
,,2015 - 2016,
,,2016 - 2017,
,,2017 - 2018,
,,2018 - 2019,
,,2019 - 2020,
,,2020 - 2021,
,,2021 - 2022,
,,2022 - 2023,
,Baleshwar,2001 - 2002,0.76
,,2003 - 2004,1.3
,,2004 - 2005,
,,2005 - 2006,
,,2006 - 2007,
,,2007 - 2008,
,,2008 - 2009,
,,2010 - 2011,
,,2011 - 2012,
,,2014 - 2015,
,,2015 - 2016,
,,2016 - 2017,
,,2019 - 2020,
,,2021 - 2022,
,,2022 - 2023,
,Bargarh,2000 - 2001,1.3
,,2001 - 2002,0.9
,,2002 - 2003,1.27
,,2003 - 2004,1.53
,,2004 - 2005,
,,2005 - 2006,
,,2006 - 2007,
,,2007 - 2008,
,,2008 - 2009,
,,2009 - 2010,
,,2010 - 2011,
,,2011 - 2012,
,,2012 - 2013,
,,2013 - 2014,
,,2014 - 2015,
,,2015 - 2016,
,,2016 - 2017,
,,2017 - 2018,
,,2018 - 2019,
,,2019 - 2020,
,,2020 - 2021,
,,2021 - 2022,
,,2022 - 2023,
,Bhadrak,2004 - 2005,
,,2007 - 2008,
,,2008 - 2009,
,,2009 - 2010,
,,2010 - 2011,
,,2011 - 2012,
,,2012 - 2013,
,,2013 - 2014,
,,2014 - 2015,
,,2018 - 2019,
,,2019 - 2020,
,,2020 - 2021,
,,2021 - 2022,
,,2022 - 2023,
,Boudh,2000 - 2001,0.78
,,2001 - 2002,0.32
,,2002 - 2003,0.71
,,2003 - 2004,0.76
,,2004 - 2005,
,,2005 - 2006,
,,2006 - 2007,
,,2007 - 2008,
,,2008 - 2009,
,,2009 - 2010,
,,2010 - 2011,
,,2011 - 2012,
,,2012 - 2013,
,,2013 - 2014,
,,2014 - 2015,
,,2015 - 2016,
,,2016 - 2017,
,,2017 - 2018,
,,2018 - 2019,
,,2019 - 2020,
,,2020 - 2021,
,,2021 - 2022,
,,2022 - 2023,
,Cuttack,2000 - 2001,0.83
,,2001 - 2002,0.31
,,2002 - 2003,0.38
,,2003 - 2004,0.69
,,2004 - 2005,
,,2005 - 2006,
,,2006 - 2007,
,,2007 - 2008,
,,2008 - 2009,
,,2009 - 2010,
,,2010 - 2011,
,,2011 - 2012,
,,2012 - 2013,
,,2013 - 2014,
,,2014 - 2015,
,,2015 - 2016,
,,2020 - 2021,
,,2021 - 2022,
,,2022 - 2023,
,Deogarh,2000 - 2001,0.69
,,2001 - 2002,0.47
,,2002 - 2003,0.75
,,2003 - 2004,0.81
,,2004 - 2005,
,,2005 - 2006,
,,2006 - 2007,
,,2007 - 2008,
,,2008 - 2009,
,,2009 - 2010,
,,2010 - 2011,
,,2011 - 2012,
,,2012 - 2013,
,,2013 - 2014,
,,2014 - 2015,
,,2015 - 2016,
,,2016 - 2017,
,,2017 - 2018,
,,2018 - 2019,
,,2019 - 2020,
,,2020 - 2021,
,,2021 - 2022,
,,2022 - 2023,
,Dhenkanal,2000 - 2001,0.87
,,2001 - 2002,0.49
,,2002 - 2003,0.59
,,2003 - 2004,0.73
,,2004 - 2005,
,,2005 - 2006,
,,2006 - 2007,
,,2007 - 2008,
,,2008 - 2009,
,,2009 - 2010,
,,2010 - 2011,
,,2011 - 2012,
,,2012 - 2013,
,,2013 - 2014,
,,2014 - 2015,
,,2015 - 2016,
,,2016 - 2017,
,,2017 - 2018,
,,2018 - 2019,
,,2019 - 2020,
,,2020 - 2021,
,,2021 - 2022,
,,2022 - 2023,
,Gajapati,2000 - 2001,1.26
,,2001 - 2002,1.4
,,2002 - 2003,1.26
,,2003 - 2004,1.66
,,2004 - 2005,
,,2005 - 2006,
,,2006 - 2007,
,,2007 - 2008,
,,2008 - 2009,
,,2009 - 2010,
,,2010 - 2011,
,,2011 - 2012,
,,2012 - 2013,
,,2013 - 2014,
,,2014 - 2015,
,,2015 - 2016,
,,2016 - 2017,
,,2017 - 2018,
,,2018 - 2019,
,,2019 - 2020,
,,2020 - 2021,
,,2021 - 2022,
,,2022 - 2023,
,Ganjam,2000 - 2001,1.12
,,2001 - 2002,1.19
,,2002 - 2003,1.06
,,2003 - 2004,1.15
,,2004 - 2005,
,,2005 - 2006,
,,2006 - 2007,
,,2007 - 2008,
,,2008 - 2009,
,,2009 - 2010,
,,2010 - 2011,
,,2011 - 2012,
,,2012 - 2013,
,,2013 - 2014,
,,2014 - 2015,
,,2015 - 2016,
,,2016 - 2017,
,,2017 - 2018,
,,2018 - 2019,
,,2019 - 2020,
,,2020 - 2021,
,,2021 - 2022,
,,2022 - 2023,
,Jagatsinghapur,2011 - 2012,
,,2013 - 2014,
,,2019 - 2020,
,,2020 - 2021,
,Jajapur,2000 - 2001,0.55
,,2001 - 2002,0.79
,,2002 - 2003,0.71
,,2003 - 2004,0.47
,,2004 - 2005,
,,2005 - 2006,
,,2006 - 2007,
,,2007 - 2008,
,,2008 - 2009,
,,2009 - 2010,
,,2010 - 2011,
,,2011 - 2012,
,,2012 - 2013,
,,2013 - 2014,
,,2014 - 2015,
,,2015 - 2016,
,,2016 - 2017,
,,2018 - 2019,
,,2020 - 2021,
,,2021 - 2022,
,,2022 - 2023,
,Jharsuguda,2000 - 2001,0.83
,,2001 - 2002,1.2
,,2002 - 2003,4.75
,,2003 - 2004,0.8
,,2004 - 2005,
,,2005 - 2006,
,,2007 - 2008,
,,2008 - 2009,
,,2009 - 2010,
,,2010 - 2011,
,,2011 - 2012,
,,2012 - 2013,
,,2013 - 2014,
,,2014 - 2015,
,,2015 - 2016,
,,2016 - 2017,
,,2017 - 2018,
,,2018 - 2019,
,,2019 - 2020,
,,2020 - 2021,
,,2021 - 2022,
,,2022 - 2023,
,Kalahandi,2000 - 2001,0.74
,,2001 - 2002,0.58
,,2002 - 2003,0.66
,,2003 - 2004,0.67
,,2004 - 2005,
,,2005 - 2006,
,,2006 - 2007,
,,2007 - 2008,
,,2008 - 2009,
,,2009 - 2010,
,,2010 - 2011,
,,2011 - 2012,
,,2012 - 2013,
,,2013 - 2014,
,,2014 - 2015,
,,2015 - 2016,
,,2016 - 2017,
,,2017 - 2018,
,,2018 - 2019,
,,2019 - 2020,
,,2020 - 2021,
,,2021 - 2022,
,,2022 - 2023,
,Kandhamal,2000 - 2001,1.28
,,2001 - 2002,0.43
,,2002 - 2003,1.17
,,2003 - 2004,1.01
,,2004 - 2005,
,,2005 - 2006,
,,2006 - 2007,
,,2007 - 2008,
,,2008 - 2009,
,,2009 - 2010,
,,2010 - 2011,
,,2011 - 2012,
,,2012 - 2013,
,,2013 - 2014,
,,2014 - 2015,
,,2015 - 2016,
,,2016 - 2017,
,,2017 - 2018,
,,2018 - 2019,
,,2019 - 2020,
,,2020 - 2021,
,,2021 - 2022,
,,2022 - 2023,
,Kendrapara,2022 - 2023,
,Kendujhar,2000 - 2001,0.78
,,2001 - 2002,0.59
,,2002 - 2003,0.64
,,2003 - 2004,0.82
,,2004 - 2005,
,,2005 - 2006,
,,2006 - 2007,
,,2007 - 2008,
,,2008 - 2009,
,,2009 - 2010,
,,2010 - 2011,
,,2011 - 2012,
,,2012 - 2013,
,,2013 - 2014,
,,2014 - 2015,
,,2015 - 2016,
,,2016 - 2017,
,,2017 - 2018,
,,2018 - 2019,
,,2019 - 2020,
,,2020 - 2021,
,,2021 - 2022,
,,2022 - 2023,
,Khordha,2000 - 2001,0.52
,,2001 - 2002,0.95
,,2002 - 2003,0.66
,,2003 - 2004,0.5
,,2004 - 2005,
,,2005 - 2006,
,,2006 - 2007,
,,2007 - 2008,
,,2008 - 2009,
,,2009 - 2010,
,,2010 - 2011,
,,2011 - 2012,
,,2012 - 2013,
,,2013 - 2014,
,,2014 - 2015,
,,2015 - 2016,
,,2016 - 2017,
,,2017 - 2018,
,,2018 - 2019,
,,2019 - 2020,
,,2020 - 2021,
,,2021 - 2022,
,,2022 - 2023,
,Koraput,2000 - 2001,1.12
,,2001 - 2002,0.89
,,2002 - 2003,0.99
,,2003 - 2004,0.95
,,2004 - 2005,
,,2005 - 2006,
,,2006 - 2007,
,,2007 - 2008,
,,2008 - 2009,
,,2009 - 2010,
,,2010 - 2011,
,,2011 - 2012,
,,2012 - 2013,
,,2013 - 2014,
,,2014 - 2015,
,,2015 - 2016,
,,2016 - 2017,
,,2017 - 2018,
,,2018 - 2019,
,,2019 - 2020,
,,2020 - 2021,
,,2021 - 2022,
,,2022 - 2023,
,Malkangiri,2000 - 2001,0.98
,,2001 - 2002,0.87
,,2002 - 2003,0.65
,,2003 - 2004,0.91
,,2004 - 2005,
,,2005 - 2006,
,,2006 - 2007,
,,2007 - 2008,
,,2008 - 2009,
,,2009 - 2010,
,,2010 - 2011,
,,2011 - 2012,
,,2012 - 2013,
,,2013 - 2014,
,,2014 - 2015,
,,2015 - 2016,
,,2016 - 2017,
,,2017 - 2018,
,,2018 - 2019,
,,2019 - 2020,
,,2020 - 2021,
,,2021 - 2022,
,,2022 - 2023,
,Mayurbhanj,2000 - 2001,0.78
,,2001 - 2002,0.58
,,2002 - 2003,0.61
,,2003 - 2004,0.84
,,2004 - 2005,
,,2005 - 2006,
,,2006 - 2007,
,,2007 - 2008,
,,2008 - 2009,
,,2009 - 2010,
,,2010 - 2011,
,,2011 - 2012,
,,2012 - 2013,
,,2013 - 2014,
,,2014 - 2015,
,,2015 - 2016,
,,2016 - 2017,
,,2017 - 2018,
,,2018 - 2019,
,,2019 - 2020,
,,2020 - 2021,
,,2021 - 2022,
,,2022 - 2023,
,Nabarangpur,2000 - 2001,1.81
,,2001 - 2002,1.05
,,2002 - 2003,1.07
,,2003 - 2004,2.0
,,2004 - 2005,
,,2005 - 2006,
,,2006 - 2007,
,,2007 - 2008,
,,2008 - 2009,
,,2009 - 2010,
,,2010 - 2011,
,,2011 - 2012,
,,2012 - 2013,
,,2013 - 2014,
,,2014 - 2015,
,,2015 - 2016,
,,2016 - 2017,
,,2017 - 2018,
,,2018 - 2019,
,,2019 - 2020,
,,2020 - 2021,
,,2021 - 2022,
,,2022 - 2023,
,Nayagarh,2000 - 2001,0.92
,,2001 - 2002,0.47
,,2002 - 2003,0.78
,,2003 - 2004,0.84
,,2004 - 2005,
,,2005 - 2006,
,,2006 - 2007,
,,2007 - 2008,
,,2008 - 2009,
,,2009 - 2010,
,,2010 - 2011,
,,2011 - 2012,
,,2012 - 2013,
,,2013 - 2014,
,,2014 - 2015,
,,2015 - 2016,
,,2016 - 2017,
,,2017 - 2018,
,,2018 - 2019,
,,2019 - 2020,
,,2020 - 2021,
,,2021 - 2022,
,,2022 - 2023,
,Nuapada,2000 - 2001,0.47
,,2001 - 2002,0.46
,,2002 - 2003,0.3
,,2003 - 2004,0.59
,,2004 - 2005,
,,2005 - 2006,
,,2006 - 2007,
,,2007 - 2008,
,,2008 - 2009,
,,2009 - 2010,
,,2010 - 2011,
,,2011 - 2012,
,,2012 - 2013,
,,2013 - 2014,
,,2014 - 2015,
,,2015 - 2016,
,,2016 - 2017,
,,2017 - 2018,
,,2018 - 2019,
,,2019 - 2020,
,,2020 - 2021,
,,2021 - 2022,
,,2022 - 2023,
,Puri,2009 - 2010,
,,2012 - 2013,
,Rayagada,2000 - 2001,1.09
,,2001 - 2002,0.82
,,2002 - 2003,1.03
,,2003 - 2004,0.86
,,2004 - 2005,
,,2005 - 2006,
,,2006 - 2007,
,,2007 - 2008,
,,2008 - 2009,
,,2009 - 2010,
,,2010 - 2011,
,,2011 - 2012,
,,2012 - 2013,
,,2013 - 2014,
,,2014 - 2015,
,,2015 - 2016,
,,2016 - 2017,
,,2017 - 2018,
,,2018 - 2019,
,,2019 - 2020,
,,2020 - 2021,
,,2021 - 2022,
,,2022 - 2023,
,Sambalpur,2000 - 2001,0.72
,,2001 - 2002,0.65
,,2002 - 2003,0.91
,,2003 - 2004,0.72
,,2004 - 2005,
,,2005 - 2006,
,,2006 - 2007,
,,2007 - 2008,
,,2008 - 2009,
,,2009 - 2010,
,,2010 - 2011,
,,2011 - 2012,
,,2012 - 2013,
,,2013 - 2014,
,,2014 - 2015,
,,2015 - 2016,
,,2016 - 2017,
,,2018 - 2019,
,,2019 - 2020,
,,2020 - 2021,
,,2021 - 2022,
,,2022 - 2023,
,Sonepur,2000 - 2001,0.53
,,2001 - 2002,0.9
,,2002 - 2003,0.43
,,2003 - 2004,0.48
,,2004 - 2005,
,,2005 - 2006,
,,2006 - 2007,
,,2007 - 2008,
,,2008 - 2009,
,,2009 - 2010,
,,2010 - 2011,
,,2011 - 2012,
,,2012 - 2013,
,,2013 - 2014,
,,2014 - 2015,
,,2015 - 2016,
,,2016 - 2017,
,,2019 - 2020,
,Sundargarh,2000 - 2001,0.93
,,2001 - 2002,0.73
,,2002 - 2003,0.74
,,2003 - 2004,0.87
,,2004 - 2005,
,,2005 - 2006,
,,2006 - 2007,
,,2007 - 2008,
,,2008 - 2009,
,,2009 - 2010,
,,2010 - 2011,
,,2011 - 2012,
,,2012 - 2013,
,,2013 - 2014,
,,2014 - 2015,
,,2015 - 2016,
,,2016 - 2017,
,,2017 - 2018,
,,2018 - 2019,
,,2019 - 2020,
,,2020 - 2021,
,,2021 - 2022,
,,2022 - 2023,
Punjab,Amritsar,2000 - 2001,2.2
,,2001 - 2002,2.4
,,2002 - 2003,1.75
,,2003 - 2004,3.25
,,2004 - 2005,3.25
,,2005 - 2006,3.67
,,2006 - 2007,4.5
,,2007 - 2008,5.0
,,2008 - 2009,4.0
,,2009 - 2010,4.0
,,2010 - 2011,3.0
,,2011 - 2012,6.0
,,2013 - 2014,4.0
,,2014 - 2015,4.0
,,2016 - 2017,3.0
,,2017 - 2018,2.5
,,2018 - 2019,3.31
,,2019 - 2020,3.18
,,2020 - 2021,3.5
,,2021 - 2022,3.71
,,2022 - 2023,4.06
,Barnala,2019 - 2020,3.0
,,2020 - 2021,4.0
,Bathinda,2000 - 2001,3.0
,,2002 - 2003,2.0
,,2003 - 2004,3.0
,,2014 - 2015,4.0
,,2020 - 2021,4.0
,,2021 - 2022,4.0
,,2022 - 2023,4.5
,Faridkot,2021 - 2022,4.0
,Fatehgarh sahib,2000 - 2001,3.0
,,2001 - 2002,3.0
,,2002 - 2003,3.0
,,2003 - 2004,3.0
,,2004 - 2005,4.0
,,2006 - 2007,4.0
,,2007 - 2008,3.0
,,2008 - 2009,4.0
,,2009 - 2010,3.0
,,2012 - 2013,4.0
,,2013 - 2014,4.0
,,2014 - 2015,4.0
,,2015 - 2016,4.0
,,2018 - 2019,3.67
,,2019 - 2020,3.67
,,2020 - 2021,3.67
,,2022 - 2023,4.5
,Fazilka,2016 - 2017,4.0
,,2017 - 2018,4.0
,,2018 - 2019,2.67
,,2020 - 2021,2.14
,,2021 - 2022,4.0
,,2022 - 2023,6.0
,Firozepur,2019 - 2020,2.83
,,2020 - 2021,4.0
,,2021 - 2022,2.67
,Gurdaspur,2000 - 2001,2.15
,,2001 - 2002,2.07
,,2002 - 2003,1.5
,,2003 - 2004,2.38
,,2004 - 2005,2.33
,,2005 - 2006,2.31
,,2006 - 2007,2.23
,,2007 - 2008,2.15
,,2008 - 2009,2.31
,,2009 - 2010,2.27
,,2010 - 2011,2.73
,,2011 - 2012,2.5
,,2012 - 2013,2.5
,,2013 - 2014,2.0
,,2014 - 2015,3.0
,,2015 - 2016,4.0
,,2016 - 2017,2.0
,,2017 - 2018,2.0
,,2018 - 2019,2.6
,,2019 - 2020,2.71
,,2020 - 2021,2.4
,,2021 - 2022,2.25
,,2022 - 2023,3.5
,Hoshiarpur,2000 - 2001,2.79
,,2001 - 2002,2.91
,,2002 - 2003,2.06
,,2003 - 2004,2.83
,,2004 - 2005,2.9
,,2005 - 2006,2.61
,,2006 - 2007,3.31
,,2007 - 2008,3.29
,,2008 - 2009,3.46
,,2009 - 2010,3.58
,,2010 - 2011,3.83
,,2011 - 2012,4.08
,,2012 - 2013,4.07
,,2013 - 2014,3.93
,,2014 - 2015,3.76
,,2015 - 2016,3.68
,,2016 - 2017,3.79
,,2017 - 2018,3.52
,,2018 - 2019,3.67
,,2019 - 2020,3.6
,,2020 - 2021,3.24
,,2021 - 2022,4.08
,,2022 - 2023,4.91
,Jalandhar,2000 - 2001,3.25
,,2001 - 2002,3.06
,,2002 - 2003,2.77
,,2003 - 2004,3.43
,,2004 - 2005,2.92
,,2005 - 2006,3.33
,,2006 - 2007,3.17
,,2007 - 2008,3.77
,,2008 - 2009,3.42
,,2009 - 2010,3.5
,,2010 - 2011,3.89
,,2011 - 2012,4.63
,,2012 - 2013,3.38
,,2013 - 2014,3.25
,,2014 - 2015,3.63
,,2015 - 2016,4.14
,,2016 - 2017,5.57
,,2017 - 2018,4.67
,,2018 - 2019,4.43
,,2019 - 2020,4.25
,,2020 - 2021,4.85
,,2021 - 2022,3.66
,,2022 - 2023,4.02
,Kapurthala,2000 - 2001,3.0
,,2001 - 2002,3.5
,,2002 - 2003,2.67
,,2003 - 2004,3.67
,,2004 - 2005,3.0
,,2005 - 2006,3.0
,,2006 - 2007,3.67
,,2007 - 2008,4.33
,,2008 - 2009,3.67
,,2009 - 2010,4.67
,,2010 - 2011,5.5
,,2011 - 2012,6.0
,,2012 - 2013,4.5
,,2013 - 2014,6.67
,,2014 - 2015,3.67
,,2015 - 2016,2.5
,,2016 - 2017,2.5
,,2017 - 2018,5.5
,,2018 - 2019,5.23
,,2019 - 2020,5.7
,,2020 - 2021,6.07
,,2021 - 2022,5.13
,,2022 - 2023,2.7
,Ludhiana,2000 - 2001,4.25
,,2001 - 2002,3.4
,,2002 - 2003,3.25
,,2003 - 2004,3.33
,,2004 - 2005,3.0
,,2005 - 2006,3.5
,,2006 - 2007,4.5
,,2007 - 2008,3.5
,,2008 - 2009,3.5
,,2009 - 2010,4.5
,,2010 - 2011,3.5
,,2011 - 2012,3.0
,,2012 - 2013,2.67
,,2013 - 2014,7.0
,,2014 - 2015,7.0
,,2015 - 2016,5.67
,,2016 - 2017,3.0
,,2017 - 2018,4.0
,,2018 - 2019,3.92
,,2019 - 2020,4.2
,,2020 - 2021,4.8
,,2021 - 2022,2.83
,,2022 - 2023,2.67
,Malerkotla,2021 - 2022,4.0
,,2022 - 2023,4.5
,Mansa,2002 - 2003,2.0
,,2019 - 2020,4.0
,,2021 - 2022,4.0
,,2022 - 2023,4.0
,Moga,2001 - 2002,3.0
,,2002 - 2003,2.0
,,2003 - 2004,3.0
,,2018 - 2019,4.0
,,2019 - 2020,3.5
,,2020 - 2021,2.33
,,2021 - 2022,5.0
,,2022 - 2023,5.5
,Muktsar,2000 - 2001,2.67
,,2002 - 2003,1.0
,,2020 - 2021,4.0
,,2021 - 2022,5.34
,,2022 - 2023,4.0
,Nawanshahr,2000 - 2001,3.12
,,2001 - 2002,2.83
,,2002 - 2003,2.0
,,2003 - 2004,3.61
,,2004 - 2005,2.67
,,2005 - 2006,2.82
,,2006 - 2007,3.78
,,2007 - 2008,4.35
,,2008 - 2009,3.94
,,2009 - 2010,3.5
,,2010 - 2011,4.07
,,2011 - 2012,3.93
,,2012 - 2013,4.14
,,2013 - 2014,4.17
,,2014 - 2015,4.4
,,2015 - 2016,3.56
,,2016 - 2017,4.44
,,2017 - 2018,4.13
,,2018 - 2019,4.05
,,2019 - 2020,4.36
,,2020 - 2021,5.69
,,2021 - 2022,3.16
,,2022 - 2023,5.61
,Pathankot,2012 - 2013,2.67
,,2013 - 2014,3.11
,,2014 - 2015,2.25
,,2015 - 2016,2.29
,,2016 - 2017,2.75
,,2017 - 2018,2.38
,,2018 - 2019,2.04
,,2019 - 2020,3.0
,,2020 - 2021,3.68
,,2021 - 2022,4.03
,,2022 - 2023,2.71
,Patiala,2000 - 2001,2.83
,,2001 - 2002,2.2
,,2002 - 2003,1.5
,,2003 - 2004,2.8
,,2004 - 2005,2.25
,,2005 - 2006,2.25
,,2006 - 2007,2.5
,,2007 - 2008,3.5
,,2008 - 2009,3.0
,,2009 - 2010,3.0
,,2010 - 2011,3.0
,,2011 - 2012,6.0
,,2012 - 2013,4.0
,,2013 - 2014,5.0
,,2014 - 2015,5.0
,,2015 - 2016,3.0
,,2016 - 2017,5.0
,,2017 - 2018,4.0
,,2018 - 2019,2.5
,,2019 - 2020,2.75
,,2020 - 2021,2.78
,,2022 - 2023,2.71
,Rupnagar,2000 - 2001,2.5
,,2001 - 2002,2.28
,,2002 - 2003,1.75
,,2003 - 2004,2.83
,,2004 - 2005,2.4
,,2005 - 2006,2.78
,,2006 - 2007,2.54
,,2007 - 2008,3.27
,,2008 - 2009,3.35
,,2009 - 2010,3.05
,,2010 - 2011,3.3
,,2011 - 2012,3.81
,,2012 - 2013,3.22
,,2013 - 2014,3.22
,,2014 - 2015,2.9
,,2015 - 2016,3.7
,,2016 - 2017,3.76
,,2017 - 2018,4.14
,,2018 - 2019,3.76
,,2019 - 2020,3.58
,,2020 - 2021,3.83
,,2021 - 2022,4.06
,,2022 - 2023,3.98
,S.a.s nagar,2006 - 2007,2.43
,,2007 - 2008,3.57
,,2008 - 2009,3.8
,,2009 - 2010,3.8
,,2010 - 2011,4.0
,,2011 - 2012,4.0
,,2012 - 2013,3.0
,,2013 - 2014,4.89
,,2014 - 2015,3.75
,,2015 - 2016,4.33
,,2016 - 2017,4.0
,,2017 - 2018,4.17
,,2018 - 2019,3.72
,,2019 - 2020,2.88
,,2020 - 2021,3.35
,,2021 - 2022,3.0
,,2022 - 2023,2.91
,Sangrur,2000 - 2001,3.0
,,2001 - 2002,2.5
,,2002 - 2003,2.0
,,2003 - 2004,3.0
,,2004 - 2005,3.0
,,2005 - 2006,2.0
,,2006 - 2007,3.0
,,2008 - 2009,3.0
,,2013 - 2014,4.0
,,2014 - 2015,3.5
,,2015 - 2016,4.0
,,2016 - 2017,3.0
,,2018 - 2019,3.67
,,2019 - 2020,3.0
,,2020 - 2021,3.67
,,2021 - 2022,4.0
,,2022 - 2023,4.5
,Tarn taran,2006 - 2007,2.0
,,2007 - 2008,3.0
,,2008 - 2009,3.0
,,2009 - 2010,3.0
,,2010 - 2011,4.0
,,2011 - 2012,4.0
,,2012 - 2013,4.0
,,2013 - 2014,4.0
,,2015 - 2016,4.0
,,2018 - 2019,3.5
,,2019 - 2020,3.5
,,2020 - 2021,3.5
,,2021 - 2022,4.0
,,2022 - 2023,4.33
Rajasthan,Ajmer,2000 - 2001,0.65
,,2001 - 2002,1.02
,,2002 - 2003,0.06
,,2003 - 2004,1.64
,,2004 - 2005,0.72
,,2005 - 2006,0.15
,,2006 - 2007,1.03
,,2007 - 2008,1.07
,,2008 - 2009,0.72
,,2009 - 2010,0.06
,,2010 - 2011,1.51
,,2011 - 2012,1.19
,,2012 - 2013,0.84
,,2013 - 2014,1.1
,,2014 - 2015,0.96
,,2015 - 2016,0.67
,,2016 - 2017,1.1
,,2017 - 2018,1.25
,,2018 - 2019,1.71
,,2019 - 2020,1.34
,,2020 - 2021,2.17
,,2021 - 2022,1.34
,,2022 - 2023,1.52
,Alwar,2000 - 2001,1.98
,,2001 - 2002,1.53
,,2002 - 2003,0.19
,,2003 - 2004,1.38
,,2004 - 2005,1.18
,,2005 - 2006,1.18
,,2006 - 2007,1.65
,,2007 - 2008,1.69
,,2008 - 2009,1.78
,,2009 - 2010,0.88
,,2010 - 2011,1.8
,,2011 - 2012,1.88
,,2012 - 2013,1.6
,,2013 - 2014,1.59
,,2014 - 2015,1.76
,,2015 - 2016,1.6
,,2016 - 2017,1.52
,,2017 - 2018,1.76
,,2018 - 2019,1.57
,,2019 - 2020,1.77
,,2020 - 2021,1.77
,,2021 - 2022,1.93
,,2022 - 2023,1.84
,Banswara,2000 - 2001,0.91
,,2001 - 2002,1.34
,,2002 - 2003,1.36
,,2003 - 2004,2.02
,,2004 - 2005,0.83
,,2005 - 2006,1.36
,,2006 - 2007,0.37
,,2007 - 2008,1.46
,,2008 - 2009,2.13
,,2009 - 2010,0.94
,,2010 - 2011,2.07
,,2011 - 2012,1.04
,,2012 - 2013,1.38
,,2013 - 2014,1.33
,,2014 - 2015,1.11
,,2015 - 2016,1.02
,,2016 - 2017,1.34
,,2017 - 2018,1.68
,,2018 - 2019,1.66
,,2019 - 2020,1.26
,,2020 - 2021,1.91
,,2021 - 2022,1.87
,,2022 - 2023,1.86
,Baran,2000 - 2001,2.27
,,2001 - 2002,1.49
,,2002 - 2003,1.25
,,2003 - 2004,1.25
,,2004 - 2005,1.41
,,2005 - 2006,1.49
,,2006 - 2007,1.29
,,2007 - 2008,1.33
,,2008 - 2009,1.47
,,2009 - 2010,1.67
,,2010 - 2011,2.64
,,2011 - 2012,1.93
,,2012 - 2013,2.83
,,2013 - 2014,1.13
,,2014 - 2015,1.57
,,2015 - 2016,2.4
,,2016 - 2017,2.57
,,2017 - 2018,2.98
,,2018 - 2019,2.23
,,2019 - 2020,0.72
,,2020 - 2021,3.09
,,2021 - 2022,2.15
,,2022 - 2023,2.3
,Barmer,2000 - 2001,1.04
,,2001 - 2002,1.45
,,2002 - 2003,0.89
,,2003 - 2004,1.83
,,2004 - 2005,1.2
,,2005 - 2006,1.08
,,2006 - 2007,1.06
,,2007 - 2008,1.87
,,2008 - 2009,1.75
,,2009 - 2010,1.0
,,2010 - 2011,2.0
,,2011 - 2012,1.67
,,2012 - 2013,2.0
,,2013 - 2014,1.62
,,2014 - 2015,1.71
,,2015 - 2016,1.32
,,2016 - 2017,1.6
,,2017 - 2018,2.0
,,2018 - 2019,2.25
,,2019 - 2020,1.27
,,2020 - 2021,2.73
,,2021 - 2022,2.0
,,2022 - 2023,2.2
,Bharatpur,2000 - 2001,1.05
,,2001 - 2002,1.45
,,2002 - 2003,0.89
,,2003 - 2004,1.85
,,2004 - 2005,1.2
,,2005 - 2006,1.1
,,2006 - 2007,1.06
,,2007 - 2008,1.83
,,2008 - 2009,1.67
,,2009 - 2010,1.0
,,2010 - 2011,1.8
,,2011 - 2012,1.6
,,2012 - 2013,1.83
,,2013 - 2014,1.63
,,2014 - 2015,1.5
,,2015 - 2016,1.38
,,2016 - 2017,2.0
,,2017 - 2018,2.0
,,2019 - 2020,1.0
,,2020 - 2021,3.0
,Bhilwara,2000 - 2001,1.07
,,2001 - 2002,1.56
,,2002 - 2003,0.27
,,2003 - 2004,1.66
,,2004 - 2005,1.64
,,2005 - 2006,0.66
,,2006 - 2007,1.65
,,2007 - 2008,1.85
,,2008 - 2009,1.56
,,2009 - 2010,0.69
,,2010 - 2011,1.84
,,2011 - 2012,1.69
,,2012 - 2013,1.82
,,2013 - 2014,1.72
,,2014 - 2015,2.01
,,2015 - 2016,1.21
,,2016 - 2017,1.53
,,2017 - 2018,2.28
,,2018 - 2019,2.46
,,2019 - 2020,1.45
,,2020 - 2021,3.07
,,2021 - 2022,2.29
,,2022 - 2023,2.58
,Bikaner,2001 - 2002,1.0
,,2004 - 2005,1.0
,,2005 - 2006,1.0
,,2006 - 2007,1.0
,,2008 - 2009,1.71
,,2009 - 2010,1.0
,,2010 - 2011,1.86
,,2011 - 2012,1.56
,,2012 - 2013,1.88
,,2016 - 2017,2.0
,,2020 - 2021,3.0
,Bundi,2000 - 2001,1.27
,,2001 - 2002,1.5
,,2002 - 2003,0.43
,,2003 - 2004,1.81
,,2004 - 2005,1.09
,,2005 - 2006,1.3
,,2006 - 2007,1.83
,,2007 - 2008,2.3
,,2008 - 2009,2.25
,,2009 - 2010,1.3
,,2010 - 2011,2.52
,,2011 - 2012,2.68
,,2012 - 2013,3.05
,,2013 - 2014,2.0
,,2014 - 2015,2.67
,,2015 - 2016,2.91
,,2016 - 2017,2.88
,,2017 - 2018,3.45
,,2018 - 2019,4.7
,,2019 - 2020,0.71
,,2020 - 2021,3.23
,,2021 - 2022,2.75
,,2022 - 2023,3.35
,Chittorgarh,2000 - 2001,1.25
,,2001 - 2002,1.81
,,2002 - 2003,1.19
,,2003 - 2004,2.14
,,2004 - 2005,1.76
,,2005 - 2006,1.74
,,2006 - 2007,1.68
,,2007 - 2008,2.45
,,2008 - 2009,2.8
,,2009 - 2010,1.75
,,2010 - 2011,2.21
,,2011 - 2012,2.45
,,2012 - 2013,2.6
,,2013 - 2014,2.25
,,2014 - 2015,2.74
,,2015 - 2016,2.17
,,2016 - 2017,1.45
,,2017 - 2018,3.05
,,2018 - 2019,3.06
,,2019 - 2020,1.69
,,2020 - 2021,4.17
,,2021 - 2022,2.69
,,2022 - 2023,2.86
,Churu,2001 - 2002,1.0
,,2003 - 2004,2.0
,,2017 - 2018,2.0
,,2020 - 2021,3.0
,Dausa,2000 - 2001,1.05
,,2001 - 2002,1.45
,,2002 - 2003,0.88
,,2003 - 2004,1.86
,,2004 - 2005,1.21
,,2005 - 2006,1.1
,,2006 - 2007,1.54
,,2007 - 2008,1.58
,,2008 - 2009,1.25
,,2009 - 2010,1.11
,,2010 - 2011,1.8
,,2011 - 2012,1.58
,,2012 - 2013,1.88
,,2013 - 2014,1.6
,,2014 - 2015,1.74
,,2015 - 2016,1.31
,,2016 - 2017,1.5
,,2017 - 2018,2.03
,,2018 - 2019,2.23
,,2019 - 2020,1.3
,,2020 - 2021,2.76
,,2021 - 2022,2.09
,,2022 - 2023,2.22
,Dholpur,2000 - 2001,1.09
,,2001 - 2002,1.44
,,2002 - 2003,0.86
,,2003 - 2004,1.9
,,2004 - 2005,1.22
,,2005 - 2006,1.1
,,2006 - 2007,1.11
,,2007 - 2008,1.83
,,2008 - 2009,1.76
,,2009 - 2010,2.0
,,2010 - 2011,1.8
,,2011 - 2012,1.57
,,2012 - 2013,2.0
,,2014 - 2015,1.75
,,2015 - 2016,1.5
,,2020 - 2021,2.5
,,2021 - 2022,2.0
,Dungarpur,2000 - 2001,0.56
,,2001 - 2002,0.82
,,2002 - 2003,0.85
,,2003 - 2004,1.18
,,2004 - 2005,0.74
,,2005 - 2006,0.38
,,2006 - 2007,0.15
,,2007 - 2008,1.68
,,2008 - 2009,0.88
,,2009 - 2010,0.63
,,2010 - 2011,1.46
,,2011 - 2012,0.48
,,2012 - 2013,0.87
,,2013 - 2014,0.94
,,2014 - 2015,1.24
,,2015 - 2016,0.87
,,2016 - 2017,1.37
,,2017 - 2018,1.14
,,2018 - 2019,1.45
,,2019 - 2020,1.07
,,2020 - 2021,1.8
,,2021 - 2022,1.34
,,2022 - 2023,1.01
,Ganganagar,2000 - 2001,1.04
,,2001 - 2002,1.46
,,2002 - 2003,1.0
,,2003 - 2004,1.87
,,2004 - 2005,1.19
,,2005 - 2006,1.1
,,2006 - 2007,1.11
,,2007 - 2008,1.83
,,2008 - 2009,1.75
,,2009 - 2010,1.0
,,2010 - 2011,1.81
,,2011 - 2012,1.6
,,2012 - 2013,1.87
,,2013 - 2014,1.61
,,2014 - 2015,1.74
,,2015 - 2016,1.32
,,2016 - 2017,1.5
,,2017 - 2018,2.02
,,2018 - 2019,2.25
,,2019 - 2020,1.29
,,2020 - 2021,2.76
,,2021 - 2022,2.08
,,2022 - 2023,2.27
,Hanumangarh,2000 - 2001,1.0
,,2001 - 2002,1.0
,,2002 - 2003,0.88
,,2003 - 2004,1.86
,,2005 - 2006,1.17
,,2006 - 2007,1.1
,,2007 - 2008,2.0
,,2008 - 2009,1.78
,,2010 - 2011,1.67
,,2013 - 2014,1.56
,,2014 - 2015,1.67
,,2015 - 2016,1.33
,,2016 - 2017,1.5
,,2017 - 2018,2.0
,,2018 - 2019,2.23
,,2019 - 2020,1.27
,,2020 - 2021,2.75
,,2021 - 2022,2.11
,,2022 - 2023,2.2
,Jaipur,2000 - 2001,0.97
,,2001 - 2002,1.15
,,2002 - 2003,0.52
,,2003 - 2004,1.63
,,2004 - 2005,0.66
,,2005 - 2006,0.59
,,2006 - 2007,1.27
,,2007 - 2008,0.86
,,2008 - 2009,1.21
,,2009 - 2010,0.45
,,2010 - 2011,1.8
,,2011 - 2012,1.23
,,2012 - 2013,0.93
,,2013 - 2014,1.36
,,2014 - 2015,1.03
,,2015 - 2016,1.57
,,2016 - 2017,1.5
,,2017 - 2018,1.13
,,2018 - 2019,1.59
,,2019 - 2020,1.3
,,2020 - 2021,2.75
,,2021 - 2022,2.08
,,2022 - 2023,2.22
,Jaisalmer,2000 - 2001,1.06
,,2001 - 2002,1.44
,Jalore,2000 - 2001,1.05
,,2001 - 2002,1.46
,,2002 - 2003,0.89
,,2003 - 2004,1.86
,,2004 - 2005,1.21
,,2005 - 2006,1.1
,,2006 - 2007,1.08
,,2007 - 2008,1.86
,,2008 - 2009,1.73
,,2009 - 2010,0.89
,,2010 - 2011,1.8
,,2011 - 2012,1.58
,,2012 - 2013,1.89
,,2013 - 2014,1.6
,,2014 - 2015,1.74
,,2015 - 2016,1.31
,,2016 - 2017,1.49
,,2017 - 2018,2.03
,,2018 - 2019,2.23
,,2019 - 2020,1.28
,,2020 - 2021,2.77
,,2021 - 2022,2.09
,,2022 - 2023,2.33
,Jhalawar,2000 - 2001,1.21
,,2001 - 2002,1.25
,,2002 - 2003,1.25
,,2003 - 2004,2.28
,,2004 - 2005,1.22
,,2005 - 2006,1.82
,,2006 - 2007,1.44
,,2007 - 2008,2.55
,,2008 - 2009,2.14
,,2009 - 2010,1.99
,,2010 - 2011,2.09
,,2011 - 2012,1.72
,,2012 - 2013,2.17
,,2013 - 2014,0.92
,,2014 - 2015,2.03
,,2015 - 2016,1.8
,,2016 - 2017,1.87
,,2017 - 2018,3.06
,,2018 - 2019,2.86
,,2019 - 2020,0.68
,,2020 - 2021,2.44
,,2021 - 2022,1.93
,,2022 - 2023,2.38
,Jhunjhunu,2002 - 2003,1.0
,,2005 - 2006,1.0
,,2006 - 2007,1.0
,,2007 - 2008,2.0
,,2008 - 2009,2.0
,,2009 - 2010,1.0
,,2010 - 2011,2.0
,,2019 - 2020,1.5
,,2020 - 2021,3.0
,,2021 - 2022,2.0
,,2022 - 2023,2.33
,Jodhpur,2000 - 2001,1.0
,,2001 - 2002,1.44
,,2002 - 2003,0.89
,,2003 - 2004,1.83
,,2004 - 2005,1.25
,,2005 - 2006,1.0
,,2006 - 2007,1.0
,,2007 - 2008,1.88
,,2008 - 2009,1.74
,,2009 - 2010,1.06
,,2010 - 2011,1.75
,,2011 - 2012,1.5
,,2012 - 2013,2.0
,,2013 - 2014,1.5
,,2014 - 2015,2.0
,,2015 - 2016,1.33
,,2016 - 2017,1.5
,,2017 - 2018,2.0
,,2018 - 2019,2.0
,,2019 - 2020,1.5
,,2021 - 2022,2.11
,,2022 - 2023,2.33
,Karauli,2000 - 2001,1.05
,,2001 - 2002,1.45
,,2002 - 2003,0.88
,,2003 - 2004,1.86
,,2004 - 2005,1.21
,,2005 - 2006,1.1
,,2006 - 2007,1.08
,,2007 - 2008,1.86
,,2008 - 2009,1.74
,,2009 - 2010,1.05
,,2010 - 2011,1.79
,,2011 - 2012,1.58
,,2012 - 2013,1.88
,,2013 - 2014,1.6
,,2014 - 2015,1.74
,,2015 - 2016,1.31
,,2016 - 2017,1.5
,,2017 - 2018,2.04
,,2018 - 2019,2.22
,,2019 - 2020,1.3
,,2020 - 2021,2.7
,,2021 - 2022,2.08
,,2022 - 2023,2.0
,Kota,2000 - 2001,2.1
,,2001 - 2002,1.53
,,2002 - 2003,1.01
,,2003 - 2004,1.63
,,2004 - 2005,1.08
,,2005 - 2006,1.11
,,2006 - 2007,0.99
,,2007 - 2008,1.42
,,2008 - 2009,1.45
,,2009 - 2010,1.33
,,2010 - 2011,2.02
,,2011 - 2012,1.22
,,2012 - 2013,2.04
,,2013 - 2014,0.72
,,2014 - 2015,1.35
,,2015 - 2016,1.38
,,2016 - 2017,1.76
,,2017 - 2018,2.65
,,2018 - 2019,1.63
,,2019 - 2020,0.39
,,2020 - 2021,2.51
,,2021 - 2022,2.2
,,2022 - 2023,2.25
,Nagaur,2000 - 2001,1.05
,,2001 - 2002,1.45
,,2002 - 2003,0.88
,,2003 - 2004,1.86
,,2004 - 2005,1.21
,,2005 - 2006,1.1
,,2006 - 2007,1.09
,,2007 - 2008,1.86
,,2008 - 2009,1.73
,,2009 - 2010,0.59
,,2010 - 2011,1.8
,,2011 - 2012,1.58
,,2012 - 2013,1.88
,,2013 - 2014,1.58
,,2014 - 2015,1.76
,,2015 - 2016,1.32
,,2016 - 2017,1.48
,,2017 - 2018,2.05
,,2018 - 2019,2.21
,,2019 - 2020,1.25
,,2020 - 2021,2.74
,,2021 - 2022,2.1
,,2022 - 2023,2.21
,Pali,2000 - 2001,0.49
,,2001 - 2002,1.12
,,2002 - 2003,0.13
,,2003 - 2004,1.81
,,2004 - 2005,0.88
,,2005 - 2006,0.36
,,2006 - 2007,0.47
,,2007 - 2008,0.99
,,2008 - 2009,0.55
,,2009 - 2010,0.37
,,2010 - 2011,1.65
,,2011 - 2012,1.52
,,2012 - 2013,1.41
,,2013 - 2014,0.94
,,2014 - 2015,1.06
,,2015 - 2016,1.27
,,2016 - 2017,1.4
,,2017 - 2018,0.75
,,2018 - 2019,1.6
,,2019 - 2020,1.27
,,2020 - 2021,1.61
,,2021 - 2022,0.93
,,2022 - 2023,1.41
,Pratapgarh,2008 - 2009,2.23
,,2009 - 2010,1.73
,,2010 - 2011,1.41
,,2011 - 2012,1.48
,,2012 - 2013,2.79
,,2013 - 2014,1.73
,,2014 - 2015,1.4
,,2015 - 2016,1.42
,,2016 - 2017,1.51
,,2017 - 2018,1.9
,,2018 - 2019,2.11
,,2019 - 2020,1.42
,,2020 - 2021,2.23
,,2021 - 2022,1.84
,,2022 - 2023,2.08
,Rajsamand,2000 - 2001,0.49
,,2001 - 2002,1.56
,,2002 - 2003,0.36
,,2003 - 2004,2.21
,,2004 - 2005,0.86
,,2005 - 2006,1.08
,,2006 - 2007,1.3
,,2007 - 2008,1.89
,,2008 - 2009,1.25
,,2009 - 2010,0.99
,,2010 - 2011,1.23
,,2011 - 2012,1.52
,,2012 - 2013,2.05
,,2013 - 2014,1.82
,,2014 - 2015,2.02
,,2015 - 2016,1.01
,,2016 - 2017,1.6
,,2017 - 2018,2.34
,,2018 - 2019,2.09
,,2019 - 2020,1.74
,,2020 - 2021,2.53
,,2021 - 2022,1.97
,,2022 - 2023,2.12
,Sawai madhopur,2000 - 2001,1.05
,,2001 - 2002,1.45
,,2002 - 2003,0.88
,,2003 - 2004,1.86
,,2004 - 2005,1.21
,,2005 - 2006,1.1
,,2006 - 2007,1.08
,,2007 - 2008,1.86
,,2008 - 2009,1.74
,,2009 - 2010,1.04
,,2010 - 2011,1.8
,,2011 - 2012,1.58
,,2012 - 2013,1.88
,,2013 - 2014,1.6
,,2014 - 2015,1.74
,,2015 - 2016,1.31
,,2016 - 2017,1.5
,,2017 - 2018,2.03
,,2018 - 2019,2.23
,,2019 - 2020,1.3
,,2020 - 2021,2.75
,,2021 - 2022,2.09
,,2022 - 2023,2.22
,Sikar,2000 - 2001,1.04
,,2001 - 2002,1.46
,,2002 - 2003,0.88
,,2003 - 2004,1.88
,,2004 - 2005,1.21
,,2005 - 2006,1.09
,,2006 - 2007,1.08
,,2007 - 2008,1.86
,,2008 - 2009,1.72
,,2009 - 2010,1.04
,,2010 - 2011,1.79
,,2011 - 2012,1.56
,,2012 - 2013,2.0
,,2013 - 2014,1.6
,,2014 - 2015,1.77
,,2015 - 2016,1.3
,,2016 - 2017,1.5
,,2017 - 2018,2.0
,,2018 - 2019,2.2
,,2019 - 2020,1.5
,,2020 - 2021,3.0
,,2021 - 2022,2.0
,,2022 - 2023,2.25
,Sirohi,2000 - 2001,1.31
,,2001 - 2002,1.83
,,2002 - 2003,0.3
,,2003 - 2004,1.82
,,2004 - 2005,0.46
,,2005 - 2006,1.22
,,2006 - 2007,0.58
,,2007 - 2008,1.85
,,2008 - 2009,1.28
,,2009 - 2010,0.37
,,2010 - 2011,1.79
,,2011 - 2012,1.31
,,2012 - 2013,1.54
,,2013 - 2014,1.03
,,2014 - 2015,1.4
,,2015 - 2016,1.25
,,2016 - 2017,1.31
,,2017 - 2018,0.04
,,2018 - 2019,1.72
,,2019 - 2020,1.85
,,2020 - 2021,2.3
,,2021 - 2022,2.22
,,2022 - 2023,2.36
,Tonk,2000 - 2001,1.0
,,2001 - 2002,1.06
,,2002 - 2003,0.07
,,2003 - 2004,1.38
,,2004 - 2005,0.95
,,2005 - 2006,0.79
,,2006 - 2007,0.83
,,2007 - 2008,0.9
,,2008 - 2009,1.07
,,2009 - 2010,0.26
,,2010 - 2011,1.23
,,2011 - 2012,1.0
,,2012 - 2013,1.15
,,2013 - 2014,0.99
,,2014 - 2015,1.1
,,2015 - 2016,0.99
,,2016 - 2017,1.05
,,2017 - 2018,4.4
,,2018 - 2019,1.48
,,2019 - 2020,1.04
,,2020 - 2021,1.7
,,2021 - 2022,1.77
,,2022 - 2023,1.1
,Udaipur,2000 - 2001,1.12
,,2001 - 2002,1.48
,,2002 - 2003,1.34
,,2003 - 2004,2.0
,,2004 - 2005,1.21
,,2005 - 2006,1.12
,,2006 - 2007,0.8
,,2007 - 2008,1.84
,,2008 - 2009,1.38
,,2009 - 2010,0.94
,,2010 - 2011,1.37
,,2011 - 2012,1.59
,,2012 - 2013,1.87
,,2013 - 2014,1.71
,,2014 - 2015,1.57
,,2015 - 2016,1.12
,,2016 - 2017,1.22
,,2017 - 2018,1.33
,,2018 - 2019,1.97
,,2019 - 2020,1.02
,,2020 - 2021,2.17
,,2021 - 2022,1.88
,,2022 - 2023,1.78
Sikkim,Gangtok,2000 - 2001,1.54
,,2001 - 2002,1.54
,,2002 - 2003,1.4
,,2003 - 2004,1.45
,,2004 - 2005,1.43
,,2005 - 2006,1.54
,,2006 - 2007,1.57
,,2007 - 2008,1.07
,,2008 - 2009,2.96
,,2009 - 2010,1.67
,,2010 - 2011,1.73
,,2011 - 2012,1.74
,,2012 - 2013,1.7
,,2013 - 2014,1.71
,,2014 - 2015,1.71
,,2015 - 2016,1.74
,,2016 - 2017,1.75
,,2017 - 2018,1.75
,,2018 - 2019,1.75
,,2019 - 2020,1.76
,,2020 - 2021,1.76
,,2021 - 2022,1.76
,,2022 - 2023,1.75
,Geyzing,2000 - 2001,1.48
,,2001 - 2002,1.38
,,2002 - 2003,1.46
,,2003 - 2004,1.68
,,2004 - 2005,1.75
,,2005 - 2006,1.82
,,2006 - 2007,1.64
,,2007 - 2008,1.4
,,2008 - 2009,1.69
,,2009 - 2010,1.69
,,2010 - 2011,1.67
,,2011 - 2012,1.68
,,2012 - 2013,1.71
,,2013 - 2014,1.73
,,2014 - 2015,1.73
,,2015 - 2016,1.75
,,2016 - 2017,1.75
,,2017 - 2018,1.76
,,2018 - 2019,1.76
,,2019 - 2020,1.76
,,2020 - 2021,1.76
,,2021 - 2022,1.76
,,2022 - 2023,1.73
,Mangan,2000 - 2001,1.47
,,2001 - 2002,1.3
,,2002 - 2003,1.3
,,2003 - 2004,1.52
,,2004 - 2005,1.86
,,2005 - 2006,1.99
,,2006 - 2007,1.66
,,2007 - 2008,1.37
,,2008 - 2009,1.6
,,2009 - 2010,1.36
,,2010 - 2011,1.4
,,2011 - 2012,1.39
,,2012 - 2013,1.5
,,2013 - 2014,1.54
,,2014 - 2015,1.56
,,2015 - 2016,1.59
,,2016 - 2017,1.6
,,2017 - 2018,1.6
,,2018 - 2019,1.6
,,2019 - 2020,1.6
,,2020 - 2021,1.6
,,2021 - 2022,1.61
,,2022 - 2023,1.61
,Namchi,2000 - 2001,1.47
,,2001 - 2002,1.4
,,2002 - 2003,1.5
,,2003 - 2004,1.5
,,2004 - 2005,1.5
,,2005 - 2006,15.49
,,2006 - 2007,1.55
,,2007 - 2008,1.82
,,2008 - 2009,0.95
,,2009 - 2010,1.63
,,2010 - 2011,16.27
,,2011 - 2012,1.64
,,2012 - 2013,1.73
,,2013 - 2014,1.76
,,2014 - 2015,1.76
,,2015 - 2016,1.8
,,2016 - 2017,1.82
,,2017 - 2018,1.82
,,2018 - 2019,1.82
,,2019 - 2020,1.82
,,2020 - 2021,1.82
,,2021 - 2022,1.83
,,2022 - 2023,1.83
,Pakyong,2022 - 2023,1.78
,Soreng,2022 - 2023,1.86
Tamil Nadu,Ariyalur,2008 - 2009,
,,2009 - 2010,
,,2010 - 2011,0.86
,,2011 - 2012,5.17
,,2012 - 2013,2.41
,,2013 - 2014,5.32
,,2014 - 2015,9.82
,,2015 - 2016,7.68
,,2016 - 2017,3.98
,,2017 - 2018,8.84
,,2018 - 2019,5.1
,,2019 - 2020,7.45
,,2020 - 2021,3.31
,,2021 - 2022,5.98
,,2022 - 2023,6.48
,Chengalpattu,2019 - 2020,
,,2021 - 2022,8.0
,,2022 - 2023,7.8
,Coimbatore,2000 - 2001,1.13
,,2002 - 2003,1.12
,,2003 - 2004,1.13
,,2004 - 2005,1.13
,,2005 - 2006,0.0
,,2006 - 2007,
,,2007 - 2008,
,,2008 - 2009,
,,2009 - 2010,
,,2010 - 2011,5.85
,,2011 - 2012,8.0
,,2012 - 2013,3.68
,,2013 - 2014,6.54
,,2014 - 2015,8.72
,,2015 - 2016,7.35
,,2016 - 2017,4.55
,,2017 - 2018,9.22
,,2018 - 2019,7.6
,,2019 - 2020,8.94
,,2020 - 2021,7.28
,,2021 - 2022,8.05
,,2022 - 2023,7.79
,Cuddalore,2000 - 2001,2.0
,,2002 - 2003,2.24
,,2003 - 2004,2.02
,,2004 - 2005,1.92
,,2005 - 2006,0.0
,,2006 - 2007,
,,2007 - 2008,
,,2008 - 2009,
,,2009 - 2010,
,,2010 - 2011,1.47
,,2011 - 2012,1.62
,,2012 - 2013,1.53
,,2013 - 2014,3.73
,,2014 - 2015,6.95
,,2015 - 2016,3.37
,,2016 - 2017,1.66
,,2017 - 2018,6.54
,,2018 - 2019,5.4
,,2019 - 2020,8.1
,,2020 - 2021,4.45
,,2021 - 2022,6.5
,,2022 - 2023,5.88
,Dharmapuri,2000 - 2001,1.1
,,2002 - 2003,1.1
,,2003 - 2004,1.1
,,2004 - 2005,1.1
,,2005 - 2006,0.0
,,2006 - 2007,
,,2007 - 2008,
,,2008 - 2009,
,,2009 - 2010,
,,2010 - 2011,3.91
,,2011 - 2012,5.68
,,2012 - 2013,3.54
,,2013 - 2014,6.77
,,2014 - 2015,6.35
,,2015 - 2016,5.95
,,2016 - 2017,4.23
,,2017 - 2018,8.37
,,2018 - 2019,5.4
,,2019 - 2020,7.43
,,2020 - 2021,7.24
,,2021 - 2022,7.24
,,2022 - 2023,5.97
,Dindigul,2000 - 2001,1.98
,,2002 - 2003,1.98
,,2003 - 2004,1.98
,,2004 - 2005,1.98
,,2005 - 2006,0.0
,,2006 - 2007,
,,2007 - 2008,
,,2008 - 2009,
,,2009 - 2010,
,,2010 - 2011,5.47
,,2011 - 2012,5.82
,,2012 - 2013,3.48
,,2013 - 2014,5.98
,,2014 - 2015,8.46
,,2015 - 2016,9.86
,,2016 - 2017,5.5
,,2017 - 2018,9.22
,,2018 - 2019,7.32
,,2019 - 2020,8.93
,,2020 - 2021,7.28
,,2021 - 2022,8.05
,,2022 - 2023,7.8
,Erode,2000 - 2001,2.29
,,2002 - 2003,2.29
,,2003 - 2004,2.29
,,2004 - 2005,2.29
,,2005 - 2006,0.0
,,2006 - 2007,
,,2007 - 2008,
,,2008 - 2009,
,,2009 - 2010,
,,2010 - 2011,5.94
,,2011 - 2012,5.69
,,2012 - 2013,4.59
,,2013 - 2014,6.16
,,2014 - 2015,6.57
,,2015 - 2016,7.34
,,2016 - 2017,3.54
,,2017 - 2018,6.66
,,2018 - 2019,8.42
,,2019 - 2020,7.96
,,2020 - 2021,9.87
,,2021 - 2022,9.35
,,2022 - 2023,8.25
,Kallakurichi,2020 - 2021,8.32
,,2021 - 2022,7.87
,,2022 - 2023,7.61
,Kanchipuram,2003 - 2004,1.58
,,2004 - 2005,1.56
,,2005 - 2006,0.0
,,2006 - 2007,
,,2007 - 2008,
,,2010 - 2011,3.8
,,2011 - 2012,5.7
,,2012 - 2013,3.57
,,2013 - 2014,6.52
,,2014 - 2015,
,,2015 - 2016,
,,2016 - 2017,4.56
,,2018 - 2019,8.5
,,2019 - 2020,8.0
,,2021 - 2022,8.5
,,2022 - 2023,7.0
,Kanniyakumari,2014 - 2015,8.75
,,2015 - 2016,7.36
,,2016 - 2017,4.57
,,2017 - 2018,9.0
,,2018 - 2019,8.33
,,2019 - 2020,8.17
,Karur,2000 - 2001,1.61
,,2002 - 2003,3.0
,,2003 - 2004,2.45
,,2004 - 2005,2.45
,,2005 - 2006,0.0
,,2006 - 2007,
,,2007 - 2008,
,,2008 - 2009,
,,2009 - 2010,
,,2010 - 2011,3.86
,,2011 - 2012,5.68
,,2012 - 2013,3.51
,,2013 - 2014,6.54
,,2014 - 2015,8.72
,,2015 - 2016,7.35
,,2016 - 2017,4.55
,,2017 - 2018,9.22
,,2018 - 2019,7.62
,,2019 - 2020,8.9
,,2020 - 2021,7.29
,,2021 - 2022,8.09
,,2022 - 2023,7.78
,Krishnagiri,2004 - 2005,1.1
,,2005 - 2006,0.0
,,2006 - 2007,
,,2007 - 2008,
,,2008 - 2009,
,,2009 - 2010,
,,2010 - 2011,3.93
,,2011 - 2012,5.68
,,2012 - 2013,3.48
,,2013 - 2014,6.54
,,2014 - 2015,8.72
,,2015 - 2016,7.35
,,2016 - 2017,4.55
,,2017 - 2018,9.22
,,2018 - 2019,7.6
,,2019 - 2020,8.32
,,2020 - 2021,6.25
,,2021 - 2022,6.52
,,2022 - 2023,8.24
,Madurai,2000 - 2001,2.01
,,2002 - 2003,2.01
,,2003 - 2004,2.0
,,2004 - 2005,2.01
,,2005 - 2006,0.0
,,2006 - 2007,
,,2007 - 2008,
,,2008 - 2009,
,,2009 - 2010,
,,2010 - 2011,3.96
,,2011 - 2012,3.86
,,2012 - 2013,2.1
,,2013 - 2014,4.06
,,2014 - 2015,5.02
,,2015 - 2016,6.83
,,2016 - 2017,2.29
,,2017 - 2018,6.79
,,2018 - 2019,6.34
,,2019 - 2020,6.02
,,2020 - 2021,4.31
,,2021 - 2022,5.52
,,2022 - 2023,4.5
,Mayiladuthurai,2020 - 2021,7.18
,,2021 - 2022,8.0
,,2022 - 2023,8.25
,Nagapattinam,2002 - 2003,2.5
,,2003 - 2004,2.65
,,2004 - 2005,2.59
,,2005 - 2006,0.0
,,2006 - 2007,
,,2007 - 2008,
,,2008 - 2009,
,,2009 - 2010,
,,2010 - 2011,3.88
,,2011 - 2012,5.71
,,2012 - 2013,3.47
,,2013 - 2014,6.53
,,2014 - 2015,
,,2015 - 2016,
,,2016 - 2017,
,,2017 - 2018,9.0
,,2018 - 2019,
,,2019 - 2020,9.08
,Namakkal,2000 - 2001,1.61
,,2002 - 2003,1.86
,,2003 - 2004,1.86
,,2004 - 2005,1.86
,,2005 - 2006,0.0
,,2006 - 2007,
,,2007 - 2008,
,,2008 - 2009,
,,2009 - 2010,
,,2010 - 2011,7.18
,,2011 - 2012,5.68
,,2012 - 2013,4.19
,,2013 - 2014,8.33
,,2014 - 2015,7.49
,,2015 - 2016,10.05
,,2016 - 2017,8.06
,,2017 - 2018,7.02
,,2018 - 2019,7.6
,,2019 - 2020,8.94
,,2020 - 2021,7.28
,,2021 - 2022,8.05
,,2022 - 2023,7.8
,Perambalur,2000 - 2001,1.61
,,2002 - 2003,1.18
,,2003 - 2004,1.18
,,2004 - 2005,1.18
,,2005 - 2006,0.0
,,2006 - 2007,
,,2007 - 2008,
,,2008 - 2009,
,,2009 - 2010,
,,2010 - 2011,2.77
,,2011 - 2012,5.75
,,2012 - 2013,1.94
,,2013 - 2014,7.77
,,2014 - 2015,11.29
,,2015 - 2016,5.93
,,2016 - 2017,2.59
,,2017 - 2018,11.5
,,2018 - 2019,7.6
,,2019 - 2020,10.06
,,2020 - 2021,8.33
,,2021 - 2022,9.07
,,2022 - 2023,9.12
,Pudukkottai,2000 - 2001,2.07
,,2002 - 2003,2.06
,,2003 - 2004,2.05
,,2004 - 2005,2.05
,,2005 - 2006,0.0
,,2006 - 2007,
,,2007 - 2008,
,,2008 - 2009,
,,2009 - 2010,
,,2010 - 2011,7.18
,,2011 - 2012,8.1
,,2012 - 2013,5.75
,,2013 - 2014,7.2
,,2014 - 2015,8.08
,,2015 - 2016,9.62
,,2016 - 2017,4.55
,,2017 - 2018,9.22
,,2018 - 2019,6.37
,,2019 - 2020,8.94
,,2020 - 2021,7.28
,,2021 - 2022,8.05
,,2022 - 2023,7.8
,Ramanathapuram,2002 - 2003,1.15
,,2003 - 2004,1.18
,,2004 - 2005,1.17
,,2005 - 2006,0.0
,,2006 - 2007,
,,2007 - 2008,
,,2008 - 2009,
,,2009 - 2010,
,,2010 - 2011,5.45
,,2011 - 2012,
,,2012 - 2013,2.82
,,2013 - 2014,
,,2014 - 2015,
,,2015 - 2016,
,,2016 - 2017,
,,2017 - 2018,
,,2018 - 2019,
,,2019 - 2020,
,,2020 - 2021,
,,2021 - 2022,
,,2022 - 2023,7.8
,Ranipet,2020 - 2021,7.0
,,2021 - 2022,8.0
,,2022 - 2023,8.0
,Salem,2000 - 2001,1.86
,,2002 - 2003,1.86
,,2003 - 2004,1.86
,,2004 - 2005,1.86
,,2005 - 2006,0.0
,,2006 - 2007,
,,2007 - 2008,
,,2008 - 2009,
,,2009 - 2010,
,,2010 - 2011,5.09
,,2011 - 2012,5.32
,,2012 - 2013,5.67
,,2013 - 2014,7.52
,,2014 - 2015,10.19
,,2015 - 2016,11.16
,,2016 - 2017,8.24
,,2017 - 2018,9.5
,,2018 - 2019,10.64
,,2019 - 2020,8.96
,,2020 - 2021,9.63
,,2021 - 2022,7.78
,,2022 - 2023,8.14
,Sivaganga,2000 - 2001,1.5
,,2003 - 2004,2.0
,,2004 - 2005,2.0
,,2006 - 2007,
,,2007 - 2008,
,,2008 - 2009,
,,2009 - 2010,
,,2010 - 2011,5.0
,,2011 - 2012,5.68
,,2012 - 2013,3.47
,,2013 - 2014,6.54
,,2014 - 2015,8.72
,,2015 - 2016,7.36
,,2016 - 2017,4.56
,,2017 - 2018,9.21
,,2018 - 2019,7.7
,,2019 - 2020,8.92
,,2020 - 2021,7.5
,,2021 - 2022,8.06
,,2022 - 2023,7.75
,Thanjavur,2000 - 2001,2.67
,,2002 - 2003,2.67
,,2003 - 2004,2.67
,,2004 - 2005,2.67
,,2005 - 2006,0.0
,,2006 - 2007,
,,2007 - 2008,
,,2008 - 2009,
,,2009 - 2010,
,,2010 - 2011,5.73
,,2011 - 2012,5.68
,,2012 - 2013,3.39
,,2013 - 2014,6.54
,,2014 - 2015,8.72
,,2015 - 2016,7.35
,,2016 - 2017,4.55
,,2017 - 2018,9.22
,,2018 - 2019,7.6
,,2019 - 2020,8.93
,,2020 - 2021,7.28
,,2021 - 2022,8.07
,,2022 - 2023,7.8
,The nilgiris,2000 - 2001,1.62
,,2019 - 2020,11.0
,,2020 - 2021,9.0
,,2021 - 2022,10.67
,,2022 - 2023,6.0
,Theni,2000 - 2001,1.61
,,2002 - 2003,2.01
,,2003 - 2004,2.0
,,2004 - 2005,2.01
,,2005 - 2006,0.0
,,2006 - 2007,
,,2007 - 2008,
,,2008 - 2009,
,,2009 - 2010,
,,2010 - 2011,6.48
,,2011 - 2012,6.74
,,2012 - 2013,6.19
,,2013 - 2014,8.58
,,2014 - 2015,10.3
,,2015 - 2016,8.49
,,2016 - 2017,4.55
,,2017 - 2018,9.22
,,2018 - 2019,7.6
,,2019 - 2020,8.94
,,2020 - 2021,7.28
,,2021 - 2022,8.05
,,2022 - 2023,7.8
,Thenkasi,2020 - 2021,7.3
,,2021 - 2022,8.0
,,2022 - 2023,7.84
,Thiruvallur,2006 - 2007,
,,2009 - 2010,
,,2010 - 2011,4.0
,,2012 - 2013,3.5
,,2013 - 2014,6.54
,,2014 - 2015,8.72
,,2015 - 2016,7.4
,,2016 - 2017,4.5
,,2017 - 2018,
,,2018 - 2019,
,,2019 - 2020,9.5
,,2020 - 2021,
,,2021 - 2022,7.25
,,2022 - 2023,7.79
,Thiruvarur,2002 - 2003,2.86
,,2003 - 2004,2.93
,,2004 - 2005,3.0
,,2005 - 2006,0.0
,,2007 - 2008,
,,2008 - 2009,
,,2011 - 2012,
,,2013 - 2014,
,,2018 - 2019,
,,2019 - 2020,8.71
,,2020 - 2021,7.33
,,2021 - 2022,8.0
,,2022 - 2023,7.77
,Thoothukudi,2000 - 2001,0.45
,,2002 - 2003,0.69
,,2003 - 2004,0.74
,,2004 - 2005,0.79
,,2005 - 2006,0.0
,,2006 - 2007,
,,2007 - 2008,
,,2008 - 2009,
,,2009 - 2010,
,,2010 - 2011,3.53
,,2011 - 2012,5.7
,,2012 - 2013,1.03
,,2013 - 2014,0.0
,,2014 - 2015,8.75
,,2015 - 2016,
,,2016 - 2017,4.5
,,2017 - 2018,
,,2018 - 2019,7.0
,,2019 - 2020,
,,2020 - 2021,7.67
,,2021 - 2022,8.6
,,2022 - 2023,9.5
,Tiruchirappalli,2000 - 2001,1.2
,,2002 - 2003,1.38
,,2003 - 2004,1.33
,,2004 - 2005,1.31
,,2005 - 2006,0.0
,,2006 - 2007,
,,2007 - 2008,
,,2008 - 2009,
,,2009 - 2010,
,,2010 - 2011,4.96
,,2011 - 2012,5.25
,,2012 - 2013,2.47
,,2013 - 2014,4.13
,,2014 - 2015,7.87
,,2015 - 2016,6.91
,,2016 - 2017,3.23
,,2017 - 2018,10.38
,,2018 - 2019,7.6
,,2019 - 2020,9.66
,,2020 - 2021,5.26
,,2021 - 2022,9.03
,,2022 - 2023,8.75
,Tirunelveli,2000 - 2001,0.54
,,2002 - 2003,0.78
,,2003 - 2004,0.83
,,2004 - 2005,0.89
,,2005 - 2006,0.0
,,2006 - 2007,
,,2007 - 2008,
,,2008 - 2009,
,,2009 - 2010,
,,2010 - 2011,3.18
,,2011 - 2012,5.68
,,2012 - 2013,3.17
,,2013 - 2014,6.54
,,2014 - 2015,8.72
,,2015 - 2016,7.35
,,2016 - 2017,4.55
,,2017 - 2018,9.22
,,2018 - 2019,10.47
,,2019 - 2020,8.84
,,2020 - 2021,7.32
,,2021 - 2022,8.03
,,2022 - 2023,7.77
,Tirupathur,2020 - 2021,7.27
,,2021 - 2022,8.05
,,2022 - 2023,7.8
,Tiruppur,2008 - 2009,
,,2009 - 2010,
,,2010 - 2011,4.95
,,2011 - 2012,8.14
,,2012 - 2013,6.16
,,2013 - 2014,7.75
,,2014 - 2015,9.14
,,2015 - 2016,11.98
,,2016 - 2017,4.15
,,2017 - 2018,10.72
,,2018 - 2019,7.6
,,2019 - 2020,7.91
,,2020 - 2021,10.67
,,2021 - 2022,9.78
,,2022 - 2023,9.27
,Tiruvannamalai,2000 - 2001,1.67
,,2002 - 2003,1.69
,,2003 - 2004,1.67
,,2004 - 2005,1.67
,,2005 - 2006,0.0
,,2006 - 2007,
,,2007 - 2008,
,,2008 - 2009,
,,2009 - 2010,
,,2010 - 2011,3.74
,,2011 - 2012,5.68
,,2012 - 2013,3.3
,,2013 - 2014,6.54
,,2014 - 2015,8.72
,,2015 - 2016,7.35
,,2016 - 2017,4.55
,,2017 - 2018,9.22
,,2018 - 2019,7.58
,,2019 - 2020,8.94
,,2020 - 2021,7.27
,,2021 - 2022,8.06
,,2022 - 2023,7.8
,Vellore,2000 - 2001,1.61
,,2002 - 2003,1.66
,,2003 - 2004,1.66
,,2004 - 2005,1.66
,,2005 - 2006,0.0
,,2006 - 2007,
,,2007 - 2008,
,,2008 - 2009,
,,2009 - 2010,
,,2010 - 2011,4.74
,,2011 - 2012,5.68
,,2012 - 2013,3.31
,,2013 - 2014,6.54
,,2014 - 2015,8.71
,,2015 - 2016,7.35
,,2016 - 2017,4.55
,,2017 - 2018,9.22
,,2018 - 2019,7.6
,,2019 - 2020,8.93
,,2020 - 2021,7.25
,,2021 - 2022,8.05
,,2022 - 2023,7.78
,Villupuram,2000 - 2001,1.67
,,2002 - 2003,1.45
,,2003 - 2004,1.45
,,2004 - 2005,1.45
,,2005 - 2006,0.0
,,2006 - 2007,
,,2007 - 2008,
,,2008 - 2009,
,,2009 - 2010,
,,2010 - 2011,4.72
,,2011 - 2012,6.99
,,2012 - 2013,4.0
,,2013 - 2014,6.71
,,2014 - 2015,7.75
,,2015 - 2016,8.49
,,2016 - 2017,10.76
,,2017 - 2018,9.1
,,2018 - 2019,7.6
,,2019 - 2020,9.03
,,2020 - 2021,7.27
,,2021 - 2022,8.06
,,2022 - 2023,7.8
,Virudhunagar,2000 - 2001,2.03
,,2002 - 2003,2.02
,,2003 - 2004,2.03
,,2004 - 2005,2.03
,,2005 - 2006,0.0
,,2006 - 2007,
,,2007 - 2008,
,,2008 - 2009,
,,2009 - 2010,
,,2010 - 2011,5.15
,,2011 - 2012,6.96
,,2012 - 2013,2.23
,,2013 - 2014,4.43
,,2014 - 2015,7.32
,,2015 - 2016,7.32
,,2016 - 2017,4.55
,,2017 - 2018,9.22
,,2018 - 2019,10.07
,,2019 - 2020,6.32
,,2020 - 2021,5.2
,,2021 - 2022,5.67
,,2022 - 2023,4.23
Telangana,Adilabad,2000 - 2001,2.87
,,2001 - 2002,3.8
,,2002 - 2003,2.12
,,2003 - 2004,4.0
,,2004 - 2005,2.97
,,2005 - 2006,3.56
,,2006 - 2007,3.03
,,2007 - 2008,3.39
,,2008 - 2009,4.73
,,2009 - 2010,3.82
,,2010 - 2011,4.21
,,2011 - 2012,2.14
,,2012 - 2013,3.0
,,2013 - 2014,3.42
,,2014 - 2015,2.62
,,2015 - 2016,3.12
,,2016 - 2017,3.46
,,2017 - 2018,3.45
,,2018 - 2019,3.1
,,2019 - 2020,4.84
,,2020 - 2021,4.59
,,2021 - 2022,4.57
,,2022 - 2023,4.55
,Bhadradri,2016 - 2017,4.17
,,2017 - 2018,4.13
,,2018 - 2019,2.51
,,2019 - 2020,5.24
,,2020 - 2021,3.79
,,2021 - 2022,4.85
,,2022 - 2023,4.83
,Jagitial,2016 - 2017,4.54
,,2017 - 2018,4.46
,,2018 - 2019,6.35
,,2019 - 2020,5.84
,,2020 - 2021,6.56
,,2021 - 2022,5.99
,,2022 - 2023,6.42
,Jangoan,2016 - 2017,4.25
,,2017 - 2018,4.88
,,2018 - 2019,5.71
,,2019 - 2020,5.5
,,2020 - 2021,5.04
,,2021 - 2022,4.5
,,2022 - 2023,5.0
,Jayashankar,2016 - 2017,4.25
,,2017 - 2018,7.0
,,2018 - 2019,6.8
,,2019 - 2020,4.85
,,2020 - 2021,4.71
,,2021 - 2022,4.55
,,2022 - 2023,4.55
,Jogulamba,2016 - 2017,1.09
,,2017 - 2018,5.64
,,2018 - 2019,2.7
,,2019 - 2020,4.93
,,2020 - 2021,2.44
,,2021 - 2022,5.25
,,2022 - 2023,4.14
,Kamareddy,2016 - 2017,5.27
,,2017 - 2018,5.35
,,2018 - 2019,6.17
,,2019 - 2020,6.13
,,2020 - 2021,5.22
,,2021 - 2022,5.56
,,2022 - 2023,4.42
,Karimnagar,2000 - 2001,3.21
,,2001 - 2002,3.52
,,2002 - 2003,3.08
,,2003 - 2004,3.87
,,2004 - 2005,2.28
,,2005 - 2006,3.92
,,2006 - 2007,3.28
,,2007 - 2008,5.82
,,2008 - 2009,4.42
,,2009 - 2010,2.55
,,2010 - 2011,4.66
,,2011 - 2012,3.17
,,2012 - 2013,4.8
,,2013 - 2014,5.13
,,2014 - 2015,4.58
,,2015 - 2016,4.1
,,2016 - 2017,4.54
,,2017 - 2018,4.68
,,2018 - 2019,5.67
,,2019 - 2020,6.23
,,2020 - 2021,4.58
,,2021 - 2022,5.09
,,2022 - 2023,4.63
,Khammam,2000 - 2001,2.98
,,2001 - 2002,3.33
,,2002 - 2003,0.95
,,2003 - 2004,4.38
,,2004 - 2005,2.62
,,2005 - 2006,2.82
,,2006 - 2007,4.43
,,2007 - 2008,6.13
,,2008 - 2009,5.09
,,2009 - 2010,3.29
,,2010 - 2011,3.67
,,2011 - 2012,4.25
,,2012 - 2013,5.08
,,2013 - 2014,4.8
,,2014 - 2015,3.36
,,2015 - 2016,3.65
,,2016 - 2017,4.17
,,2017 - 2018,4.82
,,2018 - 2019,5.36
,,2019 - 2020,5.47
,,2020 - 2021,5.24
,,2021 - 2022,4.83
,,2022 - 2023,4.96
,Komaram bheem asifabad,2016 - 2017,3.46
,,2017 - 2018,3.45
,,2018 - 2019,4.64
,,2019 - 2020,3.28
,,2020 - 2021,1.41
,,2021 - 2022,4.57
,,2022 - 2023,4.55
,Mahabubabad,2016 - 2017,4.25
,,2017 - 2018,5.33
,,2018 - 2019,3.43
,,2019 - 2020,5.68
,,2020 - 2021,3.8
,,2021 - 2022,3.77
,,2022 - 2023,4.12
,Mahbubnagar,2000 - 2001,1.51
,,2001 - 2002,1.89
,,2002 - 2003,1.17
,,2003 - 2004,2.16
,,2004 - 2005,1.51
,,2005 - 2006,3.36
,,2006 - 2007,1.46
,,2007 - 2008,3.82
,,2008 - 2009,1.51
,,2009 - 2010,0.98
,,2010 - 2011,3.14
,,2011 - 2012,1.36
,,2012 - 2013,3.02
,,2013 - 2014,4.73
,,2014 - 2015,1.8
,,2015 - 2016,1.27
,,2016 - 2017,1.09
,,2017 - 2018,1.45
,,2018 - 2019,1.2
,,2019 - 2020,3.11
,,2020 - 2021,2.47
,,2021 - 2022,2.96
,,2022 - 2023,3.25
,Mancherial,2016 - 2017,3.46
,,2017 - 2018,3.45
,,2018 - 2019,3.93
,,2019 - 2020,4.84
,,2020 - 2021,4.65
,,2021 - 2022,4.56
,,2022 - 2023,4.56
,Medak,2000 - 2001,1.88
,,2001 - 2002,2.31
,,2002 - 2003,2.29
,,2003 - 2004,1.86
,,2004 - 2005,2.0
,,2005 - 2006,2.84
,,2006 - 2007,1.52
,,2007 - 2008,4.27
,,2008 - 2009,2.34
,,2009 - 2010,0.96
,,2010 - 2011,3.53
,,2011 - 2012,2.79
,,2012 - 2013,4.44
,,2013 - 2014,3.66
,,2014 - 2015,1.54
,,2015 - 2016,2.12
,,2016 - 2017,2.52
,,2017 - 2018,3.71
,,2018 - 2019,2.67
,,2019 - 2020,4.3
,,2020 - 2021,3.76
,,2021 - 2022,2.79
,,2022 - 2023,2.5
,Medchal,2016 - 2017,3.14
,,2017 - 2018,3.45
,,2018 - 2019,2.48
,,2019 - 2020,4.07
,,2020 - 2021,3.52
,,2021 - 2022,4.56
,,2022 - 2023,1.32
,Mulugu,2018 - 2019,6.8
,,2019 - 2020,6.59
,,2020 - 2021,4.61
,,2021 - 2022,4.78
,,2022 - 2023,3.12
,Nagarkurnool,2016 - 2017,1.09
,,2017 - 2018,2.01
,,2018 - 2019,0.64
,,2019 - 2020,2.56
,,2020 - 2021,2.98
,,2021 - 2022,2.67
,,2022 - 2023,4.43
,Nalgonda,2000 - 2001,2.57
,,2001 - 2002,2.94
,,2002 - 2003,2.31
,,2003 - 2004,3.11
,,2004 - 2005,2.4
,,2005 - 2006,3.49
,,2006 - 2007,2.34
,,2007 - 2008,1.67
,,2008 - 2009,1.48
,,2009 - 2010,1.55
,,2010 - 2011,2.45
,,2011 - 2012,1.74
,,2012 - 2013,1.33
,,2013 - 2014,1.23
,,2014 - 2015,0.75
,,2015 - 2016,0.7
,,2016 - 2017,1.89
,,2017 - 2018,3.45
,,2018 - 2019,3.07
,,2019 - 2020,4.87
,,2020 - 2021,4.45
,,2021 - 2022,4.56
,,2022 - 2023,4.56
,Narayanapet,2018 - 2019,1.2
,,2019 - 2020,4.84
,,2020 - 2021,6.0
,,2021 - 2022,4.56
,,2022 - 2023,4.56
,Nirmal,2016 - 2017,3.46
,,2017 - 2018,5.72
,,2018 - 2019,6.11
,,2019 - 2020,8.19
,,2020 - 2021,6.7
,,2021 - 2022,6.3
,,2022 - 2023,4.7
,Nizamabad,2000 - 2001,4.03
,,2001 - 2002,3.93
,,2002 - 2003,3.35
,,2003 - 2004,3.74
,,2004 - 2005,3.52
,,2005 - 2006,3.96
,,2006 - 2007,2.56
,,2007 - 2008,5.36
,,2008 - 2009,4.49
,,2009 - 2010,3.26
,,2010 - 2011,5.06
,,2011 - 2012,5.06
,,2012 - 2013,6.16
,,2013 - 2014,4.97
,,2014 - 2015,4.9
,,2015 - 2016,4.44
,,2016 - 2017,5.27
,,2017 - 2018,5.03
,,2018 - 2019,5.7
,,2019 - 2020,6.41
,,2020 - 2021,5.51
,,2021 - 2022,6.44
,,2022 - 2023,5.9
,Peddapalli,2016 - 2017,4.54
,,2017 - 2018,6.92
,,2018 - 2019,6.61
,,2019 - 2020,8.28
,,2020 - 2021,4.87
,,2021 - 2022,4.76
,,2022 - 2023,6.07
,Rajanna,2016 - 2017,4.54
,,2017 - 2018,2.85
,,2018 - 2019,5.15
,,2019 - 2020,7.03
,,2020 - 2021,5.41
,,2021 - 2022,4.57
,,2022 - 2023,5.61
,Rangareddi,2000 - 2001,1.96
,,2001 - 2002,2.03
,,2002 - 2003,2.62
,,2003 - 2004,4.23
,,2004 - 2005,2.62
,,2005 - 2006,3.58
,,2006 - 2007,2.78
,,2007 - 2008,4.42
,,2008 - 2009,2.47
,,2009 - 2010,1.84
,,2010 - 2011,1.93
,,2011 - 2012,1.73
,,2012 - 2013,3.83
,,2013 - 2014,3.46
,,2014 - 2015,2.88
,,2015 - 2016,3.79
,,2016 - 2017,3.14
,,2017 - 2018,2.16
,,2018 - 2019,0.71
,,2019 - 2020,3.32
,,2020 - 2021,3.24
,,2021 - 2022,3.58
,,2022 - 2023,3.47
,Sangareddy,2016 - 2017,2.52
,,2017 - 2018,3.55
,,2018 - 2019,3.15
,,2019 - 2020,4.49
,,2020 - 2021,3.65
,,2021 - 2022,3.45
,,2022 - 2023,3.95
,Siddipet,2016 - 2017,2.52
,,2017 - 2018,2.88
,,2018 - 2019,2.59
,,2019 - 2020,4.31
,,2020 - 2021,4.48
,,2021 - 2022,3.82
,,2022 - 2023,5.06
,Suryapet,2016 - 2017,1.88
,,2017 - 2018,3.47
,,2018 - 2019,3.12
,,2019 - 2020,4.82
,,2020 - 2021,4.65
,,2021 - 2022,4.55
,,2022 - 2023,4.6
,Vikarabad,2016 - 2017,3.14
,,2017 - 2018,3.17
,,2018 - 2019,3.25
,,2019 - 2020,5.2
,,2020 - 2021,4.39
,,2021 - 2022,4.54
,,2022 - 2023,4.24
,Wanaparthy,2016 - 2017,1.09
,,2017 - 2018,3.17
,,2018 - 2019,2.95
,,2019 - 2020,5.25
,,2020 - 2021,3.61
,,2021 - 2022,3.93
,,2022 - 2023,4.94
,Warangal,2000 - 2001,2.27
,,2001 - 2002,3.01
,,2002 - 2003,2.35
,,2003 - 2004,3.55
,,2004 - 2005,3.65
,,2005 - 2006,3.85
,,2006 - 2007,2.98
,,2007 - 2008,4.22
,,2008 - 2009,3.69
,,2009 - 2010,2.15
,,2010 - 2011,2.78
,,2011 - 2012,4.06
,,2012 - 2013,4.1
,,2013 - 2014,4.8
,,2014 - 2015,3.99
,,2015 - 2016,3.66
,,2016 - 2017,4.25
,,2017 - 2018,6.97
,,2018 - 2019,6.42
,,2019 - 2020,5.8
,,2020 - 2021,4.0
,,2021 - 2022,6.38
,,2022 - 2023,5.45
,Warangal urban,2016 - 2017,4.25
,,2017 - 2018,5.53
,,2018 - 2019,4.3
,,2019 - 2020,5.48
,,2020 - 2021,6.98
,,2021 - 2022,5.72
,,2022 - 2023,5.29
,Yadadri,2016 - 2017,1.89
,,2017 - 2018,2.95
,,2018 - 2019,2.11
,,2019 - 2020,2.13
,,2020 - 2021,4.7
,,2021 - 2022,4.55
,,2022 - 2023,4.56
Tripura,Dhalai,2000 - 2001,1.03
,,2001 - 2002,1.05
,,2002 - 2003,0.99
,,2003 - 2004,1.03
,,2004 - 2005,1.15
,,2005 - 2006,1.01
,,2006 - 2007,1.07
,,2007 - 2008,0.98
,,2008 - 2009,0.99
,,2009 - 2010,1.06
,,2010 - 2011,1.35
,,2011 - 2012,1.2
,,2012 - 2013,1.34
,,2013 - 2014,1.17
,,2014 - 2015,1.18
,,2015 - 2016,1.27
,,2016 - 2017,1.26
,,2017 - 2018,1.3
,,2018 - 2019,1.26
,,2019 - 2020,1.37
,,2020 - 2021,1.49
,,2021 - 2022,1.84
,,2022 - 2023,2.07
,Gomati,2012 - 2013,1.34
,,2013 - 2014,1.13
,,2014 - 2015,1.27
,,2015 - 2016,1.42
,,2016 - 2017,1.42
,,2017 - 2018,1.49
,,2018 - 2019,1.29
,,2019 - 2020,1.5
,,2020 - 2021,1.61
,,2021 - 2022,1.84
,,2022 - 2023,1.86
,Khowai,2012 - 2013,1.32
,,2013 - 2014,1.54
,,2014 - 2015,1.48
,,2015 - 2016,1.39
,,2016 - 2017,1.39
,,2017 - 2018,1.44
,,2018 - 2019,1.24
,,2019 - 2020,1.31
,,2020 - 2021,1.83
,,2021 - 2022,1.82
,,2022 - 2023,1.91
,North tripura,2000 - 2001,0.98
,,2001 - 2002,0.96
,,2002 - 2003,0.91
,,2003 - 2004,0.93
,,2004 - 2005,1.18
,,2005 - 2006,1.0
,,2006 - 2007,1.01
,,2007 - 2008,1.01
,,2008 - 2009,1.07
,,2009 - 2010,1.02
,,2010 - 2011,1.4
,,2011 - 2012,1.24
,,2012 - 2013,1.26
,,2013 - 2014,1.3
,,2014 - 2015,1.39
,,2015 - 2016,1.36
,,2016 - 2017,1.33
,,2017 - 2018,1.29
,,2018 - 2019,1.26
,,2019 - 2020,1.47
,,2020 - 2021,1.72
,,2021 - 2022,1.77
,,2022 - 2023,1.78
,Sepahijala,2012 - 2013,1.19
,,2013 - 2014,1.19
,,2014 - 2015,1.23
,,2015 - 2016,1.46
,,2016 - 2017,1.52
,,2017 - 2018,1.48
,,2018 - 2019,1.48
,,2019 - 2020,1.51
,,2020 - 2021,2.04
,,2021 - 2022,2.02
,,2022 - 2023,2.13
,South tripura,2000 - 2001,1.02
,,2001 - 2002,1.01
,,2002 - 2003,0.97
,,2003 - 2004,0.98
,,2004 - 2005,0.98
,,2005 - 2006,0.98
,,2006 - 2007,1.01
,,2007 - 2008,1.06
,,2008 - 2009,0.97
,,2009 - 2010,1.02
,,2010 - 2011,1.27
,,2011 - 2012,1.17
,,2012 - 2013,1.24
,,2013 - 2014,1.15
,,2014 - 2015,1.3
,,2015 - 2016,1.47
,,2016 - 2017,1.47
,,2017 - 2018,1.52
,,2018 - 2019,1.37
,,2019 - 2020,1.46
,,2020 - 2021,2.03
,,2021 - 2022,1.87
,,2022 - 2023,2.13
,Unakoti,2012 - 2013,1.44
,,2013 - 2014,1.25
,,2014 - 2015,1.28
,,2015 - 2016,1.36
,,2016 - 2017,1.35
,,2017 - 2018,1.5
,,2018 - 2019,1.26
,,2019 - 2020,1.35
,,2020 - 2021,1.71
,,2021 - 2022,1.95
,,2022 - 2023,1.97
,West tripura,2000 - 2001,0.97
,,2001 - 2002,0.94
,,2002 - 2003,0.94
,,2003 - 2004,0.89
,,2004 - 2005,0.9
,,2005 - 2006,0.94
,,2006 - 2007,0.88
,,2007 - 2008,0.93
,,2008 - 2009,0.93
,,2009 - 2010,0.9
,,2010 - 2011,1.31
,,2011 - 2012,1.74
,,2012 - 2013,1.41
,,2013 - 2014,1.62
,,2014 - 2015,1.34
,,2015 - 2016,1.35
,,2016 - 2017,1.33
,,2017 - 2018,1.4
,,2018 - 2019,1.3
,,2019 - 2020,1.39
,,2020 - 2021,1.42
,,2021 - 2022,1.78
,,2022 - 2023,1.83
Uttar Pradesh,Agra,2000 - 2001,1.99
,,2001 - 2002,1.95
,,2002 - 2003,1.18
,,2003 - 2004,1.73
,,2004 - 2005,2.06
,,2005 - 2006,1.8
,,2006 - 2007,1.82
,,2007 - 2008,2.27
,,2008 - 2009,2.34
,,2009 - 2010,1.85
,,2010 - 2011,2.14
,,2011 - 2012,2.51
,,2012 - 2013,2.79
,,2013 - 2014,2.71
,,2014 - 2015,2.6
,,2015 - 2016,2.85
,,2016 - 2017,2.98
,,2017 - 2018,3.08
,,2018 - 2019,3.29
,,2019 - 2020,3.52
,,2020 - 2021,3.68
,,2021 - 2022,3.25
,,2022 - 2023,2.14
,Aligarh,2000 - 2001,2.13
,,2001 - 2002,2.03
,,2002 - 2003,0.97
,,2003 - 2004,1.65
,,2004 - 2005,1.9
,,2005 - 2006,1.55
,,2006 - 2007,1.59
,,2007 - 2008,1.97
,,2008 - 2009,2.54
,,2009 - 2010,1.81
,,2010 - 2011,2.03
,,2011 - 2012,1.99
,,2012 - 2013,2.68
,,2013 - 2014,3.11
,,2014 - 2015,2.14
,,2015 - 2016,2.38
,,2016 - 2017,2.35
,,2017 - 2018,2.71
,,2018 - 2019,2.42
,,2019 - 2020,2.58
,,2020 - 2021,2.44
,,2021 - 2022,2.44
,,2022 - 2023,2.41
,Allahabad,2000 - 2001,2.12
,,2001 - 2002,1.93
,,2002 - 2003,1.38
,,2003 - 2004,1.14
,,2004 - 2005,0.85
,,2005 - 2006,1.28
,,2006 - 2007,1.33
,,2007 - 2008,1.43
,,2008 - 2009,1.5
,,2009 - 2010,1.46
,,2010 - 2011,1.76
,,2011 - 2012,1.0
,,2012 - 2013,1.14
,,2013 - 2014,1.08
,,2014 - 2015,1.78
,,2015 - 2016,0.73
,,2016 - 2017,1.88
,,2017 - 2018,2.19
,,2018 - 2019,1.75
,,2019 - 2020,1.83
,,2020 - 2021,2.31
,,2021 - 2022,2.12
,,2022 - 2023,2.85
,Ambedkar nagar,2000 - 2001,1.4
,,2001 - 2002,1.59
,,2002 - 2003,1.13
,,2003 - 2004,1.39
,,2004 - 2005,1.77
,,2005 - 2006,1.32
,,2006 - 2007,0.94
,,2007 - 2008,1.01
,,2008 - 2009,0.37
,,2009 - 2010,0.95
,,2010 - 2011,0.95
,,2011 - 2012,1.0
,,2012 - 2013,1.04
,,2013 - 2014,0.66
,,2014 - 2015,0.73
,,2015 - 2016,0.5
,,2016 - 2017,0.64
,,2017 - 2018,1.69
,,2018 - 2019,1.63
,,2019 - 2020,1.19
,,2020 - 2021,1.74
,,2021 - 2022,1.51
,,2022 - 2023,1.46
,Amethi,2010 - 2011,1.09
,,2011 - 2012,0.99
,,2012 - 2013,1.04
,,2013 - 2014,0.67
,,2014 - 2015,0.73
,,2015 - 2016,0.49
,,2016 - 2017,0.64
,,2017 - 2018,1.69
,,2018 - 2019,1.63
,,2019 - 2020,1.19
,,2020 - 2021,1.75
,,2021 - 2022,1.52
,,2022 - 2023,1.46
,Amroha,2000 - 2001,1.31
,,2001 - 2002,1.5
,,2002 - 2003,1.17
,,2003 - 2004,0.74
,,2004 - 2005,1.18
,,2005 - 2006,1.06
,,2006 - 2007,0.96
,,2007 - 2008,1.33
,,2008 - 2009,1.31
,,2009 - 2010,1.49
,,2010 - 2011,1.15
,,2011 - 2012,1.43
,,2012 - 2013,0.9
,,2013 - 2014,1.2
,,2014 - 2015,1.36
,,2015 - 2016,1.94
,,2016 - 2017,1.79
,,2017 - 2018,1.66
,,2018 - 2019,1.72
,,2019 - 2020,1.82
,,2020 - 2021,2.35
,,2021 - 2022,2.35
,,2022 - 2023,2.44
,Auraiya,2000 - 2001,2.44
,,2001 - 2002,2.12
,,2002 - 2003,1.82
,,2003 - 2004,1.84
,,2004 - 2005,2.02
,,2005 - 2006,1.44
,,2006 - 2007,1.95
,,2007 - 2008,2.18
,,2008 - 2009,2.41
,,2009 - 2010,1.95
,,2010 - 2011,2.03
,,2011 - 2012,2.03
,,2012 - 2013,2.6
,,2013 - 2014,2.56
,,2014 - 2015,2.41
,,2015 - 2016,2.63
,,2016 - 2017,2.63
,,2017 - 2018,2.68
,,2018 - 2019,2.6
,,2019 - 2020,2.73
,,2020 - 2021,3.2
,,2021 - 2022,3.2
,,2022 - 2023,2.9
,Azamgarh,2000 - 2001,1.65
,,2001 - 2002,1.79
,,2002 - 2003,1.18
,,2003 - 2004,1.27
,,2004 - 2005,1.87
,,2005 - 2006,1.19
,,2006 - 2007,1.53
,,2007 - 2008,1.6
,,2008 - 2009,0.97
,,2009 - 2010,1.62
,,2010 - 2011,1.5
,,2011 - 2012,1.69
,,2012 - 2013,1.79
,,2013 - 2014,1.97
,,2014 - 2015,1.9
,,2015 - 2016,1.69
,,2016 - 2017,1.63
,,2017 - 2018,1.62
,,2018 - 2019,2.31
,,2019 - 2020,1.64
,,2020 - 2021,1.77
,,2021 - 2022,1.77
,,2022 - 2023,1.96
,Baghpat,2000 - 2001,2.08
,,2001 - 2002,2.4
,,2002 - 2003,1.24
,,2003 - 2004,1.36
,,2004 - 2005,1.1
,,2005 - 2006,1.55
,,2006 - 2007,1.88
,,2007 - 2008,1.92
,,2008 - 2009,2.21
,,2009 - 2010,1.89
,,2011 - 2012,2.17
,,2013 - 2014,2.41
,,2014 - 2015,2.35
,,2015 - 2016,2.43
,,2016 - 2017,2.38
,,2017 - 2018,2.56
,,2018 - 2019,2.56
,,2019 - 2020,2.46
,,2020 - 2021,2.64
,,2021 - 2022,2.64
,,2022 - 2023,2.46
,Bahraich,2000 - 2001,0.89
,,2001 - 2002,1.18
,,2002 - 2003,1.23
,,2003 - 2004,1.22
,,2004 - 2005,1.32
,,2005 - 2006,1.13
,,2006 - 2007,1.08
,,2007 - 2008,1.12
,,2008 - 2009,1.0
,,2009 - 2010,1.12
,,2010 - 2011,1.14
,,2011 - 2012,1.21
,,2012 - 2013,1.3
,,2013 - 2014,1.39
,,2014 - 2015,1.28
,,2015 - 2016,1.17
,,2016 - 2017,1.41
,,2017 - 2018,1.73
,,2018 - 2019,1.34
,,2019 - 2020,1.53
,,2020 - 2021,1.45
,,2021 - 2022,1.4
,,2022 - 2023,1.54
,Ballia,2000 - 2001,1.59
,,2001 - 2002,1.31
,,2002 - 2003,1.43
,,2003 - 2004,0.67
,,2004 - 2005,1.05
,,2005 - 2006,0.77
,,2006 - 2007,0.89
,,2007 - 2008,0.7
,,2008 - 2009,0.12
,,2009 - 2010,1.35
,,2010 - 2011,1.5
,,2011 - 2012,1.69
,,2012 - 2013,1.77
,,2013 - 2014,1.28
,,2014 - 2015,1.48
,,2015 - 2016,1.1
,,2016 - 2017,0.9
,,2017 - 2018,1.9
,,2018 - 2019,1.99
,,2019 - 2020,1.26
,,2020 - 2021,1.09
,,2021 - 2022,1.01
,,2022 - 2023,1.13
,Balrampur,2000 - 2001,0.76
,,2001 - 2002,0.79
,,2002 - 2003,0.74
,,2003 - 2004,0.91
,,2004 - 2005,0.62
,,2005 - 2006,0.96
,,2006 - 2007,0.93
,,2007 - 2008,1.01
,,2008 - 2009,0.81
,,2009 - 2010,1.04
,,2010 - 2011,1.04
,,2011 - 2012,1.05
,,2012 - 2013,1.18
,,2013 - 2014,1.23
,,2014 - 2015,1.19
,,2015 - 2016,0.26
,,2016 - 2017,1.29
,,2017 - 2018,1.5
,,2018 - 2019,1.26
,,2019 - 2020,1.37
,,2020 - 2021,1.29
,,2021 - 2022,1.25
,,2022 - 2023,1.54
,Banda,2000 - 2001,0.78
,,2001 - 2002,1.0
,,2002 - 2003,0.5
,,2003 - 2004,1.25
,,2004 - 2005,1.57
,,2005 - 2006,1.0
,,2006 - 2007,1.3
,,2007 - 2008,1.41
,,2008 - 2009,1.5
,,2009 - 2010,1.5
,,2010 - 2011,1.46
,,2011 - 2012,1.17
,,2012 - 2013,1.78
,,2013 - 2014,1.75
,,2014 - 2015,1.67
,,2015 - 2016,2.0
,,2017 - 2018,2.22
,,2018 - 2019,2.0
,,2019 - 2020,2.5
,,2020 - 2021,2.25
,,2022 - 2023,2.0
,Barabanki,2000 - 2001,1.4
,,2001 - 2002,1.69
,,2002 - 2003,0.84
,,2003 - 2004,0.63
,,2004 - 2005,1.51
,,2005 - 2006,1.14
,,2006 - 2007,0.64
,,2007 - 2008,0.64
,,2008 - 2009,0.0
,,2009 - 2010,0.49
,,2010 - 2011,0.9
,,2011 - 2012,0.84
,,2012 - 2013,0.63
,,2013 - 2014,0.99
,,2014 - 2015,0.73
,,2015 - 2016,0.5
,,2016 - 2017,0.64
,,2017 - 2018,1.69
,,2018 - 2019,1.63
,,2019 - 2020,1.19
,,2020 - 2021,1.74
,,2021 - 2022,1.52
,,2022 - 2023,0.88
,Bareilly,2000 - 2001,1.84
,,2001 - 2002,1.47
,,2002 - 2003,1.06
,,2003 - 2004,1.91
,,2004 - 2005,1.53
,,2005 - 2006,1.49
,,2006 - 2007,1.69
,,2007 - 2008,1.65
,,2008 - 2009,1.93
,,2009 - 2010,1.87
,,2010 - 2011,1.63
,,2011 - 2012,1.9
,,2012 - 2013,2.1
,,2013 - 2014,2.03
,,2014 - 2015,1.96
,,2015 - 2016,1.72
,,2016 - 2017,2.09
,,2017 - 2018,2.21
,,2018 - 2019,2.05
,,2019 - 2020,2.25
,,2020 - 2021,3.18
,,2021 - 2022,3.17
,,2022 - 2023,2.25
,Basti,2000 - 2001,0.45
,,2001 - 2002,0.72
,,2002 - 2003,0.87
,,2003 - 2004,1.01
,,2004 - 2005,1.54
,,2005 - 2006,1.28
,,2006 - 2007,1.33
,,2007 - 2008,1.44
,,2008 - 2009,1.5
,,2009 - 2010,1.45
,,2010 - 2011,1.15
,,2011 - 2012,1.76
,,2012 - 2013,1.85
,,2013 - 2014,1.84
,,2014 - 2015,1.78
,,2015 - 2016,1.85
,,2016 - 2017,0.9
,,2017 - 2018,0.88
,,2018 - 2019,0.77
,,2019 - 2020,0.7
,,2020 - 2021,0.64
,,2021 - 2022,0.64
,,2022 - 2023,2.14
,Bijnor,2000 - 2001,1.31
,,2001 - 2002,1.53
,,2002 - 2003,1.13
,,2003 - 2004,1.0
,,2004 - 2005,1.16
,,2005 - 2006,1.0
,,2006 - 2007,0.97
,,2007 - 2008,1.33
,,2008 - 2009,
,,2009 - 2010,1.5
,,2010 - 2011,1.25
,,2011 - 2012,
,,2012 - 2013,
,,2013 - 2014,1.58
,,2014 - 2015,1.8
,,2015 - 2016,2.0
,,2016 - 2017,2.13
,,2017 - 2018,
,,2018 - 2019,2.14
,,2019 - 2020,1.6
,,2020 - 2021,3.0
,,2022 - 2023,
,Budaun,2000 - 2001,1.65
,,2001 - 2002,1.52
,,2002 - 2003,1.04
,,2003 - 2004,2.02
,,2004 - 2005,1.52
,,2005 - 2006,1.51
,,2006 - 2007,1.64
,,2007 - 2008,1.67
,,2008 - 2009,1.92
,,2009 - 2010,1.87
,,2010 - 2011,1.92
,,2011 - 2012,1.98
,,2012 - 2013,2.13
,,2013 - 2014,2.18
,,2014 - 2015,2.17
,,2015 - 2016,1.81
,,2016 - 2017,2.15
,,2017 - 2018,2.24
,,2018 - 2019,2.27
,,2019 - 2020,2.27
,,2020 - 2021,3.38
,,2021 - 2022,3.38
,,2022 - 2023,2.25
,Bulandshahr,2000 - 2001,2.21
,,2001 - 2002,2.43
,,2002 - 2003,1.28
,,2003 - 2004,1.95
,,2004 - 2005,1.76
,,2005 - 2006,1.6
,,2006 - 2007,1.88
,,2007 - 2008,1.97
,,2008 - 2009,2.17
,,2009 - 2010,1.9
,,2010 - 2011,2.09
,,2011 - 2012,2.2
,,2012 - 2013,2.37
,,2013 - 2014,2.39
,,2014 - 2015,2.36
,,2015 - 2016,2.46
,,2016 - 2017,2.34
,,2017 - 2018,2.51
,,2018 - 2019,2.55
,,2019 - 2020,2.49
,,2020 - 2021,2.63
,,2021 - 2022,2.63
,,2022 - 2023,2.44
,Chandauli,2000 - 2001,1.4
,,2001 - 2002,1.67
,,2002 - 2003,1.31
,,2003 - 2004,1.65
,,2004 - 2005,2.05
,,2005 - 2006,1.45
,,2006 - 2007,1.32
,,2007 - 2008,1.41
,,2008 - 2009,1.31
,,2009 - 2010,1.46
,,2010 - 2011,1.47
,,2011 - 2012,1.46
,,2012 - 2013,1.79
,,2013 - 2014,1.59
,,2014 - 2015,1.6
,,2015 - 2016,1.42
,,2016 - 2017,1.54
,,2017 - 2018,1.54
,,2018 - 2019,1.72
,,2019 - 2020,2.18
,,2020 - 2021,1.58
,,2021 - 2022,1.56
,,2022 - 2023,2.65
,Chitrakoot,2000 - 2001,1.85
,,2001 - 2002,1.1
,,2002 - 2003,0.3
,,2003 - 2004,1.19
,,2004 - 2005,1.55
,,2005 - 2006,1.28
,,2006 - 2007,1.3
,,2007 - 2008,1.5
,,2008 - 2009,1.57
,,2009 - 2010,1.43
,,2010 - 2011,1.47
,,2011 - 2012,1.08
,,2012 - 2013,1.85
,,2013 - 2014,1.81
,,2014 - 2015,1.79
,,2015 - 2016,1.85
,,2016 - 2017,2.0
,,2017 - 2018,2.2
,,2018 - 2019,2.0
,,2019 - 2020,2.4
,,2020 - 2021,2.2
,,2021 - 2022,2.0
,,2022 - 2023,2.25
,Deoria,2000 - 2001,1.46
,,2001 - 2002,0.76
,,2002 - 2003,0.99
,,2003 - 2004,0.62
,,2004 - 2005,1.03
,,2005 - 2006,1.76
,,2006 - 2007,1.35
,,2007 - 2008,0.35
,,2008 - 2009,0.78
,,2009 - 2010,1.0
,,2010 - 2011,1.28
,,2011 - 2012,1.89
,,2012 - 2013,2.26
,,2013 - 2014,2.1
,,2014 - 2015,2.08
,,2015 - 2016,2.16
,,2016 - 2017,2.6
,,2017 - 2018,2.14
,,2018 - 2019,2.19
,,2019 - 2020,2.27
,,2020 - 2021,0.69
,,2021 - 2022,0.64
,,2022 - 2023,1.28
,Etah,2000 - 2001,1.92
,,2001 - 2002,1.76
,,2002 - 2003,1.09
,,2003 - 2004,1.31
,,2004 - 2005,1.74
,,2005 - 2006,1.9
,,2006 - 2007,1.94
,,2007 - 2008,1.98
,,2008 - 2009,2.1
,,2009 - 2010,2.05
,,2010 - 2011,1.89
,,2011 - 2012,2.52
,,2012 - 2013,2.79
,,2013 - 2014,2.89
,,2014 - 2015,3.18
,,2015 - 2016,2.77
,,2016 - 2017,2.43
,,2017 - 2018,2.47
,,2018 - 2019,2.74
,,2019 - 2020,4.77
,,2020 - 2021,4.21
,,2021 - 2022,4.13
,,2022 - 2023,3.39
,Etawah,2000 - 2001,2.39
,,2001 - 2002,2.01
,,2002 - 2003,1.68
,,2003 - 2004,2.03
,,2004 - 2005,2.09
,,2005 - 2006,1.6
,,2006 - 2007,1.7
,,2007 - 2008,1.92
,,2008 - 2009,1.88
,,2009 - 2010,2.05
,,2010 - 2011,1.92
,,2011 - 2012,1.96
,,2012 - 2013,2.69
,,2013 - 2014,2.78
,,2014 - 2015,2.67
,,2015 - 2016,2.58
,,2016 - 2017,2.75
,,2017 - 2018,3.61
,,2018 - 2019,2.56
,,2019 - 2020,2.81
,,2020 - 2021,3.18
,,2021 - 2022,3.14
,,2022 - 2023,2.88
,Faizabad,2000 - 2001,1.4
,,2001 - 2002,1.59
,,2002 - 2003,1.13
,,2003 - 2004,1.39
,,2004 - 2005,1.77
,,2005 - 2006,1.32
,,2006 - 2007,0.94
,,2007 - 2008,1.01
,,2008 - 2009,0.37
,,2009 - 2010,0.95
,,2010 - 2011,0.95
,,2011 - 2012,0.99
,,2012 - 2013,1.04
,,2013 - 2014,0.67
,,2014 - 2015,0.73
,,2015 - 2016,0.49
,,2016 - 2017,0.64
,,2017 - 2018,1.69
,,2018 - 2019,1.63
,,2019 - 2020,1.19
,,2020 - 2021,1.74
,,2021 - 2022,1.51
,,2022 - 2023,2.95
,Farrukhabad,2000 - 2001,2.16
,,2001 - 2002,1.95
,,2002 - 2003,1.35
,,2003 - 2004,1.57
,,2004 - 2005,2.13
,,2005 - 2006,1.56
,,2006 - 2007,1.42
,,2007 - 2008,1.78
,,2008 - 2009,2.62
,,2009 - 2010,1.9
,,2010 - 2011,1.85
,,2011 - 2012,2.29
,,2012 - 2013,2.76
,,2013 - 2014,2.36
,,2014 - 2015,1.93
,,2015 - 2016,2.1
,,2016 - 2017,2.26
,,2017 - 2018,3.46
,,2018 - 2019,3.56
,,2019 - 2020,4.04
,,2020 - 2021,3.69
,,2021 - 2022,3.19
,,2022 - 2023,2.93
,Fatehpur,2000 - 2001,2.12
,,2001 - 2002,1.93
,,2002 - 2003,1.38
,,2003 - 2004,1.14
,,2004 - 2005,0.85
,,2005 - 2006,1.28
,,2006 - 2007,1.33
,,2007 - 2008,1.43
,,2008 - 2009,1.5
,,2009 - 2010,1.46
,,2010 - 2011,1.76
,,2011 - 2012,1.0
,,2012 - 2013,1.14
,,2013 - 2014,1.08
,,2014 - 2015,1.78
,,2015 - 2016,0.73
,,2016 - 2017,1.88
,,2017 - 2018,2.19
,,2018 - 2019,1.75
,,2019 - 2020,1.83
,,2020 - 2021,2.31
,,2021 - 2022,2.12
,,2022 - 2023,2.85
,Firozabad,2000 - 2001,1.99
,,2001 - 2002,2.46
,,2002 - 2003,1.05
,,2003 - 2004,1.76
,,2004 - 2005,2.79
,,2005 - 2006,1.97
,,2006 - 2007,2.4
,,2007 - 2008,2.57
,,2008 - 2009,2.76
,,2009 - 2010,2.51
,,2010 - 2011,2.46
,,2011 - 2012,2.87
,,2012 - 2013,2.65
,,2013 - 2014,3.16
,,2014 - 2015,2.72
,,2015 - 2016,2.69
,,2016 - 2017,2.85
,,2017 - 2018,2.87
,,2018 - 2019,2.67
,,2019 - 2020,3.16
,,2020 - 2021,3.03
,,2021 - 2022,3.03
,,2022 - 2023,2.14
,Gautam buddha nagar,2000 - 2001,1.83
,,2001 - 2002,2.22
,,2002 - 2003,1.01
,,2003 - 2004,1.48
,,2004 - 2005,1.67
,,2005 - 2006,1.11
,,2006 - 2007,1.88
,,2007 - 2008,1.97
,,2008 - 2009,2.2
,,2009 - 2010,1.9
,,2010 - 2011,1.96
,,2011 - 2012,2.16
,,2012 - 2013,2.37
,,2013 - 2014,2.39
,,2014 - 2015,1.7
,,2015 - 2016,2.42
,,2016 - 2017,0.54
,,2017 - 2018,1.63
,,2018 - 2019,2.55
,,2019 - 2020,2.48
,,2020 - 2021,2.61
,,2021 - 2022,2.61
,,2022 - 2023,2.44
,Ghaziabad,2000 - 2001,1.82
,,2001 - 2002,2.14
,,2002 - 2003,0.84
,,2003 - 2004,1.81
,,2004 - 2005,1.61
,,2005 - 2006,1.65
,,2006 - 2007,1.98
,,2007 - 2008,1.97
,,2008 - 2009,2.68
,,2009 - 2010,1.9
,,2010 - 2011,2.56
,,2011 - 2012,2.2
,,2012 - 2013,2.37
,,2013 - 2014,2.39
,,2014 - 2015,2.36
,,2015 - 2016,2.43
,,2016 - 2017,2.33
,,2017 - 2018,2.5
,,2018 - 2019,2.55
,,2019 - 2020,2.48
,,2020 - 2021,2.61
,,2021 - 2022,
,,2022 - 2023,2.44
,Ghazipur,2000 - 2001,1.4
,,2001 - 2002,1.67
,,2002 - 2003,1.3
,,2003 - 2004,1.65
,,2004 - 2005,2.05
,,2005 - 2006,1.46
,,2006 - 2007,1.32
,,2007 - 2008,1.4
,,2008 - 2009,1.32
,,2009 - 2010,1.46
,,2010 - 2011,1.47
,,2011 - 2012,1.46
,,2012 - 2013,1.78
,,2013 - 2014,1.58
,,2014 - 2015,1.59
,,2015 - 2016,1.13
,,2016 - 2017,0.5
,,2017 - 2018,0.99
,,2018 - 2019,1.71
,,2019 - 2020,0.78
,,2020 - 2021,1.56
,,2021 - 2022,1.56
,,2022 - 2023,2.65
,Gonda,2000 - 2001,0.89
,,2001 - 2002,1.29
,,2002 - 2003,0.94
,,2003 - 2004,1.14
,,2004 - 2005,1.06
,,2005 - 2006,0.81
,,2006 - 2007,0.82
,,2007 - 2008,0.9
,,2008 - 2009,0.57
,,2009 - 2010,0.99
,,2010 - 2011,0.97
,,2011 - 2012,1.08
,,2012 - 2013,1.13
,,2013 - 2014,1.13
,,2014 - 2015,1.16
,,2015 - 2016,1.12
,,2016 - 2017,1.2
,,2017 - 2018,1.21
,,2018 - 2019,1.19
,,2019 - 2020,1.23
,,2020 - 2021,1.12
,,2021 - 2022,1.12
,,2022 - 2023,1.59
,Gorakhpur,2000 - 2001,1.46
,,2001 - 2002,1.82
,,2002 - 2003,1.34
,,2003 - 2004,0.9
,,2004 - 2005,1.24
,,2005 - 2006,1.66
,,2006 - 2007,1.25
,,2007 - 2008,0.51
,,2008 - 2009,0.0
,,2009 - 2010,1.0
,,2010 - 2011,0.41
,,2011 - 2012,1.07
,,2012 - 2013,1.31
,,2013 - 2014,0.95
,,2014 - 2015,1.55
,,2015 - 2016,1.35
,,2016 - 2017,1.2
,,2017 - 2018,0.46
,,2018 - 2019,0.96
,,2019 - 2020,0.98
,,2020 - 2021,0.22
,,2021 - 2022,0.22
,,2022 - 2023,1.0
,Hamirpur,2000 - 2001,1.67
,,2001 - 2002,1.0
,,2003 - 2004,1.0
,,2004 - 2005,1.5
,,2007 - 2008,1.4
,,2010 - 2011,1.0
,,2011 - 2012,1.17
,,2013 - 2014,2.0
,,2015 - 2016,1.86
,,2016 - 2017,1.86
,,2017 - 2018,
,,2018 - 2019,2.07
,,2019 - 2020,2.5
,,2020 - 2021,2.31
,Hapur,2012 - 2013,2.37
,,2013 - 2014,2.39
,,2014 - 2015,2.35
,,2015 - 2016,0.73
,,2016 - 2017,2.33
,,2017 - 2018,2.71
,,2018 - 2019,2.4
,,2019 - 2020,2.32
,,2020 - 2021,2.26
,,2021 - 2022,2.26
,,2022 - 2023,2.44
,Hardoi,2000 - 2001,1.61
,,2001 - 2002,1.52
,,2002 - 2003,0.89
,,2003 - 2004,1.31
,,2004 - 2005,1.75
,,2005 - 2006,1.23
,,2006 - 2007,1.32
,,2007 - 2008,1.48
,,2008 - 2009,1.46
,,2009 - 2010,1.41
,,2010 - 2011,1.12
,,2011 - 2012,1.34
,,2012 - 2013,1.92
,,2013 - 2014,1.92
,,2014 - 2015,1.69
,,2015 - 2016,2.03
,,2016 - 2017,2.44
,,2017 - 2018,2.43
,,2018 - 2019,1.97
,,2019 - 2020,2.37
,,2020 - 2021,2.35
,,2021 - 2022,1.9
,,2022 - 2023,2.4
,Hathras,2000 - 2001,1.99
,,2001 - 2002,1.72
,,2002 - 2003,0.72
,,2003 - 2004,1.78
,,2004 - 2005,1.76
,,2005 - 2006,1.48
,,2006 - 2007,1.8
,,2007 - 2008,1.82
,,2008 - 2009,1.84
,,2009 - 2010,2.08
,,2010 - 2011,2.09
,,2011 - 2012,2.2
,,2012 - 2013,2.15
,,2013 - 2014,2.01
,,2014 - 2015,2.14
,,2015 - 2016,2.17
,,2016 - 2017,1.84
,,2017 - 2018,2.01
,,2018 - 2019,1.74
,,2019 - 2020,2.38
,,2020 - 2021,2.56
,,2021 - 2022,2.56
,,2022 - 2023,2.77
,Jalaun,2000 - 2001,1.25
,,2001 - 2002,0.73
,,2002 - 2003,0.5
,,2003 - 2004,1.46
,,2004 - 2005,0.91
,,2006 - 2007,0.88
,,2007 - 2008,0.56
,,2008 - 2009,1.0
,,2009 - 2010,2.0
,,2010 - 2011,1.91
,,2011 - 2012,1.25
,,2012 - 2013,1.05
,,2013 - 2014,0.59
,,2014 - 2015,1.0
,,2015 - 2016,0.75
,,2017 - 2018,0.8
,,2018 - 2019,1.0
,,2019 - 2020,0.67
,,2020 - 2021,1.09
,,2021 - 2022,1.17
,,2022 - 2023,1.29
,Jaunpur,2000 - 2001,1.86
,,2001 - 2002,1.67
,,2002 - 2003,1.27
,,2003 - 2004,1.63
,,2004 - 2005,2.05
,,2005 - 2006,1.46
,,2006 - 2007,1.32
,,2007 - 2008,1.41
,,2008 - 2009,1.32
,,2009 - 2010,1.46
,,2010 - 2011,1.47
,,2011 - 2012,1.46
,,2012 - 2013,1.77
,,2013 - 2014,1.58
,,2014 - 2015,1.59
,,2015 - 2016,1.43
,,2016 - 2017,1.54
,,2017 - 2018,1.55
,,2018 - 2019,1.71
,,2019 - 2020,2.24
,,2020 - 2021,1.56
,,2021 - 2022,1.56
,,2022 - 2023,2.65
,Jhansi,2000 - 2001,1.23
,,2001 - 2002,0.69
,,2002 - 2003,0.32
,,2003 - 2004,0.19
,,2004 - 2005,0.59
,,2005 - 2006,0.57
,,2006 - 2007,0.53
,,2007 - 2008,0.46
,,2008 - 2009,0.6
,,2009 - 2010,0.3
,,2010 - 2011,0.79
,,2011 - 2012,0.86
,,2012 - 2013,1.03
,,2013 - 2014,0.94
,,2014 - 2015,0.67
,,2015 - 2016,0.88
,,2016 - 2017,0.81
,,2017 - 2018,0.71
,,2018 - 2019,0.74
,,2019 - 2020,0.4
,,2020 - 2021,0.57
,,2021 - 2022,0.57
,,2022 - 2023,1.86
,Kannauj,2000 - 2001,2.45
,,2001 - 2002,1.96
,,2002 - 2003,1.38
,,2003 - 2004,1.3
,,2004 - 2005,1.81
,,2005 - 2006,1.43
,,2006 - 2007,1.57
,,2007 - 2008,1.92
,,2008 - 2009,1.8
,,2009 - 2010,1.46
,,2010 - 2011,2.06
,,2011 - 2012,2.36
,,2012 - 2013,2.16
,,2013 - 2014,2.19
,,2014 - 2015,1.78
,,2015 - 2016,1.83
,,2016 - 2017,1.95
,,2017 - 2018,3.22
,,2018 - 2019,2.54
,,2019 - 2020,5.26
,,2020 - 2021,3.28
,,2021 - 2022,3.05
,,2022 - 2023,2.92
,Kanpur dehat,2002 - 2003,1.12
,,2003 - 2004,0.88
,,2004 - 2005,1.36
,,2005 - 2006,1.21
,,2006 - 2007,1.0
,,2007 - 2008,1.21
,,2008 - 2009,1.1
,,2009 - 2010,1.02
,,2010 - 2011,1.23
,,2011 - 2012,1.54
,,2012 - 2013,1.98
,,2013 - 2014,1.98
,,2014 - 2015,1.61
,,2015 - 2016,2.06
,,2016 - 2017,3.0
,,2017 - 2018,2.75
,,2018 - 2019,2.46
,,2019 - 2020,3.89
,,2020 - 2021,2.91
,,2021 - 2022,2.82
,,2022 - 2023,2.83
,Kanpur nagar,2000 - 2001,1.49
,,2001 - 2002,1.79
,,2002 - 2003,1.23
,,2003 - 2004,1.42
,,2004 - 2005,1.49
,,2005 - 2006,1.04
,,2006 - 2007,1.12
,,2007 - 2008,1.61
,,2008 - 2009,1.72
,,2009 - 2010,1.38
,,2010 - 2011,1.24
,,2011 - 2012,1.36
,,2012 - 2013,1.46
,,2013 - 2014,1.84
,,2014 - 2015,1.18
,,2015 - 2016,2.81
,,2016 - 2017,2.43
,,2017 - 2018,3.64
,,2018 - 2019,2.34
,,2019 - 2020,2.74
,,2020 - 2021,2.72
,,2021 - 2022,2.72
,,2022 - 2023,2.54
,Kasganj,2009 - 2010,2.07
,,2010 - 2011,1.91
,,2011 - 2012,2.72
,,2012 - 2013,2.87
,,2013 - 2014,2.95
,,2014 - 2015,3.37
,,2015 - 2016,2.57
,,2016 - 2017,2.63
,,2017 - 2018,2.72
,,2018 - 2019,2.77
,,2019 - 2020,3.47
,,2020 - 2021,3.47
,,2021 - 2022,3.27
,,2022 - 2023,2.92
,Kaushambi,2000 - 2001,2.12
,,2001 - 2002,1.93
,,2002 - 2003,1.37
,,2003 - 2004,1.14
,,2004 - 2005,0.85
,,2006 - 2007,1.33
,,2007 - 2008,1.44
,,2008 - 2009,1.49
,,2009 - 2010,1.45
,,2010 - 2011,1.76
,,2011 - 2012,1.0
,,2012 - 2013,1.14
,,2013 - 2014,1.08
,,2014 - 2015,1.78
,,2015 - 2016,0.73
,,2016 - 2017,1.87
,,2017 - 2018,2.19
,,2018 - 2019,1.74
,,2019 - 2020,1.83
,,2020 - 2021,2.31
,,2021 - 2022,2.12
,,2022 - 2023,2.85
,Kheri,2000 - 2001,0.73
,,2001 - 2002,0.82
,,2002 - 2003,0.83
,,2003 - 2004,0.82
,,2004 - 2005,0.97
,,2005 - 2006,1.04
,,2006 - 2007,1.05
,,2007 - 2008,0.86
,,2008 - 2009,0.76
,,2009 - 2010,0.8
,,2010 - 2011,0.74
,,2011 - 2012,0.89
,,2012 - 2013,0.99
,,2013 - 2014,1.85
,,2014 - 2015,1.27
,,2015 - 2016,1.19
,,2016 - 2017,1.83
,,2017 - 2018,1.43
,,2018 - 2019,1.31
,,2019 - 2020,1.3
,,2020 - 2021,1.59
,,2021 - 2022,1.53
,,2022 - 2023,1.41
,Kushi nagar,2000 - 2001,1.46
,,2001 - 2002,1.82
,,2002 - 2003,2.33
,,2003 - 2004,1.7
,,2004 - 2005,1.24
,,2005 - 2006,1.38
,,2006 - 2007,0.94
,,2007 - 2008,0.77
,,2008 - 2009,0.93
,,2009 - 2010,1.0
,,2010 - 2011,1.7
,,2011 - 2012,2.12
,,2012 - 2013,2.13
,,2013 - 2014,2.68
,,2014 - 2015,2.43
,,2015 - 2016,2.3
,,2016 - 2017,1.76
,,2017 - 2018,2.84
,,2018 - 2019,2.65
,,2019 - 2020,3.08
,,2020 - 2021,0.71
,,2021 - 2022,0.71
,,2022 - 2023,1.55
,Lalitpur,2000 - 2001,1.9
,,2001 - 2002,1.09
,,2002 - 2003,0.33
,,2003 - 2004,1.27
,,2004 - 2005,0.92
,,2005 - 2006,0.73
,,2006 - 2007,0.94
,,2007 - 2008,0.75
,,2008 - 2009,1.03
,,2009 - 2010,1.74
,,2010 - 2011,1.61
,,2011 - 2012,1.16
,,2012 - 2013,1.31
,,2013 - 2014,0.56
,,2014 - 2015,1.0
,,2015 - 2016,0.69
,,2016 - 2017,1.17
,,2017 - 2018,0.9
,,2018 - 2019,0.85
,,2019 - 2020,0.75
,,2020 - 2021,1.13
,,2021 - 2022,1.13
,,2022 - 2023,1.23
,Lucknow,2000 - 2001,0.81
,,2001 - 2002,0.8
,,2002 - 2003,0.5
,,2003 - 2004,0.78
,,2004 - 2005,1.22
,,2005 - 2006,1.04
,,2006 - 2007,1.1
,,2007 - 2008,1.47
,,2008 - 2009,1.18
,,2009 - 2010,1.2
,,2010 - 2011,1.09
,,2011 - 2012,1.1
,,2012 - 2013,1.45
,,2013 - 2014,1.68
,,2014 - 2015,0.75
,,2015 - 2016,1.16
,,2016 - 2017,1.59
,,2017 - 2018,1.07
,,2018 - 2019,1.44
,,2019 - 2020,1.61
,,2020 - 2021,2.54
,,2021 - 2022,2.22
,,2022 - 2023,0.58
,Maharajganj,2000 - 2001,1.46
,,2001 - 2002,1.82
,,2002 - 2003,1.34
,,2003 - 2004,0.9
,,2004 - 2005,1.25
,,2005 - 2006,1.66
,,2006 - 2007,1.25
,,2007 - 2008,0.51
,,2008 - 2009,0.39
,,2009 - 2010,1.0
,,2010 - 2011,1.17
,,2011 - 2012,1.74
,,2012 - 2013,1.98
,,2013 - 2014,1.97
,,2014 - 2015,2.04
,,2015 - 2016,1.98
,,2016 - 2017,2.0
,,2017 - 2018,1.93
,,2018 - 2019,1.81
,,2019 - 2020,2.16
,,2020 - 2021,0.58
,,2021 - 2022,0.55
,,2022 - 2023,1.29
,Mahoba,2000 - 2001,1.88
,,2001 - 2002,1.13
,,2002 - 2003,0.0
,,2003 - 2004,1.22
,,2004 - 2005,1.54
,,2005 - 2006,1.3
,,2006 - 2007,1.35
,,2008 - 2009,1.4
,,2009 - 2010,1.5
,,2010 - 2011,1.47
,,2011 - 2012,1.17
,,2012 - 2013,1.88
,,2013 - 2014,1.8
,,2014 - 2015,1.78
,,2015 - 2016,1.82
,,2016 - 2017,1.8
,,2017 - 2018,2.19
,,2018 - 2019,2.0
,,2019 - 2020,2.4
,,2020 - 2021,2.4
,,2021 - 2022,2.09
,,2022 - 2023,2.15
,Mainpuri,2000 - 2001,2.14
,,2001 - 2002,2.08
,,2002 - 2003,1.39
,,2003 - 2004,1.79
,,2004 - 2005,2.07
,,2005 - 2006,1.78
,,2006 - 2007,2.01
,,2007 - 2008,2.22
,,2008 - 2009,2.37
,,2009 - 2010,1.77
,,2010 - 2011,2.18
,,2011 - 2012,2.51
,,2012 - 2013,2.69
,,2013 - 2014,2.63
,,2014 - 2015,2.58
,,2015 - 2016,2.88
,,2016 - 2017,3.01
,,2017 - 2018,3.12
,,2018 - 2019,3.41
,,2019 - 2020,3.58
,,2020 - 2021,3.82
,,2021 - 2022,3.29
,,2022 - 2023,2.14
,Mathura,2000 - 2001,1.99
,,2001 - 2002,1.94
,,2002 - 2003,1.18
,,2003 - 2004,1.73
,,2004 - 2005,2.06
,,2005 - 2006,1.8
,,2006 - 2007,1.81
,,2007 - 2008,2.27
,,2008 - 2009,2.34
,,2009 - 2010,1.86
,,2010 - 2011,2.13
,,2011 - 2012,2.52
,,2012 - 2013,2.79
,,2013 - 2014,2.71
,,2014 - 2015,2.6
,,2015 - 2016,2.85
,,2016 - 2017,2.98
,,2017 - 2018,3.08
,,2018 - 2019,3.29
,,2019 - 2020,3.51
,,2020 - 2021,3.68
,,2021 - 2022,3.24
,,2022 - 2023,2.14
,Mau,2000 - 2001,1.65
,,2001 - 2002,1.44
,,2002 - 2003,1.36
,,2003 - 2004,0.82
,,2004 - 2005,1.19
,,2005 - 2006,0.82
,,2006 - 2007,1.04
,,2007 - 2008,0.82
,,2008 - 2009,0.45
,,2009 - 2010,1.51
,,2010 - 2011,1.47
,,2011 - 2012,1.71
,,2012 - 2013,1.77
,,2013 - 2014,1.4
,,2014 - 2015,1.56
,,2015 - 2016,1.2
,,2016 - 2017,1.03
,,2017 - 2018,1.85
,,2018 - 2019,2.06
,,2019 - 2020,1.35
,,2020 - 2021,1.2
,,2021 - 2022,1.15
,,2022 - 2023,1.3
,Meerut,2000 - 2001,2.08
,,2001 - 2002,2.4
,,2002 - 2003,1.33
,,2003 - 2004,1.36
,,2004 - 2005,1.1
,,2005 - 2006,1.56
,,2006 - 2007,1.88
,,2007 - 2008,1.97
,,2008 - 2009,2.2
,,2009 - 2010,1.9
,,2010 - 2011,1.96
,,2011 - 2012,2.16
,,2012 - 2013,2.37
,,2013 - 2014,2.39
,,2014 - 2015,2.35
,,2015 - 2016,2.42
,,2016 - 2017,2.33
,,2017 - 2018,2.5
,,2018 - 2019,1.65
,,2019 - 2020,2.07
,,2020 - 2021,1.98
,,2021 - 2022,1.98
,,2022 - 2023,2.44
,Mirzapur,2000 - 2001,0.96
,,2001 - 2002,0.52
,,2002 - 2003,0.87
,,2003 - 2004,1.14
,,2004 - 2005,0.59
,,2005 - 2006,1.07
,,2006 - 2007,0.63
,,2007 - 2008,0.79
,,2008 - 2009,0.58
,,2009 - 2010,0.68
,,2010 - 2011,0.52
,,2011 - 2012,0.62
,,2012 - 2013,0.96
,,2013 - 2014,0.82
,,2014 - 2015,1.14
,,2015 - 2016,1.49
,,2016 - 2017,0.41
,,2017 - 2018,1.5
,,2018 - 2019,1.41
,,2019 - 2020,0.87
,,2020 - 2021,1.24
,,2021 - 2022,1.24
,,2022 - 2023,1.1
,Moradabad,2000 - 2001,1.31
,,2001 - 2002,1.5
,,2002 - 2003,0.98
,,2003 - 2004,1.55
,,2004 - 2005,1.18
,,2005 - 2006,1.06
,,2006 - 2007,0.96
,,2007 - 2008,1.33
,,2008 - 2009,1.31
,,2009 - 2010,1.49
,,2010 - 2011,1.15
,,2011 - 2012,1.43
,,2012 - 2013,0.9
,,2013 - 2014,1.56
,,2014 - 2015,1.89
,,2015 - 2016,2.13
,,2016 - 2017,2.14
,,2017 - 2018,2.12
,,2018 - 2019,2.13
,,2019 - 2020,1.61
,,2020 - 2021,2.91
,,2021 - 2022,2.81
,,2022 - 2023,2.21
,Muzaffarnagar,2000 - 2001,1.66
,,2001 - 2002,1.72
,,2002 - 2003,1.12
,,2003 - 2004,1.15
,,2004 - 2005,1.47
,,2005 - 2006,1.48
,,2006 - 2007,1.41
,,2007 - 2008,1.27
,,2008 - 2009,1.41
,,2009 - 2010,1.01
,,2010 - 2011,1.32
,,2011 - 2012,1.45
,,2012 - 2013,1.33
,,2013 - 2014,1.21
,,2014 - 2015,1.42
,,2015 - 2016,1.65
,,2016 - 2017,1.56
,,2017 - 2018,1.58
,,2018 - 2019,2.39
,,2019 - 2020,2.56
,,2020 - 2021,2.72
,,2021 - 2022,1.84
,,2022 - 2023,1.84
,Pilibhit,2000 - 2001,1.84
,,2001 - 2002,1.47
,,2002 - 2003,1.06
,,2003 - 2004,1.91
,,2004 - 2005,1.53
,,2005 - 2006,1.5
,,2006 - 2007,1.69
,,2007 - 2008,1.65
,,2008 - 2009,1.93
,,2009 - 2010,1.87
,,2010 - 2011,1.63
,,2011 - 2012,1.91
,,2012 - 2013,2.09
,,2013 - 2014,2.03
,,2014 - 2015,1.96
,,2015 - 2016,1.72
,,2016 - 2017,2.09
,,2017 - 2018,2.21
,,2018 - 2019,2.05
,,2019 - 2020,2.25
,,2020 - 2021,3.18
,,2021 - 2022,3.17
,,2022 - 2023,2.25
,Pratapgarh,2000 - 2001,2.12
,,2001 - 2002,1.93
,,2002 - 2003,1.38
,,2003 - 2004,1.14
,,2004 - 2005,0.85
,,2005 - 2006,1.28
,,2006 - 2007,1.33
,,2007 - 2008,1.44
,,2008 - 2009,1.5
,,2009 - 2010,1.45
,,2010 - 2011,1.76
,,2011 - 2012,1.0
,,2012 - 2013,1.14
,,2013 - 2014,1.08
,,2014 - 2015,1.78
,,2015 - 2016,0.73
,,2016 - 2017,1.88
,,2017 - 2018,2.19
,,2018 - 2019,1.75
,,2019 - 2020,1.83
,,2020 - 2021,2.31
,,2021 - 2022,2.12
,,2022 - 2023,2.85
,Rae bareli,2000 - 2001,0.81
,,2001 - 2002,1.61
,,2002 - 2003,1.04
,,2003 - 2004,1.37
,,2004 - 2005,1.41
,,2005 - 2006,0.88
,,2006 - 2007,1.28
,,2007 - 2008,0.87
,,2008 - 2009,1.18
,,2009 - 2010,1.2
,,2010 - 2011,1.09
,,2011 - 2012,1.1
,,2012 - 2013,1.45
,,2013 - 2014,1.69
,,2014 - 2015,1.43
,,2015 - 2016,1.69
,,2016 - 2017,1.9
,,2017 - 2018,2.07
,,2018 - 2019,1.79
,,2019 - 2020,1.96
,,2020 - 2021,2.02
,,2021 - 2022,1.7
,,2022 - 2023,1.96
,Rampur,2000 - 2001,1.31
,,2001 - 2002,1.51
,,2002 - 2003,1.11
,,2003 - 2004,0.09
,,2004 - 2005,1.18
,,2005 - 2006,1.06
,,2006 - 2007,0.96
,,2007 - 2008,1.33
,,2008 - 2009,1.31
,,2009 - 2010,1.49
,,2010 - 2011,1.16
,,2011 - 2012,1.43
,,2012 - 2013,0.89
,,2013 - 2014,1.55
,,2014 - 2015,1.89
,,2015 - 2016,2.14
,,2016 - 2017,2.15
,,2017 - 2018,2.1
,,2018 - 2019,2.17
,,2019 - 2020,1.6
,,2020 - 2021,2.91
,,2021 - 2022,2.81
,,2022 - 2023,2.82
,Saharanpur,2000 - 2001,1.51
,,2001 - 2002,1.72
,,2002 - 2003,1.12
,,2003 - 2004,1.15
,,2004 - 2005,1.47
,,2005 - 2006,1.48
,,2006 - 2007,1.41
,,2007 - 2008,1.27
,,2008 - 2009,1.41
,,2009 - 2010,1.01
,,2010 - 2011,1.32
,,2011 - 2012,1.45
,,2012 - 2013,1.32
,,2013 - 2014,1.19
,,2014 - 2015,1.41
,,2015 - 2016,1.65
,,2016 - 2017,1.57
,,2017 - 2018,1.59
,,2018 - 2019,2.39
,,2019 - 2020,2.55
,,2020 - 2021,1.98
,,2021 - 2022,1.85
,,2022 - 2023,1.84
,Sambhal,2012 - 2013,0.9
,,2013 - 2014,1.73
,,2014 - 2015,2.12
,,2015 - 2016,2.2
,,2016 - 2017,2.37
,,2017 - 2018,2.3
,,2018 - 2019,2.44
,,2019 - 2020,1.49
,,2020 - 2021,3.13
,,2021 - 2022,3.03
,,2022 - 2023,2.1
,Sant kabeer nagar,2000 - 2001,0.45
,,2001 - 2002,0.72
,,2002 - 2003,0.87
,,2003 - 2004,1.2
,,2004 - 2005,1.54
,,2005 - 2006,1.28
,,2006 - 2007,1.33
,,2007 - 2008,1.44
,,2008 - 2009,1.5
,,2009 - 2010,1.46
,,2010 - 2011,1.15
,,2011 - 2012,1.76
,,2012 - 2013,1.85
,,2013 - 2014,1.84
,,2014 - 2015,1.78
,,2015 - 2016,1.85
,,2016 - 2017,0.9
,,2017 - 2018,0.88
,,2018 - 2019,0.77
,,2019 - 2020,0.7
,,2020 - 2021,0.64
,,2021 - 2022,0.64
,,2022 - 2023,2.14
,Sant ravidas nagar,2000 - 2001,0.96
,,2001 - 2002,0.52
,,2002 - 2003,0.74
,,2003 - 2004,1.14
,,2004 - 2005,0.59
,,2005 - 2006,0.79
,,2006 - 2007,0.65
,,2007 - 2008,0.79
,,2008 - 2009,0.58
,,2009 - 2010,0.68
,,2010 - 2011,0.88
,,2011 - 2012,0.84
,,2012 - 2013,0.96
,,2013 - 2014,1.14
,,2014 - 2015,1.06
,,2015 - 2016,0.89
,,2016 - 2017,0.84
,,2017 - 2018,0.98
,,2018 - 2019,1.13
,,2019 - 2020,1.28
,,2020 - 2021,1.31
,,2021 - 2022,1.3
,,2022 - 2023,1.22
,Shahjahanpur,2000 - 2001,1.85
,,2001 - 2002,1.27
,,2002 - 2003,1.33
,,2003 - 2004,1.43
,,2004 - 2005,1.63
,,2005 - 2006,1.51
,,2006 - 2007,1.89
,,2007 - 2008,1.66
,,2008 - 2009,1.94
,,2009 - 2010,1.9
,,2010 - 2011,0.0
,,2011 - 2012,1.38
,,2012 - 2013,1.89
,,2013 - 2014,1.11
,,2014 - 2015,1.07
,,2015 - 2016,1.1
,,2016 - 2017,1.84
,,2017 - 2018,2.11
,,2018 - 2019,1.21
,,2019 - 2020,2.19
,,2020 - 2021,2.51
,,2021 - 2022,2.51
,,2022 - 2023,2.25
,Shamli,2012 - 2013,1.32
,,2013 - 2014,1.19
,,2014 - 2015,1.42
,,2015 - 2016,1.64
,,2016 - 2017,1.58
,,2017 - 2018,1.58
,,2018 - 2019,2.39
,,2019 - 2020,2.55
,,2020 - 2021,1.99
,,2021 - 2022,1.84
,,2022 - 2023,1.83
,Shravasti,2000 - 2001,0.82
,,2001 - 2002,0.95
,,2002 - 2003,0.84
,,2003 - 2004,0.96
,,2004 - 2005,0.91
,,2005 - 2006,0.79
,,2006 - 2007,0.68
,,2007 - 2008,0.72
,,2008 - 2009,0.72
,,2009 - 2010,0.67
,,2010 - 2011,0.74
,,2011 - 2012,0.71
,,2012 - 2013,0.76
,,2013 - 2014,0.83
,,2014 - 2015,0.77
,,2015 - 2016,0.81
,,2016 - 2017,0.89
,,2017 - 2018,1.06
,,2018 - 2019,0.99
,,2019 - 2020,0.96
,,2020 - 2021,0.86
,,2021 - 2022,0.84
,,2022 - 2023,1.35
,Siddharth nagar,2000 - 2001,0.45
,,2001 - 2002,0.72
,,2002 - 2003,0.87
,,2003 - 2004,1.2
,,2004 - 2005,1.54
,,2005 - 2006,1.28
,,2006 - 2007,1.33
,,2007 - 2008,1.44
,,2008 - 2009,1.5
,,2009 - 2010,1.45
,,2010 - 2011,1.15
,,2011 - 2012,1.76
,,2012 - 2013,1.85
,,2013 - 2014,1.84
,,2014 - 2015,1.78
,,2015 - 2016,1.85
,,2016 - 2017,0.9
,,2017 - 2018,0.88
,,2018 - 2019,0.77
,,2019 - 2020,0.7
,,2020 - 2021,0.64
,,2021 - 2022,0.64
,,2022 - 2023,2.14
,Sitapur,2000 - 2001,0.87
,,2001 - 2002,0.72
,,2002 - 2003,0.66
,,2003 - 2004,0.69
,,2004 - 2005,0.8
,,2005 - 2006,1.02
,,2006 - 2007,0.96
,,2007 - 2008,0.82
,,2008 - 2009,0.43
,,2009 - 2010,0.78
,,2010 - 2011,0.76
,,2011 - 2012,0.73
,,2012 - 2013,0.94
,,2013 - 2014,0.96
,,2014 - 2015,0.86
,,2015 - 2016,1.0
,,2016 - 2017,1.23
,,2017 - 2018,0.89
,,2018 - 2019,0.59
,,2019 - 2020,1.11
,,2020 - 2021,1.17
,,2021 - 2022,1.1
,,2022 - 2023,1.11
,Sonbhadra,2000 - 2001,0.79
,,2001 - 2002,0.52
,,2002 - 2003,0.72
,,2003 - 2004,1.14
,,2004 - 2005,0.59
,,2005 - 2006,0.74
,,2006 - 2007,0.62
,,2007 - 2008,0.79
,,2008 - 2009,0.58
,,2009 - 2010,0.68
,,2010 - 2011,0.92
,,2011 - 2012,0.87
,,2012 - 2013,1.0
,,2013 - 2014,1.16
,,2014 - 2015,1.05
,,2015 - 2016,0.83
,,2016 - 2017,0.91
,,2017 - 2018,0.93
,,2018 - 2019,1.11
,,2019 - 2020,1.32
,,2020 - 2021,1.31
,,2021 - 2022,1.31
,,2022 - 2023,1.23
,Sultanpur,2000 - 2001,1.4
,,2001 - 2002,1.49
,,2002 - 2003,1.49
,,2003 - 2004,2.35
,,2004 - 2005,2.09
,,2005 - 2006,1.51
,,2006 - 2007,1.31
,,2007 - 2008,1.32
,,2008 - 2009,0.85
,,2009 - 2010,1.42
,,2010 - 2011,0.99
,,2011 - 2012,1.11
,,2012 - 2013,1.37
,,2013 - 2014,0.42
,,2014 - 2015,0.73
,,2015 - 2016,0.49
,,2016 - 2017,0.64
,,2017 - 2018,1.69
,,2018 - 2019,1.63
,,2019 - 2020,1.19
,,2020 - 2021,1.74
,,2021 - 2022,1.51
,,2022 - 2023,1.46
,Unnao,2000 - 2001,1.53
,,2001 - 2002,1.4
,,2002 - 2003,0.82
,,2003 - 2004,1.43
,,2004 - 2005,1.53
,,2005 - 2006,0.96
,,2006 - 2007,0.94
,,2007 - 2008,1.22
,,2008 - 2009,1.25
,,2009 - 2010,1.39
,,2010 - 2011,0.79
,,2011 - 2012,1.02
,,2012 - 2013,1.18
,,2013 - 2014,1.56
,,2014 - 2015,1.41
,,2015 - 2016,1.52
,,2016 - 2017,1.62
,,2017 - 2018,2.24
,,2018 - 2019,2.22
,,2019 - 2020,1.96
,,2020 - 2021,2.04
,,2021 - 2022,1.72
,,2022 - 2023,1.99
,Varanasi,2000 - 2001,1.4
,,2001 - 2002,1.6
,,2002 - 2003,1.49
,,2003 - 2004,1.85
,,2004 - 2005,1.69
,,2005 - 2006,1.46
,,2006 - 2007,1.32
,,2007 - 2008,1.41
,,2008 - 2009,1.32
,,2009 - 2010,1.46
,,2010 - 2011,1.47
,,2011 - 2012,1.46
,,2012 - 2013,1.78
,,2013 - 2014,1.69
,,2014 - 2015,1.59
,,2015 - 2016,1.54
,,2016 - 2017,1.75
,,2017 - 2018,1.77
,,2018 - 2019,1.66
,,2019 - 2020,1.68
,,2020 - 2021,1.7
,,2021 - 2022,1.52
,,2022 - 2023,2.65
Uttarakhand,Almora,2000 - 2001,1.3
,,2001 - 2002,1.19
,,2002 - 2003,0.84
,,2003 - 2004,1.1
,,2004 - 2005,1.1
,,2005 - 2006,0.65
,,2006 - 2007,0.93
,,2007 - 2008,1.0
,,2008 - 2009,1.0
,,2009 - 2010,1.0
,,2010 - 2011,1.74
,,2011 - 2012,1.78
,,2012 - 2013,1.53
,,2013 - 2014,1.21
,,2014 - 2015,1.15
,,2015 - 2016,0.66
,,2016 - 2017,0.84
,,2017 - 2018,1.31
,,2018 - 2019,1.4
,,2019 - 2020,1.34
,,2020 - 2021,1.95
,,2021 - 2022,1.81
,,2022 - 2023,1.52
,Bageshwar,2000 - 2001,1.1
,,2001 - 2002,1.09
,,2002 - 2003,0.67
,,2003 - 2004,1.34
,,2004 - 2005,1.24
,,2005 - 2006,0.72
,,2006 - 2007,0.95
,,2007 - 2008,1.23
,,2008 - 2009,1.36
,,2009 - 2010,1.36
,,2010 - 2011,1.32
,,2011 - 2012,1.42
,,2012 - 2013,1.41
,,2013 - 2014,1.4
,,2014 - 2015,1.0
,,2015 - 2016,0.66
,,2016 - 2017,1.34
,,2017 - 2018,1.31
,,2018 - 2019,2.11
,,2019 - 2020,1.34
,,2020 - 2021,1.95
,,2021 - 2022,1.81
,,2022 - 2023,1.52
,Chamoli,2000 - 2001,1.27
,,2001 - 2002,1.05
,,2002 - 2003,0.91
,,2003 - 2004,1.39
,,2004 - 2005,1.27
,,2005 - 2006,0.88
,,2006 - 2007,0.9
,,2007 - 2008,0.97
,,2008 - 2009,0.64
,,2009 - 2010,0.64
,,2010 - 2011,0.89
,,2011 - 2012,0.89
,,2012 - 2013,0.9
,,2013 - 2014,0.9
,,2014 - 2015,1.77
,,2015 - 2016,1.76
,,2016 - 2017,1.69
,,2017 - 2018,1.72
,,2018 - 2019,1.73
,,2019 - 2020,1.62
,,2020 - 2021,1.65
,,2021 - 2022,2.18
,,2022 - 2023,1.98
,Champawat,2000 - 2001,1.47
,,2001 - 2002,1.15
,,2002 - 2003,1.05
,,2003 - 2004,1.33
,,2004 - 2005,1.23
,,2005 - 2006,0.82
,,2006 - 2007,1.01
,,2007 - 2008,0.95
,,2008 - 2009,0.95
,,2009 - 2010,0.95
,,2010 - 2011,0.93
,,2011 - 2012,0.93
,,2012 - 2013,0.94
,,2013 - 2014,0.94
,,2014 - 2015,1.0
,,2015 - 2016,1.12
,,2016 - 2017,1.2
,,2017 - 2018,2.11
,,2018 - 2019,2.44
,,2019 - 2020,2.29
,,2020 - 2021,2.17
,,2021 - 2022,2.69
,,2022 - 2023,2.98
,Dehradun,2000 - 2001,1.66
,,2001 - 2002,1.25
,,2002 - 2003,1.33
,,2003 - 2004,1.72
,,2004 - 2005,1.66
,,2005 - 2006,1.54
,,2006 - 2007,1.65
,,2007 - 2008,2.12
,,2008 - 2009,1.59
,,2009 - 2010,1.59
,,2010 - 2011,1.84
,,2011 - 2012,1.72
,,2012 - 2013,1.49
,,2013 - 2014,1.2
,,2014 - 2015,2.41
,,2015 - 2016,2.17
,,2016 - 2017,2.21
,,2017 - 2018,2.75
,,2018 - 2019,2.5
,,2019 - 2020,2.7
,,2020 - 2021,2.77
,,2021 - 2022,3.3
,,2022 - 2023,2.77
,Haridwar,2000 - 2001,1.47
,,2001 - 2002,1.52
,,2002 - 2003,1.8
,,2003 - 2004,1.79
,,2004 - 2005,1.61
,,2005 - 2006,1.96
,,2006 - 2007,1.42
,,2007 - 2008,1.22
,,2008 - 2009,1.65
,,2009 - 2010,2.02
,,2010 - 2011,1.86
,,2011 - 2012,1.46
,,2012 - 2013,1.72
,,2013 - 2014,1.88
,,2014 - 2015,1.41
,,2015 - 2016,1.42
,,2016 - 2017,2.21
,,2017 - 2018,2.28
,,2018 - 2019,2.05
,,2019 - 2020,1.78
,,2020 - 2021,2.25
,,2021 - 2022,3.54
,,2022 - 2023,3.71
,Nainital,2000 - 2001,1.39
,,2001 - 2002,1.32
,,2002 - 2003,1.07
,,2003 - 2004,1.52
,,2004 - 2005,1.99
,,2005 - 2006,1.46
,,2006 - 2007,1.41
,,2007 - 2008,1.59
,,2008 - 2009,1.49
,,2009 - 2010,1.62
,,2010 - 2011,1.69
,,2011 - 2012,1.83
,,2012 - 2013,2.15
,,2013 - 2014,2.13
,,2014 - 2015,2.03
,,2015 - 2016,1.9
,,2016 - 2017,1.33
,,2017 - 2018,1.33
,,2018 - 2019,1.33
,,2019 - 2020,1.34
,,2020 - 2021,1.72
,,2021 - 2022,2.69
,,2022 - 2023,2.98
,Pauri garhwal,2000 - 2001,1.16
,,2001 - 2002,0.86
,,2002 - 2003,0.8
,,2003 - 2004,1.35
,,2004 - 2005,1.15
,,2005 - 2006,0.79
,,2006 - 2007,0.8
,,2007 - 2008,0.85
,,2008 - 2009,0.85
,,2009 - 2010,0.85
,,2010 - 2011,0.88
,,2011 - 2012,0.9
,,2012 - 2013,1.02
,,2013 - 2014,1.02
,,2014 - 2015,1.75
,,2015 - 2016,1.8
,,2016 - 2017,1.8
,,2017 - 2018,2.06
,,2018 - 2019,1.87
,,2019 - 2020,1.99
,,2020 - 2021,1.65
,,2021 - 2022,2.18
,,2022 - 2023,1.97
,Pithoragarh,2000 - 2001,1.3
,,2001 - 2002,1.25
,,2002 - 2003,0.98
,,2003 - 2004,1.24
,,2004 - 2005,1.2
,,2005 - 2006,1.02
,,2006 - 2007,1.05
,,2007 - 2008,1.06
,,2008 - 2009,1.05
,,2009 - 2010,1.05
,,2010 - 2011,1.15
,,2011 - 2012,1.16
,,2012 - 2013,1.29
,,2013 - 2014,2.1
,,2014 - 2015,2.07
,,2015 - 2016,1.3
,,2016 - 2017,1.33
,,2017 - 2018,1.38
,,2018 - 2019,1.65
,,2019 - 2020,1.91
,,2020 - 2021,1.58
,,2021 - 2022,1.5
,,2022 - 2023,1.46
,Rudra prayag,2000 - 2001,1.08
,,2001 - 2002,0.96
,,2002 - 2003,0.82
,,2003 - 2004,1.28
,,2004 - 2005,1.24
,,2005 - 2006,0.82
,,2006 - 2007,0.82
,,2007 - 2008,1.21
,,2008 - 2009,1.2
,,2009 - 2010,1.2
,,2010 - 2011,1.19
,,2011 - 2012,1.09
,,2012 - 2013,0.93
,,2013 - 2014,0.93
,,2014 - 2015,1.77
,,2015 - 2016,1.67
,,2016 - 2017,1.81
,,2017 - 2018,1.79
,,2018 - 2019,1.56
,,2019 - 2020,1.62
,,2020 - 2021,1.65
,,2021 - 2022,2.18
,,2022 - 2023,1.97
,Tehri garhwal,2000 - 2001,1.05
,,2001 - 2002,1.1
,,2002 - 2003,0.63
,,2003 - 2004,1.72
,,2004 - 2005,1.05
,,2005 - 2006,0.96
,,2006 - 2007,0.96
,,2007 - 2008,0.94
,,2008 - 2009,1.02
,,2009 - 2010,1.02
,,2010 - 2011,1.1
,,2011 - 2012,1.1
,,2012 - 2013,1.16
,,2013 - 2014,1.16
,,2014 - 2015,2.52
,,2015 - 2016,1.68
,,2016 - 2017,1.69
,,2017 - 2018,2.25
,,2018 - 2019,1.68
,,2019 - 2020,1.62
,,2020 - 2021,1.9
,,2021 - 2022,1.75
,,2022 - 2023,2.08
,Udam singh nagar,2000 - 2001,1.84
,,2001 - 2002,1.52
,,2002 - 2003,1.8
,,2003 - 2004,1.82
,,2004 - 2005,2.72
,,2005 - 2006,2.18
,,2006 - 2007,1.85
,,2007 - 2008,1.52
,,2008 - 2009,1.52
,,2009 - 2010,1.52
,,2010 - 2011,2.2
,,2011 - 2012,2.28
,,2012 - 2013,2.46
,,2013 - 2014,2.45
,,2014 - 2015,2.21
,,2015 - 2016,1.97
,,2016 - 2017,1.34
,,2017 - 2018,1.33
,,2018 - 2019,1.32
,,2019 - 2020,1.34
,,2020 - 2021,2.17
,,2021 - 2022,2.69
,,2022 - 2023,3.0
,Uttar kashi,2000 - 2001,1.3
,,2001 - 2002,1.15
,,2002 - 2003,0.86
,,2003 - 2004,1.33
,,2004 - 2005,1.24
,,2005 - 2006,1.05
,,2006 - 2007,1.05
,,2007 - 2008,1.25
,,2008 - 2009,1.25
,,2009 - 2010,1.25
,,2010 - 2011,1.23
,,2011 - 2012,1.25
,,2012 - 2013,1.04
,,2013 - 2014,1.04
,,2014 - 2015,2.6
,,2015 - 2016,2.6
,,2016 - 2017,1.62
,,2017 - 2018,2.67
,,2018 - 2019,1.37
,,2019 - 2020,1.3
,,2020 - 2021,2.24
,,2021 - 2022,3.06
,,2022 - 2023,3.11
West Bengal,paraganas north,2005 - 2006,2.0
,,2007 - 2008,
,,2008 - 2009,
,,2009 - 2010,
,,2010 - 2011,
,,2011 - 2012,
,,2012 - 2013,
,,2013 - 2014,
,,2014 - 2015,
,,2015 - 2016,
,,2016 - 2017,
,,2017 - 2018,
,,2018 - 2019,
,,2019 - 2020,
,,2020 - 2021,
,,2021 - 2022,
,,2022 - 2023,
,paraganas south,2003 - 2004,2.9
,,2004 - 2005,2.6
,,2005 - 2006,2.09
,,2006 - 2007,2.08
,,2007 - 2008,
,,2008 - 2009,
,,2009 - 2010,
,,2010 - 2011,
,,2011 - 2012,
,,2012 - 2013,
,,2013 - 2014,
,,2014 - 2015,
,,2015 - 2016,
,,2016 - 2017,
,,2017 - 2018,
,,2018 - 2019,
,,2019 - 2020,
,,2020 - 2021,
,,2021 - 2022,
,,2022 - 2023,
,Alipurduar,2016 - 2017,
,,2017 - 2018,
,,2018 - 2019,
,,2019 - 2020,
,,2020 - 2021,
,,2021 - 2022,
,,2022 - 2023,
,Bankura,2000 - 2001,1.83
,,2001 - 2002,1.78
,,2002 - 2003,1.15
,,2003 - 2004,1.31
,,2004 - 2005,1.78
,,2005 - 2006,1.93
,,2006 - 2007,2.71
,,2007 - 2008,1.0
,,2008 - 2009,
,,2009 - 2010,
,,2010 - 2011,
,,2011 - 2012,
,,2012 - 2013,
,,2013 - 2014,
,,2014 - 2015,
,,2015 - 2016,
,,2016 - 2017,
,,2017 - 2018,
,,2018 - 2019,
,,2019 - 2020,
,,2020 - 2021,
,,2021 - 2022,
,,2022 - 2023,
,Birbhum,2000 - 2001,1.84
,,2001 - 2002,1.78
,,2002 - 2003,1.67
,,2003 - 2004,1.65
,,2004 - 2005,1.74
,,2005 - 2006,1.46
,,2006 - 2007,1.62
,,2007 - 2008,0.95
,,2008 - 2009,
,,2009 - 2010,
,,2010 - 2011,
,,2011 - 2012,
,,2012 - 2013,
,,2013 - 2014,
,,2014 - 2015,
,,2015 - 2016,
,,2016 - 2017,
,,2017 - 2018,
,,2018 - 2019,
,,2019 - 2020,
,,2020 - 2021,
,,2021 - 2022,
,,2022 - 2023,
,Coochbehar,2000 - 2001,2.5
,,2001 - 2002,3.24
,,2002 - 2003,2.34
,,2003 - 2004,1.37
,,2004 - 2005,5.04
,,2005 - 2006,7.41
,,2006 - 2007,5.97
,,2007 - 2008,2.31
,,2008 - 2009,
,,2009 - 2010,
,,2010 - 2011,
,,2011 - 2012,
,,2012 - 2013,
,,2013 - 2014,
,,2014 - 2015,
,,2015 - 2016,
,,2016 - 2017,
,,2017 - 2018,
,,2018 - 2019,
,,2019 - 2020,
,,2020 - 2021,
,,2021 - 2022,
,,2022 - 2023,
,Darjeeling,2000 - 2001,3.1
,,2001 - 2002,3.47
,,2002 - 2003,2.25
,,2003 - 2004,1.97
,,2004 - 2005,2.89
,,2005 - 2006,2.05
,,2006 - 2007,2.12
,,2007 - 2008,2.52
,,2008 - 2009,
,,2009 - 2010,
,,2010 - 2011,
,,2011 - 2012,
,,2012 - 2013,
,,2013 - 2014,
,,2014 - 2015,
,,2015 - 2016,
,,2016 - 2017,
,,2017 - 2018,
,,2018 - 2019,
,,2019 - 2020,
,,2020 - 2021,
,,2021 - 2022,
,,2022 - 2023,
,Dinajpur dakshin,2000 - 2001,5.0
,,2004 - 2005,2.09
,,2005 - 2006,2.06
,,2006 - 2007,2.67
,,2007 - 2008,
,,2008 - 2009,
,,2009 - 2010,
,,2010 - 2011,
,,2011 - 2012,
,,2012 - 2013,
,,2013 - 2014,
,,2014 - 2015,
,,2015 - 2016,
,,2016 - 2017,
,,2017 - 2018,
,,2018 - 2019,
,,2019 - 2020,
,,2020 - 2021,
,,2021 - 2022,
,,2022 - 2023,
,Dinajpur uttar,2000 - 2001,3.18
,,2001 - 2002,3.23
,,2002 - 2003,2.35
,,2003 - 2004,4.31
,,2004 - 2005,5.62
,,2005 - 2006,5.23
,,2006 - 2007,5.02
,,2007 - 2008,2.31
,,2008 - 2009,
,,2009 - 2010,
,,2010 - 2011,
,,2011 - 2012,
,,2012 - 2013,
,,2013 - 2014,
,,2014 - 2015,
,,2015 - 2016,
,,2016 - 2017,
,,2017 - 2018,
,,2018 - 2019,
,,2019 - 2020,
,,2020 - 2021,
,,2021 - 2022,
,,2022 - 2023,
,Hooghly,2000 - 2001,2.0
,,2003 - 2004,1.69
,,2004 - 2005,2.39
,,2005 - 2006,2.38
,,2006 - 2007,2.61
,,2007 - 2008,
,,2008 - 2009,
,,2009 - 2010,
,,2010 - 2011,
,,2011 - 2012,
,,2012 - 2013,
,,2013 - 2014,
,,2014 - 2015,
,,2015 - 2016,
,,2016 - 2017,
,,2017 - 2018,
,,2018 - 2019,
,,2019 - 2020,
,,2020 - 2021,
,,2021 - 2022,
,,2022 - 2023,
,Howrah,2001 - 2002,2.32
,,2002 - 2003,2.0
,,2003 - 2004,0.99
,,2004 - 2005,1.01
,,2005 - 2006,1.01
,,2006 - 2007,1.15
,,2007 - 2008,
,,2008 - 2009,
,,2009 - 2010,
,,2010 - 2011,
,,2011 - 2012,
,,2012 - 2013,
,,2013 - 2014,
,,2014 - 2015,
,,2015 - 2016,
,,2016 - 2017,
,,2017 - 2018,
,,2018 - 2019,
,,2019 - 2020,
,,2020 - 2021,
,,2021 - 2022,
,,2022 - 2023,
,Jalpaiguri,2000 - 2001,3.09
,,2001 - 2002,1.36
,,2002 - 2003,1.62
,,2003 - 2004,1.82
,,2004 - 2005,1.89
,,2005 - 2006,1.86
,,2006 - 2007,1.98
,,2007 - 2008,2.01
,,2008 - 2009,
,,2009 - 2010,
,,2010 - 2011,
,,2011 - 2012,
,,2012 - 2013,
,,2013 - 2014,
,,2014 - 2015,
,,2015 - 2016,
,,2016 - 2017,
,,2017 - 2018,
,,2018 - 2019,
,,2019 - 2020,
,,2020 - 2021,
,,2021 - 2022,
,,2022 - 2023,
,Jhargram,2016 - 2017,
,,2017 - 2018,
,,2018 - 2019,
,,2019 - 2020,
,,2020 - 2021,
,,2021 - 2022,
,,2022 - 2023,
,Kalimpong,2016 - 2017,
,,2017 - 2018,
,,2018 - 2019,
,,2019 - 2020,
,,2020 - 2021,
,,2021 - 2022,
,,2022 - 2023,
,Maldah,2000 - 2001,3.1
,,2001 - 2002,3.23
,,2002 - 2003,2.35
,,2003 - 2004,2.64
,,2004 - 2005,2.93
,,2005 - 2006,2.66
,,2006 - 2007,2.16
,,2007 - 2008,2.54
,,2008 - 2009,
,,2009 - 2010,
,,2010 - 2011,
,,2011 - 2012,
,,2012 - 2013,
,,2013 - 2014,
,,2014 - 2015,
,,2015 - 2016,
,,2016 - 2017,
,,2017 - 2018,
,,2018 - 2019,
,,2019 - 2020,
,,2020 - 2021,
,,2021 - 2022,
,,2022 - 2023,
,Medinipur east,2001 - 2002,2.0
,,2011 - 2012,
,,2012 - 2013,
,,2013 - 2014,
,,2014 - 2015,
,,2015 - 2016,
,,2016 - 2017,
,,2017 - 2018,
,,2018 - 2019,
,,2019 - 2020,
,,2020 - 2021,
,,2021 - 2022,
,,2022 - 2023,
,Medinipur west,2000 - 2001,1.84
,,2001 - 2002,1.78
,,2002 - 2003,1.68
,,2003 - 2004,2.04
,,2004 - 2005,1.77
,,2005 - 2006,1.81
,,2006 - 2007,2.28
,,2007 - 2008,0.94
,,2008 - 2009,
,,2009 - 2010,
,,2010 - 2011,
,,2011 - 2012,
,,2012 - 2013,
,,2013 - 2014,
,,2014 - 2015,
,,2015 - 2016,
,,2016 - 2017,
,,2017 - 2018,
,,2018 - 2019,
,,2019 - 2020,
,,2020 - 2021,
,,2021 - 2022,
,,2022 - 2023,
,Murshidabad,2000 - 2001,2.41
,,2001 - 2002,2.31
,,2002 - 2003,2.01
,,2003 - 2004,3.18
,,2004 - 2005,3.25
,,2005 - 2006,4.46
,,2006 - 2007,4.62
,,2007 - 2008,2.0
,,2008 - 2009,
,,2009 - 2010,
,,2010 - 2011,
,,2011 - 2012,
,,2012 - 2013,
,,2013 - 2014,
,,2014 - 2015,
,,2015 - 2016,
,,2016 - 2017,
,,2017 - 2018,
,,2018 - 2019,
,,2019 - 2020,
,,2020 - 2021,
,,2021 - 2022,
,,2022 - 2023,
,Nadia,2000 - 2001,2.4
,,2001 - 2002,2.32
,,2002 - 2003,2.01
,,2003 - 2004,2.49
,,2004 - 2005,2.77
,,2005 - 2006,2.37
,,2006 - 2007,2.33
,,2007 - 2008,2.0
,,2008 - 2009,
,,2009 - 2010,
,,2010 - 2011,
,,2011 - 2012,
,,2012 - 2013,
,,2013 - 2014,
,,2014 - 2015,
,,2015 - 2016,
,,2016 - 2017,
,,2017 - 2018,
,,2018 - 2019,
,,2019 - 2020,
,,2020 - 2021,
,,2021 - 2022,
,,2022 - 2023,
,Paschim bardhaman,2016 - 2017,
,,2017 - 2018,
,,2018 - 2019,
,,2019 - 2020,
,,2020 - 2021,
,,2021 - 2022,
,,2022 - 2023,
,Purba bardhaman,2000 - 2001,1.8
,,2001 - 2002,1.83
,,2002 - 2003,1.68
,,2003 - 2004,1.85
,,2004 - 2005,1.73
,,2005 - 2006,1.85
,,2006 - 2007,2.56
,,2007 - 2008,
,,2008 - 2009,
,,2009 - 2010,
,,2010 - 2011,
,,2011 - 2012,
,,2012 - 2013,
,,2013 - 2014,
,,2014 - 2015,
,,2015 - 2016,
,,2016 - 2017,
,,2017 - 2018,
,,2018 - 2019,
,,2019 - 2020,
,,2020 - 2021,
,,2021 - 2022,
,,2022 - 2023,
,Purulia,2000 - 2001,1.87
,,2001 - 2002,1.75
,,2002 - 2003,1.53
,,2003 - 2004,1.79
,,2004 - 2005,1.85
,,2005 - 2006,1.6
,,2006 - 2007,1.69
,,2007 - 2008,0.95
,,2008 - 2009,
,,2009 - 2010,
,,2010 - 2011,
,,2011 - 2012,
,,2012 - 2013,
,,2013 - 2014,
,,2014 - 2015,
,,2015 - 2016,
,,2016 - 2017,
,,2017 - 2018,
,,2018 - 2019,
,,2019 - 2020,
,,2020 - 2021,
,,2021 - 2022,
,,2022 - 2023,
