state,district,year,maize_summer_yield_tonne_per_hectare
Andaman and Nicobar Islands,Nicobars,2010 - 2011,
,,2011 - 2012,
,,2013 - 2014,
,,2014 - 2015,
,,2015 - 2016,
,,2021 - 2022,
,North and middle andaman,2010 - 2011,
,,2011 - 2012,
,,2012 - 2013,
,,2013 - 2014,
,,2014 - 2015,
,,2015 - 2016,
,,2016 - 2017,
,,2017 - 2018,
,,2018 - 2019,
,,2019 - 2020,
,,2020 - 2021,
,,2021 - 2022,
,,2022 - 2023,
,South andamans,2010 - 2011,
,,2011 - 2012,
,,2012 - 2013,
,,2013 - 2014,
,,2014 - 2015,
,,2015 - 2016,
,,2016 - 2017,
,,2017 - 2018,
,,2018 - 2019,
,,2019 - 2020,
,,2020 - 2021,
,,2021 - 2022,
Andhra Pradesh,Alluri sitharama raju,2022 - 2023,
,Anakapalli,2022 - 2023,
,Anantapur,2000 - 2001,
,,2001 - 2002,
,,2002 - 2003,
,,2003 - 2004,
,,2004 - 2005,
,,2005 - 2006,
,,2006 - 2007,
,,2007 - 2008,
,,2008 - 2009,
,,2009 - 2010,
,,2010 - 2011,
,,2011 - 2012,
,,2012 - 2013,
,,2013 - 2014,
,,2014 - 2015,
,,2015 - 2016,
,,2016 - 2017,
,,2017 - 2018,
,,2018 - 2019,
,,2019 - 2020,
,,2020 - 2021,
,,2021 - 2022,
,,2022 - 2023,
,Annamayya,2022 - 2023,
,Bapatla,2022 - 2023,
,Chittoor,2000 - 2001,
,,2001 - 2002,
,,2002 - 2003,
,,2003 - 2004,
,,2004 - 2005,
,,2005 - 2006,
,,2006 - 2007,
,,2007 - 2008,
,,2008 - 2009,
,,2009 - 2010,
,,2010 - 2011,
,,2011 - 2012,
,,2012 - 2013,
,,2013 - 2014,
,,2014 - 2015,
,,2015 - 2016,
,,2016 - 2017,
,,2017 - 2018,
,,2018 - 2019,
,,2019 - 2020,
,,2020 - 2021,
,,2021 - 2022,
,,2022 - 2023,
,East godavari,2000 - 2001,
,,2001 - 2002,
,,2002 - 2003,
,,2003 - 2004,
,,2004 - 2005,
,,2005 - 2006,
,,2006 - 2007,
,,2007 - 2008,
,,2008 - 2009,
,,2009 - 2010,
,,2010 - 2011,
,,2011 - 2012,
,,2012 - 2013,
,,2013 - 2014,
,,2014 - 2015,
,,2015 - 2016,
,,2016 - 2017,
,,2017 - 2018,
,,2018 - 2019,
,,2019 - 2020,
,,2020 - 2021,
,,2021 - 2022,
,,2022 - 2023,
,Eluru,2022 - 2023,
,Guntur,2000 - 2001,
,,2001 - 2002,
,,2002 - 2003,
,,2003 - 2004,
,,2004 - 2005,
,,2005 - 2006,
,,2006 - 2007,
,,2007 - 2008,
,,2008 - 2009,
,,2009 - 2010,
,,2010 - 2011,
,,2011 - 2012,
,,2012 - 2013,
,,2013 - 2014,
,,2014 - 2015,
,,2015 - 2016,
,,2016 - 2017,
,,2017 - 2018,
,,2018 - 2019,
,,2019 - 2020,
,,2020 - 2021,
,,2021 - 2022,
,,2022 - 2023,
,Kadapa,2000 - 2001,
,,2001 - 2002,
,,2002 - 2003,
,,2003 - 2004,
,,2004 - 2005,
,,2005 - 2006,
,,2006 - 2007,
,,2008 - 2009,
,,2009 - 2010,
,,2010 - 2011,
,,2011 - 2012,
,,2012 - 2013,
,,2013 - 2014,
,,2014 - 2015,
,,2015 - 2016,
,,2016 - 2017,
,,2017 - 2018,
,,2018 - 2019,
,,2019 - 2020,
,,2020 - 2021,
,,2021 - 2022,
,,2022 - 2023,
,Kakinada,2022 - 2023,
,Konaseema,2022 - 2023,
,Krishna,2000 - 2001,
,,2001 - 2002,
,,2002 - 2003,
,,2003 - 2004,
,,2004 - 2005,
,,2005 - 2006,
,,2006 - 2007,
,,2007 - 2008,
,,2008 - 2009,
,,2009 - 2010,
,,2010 - 2011,
,,2011 - 2012,
,,2012 - 2013,
,,2013 - 2014,
,,2014 - 2015,
,,2015 - 2016,
,,2016 - 2017,
,,2017 - 2018,
,,2018 - 2019,
,,2019 - 2020,
,,2020 - 2021,
,,2021 - 2022,
,,2022 - 2023,
,Kurnool,2000 - 2001,
,,2001 - 2002,
,,2002 - 2003,
,,2003 - 2004,
,,2004 - 2005,
,,2005 - 2006,
,,2006 - 2007,
,,2007 - 2008,
,,2008 - 2009,
,,2009 - 2010,
,,2010 - 2011,
,,2011 - 2012,
,,2012 - 2013,
,,2013 - 2014,
,,2014 - 2015,
,,2015 - 2016,
,,2016 - 2017,
,,2017 - 2018,
,,2018 - 2019,
,,2019 - 2020,
,,2020 - 2021,
,,2021 - 2022,
,,2022 - 2023,
,Nandyal,2022 - 2023,
,Ntr,2022 - 2023,
,Palnadu,2022 - 2023,
,Parvathipuram manyam,2022 - 2023,
,Prakasam,2000 - 2001,
,,2001 - 2002,
,,2002 - 2003,
,,2003 - 2004,
,,2004 - 2005,
,,2005 - 2006,
,,2006 - 2007,
,,2007 - 2008,
,,2008 - 2009,
,,2009 - 2010,
,,2010 - 2011,
,,2011 - 2012,
,,2012 - 2013,
,,2013 - 2014,
,,2014 - 2015,
,,2015 - 2016,
,,2016 - 2017,
,,2017 - 2018,
,,2018 - 2019,
,,2019 - 2020,
,,2020 - 2021,
,,2021 - 2022,
,,2022 - 2023,
,Spsr nellore,2000 - 2001,
,,2001 - 2002,
,,2002 - 2003,
,,2003 - 2004,
,,2004 - 2005,
,,2005 - 2006,
,,2006 - 2007,
,,2008 - 2009,
,,2009 - 2010,
,,2010 - 2011,
,,2011 - 2012,
,,2012 - 2013,
,,2013 - 2014,
,,2014 - 2015,
,,2015 - 2016,
,,2016 - 2017,
,,2017 - 2018,
,,2018 - 2019,
,,2019 - 2020,
,,2020 - 2021,
,,2021 - 2022,
,,2022 - 2023,
,Sri sathya sai,2022 - 2023,
,Srikakulam,2000 - 2001,
,,2001 - 2002,
,,2002 - 2003,
,,2003 - 2004,
,,2004 - 2005,
,,2005 - 2006,
,,2006 - 2007,
,,2007 - 2008,
,,2008 - 2009,
,,2009 - 2010,
,,2010 - 2011,
,,2011 - 2012,
,,2012 - 2013,
,,2013 - 2014,
,,2014 - 2015,
,,2015 - 2016,
,,2016 - 2017,
,,2017 - 2018,
,,2018 - 2019,
,,2019 - 2020,
,,2020 - 2021,
,,2021 - 2022,
,,2022 - 2023,
,Tirupati,2022 - 2023,
,Visakhapatanam,2000 - 2001,
,,2001 - 2002,
,,2002 - 2003,
,,2003 - 2004,
,,2004 - 2005,
,,2005 - 2006,
,,2006 - 2007,
,,2007 - 2008,
,,2008 - 2009,
,,2009 - 2010,
,,2010 - 2011,
,,2011 - 2012,
,,2012 - 2013,
,,2013 - 2014,
,,2014 - 2015,
,,2015 - 2016,
,,2016 - 2017,
,,2017 - 2018,
,,2018 - 2019,
,,2019 - 2020,
,,2020 - 2021,
,,2021 - 2022,
,,2022 - 2023,
,Vizianagaram,2000 - 2001,
,,2001 - 2002,
,,2002 - 2003,
,,2003 - 2004,
,,2004 - 2005,
,,2005 - 2006,
,,2006 - 2007,
,,2007 - 2008,
,,2008 - 2009,
,,2009 - 2010,
,,2010 - 2011,
,,2011 - 2012,
,,2012 - 2013,
,,2013 - 2014,
,,2014 - 2015,
,,2015 - 2016,
,,2016 - 2017,
,,2017 - 2018,
,,2018 - 2019,
,,2019 - 2020,
,,2020 - 2021,
,,2021 - 2022,
,,2022 - 2023,
,West godavari,2000 - 2001,
,,2001 - 2002,
,,2002 - 2003,
,,2003 - 2004,
,,2004 - 2005,
,,2005 - 2006,
,,2006 - 2007,
,,2007 - 2008,
,,2008 - 2009,
,,2009 - 2010,
,,2010 - 2011,
,,2011 - 2012,
,,2012 - 2013,
,,2013 - 2014,
,,2014 - 2015,
,,2015 - 2016,
,,2016 - 2017,
,,2017 - 2018,
,,2018 - 2019,
,,2019 - 2020,
,,2020 - 2021,
,,2021 - 2022,
,,2022 - 2023,
Arunachal Pradesh,Anjaw,2004 - 2005,
,,2005 - 2006,
,,2006 - 2007,
,,2007 - 2008,
,,2008 - 2009,
,,2009 - 2010,
,,2010 - 2011,
,,2011 - 2012,
,,2012 - 2013,
,,2013 - 2014,
,,2014 - 2015,
,,2015 - 2016,
,,2016 - 2017,
,,2017 - 2018,
,,2018 - 2019,
,,2019 - 2020,
,,2020 - 2021,
,,2021 - 2022,
,,2022 - 2023,
,Changlang,2000 - 2001,
,,2001 - 2002,
,,2002 - 2003,
,,2003 - 2004,
,,2004 - 2005,
,,2005 - 2006,
,,2006 - 2007,
,,2007 - 2008,
,,2008 - 2009,
,,2009 - 2010,
,,2010 - 2011,
,,2011 - 2012,
,,2012 - 2013,
,,2013 - 2014,
,,2014 - 2015,
,,2015 - 2016,
,,2016 - 2017,
,,2017 - 2018,
,,2018 - 2019,
,,2019 - 2020,
,,2020 - 2021,
,,2021 - 2022,
,,2022 - 2023,
,Dibang valley,2000 - 2001,
,,2001 - 2002,
,,2002 - 2003,
,,2003 - 2004,
,,2004 - 2005,
,,2005 - 2006,
,,2006 - 2007,
,,2007 - 2008,
,,2008 - 2009,
,,2009 - 2010,
,,2010 - 2011,
,,2011 - 2012,
,,2012 - 2013,
,,2013 - 2014,
,,2014 - 2015,
,,2015 - 2016,
,,2016 - 2017,
,,2017 - 2018,
,,2018 - 2019,
,,2019 - 2020,
,,2020 - 2021,
,,2021 - 2022,
,,2022 - 2023,
,East kameng,2000 - 2001,
,,2001 - 2002,
,,2002 - 2003,
,,2003 - 2004,
,,2004 - 2005,
,,2005 - 2006,
,,2006 - 2007,
,,2007 - 2008,
,,2008 - 2009,
,,2009 - 2010,
,,2010 - 2011,
,,2011 - 2012,
,,2012 - 2013,
,,2013 - 2014,
,,2014 - 2015,
,,2015 - 2016,
,,2016 - 2017,
,,2017 - 2018,
,,2018 - 2019,
,,2019 - 2020,
,,2020 - 2021,
,,2021 - 2022,
,,2022 - 2023,
,East siang,2000 - 2001,
,,2001 - 2002,
,,2002 - 2003,
,,2003 - 2004,
,,2004 - 2005,
,,2005 - 2006,
,,2006 - 2007,
,,2007 - 2008,
,,2008 - 2009,
,,2009 - 2010,
,,2010 - 2011,
,,2011 - 2012,
,,2012 - 2013,
,,2013 - 2014,
,,2014 - 2015,
,,2015 - 2016,
,,2016 - 2017,
,,2017 - 2018,
,,2018 - 2019,
,,2019 - 2020,
,,2020 - 2021,
,,2021 - 2022,
,,2022 - 2023,
,Kamle,2018 - 2019,
,,2019 - 2020,
,,2020 - 2021,
,,2021 - 2022,
,,2022 - 2023,
,Kra daadi,2015 - 2016,
,,2016 - 2017,
,,2017 - 2018,
,,2018 - 2019,
,,2019 - 2020,
,,2020 - 2021,
,,2021 - 2022,
,,2022 - 2023,
,Kurung kumey,2002 - 2003,
,,2003 - 2004,
,,2004 - 2005,
,,2005 - 2006,
,,2006 - 2007,
,,2007 - 2008,
,,2008 - 2009,
,,2009 - 2010,
,,2010 - 2011,
,,2011 - 2012,
,,2012 - 2013,
,,2013 - 2014,
,,2014 - 2015,
,,2015 - 2016,
,,2016 - 2017,
,,2017 - 2018,
,,2018 - 2019,
,,2019 - 2020,
,,2020 - 2021,
,,2021 - 2022,
,,2022 - 2023,
,Leparada,2019 - 2020,
,,2020 - 2021,
,,2021 - 2022,
,,2022 - 2023,
,Lohit,2000 - 2001,
,,2001 - 2002,
,,2002 - 2003,
,,2003 - 2004,
,,2004 - 2005,
,,2005 - 2006,
,,2006 - 2007,
,,2007 - 2008,
,,2008 - 2009,
,,2009 - 2010,
,,2010 - 2011,
,,2011 - 2012,
,,2012 - 2013,
,,2013 - 2014,
,,2014 - 2015,
,,2015 - 2016,
,,2016 - 2017,
,,2017 - 2018,
,,2018 - 2019,
,,2019 - 2020,
,,2020 - 2021,
,,2021 - 2022,
,,2022 - 2023,
,Longding,2013 - 2014,
,,2014 - 2015,
,,2015 - 2016,
,,2016 - 2017,
,,2017 - 2018,
,,2018 - 2019,
,,2019 - 2020,
,,2020 - 2021,
,,2021 - 2022,
,,2022 - 2023,
,Lower dibang valley,2002 - 2003,
,,2003 - 2004,
,,2004 - 2005,
,,2005 - 2006,
,,2006 - 2007,
,,2007 - 2008,
,,2008 - 2009,
,,2009 - 2010,
,,2010 - 2011,
,,2011 - 2012,
,,2012 - 2013,
,,2013 - 2014,
,,2014 - 2015,
,,2015 - 2016,
,,2016 - 2017,
,,2017 - 2018,
,,2018 - 2019,
,,2019 - 2020,
,,2020 - 2021,
,,2021 - 2022,
,,2022 - 2023,
,Lower siang,2018 - 2019,
,,2019 - 2020,
,,2020 - 2021,
,,2021 - 2022,
,,2022 - 2023,
,Lower subansiri,2000 - 2001,
,,2001 - 2002,
,,2002 - 2003,
,,2003 - 2004,
,,2004 - 2005,
,,2005 - 2006,
,,2006 - 2007,
,,2007 - 2008,
,,2008 - 2009,
,,2009 - 2010,
,,2010 - 2011,
,,2011 - 2012,
,,2012 - 2013,
,,2013 - 2014,
,,2014 - 2015,
,,2015 - 2016,
,,2016 - 2017,
,,2017 - 2018,
,,2018 - 2019,
,,2019 - 2020,
,,2020 - 2021,
,,2021 - 2022,
,,2022 - 2023,
,Namsai,2015 - 2016,
,,2016 - 2017,
,,2017 - 2018,
,,2018 - 2019,
,,2019 - 2020,
,,2020 - 2021,
,,2021 - 2022,
,,2022 - 2023,
,Pakke kessang,2019 - 2020,
,,2020 - 2021,
,,2021 - 2022,
,,2022 - 2023,
,Papum pare,2000 - 2001,
,,2001 - 2002,
,,2002 - 2003,
,,2003 - 2004,
,,2004 - 2005,
,,2005 - 2006,
,,2006 - 2007,
,,2007 - 2008,
,,2008 - 2009,
,,2009 - 2010,
,,2010 - 2011,
,,2011 - 2012,
,,2012 - 2013,
,,2013 - 2014,
,,2014 - 2015,
,,2015 - 2016,
,,2016 - 2017,
,,2017 - 2018,
,,2018 - 2019,
,,2019 - 2020,
,,2020 - 2021,
,,2021 - 2022,
,,2022 - 2023,
,Shi yomi,2019 - 2020,
,,2020 - 2021,
,,2021 - 2022,
,,2022 - 2023,
,Siang,2015 - 2016,
,,2016 - 2017,
,,2017 - 2018,
,,2018 - 2019,
,,2019 - 2020,
,,2020 - 2021,
,,2021 - 2022,
,,2022 - 2023,
,Tawang,2000 - 2001,
,,2001 - 2002,
,,2002 - 2003,
,,2003 - 2004,
,,2004 - 2005,
,,2005 - 2006,
,,2006 - 2007,
,,2007 - 2008,
,,2008 - 2009,
,,2009 - 2010,
,,2010 - 2011,
,,2011 - 2012,
,,2012 - 2013,
,,2013 - 2014,
,,2014 - 2015,
,,2015 - 2016,
,,2016 - 2017,
,,2017 - 2018,
,,2018 - 2019,
,,2019 - 2020,
,,2020 - 2021,
,,2021 - 2022,
,,2022 - 2023,
,Tirap,2000 - 2001,
,,2001 - 2002,
,,2002 - 2003,
,,2003 - 2004,
,,2004 - 2005,
,,2005 - 2006,
,,2006 - 2007,
,,2007 - 2008,
,,2008 - 2009,
,,2009 - 2010,
,,2010 - 2011,
,,2011 - 2012,
,,2012 - 2013,
,,2013 - 2014,
,,2014 - 2015,
,,2015 - 2016,
,,2016 - 2017,
,,2017 - 2018,
,,2018 - 2019,
,,2019 - 2020,
,,2020 - 2021,
,,2021 - 2022,
,,2022 - 2023,
,Upper siang,2000 - 2001,
,,2001 - 2002,
,,2002 - 2003,
,,2003 - 2004,
,,2004 - 2005,
,,2005 - 2006,
,,2006 - 2007,
,,2007 - 2008,
,,2008 - 2009,
,,2009 - 2010,
,,2010 - 2011,
,,2011 - 2012,
,,2012 - 2013,
,,2013 - 2014,
,,2014 - 2015,
,,2015 - 2016,
,,2016 - 2017,
,,2017 - 2018,
,,2018 - 2019,
,,2019 - 2020,
,,2020 - 2021,
,,2021 - 2022,
,,2022 - 2023,
,Upper subansiri,2000 - 2001,
,,2001 - 2002,
,,2002 - 2003,
,,2003 - 2004,
,,2004 - 2005,
,,2005 - 2006,
,,2006 - 2007,
,,2007 - 2008,
,,2008 - 2009,
,,2009 - 2010,
,,2010 - 2011,
,,2011 - 2012,
,,2012 - 2013,
,,2013 - 2014,
,,2014 - 2015,
,,2015 - 2016,
,,2016 - 2017,
,,2017 - 2018,
,,2018 - 2019,
,,2019 - 2020,
,,2020 - 2021,
,,2021 - 2022,
,,2022 - 2023,
,West kameng,2000 - 2001,
,,2001 - 2002,
,,2002 - 2003,
,,2003 - 2004,
,,2004 - 2005,
,,2005 - 2006,
,,2006 - 2007,
,,2007 - 2008,
,,2008 - 2009,
,,2009 - 2010,
,,2010 - 2011,
,,2011 - 2012,
,,2012 - 2013,
,,2013 - 2014,
,,2014 - 2015,
,,2015 - 2016,
,,2016 - 2017,
,,2017 - 2018,
,,2018 - 2019,
,,2019 - 2020,
,,2020 - 2021,
,,2021 - 2022,
,,2022 - 2023,
,West siang,2000 - 2001,
,,2001 - 2002,
,,2002 - 2003,
,,2003 - 2004,
,,2004 - 2005,
,,2005 - 2006,
,,2006 - 2007,
,,2007 - 2008,
,,2008 - 2009,
,,2009 - 2010,
,,2010 - 2011,
,,2011 - 2012,
,,2012 - 2013,
,,2013 - 2014,
,,2014 - 2015,
,,2015 - 2016,
,,2016 - 2017,
,,2017 - 2018,
,,2018 - 2019,
,,2019 - 2020,
,,2020 - 2021,
,,2021 - 2022,
,,2022 - 2023,
Assam,Baksa,2005 - 2006,
,,2006 - 2007,
,,2007 - 2008,
,,2008 - 2009,
,,2009 - 2010,
,,2010 - 2011,
,,2011 - 2012,
,,2012 - 2013,
,,2013 - 2014,
,,2014 - 2015,
,,2015 - 2016,
,,2016 - 2017,
,,2017 - 2018,
,,2018 - 2019,
,,2019 - 2020,
,,2020 - 2021,
,,2021 - 2022,
,,2022 - 2023,
,Barpeta,2000 - 2001,
,,2001 - 2002,
,,2002 - 2003,
,,2003 - 2004,
,,2005 - 2006,
,,2006 - 2007,
,,2007 - 2008,
,,2008 - 2009,
,,2009 - 2010,
,,2010 - 2011,
,,2011 - 2012,
,,2012 - 2013,
,,2013 - 2014,
,,2014 - 2015,
,,2015 - 2016,
,,2016 - 2017,
,,2017 - 2018,
,,2018 - 2019,
,,2019 - 2020,
,,2020 - 2021,
,,2021 - 2022,
,,2022 - 2023,
,Biswanath,2020 - 2021,
,,2021 - 2022,
,,2022 - 2023,
,Bongaigaon,2000 - 2001,
,,2001 - 2002,
,,2002 - 2003,
,,2003 - 2004,
,,2005 - 2006,
,,2006 - 2007,
,,2007 - 2008,
,,2008 - 2009,
,,2009 - 2010,
,,2010 - 2011,
,,2011 - 2012,
,,2012 - 2013,
,,2013 - 2014,
,,2014 - 2015,
,,2015 - 2016,
,,2016 - 2017,
,,2017 - 2018,
,,2018 - 2019,
,,2019 - 2020,
,,2020 - 2021,
,,2021 - 2022,
,,2022 - 2023,
,Cachar,2000 - 2001,
,,2001 - 2002,
,,2002 - 2003,
,,2003 - 2004,
,,2005 - 2006,
,,2006 - 2007,
,,2007 - 2008,
,,2008 - 2009,
,,2009 - 2010,
,,2010 - 2011,
,,2011 - 2012,
,,2012 - 2013,
,,2013 - 2014,
,,2014 - 2015,
,,2015 - 2016,
,,2016 - 2017,
,,2017 - 2018,
,,2018 - 2019,
,,2019 - 2020,
,,2020 - 2021,
,,2021 - 2022,
,,2022 - 2023,
,Charaideo,2020 - 2021,
,,2021 - 2022,
,,2022 - 2023,
,Chirang,2005 - 2006,
,,2006 - 2007,
,,2007 - 2008,
,,2008 - 2009,
,,2009 - 2010,
,,2010 - 2011,
,,2011 - 2012,
,,2012 - 2013,
,,2013 - 2014,
,,2014 - 2015,
,,2015 - 2016,
,,2016 - 2017,
,,2017 - 2018,
,,2018 - 2019,
,,2019 - 2020,
,,2020 - 2021,
,,2021 - 2022,
,,2022 - 2023,
,Darrang,2000 - 2001,
,,2001 - 2002,
,,2002 - 2003,
,,2003 - 2004,
,,2005 - 2006,
,,2006 - 2007,
,,2007 - 2008,
,,2008 - 2009,
,,2009 - 2010,
,,2010 - 2011,
,,2011 - 2012,
,,2012 - 2013,
,,2013 - 2014,
,,2014 - 2015,
,,2015 - 2016,
,,2016 - 2017,
,,2017 - 2018,
,,2018 - 2019,
,,2019 - 2020,
,,2020 - 2021,
,,2021 - 2022,
,,2022 - 2023,
,Dhemaji,2000 - 2001,
,,2001 - 2002,
,,2002 - 2003,
,,2003 - 2004,
,,2005 - 2006,
,,2006 - 2007,
,,2007 - 2008,
,,2008 - 2009,
,,2009 - 2010,
,,2010 - 2011,
,,2011 - 2012,
,,2012 - 2013,
,,2013 - 2014,
,,2014 - 2015,
,,2015 - 2016,
,,2016 - 2017,
,,2017 - 2018,
,,2018 - 2019,
,,2019 - 2020,
,,2020 - 2021,
,,2021 - 2022,
,,2022 - 2023,
,Dhubri,2000 - 2001,
,,2001 - 2002,
,,2002 - 2003,
,,2003 - 2004,
,,2005 - 2006,
,,2006 - 2007,
,,2007 - 2008,
,,2008 - 2009,
,,2009 - 2010,
,,2010 - 2011,
,,2011 - 2012,
,,2012 - 2013,
,,2013 - 2014,
,,2014 - 2015,
,,2015 - 2016,
,,2016 - 2017,
,,2017 - 2018,
,,2018 - 2019,
,,2019 - 2020,
,,2020 - 2021,
,,2021 - 2022,
,,2022 - 2023,
,Dibrugarh,2000 - 2001,
,,2001 - 2002,
,,2002 - 2003,
,,2003 - 2004,
,,2005 - 2006,
,,2007 - 2008,
,,2008 - 2009,
,,2009 - 2010,
,,2010 - 2011,
,,2011 - 2012,
,,2012 - 2013,
,,2013 - 2014,
,,2014 - 2015,
,,2015 - 2016,
,,2016 - 2017,
,,2017 - 2018,
,,2018 - 2019,
,,2019 - 2020,
,,2020 - 2021,
,,2021 - 2022,
,,2022 - 2023,
,Dima hasao,2000 - 2001,
,,2001 - 2002,
,,2002 - 2003,
,,2003 - 2004,
,,2005 - 2006,
,,2006 - 2007,
,,2007 - 2008,
,,2008 - 2009,
,,2009 - 2010,
,,2010 - 2011,
,,2011 - 2012,
,,2012 - 2013,
,,2013 - 2014,
,,2014 - 2015,
,,2015 - 2016,
,,2016 - 2017,
,,2017 - 2018,
,,2018 - 2019,
,,2019 - 2020,
,,2020 - 2021,
,,2021 - 2022,
,,2022 - 2023,
,Goalpara,2000 - 2001,
,,2001 - 2002,
,,2002 - 2003,
,,2003 - 2004,
,,2005 - 2006,
,,2006 - 2007,
,,2007 - 2008,
,,2008 - 2009,
,,2009 - 2010,
,,2010 - 2011,
,,2011 - 2012,
,,2012 - 2013,
,,2013 - 2014,
,,2014 - 2015,
,,2015 - 2016,
,,2016 - 2017,
,,2017 - 2018,
,,2018 - 2019,
,,2019 - 2020,
,,2020 - 2021,
,,2021 - 2022,
,,2022 - 2023,
,Golaghat,2000 - 2001,
,,2001 - 2002,
,,2002 - 2003,
,,2003 - 2004,
,,2005 - 2006,
,,2006 - 2007,
,,2007 - 2008,
,,2008 - 2009,
,,2009 - 2010,
,,2010 - 2011,
,,2011 - 2012,
,,2012 - 2013,
,,2013 - 2014,
,,2014 - 2015,
,,2015 - 2016,
,,2016 - 2017,
,,2017 - 2018,
,,2018 - 2019,
,,2019 - 2020,
,,2020 - 2021,
,,2021 - 2022,
,,2022 - 2023,
,Hailakandi,2000 - 2001,
,,2001 - 2002,
,,2002 - 2003,
,,2003 - 2004,
,,2005 - 2006,
,,2007 - 2008,
,,2008 - 2009,
,,2009 - 2010,
,,2010 - 2011,
,,2011 - 2012,
,,2012 - 2013,
,,2013 - 2014,
,,2014 - 2015,
,,2015 - 2016,
,,2016 - 2017,
,,2017 - 2018,
,,2018 - 2019,
,,2019 - 2020,
,,2020 - 2021,
,,2021 - 2022,
,,2022 - 2023,
,Hojai,2020 - 2021,
,,2021 - 2022,
,,2022 - 2023,
,Jorhat,2000 - 2001,
,,2001 - 2002,
,,2002 - 2003,
,,2003 - 2004,
,,2005 - 2006,
,,2006 - 2007,
,,2007 - 2008,
,,2008 - 2009,
,,2009 - 2010,
,,2010 - 2011,
,,2011 - 2012,
,,2012 - 2013,
,,2013 - 2014,
,,2014 - 2015,
,,2015 - 2016,
,,2016 - 2017,
,,2017 - 2018,
,,2018 - 2019,
,,2019 - 2020,
,,2020 - 2021,
,,2021 - 2022,
,,2022 - 2023,
,Kamrup,2000 - 2001,
,,2001 - 2002,
,,2002 - 2003,
,,2003 - 2004,
,,2005 - 2006,
,,2006 - 2007,
,,2007 - 2008,
,,2008 - 2009,
,,2009 - 2010,
,,2010 - 2011,
,,2011 - 2012,
,,2012 - 2013,
,,2013 - 2014,
,,2014 - 2015,
,,2015 - 2016,
,,2016 - 2017,
,,2017 - 2018,
,,2018 - 2019,
,,2019 - 2020,
,,2020 - 2021,
,,2021 - 2022,
,,2022 - 2023,
,Kamrup metro,2005 - 2006,
,,2006 - 2007,
,,2007 - 2008,
,,2008 - 2009,
,,2009 - 2010,
,,2010 - 2011,
,,2011 - 2012,
,,2012 - 2013,
,,2013 - 2014,
,,2014 - 2015,
,,2015 - 2016,
,,2016 - 2017,
,,2017 - 2018,
,,2018 - 2019,
,,2019 - 2020,
,,2020 - 2021,
,,2021 - 2022,
,,2022 - 2023,
,Karbi anglong,2000 - 2001,
,,2001 - 2002,
,,2002 - 2003,
,,2003 - 2004,
,,2005 - 2006,
,,2006 - 2007,
,,2007 - 2008,
,,2008 - 2009,
,,2009 - 2010,
,,2010 - 2011,
,,2011 - 2012,
,,2012 - 2013,
,,2013 - 2014,
,,2014 - 2015,
,,2015 - 2016,
,,2016 - 2017,
,,2017 - 2018,
,,2018 - 2019,
,,2019 - 2020,
,,2020 - 2021,
,,2021 - 2022,
,,2022 - 2023,
,Karimganj,2000 - 2001,
,,2001 - 2002,
,,2002 - 2003,
,,2003 - 2004,
,,2005 - 2006,
,,2006 - 2007,
,,2007 - 2008,
,,2008 - 2009,
,,2009 - 2010,
,,2010 - 2011,
,,2011 - 2012,
,,2012 - 2013,
,,2013 - 2014,
,,2014 - 2015,
,,2015 - 2016,
,,2016 - 2017,
,,2017 - 2018,
,,2018 - 2019,
,,2019 - 2020,
,,2020 - 2021,
,,2021 - 2022,
,,2022 - 2023,
,Kokrajhar,2000 - 2001,
,,2001 - 2002,
,,2002 - 2003,
,,2003 - 2004,
,,2005 - 2006,
,,2006 - 2007,
,,2007 - 2008,
,,2008 - 2009,
,,2009 - 2010,
,,2010 - 2011,
,,2011 - 2012,
,,2012 - 2013,
,,2013 - 2014,
,,2014 - 2015,
,,2015 - 2016,
,,2016 - 2017,
,,2017 - 2018,
,,2018 - 2019,
,,2019 - 2020,
,,2020 - 2021,
,,2021 - 2022,
,,2022 - 2023,
,Lakhimpur,2000 - 2001,
,,2001 - 2002,
,,2002 - 2003,
,,2003 - 2004,
,,2005 - 2006,
,,2006 - 2007,
,,2007 - 2008,
,,2008 - 2009,
,,2009 - 2010,
,,2010 - 2011,
,,2011 - 2012,
,,2012 - 2013,
,,2013 - 2014,
,,2014 - 2015,
,,2015 - 2016,
,,2016 - 2017,
,,2017 - 2018,
,,2018 - 2019,
,,2019 - 2020,
,,2020 - 2021,
,,2021 - 2022,
,,2022 - 2023,
,Majuli,2020 - 2021,
,,2021 - 2022,
,,2022 - 2023,
,Marigaon,2000 - 2001,
,,2001 - 2002,
,,2002 - 2003,
,,2003 - 2004,
,,2005 - 2006,
,,2006 - 2007,
,,2007 - 2008,
,,2008 - 2009,
,,2009 - 2010,
,,2010 - 2011,
,,2011 - 2012,
,,2012 - 2013,
,,2013 - 2014,
,,2014 - 2015,
,,2015 - 2016,
,,2016 - 2017,
,,2017 - 2018,
,,2018 - 2019,
,,2019 - 2020,
,,2020 - 2021,
,,2021 - 2022,
,,2022 - 2023,
,Nagaon,2000 - 2001,
,,2001 - 2002,
,,2002 - 2003,
,,2003 - 2004,
,,2005 - 2006,
,,2006 - 2007,
,,2007 - 2008,
,,2008 - 2009,
,,2009 - 2010,
,,2010 - 2011,
,,2011 - 2012,
,,2012 - 2013,
,,2013 - 2014,
,,2014 - 2015,
,,2015 - 2016,
,,2016 - 2017,
,,2017 - 2018,
,,2018 - 2019,
,,2019 - 2020,
,,2020 - 2021,
,,2021 - 2022,
,,2022 - 2023,
,Nalbari,2000 - 2001,
,,2001 - 2002,
,,2002 - 2003,
,,2003 - 2004,
,,2005 - 2006,
,,2006 - 2007,
,,2007 - 2008,
,,2008 - 2009,
,,2009 - 2010,
,,2010 - 2011,
,,2011 - 2012,
,,2012 - 2013,
,,2013 - 2014,
,,2014 - 2015,
,,2015 - 2016,
,,2016 - 2017,
,,2017 - 2018,
,,2018 - 2019,
,,2019 - 2020,
,,2020 - 2021,
,,2021 - 2022,
,,2022 - 2023,
,Sivasagar,2000 - 2001,
,,2001 - 2002,
,,2002 - 2003,
,,2003 - 2004,
,,2005 - 2006,
,,2006 - 2007,
,,2007 - 2008,
,,2008 - 2009,
,,2009 - 2010,
,,2010 - 2011,
,,2011 - 2012,
,,2012 - 2013,
,,2013 - 2014,
,,2014 - 2015,
,,2015 - 2016,
,,2016 - 2017,
,,2017 - 2018,
,,2018 - 2019,
,,2019 - 2020,
,,2020 - 2021,
,,2021 - 2022,
,,2022 - 2023,
,Sonitpur,2000 - 2001,
,,2001 - 2002,
,,2002 - 2003,
,,2003 - 2004,
,,2005 - 2006,
,,2006 - 2007,
,,2007 - 2008,
,,2008 - 2009,
,,2009 - 2010,
,,2010 - 2011,
,,2011 - 2012,
,,2012 - 2013,
,,2013 - 2014,
,,2014 - 2015,
,,2015 - 2016,
,,2016 - 2017,
,,2017 - 2018,
,,2018 - 2019,
,,2019 - 2020,
,,2020 - 2021,
,,2021 - 2022,
,,2022 - 2023,
,South salmara mancachar,2020 - 2021,
,,2021 - 2022,
,,2022 - 2023,
,Tinsukia,2000 - 2001,
,,2001 - 2002,
,,2002 - 2003,
,,2003 - 2004,
,,2005 - 2006,
,,2006 - 2007,
,,2007 - 2008,
,,2008 - 2009,
,,2009 - 2010,
,,2010 - 2011,
,,2011 - 2012,
,,2012 - 2013,
,,2013 - 2014,
,,2014 - 2015,
,,2015 - 2016,
,,2016 - 2017,
,,2017 - 2018,
,,2018 - 2019,
,,2019 - 2020,
,,2020 - 2021,
,,2021 - 2022,
,,2022 - 2023,
,Udalguri,2005 - 2006,
,,2006 - 2007,
,,2007 - 2008,
,,2008 - 2009,
,,2009 - 2010,
,,2010 - 2011,
,,2011 - 2012,
,,2012 - 2013,
,,2013 - 2014,
,,2014 - 2015,
,,2015 - 2016,
,,2016 - 2017,
,,2017 - 2018,
,,2018 - 2019,
,,2019 - 2020,
,,2020 - 2021,
,,2021 - 2022,
,,2022 - 2023,
,West karbi anglong,2020 - 2021,
,,2021 - 2022,
,,2022 - 2023,
Bihar,Araria,2000 - 2001,2.55
,,2001 - 2002,2.77
,,2002 - 2003,1.9
,,2003 - 2004,2.26
,,2004 - 2005,2.72
,,2005 - 2006,2.99
,,2006 - 2007,4.8
,,2007 - 2008,3.86
,,2008 - 2009,3.56
,,2009 - 2010,2.99
,,2010 - 2011,5.25
,,2011 - 2012,4.27
,,2012 - 2013,3.86
,,2013 - 2014,5.34
,,2014 - 2015,4.01
,,2015 - 2016,3.98
,,2016 - 2017,7.13
,,2017 - 2018,3.74
,,2018 - 2019,3.62
,,2019 - 2020,3.5
,,2020 - 2021,7.29
,,2021 - 2022,3.91
,,2022 - 2023,
,Arwal,2003 - 2004,2.88
,,2004 - 2005,2.83
,,2005 - 2006,2.37
,,2007 - 2008,3.52
,,2008 - 2009,3.22
,,2009 - 2010,3.09
,,2010 - 2011,3.99
,,2011 - 2012,4.47
,,2012 - 2013,5.45
,,2013 - 2014,4.82
,,2014 - 2015,4.21
,,2015 - 2016,3.95
,,2016 - 2017,5.87
,,2017 - 2018,4.2
,,2018 - 2019,3.58
,,2019 - 2020,3.97
,,2020 - 2021,5.18
,,2021 - 2022,4.53
,,2022 - 2023,6.66
,Aurangabad,2000 - 2001,3.0
,,2001 - 2002,2.5
,,2002 - 2003,3.0
,,2003 - 2004,2.75
,,2004 - 2005,3.33
,,2005 - 2006,
,,2006 - 2007,3.25
,,2007 - 2008,3.38
,,2008 - 2009,3.33
,,2009 - 2010,3.11
,,2010 - 2011,4.0
,,2011 - 2012,
,,2012 - 2013,3.8
,,2013 - 2014,4.8
,,2014 - 2015,4.5
,,2015 - 2016,3.83
,,2016 - 2017,
,,2017 - 2018,
,,2018 - 2019,
,,2019 - 2020,
,,2020 - 2021,
,,2021 - 2022,
,Banka,2000 - 2001,3.44
,,2001 - 2002,3.22
,,2002 - 2003,2.61
,,2003 - 2004,2.72
,,2004 - 2005,3.24
,,2005 - 2006,2.76
,,2006 - 2007,3.52
,,2007 - 2008,3.83
,,2008 - 2009,1.82
,,2009 - 2010,2.85
,,2010 - 2011,4.8
,,2011 - 2012,5.55
,,2012 - 2013,6.16
,,2013 - 2014,5.22
,,2014 - 2015,4.14
,,2015 - 2016,5.4
,,2016 - 2017,4.54
,,2017 - 2018,6.32
,,2018 - 2019,4.93
,,2019 - 2020,5.05
,,2020 - 2021,6.17
,,2021 - 2022,5.23
,,2022 - 2023,2.62
,Begusarai,2000 - 2001,2.85
,,2001 - 2002,2.43
,,2002 - 2003,2.72
,,2003 - 2004,3.01
,,2004 - 2005,2.18
,,2005 - 2006,2.15
,,2006 - 2007,3.44
,,2007 - 2008,3.55
,,2008 - 2009,3.23
,,2009 - 2010,2.42
,,2010 - 2011,3.07
,,2011 - 2012,3.33
,,2012 - 2013,5.0
,,2013 - 2014,2.8
,,2014 - 2015,4.25
,,2015 - 2016,2.78
,,2016 - 2017,2.24
,,2017 - 2018,3.9
,,2018 - 2019,2.36
,,2019 - 2020,3.54
,,2020 - 2021,5.36
,,2021 - 2022,3.89
,,2022 - 2023,3.68
,Bhagalpur,2000 - 2001,3.21
,,2001 - 2002,3.23
,,2002 - 2003,2.59
,,2003 - 2004,2.76
,,2004 - 2005,3.12
,,2005 - 2006,2.77
,,2006 - 2007,3.42
,,2007 - 2008,3.69
,,2008 - 2009,1.8
,,2009 - 2010,2.88
,,2010 - 2011,4.88
,,2011 - 2012,5.34
,,2012 - 2013,5.67
,,2013 - 2014,5.21
,,2014 - 2015,4.09
,,2015 - 2016,5.25
,,2016 - 2017,4.57
,,2017 - 2018,6.59
,,2018 - 2019,5.05
,,2019 - 2020,5.14
,,2020 - 2021,6.31
,,2021 - 2022,5.32
,,2022 - 2023,2.87
,Bhojpur,2000 - 2001,2.57
,,2001 - 2002,2.06
,,2002 - 2003,2.85
,,2003 - 2004,2.86
,,2004 - 2005,2.87
,,2005 - 2006,2.51
,,2006 - 2007,3.28
,,2007 - 2008,3.33
,,2008 - 2009,3.23
,,2009 - 2010,3.09
,,2010 - 2011,4.03
,,2011 - 2012,4.43
,,2012 - 2013,5.18
,,2013 - 2014,4.82
,,2014 - 2015,4.16
,,2015 - 2016,3.87
,,2016 - 2017,4.92
,,2017 - 2018,4.67
,,2018 - 2019,2.59
,,2019 - 2020,4.51
,,2020 - 2021,4.91
,,2021 - 2022,4.59
,,2022 - 2023,4.38
,Buxar,2000 - 2001,2.53
,,2001 - 2002,2.06
,,2002 - 2003,2.31
,,2003 - 2004,2.91
,,2004 - 2005,2.67
,,2005 - 2006,2.37
,,2006 - 2007,3.01
,,2007 - 2008,2.91
,,2008 - 2009,3.2
,,2009 - 2010,3.12
,,2010 - 2011,4.0
,,2011 - 2012,4.41
,,2012 - 2013,6.26
,,2013 - 2014,4.81
,,2014 - 2015,3.88
,,2015 - 2016,3.76
,,2016 - 2017,5.39
,,2017 - 2018,4.9
,,2018 - 2019,
,,2019 - 2020,
,,2020 - 2021,
,,2021 - 2022,4.62
,,2022 - 2023,5.42
,Darbhanga,2000 - 2001,3.02
,,2001 - 2002,1.6
,,2002 - 2003,2.31
,,2003 - 2004,1.92
,,2004 - 2005,2.06
,,2005 - 2006,2.54
,,2006 - 2007,3.14
,,2007 - 2008,3.03
,,2008 - 2009,3.23
,,2009 - 2010,3.08
,,2010 - 2011,4.45
,,2011 - 2012,3.46
,,2012 - 2013,4.93
,,2013 - 2014,4.82
,,2014 - 2015,2.94
,,2015 - 2016,2.93
,,2016 - 2017,5.73
,,2017 - 2018,6.03
,,2018 - 2019,3.16
,,2019 - 2020,5.0
,,2020 - 2021,6.14
,,2021 - 2022,
,,2022 - 2023,
,Gaya,2000 - 2001,2.74
,,2001 - 2002,2.31
,,2002 - 2003,3.23
,,2003 - 2004,2.78
,,2004 - 2005,3.01
,,2005 - 2006,2.46
,,2006 - 2007,3.41
,,2007 - 2008,3.6
,,2008 - 2009,3.24
,,2009 - 2010,3.1
,,2010 - 2011,4.21
,,2011 - 2012,4.46
,,2012 - 2013,5.42
,,2013 - 2014,4.82
,,2014 - 2015,4.1
,,2015 - 2016,3.66
,,2016 - 2017,4.05
,,2017 - 2018,4.24
,,2018 - 2019,3.57
,,2019 - 2020,4.05
,,2020 - 2021,5.27
,,2021 - 2022,4.77
,,2022 - 2023,5.81
,Gopalganj,2000 - 2001,2.01
,,2001 - 2002,2.43
,,2002 - 2003,2.61
,,2003 - 2004,3.88
,,2004 - 2005,3.26
,,2005 - 2006,1.67
,,2006 - 2007,3.29
,,2007 - 2008,1.83
,,2008 - 2009,3.26
,,2009 - 2010,1.72
,,2010 - 2011,2.95
,,2011 - 2012,3.7
,,2012 - 2013,2.84
,,2013 - 2014,4.82
,,2014 - 2015,3.47
,,2015 - 2016,3.94
,,2016 - 2017,6.08
,,2017 - 2018,2.89
,,2018 - 2019,2.84
,,2019 - 2020,2.97
,,2020 - 2021,3.58
,,2021 - 2022,4.29
,,2022 - 2023,2.69
,Jamui,2000 - 2001,2.77
,,2001 - 2002,2.35
,,2002 - 2003,1.97
,,2003 - 2004,3.33
,,2004 - 2005,2.21
,,2005 - 2006,2.09
,,2006 - 2007,3.06
,,2007 - 2008,2.95
,,2008 - 2009,3.2
,,2009 - 2010,1.5
,,2010 - 2011,2.32
,,2011 - 2012,3.65
,,2012 - 2013,6.03
,,2013 - 2014,1.96
,,2014 - 2015,3.89
,,2015 - 2016,2.29
,,2016 - 2017,1.91
,,2017 - 2018,3.39
,,2018 - 2019,2.19
,,2019 - 2020,3.38
,,2020 - 2021,4.92
,,2021 - 2022,3.66
,,2022 - 2023,4.06
,Jehanabad,2000 - 2001,2.72
,,2001 - 2002,2.49
,,2002 - 2003,2.75
,,2003 - 2004,2.79
,,2004 - 2005,3.12
,,2005 - 2006,2.45
,,2006 - 2007,3.55
,,2007 - 2008,3.56
,,2008 - 2009,3.24
,,2009 - 2010,3.11
,,2010 - 2011,3.9
,,2011 - 2012,4.53
,,2012 - 2013,6.01
,,2013 - 2014,4.82
,,2014 - 2015,4.21
,,2015 - 2016,3.95
,,2016 - 2017,5.84
,,2017 - 2018,4.9
,,2018 - 2019,3.88
,,2019 - 2020,4.89
,,2020 - 2021,5.83
,,2021 - 2022,5.73
,,2022 - 2023,6.66
,Kaimur (bhabua),2000 - 2001,2.89
,,2001 - 2002,2.06
,,2002 - 2003,2.84
,,2003 - 2004,2.68
,,2004 - 2005,3.42
,,2005 - 2006,2.38
,,2006 - 2007,
,,2007 - 2008,
,,2008 - 2009,
,,2009 - 2010,
,,2010 - 2011,
,,2011 - 2012,4.58
,,2012 - 2013,6.29
,,2013 - 2014,4.83
,,2014 - 2015,4.24
,,2015 - 2016,4.0
,,2016 - 2017,6.07
,,2017 - 2018,
,,2018 - 2019,
,,2019 - 2020,4.11
,,2020 - 2021,5.17
,,2021 - 2022,4.54
,,2022 - 2023,
,Katihar,2000 - 2001,2.64
,,2001 - 2002,2.32
,,2002 - 2003,1.76
,,2003 - 2004,2.4
,,2004 - 2005,2.61
,,2005 - 2006,2.05
,,2006 - 2007,4.8
,,2007 - 2008,3.56
,,2008 - 2009,3.04
,,2009 - 2010,3.47
,,2010 - 2011,4.0
,,2011 - 2012,3.24
,,2012 - 2013,6.3
,,2013 - 2014,4.88
,,2014 - 2015,5.45
,,2015 - 2016,7.11
,,2016 - 2017,8.49
,,2017 - 2018,8.04
,,2018 - 2019,5.3
,,2019 - 2020,7.04
,,2020 - 2021,7.37
,,2021 - 2022,7.77
,,2022 - 2023,9.33
,Khagaria,2000 - 2001,2.81
,,2001 - 2002,2.4
,,2002 - 2003,2.37
,,2003 - 2004,3.21
,,2004 - 2005,2.2
,,2005 - 2006,2.01
,,2006 - 2007,3.35
,,2007 - 2008,3.58
,,2008 - 2009,3.23
,,2009 - 2010,2.4
,,2010 - 2011,3.19
,,2011 - 2012,3.41
,,2012 - 2013,4.83
,,2013 - 2014,3.15
,,2014 - 2015,4.1
,,2015 - 2016,2.57
,,2016 - 2017,2.08
,,2017 - 2018,3.66
,,2018 - 2019,2.27
,,2019 - 2020,3.46
,,2020 - 2021,5.12
,,2021 - 2022,3.75
,,2022 - 2023,4.98
,Kishanganj,2000 - 2001,2.53
,,2001 - 2002,2.45
,,2002 - 2003,2.11
,,2003 - 2004,2.22
,,2004 - 2005,2.78
,,2005 - 2006,2.0
,,2006 - 2007,5.04
,,2007 - 2008,4.05
,,2008 - 2009,3.63
,,2009 - 2010,3.72
,,2010 - 2011,3.54
,,2011 - 2012,3.82
,,2012 - 2013,4.27
,,2013 - 2014,4.69
,,2014 - 2015,4.12
,,2015 - 2016,4.73
,,2016 - 2017,6.31
,,2017 - 2018,4.9
,,2018 - 2019,3.91
,,2019 - 2020,3.94
,,2020 - 2021,6.81
,,2021 - 2022,7.58
,,2022 - 2023,7.83
,Lakhisarai,2000 - 2001,2.55
,,2001 - 2002,2.06
,,2002 - 2003,1.97
,,2003 - 2004,3.63
,,2004 - 2005,2.24
,,2005 - 2006,
,,2006 - 2007,3.4
,,2007 - 2008,2.75
,,2008 - 2009,
,,2009 - 2010,1.33
,,2010 - 2011,2.2
,,2011 - 2012,
,,2012 - 2013,6.27
,,2013 - 2014,
,,2014 - 2015,
,,2015 - 2016,
,,2016 - 2017,
,,2017 - 2018,
,,2018 - 2019,
,,2019 - 2020,
,,2020 - 2021,
,,2021 - 2022,3.59
,,2022 - 2023,3.98
,Madhepura,2000 - 2001,3.95
,,2001 - 2002,2.99
,,2002 - 2003,4.01
,,2003 - 2004,3.5
,,2004 - 2005,4.64
,,2005 - 2006,2.84
,,2006 - 2007,2.93
,,2007 - 2008,4.9
,,2008 - 2009,3.11
,,2009 - 2010,2.71
,,2010 - 2011,3.14
,,2011 - 2012,6.68
,,2012 - 2013,7.81
,,2013 - 2014,5.64
,,2014 - 2015,5.39
,,2015 - 2016,2.65
,,2016 - 2017,3.48
,,2017 - 2018,3.7
,,2018 - 2019,5.37
,,2019 - 2020,5.72
,,2020 - 2021,6.12
,,2021 - 2022,6.13
,,2022 - 2023,5.78
,Madhubani,2000 - 2001,2.76
,,2001 - 2002,2.03
,,2002 - 2003,2.31
,,2003 - 2004,1.81
,,2004 - 2005,2.22
,,2005 - 2006,2.32
,,2006 - 2007,3.7
,,2007 - 2008,3.43
,,2008 - 2009,3.23
,,2009 - 2010,3.08
,,2010 - 2011,4.5
,,2011 - 2012,3.72
,,2012 - 2013,4.24
,,2013 - 2014,4.82
,,2014 - 2015,2.86
,,2015 - 2016,3.49
,,2016 - 2017,4.12
,,2017 - 2018,4.47
,,2018 - 2019,3.4
,,2019 - 2020,5.3
,,2020 - 2021,6.22
,,2021 - 2022,5.08
,,2022 - 2023,5.05
,Munger,2000 - 2001,2.84
,,2001 - 2002,2.44
,,2002 - 2003,2.46
,,2003 - 2004,3.14
,,2004 - 2005,2.21
,,2005 - 2006,1.75
,,2006 - 2007,3.28
,,2007 - 2008,3.25
,,2008 - 2009,3.22
,,2009 - 2010,1.86
,,2010 - 2011,2.53
,,2011 - 2012,3.58
,,2012 - 2013,3.68
,,2013 - 2014,4.34
,,2014 - 2015,3.95
,,2015 - 2016,2.38
,,2016 - 2017,1.97
,,2017 - 2018,3.49
,,2018 - 2019,2.22
,,2019 - 2020,3.4
,,2020 - 2021,4.88
,,2021 - 2022,3.64
,,2022 - 2023,4.24
,Muzaffarpur,2000 - 2001,2.05
,,2001 - 2002,2.57
,,2002 - 2003,2.33
,,2003 - 2004,2.23
,,2004 - 2005,4.07
,,2005 - 2006,1.99
,,2006 - 2007,2.03
,,2007 - 2008,1.09
,,2008 - 2009,3.27
,,2009 - 2010,1.82
,,2010 - 2011,2.63
,,2011 - 2012,3.79
,,2012 - 2013,6.02
,,2013 - 2014,4.94
,,2014 - 2015,4.09
,,2015 - 2016,2.22
,,2016 - 2017,2.06
,,2017 - 2018,1.64
,,2018 - 2019,2.87
,,2019 - 2020,2.98
,,2020 - 2021,3.42
,,2021 - 2022,3.31
,,2022 - 2023,5.78
,Nalanda,2000 - 2001,3.14
,,2001 - 2002,2.8
,,2002 - 2003,2.81
,,2003 - 2004,2.67
,,2004 - 2005,3.4
,,2005 - 2006,2.38
,,2006 - 2007,3.66
,,2007 - 2008,3.99
,,2008 - 2009,3.26
,,2009 - 2010,3.1
,,2010 - 2011,3.89
,,2011 - 2012,4.56
,,2012 - 2013,5.82
,,2013 - 2014,4.82
,,2014 - 2015,4.18
,,2015 - 2016,3.97
,,2016 - 2017,6.02
,,2017 - 2018,5.21
,,2018 - 2019,2.37
,,2019 - 2020,4.45
,,2020 - 2021,4.65
,,2021 - 2022,4.64
,,2022 - 2023,5.89
,Nawada,2000 - 2001,2.85
,,2001 - 2002,2.48
,,2002 - 2003,2.74
,,2003 - 2004,2.82
,,2004 - 2005,2.96
,,2005 - 2006,2.5
,,2006 - 2007,3.27
,,2007 - 2008,3.3
,,2008 - 2009,3.22
,,2009 - 2010,3.08
,,2010 - 2011,4.13
,,2011 - 2012,4.34
,,2012 - 2013,3.86
,,2013 - 2014,4.82
,,2014 - 2015,4.14
,,2015 - 2016,3.87
,,2016 - 2017,4.5
,,2017 - 2018,4.77
,,2018 - 2019,3.65
,,2019 - 2020,4.28
,,2020 - 2021,5.38
,,2021 - 2022,4.89
,,2022 - 2023,5.92
,Pashchim champaran,2000 - 2001,2.55
,,2001 - 2002,2.67
,,2002 - 2003,2.87
,,2003 - 2004,2.1
,,2004 - 2005,3.69
,,2005 - 2006,3.15
,,2006 - 2007,2.13
,,2007 - 2008,2.2
,,2008 - 2009,3.27
,,2009 - 2010,2.45
,,2010 - 2011,2.96
,,2011 - 2012,3.24
,,2012 - 2013,4.99
,,2013 - 2014,3.4
,,2014 - 2015,3.33
,,2015 - 2016,2.82
,,2016 - 2017,3.1
,,2017 - 2018,3.34
,,2018 - 2019,3.14
,,2019 - 2020,3.47
,,2020 - 2021,5.13
,,2021 - 2022,4.18
,,2022 - 2023,4.57
,Patna,2000 - 2001,2.7
,,2001 - 2002,2.24
,,2002 - 2003,2.45
,,2003 - 2004,2.86
,,2004 - 2005,2.88
,,2005 - 2006,2.44
,,2006 - 2007,3.44
,,2007 - 2008,3.65
,,2008 - 2009,3.25
,,2009 - 2010,3.1
,,2010 - 2011,4.05
,,2011 - 2012,4.35
,,2012 - 2013,4.41
,,2013 - 2014,4.82
,,2014 - 2015,3.99
,,2015 - 2016,3.72
,,2016 - 2017,4.53
,,2017 - 2018,4.67
,,2018 - 2019,2.99
,,2019 - 2020,4.11
,,2020 - 2021,5.03
,,2021 - 2022,4.56
,,2022 - 2023,3.43
,Purbi champaran,2000 - 2001,2.83
,,2001 - 2002,2.61
,,2002 - 2003,3.07
,,2003 - 2004,2.25
,,2004 - 2005,3.69
,,2005 - 2006,2.48
,,2006 - 2007,2.11
,,2007 - 2008,2.22
,,2008 - 2009,3.28
,,2009 - 2010,2.47
,,2010 - 2011,2.86
,,2011 - 2012,3.85
,,2012 - 2013,5.87
,,2013 - 2014,4.93
,,2014 - 2015,3.88
,,2015 - 2016,1.75
,,2016 - 2017,3.34
,,2017 - 2018,1.94
,,2018 - 2019,2.69
,,2019 - 2020,3.09
,,2020 - 2021,3.71
,,2021 - 2022,2.91
,,2022 - 2023,4.47
,Purnia,2000 - 2001,2.9
,,2001 - 2002,2.56
,,2002 - 2003,2.18
,,2003 - 2004,2.32
,,2004 - 2005,2.75
,,2005 - 2006,1.66
,,2006 - 2007,4.88
,,2007 - 2008,4.49
,,2008 - 2009,4.02
,,2009 - 2010,4.66
,,2010 - 2011,2.51
,,2011 - 2012,3.16
,,2012 - 2013,2.86
,,2013 - 2014,2.95
,,2014 - 2015,2.2
,,2015 - 2016,5.75
,,2016 - 2017,8.8
,,2017 - 2018,6.46
,,2018 - 2019,5.63
,,2019 - 2020,5.35
,,2020 - 2021,6.5
,,2021 - 2022,5.34
,,2022 - 2023,5.96
,Rohtas,2000 - 2001,3.16
,,2001 - 2002,2.83
,,2002 - 2003,2.83
,,2003 - 2004,2.89
,,2004 - 2005,2.73
,,2005 - 2006,2.38
,,2006 - 2007,3.53
,,2007 - 2008,
,,2008 - 2009,3.22
,,2009 - 2010,3.11
,,2010 - 2011,4.0
,,2011 - 2012,4.67
,,2012 - 2013,4.67
,,2013 - 2014,4.86
,,2014 - 2015,4.0
,,2015 - 2016,3.5
,,2016 - 2017,3.8
,,2017 - 2018,
,Saharsa,2000 - 2001,3.58
,,2001 - 2002,2.65
,,2002 - 2003,2.53
,,2003 - 2004,2.93
,,2004 - 2005,2.68
,,2005 - 2006,3.21
,,2006 - 2007,3.34
,,2007 - 2008,4.17
,,2008 - 2009,3.31
,,2009 - 2010,3.49
,,2010 - 2011,6.41
,,2011 - 2012,5.27
,,2012 - 2013,6.54
,,2013 - 2014,5.32
,,2014 - 2015,4.78
,,2015 - 2016,3.15
,,2016 - 2017,4.86
,,2017 - 2018,4.83
,,2018 - 2019,4.76
,,2019 - 2020,5.03
,,2020 - 2021,4.84
,,2021 - 2022,4.82
,,2022 - 2023,5.4
,Samastipur,2000 - 2001,3.0
,,2001 - 2002,2.0
,,2002 - 2003,2.31
,,2003 - 2004,1.73
,,2004 - 2005,1.91
,,2005 - 2006,2.08
,,2006 - 2007,4.32
,,2007 - 2008,3.84
,,2008 - 2009,3.25
,,2009 - 2010,3.1
,,2010 - 2011,4.54
,,2011 - 2012,4.0
,,2012 - 2013,5.48
,,2013 - 2014,4.82
,,2014 - 2015,2.97
,,2015 - 2016,2.95
,,2016 - 2017,6.22
,,2017 - 2018,6.59
,,2018 - 2019,3.08
,,2019 - 2020,4.95
,,2020 - 2021,5.96
,,2021 - 2022,4.75
,,2022 - 2023,5.12
,Saran,2000 - 2001,1.87
,,2001 - 2002,2.53
,,2002 - 2003,2.63
,,2003 - 2004,4.04
,,2004 - 2005,3.35
,,2005 - 2006,1.51
,,2006 - 2007,3.32
,,2007 - 2008,1.81
,,2008 - 2009,3.27
,,2009 - 2010,1.64
,,2010 - 2011,2.78
,,2011 - 2012,3.75
,,2012 - 2013,2.93
,,2013 - 2014,4.82
,,2014 - 2015,3.48
,,2015 - 2016,3.93
,,2016 - 2017,5.9
,,2017 - 2018,2.95
,,2018 - 2019,2.86
,,2019 - 2020,3.04
,,2020 - 2021,3.7
,,2021 - 2022,4.31
,,2022 - 2023,4.27
,Sheikhpura,2000 - 2001,2.54
,,2001 - 2002,2.83
,,2002 - 2003,1.98
,,2003 - 2004,3.67
,,2004 - 2005,2.24
,,2005 - 2006,2.26
,,2006 - 2007,3.68
,,2007 - 2008,3.68
,,2008 - 2009,3.27
,,2009 - 2010,3.11
,,2010 - 2011,3.86
,,2011 - 2012,3.24
,,2012 - 2013,
,,2013 - 2014,1.97
,,2014 - 2015,4.24
,,2015 - 2016,2.54
,,2016 - 2017,2.14
,,2017 - 2018,3.67
,,2018 - 2019,2.28
,,2019 - 2020,3.46
,,2020 - 2021,5.07
,,2021 - 2022,3.74
,,2022 - 2023,4.66
,Sheohar,2000 - 2001,2.58
,,2001 - 2002,2.66
,,2002 - 2003,3.13
,,2003 - 2004,2.26
,,2004 - 2005,3.74
,,2005 - 2006,2.48
,,2006 - 2007,2.28
,,2007 - 2008,
,,2008 - 2009,
,,2009 - 2010,
,,2010 - 2011,4.22
,,2011 - 2012,4.27
,,2012 - 2013,3.86
,,2013 - 2014,4.83
,,2014 - 2015,3.89
,,2015 - 2016,3.51
,,2016 - 2017,3.57
,,2017 - 2018,3.17
,,2018 - 2019,3.01
,,2019 - 2020,3.31
,,2020 - 2021,4.71
,,2021 - 2022,
,,2022 - 2023,
,Sitamarhi,2000 - 2001,2.48
,,2001 - 2002,2.63
,,2002 - 2003,3.1
,,2003 - 2004,2.24
,,2004 - 2005,3.12
,,2005 - 2006,2.48
,,2006 - 2007,2.13
,,2007 - 2008,2.21
,,2008 - 2009,3.28
,,2009 - 2010,2.46
,,2010 - 2011,2.86
,,2011 - 2012,3.91
,,2012 - 2013,5.61
,,2013 - 2014,4.95
,,2014 - 2015,3.88
,,2015 - 2016,1.93
,,2016 - 2017,2.28
,,2017 - 2018,2.37
,,2018 - 2019,2.62
,,2019 - 2020,2.81
,,2020 - 2021,3.08
,,2021 - 2022,3.76
,,2022 - 2023,5.89
,Siwan,2000 - 2001,2.19
,,2001 - 2002,2.35
,,2002 - 2003,2.67
,,2003 - 2004,4.04
,,2004 - 2005,3.34
,,2005 - 2006,1.61
,,2006 - 2007,3.31
,,2007 - 2008,1.76
,,2008 - 2009,3.27
,,2009 - 2010,1.58
,,2010 - 2011,2.75
,,2011 - 2012,3.74
,,2012 - 2013,2.87
,,2013 - 2014,4.82
,,2014 - 2015,3.56
,,2015 - 2016,3.88
,,2016 - 2017,5.58
,,2017 - 2018,3.16
,,2018 - 2019,2.99
,,2019 - 2020,3.19
,,2020 - 2021,3.93
,,2021 - 2022,4.35
,,2022 - 2023,3.64
,Supaul,2000 - 2001,2.99
,,2001 - 2002,2.2
,,2002 - 2003,2.19
,,2003 - 2004,2.59
,,2004 - 2005,3.77
,,2005 - 2006,3.29
,,2006 - 2007,4.75
,,2007 - 2008,2.14
,,2008 - 2009,3.38
,,2009 - 2010,4.36
,,2010 - 2011,5.68
,,2011 - 2012,3.75
,,2012 - 2013,6.82
,,2013 - 2014,5.35
,,2014 - 2015,5.12
,,2015 - 2016,3.45
,,2016 - 2017,4.08
,,2017 - 2018,5.7
,,2018 - 2019,4.93
,,2019 - 2020,8.77
,,2020 - 2021,7.04
,,2021 - 2022,5.77
,,2022 - 2023,9.01
,Vaishali,2000 - 2001,2.7
,,2001 - 2002,2.55
,,2002 - 2003,4.05
,,2003 - 2004,2.37
,,2004 - 2005,2.93
,,2005 - 2006,2.71
,,2006 - 2007,2.17
,,2007 - 2008,3.14
,,2008 - 2009,3.29
,,2009 - 2010,2.91
,,2010 - 2011,2.75
,,2011 - 2012,4.13
,,2012 - 2013,5.67
,,2013 - 2014,5.38
,,2014 - 2015,3.88
,,2015 - 2016,2.37
,,2016 - 2017,2.65
,,2017 - 2018,3.56
,,2018 - 2019,2.59
,,2019 - 2020,2.83
,,2020 - 2021,3.01
,,2021 - 2022,4.56
,,2022 - 2023,4.38
Chandigarh,Chandigarh,2000 - 2001,
,,2001 - 2002,
,,2002 - 2003,
,,2003 - 2004,
,,2004 - 2005,
,,2005 - 2006,
,,2006 - 2007,
,,2007 - 2008,
,,2008 - 2009,
,,2009 - 2010,
,,2010 - 2011,
,,2011 - 2012,
,,2012 - 2013,
,,2013 - 2014,
,,2014 - 2015,
,,2015 - 2016,
,,2019 - 2020,
,,2020 - 2021,
,,2021 - 2022,
,,2022 - 2023,
Chhattisgarh,Balod,2011 - 2012,
,,2012 - 2013,
,,2013 - 2014,
,,2014 - 2015,
,,2015 - 2016,
,,2016 - 2017,
,,2017 - 2018,
,,2018 - 2019,
,,2019 - 2020,
,,2020 - 2021,
,,2021 - 2022,
,,2022 - 2023,
,Baloda bazar,2011 - 2012,
,,2012 - 2013,
,,2013 - 2014,
,,2014 - 2015,
,,2015 - 2016,
,,2016 - 2017,
,,2017 - 2018,
,,2018 - 2019,
,,2019 - 2020,
,,2020 - 2021,
,,2021 - 2022,
,,2022 - 2023,
,Balrampur,2011 - 2012,
,,2012 - 2013,
,,2013 - 2014,1.83
,,2014 - 2015,
,,2015 - 2016,
,,2016 - 2017,
,,2017 - 2018,
,,2018 - 2019,
,,2019 - 2020,
,,2020 - 2021,
,,2021 - 2022,
,,2022 - 2023,
,Bastar,2000 - 2001,
,,2001 - 2002,
,,2002 - 2003,
,,2003 - 2004,
,,2004 - 2005,
,,2005 - 2006,
,,2006 - 2007,
,,2007 - 2008,
,,2008 - 2009,
,,2009 - 2010,
,,2010 - 2011,
,,2011 - 2012,
,,2012 - 2013,
,,2013 - 2014,
,,2014 - 2015,
,,2015 - 2016,
,,2016 - 2017,
,,2017 - 2018,
,,2018 - 2019,
,,2019 - 2020,
,,2020 - 2021,
,,2021 - 2022,
,,2022 - 2023,
,Bemetara,2011 - 2012,
,,2012 - 2013,
,,2013 - 2014,
,,2014 - 2015,
,,2015 - 2016,
,,2016 - 2017,
,,2017 - 2018,
,,2018 - 2019,
,,2019 - 2020,
,,2020 - 2021,
,,2021 - 2022,
,,2022 - 2023,
,Bijapur,2006 - 2007,
,,2007 - 2008,
,,2008 - 2009,
,,2009 - 2010,
,,2010 - 2011,
,,2011 - 2012,
,,2012 - 2013,
,,2013 - 2014,
,,2014 - 2015,
,,2015 - 2016,
,,2016 - 2017,
,,2017 - 2018,
,,2018 - 2019,
,,2019 - 2020,
,,2020 - 2021,
,,2021 - 2022,
,,2022 - 2023,
,Bilaspur,2000 - 2001,
,,2001 - 2002,
,,2002 - 2003,
,,2003 - 2004,
,,2004 - 2005,
,,2005 - 2006,
,,2006 - 2007,
,,2007 - 2008,
,,2008 - 2009,
,,2009 - 2010,
,,2010 - 2011,
,,2011 - 2012,
,,2012 - 2013,
,,2013 - 2014,
,,2014 - 2015,
,,2015 - 2016,
,,2016 - 2017,
,,2017 - 2018,
,,2018 - 2019,
,,2019 - 2020,
,,2020 - 2021,
,,2021 - 2022,
,,2022 - 2023,
,Dantewada,2000 - 2001,
,,2001 - 2002,
,,2002 - 2003,
,,2003 - 2004,
,,2004 - 2005,
,,2005 - 2006,
,,2006 - 2007,
,,2007 - 2008,
,,2008 - 2009,
,,2009 - 2010,
,,2010 - 2011,
,,2011 - 2012,
,,2012 - 2013,
,,2013 - 2014,
,,2014 - 2015,
,,2015 - 2016,
,,2016 - 2017,
,,2017 - 2018,
,,2018 - 2019,
,,2019 - 2020,
,,2020 - 2021,
,,2021 - 2022,
,,2022 - 2023,
,Dhamtari,2000 - 2001,
,,2001 - 2002,
,,2002 - 2003,
,,2003 - 2004,
,,2004 - 2005,
,,2005 - 2006,
,,2006 - 2007,
,,2007 - 2008,
,,2008 - 2009,
,,2009 - 2010,
,,2010 - 2011,
,,2011 - 2012,
,,2012 - 2013,
,,2013 - 2014,
,,2014 - 2015,
,,2015 - 2016,
,,2016 - 2017,
,,2017 - 2018,
,,2018 - 2019,
,,2019 - 2020,
,,2020 - 2021,
,,2021 - 2022,
,,2022 - 2023,
,Durg,2000 - 2001,
,,2001 - 2002,
,,2002 - 2003,
,,2003 - 2004,
,,2004 - 2005,
,,2005 - 2006,
,,2006 - 2007,
,,2007 - 2008,
,,2008 - 2009,
,,2009 - 2010,
,,2010 - 2011,
,,2011 - 2012,
,,2012 - 2013,
,,2013 - 2014,
,,2014 - 2015,
,,2015 - 2016,
,,2016 - 2017,
,,2017 - 2018,
,,2018 - 2019,
,,2019 - 2020,
,,2020 - 2021,
,,2021 - 2022,
,,2022 - 2023,
,Gariyaband,2011 - 2012,
,,2012 - 2013,
,,2013 - 2014,
,,2014 - 2015,
,,2015 - 2016,
,,2016 - 2017,
,,2017 - 2018,
,,2018 - 2019,
,,2019 - 2020,
,,2020 - 2021,
,,2021 - 2022,
,,2022 - 2023,
,Gaurella-pendra-marwahi,2019 - 2020,
,,2020 - 2021,
,,2021 - 2022,
,,2022 - 2023,
,Janjgir-champa,2000 - 2001,
,,2001 - 2002,
,,2002 - 2003,
,,2003 - 2004,
,,2004 - 2005,
,,2005 - 2006,
,,2006 - 2007,
,,2007 - 2008,
,,2008 - 2009,
,,2009 - 2010,
,,2010 - 2011,
,,2011 - 2012,
,,2012 - 2013,
,,2013 - 2014,
,,2014 - 2015,
,,2015 - 2016,
,,2016 - 2017,
,,2017 - 2018,
,,2018 - 2019,
,,2019 - 2020,
,,2020 - 2021,
,,2021 - 2022,
,,2022 - 2023,
,Jashpur,2000 - 2001,
,,2001 - 2002,
,,2002 - 2003,
,,2003 - 2004,
,,2004 - 2005,
,,2005 - 2006,
,,2006 - 2007,
,,2007 - 2008,
,,2008 - 2009,
,,2009 - 2010,
,,2010 - 2011,
,,2011 - 2012,
,,2012 - 2013,
,,2013 - 2014,
,,2014 - 2015,
,,2015 - 2016,
,,2016 - 2017,
,,2017 - 2018,
,,2018 - 2019,
,,2019 - 2020,
,,2020 - 2021,
,,2021 - 2022,
,,2022 - 2023,
,Kabirdham,2000 - 2001,
,,2001 - 2002,
,,2002 - 2003,
,,2003 - 2004,
,,2004 - 2005,
,,2005 - 2006,
,,2006 - 2007,
,,2007 - 2008,
,,2008 - 2009,
,,2009 - 2010,
,,2010 - 2011,
,,2011 - 2012,
,,2012 - 2013,
,,2013 - 2014,
,,2014 - 2015,
,,2015 - 2016,
,,2016 - 2017,
,,2017 - 2018,
,,2018 - 2019,
,,2019 - 2020,
,,2020 - 2021,
,,2021 - 2022,
,,2022 - 2023,
,Kanker,2000 - 2001,
,,2001 - 2002,
,,2002 - 2003,
,,2003 - 2004,
,,2004 - 2005,
,,2005 - 2006,
,,2006 - 2007,
,,2007 - 2008,
,,2008 - 2009,
,,2009 - 2010,
,,2010 - 2011,
,,2011 - 2012,
,,2012 - 2013,
,,2013 - 2014,
,,2014 - 2015,
,,2015 - 2016,
,,2016 - 2017,
,,2017 - 2018,
,,2018 - 2019,
,,2019 - 2020,
,,2020 - 2021,
,,2021 - 2022,
,,2022 - 2023,
,Khairgarh chhuikhadan gandai,2022 - 2023,
,Kondagaon,2011 - 2012,
,,2012 - 2013,
,,2013 - 2014,
,,2014 - 2015,
,,2015 - 2016,
,,2016 - 2017,
,,2017 - 2018,
,,2018 - 2019,
,,2019 - 2020,
,,2020 - 2021,
,,2021 - 2022,
,,2022 - 2023,
,Korba,2000 - 2001,
,,2001 - 2002,
,,2002 - 2003,
,,2003 - 2004,
,,2004 - 2005,
,,2005 - 2006,
,,2006 - 2007,
,,2007 - 2008,
,,2008 - 2009,
,,2009 - 2010,
,,2010 - 2011,
,,2011 - 2012,
,,2012 - 2013,
,,2013 - 2014,
,,2014 - 2015,
,,2015 - 2016,
,,2016 - 2017,
,,2017 - 2018,
,,2018 - 2019,
,,2019 - 2020,
,,2020 - 2021,
,,2021 - 2022,
,,2022 - 2023,
,Korea,2000 - 2001,
,,2001 - 2002,
,,2002 - 2003,
,,2003 - 2004,
,,2004 - 2005,
,,2005 - 2006,
,,2006 - 2007,
,,2007 - 2008,
,,2008 - 2009,
,,2009 - 2010,
,,2010 - 2011,
,,2011 - 2012,
,,2012 - 2013,
,,2013 - 2014,
,,2014 - 2015,
,,2015 - 2016,
,,2016 - 2017,
,,2017 - 2018,
,,2018 - 2019,
,,2019 - 2020,
,,2020 - 2021,
,,2021 - 2022,
,,2022 - 2023,
,Mahasamund,2000 - 2001,
,,2001 - 2002,
,,2002 - 2003,
,,2003 - 2004,
,,2004 - 2005,
,,2005 - 2006,
,,2006 - 2007,
,,2007 - 2008,
,,2008 - 2009,
,,2009 - 2010,
,,2010 - 2011,
,,2011 - 2012,
,,2012 - 2013,
,,2013 - 2014,
,,2014 - 2015,
,,2015 - 2016,
,,2016 - 2017,
,,2017 - 2018,
,,2018 - 2019,
,,2019 - 2020,
,,2020 - 2021,
,,2021 - 2022,
,,2022 - 2023,
,Manendragarh chirimiri bharatpur,2022 - 2023,
,Mohla manpur ambagarh chouki,2022 - 2023,
,Mungeli,2011 - 2012,
,,2012 - 2013,
,,2013 - 2014,
,,2014 - 2015,
,,2015 - 2016,
,,2016 - 2017,
,,2017 - 2018,
,,2018 - 2019,
,,2019 - 2020,
,,2020 - 2021,
,,2021 - 2022,
,,2022 - 2023,
,Narayanpur,2006 - 2007,
,,2007 - 2008,
,,2008 - 2009,
,,2009 - 2010,
,,2010 - 2011,
,,2011 - 2012,
,,2012 - 2013,
,,2013 - 2014,
,,2014 - 2015,
,,2015 - 2016,
,,2016 - 2017,
,,2017 - 2018,
,,2018 - 2019,
,,2019 - 2020,
,,2020 - 2021,
,,2021 - 2022,
,,2022 - 2023,
,Raigarh,2000 - 2001,
,,2001 - 2002,
,,2002 - 2003,
,,2003 - 2004,
,,2004 - 2005,
,,2005 - 2006,
,,2006 - 2007,
,,2007 - 2008,
,,2008 - 2009,
,,2009 - 2010,
,,2010 - 2011,
,,2011 - 2012,
,,2012 - 2013,
,,2013 - 2014,
,,2014 - 2015,
,,2015 - 2016,
,,2016 - 2017,
,,2017 - 2018,
,,2018 - 2019,
,,2019 - 2020,
,,2020 - 2021,
,,2021 - 2022,
,,2022 - 2023,
,Raipur,2000 - 2001,
,,2001 - 2002,
,,2002 - 2003,
,,2003 - 2004,
,,2004 - 2005,
,,2005 - 2006,
,,2006 - 2007,
,,2007 - 2008,
,,2008 - 2009,
,,2009 - 2010,
,,2010 - 2011,
,,2011 - 2012,
,,2012 - 2013,
,,2013 - 2014,
,,2014 - 2015,
,,2015 - 2016,
,,2016 - 2017,
,,2017 - 2018,
,,2018 - 2019,
,,2019 - 2020,
,,2020 - 2021,
,,2021 - 2022,
,,2022 - 2023,
,Rajnandgaon,2000 - 2001,
,,2001 - 2002,
,,2002 - 2003,
,,2003 - 2004,
,,2004 - 2005,
,,2005 - 2006,
,,2006 - 2007,
,,2007 - 2008,
,,2008 - 2009,
,,2009 - 2010,
,,2010 - 2011,
,,2011 - 2012,
,,2012 - 2013,
,,2013 - 2014,
,,2014 - 2015,
,,2015 - 2016,
,,2016 - 2017,
,,2017 - 2018,
,,2018 - 2019,
,,2019 - 2020,
,,2020 - 2021,
,,2021 - 2022,
,,2022 - 2023,
,Sakti,2022 - 2023,
,Sarangarh bilaigarh,2022 - 2023,
,Sukma,2011 - 2012,
,,2012 - 2013,
,,2013 - 2014,
,,2014 - 2015,
,,2015 - 2016,
,,2016 - 2017,
,,2017 - 2018,
,,2018 - 2019,
,,2019 - 2020,
,,2020 - 2021,
,,2021 - 2022,
,,2022 - 2023,
,Surajpur,2011 - 2012,
,,2012 - 2013,
,,2013 - 2014,
,,2014 - 2015,
,,2015 - 2016,
,,2016 - 2017,
,,2017 - 2018,
,,2018 - 2019,
,,2019 - 2020,
,,2020 - 2021,
,,2021 - 2022,
,,2022 - 2023,
,Surguja,2000 - 2001,
,,2001 - 2002,
,,2002 - 2003,
,,2003 - 2004,
,,2004 - 2005,
,,2005 - 2006,
,,2006 - 2007,
,,2007 - 2008,
,,2008 - 2009,
,,2009 - 2010,
,,2010 - 2011,
,,2011 - 2012,
,,2012 - 2013,
,,2013 - 2014,
,,2014 - 2015,
,,2015 - 2016,
,,2016 - 2017,
,,2017 - 2018,
,,2018 - 2019,
,,2019 - 2020,
,,2020 - 2021,
,,2021 - 2022,
,,2022 - 2023,
Dadra and Nagar Haveli,Dadra and Nagar Haveli,2000 - 2001,
,,2001 - 2002,
,,2002 - 2003,
,,2003 - 2004,
,,2004 - 2005,
,,2005 - 2006,
,,2006 - 2007,
,,2010 - 2011,
,,2011 - 2012,
,,2012 - 2013,
,,2013 - 2014,
,,2014 - 2015,
,,2015 - 2016,
,,2016 - 2017,
,,2017 - 2018,
,,2018 - 2019,
,,2019 - 2020,
Delhi,Delhi_total,2008 - 2009,
,,2009 - 2010,
,,2010 - 2011,
,,2011 - 2012,
,,2012 - 2013,
,,2013 - 2014,
,,2014 - 2015,
,,2015 - 2016,
,,2016 - 2017,
,,2017 - 2018,
,,2018 - 2019,
,,2019 - 2020,
Gujarat,Ahmadabad,2000 - 2001,
,,2001 - 2002,
,,2002 - 2003,
,,2003 - 2004,
,,2005 - 2006,
,,2009 - 2010,
,,2010 - 2011,
,,2016 - 2017,2.11
,,2017 - 2018,2.11
,,2019 - 2020,
,Amreli,2000 - 2001,
,,2001 - 2002,
,,2002 - 2003,
,,2003 - 2004,
,,2004 - 2005,
,,2005 - 2006,
,,2006 - 2007,
,,2007 - 2008,
,,2008 - 2009,
,,2009 - 2010,
,,2010 - 2011,
,,2012 - 2013,
,,2014 - 2015,1.36
,,2016 - 2017,2.03
,,2018 - 2019,0.0
,,2019 - 2020,2.3
,,2021 - 2022,2.0
,,2022 - 2023,1.5
,Anand,2007 - 2008,
,,2008 - 2009,
,,2009 - 2010,
,,2010 - 2011,
,,2011 - 2012,2.0
,,2012 - 2013,1.0
,,2013 - 2014,2.0
,,2014 - 2015,2.0
,,2015 - 2016,
,,2016 - 2017,
,,2017 - 2018,
,,2018 - 2019,
,,2019 - 2020,
,,2020 - 2021,2.0
,,2021 - 2022,
,,2022 - 2023,
,Aravalli,2014 - 2015,1.97
,,2015 - 2016,2.38
,,2016 - 2017,2.32
,,2017 - 2018,2.35
,,2018 - 2019,2.21
,,2019 - 2020,2.8
,,2020 - 2021,2.8
,,2021 - 2022,2.65
,,2022 - 2023,2.75
,Banas kantha,2000 - 2001,
,,2001 - 2002,
,,2002 - 2003,
,,2003 - 2004,
,,2004 - 2005,
,,2005 - 2006,
,,2006 - 2007,
,,2007 - 2008,
,,2008 - 2009,
,,2009 - 2010,
,,2010 - 2011,
,,2011 - 2012,
,,2012 - 2013,
,,2013 - 2014,
,,2014 - 2015,
,,2015 - 2016,
,,2016 - 2017,1.68
,,2017 - 2018,
,,2018 - 2019,2.71
,,2019 - 2020,2.0
,,2020 - 2021,2.15
,,2021 - 2022,
,,2022 - 2023,2.24
,Bharuch,2000 - 2001,
,,2001 - 2002,
,,2002 - 2003,
,,2003 - 2004,
,,2004 - 2005,
,,2005 - 2006,
,,2006 - 2007,
,,2007 - 2008,
,,2008 - 2009,
,,2009 - 2010,
,,2010 - 2011,2.0
,,2011 - 2012,2.0
,,2012 - 2013,2.0
,,2013 - 2014,
,,2014 - 2015,
,,2015 - 2016,
,,2016 - 2017,
,,2017 - 2018,
,,2018 - 2019,
,,2019 - 2020,2.27
,,2020 - 2021,
,,2021 - 2022,
,Bhavnagar,2000 - 2001,
,,2001 - 2002,
,,2002 - 2003,
,,2003 - 2004,
,,2004 - 2005,
,,2005 - 2006,
,,2006 - 2007,
,,2007 - 2008,
,,2008 - 2009,
,,2009 - 2010,
,,2010 - 2011,
,,2011 - 2012,
,,2012 - 2013,
,,2013 - 2014,1.88
,,2014 - 2015,
,,2015 - 2016,
,,2016 - 2017,
,,2017 - 2018,
,,2018 - 2019,
,,2019 - 2020,2.2
,,2020 - 2021,2.2
,,2021 - 2022,2.42
,,2022 - 2023,2.21
,Botad,2014 - 2015,
,,2015 - 2016,
,,2016 - 2017,
,,2018 - 2019,
,,2019 - 2020,
,,2020 - 2021,
,Chhotaudepur,2014 - 2015,2.2
,,2015 - 2016,2.14
,,2016 - 2017,2.15
,,2017 - 2018,2.16
,,2018 - 2019,2.16
,,2019 - 2020,2.15
,,2020 - 2021,2.15
,,2021 - 2022,2.25
,,2022 - 2023,1.35
,Dang,2000 - 2001,
,,2001 - 2002,
,,2002 - 2003,
,,2004 - 2005,
,,2005 - 2006,
,,2006 - 2007,
,,2007 - 2008,
,,2008 - 2009,
,,2009 - 2010,
,,2010 - 2011,
,,2011 - 2012,
,,2012 - 2013,
,,2013 - 2014,
,,2015 - 2016,
,,2016 - 2017,
,,2019 - 2020,
,,2020 - 2021,
,,2021 - 2022,
,,2022 - 2023,
,Devbhumi dwarka,2017 - 2018,
,Dohad,2003 - 2004,
,,2004 - 2005,
,,2005 - 2006,
,,2006 - 2007,
,,2007 - 2008,
,,2008 - 2009,
,,2009 - 2010,
,,2010 - 2011,
,,2011 - 2012,
,,2012 - 2013,
,,2013 - 2014,
,,2014 - 2015,1.94
,,2015 - 2016,1.95
,,2016 - 2017,
,,2017 - 2018,1.95
,,2018 - 2019,1.95
,,2019 - 2020,
,,2020 - 2021,2.0
,,2021 - 2022,
,,2022 - 2023,
,Gandhinagar,2000 - 2001,
,,2001 - 2002,
,,2002 - 2003,
,,2003 - 2004,
,,2006 - 2007,
,,2007 - 2008,
,,2008 - 2009,
,,2009 - 2010,
,,2010 - 2011,
,,2011 - 2012,
,,2012 - 2013,
,,2013 - 2014,
,,2014 - 2015,
,,2015 - 2016,2.11
,,2017 - 2018,2.12
,,2018 - 2019,
,,2019 - 2020,2.15
,,2021 - 2022,
,,2022 - 2023,
,Gir somnath,2018 - 2019,
,,2019 - 2020,
,,2021 - 2022,
,,2022 - 2023,
,Jamnagar,2000 - 2001,
,,2001 - 2002,
,,2002 - 2003,
,,2003 - 2004,
,,2004 - 2005,
,,2005 - 2006,
,,2006 - 2007,
,,2007 - 2008,
,,2008 - 2009,
,,2009 - 2010,
,,2010 - 2011,
,,2017 - 2018,
,,2018 - 2019,
,Junagadh,2000 - 2001,
,,2002 - 2003,
,,2010 - 2011,
,,2014 - 2015,1.88
,,2015 - 2016,
,,2018 - 2019,0.0
,,2019 - 2020,
,,2020 - 2021,
,Kachchh,2012 - 2013,
,,2013 - 2014,
,,2014 - 2015,1.93
,,2015 - 2016,2.14
,,2016 - 2017,2.1
,,2017 - 2018,2.11
,,2019 - 2020,2.29
,,2021 - 2022,2.35
,Kheda,2000 - 2001,
,,2001 - 2002,
,,2002 - 2003,
,,2003 - 2004,
,,2004 - 2005,
,,2005 - 2006,
,,2006 - 2007,
,,2007 - 2008,
,,2008 - 2009,
,,2009 - 2010,
,,2010 - 2011,2.08
,,2011 - 2012,
,,2012 - 2013,1.0
,,2013 - 2014,1.56
,,2014 - 2015,
,,2015 - 2016,
,,2016 - 2017,2.09
,,2017 - 2018,2.05
,,2018 - 2019,2.05
,,2019 - 2020,2.4
,,2020 - 2021,2.2
,,2021 - 2022,2.29
,,2022 - 2023,2.23
,Mahesana,2000 - 2001,
,,2001 - 2002,
,,2002 - 2003,
,,2003 - 2004,
,,2004 - 2005,
,,2005 - 2006,
,,2006 - 2007,
,,2007 - 2008,
,,2008 - 2009,
,,2009 - 2010,
,,2010 - 2011,
,,2011 - 2012,
,,2012 - 2013,
,,2013 - 2014,
,,2014 - 2015,
,,2015 - 2016,
,,2016 - 2017,
,,2017 - 2018,2.14
,,2018 - 2019,
,,2019 - 2020,2.09
,,2020 - 2021,
,,2021 - 2022,
,,2022 - 2023,
,Mahisagar,2014 - 2015,1.83
,,2015 - 2016,1.96
,,2016 - 2017,2.5
,,2017 - 2018,2.5
,,2018 - 2019,2.54
,,2019 - 2020,1.98
,,2020 - 2021,2.02
,,2021 - 2022,2.21
,,2022 - 2023,2.01
,Morbi,2017 - 2018,1.25
,,2018 - 2019,1.0
,,2019 - 2020,2.5
,,2020 - 2021,
,Narmada,2003 - 2004,
,,2004 - 2005,
,,2005 - 2006,
,,2006 - 2007,
,,2007 - 2008,
,,2008 - 2009,
,,2009 - 2010,
,,2010 - 2011,2.06
,,2011 - 2012,1.94
,,2012 - 2013,2.25
,,2013 - 2014,2.02
,,2014 - 2015,1.99
,,2015 - 2016,2.33
,,2016 - 2017,2.18
,,2017 - 2018,2.19
,,2018 - 2019,2.19
,,2019 - 2020,2.19
,,2020 - 2021,2.1
,,2021 - 2022,2.3
,,2022 - 2023,2.19
,Navsari,2013 - 2014,
,,2014 - 2015,
,,2015 - 2016,
,,2016 - 2017,
,,2017 - 2018,
,,2018 - 2019,
,,2019 - 2020,2.3
,,2020 - 2021,0.91
,,2021 - 2022,1.4
,,2022 - 2023,1.05
,Panch mahals,2000 - 2001,
,,2001 - 2002,
,,2002 - 2003,
,,2003 - 2004,
,,2004 - 2005,
,,2005 - 2006,
,,2006 - 2007,
,,2007 - 2008,
,,2008 - 2009,
,,2009 - 2010,
,,2010 - 2011,2.0
,,2011 - 2012,2.2
,,2012 - 2013,2.58
,,2013 - 2014,2.26
,,2014 - 2015,2.3
,,2015 - 2016,2.58
,,2016 - 2017,2.5
,,2017 - 2018,2.5
,,2018 - 2019,2.5
,,2019 - 2020,2.35
,,2020 - 2021,2.45
,,2021 - 2022,2.48
,,2022 - 2023,2.45
,Patan,2010 - 2011,
,,2017 - 2018,2.08
,,2020 - 2021,
,,2021 - 2022,
,Porbandar,2009 - 2010,
,,2010 - 2011,
,,2014 - 2015,
,,2022 - 2023,1.65
,Rajkot,2000 - 2001,
,,2001 - 2002,
,,2002 - 2003,
,,2003 - 2004,
,,2004 - 2005,
,,2005 - 2006,
,,2006 - 2007,
,,2007 - 2008,
,,2008 - 2009,
,,2009 - 2010,
,,2010 - 2011,
,,2012 - 2013,
,,2013 - 2014,1.91
,,2014 - 2015,1.91
,,2015 - 2016,1.91
,,2016 - 2017,
,,2017 - 2018,2.32
,,2018 - 2019,2.32
,,2019 - 2020,2.2
,,2020 - 2021,2.25
,,2021 - 2022,
,Sabar kantha,2000 - 2001,
,,2001 - 2002,
,,2002 - 2003,
,,2003 - 2004,
,,2004 - 2005,
,,2005 - 2006,
,,2006 - 2007,
,,2007 - 2008,
,,2008 - 2009,
,,2009 - 2010,
,,2010 - 2011,1.99
,,2011 - 2012,2.21
,,2012 - 2013,1.46
,,2013 - 2014,1.98
,,2014 - 2015,1.97
,,2015 - 2016,2.38
,,2016 - 2017,2.17
,,2017 - 2018,2.17
,,2018 - 2019,2.1
,,2019 - 2020,3.5
,,2020 - 2021,3.0
,,2021 - 2022,2.83
,,2022 - 2023,4.0
,Surat,2000 - 2001,
,,2001 - 2002,
,,2002 - 2003,
,,2003 - 2004,
,,2004 - 2005,
,,2005 - 2006,
,,2006 - 2007,
,,2007 - 2008,
,,2008 - 2009,
,,2009 - 2010,
,,2010 - 2011,1.89
,,2011 - 2012,0.0
,,2012 - 2013,
,,2013 - 2014,1.34
,,2014 - 2015,0.39
,,2015 - 2016,0.86
,,2016 - 2017,1.25
,,2017 - 2018,0.93
,,2018 - 2019,0.93
,,2019 - 2020,1.1
,,2020 - 2021,1.1
,,2021 - 2022,2.08
,,2022 - 2023,2.15
,Surendranagar,2004 - 2005,
,,2013 - 2014,1.9
,,2014 - 2015,
,,2017 - 2018,
,,2019 - 2020,
,Tapi,2008 - 2009,
,,2009 - 2010,
,,2010 - 2011,2.0
,,2011 - 2012,
,,2012 - 2013,
,,2013 - 2014,
,,2014 - 2015,
,,2015 - 2016,
,,2016 - 2017,2.03
,,2017 - 2018,2.04
,,2018 - 2019,2.03
,,2019 - 2020,1.2
,,2020 - 2021,1.2
,,2021 - 2022,2.26
,,2022 - 2023,4.05
,Vadodara,2000 - 2001,
,,2001 - 2002,
,,2002 - 2003,
,,2003 - 2004,
,,2004 - 2005,
,,2005 - 2006,
,,2006 - 2007,
,,2007 - 2008,
,,2008 - 2009,
,,2009 - 2010,
,,2010 - 2011,1.99
,,2011 - 2012,2.2
,,2012 - 2013,
,,2013 - 2014,2.09
,,2014 - 2015,2.2
,,2015 - 2016,
,,2016 - 2017,2.03
,,2017 - 2018,1.55
,,2018 - 2019,1.55
,,2019 - 2020,1.81
,,2020 - 2021,1.57
,,2021 - 2022,1.84
,,2022 - 2023,1.61
,Valsad,2013 - 2014,
,,2014 - 2015,
,,2015 - 2016,
,,2017 - 2018,
,,2018 - 2019,
Haryana,Ambala,2000 - 2001,
,,2001 - 2002,
,,2002 - 2003,
,,2003 - 2004,
,,2004 - 2005,
,,2005 - 2006,
,,2006 - 2007,
,,2007 - 2008,
,,2008 - 2009,
,,2009 - 2010,
,,2010 - 2011,
,,2011 - 2012,
,,2012 - 2013,
,,2013 - 2014,
,,2015 - 2016,
,,2016 - 2017,
,,2018 - 2019,
,,2019 - 2020,
,,2020 - 2021,
,,2021 - 2022,
,,2022 - 2023,
,Bhiwani,2000 - 2001,
,,2001 - 2002,
,,2002 - 2003,
,,2003 - 2004,
,,2004 - 2005,
,,2005 - 2006,
,,2006 - 2007,
,,2007 - 2008,
,,2008 - 2009,
,,2009 - 2010,
,,2010 - 2011,
,,2011 - 2012,
,,2012 - 2013,
,,2017 - 2018,
,,2019 - 2020,
,,2020 - 2021,
,,2021 - 2022,
,Charki dadri,2019 - 2020,
,,2020 - 2021,
,,2021 - 2022,
,Faridabad,2000 - 2001,
,,2001 - 2002,
,,2002 - 2003,
,,2003 - 2004,
,,2004 - 2005,
,,2005 - 2006,
,,2006 - 2007,
,,2007 - 2008,
,,2008 - 2009,
,,2010 - 2011,
,,2011 - 2012,
,,2019 - 2020,
,,2020 - 2021,
,,2021 - 2022,
,,2022 - 2023,
,Fatehabad,2000 - 2001,
,,2001 - 2002,
,,2002 - 2003,
,,2003 - 2004,
,,2004 - 2005,
,,2005 - 2006,
,,2006 - 2007,
,,2008 - 2009,
,,2009 - 2010,
,,2010 - 2011,
,,2011 - 2012,
,,2012 - 2013,
,,2020 - 2021,
,,2021 - 2022,
,,2022 - 2023,
,Gurgaon,2000 - 2001,
,,2001 - 2002,
,,2002 - 2003,
,,2003 - 2004,
,,2004 - 2005,
,,2005 - 2006,
,,2006 - 2007,
,,2007 - 2008,
,,2008 - 2009,
,,2009 - 2010,
,,2010 - 2011,
,,2011 - 2012,
,,2019 - 2020,
,,2020 - 2021,
,,2021 - 2022,
,,2022 - 2023,
,Hisar,2000 - 2001,
,,2001 - 2002,
,,2002 - 2003,
,,2003 - 2004,
,,2004 - 2005,
,,2005 - 2006,
,,2006 - 2007,
,,2007 - 2008,
,,2008 - 2009,
,,2009 - 2010,
,,2010 - 2011,
,,2011 - 2012,
,,2012 - 2013,
,,2016 - 2017,
,,2017 - 2018,
,,2019 - 2020,
,,2020 - 2021,
,,2021 - 2022,
,,2022 - 2023,
,Jhajjar,2000 - 2001,
,,2001 - 2002,
,,2002 - 2003,
,,2003 - 2004,
,,2004 - 2005,
,,2005 - 2006,
,,2006 - 2007,
,,2007 - 2008,
,,2008 - 2009,
,,2009 - 2010,
,,2010 - 2011,
,,2011 - 2012,
,,2012 - 2013,
,,2015 - 2016,
,,2016 - 2017,
,,2017 - 2018,
,,2018 - 2019,
,,2019 - 2020,
,,2020 - 2021,
,,2021 - 2022,
,,2022 - 2023,
,Jind,2000 - 2001,
,,2001 - 2002,
,,2002 - 2003,
,,2003 - 2004,
,,2005 - 2006,
,,2007 - 2008,
,,2019 - 2020,
,,2020 - 2021,
,,2021 - 2022,
,,2022 - 2023,
,Kaithal,2000 - 2001,
,,2001 - 2002,
,,2002 - 2003,
,,2003 - 2004,
,,2004 - 2005,
,,2005 - 2006,
,,2006 - 2007,
,,2007 - 2008,
,,2008 - 2009,
,,2009 - 2010,
,,2010 - 2011,
,,2011 - 2012,
,,2012 - 2013,
,,2019 - 2020,
,,2020 - 2021,
,,2021 - 2022,
,,2022 - 2023,
,Karnal,2000 - 2001,
,,2001 - 2002,
,,2002 - 2003,
,,2003 - 2004,
,,2004 - 2005,
,,2005 - 2006,
,,2006 - 2007,
,,2007 - 2008,
,,2008 - 2009,
,,2009 - 2010,
,,2010 - 2011,
,,2011 - 2012,
,,2012 - 2013,
,,2015 - 2016,
,,2016 - 2017,
,,2017 - 2018,
,,2019 - 2020,
,,2020 - 2021,
,,2021 - 2022,
,,2022 - 2023,
,Kurukshetra,2000 - 2001,
,,2001 - 2002,
,,2002 - 2003,
,,2003 - 2004,
,,2004 - 2005,
,,2005 - 2006,
,,2006 - 2007,
,,2007 - 2008,
,,2008 - 2009,
,,2009 - 2010,
,,2010 - 2011,
,,2011 - 2012,
,,2012 - 2013,
,,2014 - 2015,
,,2015 - 2016,
,,2016 - 2017,
,,2017 - 2018,
,,2019 - 2020,
,,2020 - 2021,
,,2021 - 2022,
,,2022 - 2023,
,Mahendragarh,2000 - 2001,
,,2002 - 2003,
,,2005 - 2006,
,,2021 - 2022,
,Mewat,2005 - 2006,
,,2009 - 2010,
,,2011 - 2012,
,,2019 - 2020,
,,2021 - 2022,
,Palwal,2008 - 2009,
,,2009 - 2010,
,,2010 - 2011,
,,2011 - 2012,
,,2012 - 2013,
,,2019 - 2020,
,,2020 - 2021,
,,2021 - 2022,
,Panchkula,2000 - 2001,
,,2001 - 2002,
,,2002 - 2003,
,,2003 - 2004,
,,2004 - 2005,
,,2005 - 2006,
,,2006 - 2007,
,,2007 - 2008,
,,2008 - 2009,
,,2009 - 2010,
,,2010 - 2011,
,,2011 - 2012,
,,2012 - 2013,
,,2013 - 2014,
,,2014 - 2015,
,,2015 - 2016,
,,2016 - 2017,
,,2017 - 2018,
,,2018 - 2019,
,,2019 - 2020,
,,2020 - 2021,
,,2021 - 2022,
,,2022 - 2023,
,Panipat,2000 - 2001,
,,2001 - 2002,
,,2002 - 2003,
,,2003 - 2004,
,,2004 - 2005,
,,2005 - 2006,
,,2006 - 2007,
,,2007 - 2008,
,,2008 - 2009,
,,2009 - 2010,
,,2010 - 2011,
,,2011 - 2012,
,,2012 - 2013,
,,2019 - 2020,
,,2020 - 2021,
,,2021 - 2022,
,,2022 - 2023,
,Rewari,2002 - 2003,
,,2005 - 2006,
,,2008 - 2009,
,,2009 - 2010,
,,2020 - 2021,
,,2021 - 2022,
,Rohtak,2000 - 2001,
,,2001 - 2002,
,,2002 - 2003,
,,2003 - 2004,
,,2004 - 2005,
,,2005 - 2006,
,,2006 - 2007,
,,2007 - 2008,
,,2008 - 2009,
,,2009 - 2010,
,,2010 - 2011,
,,2011 - 2012,
,,2012 - 2013,
,,2013 - 2014,
,,2014 - 2015,
,,2017 - 2018,
,,2018 - 2019,
,,2019 - 2020,
,,2021 - 2022,
,Sirsa,2000 - 2001,
,,2001 - 2002,
,,2003 - 2004,
,,2004 - 2005,
,,2005 - 2006,
,,2006 - 2007,
,,2007 - 2008,
,,2008 - 2009,
,,2009 - 2010,
,,2011 - 2012,
,,2012 - 2013,
,,2016 - 2017,
,,2017 - 2018,
,,2019 - 2020,
,,2020 - 2021,
,,2021 - 2022,
,,2022 - 2023,
,Sonipat,2000 - 2001,
,,2001 - 2002,
,,2002 - 2003,
,,2003 - 2004,
,,2004 - 2005,
,,2005 - 2006,
,,2006 - 2007,
,,2007 - 2008,
,,2008 - 2009,
,,2009 - 2010,
,,2010 - 2011,
,,2011 - 2012,
,,2012 - 2013,
,,2014 - 2015,
,,2015 - 2016,
,,2016 - 2017,
,,2017 - 2018,
,,2018 - 2019,
,,2019 - 2020,
,,2020 - 2021,
,,2021 - 2022,
,,2022 - 2023,
,Yamunanagar,2000 - 2001,
,,2001 - 2002,
,,2002 - 2003,
,,2003 - 2004,
,,2004 - 2005,
,,2005 - 2006,
,,2006 - 2007,
,,2007 - 2008,
,,2008 - 2009,
,,2009 - 2010,
,,2010 - 2011,
,,2011 - 2012,
,,2012 - 2013,
,,2013 - 2014,
,,2014 - 2015,
,,2016 - 2017,
,,2017 - 2018,
,,2019 - 2020,
,,2020 - 2021,
,,2021 - 2022,
,,2022 - 2023,
Himachal Pradesh,Bilaspur,2000 - 2001,
,,2001 - 2002,
,,2002 - 2003,
,,2003 - 2004,
,,2004 - 2005,
,,2005 - 2006,
,,2006 - 2007,
,,2007 - 2008,
,,2008 - 2009,
,,2009 - 2010,
,,2010 - 2011,
,,2011 - 2012,
,,2012 - 2013,
,,2013 - 2014,
,,2014 - 2015,
,,2015 - 2016,
,,2016 - 2017,
,,2017 - 2018,
,,2018 - 2019,
,,2019 - 2020,
,,2020 - 2021,
,,2021 - 2022,
,,2022 - 2023,
,Chamba,2000 - 2001,
,,2001 - 2002,
,,2002 - 2003,
,,2003 - 2004,
,,2004 - 2005,
,,2005 - 2006,
,,2006 - 2007,
,,2007 - 2008,
,,2008 - 2009,
,,2009 - 2010,
,,2010 - 2011,
,,2011 - 2012,
,,2012 - 2013,
,,2013 - 2014,
,,2014 - 2015,
,,2015 - 2016,
,,2016 - 2017,
,,2017 - 2018,
,,2018 - 2019,
,,2019 - 2020,
,,2020 - 2021,
,,2021 - 2022,
,,2022 - 2023,
,Hamirpur,2000 - 2001,
,,2001 - 2002,
,,2002 - 2003,
,,2003 - 2004,
,,2004 - 2005,
,,2005 - 2006,
,,2006 - 2007,
,,2007 - 2008,
,,2008 - 2009,
,,2009 - 2010,
,,2010 - 2011,
,,2011 - 2012,
,,2012 - 2013,
,,2013 - 2014,
,,2014 - 2015,
,,2015 - 2016,
,,2016 - 2017,
,,2017 - 2018,
,,2018 - 2019,
,,2019 - 2020,
,,2020 - 2021,
,,2021 - 2022,
,,2022 - 2023,
,Kangra,2000 - 2001,
,,2001 - 2002,
,,2002 - 2003,
,,2003 - 2004,
,,2004 - 2005,
,,2005 - 2006,
,,2006 - 2007,
,,2007 - 2008,
,,2008 - 2009,
,,2009 - 2010,
,,2010 - 2011,
,,2011 - 2012,
,,2012 - 2013,
,,2013 - 2014,
,,2014 - 2015,
,,2015 - 2016,
,,2016 - 2017,
,,2017 - 2018,
,,2018 - 2019,
,,2019 - 2020,
,,2020 - 2021,
,,2021 - 2022,
,,2022 - 2023,
,Kinnaur,2000 - 2001,
,,2001 - 2002,
,,2002 - 2003,
,,2003 - 2004,
,,2004 - 2005,
,,2005 - 2006,
,,2006 - 2007,
,,2007 - 2008,
,,2008 - 2009,
,,2009 - 2010,
,,2010 - 2011,
,,2011 - 2012,
,,2012 - 2013,
,,2013 - 2014,
,,2014 - 2015,
,,2015 - 2016,
,,2016 - 2017,
,,2017 - 2018,
,,2018 - 2019,
,,2019 - 2020,
,,2020 - 2021,
,,2021 - 2022,
,,2022 - 2023,
,Kullu,2000 - 2001,
,,2001 - 2002,
,,2002 - 2003,
,,2003 - 2004,
,,2004 - 2005,
,,2005 - 2006,
,,2006 - 2007,
,,2007 - 2008,
,,2008 - 2009,
,,2009 - 2010,
,,2010 - 2011,
,,2011 - 2012,
,,2012 - 2013,
,,2013 - 2014,
,,2014 - 2015,
,,2015 - 2016,
,,2016 - 2017,
,,2017 - 2018,
,,2018 - 2019,
,,2019 - 2020,
,,2020 - 2021,
,,2021 - 2022,
,,2022 - 2023,
,Lahul and spiti,2000 - 2001,
,,2001 - 2002,
,,2002 - 2003,
,,2003 - 2004,
,,2004 - 2005,
,,2005 - 2006,
,,2006 - 2007,
,,2007 - 2008,
,,2008 - 2009,
,,2009 - 2010,
,,2010 - 2011,
,,2011 - 2012,
,,2012 - 2013,
,,2013 - 2014,
,,2014 - 2015,
,,2015 - 2016,
,,2016 - 2017,
,,2017 - 2018,
,,2018 - 2019,
,,2019 - 2020,
,,2020 - 2021,
,,2021 - 2022,
,,2022 - 2023,
,Mandi,2000 - 2001,
,,2001 - 2002,
,,2002 - 2003,
,,2003 - 2004,
,,2004 - 2005,
,,2005 - 2006,
,,2006 - 2007,
,,2007 - 2008,
,,2008 - 2009,
,,2009 - 2010,
,,2010 - 2011,
,,2011 - 2012,
,,2012 - 2013,
,,2013 - 2014,
,,2014 - 2015,
,,2015 - 2016,
,,2016 - 2017,
,,2017 - 2018,
,,2018 - 2019,
,,2019 - 2020,
,,2020 - 2021,
,,2021 - 2022,
,,2022 - 2023,
,Shimla,2000 - 2001,
,,2001 - 2002,
,,2002 - 2003,
,,2003 - 2004,
,,2004 - 2005,
,,2005 - 2006,
,,2006 - 2007,
,,2007 - 2008,
,,2008 - 2009,
,,2009 - 2010,
,,2010 - 2011,
,,2011 - 2012,
,,2012 - 2013,
,,2013 - 2014,
,,2014 - 2015,
,,2015 - 2016,
,,2016 - 2017,
,,2017 - 2018,
,,2018 - 2019,
,,2019 - 2020,
,,2020 - 2021,
,,2021 - 2022,
,,2022 - 2023,
,Sirmaur,2000 - 2001,
,,2001 - 2002,
,,2002 - 2003,
,,2003 - 2004,
,,2004 - 2005,
,,2005 - 2006,
,,2006 - 2007,
,,2007 - 2008,
,,2008 - 2009,
,,2009 - 2010,
,,2010 - 2011,
,,2011 - 2012,
,,2012 - 2013,
,,2013 - 2014,
,,2014 - 2015,
,,2015 - 2016,
,,2016 - 2017,
,,2017 - 2018,
,,2018 - 2019,
,,2019 - 2020,
,,2020 - 2021,
,,2021 - 2022,
,,2022 - 2023,
,Solan,2000 - 2001,
,,2001 - 2002,
,,2002 - 2003,
,,2003 - 2004,
,,2004 - 2005,
,,2005 - 2006,
,,2006 - 2007,
,,2007 - 2008,
,,2008 - 2009,
,,2009 - 2010,
,,2010 - 2011,
,,2011 - 2012,
,,2012 - 2013,
,,2013 - 2014,
,,2014 - 2015,
,,2015 - 2016,
,,2016 - 2017,
,,2017 - 2018,
,,2018 - 2019,
,,2019 - 2020,
,,2020 - 2021,
,,2021 - 2022,
,,2022 - 2023,
,Una,2000 - 2001,
,,2001 - 2002,
,,2002 - 2003,
,,2003 - 2004,
,,2004 - 2005,
,,2005 - 2006,
,,2006 - 2007,
,,2007 - 2008,
,,2008 - 2009,
,,2009 - 2010,
,,2010 - 2011,
,,2011 - 2012,
,,2012 - 2013,
,,2013 - 2014,
,,2014 - 2015,
,,2015 - 2016,
,,2016 - 2017,
,,2017 - 2018,
,,2018 - 2019,
,,2019 - 2020,
,,2020 - 2021,
,,2021 - 2022,
,,2022 - 2023,
Jammu and Kashmir,Anantnag,2000 - 2001,
,,2001 - 2002,
,,2002 - 2003,
,,2003 - 2004,
,,2004 - 2005,
,,2005 - 2006,
,,2006 - 2007,
,,2007 - 2008,
,,2009 - 2010,
,,2010 - 2011,
,,2011 - 2012,
,,2012 - 2013,
,,2014 - 2015,
,,2015 - 2016,
,,2016 - 2017,
,,2017 - 2018,
,,2018 - 2019,
,,2019 - 2020,
,Badgam,2000 - 2001,
,,2001 - 2002,
,,2002 - 2003,
,,2003 - 2004,
,,2004 - 2005,
,,2005 - 2006,
,,2006 - 2007,
,,2007 - 2008,
,,2009 - 2010,
,,2010 - 2011,
,,2011 - 2012,
,,2012 - 2013,
,,2014 - 2015,
,,2015 - 2016,
,,2016 - 2017,
,,2017 - 2018,
,,2018 - 2019,
,,2019 - 2020,
,Bandipora,2007 - 2008,
,,2009 - 2010,
,,2010 - 2011,
,,2011 - 2012,
,,2012 - 2013,
,,2014 - 2015,
,,2015 - 2016,
,,2016 - 2017,
,,2017 - 2018,
,,2018 - 2019,
,,2019 - 2020,
,Baramulla,2000 - 2001,
,,2001 - 2002,
,,2002 - 2003,
,,2003 - 2004,
,,2004 - 2005,
,,2005 - 2006,
,,2006 - 2007,
,,2007 - 2008,
,,2009 - 2010,
,,2010 - 2011,
,,2011 - 2012,
,,2012 - 2013,
,,2014 - 2015,
,,2015 - 2016,
,,2016 - 2017,
,,2017 - 2018,
,,2018 - 2019,
,,2019 - 2020,
,Doda,2000 - 2001,
,,2001 - 2002,
,,2002 - 2003,
,,2003 - 2004,
,,2004 - 2005,
,,2005 - 2006,
,,2006 - 2007,
,,2007 - 2008,
,,2009 - 2010,
,,2010 - 2011,
,,2011 - 2012,
,,2012 - 2013,
,,2014 - 2015,
,,2015 - 2016,
,,2016 - 2017,
,,2017 - 2018,
,,2018 - 2019,
,,2019 - 2020,
,Ganderbal,2007 - 2008,
,,2009 - 2010,
,,2010 - 2011,
,,2011 - 2012,
,,2012 - 2013,
,,2014 - 2015,
,,2015 - 2016,
,,2016 - 2017,
,,2017 - 2018,
,,2018 - 2019,
,,2019 - 2020,
,Jammu,2000 - 2001,
,,2001 - 2002,
,,2002 - 2003,
,,2003 - 2004,
,,2004 - 2005,
,,2005 - 2006,
,,2006 - 2007,
,,2007 - 2008,
,,2009 - 2010,
,,2010 - 2011,
,,2011 - 2012,
,,2012 - 2013,
,,2014 - 2015,
,,2015 - 2016,
,,2016 - 2017,
,,2017 - 2018,
,,2018 - 2019,
,,2019 - 2020,
,Kargil,2007 - 2008,
,Kathua,2000 - 2001,
,,2001 - 2002,
,,2002 - 2003,
,,2003 - 2004,
,,2004 - 2005,
,,2005 - 2006,
,,2006 - 2007,
,,2007 - 2008,
,,2009 - 2010,
,,2010 - 2011,
,,2011 - 2012,
,,2012 - 2013,
,,2014 - 2015,
,,2015 - 2016,
,,2016 - 2017,
,,2017 - 2018,
,,2018 - 2019,
,,2019 - 2020,
,Kishtwar,2007 - 2008,
,,2009 - 2010,
,,2010 - 2011,
,,2011 - 2012,
,,2012 - 2013,
,,2014 - 2015,
,,2015 - 2016,
,,2016 - 2017,
,,2017 - 2018,
,,2018 - 2019,
,,2019 - 2020,
,Kulgam,2007 - 2008,
,,2009 - 2010,
,,2010 - 2011,
,,2011 - 2012,
,,2012 - 2013,
,,2014 - 2015,
,,2015 - 2016,
,,2016 - 2017,
,,2017 - 2018,
,,2018 - 2019,
,,2019 - 2020,
,Kupwara,2000 - 2001,
,,2001 - 2002,
,,2002 - 2003,
,,2003 - 2004,
,,2004 - 2005,
,,2005 - 2006,
,,2006 - 2007,
,,2007 - 2008,
,,2009 - 2010,
,,2010 - 2011,
,,2011 - 2012,
,,2012 - 2013,
,,2014 - 2015,
,,2015 - 2016,
,,2016 - 2017,
,,2017 - 2018,
,,2018 - 2019,
,,2019 - 2020,
,Poonch,2000 - 2001,
,,2001 - 2002,
,,2002 - 2003,
,,2003 - 2004,
,,2004 - 2005,
,,2005 - 2006,
,,2006 - 2007,
,,2007 - 2008,
,,2009 - 2010,
,,2010 - 2011,
,,2011 - 2012,
,,2012 - 2013,
,,2014 - 2015,
,,2015 - 2016,
,,2016 - 2017,
,,2017 - 2018,
,,2018 - 2019,
,,2019 - 2020,
,Pulwama,2000 - 2001,
,,2001 - 2002,
,,2002 - 2003,
,,2003 - 2004,
,,2004 - 2005,
,,2005 - 2006,
,,2006 - 2007,
,,2007 - 2008,
,,2009 - 2010,
,,2010 - 2011,
,,2011 - 2012,
,,2012 - 2013,
,,2014 - 2015,
,,2015 - 2016,
,,2016 - 2017,
,,2017 - 2018,
,,2018 - 2019,
,,2019 - 2020,
,Rajauri,2000 - 2001,
,,2001 - 2002,
,,2002 - 2003,
,,2003 - 2004,
,,2004 - 2005,
,,2005 - 2006,
,,2006 - 2007,
,,2007 - 2008,
,,2009 - 2010,
,,2010 - 2011,
,,2011 - 2012,
,,2012 - 2013,
,,2014 - 2015,
,,2015 - 2016,
,,2016 - 2017,
,,2017 - 2018,
,,2018 - 2019,
,,2019 - 2020,
,Ramban,2007 - 2008,
,,2009 - 2010,
,,2010 - 2011,
,,2011 - 2012,
,,2012 - 2013,
,,2014 - 2015,
,,2015 - 2016,
,,2016 - 2017,
,,2017 - 2018,
,,2018 - 2019,
,,2019 - 2020,
,Reasi,2007 - 2008,
,,2009 - 2010,
,,2010 - 2011,
,,2011 - 2012,
,,2012 - 2013,
,,2014 - 2015,
,,2015 - 2016,
,,2016 - 2017,
,,2017 - 2018,
,,2018 - 2019,
,,2019 - 2020,
,Samba,2007 - 2008,
,,2009 - 2010,
,,2010 - 2011,
,,2011 - 2012,
,,2012 - 2013,
,,2014 - 2015,
,,2015 - 2016,
,,2016 - 2017,
,,2017 - 2018,
,,2018 - 2019,
,,2019 - 2020,
,Shopian,2007 - 2008,
,,2009 - 2010,
,,2010 - 2011,
,,2011 - 2012,
,,2012 - 2013,
,,2015 - 2016,
,,2016 - 2017,
,,2017 - 2018,
,,2018 - 2019,
,,2019 - 2020,
,Srinagar,2000 - 2001,
,,2001 - 2002,
,,2002 - 2003,
,,2003 - 2004,
,,2004 - 2005,
,,2005 - 2006,
,,2006 - 2007,
,,2007 - 2008,
,,2009 - 2010,
,,2010 - 2011,
,,2011 - 2012,
,,2012 - 2013,
,,2014 - 2015,
,,2015 - 2016,
,,2016 - 2017,
,,2017 - 2018,
,,2018 - 2019,
,,2019 - 2020,
,Udhampur,2000 - 2001,
,,2001 - 2002,
,,2002 - 2003,
,,2003 - 2004,
,,2004 - 2005,
,,2005 - 2006,
,,2006 - 2007,
,,2007 - 2008,
,,2009 - 2010,
,,2010 - 2011,
,,2011 - 2012,
,,2012 - 2013,
,,2014 - 2015,
,,2015 - 2016,
,,2016 - 2017,
,,2017 - 2018,
,,2018 - 2019,
,,2019 - 2020,
Jharkhand,Bokaro,2002 - 2003,
,,2003 - 2004,
,,2004 - 2005,
,,2005 - 2006,
,,2006 - 2007,
,,2007 - 2008,
,,2008 - 2009,
,,2009 - 2010,
,,2011 - 2012,
,,2012 - 2013,
,,2013 - 2014,
,,2014 - 2015,
,,2015 - 2016,
,,2016 - 2017,
,,2017 - 2018,
,,2018 - 2019,
,,2019 - 2020,
,,2020 - 2021,
,,2021 - 2022,
,,2022 - 2023,
,Chatra,2002 - 2003,
,,2003 - 2004,
,,2004 - 2005,
,,2005 - 2006,
,,2006 - 2007,
,,2007 - 2008,
,,2008 - 2009,
,,2009 - 2010,
,,2011 - 2012,
,,2012 - 2013,
,,2013 - 2014,
,,2014 - 2015,
,,2015 - 2016,
,,2016 - 2017,
,,2017 - 2018,
,,2018 - 2019,
,,2019 - 2020,
,,2020 - 2021,
,,2021 - 2022,
,,2022 - 2023,
,Deoghar,2002 - 2003,
,,2003 - 2004,
,,2004 - 2005,
,,2005 - 2006,
,,2006 - 2007,
,,2007 - 2008,
,,2008 - 2009,
,,2009 - 2010,
,,2011 - 2012,
,,2012 - 2013,
,,2013 - 2014,
,,2014 - 2015,
,,2015 - 2016,
,,2016 - 2017,
,,2017 - 2018,
,,2018 - 2019,
,,2019 - 2020,
,,2020 - 2021,
,,2021 - 2022,
,,2022 - 2023,
,Dhanbad,2002 - 2003,
,,2003 - 2004,
,,2004 - 2005,
,,2005 - 2006,
,,2006 - 2007,
,,2007 - 2008,
,,2008 - 2009,
,,2009 - 2010,
,,2011 - 2012,
,,2012 - 2013,
,,2013 - 2014,
,,2014 - 2015,
,,2015 - 2016,
,,2016 - 2017,
,,2017 - 2018,
,,2018 - 2019,
,,2019 - 2020,
,,2020 - 2021,
,,2021 - 2022,
,,2022 - 2023,
,Dumka,2002 - 2003,
,,2003 - 2004,
,,2004 - 2005,
,,2005 - 2006,
,,2006 - 2007,
,,2007 - 2008,
,,2008 - 2009,
,,2009 - 2010,
,,2011 - 2012,
,,2012 - 2013,
,,2013 - 2014,
,,2014 - 2015,
,,2015 - 2016,
,,2016 - 2017,
,,2017 - 2018,
,,2018 - 2019,
,,2019 - 2020,
,,2020 - 2021,
,,2021 - 2022,
,,2022 - 2023,
,East singhbum,2003 - 2004,
,,2004 - 2005,
,,2005 - 2006,
,,2006 - 2007,
,,2007 - 2008,
,,2008 - 2009,
,,2009 - 2010,
,,2011 - 2012,
,,2012 - 2013,
,,2013 - 2014,
,,2014 - 2015,
,,2015 - 2016,
,,2016 - 2017,
,,2017 - 2018,
,,2018 - 2019,
,,2019 - 2020,
,,2020 - 2021,
,,2021 - 2022,
,,2022 - 2023,
,Garhwa,2003 - 2004,
,,2004 - 2005,
,,2005 - 2006,
,,2006 - 2007,
,,2007 - 2008,
,,2008 - 2009,
,,2009 - 2010,
,,2011 - 2012,
,,2012 - 2013,
,,2013 - 2014,
,,2014 - 2015,
,,2015 - 2016,
,,2016 - 2017,
,,2017 - 2018,
,,2018 - 2019,
,,2019 - 2020,
,,2020 - 2021,
,,2021 - 2022,
,,2022 - 2023,
,Giridih,2002 - 2003,
,,2003 - 2004,
,,2004 - 2005,
,,2005 - 2006,
,,2006 - 2007,
,,2007 - 2008,
,,2008 - 2009,
,,2009 - 2010,
,,2011 - 2012,
,,2012 - 2013,
,,2013 - 2014,
,,2014 - 2015,
,,2015 - 2016,
,,2016 - 2017,
,,2017 - 2018,
,,2018 - 2019,
,,2019 - 2020,
,,2020 - 2021,
,,2021 - 2022,
,,2022 - 2023,
,Godda,2002 - 2003,
,,2003 - 2004,
,,2004 - 2005,
,,2005 - 2006,
,,2006 - 2007,
,,2007 - 2008,
,,2008 - 2009,
,,2009 - 2010,
,,2011 - 2012,
,,2012 - 2013,
,,2013 - 2014,
,,2014 - 2015,
,,2015 - 2016,
,,2016 - 2017,
,,2017 - 2018,
,,2018 - 2019,
,,2019 - 2020,
,,2020 - 2021,
,,2021 - 2022,
,,2022 - 2023,
,Gumla,2002 - 2003,
,,2003 - 2004,
,,2004 - 2005,
,,2005 - 2006,
,,2006 - 2007,
,,2007 - 2008,
,,2008 - 2009,
,,2009 - 2010,
,,2011 - 2012,
,,2012 - 2013,
,,2013 - 2014,
,,2014 - 2015,
,,2015 - 2016,
,,2016 - 2017,
,,2017 - 2018,
,,2018 - 2019,
,,2019 - 2020,
,,2020 - 2021,
,,2021 - 2022,
,,2022 - 2023,
,Hazaribagh,2002 - 2003,
,,2003 - 2004,
,,2004 - 2005,
,,2005 - 2006,
,,2006 - 2007,
,,2007 - 2008,
,,2008 - 2009,
,,2009 - 2010,
,,2011 - 2012,
,,2012 - 2013,
,,2013 - 2014,
,,2014 - 2015,
,,2015 - 2016,
,,2016 - 2017,
,,2017 - 2018,
,,2018 - 2019,
,,2019 - 2020,
,,2020 - 2021,
,,2021 - 2022,
,,2022 - 2023,
,Jamtara,2003 - 2004,
,,2004 - 2005,
,,2005 - 2006,
,,2006 - 2007,
,,2007 - 2008,
,,2008 - 2009,
,,2009 - 2010,
,,2011 - 2012,
,,2012 - 2013,
,,2013 - 2014,
,,2014 - 2015,
,,2015 - 2016,
,,2016 - 2017,
,,2017 - 2018,
,,2018 - 2019,
,,2019 - 2020,
,,2020 - 2021,
,,2021 - 2022,
,,2022 - 2023,
,Khunti,2008 - 2009,
,,2009 - 2010,
,,2011 - 2012,
,,2012 - 2013,
,,2013 - 2014,
,,2014 - 2015,
,,2015 - 2016,
,,2016 - 2017,
,,2017 - 2018,
,,2018 - 2019,
,,2019 - 2020,
,,2020 - 2021,
,,2021 - 2022,
,,2022 - 2023,
,Koderma,2003 - 2004,
,,2004 - 2005,
,,2005 - 2006,
,,2006 - 2007,
,,2007 - 2008,
,,2008 - 2009,
,,2009 - 2010,
,,2011 - 2012,
,,2012 - 2013,
,,2013 - 2014,
,,2014 - 2015,
,,2015 - 2016,
,,2016 - 2017,
,,2017 - 2018,
,,2018 - 2019,
,,2019 - 2020,
,,2020 - 2021,
,,2021 - 2022,
,,2022 - 2023,
,Latehar,2003 - 2004,
,,2004 - 2005,
,,2005 - 2006,
,,2006 - 2007,
,,2007 - 2008,
,,2008 - 2009,
,,2009 - 2010,
,,2011 - 2012,
,,2012 - 2013,
,,2013 - 2014,
,,2014 - 2015,
,,2015 - 2016,
,,2016 - 2017,
,,2017 - 2018,
,,2018 - 2019,
,,2019 - 2020,
,,2020 - 2021,
,,2021 - 2022,
,,2022 - 2023,
,Lohardaga,2003 - 2004,
,,2004 - 2005,
,,2005 - 2006,
,,2006 - 2007,
,,2007 - 2008,
,,2008 - 2009,
,,2009 - 2010,
,,2011 - 2012,
,,2012 - 2013,
,,2013 - 2014,
,,2014 - 2015,
,,2015 - 2016,
,,2016 - 2017,
,,2017 - 2018,
,,2018 - 2019,
,,2019 - 2020,
,,2020 - 2021,
,,2021 - 2022,
,,2022 - 2023,
,Pakur,2002 - 2003,
,,2003 - 2004,
,,2004 - 2005,
,,2005 - 2006,
,,2006 - 2007,
,,2007 - 2008,
,,2008 - 2009,
,,2009 - 2010,
,,2011 - 2012,
,,2012 - 2013,
,,2013 - 2014,
,,2014 - 2015,
,,2015 - 2016,
,,2016 - 2017,
,,2017 - 2018,
,,2018 - 2019,
,,2019 - 2020,
,,2020 - 2021,
,,2021 - 2022,
,,2022 - 2023,
,Palamu,2002 - 2003,
,,2003 - 2004,
,,2004 - 2005,
,,2005 - 2006,
,,2006 - 2007,
,,2007 - 2008,
,,2008 - 2009,
,,2009 - 2010,
,,2011 - 2012,
,,2012 - 2013,
,,2013 - 2014,
,,2014 - 2015,
,,2015 - 2016,
,,2016 - 2017,
,,2017 - 2018,
,,2018 - 2019,
,,2019 - 2020,
,,2020 - 2021,
,,2021 - 2022,
,,2022 - 2023,
,Ramgarh,2008 - 2009,
,,2009 - 2010,
,,2011 - 2012,
,,2012 - 2013,
,,2013 - 2014,
,,2014 - 2015,
,,2015 - 2016,
,,2016 - 2017,
,,2017 - 2018,
,,2018 - 2019,
,,2019 - 2020,
,,2020 - 2021,
,,2021 - 2022,
,,2022 - 2023,
,Ranchi,2002 - 2003,
,,2003 - 2004,
,,2004 - 2005,
,,2005 - 2006,
,,2006 - 2007,
,,2007 - 2008,
,,2008 - 2009,
,,2009 - 2010,
,,2011 - 2012,
,,2012 - 2013,
,,2013 - 2014,
,,2014 - 2015,
,,2015 - 2016,
,,2016 - 2017,
,,2017 - 2018,
,,2018 - 2019,
,,2019 - 2020,
,,2020 - 2021,
,,2021 - 2022,
,,2022 - 2023,
,Sahebganj,2002 - 2003,
,,2003 - 2004,
,,2004 - 2005,
,,2005 - 2006,
,,2006 - 2007,
,,2007 - 2008,
,,2008 - 2009,
,,2009 - 2010,
,,2011 - 2012,
,,2012 - 2013,
,,2013 - 2014,
,,2014 - 2015,
,,2015 - 2016,
,,2016 - 2017,
,,2017 - 2018,
,,2018 - 2019,
,,2019 - 2020,
,,2020 - 2021,
,,2021 - 2022,
,,2022 - 2023,
,Saraikela kharsawan,2003 - 2004,
,,2004 - 2005,
,,2005 - 2006,
,,2006 - 2007,
,,2007 - 2008,
,,2008 - 2009,
,,2009 - 2010,
,,2011 - 2012,
,,2012 - 2013,
,,2013 - 2014,
,,2014 - 2015,
,,2015 - 2016,
,,2016 - 2017,
,,2017 - 2018,
,,2018 - 2019,
,,2019 - 2020,
,,2020 - 2021,
,,2021 - 2022,
,,2022 - 2023,
,Simdega,2003 - 2004,
,,2004 - 2005,
,,2005 - 2006,
,,2006 - 2007,
,,2007 - 2008,
,,2008 - 2009,
,,2009 - 2010,
,,2011 - 2012,
,,2012 - 2013,
,,2013 - 2014,
,,2014 - 2015,
,,2015 - 2016,
,,2016 - 2017,
,,2017 - 2018,
,,2018 - 2019,
,,2019 - 2020,
,,2020 - 2021,
,,2021 - 2022,
,,2022 - 2023,
,West singhbhum,2002 - 2003,
,,2003 - 2004,
,,2004 - 2005,
,,2005 - 2006,
,,2006 - 2007,
,,2007 - 2008,
,,2008 - 2009,
,,2009 - 2010,
,,2011 - 2012,
,,2012 - 2013,
,,2013 - 2014,
,,2014 - 2015,
,,2015 - 2016,
,,2017 - 2018,
,,2018 - 2019,
,,2019 - 2020,
,,2020 - 2021,
,,2021 - 2022,
,,2022 - 2023,
Karnataka,Bagalkot,2000 - 2001,2.81
,,2001 - 2002,2.91
,,2002 - 2003,3.42
,,2003 - 2004,2.18
,,2004 - 2005,3.77
,,2005 - 2006,4.08
,,2006 - 2007,3.11
,,2007 - 2008,4.39
,,2008 - 2009,3.24
,,2009 - 2010,3.96
,,2010 - 2011,3.19
,,2011 - 2012,3.62
,,2012 - 2013,3.85
,,2013 - 2014,2.97
,,2014 - 2015,3.46
,,2015 - 2016,3.5
,,2016 - 2017,3.46
,,2017 - 2018,5.26
,,2018 - 2019,4.31
,,2019 - 2020,4.7
,,2020 - 2021,3.07
,,2021 - 2022,3.85
,,2022 - 2023,4.54
,Bangalore rural,2000 - 2001,2.81
,,2001 - 2002,2.63
,,2002 - 2003,2.55
,,2003 - 2004,2.51
,,2004 - 2005,3.06
,,2005 - 2006,3.09
,,2006 - 2007,3.2
,,2007 - 2008,3.22
,,2008 - 2009,3.14
,,2009 - 2010,2.74
,,2010 - 2011,3.4
,,2011 - 2012,3.41
,,2012 - 2013,3.44
,,2013 - 2014,3.24
,,2014 - 2015,3.26
,,2015 - 2016,2.81
,,2016 - 2017,3.1
,,2017 - 2018,3.74
,,2018 - 2019,3.44
,,2019 - 2020,3.96
,,2020 - 2021,3.07
,,2021 - 2022,3.54
,,2022 - 2023,3.76
,Belgaum,2000 - 2001,2.72
,,2001 - 2002,2.27
,,2002 - 2003,2.17
,,2003 - 2004,2.49
,,2004 - 2005,3.73
,,2005 - 2006,3.3
,,2006 - 2007,3.64
,,2007 - 2008,3.1
,,2008 - 2009,3.03
,,2009 - 2010,3.3
,,2010 - 2011,3.16
,,2011 - 2012,2.89
,,2012 - 2013,2.97
,,2013 - 2014,2.41
,,2014 - 2015,4.09
,,2015 - 2016,2.85
,,2016 - 2017,2.8
,,2017 - 2018,3.45
,,2018 - 2019,3.45
,,2019 - 2020,4.18
,,2020 - 2021,3.25
,,2021 - 2022,3.61
,,2022 - 2023,4.0
,Bellary,2000 - 2001,2.81
,,2001 - 2002,2.63
,,2002 - 2003,2.56
,,2003 - 2004,2.52
,,2004 - 2005,3.06
,,2005 - 2006,3.8
,,2006 - 2007,3.2
,,2007 - 2008,2.83
,,2008 - 2009,2.67
,,2009 - 2010,3.01
,,2010 - 2011,3.73
,,2011 - 2012,2.36
,,2012 - 2013,2.89
,,2013 - 2014,3.58
,,2014 - 2015,2.59
,,2015 - 2016,2.6
,,2016 - 2017,2.67
,,2017 - 2018,3.75
,,2018 - 2019,3.45
,,2019 - 2020,3.96
,,2020 - 2021,3.07
,,2021 - 2022,3.56
,,2022 - 2023,3.75
,Bengaluru urban,2000 - 2001,2.81
,,2001 - 2002,2.63
,,2002 - 2003,2.55
,,2003 - 2004,2.52
,,2004 - 2005,3.06
,,2005 - 2006,3.09
,,2006 - 2007,3.21
,,2007 - 2008,3.23
,,2008 - 2009,3.14
,,2009 - 2010,2.74
,,2010 - 2011,3.4
,,2011 - 2012,3.41
,,2012 - 2013,3.44
,,2013 - 2014,3.24
,,2014 - 2015,3.25
,,2015 - 2016,2.81
,,2016 - 2017,3.1
,,2017 - 2018,3.75
,,2018 - 2019,3.45
,,2019 - 2020,3.96
,,2020 - 2021,3.0
,,2021 - 2022,3.47
,,2022 - 2023,4.0
,Bidar,2000 - 2001,2.0
,,2001 - 2002,
,,2002 - 2003,
,,2003 - 2004,
,,2004 - 2005,
,,2005 - 2006,
,,2006 - 2007,
,,2007 - 2008,
,,2008 - 2009,2.09
,,2009 - 2010,2.09
,,2010 - 2011,2.54
,,2011 - 2012,2.09
,,2012 - 2013,3.44
,,2013 - 2014,3.25
,,2014 - 2015,3.27
,,2015 - 2016,
,,2016 - 2017,3.09
,,2017 - 2018,3.75
,,2018 - 2019,3.44
,,2019 - 2020,3.95
,,2020 - 2021,3.11
,,2021 - 2022,3.57
,,2022 - 2023,3.76
,Bijapur,2000 - 2001,2.81
,,2001 - 2002,2.63
,,2002 - 2003,2.38
,,2003 - 2004,2.23
,,2004 - 2005,1.81
,,2005 - 2006,1.95
,,2006 - 2007,2.29
,,2007 - 2008,2.68
,,2008 - 2009,2.23
,,2009 - 2010,2.0
,,2010 - 2011,2.48
,,2011 - 2012,2.68
,,2012 - 2013,3.42
,,2013 - 2014,4.0
,,2014 - 2015,3.01
,,2015 - 2016,2.0
,,2016 - 2017,2.22
,,2017 - 2018,2.4
,,2018 - 2019,1.16
,,2019 - 2020,2.33
,,2020 - 2021,2.77
,,2021 - 2022,2.79
,,2022 - 2023,2.68
,Chamarajanagar,2000 - 2001,2.81
,,2001 - 2002,2.63
,,2002 - 2003,2.56
,,2003 - 2004,2.23
,,2004 - 2005,1.81
,,2005 - 2006,2.52
,,2006 - 2007,3.04
,,2007 - 2008,3.51
,,2008 - 2009,3.86
,,2009 - 2010,2.69
,,2010 - 2011,4.47
,,2011 - 2012,4.95
,,2012 - 2013,4.62
,,2013 - 2014,4.43
,,2014 - 2015,5.05
,,2015 - 2016,5.0
,,2016 - 2017,3.91
,,2017 - 2018,5.68
,,2018 - 2019,3.45
,,2019 - 2020,3.96
,,2020 - 2021,3.07
,,2021 - 2022,3.56
,,2022 - 2023,3.76
,Chikballapur,2007 - 2008,2.34
,,2008 - 2009,2.67
,,2009 - 2010,3.54
,,2010 - 2011,3.17
,,2011 - 2012,4.97
,,2012 - 2013,5.27
,,2013 - 2014,3.01
,,2014 - 2015,3.26
,,2015 - 2016,3.82
,,2016 - 2017,7.11
,,2017 - 2018,3.75
,,2018 - 2019,3.44
,,2019 - 2020,3.96
,,2020 - 2021,3.07
,,2021 - 2022,3.56
,,2022 - 2023,3.76
,Chikmagalur,2000 - 2001,
,,2001 - 2002,
,,2002 - 2003,
,,2003 - 2004,
,,2004 - 2005,
,,2005 - 2006,
,,2006 - 2007,
,,2007 - 2008,
,,2008 - 2009,
,,2009 - 2010,
,,2010 - 2011,
,,2011 - 2012,
,,2012 - 2013,3.5
,,2013 - 2014,
,,2014 - 2015,
,,2015 - 2016,
,,2016 - 2017,
,,2017 - 2018,
,,2018 - 2019,
,,2019 - 2020,4.0
,,2020 - 2021,
,,2021 - 2022,3.54
,,2022 - 2023,3.73
,Chitradurga,2000 - 2001,2.81
,,2001 - 2002,2.63
,,2002 - 2003,2.55
,,2003 - 2004,2.42
,,2004 - 2005,3.06
,,2005 - 2006,3.47
,,2006 - 2007,3.2
,,2007 - 2008,3.23
,,2008 - 2009,3.15
,,2009 - 2010,1.99
,,2010 - 2011,3.93
,,2011 - 2012,2.71
,,2012 - 2013,2.44
,,2013 - 2014,1.88
,,2014 - 2015,2.99
,,2015 - 2016,2.46
,,2016 - 2017,3.1
,,2017 - 2018,3.75
,,2018 - 2019,3.45
,,2019 - 2020,3.96
,,2020 - 2021,3.07
,,2021 - 2022,3.56
,,2022 - 2023,3.75
,Dakshin kannad,2007 - 2008,2.08
,,2008 - 2009,2.1
,,2009 - 2010,1.2
,,2010 - 2011,1.13
,,2011 - 2012,2.0
,,2012 - 2013,3.46
,,2013 - 2014,3.26
,,2020 - 2021,
,Davangere,2000 - 2001,2.81
,,2001 - 2002,2.63
,,2002 - 2003,2.56
,,2003 - 2004,2.53
,,2004 - 2005,3.06
,,2005 - 2006,3.57
,,2006 - 2007,3.2
,,2007 - 2008,3.23
,,2008 - 2009,3.15
,,2009 - 2010,3.47
,,2010 - 2011,4.96
,,2011 - 2012,2.61
,,2012 - 2013,4.16
,,2013 - 2014,1.96
,,2014 - 2015,3.3
,,2015 - 2016,4.18
,,2016 - 2017,3.71
,,2017 - 2018,3.75
,,2018 - 2019,3.44
,,2019 - 2020,3.96
,,2020 - 2021,3.07
,,2021 - 2022,3.56
,,2022 - 2023,3.75
,Dharwad,2000 - 2001,2.79
,,2001 - 2002,2.64
,,2002 - 2003,2.56
,,2003 - 2004,2.52
,,2004 - 2005,3.05
,,2005 - 2006,3.47
,,2006 - 2007,3.2
,,2007 - 2008,3.23
,,2008 - 2009,3.15
,,2009 - 2010,1.24
,,2010 - 2011,2.83
,,2011 - 2012,2.78
,,2012 - 2013,1.88
,,2013 - 2014,2.21
,,2014 - 2015,3.26
,,2015 - 2016,2.42
,,2016 - 2017,3.23
,,2017 - 2018,2.47
,,2018 - 2019,1.28
,,2019 - 2020,2.96
,,2020 - 2021,3.05
,,2021 - 2022,3.99
,,2022 - 2023,2.97
,Gadag,2000 - 2001,3.0
,,2001 - 2002,2.63
,,2002 - 2003,1.39
,,2003 - 2004,2.51
,,2004 - 2005,3.05
,,2005 - 2006,4.76
,,2006 - 2007,3.21
,,2007 - 2008,3.24
,,2008 - 2009,3.15
,,2009 - 2010,2.73
,,2010 - 2011,3.39
,,2011 - 2012,3.41
,,2012 - 2013,3.44
,,2013 - 2014,3.24
,,2014 - 2015,3.26
,,2015 - 2016,2.81
,,2016 - 2017,3.09
,,2017 - 2018,3.75
,,2018 - 2019,3.43
,,2019 - 2020,3.96
,,2020 - 2021,3.07
,,2021 - 2022,3.56
,,2022 - 2023,3.75
,Gulbarga,2000 - 2001,2.81
,,2001 - 2002,2.63
,,2002 - 2003,2.53
,,2003 - 2004,2.52
,,2004 - 2005,3.06
,,2005 - 2006,3.09
,,2006 - 2007,3.2
,,2007 - 2008,3.23
,,2008 - 2009,3.15
,,2009 - 2010,2.31
,,2010 - 2011,2.41
,,2011 - 2012,1.42
,,2012 - 2013,3.4
,,2013 - 2014,2.78
,,2014 - 2015,0.99
,,2015 - 2016,0.94
,,2016 - 2017,3.32
,,2017 - 2018,3.75
,,2018 - 2019,3.44
,,2019 - 2020,3.96
,,2020 - 2021,3.07
,,2021 - 2022,3.58
,,2022 - 2023,3.78
,Hassan,2000 - 2001,2.8
,,2001 - 2002,2.63
,,2002 - 2003,2.56
,,2003 - 2004,2.52
,,2004 - 2005,3.06
,,2005 - 2006,3.09
,,2006 - 2007,3.2
,,2007 - 2008,3.23
,,2008 - 2009,3.98
,,2009 - 2010,4.76
,,2010 - 2011,3.4
,,2011 - 2012,3.41
,,2012 - 2013,2.88
,,2013 - 2014,3.24
,,2014 - 2015,3.26
,,2015 - 2016,2.81
,,2016 - 2017,3.1
,,2017 - 2018,3.75
,,2018 - 2019,3.44
,,2019 - 2020,3.96
,,2020 - 2021,3.07
,,2021 - 2022,3.56
,,2022 - 2023,3.76
,Haveri,2000 - 2001,2.81
,,2001 - 2002,2.63
,,2002 - 2003,2.56
,,2003 - 2004,2.52
,,2004 - 2005,3.06
,,2005 - 2006,2.28
,,2006 - 2007,4.13
,,2007 - 2008,3.05
,,2008 - 2009,3.18
,,2009 - 2010,1.34
,,2010 - 2011,3.54
,,2011 - 2012,3.0
,,2012 - 2013,2.26
,,2013 - 2014,2.99
,,2014 - 2015,3.06
,,2015 - 2016,2.72
,,2016 - 2017,2.61
,,2017 - 2018,2.87
,,2018 - 2019,3.45
,,2019 - 2020,3.96
,,2020 - 2021,3.07
,,2021 - 2022,3.56
,,2022 - 2023,3.76
,Kodagu,2000 - 2001,2.8
,,2001 - 2002,2.63
,,2002 - 2003,2.53
,,2003 - 2004,2.51
,,2004 - 2005,3.06
,,2005 - 2006,3.09
,,2006 - 2007,3.2
,,2007 - 2008,3.23
,,2008 - 2009,3.15
,,2009 - 2010,5.56
,,2010 - 2011,3.4
,,2011 - 2012,3.42
,,2012 - 2013,3.44
,,2013 - 2014,3.25
,,2014 - 2015,3.26
,,2015 - 2016,2.8
,,2016 - 2017,3.11
,,2017 - 2018,
,,2018 - 2019,
,,2019 - 2020,
,,2020 - 2021,
,,2021 - 2022,
,,2022 - 2023,
,Kolar,2000 - 2001,2.81
,,2001 - 2002,2.63
,,2002 - 2003,2.56
,,2003 - 2004,2.52
,,2004 - 2005,3.06
,,2005 - 2006,3.37
,,2006 - 2007,3.2
,,2007 - 2008,3.23
,,2008 - 2009,3.15
,,2009 - 2010,2.74
,,2010 - 2011,3.4
,,2011 - 2012,3.41
,,2012 - 2013,3.43
,,2013 - 2014,3.24
,,2014 - 2015,3.25
,,2015 - 2016,2.81
,,2016 - 2017,
,,2017 - 2018,
,,2018 - 2019,
,,2019 - 2020,3.96
,,2020 - 2021,3.07
,,2021 - 2022,3.56
,,2022 - 2023,3.75
,Koppal,2000 - 2001,2.81
,,2001 - 2002,2.63
,,2002 - 2003,2.56
,,2003 - 2004,2.52
,,2004 - 2005,3.06
,,2005 - 2006,2.14
,,2006 - 2007,3.2
,,2007 - 2008,3.23
,,2008 - 2009,2.89
,,2009 - 2010,3.33
,,2010 - 2011,3.58
,,2011 - 2012,3.27
,,2012 - 2013,3.32
,,2013 - 2014,3.01
,,2014 - 2015,2.49
,,2015 - 2016,1.87
,,2016 - 2017,3.0
,,2017 - 2018,3.75
,,2018 - 2019,3.45
,,2019 - 2020,3.96
,,2020 - 2021,3.07
,,2021 - 2022,3.56
,,2022 - 2023,3.75
,Mandya,2000 - 2001,
,,2002 - 2003,2.56
,,2003 - 2004,2.52
,,2004 - 2005,3.06
,,2005 - 2006,2.51
,,2006 - 2007,3.21
,,2007 - 2008,3.24
,,2008 - 2009,3.15
,,2009 - 2010,2.74
,,2010 - 2011,3.4
,,2011 - 2012,3.41
,,2012 - 2013,3.44
,,2013 - 2014,3.24
,,2014 - 2015,3.26
,,2015 - 2016,2.81
,,2016 - 2017,3.1
,,2017 - 2018,3.75
,,2018 - 2019,3.45
,,2019 - 2020,3.96
,,2020 - 2021,3.07
,,2021 - 2022,3.56
,,2022 - 2023,3.76
,Mysore,2000 - 2001,2.81
,,2001 - 2002,2.63
,,2002 - 2003,2.56
,,2003 - 2004,2.52
,,2004 - 2005,3.06
,,2005 - 2006,3.33
,,2006 - 2007,3.2
,,2007 - 2008,3.23
,,2008 - 2009,3.15
,,2009 - 2010,3.6
,,2010 - 2011,3.4
,,2011 - 2012,3.41
,,2012 - 2013,3.44
,,2013 - 2014,3.24
,,2014 - 2015,3.26
,,2015 - 2016,2.81
,,2016 - 2017,3.1
,,2017 - 2018,3.75
,,2018 - 2019,3.44
,,2019 - 2020,3.96
,,2020 - 2021,3.07
,,2021 - 2022,3.56
,,2022 - 2023,3.75
,Raichur,2000 - 2001,
,,2001 - 2002,
,,2002 - 2003,2.57
,,2003 - 2004,2.51
,,2004 - 2005,3.06
,,2005 - 2006,3.09
,,2006 - 2007,3.21
,,2007 - 2008,3.23
,,2008 - 2009,3.15
,,2009 - 2010,2.74
,,2010 - 2011,3.4
,,2011 - 2012,3.41
,,2012 - 2013,3.44
,,2013 - 2014,2.14
,,2014 - 2015,
,,2015 - 2016,2.81
,,2016 - 2017,3.1
,,2017 - 2018,3.76
,,2018 - 2019,
,,2019 - 2020,4.0
,,2020 - 2021,3.0
,,2021 - 2022,3.4
,,2022 - 2023,3.81
,Ramanagara,2007 - 2008,3.23
,,2008 - 2009,3.14
,,2009 - 2010,2.74
,,2010 - 2011,3.4
,,2011 - 2012,3.41
,,2012 - 2013,3.44
,,2013 - 2014,3.24
,,2014 - 2015,3.26
,,2015 - 2016,3.81
,,2016 - 2017,9.59
,,2017 - 2018,3.75
,,2018 - 2019,3.45
,,2019 - 2020,3.96
,,2020 - 2021,3.07
,,2021 - 2022,3.55
,,2022 - 2023,3.76
,Shimoga,2000 - 2001,2.82
,,2001 - 2002,2.63
,,2002 - 2003,2.56
,,2003 - 2004,2.52
,,2004 - 2005,3.06
,,2005 - 2006,2.14
,,2006 - 2007,3.2
,,2007 - 2008,3.69
,,2008 - 2009,3.75
,,2009 - 2010,3.22
,,2010 - 2011,4.77
,,2011 - 2012,4.76
,,2012 - 2013,4.48
,,2013 - 2014,4.2
,,2014 - 2015,
,,2015 - 2016,2.81
,,2016 - 2017,3.1
,,2017 - 2018,3.75
,,2018 - 2019,3.45
,,2019 - 2020,3.96
,,2020 - 2021,3.07
,,2021 - 2022,3.56
,,2022 - 2023,3.76
,Tumkur,2000 - 2001,2.81
,,2001 - 2002,2.63
,,2002 - 2003,2.56
,,2003 - 2004,2.52
,,2004 - 2005,3.06
,,2005 - 2006,3.09
,,2006 - 2007,3.21
,,2007 - 2008,3.23
,,2008 - 2009,3.15
,,2009 - 2010,2.35
,,2010 - 2011,2.66
,,2011 - 2012,3.2
,,2012 - 2013,3.62
,,2013 - 2014,3.25
,,2014 - 2015,3.26
,,2015 - 2016,2.81
,,2016 - 2017,3.1
,,2017 - 2018,3.76
,,2018 - 2019,3.45
,,2019 - 2020,3.95
,,2020 - 2021,3.07
,,2021 - 2022,3.56
,,2022 - 2023,3.76
,Udupi,2005 - 2006,3.0
,,2006 - 2007,3.17
,,2007 - 2008,3.25
,,2008 - 2009,3.17
,,2009 - 2010,2.67
,,2010 - 2011,3.33
,,2011 - 2012,2.1
,,2012 - 2013,3.5
,,2013 - 2014,3.25
,,2014 - 2015,3.0
,,2015 - 2016,3.0
,,2016 - 2017,3.0
,,2017 - 2018,3.83
,,2018 - 2019,3.0
,,2019 - 2020,4.0
,,2020 - 2021,
,,2021 - 2022,
,,2022 - 2023,
,Uttar kannad,2000 - 2001,
,,2001 - 2002,
,,2002 - 2003,1.5
,,2003 - 2004,
,,2004 - 2005,3.0
,,2005 - 2006,3.0
,,2006 - 2007,3.05
,,2007 - 2008,3.23
,,2008 - 2009,3.14
,,2009 - 2010,2.71
,,2010 - 2011,2.25
,,2011 - 2012,2.71
,,2012 - 2013,3.44
,,2013 - 2014,3.24
,,2014 - 2015,3.26
,,2015 - 2016,2.81
,,2016 - 2017,3.1
,,2017 - 2018,3.75
,,2018 - 2019,3.45
,,2019 - 2020,3.96
,,2020 - 2021,3.07
,,2021 - 2022,3.56
,,2022 - 2023,3.76
,Vijayanagar,2022 - 2023,3.75
,Yadgir,2010 - 2011,3.41
,,2011 - 2012,3.4
,,2012 - 2013,3.44
,,2013 - 2014,3.25
,,2014 - 2015,3.28
,,2015 - 2016,2.81
,,2016 - 2017,3.1
,,2017 - 2018,3.75
,,2018 - 2019,
,,2019 - 2020,4.0
,,2020 - 2021,3.07
,,2021 - 2022,3.6
,,2022 - 2023,3.76
Kerala,Alappuzha,2021 - 2022,
,,2022 - 2023,
,Ernakulam,2021 - 2022,
,Idukki,2012 - 2013,
,,2013 - 2014,
,,2014 - 2015,
,,2015 - 2016,
,,2016 - 2017,
,,2017 - 2018,
,,2018 - 2019,
,,2019 - 2020,
,,2020 - 2021,
,,2021 - 2022,
,,2022 - 2023,
,Kannur,2022 - 2023,
,Kasaragod,2020 - 2021,
,Malappuram,2018 - 2019,
,Palakkad,2012 - 2013,
,,2013 - 2014,
,,2014 - 2015,
,,2015 - 2016,
,,2016 - 2017,
,,2017 - 2018,
,,2018 - 2019,
,,2019 - 2020,
,,2020 - 2021,
,,2021 - 2022,
,,2022 - 2023,
,Pathanamthitta,2017 - 2018,
,,2018 - 2019,
,,2020 - 2021,
,Thiruvananthapuram,2020 - 2021,
,Wayanad,2014 - 2015,
,,2017 - 2018,
,,2018 - 2019,
,,2020 - 2021,
,,2021 - 2022,
,,2022 - 2023,
Madhya Pradesh,Agar malwa,2013 - 2014,
,,2014 - 2015,
,,2015 - 2016,
,,2016 - 2017,
,,2017 - 2018,
,,2018 - 2019,
,,2019 - 2020,4.0
,,2020 - 2021,3.51
,,2021 - 2022,
,,2022 - 2023,
,Alirajpur,2008 - 2009,
,,2009 - 2010,
,,2010 - 2011,
,,2011 - 2012,
,,2012 - 2013,
,,2013 - 2014,
,,2014 - 2015,
,,2015 - 2016,
,,2016 - 2017,
,,2017 - 2018,3.86
,,2018 - 2019,
,,2019 - 2020,2.5
,,2020 - 2021,2.5
,,2021 - 2022,
,,2022 - 2023,
,Anuppur,2003 - 2004,
,,2004 - 2005,
,,2005 - 2006,
,,2006 - 2007,
,,2007 - 2008,
,,2008 - 2009,
,,2009 - 2010,
,,2010 - 2011,
,,2011 - 2012,
,,2012 - 2013,
,,2013 - 2014,
,,2014 - 2015,
,,2015 - 2016,
,,2016 - 2017,
,,2017 - 2018,4.0
,,2018 - 2019,
,,2019 - 2020,0.0
,,2020 - 2021,0.0
,,2021 - 2022,
,,2022 - 2023,
,Ashoknagar,2003 - 2004,
,,2004 - 2005,
,,2005 - 2006,
,,2006 - 2007,
,,2007 - 2008,
,,2008 - 2009,
,,2009 - 2010,
,,2010 - 2011,
,,2011 - 2012,
,,2012 - 2013,
,,2013 - 2014,
,,2014 - 2015,
,,2015 - 2016,
,,2016 - 2017,
,,2017 - 2018,3.0
,,2018 - 2019,
,,2019 - 2020,1.5
,,2020 - 2021,1.73
,,2021 - 2022,
,,2022 - 2023,
,Balaghat,2000 - 2001,
,,2001 - 2002,
,,2002 - 2003,
,,2003 - 2004,
,,2004 - 2005,
,,2005 - 2006,
,,2006 - 2007,
,,2007 - 2008,
,,2008 - 2009,
,,2009 - 2010,
,,2010 - 2011,
,,2011 - 2012,
,,2012 - 2013,
,,2013 - 2014,
,,2014 - 2015,
,,2015 - 2016,
,,2016 - 2017,
,,2017 - 2018,3.0
,,2018 - 2019,
,,2019 - 2020,2.0
,,2020 - 2021,2.24
,,2021 - 2022,
,,2022 - 2023,
,Barwani,2000 - 2001,
,,2001 - 2002,
,,2002 - 2003,
,,2003 - 2004,
,,2004 - 2005,
,,2005 - 2006,
,,2006 - 2007,
,,2007 - 2008,
,,2008 - 2009,
,,2009 - 2010,
,,2010 - 2011,
,,2011 - 2012,
,,2012 - 2013,
,,2013 - 2014,
,,2014 - 2015,
,,2015 - 2016,
,,2016 - 2017,
,,2017 - 2018,3.75
,,2018 - 2019,
,,2019 - 2020,4.1
,,2020 - 2021,4.1
,,2021 - 2022,
,,2022 - 2023,
,Betul,2000 - 2001,
,,2001 - 2002,
,,2002 - 2003,
,,2003 - 2004,
,,2004 - 2005,
,,2005 - 2006,
,,2006 - 2007,
,,2007 - 2008,
,,2008 - 2009,
,,2009 - 2010,
,,2010 - 2011,
,,2011 - 2012,
,,2012 - 2013,
,,2013 - 2014,
,,2014 - 2015,
,,2015 - 2016,
,,2016 - 2017,
,,2017 - 2018,4.0
,,2018 - 2019,
,,2019 - 2020,4.0
,,2020 - 2021,3.39
,,2021 - 2022,
,,2022 - 2023,
,Bhind,2001 - 2002,
,,2002 - 2003,
,,2003 - 2004,
,,2004 - 2005,
,,2007 - 2008,
,,2008 - 2009,
,,2009 - 2010,
,,2010 - 2011,
,,2018 - 2019,
,,2019 - 2020,
,Bhopal,2000 - 2001,
,,2001 - 2002,
,,2002 - 2003,
,,2003 - 2004,
,,2004 - 2005,
,,2005 - 2006,
,,2006 - 2007,
,,2007 - 2008,
,,2008 - 2009,
,,2009 - 2010,
,,2010 - 2011,
,,2011 - 2012,
,,2012 - 2013,
,,2013 - 2014,
,,2014 - 2015,
,,2015 - 2016,
,,2016 - 2017,
,,2017 - 2018,2.5
,,2018 - 2019,
,,2019 - 2020,
,,2020 - 2021,
,,2021 - 2022,
,,2022 - 2023,
,Burhanpur,2003 - 2004,
,,2004 - 2005,
,,2005 - 2006,
,,2006 - 2007,
,,2007 - 2008,
,,2008 - 2009,
,,2009 - 2010,
,,2010 - 2011,
,,2011 - 2012,
,,2012 - 2013,
,,2013 - 2014,
,,2014 - 2015,
,,2015 - 2016,
,,2016 - 2017,
,,2017 - 2018,3.77
,,2018 - 2019,
,,2019 - 2020,7.85
,,2020 - 2021,7.41
,,2021 - 2022,
,,2022 - 2023,
,Chhatarpur,2000 - 2001,
,,2001 - 2002,
,,2002 - 2003,
,,2003 - 2004,
,,2004 - 2005,
,,2005 - 2006,
,,2006 - 2007,
,,2007 - 2008,
,,2008 - 2009,
,,2009 - 2010,
,,2010 - 2011,
,,2011 - 2012,
,,2012 - 2013,
,,2013 - 2014,
,,2014 - 2015,
,,2015 - 2016,
,,2016 - 2017,
,,2017 - 2018,
,,2018 - 2019,
,,2019 - 2020,
,,2020 - 2021,
,,2021 - 2022,
,,2022 - 2023,
,Chhindwara,2000 - 2001,
,,2001 - 2002,
,,2002 - 2003,
,,2003 - 2004,
,,2004 - 2005,
,,2005 - 2006,
,,2006 - 2007,
,,2007 - 2008,
,,2008 - 2009,
,,2009 - 2010,
,,2010 - 2011,
,,2011 - 2012,
,,2012 - 2013,
,,2013 - 2014,
,,2014 - 2015,
,,2015 - 2016,
,,2016 - 2017,
,,2017 - 2018,3.45
,,2018 - 2019,
,,2019 - 2020,4.83
,,2020 - 2021,4.63
,,2021 - 2022,
,,2022 - 2023,
,Damoh,2000 - 2001,
,,2001 - 2002,
,,2002 - 2003,
,,2003 - 2004,
,,2004 - 2005,
,,2005 - 2006,
,,2006 - 2007,
,,2007 - 2008,
,,2008 - 2009,
,,2009 - 2010,
,,2010 - 2011,
,,2011 - 2012,
,,2012 - 2013,
,,2013 - 2014,
,,2014 - 2015,
,,2015 - 2016,
,,2016 - 2017,
,,2017 - 2018,3.6
,,2018 - 2019,
,,2019 - 2020,2.25
,,2020 - 2021,2.46
,,2021 - 2022,
,,2022 - 2023,
,Datia,2000 - 2001,
,,2001 - 2002,
,,2002 - 2003,
,,2003 - 2004,
,,2004 - 2005,
,,2005 - 2006,
,,2006 - 2007,
,,2007 - 2008,
,,2008 - 2009,
,,2009 - 2010,
,,2010 - 2011,
,,2011 - 2012,
,,2012 - 2013,
,,2013 - 2014,
,,2014 - 2015,
,,2015 - 2016,
,,2016 - 2017,
,,2017 - 2018,
,,2018 - 2019,
,,2019 - 2020,
,,2020 - 2021,
,,2021 - 2022,
,Dewas,2000 - 2001,
,,2001 - 2002,
,,2002 - 2003,
,,2003 - 2004,
,,2004 - 2005,
,,2005 - 2006,
,,2006 - 2007,
,,2007 - 2008,
,,2008 - 2009,
,,2009 - 2010,
,,2010 - 2011,
,,2011 - 2012,
,,2012 - 2013,
,,2013 - 2014,
,,2014 - 2015,
,,2015 - 2016,
,,2016 - 2017,
,,2017 - 2018,
,,2018 - 2019,
,,2019 - 2020,
,,2020 - 2021,
,,2021 - 2022,
,,2022 - 2023,
,Dhar,2000 - 2001,
,,2001 - 2002,
,,2002 - 2003,
,,2003 - 2004,
,,2004 - 2005,
,,2005 - 2006,
,,2006 - 2007,
,,2007 - 2008,
,,2008 - 2009,
,,2009 - 2010,
,,2010 - 2011,
,,2011 - 2012,
,,2012 - 2013,
,,2013 - 2014,
,,2014 - 2015,
,,2015 - 2016,
,,2016 - 2017,
,,2017 - 2018,3.9
,,2018 - 2019,
,,2019 - 2020,4.48
,,2020 - 2021,4.28
,,2021 - 2022,
,,2022 - 2023,
,Dindori,2000 - 2001,
,,2001 - 2002,
,,2002 - 2003,
,,2003 - 2004,
,,2004 - 2005,
,,2005 - 2006,
,,2006 - 2007,
,,2007 - 2008,
,,2008 - 2009,
,,2009 - 2010,
,,2010 - 2011,
,,2011 - 2012,
,,2012 - 2013,
,,2013 - 2014,
,,2014 - 2015,
,,2015 - 2016,
,,2016 - 2017,
,,2017 - 2018,
,,2018 - 2019,
,,2019 - 2020,
,,2020 - 2021,
,,2021 - 2022,
,,2022 - 2023,
,Guna,2000 - 2001,
,,2001 - 2002,
,,2002 - 2003,
,,2003 - 2004,
,,2004 - 2005,
,,2005 - 2006,
,,2006 - 2007,
,,2007 - 2008,
,,2008 - 2009,
,,2009 - 2010,
,,2010 - 2011,
,,2011 - 2012,
,,2012 - 2013,
,,2013 - 2014,
,,2014 - 2015,
,,2015 - 2016,
,,2016 - 2017,
,,2017 - 2018,
,,2018 - 2019,
,,2019 - 2020,
,,2020 - 2021,
,,2021 - 2022,
,,2022 - 2023,
,Gwalior,2000 - 2001,
,,2001 - 2002,
,,2002 - 2003,
,,2003 - 2004,
,,2004 - 2005,
,,2005 - 2006,
,,2006 - 2007,
,,2007 - 2008,
,,2008 - 2009,
,,2009 - 2010,
,,2010 - 2011,
,,2011 - 2012,
,,2012 - 2013,
,,2013 - 2014,
,,2014 - 2015,
,,2017 - 2018,
,,2018 - 2019,
,,2019 - 2020,4.08
,,2020 - 2021,2.94
,,2021 - 2022,
,Harda,2000 - 2001,
,,2001 - 2002,
,,2002 - 2003,
,,2003 - 2004,
,,2004 - 2005,
,,2005 - 2006,
,,2006 - 2007,
,,2007 - 2008,
,,2008 - 2009,
,,2009 - 2010,
,,2010 - 2011,
,,2011 - 2012,
,,2012 - 2013,
,,2013 - 2014,
,,2014 - 2015,
,,2015 - 2016,
,,2017 - 2018,3.75
,,2018 - 2019,
,,2019 - 2020,2.65
,,2020 - 2021,3.0
,,2021 - 2022,
,,2022 - 2023,
,Hoshangabad,2000 - 2001,
,,2001 - 2002,
,,2002 - 2003,
,,2003 - 2004,
,,2004 - 2005,
,,2005 - 2006,
,,2006 - 2007,
,,2007 - 2008,
,,2008 - 2009,
,,2009 - 2010,
,,2010 - 2011,
,,2011 - 2012,
,,2012 - 2013,
,,2013 - 2014,
,,2014 - 2015,
,,2015 - 2016,
,,2016 - 2017,
,,2017 - 2018,3.66
,,2018 - 2019,
,,2019 - 2020,4.2
,,2020 - 2021,3.21
,,2021 - 2022,
,,2022 - 2023,
,Indore,2000 - 2001,
,,2001 - 2002,
,,2002 - 2003,
,,2003 - 2004,
,,2004 - 2005,
,,2005 - 2006,
,,2006 - 2007,
,,2007 - 2008,
,,2008 - 2009,
,,2009 - 2010,
,,2010 - 2011,
,,2011 - 2012,
,,2012 - 2013,
,,2013 - 2014,
,,2014 - 2015,
,,2015 - 2016,
,,2016 - 2017,
,,2017 - 2018,3.48
,,2018 - 2019,
,,2019 - 2020,1.8
,,2020 - 2021,1.8
,,2021 - 2022,
,,2022 - 2023,
,Jabalpur,2000 - 2001,
,,2001 - 2002,
,,2002 - 2003,
,,2003 - 2004,
,,2004 - 2005,
,,2005 - 2006,
,,2006 - 2007,
,,2007 - 2008,
,,2008 - 2009,
,,2009 - 2010,
,,2010 - 2011,
,,2011 - 2012,
,,2012 - 2013,
,,2013 - 2014,
,,2014 - 2015,
,,2015 - 2016,
,,2016 - 2017,
,,2017 - 2018,
,,2018 - 2019,
,,2019 - 2020,
,,2020 - 2021,
,,2021 - 2022,
,,2022 - 2023,
,Jhabua,2000 - 2001,
,,2001 - 2002,
,,2002 - 2003,
,,2003 - 2004,
,,2004 - 2005,
,,2005 - 2006,
,,2006 - 2007,
,,2007 - 2008,
,,2008 - 2009,
,,2009 - 2010,
,,2010 - 2011,
,,2011 - 2012,
,,2012 - 2013,
,,2013 - 2014,
,,2014 - 2015,
,,2015 - 2016,
,,2016 - 2017,
,,2017 - 2018,3.68
,,2018 - 2019,
,,2019 - 2020,2.25
,,2020 - 2021,2.25
,,2021 - 2022,
,,2022 - 2023,
,Katni,2000 - 2001,
,,2001 - 2002,
,,2002 - 2003,
,,2003 - 2004,
,,2004 - 2005,
,,2005 - 2006,
,,2006 - 2007,
,,2007 - 2008,
,,2008 - 2009,
,,2009 - 2010,
,,2010 - 2011,
,,2011 - 2012,
,,2012 - 2013,
,,2013 - 2014,
,,2014 - 2015,
,,2015 - 2016,
,,2016 - 2017,
,,2017 - 2018,2.85
,,2018 - 2019,
,,2019 - 2020,
,,2020 - 2021,
,,2021 - 2022,
,,2022 - 2023,
,Khandwa,2000 - 2001,
,,2001 - 2002,
,,2002 - 2003,
,,2003 - 2004,
,,2004 - 2005,
,,2005 - 2006,
,,2006 - 2007,
,,2007 - 2008,
,,2008 - 2009,
,,2009 - 2010,
,,2010 - 2011,
,,2011 - 2012,
,,2012 - 2013,
,,2013 - 2014,
,,2014 - 2015,
,,2015 - 2016,
,,2016 - 2017,
,,2017 - 2018,3.85
,,2018 - 2019,
,,2019 - 2020,3.25
,,2020 - 2021,3.25
,,2021 - 2022,
,,2022 - 2023,
,Khargone,2000 - 2001,
,,2001 - 2002,
,,2002 - 2003,
,,2003 - 2004,
,,2004 - 2005,
,,2005 - 2006,
,,2006 - 2007,
,,2007 - 2008,
,,2008 - 2009,
,,2009 - 2010,
,,2010 - 2011,
,,2011 - 2012,
,,2012 - 2013,
,,2013 - 2014,
,,2014 - 2015,
,,2015 - 2016,
,,2016 - 2017,
,,2017 - 2018,4.1
,,2018 - 2019,
,,2019 - 2020,8.0
,,2020 - 2021,7.43
,,2021 - 2022,
,,2022 - 2023,
,Mandla,2000 - 2001,
,,2001 - 2002,
,,2002 - 2003,
,,2003 - 2004,
,,2004 - 2005,
,,2005 - 2006,
,,2006 - 2007,
,,2007 - 2008,
,,2008 - 2009,
,,2009 - 2010,
,,2010 - 2011,
,,2011 - 2012,
,,2012 - 2013,
,,2013 - 2014,
,,2014 - 2015,
,,2015 - 2016,
,,2016 - 2017,
,,2017 - 2018,
,,2018 - 2019,
,,2019 - 2020,
,,2020 - 2021,
,,2021 - 2022,
,,2022 - 2023,
,Mandsaur,2000 - 2001,
,,2001 - 2002,
,,2002 - 2003,
,,2003 - 2004,
,,2004 - 2005,
,,2005 - 2006,
,,2006 - 2007,
,,2007 - 2008,
,,2008 - 2009,
,,2009 - 2010,
,,2010 - 2011,
,,2011 - 2012,
,,2012 - 2013,
,,2013 - 2014,
,,2014 - 2015,
,,2015 - 2016,
,,2016 - 2017,
,,2017 - 2018,3.63
,,2018 - 2019,
,,2019 - 2020,
,,2020 - 2021,
,,2021 - 2022,
,,2022 - 2023,
,Morena,2000 - 2001,
,,2001 - 2002,
,,2002 - 2003,
,,2003 - 2004,
,,2004 - 2005,
,,2005 - 2006,
,,2006 - 2007,
,,2007 - 2008,
,,2008 - 2009,
,,2009 - 2010,
,,2010 - 2011,
,,2011 - 2012,
,,2012 - 2013,
,,2013 - 2014,
,,2017 - 2018,
,,2018 - 2019,
,,2019 - 2020,
,,2020 - 2021,
,,2021 - 2022,
,Narsinghpur,2000 - 2001,
,,2001 - 2002,
,,2002 - 2003,
,,2003 - 2004,
,,2004 - 2005,
,,2005 - 2006,
,,2006 - 2007,
,,2007 - 2008,
,,2008 - 2009,
,,2009 - 2010,
,,2010 - 2011,
,,2011 - 2012,
,,2012 - 2013,
,,2013 - 2014,
,,2014 - 2015,
,,2015 - 2016,
,,2016 - 2017,
,,2017 - 2018,
,,2018 - 2019,
,,2019 - 2020,2.8
,,2020 - 2021,2.79
,,2021 - 2022,
,,2022 - 2023,
,Neemuch,2000 - 2001,
,,2001 - 2002,
,,2002 - 2003,
,,2003 - 2004,
,,2004 - 2005,
,,2005 - 2006,
,,2006 - 2007,
,,2007 - 2008,
,,2008 - 2009,
,,2009 - 2010,
,,2010 - 2011,
,,2011 - 2012,
,,2012 - 2013,
,,2013 - 2014,
,,2014 - 2015,
,,2015 - 2016,
,,2016 - 2017,
,,2017 - 2018,1.25
,,2018 - 2019,
,,2019 - 2020,4.0
,,2020 - 2021,3.8
,,2021 - 2022,
,,2022 - 2023,
,Niwari,2020 - 2021,
,,2021 - 2022,
,,2022 - 2023,
,Panna,2000 - 2001,
,,2001 - 2002,
,,2002 - 2003,
,,2003 - 2004,
,,2004 - 2005,
,,2005 - 2006,
,,2006 - 2007,
,,2007 - 2008,
,,2008 - 2009,
,,2009 - 2010,
,,2010 - 2011,
,,2011 - 2012,
,,2012 - 2013,
,,2013 - 2014,
,,2014 - 2015,
,,2015 - 2016,
,,2016 - 2017,
,,2017 - 2018,
,,2018 - 2019,
,,2019 - 2020,
,,2020 - 2021,
,,2021 - 2022,
,,2022 - 2023,
,Raisen,2000 - 2001,
,,2001 - 2002,
,,2002 - 2003,
,,2003 - 2004,
,,2004 - 2005,
,,2005 - 2006,
,,2006 - 2007,
,,2007 - 2008,
,,2008 - 2009,
,,2009 - 2010,
,,2010 - 2011,
,,2011 - 2012,
,,2012 - 2013,
,,2013 - 2014,
,,2014 - 2015,
,,2015 - 2016,
,,2016 - 2017,
,,2017 - 2018,3.0
,,2018 - 2019,
,,2019 - 2020,1.85
,,2020 - 2021,1.85
,,2021 - 2022,
,,2022 - 2023,
,Rajgarh,2000 - 2001,
,,2001 - 2002,
,,2002 - 2003,
,,2003 - 2004,
,,2004 - 2005,
,,2005 - 2006,
,,2006 - 2007,
,,2007 - 2008,
,,2008 - 2009,
,,2009 - 2010,
,,2010 - 2011,
,,2011 - 2012,
,,2012 - 2013,
,,2013 - 2014,
,,2014 - 2015,
,,2015 - 2016,
,,2016 - 2017,
,,2017 - 2018,4.0
,,2018 - 2019,
,,2019 - 2020,0.0
,,2020 - 2021,0.0
,,2021 - 2022,
,,2022 - 2023,
,Ratlam,2000 - 2001,
,,2001 - 2002,
,,2002 - 2003,
,,2003 - 2004,
,,2004 - 2005,
,,2005 - 2006,
,,2006 - 2007,
,,2007 - 2008,
,,2008 - 2009,
,,2009 - 2010,
,,2010 - 2011,
,,2011 - 2012,
,,2012 - 2013,
,,2013 - 2014,
,,2014 - 2015,
,,2015 - 2016,
,,2016 - 2017,
,,2017 - 2018,
,,2018 - 2019,
,,2019 - 2020,3.3
,,2020 - 2021,2.92
,,2021 - 2022,
,,2022 - 2023,
,Rewa,2000 - 2001,
,,2001 - 2002,
,,2002 - 2003,
,,2003 - 2004,
,,2004 - 2005,
,,2005 - 2006,
,,2006 - 2007,
,,2007 - 2008,
,,2008 - 2009,
,,2009 - 2010,
,,2010 - 2011,
,,2011 - 2012,
,,2012 - 2013,
,,2013 - 2014,
,,2014 - 2015,
,,2015 - 2016,
,,2016 - 2017,
,,2017 - 2018,
,,2018 - 2019,
,,2019 - 2020,
,,2020 - 2021,
,,2021 - 2022,
,,2022 - 2023,
,Sagar,2000 - 2001,
,,2001 - 2002,
,,2002 - 2003,
,,2003 - 2004,
,,2004 - 2005,
,,2005 - 2006,
,,2006 - 2007,
,,2007 - 2008,
,,2008 - 2009,
,,2009 - 2010,
,,2010 - 2011,
,,2011 - 2012,
,,2012 - 2013,
,,2013 - 2014,
,,2014 - 2015,
,,2015 - 2016,
,,2016 - 2017,
,,2017 - 2018,
,,2018 - 2019,
,,2019 - 2020,1.2
,,2020 - 2021,1.4
,,2021 - 2022,
,,2022 - 2023,
,Satna,2000 - 2001,
,,2001 - 2002,
,,2002 - 2003,
,,2003 - 2004,
,,2004 - 2005,
,,2005 - 2006,
,,2006 - 2007,
,,2007 - 2008,
,,2008 - 2009,
,,2009 - 2010,
,,2010 - 2011,
,,2011 - 2012,
,,2012 - 2013,
,,2013 - 2014,
,,2014 - 2015,
,,2015 - 2016,
,,2017 - 2018,
,,2018 - 2019,
,,2019 - 2020,1.52
,,2020 - 2021,1.59
,,2021 - 2022,
,,2022 - 2023,
,Sehore,2000 - 2001,
,,2001 - 2002,
,,2002 - 2003,
,,2003 - 2004,
,,2004 - 2005,
,,2005 - 2006,
,,2006 - 2007,
,,2007 - 2008,
,,2008 - 2009,
,,2009 - 2010,
,,2010 - 2011,
,,2011 - 2012,
,,2012 - 2013,
,,2013 - 2014,
,,2014 - 2015,
,,2015 - 2016,
,,2016 - 2017,
,,2017 - 2018,
,,2018 - 2019,
,,2019 - 2020,
,,2020 - 2021,
,,2021 - 2022,
,,2022 - 2023,
,Seoni,2000 - 2001,
,,2001 - 2002,
,,2002 - 2003,
,,2003 - 2004,
,,2004 - 2005,
,,2005 - 2006,
,,2006 - 2007,
,,2007 - 2008,
,,2008 - 2009,
,,2009 - 2010,
,,2010 - 2011,
,,2011 - 2012,
,,2012 - 2013,
,,2013 - 2014,
,,2014 - 2015,
,,2015 - 2016,
,,2016 - 2017,
,,2017 - 2018,3.95
,,2018 - 2019,
,,2019 - 2020,4.3
,,2020 - 2021,4.3
,,2021 - 2022,
,,2022 - 2023,
,Shahdol,2000 - 2001,
,,2001 - 2002,
,,2002 - 2003,
,,2003 - 2004,
,,2004 - 2005,
,,2005 - 2006,
,,2006 - 2007,
,,2007 - 2008,
,,2008 - 2009,
,,2009 - 2010,
,,2010 - 2011,
,,2011 - 2012,
,,2012 - 2013,
,,2013 - 2014,
,,2014 - 2015,
,,2015 - 2016,
,,2016 - 2017,
,,2017 - 2018,4.0
,,2018 - 2019,
,,2019 - 2020,0.0
,,2020 - 2021,1.13
,,2021 - 2022,
,,2022 - 2023,
,Shajapur,2000 - 2001,
,,2001 - 2002,
,,2002 - 2003,
,,2003 - 2004,
,,2004 - 2005,
,,2005 - 2006,
,,2006 - 2007,
,,2007 - 2008,
,,2008 - 2009,
,,2009 - 2010,
,,2010 - 2011,
,,2011 - 2012,
,,2012 - 2013,
,,2013 - 2014,
,,2014 - 2015,
,,2015 - 2016,
,,2016 - 2017,
,,2017 - 2018,4.0
,,2018 - 2019,
,,2019 - 2020,
,,2020 - 2021,
,,2021 - 2022,
,,2022 - 2023,
,Sheopur,2000 - 2001,
,,2001 - 2002,
,,2002 - 2003,
,,2003 - 2004,
,,2004 - 2005,
,,2005 - 2006,
,,2006 - 2007,
,,2007 - 2008,
,,2008 - 2009,
,,2009 - 2010,
,,2010 - 2011,
,,2011 - 2012,
,,2012 - 2013,
,,2013 - 2014,
,,2014 - 2015,
,,2015 - 2016,
,,2016 - 2017,
,,2017 - 2018,
,,2018 - 2019,
,,2019 - 2020,
,,2020 - 2021,
,,2021 - 2022,
,,2022 - 2023,
,Shivpuri,2000 - 2001,
,,2001 - 2002,
,,2002 - 2003,
,,2003 - 2004,
,,2004 - 2005,
,,2005 - 2006,
,,2006 - 2007,
,,2007 - 2008,
,,2008 - 2009,
,,2009 - 2010,
,,2010 - 2011,
,,2011 - 2012,
,,2012 - 2013,
,,2013 - 2014,
,,2014 - 2015,
,,2015 - 2016,
,,2016 - 2017,
,,2017 - 2018,
,,2018 - 2019,
,,2019 - 2020,
,,2020 - 2021,
,,2021 - 2022,
,,2022 - 2023,
,Sidhi,2000 - 2001,
,,2001 - 2002,
,,2002 - 2003,
,,2003 - 2004,
,,2004 - 2005,
,,2005 - 2006,
,,2006 - 2007,
,,2007 - 2008,
,,2008 - 2009,
,,2009 - 2010,
,,2010 - 2011,
,,2011 - 2012,
,,2012 - 2013,
,,2013 - 2014,
,,2014 - 2015,
,,2015 - 2016,
,,2016 - 2017,
,,2017 - 2018,
,,2018 - 2019,
,,2019 - 2020,
,,2020 - 2021,
,,2021 - 2022,
,,2022 - 2023,
,Singrauli,2008 - 2009,
,,2009 - 2010,
,,2010 - 2011,
,,2011 - 2012,
,,2012 - 2013,
,,2013 - 2014,
,,2014 - 2015,
,,2015 - 2016,
,,2016 - 2017,
,,2017 - 2018,3.8
,,2018 - 2019,
,,2019 - 2020,1.41
,,2020 - 2021,1.61
,,2021 - 2022,
,,2022 - 2023,
,Tikamgarh,2000 - 2001,
,,2001 - 2002,
,,2002 - 2003,
,,2003 - 2004,
,,2004 - 2005,
,,2005 - 2006,
,,2006 - 2007,
,,2007 - 2008,
,,2008 - 2009,
,,2009 - 2010,
,,2010 - 2011,
,,2011 - 2012,
,,2012 - 2013,
,,2013 - 2014,
,,2014 - 2015,
,,2015 - 2016,
,,2016 - 2017,
,,2017 - 2018,
,,2018 - 2019,
,,2019 - 2020,
,,2020 - 2021,
,,2021 - 2022,
,,2022 - 2023,
,Ujjain,2000 - 2001,
,,2001 - 2002,
,,2002 - 2003,
,,2003 - 2004,
,,2004 - 2005,
,,2005 - 2006,
,,2006 - 2007,
,,2007 - 2008,
,,2008 - 2009,
,,2009 - 2010,
,,2010 - 2011,
,,2011 - 2012,
,,2012 - 2013,
,,2013 - 2014,
,,2014 - 2015,
,,2015 - 2016,
,,2016 - 2017,
,,2017 - 2018,3.67
,,2018 - 2019,
,,2019 - 2020,0.0
,,2020 - 2021,1.15
,,2021 - 2022,
,,2022 - 2023,
,Umaria,2000 - 2001,
,,2001 - 2002,
,,2002 - 2003,
,,2003 - 2004,
,,2004 - 2005,
,,2005 - 2006,
,,2006 - 2007,
,,2007 - 2008,
,,2008 - 2009,
,,2009 - 2010,
,,2010 - 2011,
,,2011 - 2012,
,,2012 - 2013,
,,2013 - 2014,
,,2014 - 2015,
,,2015 - 2016,
,,2016 - 2017,
,,2017 - 2018,
,,2018 - 2019,
,,2019 - 2020,0.0
,,2020 - 2021,0.0
,,2021 - 2022,
,,2022 - 2023,
,Vidisha,2000 - 2001,
,,2001 - 2002,
,,2002 - 2003,
,,2003 - 2004,
,,2004 - 2005,
,,2005 - 2006,
,,2006 - 2007,
,,2007 - 2008,
,,2008 - 2009,
,,2009 - 2010,
,,2010 - 2011,
,,2011 - 2012,
,,2012 - 2013,
,,2013 - 2014,
,,2014 - 2015,
,,2015 - 2016,
,,2016 - 2017,
,,2017 - 2018,3.63
,,2018 - 2019,
,,2019 - 2020,1.7
,,2020 - 2021,1.7
,,2021 - 2022,
,,2022 - 2023,
Maharashtra,Ahilyanagar,2000 - 2001,
,,2001 - 2002,1.4
,,2002 - 2003,1.64
,,2003 - 2004,
,,2004 - 2005,1.39
,,2005 - 2006,1.5
,,2006 - 2007,1.5
,,2007 - 2008,1.45
,,2008 - 2009,1.5
,,2009 - 2010,1.46
,,2010 - 2011,1.48
,,2011 - 2012,
,,2012 - 2013,1.0
,,2013 - 2014,1.5
,,2014 - 2015,2.0
,,2015 - 2016,2.0
,,2016 - 2017,2.69
,,2017 - 2018,0.88
,,2018 - 2019,0.0
,,2019 - 2020,2.7
,,2020 - 2021,1.32
,,2021 - 2022,1.32
,,2022 - 2023,1.9
,Akola,2000 - 2001,
,,2001 - 2002,
,,2002 - 2003,
,,2003 - 2004,
,,2004 - 2005,
,,2005 - 2006,
,,2006 - 2007,0.45
,,2007 - 2008,1.0
,,2008 - 2009,
,,2009 - 2010,
,,2010 - 2011,0.5
,,2011 - 2012,
,,2012 - 2013,
,,2013 - 2014,
,,2014 - 2015,
,,2015 - 2016,
,,2016 - 2017,1.0
,,2017 - 2018,1.89
,,2018 - 2019,
,,2019 - 2020,
,,2020 - 2021,
,,2021 - 2022,1.7
,,2022 - 2023,1.67
,Amravati,2000 - 2001,
,,2001 - 2002,1.5
,,2002 - 2003,
,,2003 - 2004,
,,2004 - 2005,1.5
,,2005 - 2006,1.0
,,2006 - 2007,1.0
,,2007 - 2008,1.0
,,2008 - 2009,1.0
,,2009 - 2010,
,,2010 - 2011,
,,2011 - 2012,
,,2012 - 2013,1.29
,,2013 - 2014,1.33
,,2014 - 2015,
,,2015 - 2016,2.0
,,2016 - 2017,
,,2017 - 2018,1.83
,,2018 - 2019,2.0
,,2019 - 2020,1.31
,,2020 - 2021,1.8
,,2021 - 2022,1.8
,,2022 - 2023,1.71
,Beed,2000 - 2001,
,,2001 - 2002,1.43
,,2002 - 2003,1.5
,,2003 - 2004,
,,2004 - 2005,1.33
,,2005 - 2006,0.8
,,2006 - 2007,0.7
,,2007 - 2008,1.5
,,2008 - 2009,1.33
,,2009 - 2010,1.0
,,2010 - 2011,1.0
,,2011 - 2012,0.95
,,2012 - 2013,1.0
,,2013 - 2014,1.0
,,2014 - 2015,0.46
,,2015 - 2016,
,,2016 - 2017,1.66
,,2017 - 2018,1.2
,,2018 - 2019,
,,2019 - 2020,2.25
,,2020 - 2021,1.08
,,2021 - 2022,1.08
,,2022 - 2023,1.53
,Bhandara,2002 - 2003,
,,2003 - 2004,
,,2004 - 2005,
,,2005 - 2006,
,,2006 - 2007,
,,2007 - 2008,
,,2016 - 2017,1.67
,,2017 - 2018,0.35
,,2021 - 2022,0.97
,,2022 - 2023,0.97
,Buldhana,2000 - 2001,
,,2001 - 2002,1.0
,,2002 - 2003,1.0
,,2003 - 2004,
,,2004 - 2005,2.0
,,2005 - 2006,1.0
,,2006 - 2007,1.47
,,2007 - 2008,1.5
,,2008 - 2009,1.0
,,2009 - 2010,
,,2010 - 2011,1.33
,,2011 - 2012,1.0
,,2012 - 2013,
,,2013 - 2014,1.44
,,2014 - 2015,1.76
,,2015 - 2016,1.67
,,2016 - 2017,1.63
,,2017 - 2018,1.97
,,2018 - 2019,2.01
,,2019 - 2020,1.59
,,2020 - 2021,1.81
,,2021 - 2022,1.81
,,2022 - 2023,1.8
,Chandrapur,2000 - 2001,
,,2009 - 2010,1.0
,,2012 - 2013,1.0
,,2014 - 2015,1.0
,,2015 - 2016,
,,2016 - 2017,1.5
,,2017 - 2018,0.38
,,2019 - 2020,1.0
,,2020 - 2021,0.68
,,2021 - 2022,0.68
,,2022 - 2023,0.68
,Chhatrapati Sambhajinagar,2000 - 2001,
,,2001 - 2002,1.5
,,2002 - 2003,1.67
,,2003 - 2004,
,,2004 - 2005,2.0
,,2005 - 2006,1.33
,,2006 - 2007,1.0
,,2007 - 2008,1.5
,,2008 - 2009,1.5
,,2009 - 2010,1.25
,,2010 - 2011,1.33
,,2011 - 2012,1.27
,,2012 - 2013,1.4
,,2013 - 2014,1.27
,,2014 - 2015,0.44
,,2015 - 2016,0.5
,,2016 - 2017,1.59
,,2017 - 2018,1.2
,,2018 - 2019,0.93
,,2019 - 2020,1.2
,,2020 - 2021,0.92
,,2021 - 2022,0.92
,,2022 - 2023,1.16
,Dharashiv,2000 - 2001,
,,2001 - 2002,1.5
,,2002 - 2003,1.0
,,2003 - 2004,
,,2004 - 2005,1.0
,,2005 - 2006,1.0
,,2006 - 2007,0.63
,,2007 - 2008,1.2
,,2008 - 2009,1.0
,,2009 - 2010,0.86
,,2010 - 2011,0.78
,,2011 - 2012,0.88
,,2012 - 2013,0.86
,,2013 - 2014,0.77
,,2014 - 2015,0.62
,,2015 - 2016,0.57
,,2016 - 2017,1.62
,,2017 - 2018,0.97
,,2018 - 2019,0.0
,,2019 - 2020,0.95
,,2020 - 2021,0.77
,,2021 - 2022,0.77
,,2022 - 2023,1.07
,Dhule,2000 - 2001,
,,2001 - 2002,1.0
,,2002 - 2003,
,,2003 - 2004,
,,2004 - 2005,1.0
,,2005 - 2006,
,,2006 - 2007,1.0
,,2007 - 2008,1.25
,,2008 - 2009,1.0
,,2009 - 2010,1.14
,,2010 - 2011,1.14
,,2011 - 2012,1.14
,,2012 - 2013,1.13
,,2013 - 2014,1.11
,,2014 - 2015,1.0
,,2015 - 2016,1.08
,,2016 - 2017,2.67
,,2017 - 2018,2.31
,,2018 - 2019,
,,2019 - 2020,1.37
,,2020 - 2021,1.85
,,2021 - 2022,1.85
,,2022 - 2023,2.2
,Gadchiroli,2000 - 2001,
,,2001 - 2002,
,,2002 - 2003,
,,2003 - 2004,
,,2004 - 2005,
,,2005 - 2006,
,,2006 - 2007,
,,2007 - 2008,
,,2008 - 2009,
,,2009 - 2010,
,,2010 - 2011,
,,2011 - 2012,
,,2012 - 2013,1.0
,,2013 - 2014,
,,2014 - 2015,
,,2015 - 2016,2.0
,,2016 - 2017,
,,2017 - 2018,2.45
,,2018 - 2019,0.71
,,2019 - 2020,1.39
,,2020 - 2021,1.56
,,2021 - 2022,1.56
,,2022 - 2023,1.55
,Gondia,2000 - 2001,
,,2001 - 2002,
,,2002 - 2003,1.0
,,2003 - 2004,
,,2004 - 2005,
,,2005 - 2006,
,,2006 - 2007,
,,2007 - 2008,
,,2008 - 2009,
,,2009 - 2010,
,,2010 - 2011,
,,2011 - 2012,
,,2012 - 2013,1.0
,,2013 - 2014,
,,2014 - 2015,1.0
,,2015 - 2016,
,,2016 - 2017,1.5
,,2017 - 2018,0.72
,,2018 - 2019,0.67
,,2019 - 2020,1.2
,,2020 - 2021,0.91
,,2021 - 2022,0.58
,,2022 - 2023,0.95
,Hingoli,2000 - 2001,
,,2001 - 2002,1.0
,,2002 - 2003,1.0
,,2003 - 2004,
,,2004 - 2005,1.0
,,2005 - 2006,1.0
,,2006 - 2007,1.29
,,2007 - 2008,
,,2008 - 2009,1.0
,,2009 - 2010,1.33
,,2010 - 2011,1.2
,,2011 - 2012,1.5
,,2012 - 2013,1.5
,,2013 - 2014,1.33
,,2014 - 2015,0.63
,,2015 - 2016,0.65
,,2016 - 2017,1.56
,,2017 - 2018,0.57
,,2018 - 2019,
,,2019 - 2020,0.85
,,2020 - 2021,0.87
,,2021 - 2022,0.87
,,2022 - 2023,0.98
,Jalgaon,2000 - 2001,
,,2001 - 2002,1.5
,,2002 - 2003,1.25
,,2003 - 2004,
,,2004 - 2005,1.83
,,2005 - 2006,1.5
,,2006 - 2007,1.58
,,2007 - 2008,1.52
,,2008 - 2009,1.5
,,2009 - 2010,1.54
,,2010 - 2011,1.53
,,2011 - 2012,1.55
,,2012 - 2013,
,,2013 - 2014,1.54
,,2014 - 2015,2.5
,,2015 - 2016,1.54
,,2016 - 2017,2.35
,,2017 - 2018,2.35
,,2018 - 2019,1.55
,,2019 - 2020,3.6
,,2020 - 2021,2.06
,,2021 - 2022,2.06
,,2022 - 2023,2.38
,Jalna,2000 - 2001,
,,2001 - 2002,1.0
,,2002 - 2003,1.67
,,2003 - 2004,
,,2004 - 2005,
,,2005 - 2006,0.5
,,2006 - 2007,0.25
,,2007 - 2008,
,,2008 - 2009,1.5
,,2009 - 2010,
,,2010 - 2011,0.33
,,2011 - 2012,
,,2012 - 2013,
,,2013 - 2014,0.52
,,2014 - 2015,0.5
,,2015 - 2016,
,,2016 - 2017,1.6
,,2017 - 2018,1.14
,,2018 - 2019,0.83
,,2019 - 2020,2.5
,,2020 - 2021,1.5
,,2021 - 2022,1.5
,,2022 - 2023,1.5
,Kolhapur,2000 - 2001,
,,2001 - 2002,1.0
,,2002 - 2003,2.0
,,2003 - 2004,
,,2004 - 2005,1.86
,,2005 - 2006,2.0
,,2006 - 2007,2.05
,,2007 - 2008,1.96
,,2008 - 2009,2.0
,,2009 - 2010,2.0
,,2010 - 2011,2.0
,,2011 - 2012,2.0
,,2012 - 2013,
,,2013 - 2014,2.0
,,2014 - 2015,3.0
,,2015 - 2016,2.53
,,2016 - 2017,2.17
,,2017 - 2018,2.55
,,2018 - 2019,2.45
,,2019 - 2020,2.43
,,2020 - 2021,2.55
,,2021 - 2022,2.5
,,2022 - 2023,2.55
,Latur,2000 - 2001,
,,2001 - 2002,1.33
,,2002 - 2003,1.0
,,2003 - 2004,
,,2004 - 2005,1.0
,,2005 - 2006,1.33
,,2006 - 2007,1.25
,,2007 - 2008,1.25
,,2008 - 2009,1.33
,,2009 - 2010,1.2
,,2010 - 2011,1.2
,,2011 - 2012,1.25
,,2012 - 2013,
,,2013 - 2014,1.2
,,2014 - 2015,
,,2015 - 2016,0.5
,,2016 - 2017,1.8
,,2017 - 2018,0.78
,,2018 - 2019,
,,2019 - 2020,
,,2020 - 2021,
,,2021 - 2022,0.79
,,2022 - 2023,1.28
,Mumbai suburban,2016 - 2017,1.0
,Nagpur,2000 - 2001,
,,2001 - 2002,
,,2002 - 2003,
,,2003 - 2004,
,,2004 - 2005,
,,2005 - 2006,
,,2006 - 2007,
,,2007 - 2008,
,,2008 - 2009,
,,2009 - 2010,
,,2010 - 2011,
,,2011 - 2012,
,,2012 - 2013,1.0
,,2013 - 2014,1.0
,,2014 - 2015,1.0
,,2015 - 2016,1.0
,,2016 - 2017,
,,2017 - 2018,0.24
,,2018 - 2019,0.36
,,2019 - 2020,1.14
,,2020 - 2021,
,,2021 - 2022,0.86
,,2022 - 2023,0.86
,Nanded,2000 - 2001,
,,2001 - 2002,
,,2002 - 2003,1.0
,,2003 - 2004,
,,2004 - 2005,1.0
,,2005 - 2006,1.0
,,2006 - 2007,1.0
,,2007 - 2008,1.0
,,2008 - 2009,1.0
,,2009 - 2010,1.0
,,2010 - 2011,
,,2011 - 2012,1.0
,,2012 - 2013,
,,2013 - 2014,0.95
,,2014 - 2015,1.17
,,2015 - 2016,1.33
,,2016 - 2017,1.59
,,2017 - 2018,0.97
,,2018 - 2019,0.95
,,2019 - 2020,1.24
,,2020 - 2021,1.16
,,2021 - 2022,1.16
,,2022 - 2023,1.18
,Nandurbar,2000 - 2001,
,,2001 - 2002,
,,2002 - 2003,1.0
,,2003 - 2004,
,,2004 - 2005,1.0
,,2005 - 2006,1.0
,,2006 - 2007,1.25
,,2007 - 2008,1.4
,,2008 - 2009,1.5
,,2009 - 2010,1.33
,,2010 - 2011,1.27
,,2011 - 2012,1.29
,,2012 - 2013,
,,2013 - 2014,1.29
,,2014 - 2015,1.33
,,2015 - 2016,1.32
,,2016 - 2017,2.47
,,2017 - 2018,2.37
,,2018 - 2019,1.29
,,2019 - 2020,1.63
,,2020 - 2021,1.75
,,2021 - 2022,1.75
,,2022 - 2023,1.9
,Nashik,2000 - 2001,
,,2001 - 2002,
,,2002 - 2003,1.0
,,2003 - 2004,
,,2004 - 2005,2.0
,,2005 - 2006,1.0
,,2006 - 2007,1.38
,,2007 - 2008,1.25
,,2008 - 2009,1.5
,,2009 - 2010,1.29
,,2010 - 2011,1.36
,,2011 - 2012,1.29
,,2012 - 2013,1.0
,,2013 - 2014,1.33
,,2014 - 2015,1.0
,,2015 - 2016,1.0
,,2016 - 2017,3.38
,,2017 - 2018,2.34
,,2018 - 2019,1.3
,,2019 - 2020,2.52
,,2020 - 2021,1.95
,,2021 - 2022,1.95
,,2022 - 2023,2.33
,Palghar,2015 - 2016,
,,2016 - 2017,
,,2018 - 2019,
,,2019 - 2020,
,,2021 - 2022,2.0
,,2022 - 2023,
,Parbhani,2000 - 2001,
,,2001 - 2002,1.33
,,2002 - 2003,1.5
,,2003 - 2004,
,,2004 - 2005,
,,2005 - 2006,1.0
,,2006 - 2007,0.67
,,2007 - 2008,1.5
,,2008 - 2009,1.5
,,2009 - 2010,
,,2010 - 2011,1.0
,,2011 - 2012,1.0
,,2012 - 2013,1.0
,,2013 - 2014,1.0
,,2014 - 2015,0.75
,,2015 - 2016,0.5
,,2016 - 2017,1.56
,,2017 - 2018,0.62
,,2018 - 2019,0.0
,,2019 - 2020,1.21
,,2020 - 2021,0.7
,,2021 - 2022,0.7
,,2022 - 2023,1.03
,Pune,2000 - 2001,
,,2001 - 2002,1.43
,,2002 - 2003,1.83
,,2003 - 2004,
,,2004 - 2005,1.67
,,2005 - 2006,1.69
,,2006 - 2007,1.67
,,2007 - 2008,1.7
,,2008 - 2009,1.69
,,2009 - 2010,1.71
,,2010 - 2011,1.71
,,2011 - 2012,1.7
,,2012 - 2013,1.8
,,2013 - 2014,1.73
,,2014 - 2015,1.45
,,2015 - 2016,1.51
,,2016 - 2017,2.44
,,2017 - 2018,1.09
,,2018 - 2019,1.1
,,2019 - 2020,2.5
,,2020 - 2021,1.54
,,2021 - 2022,1.54
,,2022 - 2023,1.75
,Raigad,2005 - 2006,
,,2006 - 2007,
,,2007 - 2008,
,,2008 - 2009,
,,2011 - 2012,
,Ratnagiri,2002 - 2003,
,,2003 - 2004,
,,2004 - 2005,
,,2005 - 2006,
,,2006 - 2007,
,,2007 - 2008,
,,2008 - 2009,
,,2009 - 2010,
,,2010 - 2011,
,,2011 - 2012,
,,2015 - 2016,
,,2019 - 2020,
,,2020 - 2021,
,,2021 - 2022,
,,2022 - 2023,
,Sangli,2000 - 2001,
,,2001 - 2002,1.36
,,2002 - 2003,1.75
,,2003 - 2004,
,,2004 - 2005,1.5
,,2005 - 2006,1.62
,,2006 - 2007,1.5
,,2007 - 2008,1.58
,,2008 - 2009,1.54
,,2009 - 2010,1.56
,,2010 - 2011,1.53
,,2011 - 2012,1.54
,,2012 - 2013,
,,2013 - 2014,1.57
,,2014 - 2015,1.54
,,2015 - 2016,1.5
,,2016 - 2017,1.6
,,2017 - 2018,2.19
,,2018 - 2019,1.56
,,2019 - 2020,2.0
,,2020 - 2021,3.04
,,2021 - 2022,2.1
,,2022 - 2023,2.82
,Satara,2000 - 2001,
,,2001 - 2002,1.33
,,2002 - 2003,1.75
,,2003 - 2004,
,,2004 - 2005,1.69
,,2005 - 2006,1.6
,,2006 - 2007,1.67
,,2007 - 2008,1.63
,,2008 - 2009,1.56
,,2009 - 2010,1.58
,,2010 - 2011,1.62
,,2011 - 2012,1.62
,,2012 - 2013,1.62
,,2013 - 2014,1.6
,,2014 - 2015,1.59
,,2015 - 2016,1.6
,,2016 - 2017,1.7
,,2017 - 2018,1.59
,,2018 - 2019,1.4
,,2019 - 2020,1.85
,,2020 - 2021,2.1
,,2021 - 2022,3.05
,,2022 - 2023,2.1
,Sindhudurg,2000 - 2001,
,,2001 - 2002,
,,2002 - 2003,
,,2003 - 2004,
,,2004 - 2005,
,,2005 - 2006,
,,2006 - 2007,
,,2007 - 2008,
,,2008 - 2009,
,,2009 - 2010,
,,2010 - 2011,
,,2014 - 2015,
,,2015 - 2016,
,,2016 - 2017,
,,2019 - 2020,
,,2020 - 2021,
,,2021 - 2022,
,,2022 - 2023,2.33
,Solapur,2000 - 2001,
,,2001 - 2002,1.38
,,2002 - 2003,1.78
,,2003 - 2004,
,,2004 - 2005,1.56
,,2005 - 2006,1.68
,,2006 - 2007,1.57
,,2007 - 2008,1.67
,,2008 - 2009,1.67
,,2009 - 2010,1.67
,,2010 - 2011,1.64
,,2011 - 2012,1.63
,,2012 - 2013,1.64
,,2013 - 2014,1.65
,,2014 - 2015,1.55
,,2015 - 2016,1.51
,,2016 - 2017,2.62
,,2017 - 2018,0.6
,,2018 - 2019,0.83
,,2019 - 2020,2.6
,,2020 - 2021,1.41
,,2021 - 2022,1.41
,,2022 - 2023,1.61
,Thane,2001 - 2002,
,,2002 - 2003,
,,2003 - 2004,
,,2004 - 2005,
,,2005 - 2006,
,,2006 - 2007,
,,2007 - 2008,
,,2008 - 2009,
,,2009 - 2010,
,,2010 - 2011,
,,2011 - 2012,
,,2015 - 2016,
,,2017 - 2018,
,,2021 - 2022,2.0
,,2022 - 2023,2.33
,Wardha,2000 - 2001,
,,2001 - 2002,
,,2006 - 2007,
,,2007 - 2008,
,,2008 - 2009,
,,2011 - 2012,
,,2013 - 2014,1.0
,,2014 - 2015,1.0
,,2015 - 2016,1.0
,,2016 - 2017,
,,2017 - 2018,0.48
,,2018 - 2019,0.37
,,2019 - 2020,
,,2020 - 2021,1.3
,,2021 - 2022,0.68
,,2022 - 2023,0.67
,Washim,2000 - 2001,
,,2001 - 2002,
,,2002 - 2003,
,,2003 - 2004,
,,2004 - 2005,
,,2005 - 2006,
,,2006 - 2007,
,,2007 - 2008,
,,2008 - 2009,
,,2009 - 2010,
,,2010 - 2011,
,,2011 - 2012,1.0
,,2012 - 2013,1.0
,,2013 - 2014,1.0
,,2014 - 2015,
,,2015 - 2016,1.8
,,2016 - 2017,
,,2017 - 2018,
,,2018 - 2019,
,,2019 - 2020,
,,2020 - 2021,
,,2021 - 2022,1.73
,,2022 - 2023,1.31
,Yavatmal,2000 - 2001,
,,2001 - 2002,
,,2002 - 2003,
,,2003 - 2004,
,,2004 - 2005,
,,2005 - 2006,
,,2006 - 2007,
,,2007 - 2008,
,,2008 - 2009,
,,2009 - 2010,
,,2010 - 2011,1.25
,,2011 - 2012,
,,2012 - 2013,0.0
,,2013 - 2014,1.25
,,2014 - 2015,
,,2015 - 2016,2.0
,,2016 - 2017,1.5
,,2017 - 2018,
,,2018 - 2019,
,,2019 - 2020,
,,2020 - 2021,
,,2021 - 2022,1.73
,,2022 - 2023,0.53
Manipur,Bishnupur,2008 - 2009,
,,2009 - 2010,
,,2010 - 2011,
,,2011 - 2012,
,,2012 - 2013,
,,2013 - 2014,
,,2014 - 2015,
,,2015 - 2016,
,,2016 - 2017,
,,2017 - 2018,
,,2018 - 2019,
,,2021 - 2022,
,,2022 - 2023,
,Chandel,2000 - 2001,
,,2001 - 2002,
,,2002 - 2003,
,,2003 - 2004,
,,2004 - 2005,
,,2005 - 2006,
,,2006 - 2007,
,,2007 - 2008,
,,2008 - 2009,
,,2009 - 2010,
,,2010 - 2011,
,,2011 - 2012,
,,2012 - 2013,
,,2013 - 2014,
,,2014 - 2015,
,,2015 - 2016,
,,2016 - 2017,
,,2017 - 2018,
,,2018 - 2019,
,,2021 - 2022,
,,2022 - 2023,
,Churachandpur,2000 - 2001,
,,2001 - 2002,
,,2003 - 2004,
,,2004 - 2005,
,,2005 - 2006,
,,2006 - 2007,
,,2007 - 2008,
,,2008 - 2009,
,,2009 - 2010,
,,2010 - 2011,
,,2011 - 2012,
,,2012 - 2013,
,,2013 - 2014,
,,2014 - 2015,
,,2015 - 2016,
,,2016 - 2017,
,,2017 - 2018,
,,2018 - 2019,
,,2019 - 2020,
,,2020 - 2021,
,,2021 - 2022,
,,2022 - 2023,
,Imphal east,2008 - 2009,
,,2009 - 2010,
,,2010 - 2011,
,,2011 - 2012,
,,2012 - 2013,
,,2013 - 2014,
,,2014 - 2015,
,,2015 - 2016,
,,2016 - 2017,
,,2017 - 2018,
,,2018 - 2019,
,,2021 - 2022,
,,2022 - 2023,
,Imphal west,2008 - 2009,
,,2009 - 2010,
,,2010 - 2011,
,,2011 - 2012,
,,2012 - 2013,
,,2013 - 2014,
,,2014 - 2015,
,,2015 - 2016,
,,2016 - 2017,
,,2017 - 2018,
,,2018 - 2019,
,,2021 - 2022,
,,2022 - 2023,
,Senapati,2000 - 2001,
,,2001 - 2002,
,,2002 - 2003,
,,2003 - 2004,
,,2004 - 2005,
,,2005 - 2006,
,,2006 - 2007,
,,2007 - 2008,
,,2008 - 2009,
,,2009 - 2010,
,,2010 - 2011,
,,2011 - 2012,
,,2012 - 2013,
,,2013 - 2014,
,,2014 - 2015,
,,2015 - 2016,
,,2016 - 2017,
,,2017 - 2018,
,,2018 - 2019,
,,2021 - 2022,
,,2022 - 2023,
,Tamenglong,2008 - 2009,
,,2009 - 2010,
,,2010 - 2011,
,,2011 - 2012,
,,2012 - 2013,
,,2013 - 2014,
,,2014 - 2015,
,,2015 - 2016,
,,2016 - 2017,
,,2017 - 2018,
,,2018 - 2019,
,,2021 - 2022,
,,2022 - 2023,
,Thoubal,2008 - 2009,
,,2009 - 2010,
,,2010 - 2011,
,,2011 - 2012,
,,2012 - 2013,
,,2013 - 2014,
,,2014 - 2015,
,,2015 - 2016,
,,2016 - 2017,
,,2017 - 2018,
,,2018 - 2019,
,,2021 - 2022,
,,2022 - 2023,
,Ukhrul,2000 - 2001,
,,2001 - 2002,
,,2002 - 2003,
,,2003 - 2004,
,,2004 - 2005,
,,2005 - 2006,
,,2006 - 2007,
,,2007 - 2008,
,,2008 - 2009,
,,2009 - 2010,
,,2010 - 2011,
,,2011 - 2012,
,,2012 - 2013,
,,2013 - 2014,
,,2014 - 2015,
,,2015 - 2016,
,,2016 - 2017,
,,2017 - 2018,
,,2018 - 2019,
,,2019 - 2020,
,,2020 - 2021,
,,2021 - 2022,
,,2022 - 2023,
Meghalaya,East garo hills,2000 - 2001,
,,2001 - 2002,
,,2002 - 2003,
,,2003 - 2004,
,,2004 - 2005,
,,2005 - 2006,
,,2006 - 2007,
,,2007 - 2008,
,,2008 - 2009,
,,2009 - 2010,
,,2010 - 2011,
,,2011 - 2012,
,,2012 - 2013,
,,2013 - 2014,
,,2014 - 2015,
,,2015 - 2016,
,,2016 - 2017,
,,2017 - 2018,
,,2018 - 2019,
,,2019 - 2020,
,,2020 - 2021,
,,2021 - 2022,
,,2022 - 2023,
,East jaintia hills,2000 - 2001,
,,2001 - 2002,
,,2002 - 2003,
,,2003 - 2004,
,,2004 - 2005,
,,2005 - 2006,
,,2006 - 2007,
,,2007 - 2008,
,,2008 - 2009,
,,2009 - 2010,
,,2010 - 2011,
,,2011 - 2012,
,,2012 - 2013,
,,2013 - 2014,
,,2014 - 2015,
,,2015 - 2016,
,,2016 - 2017,
,,2017 - 2018,
,,2018 - 2019,
,,2019 - 2020,
,,2020 - 2021,
,,2021 - 2022,
,,2022 - 2023,
,East khasi hills,2000 - 2001,
,,2001 - 2002,
,,2002 - 2003,
,,2003 - 2004,
,,2004 - 2005,
,,2005 - 2006,
,,2006 - 2007,
,,2007 - 2008,
,,2008 - 2009,
,,2009 - 2010,
,,2010 - 2011,
,,2011 - 2012,
,,2012 - 2013,
,,2013 - 2014,
,,2014 - 2015,
,,2015 - 2016,
,,2016 - 2017,
,,2017 - 2018,
,,2018 - 2019,
,,2019 - 2020,
,,2020 - 2021,
,,2021 - 2022,
,,2022 - 2023,
,North garo hills,2013 - 2014,
,,2014 - 2015,
,,2015 - 2016,
,,2016 - 2017,
,,2017 - 2018,
,,2018 - 2019,
,,2019 - 2020,
,,2020 - 2021,
,,2021 - 2022,
,,2022 - 2023,
,Ri bhoi,2000 - 2001,
,,2001 - 2002,
,,2002 - 2003,
,,2003 - 2004,
,,2004 - 2005,
,,2005 - 2006,
,,2006 - 2007,
,,2007 - 2008,
,,2008 - 2009,
,,2009 - 2010,
,,2010 - 2011,
,,2011 - 2012,
,,2012 - 2013,
,,2013 - 2014,
,,2014 - 2015,
,,2015 - 2016,
,,2016 - 2017,
,,2017 - 2018,
,,2018 - 2019,
,,2019 - 2020,
,,2020 - 2021,
,,2021 - 2022,
,,2022 - 2023,
,South garo hills,2000 - 2001,
,,2001 - 2002,
,,2002 - 2003,
,,2003 - 2004,
,,2004 - 2005,
,,2005 - 2006,
,,2006 - 2007,
,,2007 - 2008,
,,2008 - 2009,
,,2009 - 2010,
,,2010 - 2011,
,,2011 - 2012,
,,2012 - 2013,
,,2013 - 2014,
,,2014 - 2015,
,,2015 - 2016,
,,2016 - 2017,
,,2017 - 2018,
,,2018 - 2019,
,,2019 - 2020,
,,2020 - 2021,
,,2021 - 2022,
,,2022 - 2023,
,South west garo hills,2013 - 2014,
,,2014 - 2015,
,,2015 - 2016,
,,2016 - 2017,
,,2017 - 2018,
,,2018 - 2019,
,,2019 - 2020,
,,2020 - 2021,
,,2021 - 2022,
,,2022 - 2023,
,South west khasi hills,2013 - 2014,
,,2014 - 2015,
,,2015 - 2016,
,,2016 - 2017,
,,2017 - 2018,
,,2018 - 2019,
,,2019 - 2020,
,,2020 - 2021,
,,2021 - 2022,
,,2022 - 2023,
,West garo hills,2000 - 2001,
,,2001 - 2002,
,,2002 - 2003,
,,2003 - 2004,
,,2004 - 2005,
,,2005 - 2006,
,,2006 - 2007,
,,2007 - 2008,
,,2008 - 2009,
,,2009 - 2010,
,,2010 - 2011,
,,2011 - 2012,
,,2012 - 2013,
,,2013 - 2014,
,,2014 - 2015,
,,2015 - 2016,
,,2016 - 2017,
,,2017 - 2018,
,,2018 - 2019,
,,2019 - 2020,
,,2020 - 2021,
,,2021 - 2022,
,,2022 - 2023,
,West jaintia hills,2013 - 2014,
,,2014 - 2015,
,,2015 - 2016,
,,2016 - 2017,
,,2017 - 2018,
,,2018 - 2019,
,,2019 - 2020,
,,2020 - 2021,
,,2021 - 2022,
,,2022 - 2023,
,West khasi hills,2000 - 2001,
,,2001 - 2002,
,,2002 - 2003,
,,2003 - 2004,
,,2004 - 2005,
,,2005 - 2006,
,,2006 - 2007,
,,2007 - 2008,
,,2008 - 2009,
,,2009 - 2010,
,,2010 - 2011,
,,2011 - 2012,
,,2012 - 2013,
,,2013 - 2014,
,,2014 - 2015,
,,2015 - 2016,
,,2016 - 2017,
,,2017 - 2018,
,,2018 - 2019,
,,2019 - 2020,
,,2020 - 2021,
,,2021 - 2022,
,,2022 - 2023,
Mizoram,Aizawl,2000 - 2001,
,,2001 - 2002,
,,2002 - 2003,
,,2003 - 2004,
,,2004 - 2005,
,,2005 - 2006,
,,2006 - 2007,
,,2007 - 2008,
,,2008 - 2009,
,,2009 - 2010,
,,2010 - 2011,
,,2011 - 2012,
,,2012 - 2013,
,,2013 - 2014,
,,2014 - 2015,
,,2015 - 2016,
,,2016 - 2017,
,,2017 - 2018,
,,2018 - 2019,
,,2019 - 2020,
,,2020 - 2021,
,,2021 - 2022,
,,2022 - 2023,
,Champhai,2000 - 2001,
,,2001 - 2002,
,,2002 - 2003,
,,2003 - 2004,
,,2004 - 2005,
,,2005 - 2006,
,,2006 - 2007,
,,2007 - 2008,
,,2008 - 2009,
,,2009 - 2010,
,,2010 - 2011,
,,2011 - 2012,
,,2012 - 2013,
,,2013 - 2014,
,,2014 - 2015,
,,2015 - 2016,
,,2016 - 2017,
,,2017 - 2018,
,,2018 - 2019,
,,2019 - 2020,
,,2020 - 2021,
,,2021 - 2022,
,,2022 - 2023,
,Hnahthial,2020 - 2021,
,,2021 - 2022,
,,2022 - 2023,
,Khawzawl,2020 - 2021,
,,2021 - 2022,
,,2022 - 2023,
,Kolasib,2000 - 2001,
,,2001 - 2002,
,,2002 - 2003,
,,2003 - 2004,
,,2004 - 2005,
,,2005 - 2006,
,,2006 - 2007,
,,2007 - 2008,
,,2008 - 2009,
,,2009 - 2010,
,,2010 - 2011,
,,2011 - 2012,
,,2012 - 2013,
,,2013 - 2014,
,,2014 - 2015,
,,2015 - 2016,
,,2016 - 2017,
,,2017 - 2018,
,,2018 - 2019,
,,2019 - 2020,
,,2020 - 2021,
,,2021 - 2022,
,,2022 - 2023,
,Lawngtlai,2004 - 2005,
,,2005 - 2006,
,,2006 - 2007,
,,2007 - 2008,
,,2008 - 2009,
,,2009 - 2010,
,,2010 - 2011,
,,2011 - 2012,
,,2012 - 2013,
,,2013 - 2014,
,,2014 - 2015,
,,2015 - 2016,
,,2016 - 2017,
,,2017 - 2018,
,,2018 - 2019,
,,2019 - 2020,
,,2020 - 2021,
,,2021 - 2022,
,,2022 - 2023,
,Lunglei,2000 - 2001,
,,2001 - 2002,
,,2002 - 2003,
,,2003 - 2004,
,,2004 - 2005,
,,2005 - 2006,
,,2006 - 2007,
,,2007 - 2008,
,,2008 - 2009,
,,2009 - 2010,
,,2010 - 2011,
,,2011 - 2012,
,,2012 - 2013,
,,2013 - 2014,
,,2014 - 2015,
,,2015 - 2016,
,,2016 - 2017,
,,2017 - 2018,
,,2018 - 2019,
,,2019 - 2020,
,,2020 - 2021,
,,2021 - 2022,
,,2022 - 2023,
,Mamit,2003 - 2004,
,,2004 - 2005,
,,2005 - 2006,
,,2006 - 2007,
,,2007 - 2008,
,,2008 - 2009,
,,2009 - 2010,
,,2010 - 2011,
,,2011 - 2012,
,,2012 - 2013,
,,2013 - 2014,
,,2014 - 2015,
,,2015 - 2016,
,,2016 - 2017,
,,2017 - 2018,
,,2018 - 2019,
,,2019 - 2020,
,,2020 - 2021,
,,2021 - 2022,
,,2022 - 2023,
,Saiha,2003 - 2004,
,,2004 - 2005,
,,2005 - 2006,
,,2006 - 2007,
,,2007 - 2008,
,,2008 - 2009,
,,2009 - 2010,
,,2010 - 2011,
,,2011 - 2012,
,,2012 - 2013,
,,2013 - 2014,
,,2014 - 2015,
,,2015 - 2016,
,,2016 - 2017,
,,2017 - 2018,
,,2018 - 2019,
,,2019 - 2020,
,,2020 - 2021,
,,2021 - 2022,
,,2022 - 2023,
,Saitual,2020 - 2021,
,,2021 - 2022,
,,2022 - 2023,
,Serchhip,2004 - 2005,
,,2005 - 2006,
,,2006 - 2007,
,,2007 - 2008,
,,2008 - 2009,
,,2009 - 2010,
,,2010 - 2011,
,,2011 - 2012,
,,2012 - 2013,
,,2013 - 2014,
,,2014 - 2015,
,,2015 - 2016,
,,2016 - 2017,
,,2017 - 2018,
,,2018 - 2019,
,,2019 - 2020,
,,2020 - 2021,
,,2021 - 2022,
,,2022 - 2023,
Nagaland,Chumoukedima,2022 - 2023,
,Dimapur,2000 - 2001,
,,2001 - 2002,
,,2002 - 2003,
,,2003 - 2004,
,,2004 - 2005,
,,2005 - 2006,
,,2006 - 2007,
,,2007 - 2008,
,,2008 - 2009,
,,2009 - 2010,
,,2010 - 2011,
,,2011 - 2012,
,,2012 - 2013,
,,2013 - 2014,
,,2014 - 2015,
,,2015 - 2016,
,,2016 - 2017,
,,2017 - 2018,
,,2018 - 2019,
,,2019 - 2020,
,,2020 - 2021,
,,2021 - 2022,
,,2022 - 2023,
,Kiphire,2008 - 2009,
,,2009 - 2010,
,,2010 - 2011,
,,2011 - 2012,
,,2012 - 2013,
,,2013 - 2014,
,,2014 - 2015,
,,2015 - 2016,
,,2016 - 2017,
,,2017 - 2018,
,,2018 - 2019,
,,2019 - 2020,
,,2020 - 2021,
,,2021 - 2022,
,,2022 - 2023,
,Kohima,2000 - 2001,
,,2001 - 2002,
,,2002 - 2003,
,,2003 - 2004,
,,2004 - 2005,
,,2005 - 2006,
,,2006 - 2007,
,,2007 - 2008,
,,2008 - 2009,
,,2009 - 2010,
,,2010 - 2011,
,,2011 - 2012,
,,2012 - 2013,
,,2013 - 2014,
,,2014 - 2015,
,,2015 - 2016,
,,2016 - 2017,
,,2017 - 2018,
,,2018 - 2019,
,,2019 - 2020,
,,2020 - 2021,
,,2021 - 2022,
,,2022 - 2023,
,Longleng,2008 - 2009,
,,2009 - 2010,
,,2010 - 2011,
,,2011 - 2012,
,,2012 - 2013,
,,2013 - 2014,
,,2014 - 2015,
,,2015 - 2016,
,,2016 - 2017,
,,2017 - 2018,
,,2018 - 2019,
,,2019 - 2020,
,,2020 - 2021,
,,2021 - 2022,
,,2022 - 2023,
,Mokokchung,2000 - 2001,
,,2001 - 2002,
,,2002 - 2003,
,,2003 - 2004,
,,2004 - 2005,
,,2005 - 2006,
,,2006 - 2007,
,,2007 - 2008,
,,2008 - 2009,
,,2009 - 2010,
,,2010 - 2011,
,,2011 - 2012,
,,2012 - 2013,
,,2013 - 2014,
,,2014 - 2015,
,,2015 - 2016,
,,2016 - 2017,
,,2017 - 2018,
,,2018 - 2019,
,,2019 - 2020,
,,2020 - 2021,
,,2021 - 2022,
,,2022 - 2023,
,Mon,2000 - 2001,
,,2001 - 2002,
,,2002 - 2003,
,,2003 - 2004,
,,2004 - 2005,
,,2005 - 2006,
,,2006 - 2007,
,,2007 - 2008,
,,2008 - 2009,
,,2009 - 2010,
,,2010 - 2011,
,,2011 - 2012,
,,2012 - 2013,
,,2013 - 2014,
,,2014 - 2015,
,,2015 - 2016,
,,2016 - 2017,
,,2017 - 2018,
,,2018 - 2019,
,,2019 - 2020,
,,2020 - 2021,
,,2021 - 2022,
,,2022 - 2023,
,Noklak,2021 - 2022,
,,2022 - 2023,
,Nuiland,2022 - 2023,
,Peren,2008 - 2009,
,,2009 - 2010,
,,2010 - 2011,
,,2011 - 2012,
,,2012 - 2013,
,,2013 - 2014,
,,2014 - 2015,
,,2015 - 2016,
,,2016 - 2017,
,,2017 - 2018,
,,2018 - 2019,
,,2019 - 2020,
,,2020 - 2021,
,,2021 - 2022,
,,2022 - 2023,
,Phek,2000 - 2001,
,,2001 - 2002,
,,2002 - 2003,
,,2003 - 2004,
,,2004 - 2005,
,,2005 - 2006,
,,2006 - 2007,
,,2007 - 2008,
,,2008 - 2009,
,,2009 - 2010,
,,2010 - 2011,
,,2011 - 2012,
,,2012 - 2013,
,,2013 - 2014,
,,2014 - 2015,
,,2015 - 2016,
,,2016 - 2017,
,,2017 - 2018,
,,2018 - 2019,
,,2019 - 2020,
,,2020 - 2021,
,,2021 - 2022,
,,2022 - 2023,
,Shamator,2022 - 2023,
,Tseminyu,2022 - 2023,
,Tuensang,2000 - 2001,
,,2001 - 2002,
,,2002 - 2003,
,,2003 - 2004,
,,2004 - 2005,
,,2005 - 2006,
,,2006 - 2007,
,,2007 - 2008,
,,2008 - 2009,
,,2009 - 2010,
,,2010 - 2011,
,,2011 - 2012,
,,2012 - 2013,
,,2013 - 2014,
,,2014 - 2015,
,,2015 - 2016,
,,2016 - 2017,
,,2017 - 2018,
,,2018 - 2019,
,,2019 - 2020,
,,2020 - 2021,
,,2021 - 2022,
,,2022 - 2023,
,Wokha,2000 - 2001,
,,2001 - 2002,
,,2002 - 2003,
,,2003 - 2004,
,,2004 - 2005,
,,2005 - 2006,
,,2006 - 2007,
,,2007 - 2008,
,,2008 - 2009,
,,2009 - 2010,
,,2010 - 2011,
,,2011 - 2012,
,,2012 - 2013,
,,2013 - 2014,
,,2014 - 2015,
,,2015 - 2016,
,,2016 - 2017,
,,2017 - 2018,
,,2018 - 2019,
,,2019 - 2020,
,,2020 - 2021,
,,2021 - 2022,
,,2022 - 2023,
,Zunheboto,2000 - 2001,
,,2001 - 2002,
,,2002 - 2003,
,,2003 - 2004,
,,2004 - 2005,
,,2005 - 2006,
,,2006 - 2007,
,,2007 - 2008,
,,2008 - 2009,
,,2009 - 2010,
,,2010 - 2011,
,,2011 - 2012,
,,2012 - 2013,
,,2013 - 2014,
,,2014 - 2015,
,,2015 - 2016,
,,2016 - 2017,
,,2017 - 2018,
,,2018 - 2019,
,,2019 - 2020,
,,2020 - 2021,
,,2021 - 2022,
,,2022 - 2023,
Odisha,Anugul,2000 - 2001,
,,2001 - 2002,
,,2002 - 2003,
,,2003 - 2004,
,,2004 - 2005,1.25
,,2005 - 2006,1.25
,,2006 - 2007,1.36
,,2007 - 2008,1.27
,,2008 - 2009,1.38
,,2009 - 2010,1.1
,,2010 - 2011,1.37
,,2011 - 2012,1.36
,,2012 - 2013,1.78
,,2013 - 2014,1.67
,,2014 - 2015,1.72
,,2015 - 2016,1.54
,,2016 - 2017,1.84
,,2017 - 2018,1.82
,,2018 - 2019,2.83
,,2019 - 2020,2.4
,,2020 - 2021,2.81
,,2021 - 2022,2.31
,,2022 - 2023,2.32
,Balangir,2000 - 2001,
,,2001 - 2002,
,,2002 - 2003,
,,2003 - 2004,
,,2004 - 2005,0.83
,,2005 - 2006,1.15
,,2006 - 2007,0.83
,,2007 - 2008,0.8
,,2008 - 2009,0.6
,,2009 - 2010,0.7
,,2010 - 2011,1.6
,,2011 - 2012,1.45
,,2012 - 2013,0.91
,,2013 - 2014,2.93
,,2014 - 2015,
,,2015 - 2016,2.5
,,2016 - 2017,1.6
,,2017 - 2018,
,,2018 - 2019,
,,2019 - 2020,
,,2020 - 2021,2.74
,,2021 - 2022,2.89
,,2022 - 2023,3.35
,Baleshwar,2001 - 2002,
,,2003 - 2004,
,,2004 - 2005,
,,2005 - 2006,5.4
,,2006 - 2007,2.3
,,2007 - 2008,
,,2008 - 2009,
,,2010 - 2011,2.15
,,2011 - 2012,2.25
,,2014 - 2015,3.19
,,2015 - 2016,0.1
,,2016 - 2017,1.53
,,2019 - 2020,2.26
,,2021 - 2022,3.9
,,2022 - 2023,3.16
,Bargarh,2000 - 2001,
,,2001 - 2002,
,,2002 - 2003,
,,2003 - 2004,
,,2004 - 2005,1.5
,,2005 - 2006,
,,2006 - 2007,1.8
,,2007 - 2008,1.2
,,2008 - 2009,1.93
,,2009 - 2010,1.88
,,2010 - 2011,1.97
,,2011 - 2012,1.29
,,2012 - 2013,1.87
,,2013 - 2014,1.96
,,2014 - 2015,2.32
,,2015 - 2016,2.25
,,2016 - 2017,0.44
,,2017 - 2018,1.95
,,2018 - 2019,2.06
,,2019 - 2020,1.4
,,2020 - 2021,2.15
,,2021 - 2022,1.52
,,2022 - 2023,2.0
,Bhadrak,2004 - 2005,0.9
,,2007 - 2008,2.7
,,2008 - 2009,2.8
,,2009 - 2010,2.4
,,2010 - 2011,1.74
,,2011 - 2012,6.7
,,2012 - 2013,1.51
,,2013 - 2014,1.4
,,2014 - 2015,4.71
,,2018 - 2019,1.85
,,2019 - 2020,3.05
,,2020 - 2021,1.5
,,2021 - 2022,1.5
,,2022 - 2023,3.1
,Boudh,2000 - 2001,
,,2001 - 2002,
,,2002 - 2003,
,,2003 - 2004,
,,2004 - 2005,
,,2005 - 2006,
,,2006 - 2007,1.3
,,2007 - 2008,1.25
,,2008 - 2009,1.3
,,2009 - 2010,1.2
,,2010 - 2011,1.3
,,2011 - 2012,1.2
,,2012 - 2013,0.95
,,2013 - 2014,1.5
,,2014 - 2015,2.8
,,2015 - 2016,
,,2016 - 2017,
,,2017 - 2018,
,,2018 - 2019,
,,2019 - 2020,0.4
,,2020 - 2021,0.6
,,2021 - 2022,0.7
,,2022 - 2023,
,Cuttack,2000 - 2001,
,,2001 - 2002,
,,2002 - 2003,
,,2003 - 2004,
,,2004 - 2005,1.68
,,2005 - 2006,1.2
,,2006 - 2007,1.74
,,2007 - 2008,1.81
,,2008 - 2009,2.18
,,2009 - 2010,1.77
,,2010 - 2011,2.65
,,2011 - 2012,2.53
,,2012 - 2013,2.38
,,2013 - 2014,
,,2014 - 2015,1.3
,,2015 - 2016,
,,2020 - 2021,2.38
,,2021 - 2022,3.94
,,2022 - 2023,3.9
,Deogarh,2000 - 2001,
,,2001 - 2002,
,,2002 - 2003,
,,2003 - 2004,
,,2004 - 2005,0.97
,,2005 - 2006,0.9
,,2006 - 2007,1.06
,,2007 - 2008,1.24
,,2008 - 2009,1.32
,,2009 - 2010,1.3
,,2010 - 2011,1.4
,,2011 - 2012,1.2
,,2012 - 2013,1.44
,,2013 - 2014,1.51
,,2014 - 2015,2.08
,,2015 - 2016,2.08
,,2016 - 2017,1.79
,,2017 - 2018,
,,2018 - 2019,
,,2019 - 2020,2.42
,,2020 - 2021,1.55
,,2021 - 2022,1.77
,,2022 - 2023,1.64
,Dhenkanal,2000 - 2001,
,,2001 - 2002,
,,2002 - 2003,
,,2003 - 2004,
,,2004 - 2005,1.96
,,2005 - 2006,1.67
,,2006 - 2007,1.93
,,2007 - 2008,1.57
,,2008 - 2009,1.3
,,2009 - 2010,1.6
,,2010 - 2011,
,,2011 - 2012,
,,2012 - 2013,
,,2013 - 2014,1.2
,,2014 - 2015,1.93
,,2015 - 2016,1.43
,,2016 - 2017,1.8
,,2017 - 2018,1.04
,,2018 - 2019,1.19
,,2019 - 2020,3.04
,,2020 - 2021,2.12
,,2021 - 2022,2.1
,,2022 - 2023,2.15
,Gajapati,2000 - 2001,
,,2001 - 2002,
,,2002 - 2003,
,,2003 - 2004,
,,2004 - 2005,1.2
,,2005 - 2006,
,,2006 - 2007,
,,2007 - 2008,
,,2008 - 2009,
,,2009 - 2010,1.1
,,2010 - 2011,1.4
,,2011 - 2012,1.3
,,2012 - 2013,1.8
,,2013 - 2014,
,,2014 - 2015,1.13
,,2015 - 2016,
,,2016 - 2017,
,,2017 - 2018,2.1
,,2018 - 2019,
,,2019 - 2020,1.55
,,2020 - 2021,
,,2021 - 2022,
,,2022 - 2023,1.15
,Ganjam,2000 - 2001,
,,2001 - 2002,
,,2002 - 2003,
,,2003 - 2004,
,,2004 - 2005,1.0
,,2005 - 2006,1.13
,,2006 - 2007,3.04
,,2007 - 2008,1.71
,,2008 - 2009,1.36
,,2009 - 2010,1.36
,,2010 - 2011,2.09
,,2011 - 2012,4.24
,,2012 - 2013,
,,2013 - 2014,1.98
,,2014 - 2015,2.53
,,2015 - 2016,2.62
,,2016 - 2017,1.24
,,2017 - 2018,3.1
,,2018 - 2019,4.15
,,2019 - 2020,2.69
,,2020 - 2021,1.65
,,2021 - 2022,2.17
,,2022 - 2023,2.03
,Jagatsinghapur,2011 - 2012,2.56
,,2013 - 2014,1.88
,,2019 - 2020,2.3
,,2020 - 2021,1.3
,Jajapur,2000 - 2001,
,,2001 - 2002,
,,2002 - 2003,
,,2003 - 2004,
,,2004 - 2005,0.93
,,2005 - 2006,0.6
,,2006 - 2007,
,,2007 - 2008,0.55
,,2008 - 2009,
,,2009 - 2010,1.4
,,2010 - 2011,
,,2011 - 2012,
,,2012 - 2013,
,,2013 - 2014,
,,2014 - 2015,
,,2015 - 2016,
,,2016 - 2017,
,,2018 - 2019,
,,2020 - 2021,
,,2021 - 2022,1.95
,,2022 - 2023,2.0
,Jharsuguda,2000 - 2001,
,,2001 - 2002,
,,2002 - 2003,
,,2003 - 2004,
,,2004 - 2005,
,,2005 - 2006,1.6
,,2007 - 2008,1.6
,,2008 - 2009,
,,2009 - 2010,1.1
,,2010 - 2011,1.5
,,2011 - 2012,
,,2012 - 2013,1.87
,,2013 - 2014,3.0
,,2014 - 2015,
,,2015 - 2016,3.0
,,2016 - 2017,
,,2017 - 2018,7.05
,,2018 - 2019,
,,2019 - 2020,1.0
,,2020 - 2021,
,,2021 - 2022,4.58
,,2022 - 2023,4.0
,Kalahandi,2000 - 2001,
,,2001 - 2002,
,,2002 - 2003,
,,2003 - 2004,
,,2004 - 2005,0.56
,,2005 - 2006,0.9
,,2006 - 2007,1.1
,,2007 - 2008,
,,2008 - 2009,1.07
,,2009 - 2010,1.2
,,2010 - 2011,2.11
,,2011 - 2012,1.5
,,2012 - 2013,1.9
,,2013 - 2014,1.46
,,2014 - 2015,1.12
,,2015 - 2016,1.32
,,2016 - 2017,
,,2017 - 2018,1.9
,,2018 - 2019,2.99
,,2019 - 2020,
,,2020 - 2021,1.5
,,2021 - 2022,1.62
,,2022 - 2023,
,Kandhamal,2000 - 2001,
,,2001 - 2002,
,,2002 - 2003,
,,2003 - 2004,
,,2004 - 2005,1.2
,,2005 - 2006,1.13
,,2006 - 2007,1.14
,,2007 - 2008,0.83
,,2008 - 2009,1.3
,,2009 - 2010,1.5
,,2010 - 2011,1.6
,,2011 - 2012,1.0
,,2012 - 2013,1.67
,,2013 - 2014,1.8
,,2014 - 2015,1.33
,,2015 - 2016,2.1
,,2016 - 2017,
,,2017 - 2018,
,,2018 - 2019,
,,2019 - 2020,
,,2020 - 2021,1.5
,,2021 - 2022,1.48
,,2022 - 2023,1.83
,Kendrapara,2022 - 2023,2.2
,Kendujhar,2000 - 2001,
,,2001 - 2002,
,,2002 - 2003,
,,2003 - 2004,
,,2004 - 2005,1.2
,,2005 - 2006,1.6
,,2006 - 2007,1.09
,,2007 - 2008,1.32
,,2008 - 2009,
,,2009 - 2010,1.35
,,2010 - 2011,2.36
,,2011 - 2012,2.62
,,2012 - 2013,1.8
,,2013 - 2014,2.15
,,2014 - 2015,1.95
,,2015 - 2016,
,,2016 - 2017,
,,2017 - 2018,3.13
,,2018 - 2019,
,,2019 - 2020,
,,2020 - 2021,
,,2021 - 2022,2.95
,,2022 - 2023,
,Khordha,2000 - 2001,
,,2001 - 2002,
,,2002 - 2003,
,,2003 - 2004,
,,2004 - 2005,1.03
,,2005 - 2006,
,,2006 - 2007,2.05
,,2007 - 2008,1.1
,,2008 - 2009,0.8
,,2009 - 2010,
,,2010 - 2011,1.4
,,2011 - 2012,1.46
,,2012 - 2013,3.08
,,2013 - 2014,2.2
,,2014 - 2015,1.0
,,2015 - 2016,1.97
,,2016 - 2017,
,,2017 - 2018,
,,2018 - 2019,
,,2019 - 2020,
,,2020 - 2021,1.27
,,2021 - 2022,2.54
,,2022 - 2023,1.85
,Koraput,2000 - 2001,
,,2001 - 2002,
,,2002 - 2003,
,,2003 - 2004,
,,2004 - 2005,1.21
,,2005 - 2006,1.32
,,2006 - 2007,1.47
,,2007 - 2008,1.44
,,2008 - 2009,1.55
,,2009 - 2010,1.58
,,2010 - 2011,1.94
,,2011 - 2012,1.93
,,2012 - 2013,2.18
,,2013 - 2014,2.28
,,2014 - 2015,2.29
,,2015 - 2016,2.17
,,2016 - 2017,2.26
,,2017 - 2018,2.37
,,2018 - 2019,2.2
,,2019 - 2020,2.02
,,2020 - 2021,2.22
,,2021 - 2022,2.08
,,2022 - 2023,2.03
,Malkangiri,2000 - 2001,
,,2001 - 2002,
,,2002 - 2003,
,,2003 - 2004,
,,2004 - 2005,1.61
,,2005 - 2006,1.72
,,2006 - 2007,
,,2007 - 2008,1.13
,,2008 - 2009,1.58
,,2009 - 2010,1.05
,,2010 - 2011,1.48
,,2011 - 2012,1.12
,,2012 - 2013,1.28
,,2013 - 2014,2.05
,,2014 - 2015,1.94
,,2015 - 2016,1.22
,,2016 - 2017,1.6
,,2017 - 2018,2.14
,,2018 - 2019,1.67
,,2019 - 2020,2.55
,,2020 - 2021,4.98
,,2021 - 2022,2.0
,,2022 - 2023,2.35
,Mayurbhanj,2000 - 2001,
,,2001 - 2002,
,,2002 - 2003,
,,2003 - 2004,
,,2004 - 2005,1.26
,,2005 - 2006,1.64
,,2006 - 2007,1.69
,,2007 - 2008,1.63
,,2008 - 2009,1.4
,,2009 - 2010,1.42
,,2010 - 2011,2.29
,,2011 - 2012,2.03
,,2012 - 2013,2.49
,,2013 - 2014,2.02
,,2014 - 2015,2.06
,,2015 - 2016,2.43
,,2016 - 2017,2.42
,,2017 - 2018,2.47
,,2018 - 2019,2.7
,,2019 - 2020,2.57
,,2020 - 2021,2.21
,,2021 - 2022,2.55
,,2022 - 2023,2.11
,Nabarangpur,2000 - 2001,
,,2001 - 2002,
,,2002 - 2003,
,,2003 - 2004,
,,2004 - 2005,2.22
,,2005 - 2006,2.43
,,2006 - 2007,2.56
,,2007 - 2008,2.48
,,2008 - 2009,2.98
,,2009 - 2010,2.51
,,2010 - 2011,3.13
,,2011 - 2012,2.67
,,2012 - 2013,2.92
,,2013 - 2014,3.23
,,2014 - 2015,2.91
,,2015 - 2016,2.82
,,2016 - 2017,3.05
,,2017 - 2018,2.83
,,2018 - 2019,2.74
,,2019 - 2020,3.97
,,2020 - 2021,2.81
,,2021 - 2022,2.98
,,2022 - 2023,2.74
,Nayagarh,2000 - 2001,
,,2001 - 2002,
,,2002 - 2003,
,,2003 - 2004,
,,2004 - 2005,1.73
,,2005 - 2006,1.47
,,2006 - 2007,1.58
,,2007 - 2008,1.56
,,2008 - 2009,1.65
,,2009 - 2010,3.52
,,2010 - 2011,1.67
,,2011 - 2012,1.5
,,2012 - 2013,0.67
,,2013 - 2014,1.07
,,2014 - 2015,0.9
,,2015 - 2016,1.3
,,2016 - 2017,
,,2017 - 2018,
,,2018 - 2019,2.01
,,2019 - 2020,2.5
,,2020 - 2021,2.58
,,2021 - 2022,2.59
,,2022 - 2023,3.37
,Nuapada,2000 - 2001,
,,2001 - 2002,
,,2002 - 2003,
,,2003 - 2004,
,,2004 - 2005,
,,2005 - 2006,0.9
,,2006 - 2007,
,,2007 - 2008,1.28
,,2008 - 2009,
,,2009 - 2010,1.25
,,2010 - 2011,1.43
,,2011 - 2012,1.02
,,2012 - 2013,
,,2013 - 2014,1.2
,,2014 - 2015,2.2
,,2015 - 2016,
,,2016 - 2017,1.5
,,2017 - 2018,
,,2018 - 2019,
,,2019 - 2020,1.85
,,2020 - 2021,
,,2021 - 2022,2.27
,,2022 - 2023,
,Puri,2009 - 2010,1.15
,,2012 - 2013,3.1
,Rayagada,2000 - 2001,
,,2001 - 2002,
,,2002 - 2003,
,,2003 - 2004,
,,2004 - 2005,1.21
,,2005 - 2006,1.1
,,2006 - 2007,1.01
,,2007 - 2008,1.13
,,2008 - 2009,1.02
,,2009 - 2010,1.18
,,2010 - 2011,1.17
,,2011 - 2012,1.37
,,2012 - 2013,1.31
,,2013 - 2014,1.38
,,2014 - 2015,1.66
,,2015 - 2016,1.7
,,2016 - 2017,1.95
,,2017 - 2018,1.77
,,2018 - 2019,1.41
,,2019 - 2020,1.49
,,2020 - 2021,1.66
,,2021 - 2022,1.76
,,2022 - 2023,1.91
,Sambalpur,2000 - 2001,
,,2001 - 2002,
,,2002 - 2003,
,,2003 - 2004,
,,2004 - 2005,1.4
,,2005 - 2006,1.0
,,2006 - 2007,1.8
,,2007 - 2008,1.17
,,2008 - 2009,
,,2009 - 2010,
,,2010 - 2011,2.32
,,2011 - 2012,
,,2012 - 2013,
,,2013 - 2014,
,,2014 - 2015,
,,2015 - 2016,
,,2016 - 2017,
,,2018 - 2019,
,,2019 - 2020,
,,2020 - 2021,
,,2021 - 2022,2.6
,,2022 - 2023,
,Sonepur,2000 - 2001,
,,2001 - 2002,
,,2002 - 2003,
,,2003 - 2004,
,,2004 - 2005,
,,2005 - 2006,
,,2006 - 2007,
,,2007 - 2008,
,,2008 - 2009,
,,2009 - 2010,
,,2010 - 2011,1.97
,,2011 - 2012,2.6
,,2012 - 2013,2.23
,,2013 - 2014,
,,2014 - 2015,
,,2015 - 2016,
,,2016 - 2017,
,,2019 - 2020,2.5
,Sundargarh,2000 - 2001,
,,2001 - 2002,
,,2002 - 2003,
,,2003 - 2004,
,,2004 - 2005,1.04
,,2005 - 2006,1.33
,,2006 - 2007,1.68
,,2007 - 2008,1.04
,,2008 - 2009,
,,2009 - 2010,
,,2010 - 2011,1.7
,,2011 - 2012,
,,2012 - 2013,1.8
,,2013 - 2014,2.05
,,2014 - 2015,2.8
,,2015 - 2016,2.3
,,2016 - 2017,
,,2017 - 2018,2.07
,,2018 - 2019,2.55
,,2019 - 2020,2.9
,,2020 - 2021,2.4
,,2021 - 2022,2.63
,,2022 - 2023,3.03
Punjab,Amritsar,2000 - 2001,
,,2001 - 2002,
,,2002 - 2003,
,,2003 - 2004,
,,2004 - 2005,
,,2005 - 2006,
,,2006 - 2007,
,,2007 - 2008,
,,2008 - 2009,
,,2009 - 2010,
,,2010 - 2011,
,,2011 - 2012,
,,2013 - 2014,
,,2014 - 2015,
,,2016 - 2017,
,,2017 - 2018,
,,2018 - 2019,
,,2019 - 2020,
,,2020 - 2021,
,,2021 - 2022,
,,2022 - 2023,
,Barnala,2019 - 2020,
,,2020 - 2021,
,Bathinda,2000 - 2001,
,,2002 - 2003,
,,2003 - 2004,
,,2014 - 2015,
,,2020 - 2021,
,,2021 - 2022,
,,2022 - 2023,
,Faridkot,2021 - 2022,
,Fatehgarh sahib,2000 - 2001,
,,2001 - 2002,
,,2002 - 2003,
,,2003 - 2004,
,,2004 - 2005,
,,2006 - 2007,
,,2007 - 2008,
,,2008 - 2009,
,,2009 - 2010,
,,2012 - 2013,
,,2013 - 2014,
,,2014 - 2015,
,,2015 - 2016,
,,2018 - 2019,
,,2019 - 2020,
,,2020 - 2021,
,,2022 - 2023,
,Fazilka,2016 - 2017,
,,2017 - 2018,
,,2018 - 2019,
,,2020 - 2021,
,,2021 - 2022,
,,2022 - 2023,
,Firozepur,2019 - 2020,
,,2020 - 2021,
,,2021 - 2022,
,Gurdaspur,2000 - 2001,
,,2001 - 2002,
,,2002 - 2003,
,,2003 - 2004,
,,2004 - 2005,
,,2005 - 2006,
,,2006 - 2007,
,,2007 - 2008,
,,2008 - 2009,
,,2009 - 2010,
,,2010 - 2011,
,,2011 - 2012,
,,2012 - 2013,
,,2013 - 2014,
,,2014 - 2015,
,,2015 - 2016,
,,2016 - 2017,
,,2017 - 2018,
,,2018 - 2019,
,,2019 - 2020,
,,2020 - 2021,
,,2021 - 2022,
,,2022 - 2023,
,Hoshiarpur,2000 - 2001,
,,2001 - 2002,
,,2002 - 2003,
,,2003 - 2004,
,,2004 - 2005,
,,2005 - 2006,
,,2006 - 2007,
,,2007 - 2008,
,,2008 - 2009,
,,2009 - 2010,
,,2010 - 2011,
,,2011 - 2012,
,,2012 - 2013,
,,2013 - 2014,
,,2014 - 2015,
,,2015 - 2016,
,,2016 - 2017,
,,2017 - 2018,
,,2018 - 2019,
,,2019 - 2020,
,,2020 - 2021,
,,2021 - 2022,
,,2022 - 2023,
,Jalandhar,2000 - 2001,
,,2001 - 2002,
,,2002 - 2003,
,,2003 - 2004,
,,2004 - 2005,
,,2005 - 2006,
,,2006 - 2007,
,,2007 - 2008,
,,2008 - 2009,
,,2009 - 2010,
,,2010 - 2011,
,,2011 - 2012,
,,2012 - 2013,
,,2013 - 2014,
,,2014 - 2015,
,,2015 - 2016,
,,2016 - 2017,
,,2017 - 2018,
,,2018 - 2019,
,,2019 - 2020,
,,2020 - 2021,
,,2021 - 2022,
,,2022 - 2023,
,Kapurthala,2000 - 2001,
,,2001 - 2002,
,,2002 - 2003,
,,2003 - 2004,
,,2004 - 2005,
,,2005 - 2006,
,,2006 - 2007,
,,2007 - 2008,
,,2008 - 2009,
,,2009 - 2010,
,,2010 - 2011,
,,2011 - 2012,
,,2012 - 2013,
,,2013 - 2014,
,,2014 - 2015,
,,2015 - 2016,
,,2016 - 2017,
,,2017 - 2018,
,,2018 - 2019,
,,2019 - 2020,
,,2020 - 2021,
,,2021 - 2022,
,,2022 - 2023,
,Ludhiana,2000 - 2001,
,,2001 - 2002,
,,2002 - 2003,
,,2003 - 2004,
,,2004 - 2005,
,,2005 - 2006,
,,2006 - 2007,
,,2007 - 2008,
,,2008 - 2009,
,,2009 - 2010,
,,2010 - 2011,
,,2011 - 2012,
,,2012 - 2013,
,,2013 - 2014,
,,2014 - 2015,
,,2015 - 2016,
,,2016 - 2017,
,,2017 - 2018,
,,2018 - 2019,
,,2019 - 2020,
,,2020 - 2021,
,,2021 - 2022,
,,2022 - 2023,
,Malerkotla,2021 - 2022,
,,2022 - 2023,
,Mansa,2002 - 2003,
,,2019 - 2020,
,,2021 - 2022,
,,2022 - 2023,
,Moga,2001 - 2002,
,,2002 - 2003,
,,2003 - 2004,
,,2018 - 2019,
,,2019 - 2020,
,,2020 - 2021,
,,2021 - 2022,
,,2022 - 2023,
,Muktsar,2000 - 2001,
,,2002 - 2003,
,,2020 - 2021,
,,2021 - 2022,
,,2022 - 2023,
,Nawanshahr,2000 - 2001,
,,2001 - 2002,
,,2002 - 2003,
,,2003 - 2004,
,,2004 - 2005,
,,2005 - 2006,
,,2006 - 2007,
,,2007 - 2008,
,,2008 - 2009,
,,2009 - 2010,
,,2010 - 2011,
,,2011 - 2012,
,,2012 - 2013,
,,2013 - 2014,
,,2014 - 2015,
,,2015 - 2016,
,,2016 - 2017,
,,2017 - 2018,
,,2018 - 2019,
,,2019 - 2020,
,,2020 - 2021,
,,2021 - 2022,
,,2022 - 2023,
,Pathankot,2012 - 2013,
,,2013 - 2014,
,,2014 - 2015,
,,2015 - 2016,
,,2016 - 2017,
,,2017 - 2018,
,,2018 - 2019,
,,2019 - 2020,
,,2020 - 2021,
,,2021 - 2022,
,,2022 - 2023,
,Patiala,2000 - 2001,
,,2001 - 2002,
,,2002 - 2003,
,,2003 - 2004,
,,2004 - 2005,
,,2005 - 2006,
,,2006 - 2007,
,,2007 - 2008,
,,2008 - 2009,
,,2009 - 2010,
,,2010 - 2011,
,,2011 - 2012,
,,2012 - 2013,
,,2013 - 2014,
,,2014 - 2015,
,,2015 - 2016,
,,2016 - 2017,
,,2017 - 2018,
,,2018 - 2019,
,,2019 - 2020,
,,2020 - 2021,
,,2022 - 2023,
,Rupnagar,2000 - 2001,
,,2001 - 2002,
,,2002 - 2003,
,,2003 - 2004,
,,2004 - 2005,
,,2005 - 2006,
,,2006 - 2007,
,,2007 - 2008,
,,2008 - 2009,
,,2009 - 2010,
,,2010 - 2011,
,,2011 - 2012,
,,2012 - 2013,
,,2013 - 2014,
,,2014 - 2015,
,,2015 - 2016,
,,2016 - 2017,
,,2017 - 2018,
,,2018 - 2019,
,,2019 - 2020,
,,2020 - 2021,
,,2021 - 2022,
,,2022 - 2023,
,S.a.s nagar,2006 - 2007,
,,2007 - 2008,
,,2008 - 2009,
,,2009 - 2010,
,,2010 - 2011,
,,2011 - 2012,
,,2012 - 2013,
,,2013 - 2014,
,,2014 - 2015,
,,2015 - 2016,
,,2016 - 2017,
,,2017 - 2018,
,,2018 - 2019,
,,2019 - 2020,
,,2020 - 2021,
,,2021 - 2022,
,,2022 - 2023,
,Sangrur,2000 - 2001,
,,2001 - 2002,
,,2002 - 2003,
,,2003 - 2004,
,,2004 - 2005,
,,2005 - 2006,
,,2006 - 2007,
,,2008 - 2009,
,,2013 - 2014,
,,2014 - 2015,
,,2015 - 2016,
,,2016 - 2017,
,,2018 - 2019,
,,2019 - 2020,
,,2020 - 2021,
,,2021 - 2022,
,,2022 - 2023,
,Tarn taran,2006 - 2007,
,,2007 - 2008,
,,2008 - 2009,
,,2009 - 2010,
,,2010 - 2011,
,,2011 - 2012,
,,2012 - 2013,
,,2013 - 2014,
,,2015 - 2016,
,,2018 - 2019,
,,2019 - 2020,
,,2020 - 2021,
,,2021 - 2022,
,,2022 - 2023,
Rajasthan,Ajmer,2000 - 2001,
,,2001 - 2002,
,,2002 - 2003,
,,2003 - 2004,
,,2004 - 2005,
,,2005 - 2006,
,,2006 - 2007,
,,2007 - 2008,
,,2008 - 2009,
,,2009 - 2010,
,,2010 - 2011,
,,2011 - 2012,
,,2012 - 2013,
,,2013 - 2014,
,,2014 - 2015,
,,2015 - 2016,
,,2016 - 2017,
,,2017 - 2018,
,,2018 - 2019,
,,2019 - 2020,
,,2020 - 2021,
,,2021 - 2022,
,,2022 - 2023,
,Alwar,2000 - 2001,
,,2001 - 2002,
,,2002 - 2003,
,,2003 - 2004,
,,2004 - 2005,
,,2005 - 2006,
,,2006 - 2007,
,,2007 - 2008,
,,2008 - 2009,
,,2009 - 2010,
,,2010 - 2011,
,,2011 - 2012,
,,2012 - 2013,
,,2013 - 2014,
,,2014 - 2015,
,,2015 - 2016,
,,2016 - 2017,
,,2017 - 2018,
,,2018 - 2019,
,,2019 - 2020,
,,2020 - 2021,
,,2021 - 2022,
,,2022 - 2023,
,Banswara,2000 - 2001,
,,2001 - 2002,
,,2002 - 2003,
,,2003 - 2004,
,,2004 - 2005,
,,2005 - 2006,
,,2006 - 2007,
,,2007 - 2008,
,,2008 - 2009,
,,2009 - 2010,
,,2010 - 2011,
,,2011 - 2012,
,,2012 - 2013,
,,2013 - 2014,
,,2014 - 2015,
,,2015 - 2016,
,,2016 - 2017,
,,2017 - 2018,
,,2018 - 2019,
,,2019 - 2020,
,,2020 - 2021,
,,2021 - 2022,
,,2022 - 2023,
,Baran,2000 - 2001,
,,2001 - 2002,
,,2002 - 2003,
,,2003 - 2004,
,,2004 - 2005,
,,2005 - 2006,
,,2006 - 2007,
,,2007 - 2008,
,,2008 - 2009,
,,2009 - 2010,
,,2010 - 2011,
,,2011 - 2012,
,,2012 - 2013,
,,2013 - 2014,
,,2014 - 2015,
,,2015 - 2016,
,,2016 - 2017,
,,2017 - 2018,
,,2018 - 2019,
,,2019 - 2020,
,,2020 - 2021,
,,2021 - 2022,
,,2022 - 2023,
,Barmer,2000 - 2001,
,,2001 - 2002,
,,2002 - 2003,
,,2003 - 2004,
,,2004 - 2005,
,,2005 - 2006,
,,2006 - 2007,
,,2007 - 2008,
,,2008 - 2009,
,,2009 - 2010,
,,2010 - 2011,
,,2011 - 2012,
,,2012 - 2013,
,,2013 - 2014,
,,2014 - 2015,
,,2015 - 2016,
,,2016 - 2017,
,,2017 - 2018,
,,2018 - 2019,
,,2019 - 2020,
,,2020 - 2021,
,,2021 - 2022,
,,2022 - 2023,
,Bharatpur,2000 - 2001,
,,2001 - 2002,
,,2002 - 2003,
,,2003 - 2004,
,,2004 - 2005,
,,2005 - 2006,
,,2006 - 2007,
,,2007 - 2008,
,,2008 - 2009,
,,2009 - 2010,
,,2010 - 2011,
,,2011 - 2012,
,,2012 - 2013,
,,2013 - 2014,
,,2014 - 2015,
,,2015 - 2016,
,,2016 - 2017,
,,2017 - 2018,
,,2019 - 2020,
,,2020 - 2021,
,Bhilwara,2000 - 2001,
,,2001 - 2002,
,,2002 - 2003,
,,2003 - 2004,
,,2004 - 2005,
,,2005 - 2006,
,,2006 - 2007,
,,2007 - 2008,
,,2008 - 2009,
,,2009 - 2010,
,,2010 - 2011,
,,2011 - 2012,
,,2012 - 2013,
,,2013 - 2014,
,,2014 - 2015,
,,2015 - 2016,
,,2016 - 2017,
,,2017 - 2018,
,,2018 - 2019,
,,2019 - 2020,
,,2020 - 2021,
,,2021 - 2022,
,,2022 - 2023,
,Bikaner,2001 - 2002,
,,2004 - 2005,
,,2005 - 2006,
,,2006 - 2007,
,,2008 - 2009,
,,2009 - 2010,
,,2010 - 2011,
,,2011 - 2012,
,,2012 - 2013,
,,2016 - 2017,
,,2020 - 2021,
,Bundi,2000 - 2001,
,,2001 - 2002,
,,2002 - 2003,
,,2003 - 2004,
,,2004 - 2005,
,,2005 - 2006,
,,2006 - 2007,
,,2007 - 2008,
,,2008 - 2009,
,,2009 - 2010,
,,2010 - 2011,
,,2011 - 2012,
,,2012 - 2013,
,,2013 - 2014,
,,2014 - 2015,
,,2015 - 2016,
,,2016 - 2017,
,,2017 - 2018,
,,2018 - 2019,
,,2019 - 2020,
,,2020 - 2021,
,,2021 - 2022,
,,2022 - 2023,
,Chittorgarh,2000 - 2001,
,,2001 - 2002,
,,2002 - 2003,
,,2003 - 2004,
,,2004 - 2005,
,,2005 - 2006,
,,2006 - 2007,
,,2007 - 2008,
,,2008 - 2009,
,,2009 - 2010,
,,2010 - 2011,
,,2011 - 2012,
,,2012 - 2013,
,,2013 - 2014,
,,2014 - 2015,
,,2015 - 2016,
,,2016 - 2017,
,,2017 - 2018,
,,2018 - 2019,
,,2019 - 2020,
,,2020 - 2021,
,,2021 - 2022,
,,2022 - 2023,
,Churu,2001 - 2002,
,,2003 - 2004,
,,2017 - 2018,
,,2020 - 2021,
,Dausa,2000 - 2001,
,,2001 - 2002,
,,2002 - 2003,
,,2003 - 2004,
,,2004 - 2005,
,,2005 - 2006,
,,2006 - 2007,
,,2007 - 2008,
,,2008 - 2009,
,,2009 - 2010,
,,2010 - 2011,
,,2011 - 2012,
,,2012 - 2013,
,,2013 - 2014,
,,2014 - 2015,
,,2015 - 2016,
,,2016 - 2017,
,,2017 - 2018,
,,2018 - 2019,
,,2019 - 2020,
,,2020 - 2021,
,,2021 - 2022,
,,2022 - 2023,
,Dholpur,2000 - 2001,
,,2001 - 2002,
,,2002 - 2003,
,,2003 - 2004,
,,2004 - 2005,
,,2005 - 2006,
,,2006 - 2007,
,,2007 - 2008,
,,2008 - 2009,
,,2009 - 2010,
,,2010 - 2011,
,,2011 - 2012,
,,2012 - 2013,
,,2014 - 2015,
,,2015 - 2016,
,,2020 - 2021,
,,2021 - 2022,
,Dungarpur,2000 - 2001,
,,2001 - 2002,
,,2002 - 2003,
,,2003 - 2004,
,,2004 - 2005,
,,2005 - 2006,
,,2006 - 2007,
,,2007 - 2008,
,,2008 - 2009,
,,2009 - 2010,
,,2010 - 2011,
,,2011 - 2012,
,,2012 - 2013,
,,2013 - 2014,
,,2014 - 2015,
,,2015 - 2016,
,,2016 - 2017,
,,2017 - 2018,
,,2018 - 2019,
,,2019 - 2020,
,,2020 - 2021,
,,2021 - 2022,
,,2022 - 2023,
,Ganganagar,2000 - 2001,
,,2001 - 2002,
,,2002 - 2003,
,,2003 - 2004,
,,2004 - 2005,
,,2005 - 2006,
,,2006 - 2007,
,,2007 - 2008,
,,2008 - 2009,
,,2009 - 2010,
,,2010 - 2011,
,,2011 - 2012,
,,2012 - 2013,
,,2013 - 2014,
,,2014 - 2015,
,,2015 - 2016,
,,2016 - 2017,
,,2017 - 2018,
,,2018 - 2019,
,,2019 - 2020,
,,2020 - 2021,
,,2021 - 2022,
,,2022 - 2023,
,Hanumangarh,2000 - 2001,
,,2001 - 2002,
,,2002 - 2003,
,,2003 - 2004,
,,2005 - 2006,
,,2006 - 2007,
,,2007 - 2008,
,,2008 - 2009,
,,2010 - 2011,
,,2013 - 2014,
,,2014 - 2015,
,,2015 - 2016,
,,2016 - 2017,
,,2017 - 2018,
,,2018 - 2019,
,,2019 - 2020,
,,2020 - 2021,
,,2021 - 2022,
,,2022 - 2023,
,Jaipur,2000 - 2001,
,,2001 - 2002,
,,2002 - 2003,
,,2003 - 2004,
,,2004 - 2005,
,,2005 - 2006,
,,2006 - 2007,
,,2007 - 2008,
,,2008 - 2009,
,,2009 - 2010,
,,2010 - 2011,
,,2011 - 2012,
,,2012 - 2013,
,,2013 - 2014,
,,2014 - 2015,
,,2015 - 2016,
,,2016 - 2017,
,,2017 - 2018,
,,2018 - 2019,
,,2019 - 2020,
,,2020 - 2021,
,,2021 - 2022,
,,2022 - 2023,
,Jaisalmer,2000 - 2001,
,,2001 - 2002,
,Jalore,2000 - 2001,
,,2001 - 2002,
,,2002 - 2003,
,,2003 - 2004,
,,2004 - 2005,
,,2005 - 2006,
,,2006 - 2007,
,,2007 - 2008,
,,2008 - 2009,
,,2009 - 2010,
,,2010 - 2011,
,,2011 - 2012,
,,2012 - 2013,
,,2013 - 2014,
,,2014 - 2015,
,,2015 - 2016,
,,2016 - 2017,
,,2017 - 2018,
,,2018 - 2019,
,,2019 - 2020,
,,2020 - 2021,
,,2021 - 2022,
,,2022 - 2023,
,Jhalawar,2000 - 2001,
,,2001 - 2002,
,,2002 - 2003,
,,2003 - 2004,
,,2004 - 2005,
,,2005 - 2006,
,,2006 - 2007,
,,2007 - 2008,
,,2008 - 2009,
,,2009 - 2010,
,,2010 - 2011,
,,2011 - 2012,
,,2012 - 2013,
,,2013 - 2014,
,,2014 - 2015,
,,2015 - 2016,
,,2016 - 2017,
,,2017 - 2018,
,,2018 - 2019,
,,2019 - 2020,
,,2020 - 2021,
,,2021 - 2022,
,,2022 - 2023,
,Jhunjhunu,2002 - 2003,
,,2005 - 2006,
,,2006 - 2007,
,,2007 - 2008,
,,2008 - 2009,
,,2009 - 2010,
,,2010 - 2011,
,,2019 - 2020,
,,2020 - 2021,
,,2021 - 2022,
,,2022 - 2023,
,Jodhpur,2000 - 2001,
,,2001 - 2002,
,,2002 - 2003,
,,2003 - 2004,
,,2004 - 2005,
,,2005 - 2006,
,,2006 - 2007,
,,2007 - 2008,
,,2008 - 2009,
,,2009 - 2010,
,,2010 - 2011,
,,2011 - 2012,
,,2012 - 2013,
,,2013 - 2014,
,,2014 - 2015,
,,2015 - 2016,
,,2016 - 2017,
,,2017 - 2018,
,,2018 - 2019,
,,2019 - 2020,
,,2021 - 2022,
,,2022 - 2023,
,Karauli,2000 - 2001,
,,2001 - 2002,
,,2002 - 2003,
,,2003 - 2004,
,,2004 - 2005,
,,2005 - 2006,
,,2006 - 2007,
,,2007 - 2008,
,,2008 - 2009,
,,2009 - 2010,
,,2010 - 2011,
,,2011 - 2012,
,,2012 - 2013,
,,2013 - 2014,
,,2014 - 2015,
,,2015 - 2016,
,,2016 - 2017,
,,2017 - 2018,
,,2018 - 2019,
,,2019 - 2020,
,,2020 - 2021,
,,2021 - 2022,
,,2022 - 2023,
,Kota,2000 - 2001,
,,2001 - 2002,
,,2002 - 2003,
,,2003 - 2004,
,,2004 - 2005,
,,2005 - 2006,
,,2006 - 2007,
,,2007 - 2008,
,,2008 - 2009,
,,2009 - 2010,
,,2010 - 2011,
,,2011 - 2012,
,,2012 - 2013,
,,2013 - 2014,
,,2014 - 2015,
,,2015 - 2016,
,,2016 - 2017,
,,2017 - 2018,
,,2018 - 2019,
,,2019 - 2020,
,,2020 - 2021,
,,2021 - 2022,
,,2022 - 2023,
,Nagaur,2000 - 2001,
,,2001 - 2002,
,,2002 - 2003,
,,2003 - 2004,
,,2004 - 2005,
,,2005 - 2006,
,,2006 - 2007,
,,2007 - 2008,
,,2008 - 2009,
,,2009 - 2010,
,,2010 - 2011,
,,2011 - 2012,
,,2012 - 2013,
,,2013 - 2014,
,,2014 - 2015,
,,2015 - 2016,
,,2016 - 2017,
,,2017 - 2018,
,,2018 - 2019,
,,2019 - 2020,
,,2020 - 2021,
,,2021 - 2022,
,,2022 - 2023,
,Pali,2000 - 2001,
,,2001 - 2002,
,,2002 - 2003,
,,2003 - 2004,
,,2004 - 2005,
,,2005 - 2006,
,,2006 - 2007,
,,2007 - 2008,
,,2008 - 2009,
,,2009 - 2010,
,,2010 - 2011,
,,2011 - 2012,
,,2012 - 2013,
,,2013 - 2014,
,,2014 - 2015,
,,2015 - 2016,
,,2016 - 2017,
,,2017 - 2018,
,,2018 - 2019,
,,2019 - 2020,
,,2020 - 2021,
,,2021 - 2022,
,,2022 - 2023,
,Pratapgarh,2008 - 2009,
,,2009 - 2010,
,,2010 - 2011,
,,2011 - 2012,
,,2012 - 2013,
,,2013 - 2014,
,,2014 - 2015,
,,2015 - 2016,
,,2016 - 2017,
,,2017 - 2018,
,,2018 - 2019,
,,2019 - 2020,
,,2020 - 2021,
,,2021 - 2022,
,,2022 - 2023,
,Rajsamand,2000 - 2001,
,,2001 - 2002,
,,2002 - 2003,
,,2003 - 2004,
,,2004 - 2005,
,,2005 - 2006,
,,2006 - 2007,
,,2007 - 2008,
,,2008 - 2009,
,,2009 - 2010,
,,2010 - 2011,
,,2011 - 2012,
,,2012 - 2013,
,,2013 - 2014,
,,2014 - 2015,
,,2015 - 2016,
,,2016 - 2017,
,,2017 - 2018,
,,2018 - 2019,
,,2019 - 2020,
,,2020 - 2021,
,,2021 - 2022,
,,2022 - 2023,
,Sawai madhopur,2000 - 2001,
,,2001 - 2002,
,,2002 - 2003,
,,2003 - 2004,
,,2004 - 2005,
,,2005 - 2006,
,,2006 - 2007,
,,2007 - 2008,
,,2008 - 2009,
,,2009 - 2010,
,,2010 - 2011,
,,2011 - 2012,
,,2012 - 2013,
,,2013 - 2014,
,,2014 - 2015,
,,2015 - 2016,
,,2016 - 2017,
,,2017 - 2018,
,,2018 - 2019,
,,2019 - 2020,
,,2020 - 2021,
,,2021 - 2022,
,,2022 - 2023,
,Sikar,2000 - 2001,
,,2001 - 2002,
,,2002 - 2003,
,,2003 - 2004,
,,2004 - 2005,
,,2005 - 2006,
,,2006 - 2007,
,,2007 - 2008,
,,2008 - 2009,
,,2009 - 2010,
,,2010 - 2011,
,,2011 - 2012,
,,2012 - 2013,
,,2013 - 2014,
,,2014 - 2015,
,,2015 - 2016,
,,2016 - 2017,
,,2017 - 2018,
,,2018 - 2019,
,,2019 - 2020,
,,2020 - 2021,
,,2021 - 2022,
,,2022 - 2023,
,Sirohi,2000 - 2001,
,,2001 - 2002,
,,2002 - 2003,
,,2003 - 2004,
,,2004 - 2005,
,,2005 - 2006,
,,2006 - 2007,
,,2007 - 2008,
,,2008 - 2009,
,,2009 - 2010,
,,2010 - 2011,
,,2011 - 2012,
,,2012 - 2013,
,,2013 - 2014,
,,2014 - 2015,
,,2015 - 2016,
,,2016 - 2017,
,,2017 - 2018,
,,2018 - 2019,
,,2019 - 2020,
,,2020 - 2021,
,,2021 - 2022,
,,2022 - 2023,
,Tonk,2000 - 2001,
,,2001 - 2002,
,,2002 - 2003,
,,2003 - 2004,
,,2004 - 2005,
,,2005 - 2006,
,,2006 - 2007,
,,2007 - 2008,
,,2008 - 2009,
,,2009 - 2010,
,,2010 - 2011,
,,2011 - 2012,
,,2012 - 2013,
,,2013 - 2014,
,,2014 - 2015,
,,2015 - 2016,
,,2016 - 2017,
,,2017 - 2018,
,,2018 - 2019,
,,2019 - 2020,
,,2020 - 2021,
,,2021 - 2022,
,,2022 - 2023,
,Udaipur,2000 - 2001,
,,2001 - 2002,
,,2002 - 2003,
,,2003 - 2004,
,,2004 - 2005,
,,2005 - 2006,
,,2006 - 2007,
,,2007 - 2008,
,,2008 - 2009,
,,2009 - 2010,
,,2010 - 2011,
,,2011 - 2012,
,,2012 - 2013,
,,2013 - 2014,
,,2014 - 2015,
,,2015 - 2016,
,,2016 - 2017,
,,2017 - 2018,
,,2018 - 2019,
,,2019 - 2020,
,,2020 - 2021,
,,2021 - 2022,
,,2022 - 2023,
Sikkim,Gangtok,2000 - 2001,
,,2001 - 2002,
,,2002 - 2003,
,,2003 - 2004,
,,2004 - 2005,
,,2005 - 2006,
,,2006 - 2007,
,,2007 - 2008,
,,2008 - 2009,
,,2009 - 2010,
,,2010 - 2011,
,,2011 - 2012,
,,2012 - 2013,
,,2013 - 2014,
,,2014 - 2015,
,,2015 - 2016,
,,2016 - 2017,
,,2017 - 2018,
,,2018 - 2019,
,,2019 - 2020,
,,2020 - 2021,
,,2021 - 2022,
,,2022 - 2023,
,Geyzing,2000 - 2001,
,,2001 - 2002,
,,2002 - 2003,
,,2003 - 2004,
,,2004 - 2005,
,,2005 - 2006,
,,2006 - 2007,
,,2007 - 2008,
,,2008 - 2009,
,,2009 - 2010,
,,2010 - 2011,
,,2011 - 2012,
,,2012 - 2013,
,,2013 - 2014,
,,2014 - 2015,
,,2015 - 2016,
,,2016 - 2017,
,,2017 - 2018,
,,2018 - 2019,
,,2019 - 2020,
,,2020 - 2021,
,,2021 - 2022,
,,2022 - 2023,
,Mangan,2000 - 2001,
,,2001 - 2002,
,,2002 - 2003,
,,2003 - 2004,
,,2004 - 2005,
,,2005 - 2006,
,,2006 - 2007,
,,2007 - 2008,
,,2008 - 2009,
,,2009 - 2010,
,,2010 - 2011,
,,2011 - 2012,
,,2012 - 2013,
,,2013 - 2014,
,,2014 - 2015,
,,2015 - 2016,
,,2016 - 2017,
,,2017 - 2018,
,,2018 - 2019,
,,2019 - 2020,
,,2020 - 2021,
,,2021 - 2022,
,,2022 - 2023,
,Namchi,2000 - 2001,
,,2001 - 2002,
,,2002 - 2003,
,,2003 - 2004,
,,2004 - 2005,
,,2005 - 2006,
,,2006 - 2007,
,,2007 - 2008,
,,2008 - 2009,
,,2009 - 2010,
,,2010 - 2011,
,,2011 - 2012,
,,2012 - 2013,
,,2013 - 2014,
,,2014 - 2015,
,,2015 - 2016,
,,2016 - 2017,
,,2017 - 2018,
,,2018 - 2019,
,,2019 - 2020,
,,2020 - 2021,
,,2021 - 2022,
,,2022 - 2023,
,Pakyong,2022 - 2023,
,Soreng,2022 - 2023,
Tamil Nadu,Ariyalur,2008 - 2009,
,,2009 - 2010,
,,2010 - 2011,
,,2011 - 2012,
,,2012 - 2013,
,,2013 - 2014,
,,2014 - 2015,
,,2015 - 2016,
,,2016 - 2017,
,,2017 - 2018,
,,2018 - 2019,
,,2019 - 2020,
,,2020 - 2021,
,,2021 - 2022,
,,2022 - 2023,
,Chengalpattu,2019 - 2020,
,,2021 - 2022,
,,2022 - 2023,
,Coimbatore,2000 - 2001,
,,2002 - 2003,
,,2003 - 2004,
,,2004 - 2005,
,,2005 - 2006,
,,2006 - 2007,
,,2007 - 2008,
,,2008 - 2009,
,,2009 - 2010,
,,2010 - 2011,
,,2011 - 2012,
,,2012 - 2013,
,,2013 - 2014,
,,2014 - 2015,
,,2015 - 2016,
,,2016 - 2017,
,,2017 - 2018,
,,2018 - 2019,
,,2019 - 2020,
,,2020 - 2021,
,,2021 - 2022,
,,2022 - 2023,
,Cuddalore,2000 - 2001,
,,2002 - 2003,
,,2003 - 2004,
,,2004 - 2005,
,,2005 - 2006,
,,2006 - 2007,
,,2007 - 2008,
,,2008 - 2009,
,,2009 - 2010,
,,2010 - 2011,
,,2011 - 2012,
,,2012 - 2013,
,,2013 - 2014,
,,2014 - 2015,
,,2015 - 2016,
,,2016 - 2017,
,,2017 - 2018,
,,2018 - 2019,
,,2019 - 2020,
,,2020 - 2021,
,,2021 - 2022,
,,2022 - 2023,
,Dharmapuri,2000 - 2001,
,,2002 - 2003,
,,2003 - 2004,
,,2004 - 2005,
,,2005 - 2006,
,,2006 - 2007,
,,2007 - 2008,
,,2008 - 2009,
,,2009 - 2010,
,,2010 - 2011,
,,2011 - 2012,
,,2012 - 2013,
,,2013 - 2014,
,,2014 - 2015,
,,2015 - 2016,
,,2016 - 2017,
,,2017 - 2018,
,,2018 - 2019,
,,2019 - 2020,
,,2020 - 2021,
,,2021 - 2022,
,,2022 - 2023,
,Dindigul,2000 - 2001,
,,2002 - 2003,
,,2003 - 2004,
,,2004 - 2005,
,,2005 - 2006,
,,2006 - 2007,
,,2007 - 2008,
,,2008 - 2009,
,,2009 - 2010,
,,2010 - 2011,
,,2011 - 2012,
,,2012 - 2013,
,,2013 - 2014,
,,2014 - 2015,
,,2015 - 2016,
,,2016 - 2017,
,,2017 - 2018,
,,2018 - 2019,
,,2019 - 2020,
,,2020 - 2021,
,,2021 - 2022,
,,2022 - 2023,
,Erode,2000 - 2001,
,,2002 - 2003,
,,2003 - 2004,
,,2004 - 2005,
,,2005 - 2006,
,,2006 - 2007,
,,2007 - 2008,
,,2008 - 2009,
,,2009 - 2010,
,,2010 - 2011,
,,2011 - 2012,
,,2012 - 2013,
,,2013 - 2014,
,,2014 - 2015,
,,2015 - 2016,
,,2016 - 2017,
,,2017 - 2018,
,,2018 - 2019,
,,2019 - 2020,
,,2020 - 2021,
,,2021 - 2022,
,,2022 - 2023,
,Kallakurichi,2020 - 2021,
,,2021 - 2022,
,,2022 - 2023,
,Kanchipuram,2003 - 2004,
,,2004 - 2005,
,,2005 - 2006,
,,2006 - 2007,
,,2007 - 2008,
,,2010 - 2011,
,,2011 - 2012,
,,2012 - 2013,
,,2013 - 2014,
,,2014 - 2015,
,,2015 - 2016,
,,2016 - 2017,
,,2018 - 2019,
,,2019 - 2020,
,,2021 - 2022,
,,2022 - 2023,
,Kanniyakumari,2014 - 2015,
,,2015 - 2016,
,,2016 - 2017,
,,2017 - 2018,
,,2018 - 2019,
,,2019 - 2020,
,Karur,2000 - 2001,
,,2002 - 2003,
,,2003 - 2004,
,,2004 - 2005,
,,2005 - 2006,
,,2006 - 2007,
,,2007 - 2008,
,,2008 - 2009,
,,2009 - 2010,
,,2010 - 2011,
,,2011 - 2012,
,,2012 - 2013,
,,2013 - 2014,
,,2014 - 2015,
,,2015 - 2016,
,,2016 - 2017,
,,2017 - 2018,
,,2018 - 2019,
,,2019 - 2020,
,,2020 - 2021,
,,2021 - 2022,
,,2022 - 2023,
,Krishnagiri,2004 - 2005,
,,2005 - 2006,
,,2006 - 2007,
,,2007 - 2008,
,,2008 - 2009,
,,2009 - 2010,
,,2010 - 2011,
,,2011 - 2012,
,,2012 - 2013,
,,2013 - 2014,
,,2014 - 2015,
,,2015 - 2016,
,,2016 - 2017,
,,2017 - 2018,
,,2018 - 2019,
,,2019 - 2020,
,,2020 - 2021,
,,2021 - 2022,
,,2022 - 2023,
,Madurai,2000 - 2001,
,,2002 - 2003,
,,2003 - 2004,
,,2004 - 2005,
,,2005 - 2006,
,,2006 - 2007,
,,2007 - 2008,
,,2008 - 2009,
,,2009 - 2010,
,,2010 - 2011,
,,2011 - 2012,
,,2012 - 2013,
,,2013 - 2014,
,,2014 - 2015,
,,2015 - 2016,
,,2016 - 2017,
,,2017 - 2018,
,,2018 - 2019,
,,2019 - 2020,
,,2020 - 2021,
,,2021 - 2022,
,,2022 - 2023,
,Mayiladuthurai,2020 - 2021,
,,2021 - 2022,
,,2022 - 2023,
,Nagapattinam,2002 - 2003,
,,2003 - 2004,
,,2004 - 2005,
,,2005 - 2006,
,,2006 - 2007,
,,2007 - 2008,
,,2008 - 2009,
,,2009 - 2010,
,,2010 - 2011,
,,2011 - 2012,
,,2012 - 2013,
,,2013 - 2014,
,,2014 - 2015,
,,2015 - 2016,
,,2016 - 2017,
,,2017 - 2018,
,,2018 - 2019,
,,2019 - 2020,
,Namakkal,2000 - 2001,
,,2002 - 2003,
,,2003 - 2004,
,,2004 - 2005,
,,2005 - 2006,
,,2006 - 2007,
,,2007 - 2008,
,,2008 - 2009,
,,2009 - 2010,
,,2010 - 2011,
,,2011 - 2012,
,,2012 - 2013,
,,2013 - 2014,
,,2014 - 2015,
,,2015 - 2016,
,,2016 - 2017,
,,2017 - 2018,
,,2018 - 2019,
,,2019 - 2020,
,,2020 - 2021,
,,2021 - 2022,
,,2022 - 2023,
,Perambalur,2000 - 2001,
,,2002 - 2003,
,,2003 - 2004,
,,2004 - 2005,
,,2005 - 2006,
,,2006 - 2007,
,,2007 - 2008,
,,2008 - 2009,
,,2009 - 2010,
,,2010 - 2011,
,,2011 - 2012,
,,2012 - 2013,
,,2013 - 2014,
,,2014 - 2015,
,,2015 - 2016,
,,2016 - 2017,
,,2017 - 2018,
,,2018 - 2019,
,,2019 - 2020,
,,2020 - 2021,
,,2021 - 2022,
,,2022 - 2023,
,Pudukkottai,2000 - 2001,
,,2002 - 2003,
,,2003 - 2004,
,,2004 - 2005,
,,2005 - 2006,
,,2006 - 2007,
,,2007 - 2008,
,,2008 - 2009,
,,2009 - 2010,
,,2010 - 2011,
,,2011 - 2012,
,,2012 - 2013,
,,2013 - 2014,
,,2014 - 2015,
,,2015 - 2016,
,,2016 - 2017,
,,2017 - 2018,
,,2018 - 2019,
,,2019 - 2020,
,,2020 - 2021,
,,2021 - 2022,
,,2022 - 2023,
,Ramanathapuram,2002 - 2003,
,,2003 - 2004,
,,2004 - 2005,
,,2005 - 2006,
,,2006 - 2007,
,,2007 - 2008,
,,2008 - 2009,
,,2009 - 2010,
,,2010 - 2011,
,,2011 - 2012,
,,2012 - 2013,
,,2013 - 2014,
,,2014 - 2015,
,,2015 - 2016,
,,2016 - 2017,
,,2017 - 2018,
,,2018 - 2019,
,,2019 - 2020,
,,2020 - 2021,
,,2021 - 2022,
,,2022 - 2023,
,Ranipet,2020 - 2021,
,,2021 - 2022,
,,2022 - 2023,
,Salem,2000 - 2001,
,,2002 - 2003,
,,2003 - 2004,
,,2004 - 2005,
,,2005 - 2006,
,,2006 - 2007,
,,2007 - 2008,
,,2008 - 2009,
,,2009 - 2010,
,,2010 - 2011,
,,2011 - 2012,
,,2012 - 2013,
,,2013 - 2014,
,,2014 - 2015,
,,2015 - 2016,
,,2016 - 2017,
,,2017 - 2018,
,,2018 - 2019,
,,2019 - 2020,
,,2020 - 2021,
,,2021 - 2022,
,,2022 - 2023,
,Sivaganga,2000 - 2001,
,,2003 - 2004,
,,2004 - 2005,
,,2006 - 2007,
,,2007 - 2008,
,,2008 - 2009,
,,2009 - 2010,
,,2010 - 2011,
,,2011 - 2012,
,,2012 - 2013,
,,2013 - 2014,
,,2014 - 2015,
,,2015 - 2016,
,,2016 - 2017,
,,2017 - 2018,
,,2018 - 2019,
,,2019 - 2020,
,,2020 - 2021,
,,2021 - 2022,
,,2022 - 2023,
,Thanjavur,2000 - 2001,
,,2002 - 2003,
,,2003 - 2004,
,,2004 - 2005,
,,2005 - 2006,
,,2006 - 2007,
,,2007 - 2008,
,,2008 - 2009,
,,2009 - 2010,
,,2010 - 2011,
,,2011 - 2012,
,,2012 - 2013,
,,2013 - 2014,
,,2014 - 2015,
,,2015 - 2016,
,,2016 - 2017,
,,2017 - 2018,
,,2018 - 2019,
,,2019 - 2020,
,,2020 - 2021,
,,2021 - 2022,
,,2022 - 2023,
,The nilgiris,2000 - 2001,
,,2019 - 2020,
,,2020 - 2021,
,,2021 - 2022,
,,2022 - 2023,
,Theni,2000 - 2001,
,,2002 - 2003,
,,2003 - 2004,
,,2004 - 2005,
,,2005 - 2006,
,,2006 - 2007,
,,2007 - 2008,
,,2008 - 2009,
,,2009 - 2010,
,,2010 - 2011,
,,2011 - 2012,
,,2012 - 2013,
,,2013 - 2014,
,,2014 - 2015,
,,2015 - 2016,
,,2016 - 2017,
,,2017 - 2018,
,,2018 - 2019,
,,2019 - 2020,
,,2020 - 2021,
,,2021 - 2022,
,,2022 - 2023,
,Thenkasi,2020 - 2021,
,,2021 - 2022,
,,2022 - 2023,
,Thiruvallur,2006 - 2007,
,,2009 - 2010,
,,2010 - 2011,
,,2012 - 2013,
,,2013 - 2014,
,,2014 - 2015,
,,2015 - 2016,
,,2016 - 2017,
,,2017 - 2018,
,,2018 - 2019,
,,2019 - 2020,
,,2020 - 2021,
,,2021 - 2022,
,,2022 - 2023,
,Thiruvarur,2002 - 2003,
,,2003 - 2004,
,,2004 - 2005,
,,2005 - 2006,
,,2007 - 2008,
,,2008 - 2009,
,,2011 - 2012,
,,2013 - 2014,
,,2018 - 2019,
,,2019 - 2020,
,,2020 - 2021,
,,2021 - 2022,
,,2022 - 2023,
,Thoothukudi,2000 - 2001,
,,2002 - 2003,
,,2003 - 2004,
,,2004 - 2005,
,,2005 - 2006,
,,2006 - 2007,
,,2007 - 2008,
,,2008 - 2009,
,,2009 - 2010,
,,2010 - 2011,
,,2011 - 2012,
,,2012 - 2013,
,,2013 - 2014,
,,2014 - 2015,
,,2015 - 2016,
,,2016 - 2017,
,,2017 - 2018,
,,2018 - 2019,
,,2019 - 2020,
,,2020 - 2021,
,,2021 - 2022,
,,2022 - 2023,
,Tiruchirappalli,2000 - 2001,
,,2002 - 2003,
,,2003 - 2004,
,,2004 - 2005,
,,2005 - 2006,
,,2006 - 2007,
,,2007 - 2008,
,,2008 - 2009,
,,2009 - 2010,
,,2010 - 2011,
,,2011 - 2012,
,,2012 - 2013,
,,2013 - 2014,
,,2014 - 2015,
,,2015 - 2016,
,,2016 - 2017,
,,2017 - 2018,
,,2018 - 2019,
,,2019 - 2020,
,,2020 - 2021,
,,2021 - 2022,
,,2022 - 2023,
,Tirunelveli,2000 - 2001,
,,2002 - 2003,
,,2003 - 2004,
,,2004 - 2005,
,,2005 - 2006,
,,2006 - 2007,
,,2007 - 2008,
,,2008 - 2009,
,,2009 - 2010,
,,2010 - 2011,
,,2011 - 2012,
,,2012 - 2013,
,,2013 - 2014,
,,2014 - 2015,
,,2015 - 2016,
,,2016 - 2017,
,,2017 - 2018,
,,2018 - 2019,
,,2019 - 2020,
,,2020 - 2021,
,,2021 - 2022,
,,2022 - 2023,
,Tirupathur,2020 - 2021,
,,2021 - 2022,
,,2022 - 2023,
,Tiruppur,2008 - 2009,
,,2009 - 2010,
,,2010 - 2011,
,,2011 - 2012,
,,2012 - 2013,
,,2013 - 2014,
,,2014 - 2015,
,,2015 - 2016,
,,2016 - 2017,
,,2017 - 2018,
,,2018 - 2019,
,,2019 - 2020,
,,2020 - 2021,
,,2021 - 2022,
,,2022 - 2023,
,Tiruvannamalai,2000 - 2001,
,,2002 - 2003,
,,2003 - 2004,
,,2004 - 2005,
,,2005 - 2006,
,,2006 - 2007,
,,2007 - 2008,
,,2008 - 2009,
,,2009 - 2010,
,,2010 - 2011,
,,2011 - 2012,
,,2012 - 2013,
,,2013 - 2014,
,,2014 - 2015,
,,2015 - 2016,
,,2016 - 2017,
,,2017 - 2018,
,,2018 - 2019,
,,2019 - 2020,
,,2020 - 2021,
,,2021 - 2022,
,,2022 - 2023,
,Vellore,2000 - 2001,
,,2002 - 2003,
,,2003 - 2004,
,,2004 - 2005,
,,2005 - 2006,
,,2006 - 2007,
,,2007 - 2008,
,,2008 - 2009,
,,2009 - 2010,
,,2010 - 2011,
,,2011 - 2012,
,,2012 - 2013,
,,2013 - 2014,
,,2014 - 2015,
,,2015 - 2016,
,,2016 - 2017,
,,2017 - 2018,
,,2018 - 2019,
,,2019 - 2020,
,,2020 - 2021,
,,2021 - 2022,
,,2022 - 2023,
,Villupuram,2000 - 2001,
,,2002 - 2003,
,,2003 - 2004,
,,2004 - 2005,
,,2005 - 2006,
,,2006 - 2007,
,,2007 - 2008,
,,2008 - 2009,
,,2009 - 2010,
,,2010 - 2011,
,,2011 - 2012,
,,2012 - 2013,
,,2013 - 2014,
,,2014 - 2015,
,,2015 - 2016,
,,2016 - 2017,
,,2017 - 2018,
,,2018 - 2019,
,,2019 - 2020,
,,2020 - 2021,
,,2021 - 2022,
,,2022 - 2023,
,Virudhunagar,2000 - 2001,
,,2002 - 2003,
,,2003 - 2004,
,,2004 - 2005,
,,2005 - 2006,
,,2006 - 2007,
,,2007 - 2008,
,,2008 - 2009,
,,2009 - 2010,
,,2010 - 2011,
,,2011 - 2012,
,,2012 - 2013,
,,2013 - 2014,
,,2014 - 2015,
,,2015 - 2016,
,,2016 - 2017,
,,2017 - 2018,
,,2018 - 2019,
,,2019 - 2020,
,,2020 - 2021,
,,2021 - 2022,
,,2022 - 2023,
Telangana,Adilabad,2000 - 2001,
,,2001 - 2002,
,,2002 - 2003,
,,2003 - 2004,
,,2004 - 2005,
,,2005 - 2006,
,,2006 - 2007,
,,2007 - 2008,
,,2008 - 2009,
,,2009 - 2010,
,,2010 - 2011,
,,2011 - 2012,
,,2012 - 2013,
,,2013 - 2014,
,,2014 - 2015,
,,2015 - 2016,
,,2016 - 2017,
,,2017 - 2018,
,,2018 - 2019,
,,2019 - 2020,
,,2020 - 2021,
,,2021 - 2022,
,,2022 - 2023,
,Bhadradri,2016 - 2017,
,,2017 - 2018,
,,2018 - 2019,
,,2019 - 2020,
,,2020 - 2021,
,,2021 - 2022,
,,2022 - 2023,
,Jagitial,2016 - 2017,
,,2017 - 2018,
,,2018 - 2019,
,,2019 - 2020,
,,2020 - 2021,
,,2021 - 2022,
,,2022 - 2023,
,Jangoan,2016 - 2017,
,,2017 - 2018,
,,2018 - 2019,
,,2019 - 2020,
,,2020 - 2021,
,,2021 - 2022,
,,2022 - 2023,
,Jayashankar,2016 - 2017,
,,2017 - 2018,
,,2018 - 2019,
,,2019 - 2020,
,,2020 - 2021,
,,2021 - 2022,
,,2022 - 2023,
,Jogulamba,2016 - 2017,
,,2017 - 2018,
,,2018 - 2019,
,,2019 - 2020,
,,2020 - 2021,
,,2021 - 2022,
,,2022 - 2023,
,Kamareddy,2016 - 2017,
,,2017 - 2018,
,,2018 - 2019,
,,2019 - 2020,
,,2020 - 2021,
,,2021 - 2022,
,,2022 - 2023,
,Karimnagar,2000 - 2001,
,,2001 - 2002,
,,2002 - 2003,
,,2003 - 2004,
,,2004 - 2005,
,,2005 - 2006,
,,2006 - 2007,
,,2007 - 2008,
,,2008 - 2009,
,,2009 - 2010,
,,2010 - 2011,
,,2011 - 2012,
,,2012 - 2013,
,,2013 - 2014,
,,2014 - 2015,
,,2015 - 2016,
,,2016 - 2017,
,,2017 - 2018,
,,2018 - 2019,
,,2019 - 2020,
,,2020 - 2021,
,,2021 - 2022,
,,2022 - 2023,
,Khammam,2000 - 2001,
,,2001 - 2002,
,,2002 - 2003,
,,2003 - 2004,
,,2004 - 2005,
,,2005 - 2006,
,,2006 - 2007,
,,2007 - 2008,
,,2008 - 2009,
,,2009 - 2010,
,,2010 - 2011,
,,2011 - 2012,
,,2012 - 2013,
,,2013 - 2014,
,,2014 - 2015,
,,2015 - 2016,
,,2016 - 2017,
,,2017 - 2018,
,,2018 - 2019,
,,2019 - 2020,
,,2020 - 2021,
,,2021 - 2022,
,,2022 - 2023,
,Komaram bheem asifabad,2016 - 2017,
,,2017 - 2018,
,,2018 - 2019,
,,2019 - 2020,
,,2020 - 2021,
,,2021 - 2022,
,,2022 - 2023,
,Mahabubabad,2016 - 2017,
,,2017 - 2018,
,,2018 - 2019,
,,2019 - 2020,
,,2020 - 2021,
,,2021 - 2022,
,,2022 - 2023,
,Mahbubnagar,2000 - 2001,
,,2001 - 2002,
,,2002 - 2003,
,,2003 - 2004,
,,2004 - 2005,
,,2005 - 2006,
,,2006 - 2007,
,,2007 - 2008,
,,2008 - 2009,
,,2009 - 2010,
,,2010 - 2011,
,,2011 - 2012,
,,2012 - 2013,
,,2013 - 2014,
,,2014 - 2015,
,,2015 - 2016,
,,2016 - 2017,
,,2017 - 2018,
,,2018 - 2019,
,,2019 - 2020,
,,2020 - 2021,
,,2021 - 2022,
,,2022 - 2023,
,Mancherial,2016 - 2017,
,,2017 - 2018,
,,2018 - 2019,
,,2019 - 2020,
,,2020 - 2021,
,,2021 - 2022,
,,2022 - 2023,
,Medak,2000 - 2001,
,,2001 - 2002,
,,2002 - 2003,
,,2003 - 2004,
,,2004 - 2005,
,,2005 - 2006,
,,2006 - 2007,
,,2007 - 2008,
,,2008 - 2009,
,,2009 - 2010,
,,2010 - 2011,
,,2011 - 2012,
,,2012 - 2013,
,,2013 - 2014,
,,2014 - 2015,
,,2015 - 2016,
,,2016 - 2017,
,,2017 - 2018,
,,2018 - 2019,
,,2019 - 2020,
,,2020 - 2021,
,,2021 - 2022,
,,2022 - 2023,
,Medchal,2016 - 2017,
,,2017 - 2018,
,,2018 - 2019,
,,2019 - 2020,
,,2020 - 2021,
,,2021 - 2022,
,,2022 - 2023,
,Mulugu,2018 - 2019,
,,2019 - 2020,
,,2020 - 2021,
,,2021 - 2022,
,,2022 - 2023,
,Nagarkurnool,2016 - 2017,
,,2017 - 2018,
,,2018 - 2019,
,,2019 - 2020,
,,2020 - 2021,
,,2021 - 2022,
,,2022 - 2023,
,Nalgonda,2000 - 2001,
,,2001 - 2002,
,,2002 - 2003,
,,2003 - 2004,
,,2004 - 2005,
,,2005 - 2006,
,,2006 - 2007,
,,2007 - 2008,
,,2008 - 2009,
,,2009 - 2010,
,,2010 - 2011,
,,2011 - 2012,
,,2012 - 2013,
,,2013 - 2014,
,,2014 - 2015,
,,2015 - 2016,
,,2016 - 2017,
,,2017 - 2018,
,,2018 - 2019,
,,2019 - 2020,
,,2020 - 2021,
,,2021 - 2022,
,,2022 - 2023,
,Narayanapet,2018 - 2019,
,,2019 - 2020,
,,2020 - 2021,
,,2021 - 2022,
,,2022 - 2023,
,Nirmal,2016 - 2017,
,,2017 - 2018,
,,2018 - 2019,
,,2019 - 2020,
,,2020 - 2021,
,,2021 - 2022,
,,2022 - 2023,
,Nizamabad,2000 - 2001,
,,2001 - 2002,
,,2002 - 2003,
,,2003 - 2004,
,,2004 - 2005,
,,2005 - 2006,
,,2006 - 2007,
,,2007 - 2008,
,,2008 - 2009,
,,2009 - 2010,
,,2010 - 2011,
,,2011 - 2012,
,,2012 - 2013,
,,2013 - 2014,
,,2014 - 2015,
,,2015 - 2016,
,,2016 - 2017,
,,2017 - 2018,
,,2018 - 2019,
,,2019 - 2020,
,,2020 - 2021,
,,2021 - 2022,
,,2022 - 2023,
,Peddapalli,2016 - 2017,
,,2017 - 2018,
,,2018 - 2019,
,,2019 - 2020,
,,2020 - 2021,
,,2021 - 2022,
,,2022 - 2023,
,Rajanna,2016 - 2017,
,,2017 - 2018,
,,2018 - 2019,
,,2019 - 2020,
,,2020 - 2021,
,,2021 - 2022,
,,2022 - 2023,
,Rangareddi,2000 - 2001,
,,2001 - 2002,
,,2002 - 2003,
,,2003 - 2004,
,,2004 - 2005,
,,2005 - 2006,
,,2006 - 2007,
,,2007 - 2008,
,,2008 - 2009,
,,2009 - 2010,
,,2010 - 2011,
,,2011 - 2012,
,,2012 - 2013,
,,2013 - 2014,
,,2014 - 2015,
,,2015 - 2016,
,,2016 - 2017,
,,2017 - 2018,
,,2018 - 2019,
,,2019 - 2020,
,,2020 - 2021,
,,2021 - 2022,
,,2022 - 2023,
,Sangareddy,2016 - 2017,
,,2017 - 2018,
,,2018 - 2019,
,,2019 - 2020,
,,2020 - 2021,
,,2021 - 2022,
,,2022 - 2023,
,Siddipet,2016 - 2017,
,,2017 - 2018,
,,2018 - 2019,
,,2019 - 2020,
,,2020 - 2021,
,,2021 - 2022,
,,2022 - 2023,
,Suryapet,2016 - 2017,
,,2017 - 2018,
,,2018 - 2019,
,,2019 - 2020,
,,2020 - 2021,
,,2021 - 2022,
,,2022 - 2023,
,Vikarabad,2016 - 2017,
,,2017 - 2018,
,,2018 - 2019,
,,2019 - 2020,
,,2020 - 2021,
,,2021 - 2022,
,,2022 - 2023,
,Wanaparthy,2016 - 2017,
,,2017 - 2018,
,,2018 - 2019,
,,2019 - 2020,
,,2020 - 2021,
,,2021 - 2022,
,,2022 - 2023,
,Warangal,2000 - 2001,
,,2001 - 2002,
,,2002 - 2003,
,,2003 - 2004,
,,2004 - 2005,
,,2005 - 2006,
,,2006 - 2007,
,,2007 - 2008,
,,2008 - 2009,
,,2009 - 2010,
,,2010 - 2011,
,,2011 - 2012,
,,2012 - 2013,
,,2013 - 2014,
,,2014 - 2015,
,,2015 - 2016,
,,2016 - 2017,
,,2017 - 2018,
,,2018 - 2019,
,,2019 - 2020,
,,2020 - 2021,
,,2021 - 2022,
,,2022 - 2023,
,Warangal urban,2016 - 2017,
,,2017 - 2018,
,,2018 - 2019,
,,2019 - 2020,
,,2020 - 2021,
,,2021 - 2022,
,,2022 - 2023,
,Yadadri,2016 - 2017,
,,2017 - 2018,
,,2018 - 2019,
,,2019 - 2020,
,,2020 - 2021,
,,2021 - 2022,
,,2022 - 2023,
Tripura,Dhalai,2000 - 2001,
,,2001 - 2002,
,,2002 - 2003,
,,2003 - 2004,
,,2004 - 2005,
,,2005 - 2006,
,,2006 - 2007,
,,2007 - 2008,
,,2008 - 2009,
,,2009 - 2010,
,,2010 - 2011,
,,2011 - 2012,
,,2012 - 2013,
,,2013 - 2014,
,,2014 - 2015,
,,2015 - 2016,
,,2016 - 2017,
,,2017 - 2018,
,,2018 - 2019,
,,2019 - 2020,
,,2020 - 2021,
,,2021 - 2022,
,,2022 - 2023,
,Gomati,2012 - 2013,
,,2013 - 2014,
,,2014 - 2015,
,,2015 - 2016,
,,2016 - 2017,
,,2017 - 2018,
,,2018 - 2019,
,,2019 - 2020,
,,2020 - 2021,
,,2021 - 2022,
,,2022 - 2023,
,Khowai,2012 - 2013,
,,2013 - 2014,
,,2014 - 2015,
,,2015 - 2016,
,,2016 - 2017,
,,2017 - 2018,
,,2018 - 2019,
,,2019 - 2020,
,,2020 - 2021,
,,2021 - 2022,
,,2022 - 2023,
,North tripura,2000 - 2001,
,,2001 - 2002,
,,2002 - 2003,
,,2003 - 2004,
,,2004 - 2005,
,,2005 - 2006,
,,2006 - 2007,
,,2007 - 2008,
,,2008 - 2009,
,,2009 - 2010,
,,2010 - 2011,
,,2011 - 2012,
,,2012 - 2013,
,,2013 - 2014,
,,2014 - 2015,
,,2015 - 2016,
,,2016 - 2017,
,,2017 - 2018,
,,2018 - 2019,
,,2019 - 2020,
,,2020 - 2021,
,,2021 - 2022,
,,2022 - 2023,
,Sepahijala,2012 - 2013,
,,2013 - 2014,
,,2014 - 2015,
,,2015 - 2016,
,,2016 - 2017,
,,2017 - 2018,
,,2018 - 2019,
,,2019 - 2020,
,,2020 - 2021,
,,2021 - 2022,
,,2022 - 2023,
,South tripura,2000 - 2001,
,,2001 - 2002,
,,2002 - 2003,
,,2003 - 2004,
,,2004 - 2005,
,,2005 - 2006,
,,2006 - 2007,
,,2007 - 2008,
,,2008 - 2009,
,,2009 - 2010,
,,2010 - 2011,
,,2011 - 2012,
,,2012 - 2013,
,,2013 - 2014,
,,2014 - 2015,
,,2015 - 2016,
,,2016 - 2017,
,,2017 - 2018,
,,2018 - 2019,
,,2019 - 2020,
,,2020 - 2021,
,,2021 - 2022,
,,2022 - 2023,
,Unakoti,2012 - 2013,
,,2013 - 2014,
,,2014 - 2015,
,,2015 - 2016,
,,2016 - 2017,
,,2017 - 2018,
,,2018 - 2019,
,,2019 - 2020,
,,2020 - 2021,
,,2021 - 2022,
,,2022 - 2023,
,West tripura,2000 - 2001,
,,2001 - 2002,
,,2002 - 2003,
,,2003 - 2004,
,,2004 - 2005,
,,2005 - 2006,
,,2006 - 2007,
,,2007 - 2008,
,,2008 - 2009,
,,2009 - 2010,
,,2010 - 2011,
,,2011 - 2012,
,,2012 - 2013,
,,2013 - 2014,
,,2014 - 2015,
,,2015 - 2016,
,,2016 - 2017,
,,2017 - 2018,
,,2018 - 2019,
,,2019 - 2020,
,,2020 - 2021,
,,2021 - 2022,
,,2022 - 2023,
Uttar Pradesh,Agra,2000 - 2001,
,,2001 - 2002,
,,2002 - 2003,
,,2003 - 2004,1.37
,,2004 - 2005,
,,2005 - 2006,
,,2006 - 2007,1.2
,,2007 - 2008,1.45
,,2008 - 2009,1.49
,,2009 - 2010,1.46
,,2010 - 2011,1.47
,,2011 - 2012,1.65
,,2012 - 2013,1.84
,,2013 - 2014,1.83
,,2014 - 2015,1.78
,,2015 - 2016,1.85
,,2016 - 2017,1.88
,,2017 - 2018,2.19
,,2018 - 2019,2.07
,,2019 - 2020,2.47
,,2020 - 2021,2.89
,,2021 - 2022,2.73
,,2022 - 2023,2.88
,Aligarh,2000 - 2001,
,,2001 - 2002,
,,2002 - 2003,
,,2003 - 2004,1.36
,,2004 - 2005,
,,2005 - 2006,
,,2006 - 2007,1.33
,,2007 - 2008,1.44
,,2008 - 2009,1.5
,,2009 - 2010,1.45
,,2010 - 2011,1.47
,,2011 - 2012,1.65
,,2012 - 2013,1.85
,,2013 - 2014,1.84
,,2014 - 2015,1.78
,,2015 - 2016,1.85
,,2016 - 2017,1.88
,,2017 - 2018,2.19
,,2018 - 2019,2.07
,,2019 - 2020,2.47
,,2020 - 2021,3.48
,,2021 - 2022,3.32
,,2022 - 2023,3.15
,Allahabad,2000 - 2001,
,,2001 - 2002,
,,2002 - 2003,
,,2003 - 2004,1.33
,,2004 - 2005,
,,2005 - 2006,
,,2006 - 2007,1.5
,,2007 - 2008,1.5
,,2008 - 2009,2.0
,,2009 - 2010,1.43
,,2010 - 2011,
,,2011 - 2012,
,,2012 - 2013,
,,2013 - 2014,
,,2014 - 2015,
,,2015 - 2016,
,,2016 - 2017,
,,2017 - 2018,
,,2018 - 2019,
,,2019 - 2020,
,,2020 - 2021,
,,2021 - 2022,2.5
,,2022 - 2023,
,Ambedkar nagar,2000 - 2001,
,,2001 - 2002,
,,2002 - 2003,
,,2003 - 2004,1.37
,,2004 - 2005,
,,2005 - 2006,
,,2006 - 2007,1.33
,,2007 - 2008,1.44
,,2008 - 2009,1.5
,,2009 - 2010,1.45
,,2010 - 2011,1.47
,,2011 - 2012,1.65
,,2012 - 2013,1.85
,,2013 - 2014,1.84
,,2014 - 2015,1.78
,,2015 - 2016,1.85
,,2016 - 2017,1.88
,,2017 - 2018,2.19
,,2018 - 2019,2.07
,,2019 - 2020,2.47
,,2020 - 2021,2.89
,,2021 - 2022,2.73
,,2022 - 2023,2.88
,Amethi,2010 - 2011,
,,2011 - 2012,1.65
,,2012 - 2013,1.86
,,2013 - 2014,1.84
,,2014 - 2015,1.78
,,2015 - 2016,1.85
,,2016 - 2017,1.88
,,2017 - 2018,2.2
,,2018 - 2019,2.07
,,2019 - 2020,2.46
,,2020 - 2021,2.89
,,2021 - 2022,2.73
,,2022 - 2023,2.88
,Amroha,2000 - 2001,
,,2001 - 2002,
,,2002 - 2003,
,,2003 - 2004,1.37
,,2004 - 2005,
,,2005 - 2006,
,,2006 - 2007,1.33
,,2007 - 2008,1.44
,,2008 - 2009,1.5
,,2009 - 2010,1.46
,,2010 - 2011,1.47
,,2011 - 2012,1.65
,,2012 - 2013,1.85
,,2013 - 2014,1.84
,,2014 - 2015,1.78
,,2015 - 2016,1.85
,,2016 - 2017,1.88
,,2017 - 2018,2.19
,,2018 - 2019,2.07
,,2019 - 2020,2.47
,,2020 - 2021,2.89
,,2021 - 2022,2.73
,,2022 - 2023,2.88
,Auraiya,2000 - 2001,
,,2001 - 2002,
,,2002 - 2003,
,,2003 - 2004,1.37
,,2004 - 2005,
,,2005 - 2006,
,,2006 - 2007,1.33
,,2007 - 2008,1.44
,,2008 - 2009,1.5
,,2009 - 2010,1.46
,,2010 - 2011,1.47
,,2011 - 2012,1.65
,,2012 - 2013,1.85
,,2013 - 2014,1.84
,,2014 - 2015,1.78
,,2015 - 2016,1.85
,,2016 - 2017,1.88
,,2017 - 2018,2.19
,,2018 - 2019,2.07
,,2019 - 2020,2.47
,,2020 - 2021,2.98
,,2021 - 2022,2.73
,,2022 - 2023,3.53
,Azamgarh,2000 - 2001,
,,2001 - 2002,
,,2002 - 2003,
,,2003 - 2004,1.37
,,2004 - 2005,
,,2005 - 2006,
,,2006 - 2007,1.33
,,2007 - 2008,1.44
,,2008 - 2009,1.5
,,2009 - 2010,1.45
,,2010 - 2011,1.47
,,2011 - 2012,1.65
,,2012 - 2013,1.85
,,2013 - 2014,1.84
,,2014 - 2015,1.78
,,2015 - 2016,1.85
,,2016 - 2017,1.88
,,2017 - 2018,2.19
,,2018 - 2019,2.07
,,2019 - 2020,2.47
,,2020 - 2021,2.89
,,2021 - 2022,2.73
,,2022 - 2023,2.88
,Baghpat,2000 - 2001,
,,2001 - 2002,
,,2002 - 2003,
,,2003 - 2004,
,,2004 - 2005,
,,2005 - 2006,
,,2006 - 2007,
,,2007 - 2008,
,,2008 - 2009,1.5
,,2009 - 2010,
,,2011 - 2012,
,,2013 - 2014,
,,2014 - 2015,2.0
,,2015 - 2016,
,,2016 - 2017,
,,2017 - 2018,
,,2018 - 2019,
,,2019 - 2020,
,,2020 - 2021,
,,2021 - 2022,
,,2022 - 2023,0.5
,Bahraich,2000 - 2001,
,,2001 - 2002,
,,2002 - 2003,
,,2003 - 2004,1.37
,,2004 - 2005,
,,2005 - 2006,
,,2006 - 2007,1.33
,,2007 - 2008,1.44
,,2008 - 2009,1.5
,,2009 - 2010,1.46
,,2010 - 2011,1.47
,,2011 - 2012,1.65
,,2012 - 2013,1.85
,,2013 - 2014,1.84
,,2014 - 2015,1.78
,,2015 - 2016,1.85
,,2016 - 2017,1.88
,,2017 - 2018,2.19
,,2018 - 2019,2.07
,,2019 - 2020,2.47
,,2020 - 2021,1.46
,,2021 - 2022,1.59
,,2022 - 2023,1.51
,Ballia,2000 - 2001,
,,2001 - 2002,
,,2002 - 2003,
,,2003 - 2004,1.37
,,2004 - 2005,
,,2005 - 2006,
,,2006 - 2007,1.33
,,2007 - 2008,1.44
,,2008 - 2009,1.5
,,2009 - 2010,1.45
,,2010 - 2011,1.47
,,2011 - 2012,1.65
,,2012 - 2013,1.85
,,2013 - 2014,1.84
,,2014 - 2015,1.78
,,2015 - 2016,1.85
,,2016 - 2017,1.88
,,2017 - 2018,2.19
,,2018 - 2019,2.07
,,2019 - 2020,
,,2020 - 2021,2.89
,,2021 - 2022,2.73
,,2022 - 2023,2.88
,Balrampur,2000 - 2001,
,,2001 - 2002,
,,2002 - 2003,
,,2003 - 2004,1.36
,,2004 - 2005,
,,2005 - 2006,
,,2006 - 2007,1.32
,,2007 - 2008,1.43
,,2008 - 2009,1.5
,,2009 - 2010,1.45
,,2010 - 2011,1.47
,,2011 - 2012,1.65
,,2012 - 2013,1.85
,,2013 - 2014,1.83
,,2014 - 2015,1.78
,,2015 - 2016,1.85
,,2016 - 2017,1.88
,,2017 - 2018,2.19
,,2018 - 2019,2.07
,,2019 - 2020,2.47
,,2020 - 2021,1.89
,,2021 - 2022,1.97
,,2022 - 2023,1.69
,Banda,2000 - 2001,
,,2001 - 2002,
,,2002 - 2003,
,,2003 - 2004,
,,2004 - 2005,
,,2005 - 2006,
,,2006 - 2007,
,,2007 - 2008,
,,2008 - 2009,
,,2009 - 2010,
,,2010 - 2011,
,,2011 - 2012,
,,2012 - 2013,
,,2013 - 2014,
,,2014 - 2015,
,,2015 - 2016,
,,2017 - 2018,
,,2018 - 2019,
,,2019 - 2020,
,,2020 - 2021,
,,2022 - 2023,
,Barabanki,2000 - 2001,
,,2001 - 2002,
,,2002 - 2003,
,,2003 - 2004,1.37
,,2004 - 2005,
,,2005 - 2006,
,,2006 - 2007,1.33
,,2007 - 2008,1.44
,,2008 - 2009,1.5
,,2009 - 2010,1.46
,,2010 - 2011,1.47
,,2011 - 2012,1.65
,,2012 - 2013,1.85
,,2013 - 2014,1.84
,,2014 - 2015,1.78
,,2015 - 2016,1.85
,,2016 - 2017,1.88
,,2017 - 2018,2.19
,,2018 - 2019,2.07
,,2019 - 2020,2.47
,,2020 - 2021,2.89
,,2021 - 2022,2.73
,,2022 - 2023,2.88
,Bareilly,2000 - 2001,
,,2001 - 2002,
,,2002 - 2003,
,,2003 - 2004,1.37
,,2004 - 2005,
,,2005 - 2006,
,,2006 - 2007,1.33
,,2007 - 2008,1.44
,,2008 - 2009,1.5
,,2009 - 2010,1.45
,,2010 - 2011,1.47
,,2011 - 2012,1.65
,,2012 - 2013,1.84
,,2013 - 2014,1.84
,,2014 - 2015,1.78
,,2015 - 2016,1.85
,,2016 - 2017,1.88
,,2017 - 2018,2.19
,,2018 - 2019,2.08
,,2019 - 2020,2.46
,,2020 - 2021,2.89
,,2021 - 2022,2.73
,,2022 - 2023,2.7
,Basti,2000 - 2001,
,,2001 - 2002,
,,2002 - 2003,
,,2003 - 2004,1.37
,,2004 - 2005,
,,2005 - 2006,
,,2006 - 2007,1.32
,,2007 - 2008,1.44
,,2008 - 2009,1.5
,,2009 - 2010,1.46
,,2010 - 2011,1.46
,,2011 - 2012,1.65
,,2012 - 2013,1.85
,,2013 - 2014,1.83
,,2014 - 2015,1.78
,,2015 - 2016,1.85
,,2016 - 2017,1.88
,,2017 - 2018,2.19
,,2018 - 2019,2.07
,,2019 - 2020,2.47
,,2020 - 2021,2.89
,,2021 - 2022,2.73
,,2022 - 2023,2.88
,Bijnor,2000 - 2001,
,,2001 - 2002,
,,2002 - 2003,
,,2003 - 2004,1.4
,,2004 - 2005,
,,2005 - 2006,
,,2006 - 2007,1.38
,,2007 - 2008,1.43
,,2008 - 2009,1.47
,,2009 - 2010,1.43
,,2010 - 2011,1.5
,,2011 - 2012,1.63
,,2012 - 2013,1.85
,,2013 - 2014,
,,2014 - 2015,
,,2015 - 2016,
,,2016 - 2017,
,,2017 - 2018,
,,2018 - 2019,
,,2019 - 2020,
,,2020 - 2021,2.92
,,2022 - 2023,2.85
,Budaun,2000 - 2001,
,,2001 - 2002,
,,2002 - 2003,
,,2003 - 2004,1.36
,,2004 - 2005,
,,2005 - 2006,
,,2006 - 2007,1.33
,,2007 - 2008,1.44
,,2008 - 2009,1.49
,,2009 - 2010,1.46
,,2010 - 2011,1.47
,,2011 - 2012,1.65
,,2012 - 2013,1.85
,,2013 - 2014,1.84
,,2014 - 2015,1.78
,,2015 - 2016,1.85
,,2016 - 2017,1.88
,,2017 - 2018,2.19
,,2018 - 2019,2.07
,,2019 - 2020,2.47
,,2020 - 2021,2.89
,,2021 - 2022,2.73
,,2022 - 2023,2.7
,Bulandshahr,2000 - 2001,
,,2001 - 2002,
,,2002 - 2003,
,,2003 - 2004,1.37
,,2004 - 2005,
,,2005 - 2006,
,,2006 - 2007,1.33
,,2007 - 2008,1.44
,,2008 - 2009,1.5
,,2009 - 2010,1.46
,,2010 - 2011,1.47
,,2011 - 2012,1.65
,,2012 - 2013,1.85
,,2013 - 2014,1.84
,,2014 - 2015,1.78
,,2015 - 2016,1.85
,,2016 - 2017,1.88
,,2017 - 2018,2.19
,,2018 - 2019,2.07
,,2019 - 2020,2.47
,,2020 - 2021,2.89
,,2021 - 2022,2.73
,,2022 - 2023,0.58
,Chandauli,2000 - 2001,
,,2001 - 2002,
,,2002 - 2003,
,,2003 - 2004,
,,2004 - 2005,
,,2005 - 2006,
,,2006 - 2007,
,,2007 - 2008,
,,2008 - 2009,
,,2009 - 2010,
,,2010 - 2011,
,,2011 - 2012,
,,2012 - 2013,
,,2013 - 2014,
,,2014 - 2015,
,,2015 - 2016,
,,2016 - 2017,
,,2017 - 2018,
,,2018 - 2019,
,,2019 - 2020,
,,2020 - 2021,
,,2021 - 2022,2.5
,,2022 - 2023,
,Chitrakoot,2000 - 2001,
,,2001 - 2002,
,,2002 - 2003,
,,2003 - 2004,
,,2004 - 2005,
,,2005 - 2006,
,,2006 - 2007,
,,2007 - 2008,
,,2008 - 2009,
,,2009 - 2010,
,,2010 - 2011,
,,2011 - 2012,
,,2012 - 2013,
,,2013 - 2014,
,,2014 - 2015,
,,2015 - 2016,
,,2016 - 2017,
,,2017 - 2018,2.25
,,2018 - 2019,2.0
,,2019 - 2020,
,,2020 - 2021,3.0
,,2021 - 2022,2.75
,,2022 - 2023,
,Deoria,2000 - 2001,
,,2001 - 2002,
,,2002 - 2003,
,,2003 - 2004,1.37
,,2004 - 2005,
,,2005 - 2006,
,,2006 - 2007,1.33
,,2007 - 2008,1.44
,,2008 - 2009,1.5
,,2009 - 2010,1.45
,,2010 - 2011,1.47
,,2011 - 2012,1.65
,,2012 - 2013,1.85
,,2013 - 2014,1.84
,,2014 - 2015,1.78
,,2015 - 2016,1.85
,,2016 - 2017,1.88
,,2017 - 2018,2.19
,,2018 - 2019,2.07
,,2019 - 2020,2.47
,,2020 - 2021,2.89
,,2021 - 2022,2.73
,,2022 - 2023,2.88
,Etah,2000 - 2001,
,,2001 - 2002,
,,2002 - 2003,
,,2003 - 2004,1.37
,,2004 - 2005,
,,2005 - 2006,
,,2006 - 2007,1.33
,,2007 - 2008,1.44
,,2008 - 2009,1.5
,,2009 - 2010,1.46
,,2010 - 2011,1.47
,,2011 - 2012,1.65
,,2012 - 2013,1.85
,,2013 - 2014,1.84
,,2014 - 2015,1.78
,,2015 - 2016,1.85
,,2016 - 2017,1.88
,,2017 - 2018,2.19
,,2018 - 2019,2.07
,,2019 - 2020,2.47
,,2020 - 2021,3.93
,,2021 - 2022,3.32
,,2022 - 2023,3.51
,Etawah,2000 - 2001,
,,2001 - 2002,
,,2002 - 2003,
,,2003 - 2004,1.37
,,2004 - 2005,
,,2005 - 2006,
,,2006 - 2007,1.33
,,2007 - 2008,1.44
,,2008 - 2009,1.49
,,2009 - 2010,1.46
,,2010 - 2011,1.47
,,2011 - 2012,1.65
,,2012 - 2013,1.85
,,2013 - 2014,1.84
,,2014 - 2015,1.78
,,2015 - 2016,1.85
,,2016 - 2017,1.88
,,2017 - 2018,2.19
,,2018 - 2019,2.07
,,2019 - 2020,2.47
,,2020 - 2021,2.98
,,2021 - 2022,2.73
,,2022 - 2023,3.53
,Faizabad,2000 - 2001,
,,2001 - 2002,
,,2002 - 2003,
,,2003 - 2004,1.37
,,2004 - 2005,
,,2005 - 2006,
,,2006 - 2007,1.33
,,2007 - 2008,1.44
,,2008 - 2009,1.5
,,2009 - 2010,1.46
,,2010 - 2011,1.47
,,2011 - 2012,1.65
,,2012 - 2013,1.85
,,2013 - 2014,1.84
,,2014 - 2015,1.78
,,2015 - 2016,1.85
,,2016 - 2017,1.88
,,2017 - 2018,2.19
,,2018 - 2019,2.07
,,2019 - 2020,2.47
,,2020 - 2021,2.89
,,2021 - 2022,2.73
,,2022 - 2023,2.88
,Farrukhabad,2000 - 2001,
,,2001 - 2002,
,,2002 - 2003,
,,2003 - 2004,1.36
,,2004 - 2005,
,,2005 - 2006,
,,2006 - 2007,1.32
,,2007 - 2008,1.43
,,2008 - 2009,1.49
,,2009 - 2010,1.45
,,2010 - 2011,1.46
,,2011 - 2012,1.65
,,2012 - 2013,1.85
,,2013 - 2014,1.84
,,2014 - 2015,1.78
,,2015 - 2016,1.85
,,2016 - 2017,1.88
,,2017 - 2018,2.19
,,2018 - 2019,2.07
,,2019 - 2020,2.47
,,2020 - 2021,2.98
,,2021 - 2022,2.73
,,2022 - 2023,3.53
,Fatehpur,2000 - 2001,
,,2001 - 2002,
,,2002 - 2003,
,,2003 - 2004,1.4
,,2004 - 2005,
,,2005 - 2006,
,,2006 - 2007,1.33
,,2007 - 2008,1.4
,,2008 - 2009,1.5
,,2009 - 2010,1.5
,,2010 - 2011,
,,2011 - 2012,1.67
,,2012 - 2013,1.84
,,2013 - 2014,1.8
,,2014 - 2015,1.8
,,2015 - 2016,1.9
,,2016 - 2017,1.86
,,2017 - 2018,2.14
,,2018 - 2019,2.0
,,2019 - 2020,2.43
,,2020 - 2021,2.89
,,2021 - 2022,2.75
,,2022 - 2023,2.92
,Firozabad,2000 - 2001,
,,2001 - 2002,
,,2002 - 2003,
,,2003 - 2004,1.37
,,2004 - 2005,
,,2005 - 2006,
,,2006 - 2007,1.33
,,2007 - 2008,1.44
,,2008 - 2009,1.5
,,2009 - 2010,1.46
,,2010 - 2011,1.46
,,2011 - 2012,1.65
,,2012 - 2013,1.85
,,2013 - 2014,1.84
,,2014 - 2015,1.78
,,2015 - 2016,1.85
,,2016 - 2017,1.88
,,2017 - 2018,2.19
,,2018 - 2019,2.07
,,2019 - 2020,2.47
,,2020 - 2021,2.89
,,2021 - 2022,2.73
,,2022 - 2023,2.88
,Gautam buddha nagar,2000 - 2001,
,,2001 - 2002,
,,2002 - 2003,
,,2003 - 2004,
,,2004 - 2005,
,,2005 - 2006,
,,2006 - 2007,
,,2007 - 2008,
,,2008 - 2009,
,,2009 - 2010,
,,2010 - 2011,
,,2011 - 2012,
,,2012 - 2013,
,,2013 - 2014,
,,2014 - 2015,
,,2015 - 2016,
,,2016 - 2017,
,,2017 - 2018,
,,2018 - 2019,
,,2019 - 2020,
,,2020 - 2021,
,,2021 - 2022,
,,2022 - 2023,
,Ghaziabad,2000 - 2001,
,,2001 - 2002,
,,2002 - 2003,
,,2003 - 2004,1.37
,,2004 - 2005,
,,2005 - 2006,
,,2006 - 2007,1.33
,,2007 - 2008,1.43
,,2008 - 2009,1.52
,,2009 - 2010,1.45
,,2010 - 2011,1.46
,,2011 - 2012,1.66
,,2012 - 2013,
,,2013 - 2014,
,,2014 - 2015,1.77
,,2015 - 2016,1.85
,,2016 - 2017,
,,2017 - 2018,
,,2018 - 2019,2.0
,,2019 - 2020,
,,2020 - 2021,3.0
,,2021 - 2022,2.5
,,2022 - 2023,
,Ghazipur,2000 - 2001,
,,2001 - 2002,
,,2002 - 2003,
,,2003 - 2004,1.36
,,2004 - 2005,
,,2005 - 2006,
,,2006 - 2007,1.32
,,2007 - 2008,1.43
,,2008 - 2009,1.5
,,2009 - 2010,1.46
,,2010 - 2011,1.47
,,2011 - 2012,1.66
,,2012 - 2013,1.85
,,2013 - 2014,1.84
,,2014 - 2015,1.78
,,2015 - 2016,1.85
,,2016 - 2017,1.88
,,2017 - 2018,2.19
,,2018 - 2019,2.09
,,2019 - 2020,2.47
,,2020 - 2021,2.89
,,2021 - 2022,2.72
,,2022 - 2023,2.88
,Gonda,2000 - 2001,
,,2001 - 2002,
,,2002 - 2003,
,,2003 - 2004,1.37
,,2004 - 2005,
,,2005 - 2006,
,,2006 - 2007,1.33
,,2007 - 2008,1.44
,,2008 - 2009,1.5
,,2009 - 2010,1.45
,,2010 - 2011,1.47
,,2011 - 2012,1.65
,,2012 - 2013,1.85
,,2013 - 2014,1.84
,,2014 - 2015,1.78
,,2015 - 2016,1.85
,,2016 - 2017,1.88
,,2017 - 2018,2.19
,,2018 - 2019,2.07
,,2019 - 2020,2.47
,,2020 - 2021,2.23
,,2021 - 2022,2.27
,,2022 - 2023,1.83
,Gorakhpur,2000 - 2001,
,,2001 - 2002,
,,2002 - 2003,
,,2003 - 2004,1.37
,,2004 - 2005,
,,2005 - 2006,
,,2006 - 2007,1.32
,,2007 - 2008,1.44
,,2008 - 2009,1.5
,,2009 - 2010,1.46
,,2010 - 2011,1.46
,,2011 - 2012,1.65
,,2012 - 2013,1.85
,,2013 - 2014,1.84
,,2014 - 2015,1.78
,,2015 - 2016,1.85
,,2016 - 2017,1.88
,,2017 - 2018,2.19
,,2018 - 2019,2.07
,,2019 - 2020,2.47
,,2020 - 2021,2.89
,,2021 - 2022,2.73
,,2022 - 2023,2.88
,Hamirpur,2000 - 2001,
,,2001 - 2002,
,,2003 - 2004,
,,2004 - 2005,
,,2007 - 2008,
,,2010 - 2011,
,,2011 - 2012,1.5
,,2013 - 2014,
,,2015 - 2016,
,,2016 - 2017,
,,2017 - 2018,
,,2018 - 2019,
,,2019 - 2020,
,,2020 - 2021,
,Hapur,2012 - 2013,1.85
,,2013 - 2014,1.84
,,2014 - 2015,1.78
,,2015 - 2016,1.85
,,2016 - 2017,1.87
,,2017 - 2018,2.19
,,2018 - 2019,2.07
,,2019 - 2020,2.47
,,2020 - 2021,2.89
,,2021 - 2022,2.73
,,2022 - 2023,0.59
,Hardoi,2000 - 2001,
,,2001 - 2002,
,,2002 - 2003,
,,2003 - 2004,1.37
,,2004 - 2005,
,,2005 - 2006,
,,2006 - 2007,1.33
,,2007 - 2008,1.44
,,2008 - 2009,1.5
,,2009 - 2010,1.46
,,2010 - 2011,1.47
,,2011 - 2012,1.65
,,2012 - 2013,1.85
,,2013 - 2014,1.84
,,2014 - 2015,1.78
,,2015 - 2016,1.85
,,2016 - 2017,1.88
,,2017 - 2018,2.19
,,2018 - 2019,2.07
,,2019 - 2020,2.47
,,2020 - 2021,2.89
,,2021 - 2022,2.73
,,2022 - 2023,2.88
,Hathras,2000 - 2001,
,,2001 - 2002,
,,2002 - 2003,
,,2003 - 2004,1.37
,,2004 - 2005,
,,2005 - 2006,
,,2006 - 2007,1.33
,,2007 - 2008,1.45
,,2008 - 2009,1.5
,,2009 - 2010,1.45
,,2010 - 2011,1.46
,,2011 - 2012,1.65
,,2012 - 2013,1.85
,,2013 - 2014,1.84
,,2014 - 2015,1.78
,,2015 - 2016,1.85
,,2016 - 2017,1.88
,,2017 - 2018,2.19
,,2018 - 2019,2.07
,,2019 - 2020,2.47
,,2020 - 2021,3.48
,,2021 - 2022,3.32
,,2022 - 2023,3.15
,Jalaun,2000 - 2001,
,,2001 - 2002,
,,2002 - 2003,
,,2003 - 2004,
,,2004 - 2005,
,,2006 - 2007,
,,2007 - 2008,
,,2008 - 2009,
,,2009 - 2010,
,,2010 - 2011,
,,2011 - 2012,2.0
,,2012 - 2013,
,,2013 - 2014,
,,2014 - 2015,
,,2015 - 2016,
,,2017 - 2018,
,,2018 - 2019,
,,2019 - 2020,
,,2020 - 2021,
,,2021 - 2022,
,,2022 - 2023,3.0
,Jaunpur,2000 - 2001,
,,2001 - 2002,
,,2002 - 2003,
,,2003 - 2004,1.37
,,2004 - 2005,
,,2005 - 2006,
,,2006 - 2007,1.33
,,2007 - 2008,1.44
,,2008 - 2009,1.5
,,2009 - 2010,1.46
,,2010 - 2011,1.47
,,2011 - 2012,1.65
,,2012 - 2013,1.85
,,2013 - 2014,1.84
,,2014 - 2015,1.78
,,2015 - 2016,1.85
,,2016 - 2017,1.88
,,2017 - 2018,2.19
,,2018 - 2019,2.07
,,2019 - 2020,2.47
,,2020 - 2021,2.89
,,2021 - 2022,2.73
,,2022 - 2023,2.87
,Jhansi,2000 - 2001,
,,2001 - 2002,
,,2002 - 2003,
,,2003 - 2004,1.0
,,2004 - 2005,
,,2005 - 2006,
,,2006 - 2007,
,,2007 - 2008,
,,2008 - 2009,
,,2009 - 2010,
,,2010 - 2011,
,,2011 - 2012,
,,2012 - 2013,
,,2013 - 2014,
,,2014 - 2015,
,,2015 - 2016,
,,2016 - 2017,
,,2017 - 2018,2.0
,,2018 - 2019,
,,2019 - 2020,
,,2020 - 2021,3.0
,,2021 - 2022,
,,2022 - 2023,
,Kannauj,2000 - 2001,
,,2001 - 2002,
,,2002 - 2003,
,,2003 - 2004,1.38
,,2004 - 2005,
,,2005 - 2006,
,,2006 - 2007,1.32
,,2007 - 2008,1.44
,,2008 - 2009,1.5
,,2009 - 2010,1.46
,,2010 - 2011,1.47
,,2011 - 2012,1.65
,,2012 - 2013,1.85
,,2013 - 2014,1.84
,,2014 - 2015,1.78
,,2015 - 2016,1.85
,,2016 - 2017,1.88
,,2017 - 2018,2.19
,,2018 - 2019,2.07
,,2019 - 2020,2.47
,,2020 - 2021,2.98
,,2021 - 2022,2.73
,,2022 - 2023,3.53
,Kanpur dehat,2002 - 2003,
,,2003 - 2004,1.36
,,2004 - 2005,
,,2005 - 2006,
,,2006 - 2007,1.33
,,2007 - 2008,1.44
,,2008 - 2009,1.49
,,2009 - 2010,1.46
,,2010 - 2011,1.47
,,2011 - 2012,1.65
,,2012 - 2013,1.84
,,2013 - 2014,1.84
,,2014 - 2015,1.78
,,2015 - 2016,1.85
,,2016 - 2017,1.88
,,2017 - 2018,2.19
,,2018 - 2019,2.06
,,2019 - 2020,2.47
,,2020 - 2021,2.98
,,2021 - 2022,2.73
,,2022 - 2023,3.53
,Kanpur nagar,2000 - 2001,
,,2001 - 2002,
,,2002 - 2003,
,,2003 - 2004,1.37
,,2004 - 2005,
,,2005 - 2006,
,,2006 - 2007,1.32
,,2007 - 2008,1.43
,,2008 - 2009,1.5
,,2009 - 2010,1.46
,,2010 - 2011,1.47
,,2011 - 2012,1.65
,,2012 - 2013,1.85
,,2013 - 2014,1.84
,,2014 - 2015,1.78
,,2015 - 2016,1.85
,,2016 - 2017,1.88
,,2017 - 2018,2.19
,,2018 - 2019,2.07
,,2019 - 2020,2.47
,,2020 - 2021,2.98
,,2021 - 2022,2.73
,,2022 - 2023,3.53
,Kasganj,2009 - 2010,1.46
,,2010 - 2011,1.47
,,2011 - 2012,1.65
,,2012 - 2013,1.85
,,2013 - 2014,1.84
,,2014 - 2015,1.78
,,2015 - 2016,1.85
,,2016 - 2017,1.88
,,2017 - 2018,2.19
,,2018 - 2019,2.07
,,2019 - 2020,2.47
,,2020 - 2021,3.23
,,2021 - 2022,3.32
,,2022 - 2023,2.94
,Kaushambi,2000 - 2001,
,,2001 - 2002,
,,2002 - 2003,
,,2003 - 2004,1.36
,,2004 - 2005,
,,2006 - 2007,1.32
,,2007 - 2008,1.43
,,2008 - 2009,1.5
,,2009 - 2010,1.46
,,2010 - 2011,1.47
,,2011 - 2012,1.66
,,2012 - 2013,1.85
,,2013 - 2014,1.84
,,2014 - 2015,1.78
,,2015 - 2016,1.85
,,2016 - 2017,1.88
,,2017 - 2018,2.19
,,2018 - 2019,2.07
,,2019 - 2020,2.47
,,2020 - 2021,2.89
,,2021 - 2022,2.73
,,2022 - 2023,2.88
,Kheri,2000 - 2001,
,,2001 - 2002,
,,2002 - 2003,
,,2003 - 2004,1.37
,,2004 - 2005,
,,2005 - 2006,
,,2006 - 2007,1.33
,,2007 - 2008,1.44
,,2008 - 2009,1.5
,,2009 - 2010,1.45
,,2010 - 2011,1.47
,,2011 - 2012,1.65
,,2012 - 2013,1.85
,,2013 - 2014,1.84
,,2014 - 2015,1.78
,,2015 - 2016,1.85
,,2016 - 2017,1.88
,,2017 - 2018,2.19
,,2018 - 2019,2.07
,,2019 - 2020,2.47
,,2020 - 2021,2.89
,,2021 - 2022,2.73
,,2022 - 2023,2.88
,Kushi nagar,2000 - 2001,
,,2001 - 2002,
,,2002 - 2003,
,,2003 - 2004,1.37
,,2004 - 2005,
,,2005 - 2006,
,,2006 - 2007,1.33
,,2007 - 2008,1.44
,,2008 - 2009,1.5
,,2009 - 2010,1.46
,,2010 - 2011,1.47
,,2011 - 2012,1.65
,,2012 - 2013,1.85
,,2013 - 2014,1.84
,,2014 - 2015,1.78
,,2015 - 2016,1.85
,,2016 - 2017,1.88
,,2017 - 2018,2.19
,,2018 - 2019,2.07
,,2019 - 2020,2.47
,,2020 - 2021,2.89
,,2021 - 2022,2.73
,,2022 - 2023,2.88
,Lalitpur,2000 - 2001,
,,2001 - 2002,
,,2002 - 2003,
,,2003 - 2004,
,,2004 - 2005,
,,2005 - 2006,
,,2006 - 2007,
,,2007 - 2008,
,,2008 - 2009,
,,2009 - 2010,
,,2010 - 2011,
,,2011 - 2012,
,,2012 - 2013,
,,2013 - 2014,
,,2014 - 2015,
,,2015 - 2016,
,,2016 - 2017,
,,2017 - 2018,
,,2018 - 2019,
,,2019 - 2020,
,,2020 - 2021,
,,2021 - 2022,
,,2022 - 2023,
,Lucknow,2000 - 2001,
,,2001 - 2002,
,,2002 - 2003,
,,2003 - 2004,1.37
,,2004 - 2005,
,,2005 - 2006,
,,2006 - 2007,1.33
,,2007 - 2008,1.44
,,2008 - 2009,1.49
,,2009 - 2010,1.46
,,2010 - 2011,1.47
,,2011 - 2012,1.65
,,2012 - 2013,1.85
,,2013 - 2014,1.83
,,2014 - 2015,1.78
,,2015 - 2016,1.85
,,2016 - 2017,1.88
,,2017 - 2018,2.19
,,2018 - 2019,2.07
,,2019 - 2020,2.47
,,2020 - 2021,2.89
,,2021 - 2022,2.72
,,2022 - 2023,2.88
,Maharajganj,2000 - 2001,
,,2001 - 2002,
,,2002 - 2003,
,,2003 - 2004,1.37
,,2004 - 2005,
,,2005 - 2006,
,,2006 - 2007,1.33
,,2007 - 2008,1.44
,,2008 - 2009,1.5
,,2009 - 2010,1.45
,,2010 - 2011,1.47
,,2011 - 2012,1.65
,,2012 - 2013,1.85
,,2013 - 2014,1.84
,,2014 - 2015,1.78
,,2015 - 2016,1.85
,,2016 - 2017,1.88
,,2017 - 2018,2.19
,,2018 - 2019,2.07
,,2019 - 2020,2.47
,,2020 - 2021,2.89
,,2021 - 2022,2.73
,,2022 - 2023,2.88
,Mahoba,2000 - 2001,
,,2001 - 2002,
,,2002 - 2003,
,,2003 - 2004,
,,2004 - 2005,
,,2005 - 2006,
,,2006 - 2007,
,,2008 - 2009,
,,2009 - 2010,
,,2010 - 2011,
,,2011 - 2012,
,,2012 - 2013,
,,2013 - 2014,
,,2014 - 2015,
,,2015 - 2016,
,,2016 - 2017,
,,2017 - 2018,
,,2018 - 2019,
,,2019 - 2020,
,,2020 - 2021,
,,2021 - 2022,
,,2022 - 2023,
,Mainpuri,2000 - 2001,
,,2001 - 2002,
,,2002 - 2003,
,,2003 - 2004,1.37
,,2004 - 2005,
,,2005 - 2006,
,,2006 - 2007,1.32
,,2007 - 2008,1.44
,,2008 - 2009,1.5
,,2009 - 2010,1.46
,,2010 - 2011,1.47
,,2011 - 2012,1.65
,,2012 - 2013,1.85
,,2013 - 2014,1.84
,,2014 - 2015,1.78
,,2015 - 2016,1.85
,,2016 - 2017,1.88
,,2017 - 2018,2.19
,,2018 - 2019,2.07
,,2019 - 2020,2.47
,,2020 - 2021,2.89
,,2021 - 2022,2.73
,,2022 - 2023,2.88
,Mathura,2000 - 2001,
,,2001 - 2002,
,,2002 - 2003,
,,2003 - 2004,1.38
,,2004 - 2005,
,,2005 - 2006,
,,2006 - 2007,1.33
,,2007 - 2008,1.42
,,2008 - 2009,1.5
,,2009 - 2010,1.38
,,2010 - 2011,
,,2011 - 2012,1.69
,,2012 - 2013,1.85
,,2013 - 2014,1.84
,,2014 - 2015,1.79
,,2015 - 2016,1.86
,,2016 - 2017,1.87
,,2017 - 2018,2.19
,,2018 - 2019,2.07
,,2019 - 2020,
,,2020 - 2021,2.89
,,2021 - 2022,2.74
,,2022 - 2023,2.88
,Mau,2000 - 2001,
,,2001 - 2002,
,,2002 - 2003,
,,2003 - 2004,1.37
,,2004 - 2005,
,,2005 - 2006,
,,2006 - 2007,1.32
,,2007 - 2008,1.44
,,2008 - 2009,1.5
,,2009 - 2010,1.46
,,2010 - 2011,1.47
,,2011 - 2012,1.65
,,2012 - 2013,1.85
,,2013 - 2014,1.84
,,2014 - 2015,1.78
,,2015 - 2016,1.85
,,2016 - 2017,1.88
,,2017 - 2018,2.19
,,2018 - 2019,2.07
,,2019 - 2020,2.47
,,2020 - 2021,2.89
,,2021 - 2022,2.72
,,2022 - 2023,2.88
,Meerut,2000 - 2001,
,,2001 - 2002,
,,2002 - 2003,
,,2003 - 2004,1.37
,,2004 - 2005,
,,2005 - 2006,
,,2006 - 2007,1.33
,,2007 - 2008,1.43
,,2008 - 2009,1.5
,,2009 - 2010,1.45
,,2010 - 2011,1.47
,,2011 - 2012,1.65
,,2012 - 2013,1.85
,,2013 - 2014,1.84
,,2014 - 2015,1.78
,,2015 - 2016,1.85
,,2016 - 2017,1.88
,,2017 - 2018,2.19
,,2018 - 2019,2.07
,,2019 - 2020,2.47
,,2020 - 2021,2.89
,,2021 - 2022,2.72
,,2022 - 2023,0.59
,Mirzapur,2000 - 2001,
,,2001 - 2002,
,,2002 - 2003,
,,2003 - 2004,1.33
,,2004 - 2005,
,,2005 - 2006,
,,2006 - 2007,
,,2007 - 2008,
,,2008 - 2009,
,,2009 - 2010,1.5
,,2010 - 2011,
,,2011 - 2012,
,,2012 - 2013,1.67
,,2013 - 2014,
,,2014 - 2015,
,,2015 - 2016,1.67
,,2016 - 2017,2.0
,,2017 - 2018,2.0
,,2018 - 2019,2.0
,,2019 - 2020,
,,2020 - 2021,3.0
,,2021 - 2022,2.5
,,2022 - 2023,
,Moradabad,2000 - 2001,
,,2001 - 2002,
,,2002 - 2003,
,,2003 - 2004,1.37
,,2004 - 2005,
,,2005 - 2006,
,,2006 - 2007,1.33
,,2007 - 2008,1.44
,,2008 - 2009,1.5
,,2009 - 2010,1.45
,,2010 - 2011,1.47
,,2011 - 2012,1.65
,,2012 - 2013,1.84
,,2013 - 2014,1.85
,,2014 - 2015,1.78
,,2015 - 2016,1.85
,,2016 - 2017,1.88
,,2017 - 2018,2.18
,,2018 - 2019,2.05
,,2019 - 2020,2.48
,,2020 - 2021,2.89
,,2021 - 2022,2.71
,,2022 - 2023,2.86
,Muzaffarnagar,2000 - 2001,
,,2001 - 2002,
,,2002 - 2003,
,,2003 - 2004,1.36
,,2004 - 2005,
,,2005 - 2006,
,,2006 - 2007,1.32
,,2007 - 2008,1.42
,,2008 - 2009,1.45
,,2009 - 2010,1.47
,,2010 - 2011,1.5
,,2011 - 2012,1.67
,,2012 - 2013,1.8
,,2013 - 2014,2.0
,,2014 - 2015,1.75
,,2015 - 2016,2.0
,,2016 - 2017,2.0
,,2017 - 2018,2.33
,,2018 - 2019,2.0
,,2019 - 2020,2.5
,,2020 - 2021,3.0
,,2021 - 2022,2.67
,,2022 - 2023,3.0
,Pilibhit,2000 - 2001,
,,2001 - 2002,
,,2002 - 2003,
,,2003 - 2004,1.37
,,2004 - 2005,
,,2005 - 2006,
,,2006 - 2007,1.33
,,2007 - 2008,1.43
,,2008 - 2009,1.49
,,2009 - 2010,1.46
,,2010 - 2011,1.45
,,2011 - 2012,1.65
,,2012 - 2013,1.85
,,2013 - 2014,1.84
,,2014 - 2015,1.78
,,2015 - 2016,1.85
,,2016 - 2017,1.88
,,2017 - 2018,2.22
,,2018 - 2019,2.06
,,2019 - 2020,2.47
,,2020 - 2021,2.88
,,2021 - 2022,2.72
,,2022 - 2023,2.7
,Pratapgarh,2000 - 2001,
,,2001 - 2002,
,,2002 - 2003,
,,2003 - 2004,1.37
,,2004 - 2005,
,,2005 - 2006,
,,2006 - 2007,1.33
,,2007 - 2008,1.44
,,2008 - 2009,1.49
,,2009 - 2010,1.45
,,2010 - 2011,1.48
,,2011 - 2012,1.65
,,2012 - 2013,1.84
,,2013 - 2014,1.82
,,2014 - 2015,1.77
,,2015 - 2016,1.85
,,2016 - 2017,1.89
,,2017 - 2018,2.19
,,2018 - 2019,2.07
,,2019 - 2020,2.48
,,2020 - 2021,2.9
,,2021 - 2022,2.73
,,2022 - 2023,2.88
,Rae bareli,2000 - 2001,
,,2001 - 2002,
,,2002 - 2003,
,,2003 - 2004,1.36
,,2004 - 2005,
,,2005 - 2006,
,,2006 - 2007,1.0
,,2007 - 2008,1.0
,,2008 - 2009,1.5
,,2009 - 2010,2.0
,,2010 - 2011,1.0
,,2011 - 2012,2.0
,,2012 - 2013,2.0
,,2013 - 2014,
,,2014 - 2015,
,,2015 - 2016,
,,2016 - 2017,
,,2017 - 2018,
,,2018 - 2019,
,,2019 - 2020,
,,2020 - 2021,
,,2021 - 2022,
,,2022 - 2023,
,Rampur,2000 - 2001,
,,2001 - 2002,
,,2002 - 2003,
,,2003 - 2004,1.38
,,2004 - 2005,
,,2005 - 2006,
,,2006 - 2007,1.32
,,2007 - 2008,1.46
,,2008 - 2009,1.5
,,2009 - 2010,1.46
,,2010 - 2011,1.43
,,2011 - 2012,1.64
,,2012 - 2013,1.85
,,2013 - 2014,1.83
,,2014 - 2015,1.79
,,2015 - 2016,1.89
,,2016 - 2017,1.87
,,2017 - 2018,2.18
,,2018 - 2019,2.08
,,2019 - 2020,2.48
,,2020 - 2021,2.9
,,2021 - 2022,2.75
,,2022 - 2023,2.88
,Saharanpur,2000 - 2001,
,,2001 - 2002,
,,2002 - 2003,
,,2003 - 2004,1.37
,,2004 - 2005,
,,2005 - 2006,
,,2006 - 2007,1.33
,,2007 - 2008,1.44
,,2008 - 2009,1.5
,,2009 - 2010,1.43
,,2010 - 2011,1.42
,,2011 - 2012,1.64
,,2012 - 2013,1.85
,,2013 - 2014,1.83
,,2014 - 2015,
,,2015 - 2016,
,,2016 - 2017,2.0
,,2017 - 2018,2.2
,,2018 - 2019,2.0
,,2019 - 2020,2.5
,,2020 - 2021,2.8
,,2021 - 2022,2.75
,,2022 - 2023,2.88
,Sambhal,2012 - 2013,1.85
,,2013 - 2014,1.84
,,2014 - 2015,1.78
,,2015 - 2016,1.85
,,2016 - 2017,1.88
,,2017 - 2018,2.19
,,2018 - 2019,2.07
,,2019 - 2020,2.47
,,2020 - 2021,2.89
,,2021 - 2022,2.73
,,2022 - 2023,2.88
,Sant kabeer nagar,2000 - 2001,
,,2001 - 2002,
,,2002 - 2003,
,,2003 - 2004,1.37
,,2004 - 2005,
,,2005 - 2006,
,,2006 - 2007,1.36
,,2007 - 2008,1.43
,,2008 - 2009,1.49
,,2009 - 2010,1.46
,,2010 - 2011,1.47
,,2011 - 2012,1.65
,,2012 - 2013,1.84
,,2013 - 2014,1.85
,,2014 - 2015,1.77
,,2015 - 2016,
,,2016 - 2017,1.86
,,2017 - 2018,2.21
,,2018 - 2019,2.07
,,2019 - 2020,2.47
,,2020 - 2021,2.91
,,2021 - 2022,2.74
,,2022 - 2023,2.88
,Sant ravidas nagar,2000 - 2001,
,,2001 - 2002,
,,2002 - 2003,
,,2003 - 2004,
,,2004 - 2005,
,,2005 - 2006,
,,2006 - 2007,
,,2007 - 2008,
,,2008 - 2009,
,,2009 - 2010,
,,2010 - 2011,
,,2011 - 2012,
,,2012 - 2013,
,,2013 - 2014,
,,2014 - 2015,
,,2015 - 2016,
,,2016 - 2017,
,,2017 - 2018,
,,2018 - 2019,
,,2019 - 2020,
,,2020 - 2021,
,,2021 - 2022,
,,2022 - 2023,2.88
,Shahjahanpur,2000 - 2001,
,,2001 - 2002,
,,2002 - 2003,
,,2003 - 2004,1.37
,,2004 - 2005,
,,2005 - 2006,
,,2006 - 2007,1.33
,,2007 - 2008,1.44
,,2008 - 2009,1.5
,,2009 - 2010,1.45
,,2010 - 2011,1.47
,,2011 - 2012,1.66
,,2012 - 2013,1.84
,,2013 - 2014,1.84
,,2014 - 2015,1.78
,,2015 - 2016,1.85
,,2016 - 2017,1.88
,,2017 - 2018,2.19
,,2018 - 2019,2.07
,,2019 - 2020,2.47
,,2020 - 2021,2.89
,,2021 - 2022,2.73
,,2022 - 2023,
,Shamli,2012 - 2013,1.85
,,2013 - 2014,
,,2014 - 2015,
,,2015 - 2016,
,,2016 - 2017,
,,2017 - 2018,
,,2018 - 2019,
,,2019 - 2020,
,,2020 - 2021,
,,2021 - 2022,
,,2022 - 2023,3.0
,Shravasti,2000 - 2001,
,,2001 - 2002,
,,2002 - 2003,
,,2003 - 2004,1.37
,,2004 - 2005,
,,2005 - 2006,
,,2006 - 2007,1.33
,,2007 - 2008,1.44
,,2008 - 2009,1.5
,,2009 - 2010,1.46
,,2010 - 2011,1.47
,,2011 - 2012,1.65
,,2012 - 2013,1.84
,,2013 - 2014,1.84
,,2014 - 2015,1.78
,,2015 - 2016,1.85
,,2016 - 2017,1.88
,,2017 - 2018,2.19
,,2018 - 2019,2.07
,,2019 - 2020,2.47
,,2020 - 2021,1.89
,,2021 - 2022,1.98
,,2022 - 2023,1.69
,Siddharth nagar,2000 - 2001,
,,2001 - 2002,
,,2002 - 2003,
,,2003 - 2004,1.37
,,2004 - 2005,
,,2005 - 2006,
,,2006 - 2007,1.32
,,2007 - 2008,
,,2008 - 2009,1.5
,,2009 - 2010,1.45
,,2010 - 2011,1.47
,,2011 - 2012,1.66
,,2012 - 2013,1.85
,,2013 - 2014,1.83
,,2014 - 2015,1.83
,,2015 - 2016,
,,2016 - 2017,1.86
,,2017 - 2018,2.17
,,2018 - 2019,2.0
,,2019 - 2020,2.33
,,2020 - 2021,2.83
,,2021 - 2022,2.75
,,2022 - 2023,2.83
,Sitapur,2000 - 2001,
,,2001 - 2002,
,,2002 - 2003,
,,2003 - 2004,1.37
,,2004 - 2005,
,,2005 - 2006,
,,2006 - 2007,1.33
,,2007 - 2008,1.44
,,2008 - 2009,1.5
,,2009 - 2010,1.45
,,2010 - 2011,1.47
,,2011 - 2012,1.65
,,2012 - 2013,1.85
,,2013 - 2014,1.84
,,2014 - 2015,1.78
,,2015 - 2016,1.85
,,2016 - 2017,1.88
,,2017 - 2018,2.19
,,2018 - 2019,2.06
,,2019 - 2020,2.47
,,2020 - 2021,2.89
,,2021 - 2022,2.73
,,2022 - 2023,2.88
,Sonbhadra,2000 - 2001,
,,2001 - 2002,
,,2002 - 2003,
,,2003 - 2004,1.36
,,2004 - 2005,
,,2005 - 2006,
,,2006 - 2007,1.4
,,2007 - 2008,
,,2008 - 2009,
,,2009 - 2010,1.4
,,2010 - 2011,2.0
,,2011 - 2012,2.0
,,2012 - 2013,2.0
,,2013 - 2014,
,,2014 - 2015,
,,2015 - 2016,1.88
,,2016 - 2017,
,,2017 - 2018,
,,2018 - 2019,
,,2019 - 2020,
,,2020 - 2021,3.0
,,2021 - 2022,
,,2022 - 2023,
,Sultanpur,2000 - 2001,
,,2001 - 2002,
,,2002 - 2003,
,,2003 - 2004,1.37
,,2004 - 2005,
,,2005 - 2006,
,,2006 - 2007,1.33
,,2007 - 2008,1.44
,,2008 - 2009,1.49
,,2009 - 2010,1.45
,,2010 - 2011,1.47
,,2011 - 2012,1.65
,,2012 - 2013,1.85
,,2013 - 2014,1.84
,,2014 - 2015,1.78
,,2015 - 2016,1.85
,,2016 - 2017,1.88
,,2017 - 2018,2.19
,,2018 - 2019,2.07
,,2019 - 2020,2.47
,,2020 - 2021,2.89
,,2021 - 2022,2.73
,,2022 - 2023,2.88
,Unnao,2000 - 2001,
,,2001 - 2002,
,,2002 - 2003,
,,2003 - 2004,1.37
,,2004 - 2005,
,,2005 - 2006,
,,2006 - 2007,1.33
,,2007 - 2008,1.44
,,2008 - 2009,1.5
,,2009 - 2010,1.45
,,2010 - 2011,1.47
,,2011 - 2012,1.65
,,2012 - 2013,1.85
,,2013 - 2014,1.84
,,2014 - 2015,1.78
,,2015 - 2016,1.85
,,2016 - 2017,1.88
,,2017 - 2018,2.19
,,2018 - 2019,2.07
,,2019 - 2020,2.47
,,2020 - 2021,2.89
,,2021 - 2022,2.73
,,2022 - 2023,2.88
,Varanasi,2000 - 2001,
,,2001 - 2002,
,,2002 - 2003,
,,2003 - 2004,1.36
,,2004 - 2005,
,,2005 - 2006,
,,2006 - 2007,1.35
,,2007 - 2008,1.44
,,2008 - 2009,1.5
,,2009 - 2010,1.44
,,2010 - 2011,1.47
,,2011 - 2012,1.64
,,2012 - 2013,1.84
,,2013 - 2014,1.84
,,2014 - 2015,1.78
,,2015 - 2016,1.85
,,2016 - 2017,1.88
,,2017 - 2018,2.18
,,2018 - 2019,2.05
,,2019 - 2020,
,,2020 - 2021,2.9
,,2021 - 2022,2.73
,,2022 - 2023,2.8
Uttarakhand,Almora,2000 - 2001,
,,2001 - 2002,
,,2002 - 2003,
,,2003 - 2004,
,,2004 - 2005,
,,2005 - 2006,
,,2006 - 2007,
,,2007 - 2008,
,,2008 - 2009,
,,2009 - 2010,
,,2010 - 2011,
,,2011 - 2012,
,,2012 - 2013,
,,2013 - 2014,
,,2014 - 2015,
,,2015 - 2016,
,,2016 - 2017,
,,2017 - 2018,
,,2018 - 2019,
,,2019 - 2020,
,,2020 - 2021,
,,2021 - 2022,
,,2022 - 2023,
,Bageshwar,2000 - 2001,
,,2001 - 2002,
,,2002 - 2003,
,,2003 - 2004,
,,2004 - 2005,
,,2005 - 2006,
,,2006 - 2007,
,,2007 - 2008,
,,2008 - 2009,
,,2009 - 2010,
,,2010 - 2011,
,,2011 - 2012,
,,2012 - 2013,
,,2013 - 2014,
,,2014 - 2015,
,,2015 - 2016,
,,2016 - 2017,
,,2017 - 2018,
,,2018 - 2019,
,,2019 - 2020,
,,2020 - 2021,
,,2021 - 2022,
,,2022 - 2023,
,Chamoli,2000 - 2001,
,,2001 - 2002,
,,2002 - 2003,
,,2003 - 2004,
,,2004 - 2005,
,,2005 - 2006,
,,2006 - 2007,
,,2007 - 2008,
,,2008 - 2009,
,,2009 - 2010,
,,2010 - 2011,
,,2011 - 2012,
,,2012 - 2013,
,,2013 - 2014,
,,2014 - 2015,
,,2015 - 2016,
,,2016 - 2017,
,,2017 - 2018,
,,2018 - 2019,
,,2019 - 2020,
,,2020 - 2021,
,,2021 - 2022,
,,2022 - 2023,
,Champawat,2000 - 2001,
,,2001 - 2002,
,,2002 - 2003,
,,2003 - 2004,1.6
,,2004 - 2005,1.8
,,2005 - 2006,1.8
,,2006 - 2007,
,,2007 - 2008,1.63
,,2008 - 2009,1.36
,,2009 - 2010,
,,2010 - 2011,
,,2011 - 2012,1.55
,,2012 - 2013,0.92
,,2013 - 2014,2.5
,,2014 - 2015,2.5
,,2015 - 2016,1.17
,,2016 - 2017,1.14
,,2017 - 2018,1.14
,,2018 - 2019,1.25
,,2019 - 2020,1.25
,,2020 - 2021,2.13
,,2021 - 2022,2.75
,,2022 - 2023,3.0
,Dehradun,2000 - 2001,
,,2001 - 2002,
,,2002 - 2003,
,,2003 - 2004,
,,2004 - 2005,2.0
,,2005 - 2006,
,,2006 - 2007,
,,2007 - 2008,
,,2008 - 2009,
,,2009 - 2010,
,,2010 - 2011,
,,2011 - 2012,
,,2012 - 2013,1.0
,,2013 - 2014,2.33
,,2014 - 2015,2.5
,,2015 - 2016,1.0
,,2016 - 2017,2.17
,,2017 - 2018,
,,2018 - 2019,2.0
,,2019 - 2020,
,,2020 - 2021,
,,2021 - 2022,
,,2022 - 2023,
,Haridwar,2000 - 2001,
,,2001 - 2002,
,,2002 - 2003,
,,2003 - 2004,1.64
,,2004 - 2005,2.0
,,2005 - 2006,1.96
,,2006 - 2007,
,,2007 - 2008,1.67
,,2008 - 2009,1.48
,,2009 - 2010,
,,2010 - 2011,
,,2011 - 2012,1.86
,,2012 - 2013,
,,2013 - 2014,2.43
,,2014 - 2015,1.43
,,2015 - 2016,1.14
,,2016 - 2017,2.18
,,2017 - 2018,2.18
,,2018 - 2019,2.2
,,2019 - 2020,2.22
,,2020 - 2021,2.2
,,2021 - 2022,3.57
,,2022 - 2023,3.71
,Nainital,2000 - 2001,
,,2001 - 2002,
,,2002 - 2003,
,,2003 - 2004,
,,2004 - 2005,2.0
,,2005 - 2006,2.0
,,2006 - 2007,
,,2007 - 2008,
,,2008 - 2009,
,,2009 - 2010,
,,2010 - 2011,
,,2011 - 2012,
,,2012 - 2013,
,,2013 - 2014,
,,2014 - 2015,
,,2015 - 2016,
,,2016 - 2017,
,,2017 - 2018,1.0
,,2018 - 2019,1.5
,,2019 - 2020,2.0
,,2020 - 2021,2.0
,,2021 - 2022,3.0
,,2022 - 2023,3.0
,Pauri garhwal,2000 - 2001,
,,2001 - 2002,
,,2002 - 2003,
,,2003 - 2004,
,,2004 - 2005,
,,2005 - 2006,
,,2006 - 2007,
,,2007 - 2008,
,,2008 - 2009,
,,2009 - 2010,
,,2010 - 2011,
,,2011 - 2012,
,,2012 - 2013,
,,2013 - 2014,
,,2014 - 2015,
,,2015 - 2016,
,,2016 - 2017,
,,2017 - 2018,
,,2018 - 2019,
,,2019 - 2020,
,,2020 - 2021,
,,2021 - 2022,
,,2022 - 2023,
,Pithoragarh,2000 - 2001,
,,2001 - 2002,
,,2002 - 2003,
,,2003 - 2004,
,,2004 - 2005,
,,2005 - 2006,
,,2006 - 2007,
,,2007 - 2008,1.61
,,2008 - 2009,
,,2009 - 2010,
,,2010 - 2011,
,,2011 - 2012,
,,2012 - 2013,
,,2013 - 2014,
,,2014 - 2015,
,,2015 - 2016,
,,2016 - 2017,
,,2017 - 2018,
,,2018 - 2019,
,,2019 - 2020,
,,2020 - 2021,
,,2021 - 2022,
,,2022 - 2023,
,Rudra prayag,2000 - 2001,
,,2001 - 2002,
,,2002 - 2003,
,,2003 - 2004,
,,2004 - 2005,
,,2005 - 2006,
,,2006 - 2007,
,,2007 - 2008,
,,2008 - 2009,
,,2009 - 2010,
,,2010 - 2011,
,,2011 - 2012,
,,2012 - 2013,
,,2013 - 2014,
,,2014 - 2015,
,,2015 - 2016,
,,2016 - 2017,
,,2017 - 2018,
,,2018 - 2019,
,,2019 - 2020,
,,2020 - 2021,
,,2021 - 2022,
,,2022 - 2023,
,Tehri garhwal,2000 - 2001,
,,2001 - 2002,
,,2002 - 2003,
,,2003 - 2004,
,,2004 - 2005,
,,2005 - 2006,
,,2006 - 2007,
,,2007 - 2008,
,,2008 - 2009,
,,2009 - 2010,
,,2010 - 2011,
,,2011 - 2012,
,,2012 - 2013,
,,2013 - 2014,
,,2014 - 2015,
,,2015 - 2016,
,,2016 - 2017,
,,2017 - 2018,
,,2018 - 2019,
,,2019 - 2020,
,,2020 - 2021,
,,2021 - 2022,
,,2022 - 2023,
,Udam singh nagar,2000 - 2001,
,,2001 - 2002,
,,2002 - 2003,
,,2003 - 2004,1.63
,,2004 - 2005,2.0
,,2005 - 2006,2.19
,,2006 - 2007,
,,2007 - 2008,
,,2008 - 2009,1.75
,,2009 - 2010,
,,2010 - 2011,
,,2011 - 2012,2.21
,,2012 - 2013,2.44
,,2013 - 2014,2.47
,,2014 - 2015,2.39
,,2015 - 2016,1.97
,,2016 - 2017,1.33
,,2017 - 2018,1.34
,,2018 - 2019,1.33
,,2019 - 2020,1.33
,,2020 - 2021,2.17
,,2021 - 2022,2.69
,,2022 - 2023,2.97
,Uttar kashi,2000 - 2001,
,,2001 - 2002,
,,2002 - 2003,
,,2003 - 2004,
,,2004 - 2005,
,,2005 - 2006,
,,2006 - 2007,
,,2007 - 2008,
,,2008 - 2009,
,,2009 - 2010,
,,2010 - 2011,
,,2011 - 2012,
,,2012 - 2013,
,,2013 - 2014,
,,2014 - 2015,
,,2015 - 2016,
,,2016 - 2017,
,,2017 - 2018,
,,2018 - 2019,
,,2019 - 2020,
,,2020 - 2021,
,,2021 - 2022,
,,2022 - 2023,
West Bengal,paraganas north,2005 - 2006,
,,2007 - 2008,3.36
,,2008 - 2009,3.82
,,2009 - 2010,3.36
,,2010 - 2011,2.45
,,2011 - 2012,2.66
,,2012 - 2013,2.53
,,2013 - 2014,2.58
,,2014 - 2015,2.6
,,2015 - 2016,2.63
,,2016 - 2017,2.46
,,2017 - 2018,2.53
,,2018 - 2019,1.82
,,2019 - 2020,2.35
,,2020 - 2021,3.72
,,2021 - 2022,2.83
,,2022 - 2023,7.85
,paraganas south,2003 - 2004,
,,2004 - 2005,
,,2005 - 2006,
,,2006 - 2007,
,,2007 - 2008,2.08
,,2008 - 2009,2.09
,,2009 - 2010,1.36
,,2010 - 2011,2.05
,,2011 - 2012,1.43
,,2012 - 2013,2.61
,,2013 - 2014,2.04
,,2014 - 2015,2.2
,,2015 - 2016,2.41
,,2016 - 2017,2.51
,,2017 - 2018,1.8
,,2018 - 2019,1.57
,,2019 - 2020,1.87
,,2020 - 2021,1.86
,,2021 - 2022,1.91
,,2022 - 2023,7.85
,Alipurduar,2016 - 2017,
,,2017 - 2018,5.6
,,2018 - 2019,6.07
,,2019 - 2020,6.08
,,2020 - 2021,6.08
,,2021 - 2022,6.18
,,2022 - 2023,8.4
,Bankura,2000 - 2001,
,,2001 - 2002,
,,2002 - 2003,
,,2003 - 2004,
,,2004 - 2005,
,,2005 - 2006,
,,2006 - 2007,
,,2007 - 2008,3.2
,,2008 - 2009,2.02
,,2009 - 2010,2.11
,,2010 - 2011,2.57
,,2011 - 2012,2.26
,,2012 - 2013,3.25
,,2013 - 2014,2.8
,,2014 - 2015,3.2
,,2015 - 2016,3.23
,,2016 - 2017,3.24
,,2017 - 2018,3.27
,,2018 - 2019,2.85
,,2019 - 2020,2.83
,,2020 - 2021,2.81
,,2021 - 2022,2.8
,,2022 - 2023,4.74
,Birbhum,2000 - 2001,
,,2001 - 2002,
,,2002 - 2003,
,,2003 - 2004,
,,2004 - 2005,
,,2005 - 2006,
,,2006 - 2007,
,,2007 - 2008,1.63
,,2008 - 2009,1.77
,,2009 - 2010,1.62
,,2010 - 2011,1.61
,,2011 - 2012,1.6
,,2012 - 2013,1.61
,,2013 - 2014,1.61
,,2014 - 2015,2.4
,,2015 - 2016,2.45
,,2016 - 2017,2.42
,,2017 - 2018,2.18
,,2018 - 2019,2.08
,,2019 - 2020,1.56
,,2020 - 2021,1.97
,,2021 - 2022,2.02
,,2022 - 2023,6.84
,Coochbehar,2000 - 2001,
,,2001 - 2002,
,,2002 - 2003,
,,2003 - 2004,
,,2004 - 2005,
,,2005 - 2006,
,,2006 - 2007,
,,2007 - 2008,6.0
,,2008 - 2009,6.0
,,2009 - 2010,6.08
,,2010 - 2011,6.03
,,2011 - 2012,6.2
,,2012 - 2013,6.1
,,2013 - 2014,6.11
,,2014 - 2015,6.11
,,2015 - 2016,6.16
,,2016 - 2017,6.18
,,2017 - 2018,6.6
,,2018 - 2019,6.13
,,2019 - 2020,6.13
,,2020 - 2021,6.72
,,2021 - 2022,6.9
,,2022 - 2023,9.29
,Darjeeling,2000 - 2001,
,,2001 - 2002,
,,2002 - 2003,
,,2003 - 2004,
,,2004 - 2005,
,,2005 - 2006,
,,2006 - 2007,
,,2007 - 2008,1.68
,,2008 - 2009,1.68
,,2009 - 2010,3.15
,,2010 - 2011,3.14
,,2011 - 2012,3.17
,,2012 - 2013,3.16
,,2013 - 2014,3.35
,,2014 - 2015,3.35
,,2015 - 2016,3.55
,,2016 - 2017,3.45
,,2017 - 2018,2.3
,,2018 - 2019,5.0
,,2019 - 2020,
,,2020 - 2021,
,,2021 - 2022,
,,2022 - 2023,
,Dinajpur dakshin,2000 - 2001,
,,2004 - 2005,
,,2005 - 2006,
,,2006 - 2007,
,,2007 - 2008,3.16
,,2008 - 2009,3.0
,,2009 - 2010,4.61
,,2010 - 2011,3.67
,,2011 - 2012,3.84
,,2012 - 2013,4.07
,,2013 - 2014,4.95
,,2014 - 2015,4.01
,,2015 - 2016,4.28
,,2016 - 2017,4.68
,,2017 - 2018,5.0
,,2018 - 2019,6.0
,,2019 - 2020,7.15
,,2020 - 2021,8.25
,,2021 - 2022,10.14
,,2022 - 2023,12.53
,Dinajpur uttar,2000 - 2001,
,,2001 - 2002,
,,2002 - 2003,
,,2003 - 2004,
,,2004 - 2005,
,,2005 - 2006,
,,2006 - 2007,
,,2007 - 2008,6.5
,,2008 - 2009,6.03
,,2009 - 2010,6.22
,,2010 - 2011,6.25
,,2011 - 2012,6.1
,,2012 - 2013,6.29
,,2013 - 2014,6.01
,,2014 - 2015,6.13
,,2015 - 2016,6.21
,,2016 - 2017,6.25
,,2017 - 2018,8.2
,,2018 - 2019,10.2
,,2019 - 2020,9.3
,,2020 - 2021,9.8
,,2021 - 2022,9.68
,,2022 - 2023,7.29
,Hooghly,2000 - 2001,
,,2003 - 2004,
,,2004 - 2005,
,,2005 - 2006,
,,2006 - 2007,
,,2007 - 2008,2.61
,,2008 - 2009,2.01
,,2009 - 2010,2.41
,,2010 - 2011,2.01
,,2011 - 2012,2.02
,,2012 - 2013,2.01
,,2013 - 2014,2.02
,,2014 - 2015,2.02
,,2015 - 2016,2.02
,,2016 - 2017,2.02
,,2017 - 2018,2.45
,,2018 - 2019,2.42
,,2019 - 2020,2.06
,,2020 - 2021,1.97
,,2021 - 2022,2.58
,,2022 - 2023,6.6
,Howrah,2001 - 2002,
,,2002 - 2003,
,,2003 - 2004,
,,2004 - 2005,
,,2005 - 2006,
,,2006 - 2007,
,,2007 - 2008,1.3
,,2008 - 2009,1.15
,,2009 - 2010,1.19
,,2010 - 2011,1.22
,,2011 - 2012,1.18
,,2012 - 2013,1.32
,,2013 - 2014,1.24
,,2014 - 2015,1.27
,,2015 - 2016,1.47
,,2016 - 2017,1.38
,,2017 - 2018,3.25
,,2018 - 2019,2.13
,,2019 - 2020,0.62
,,2020 - 2021,2.16
,,2021 - 2022,1.58
,,2022 - 2023,7.86
,Jalpaiguri,2000 - 2001,
,,2001 - 2002,
,,2002 - 2003,
,,2003 - 2004,
,,2004 - 2005,
,,2005 - 2006,
,,2006 - 2007,
,,2007 - 2008,2.23
,,2008 - 2009,2.02
,,2009 - 2010,2.05
,,2010 - 2011,3.14
,,2011 - 2012,2.73
,,2012 - 2013,2.66
,,2013 - 2014,2.84
,,2014 - 2015,2.8
,,2015 - 2016,2.82
,,2016 - 2017,2.81
,,2017 - 2018,3.02
,,2018 - 2019,4.98
,,2019 - 2020,4.99
,,2020 - 2021,5.05
,,2021 - 2022,5.05
,,2022 - 2023,5.84
,Jhargram,2016 - 2017,
,,2017 - 2018,
,,2018 - 2019,
,,2019 - 2020,2.24
,,2020 - 2021,2.81
,,2021 - 2022,2.79
,,2022 - 2023,4.24
,Kalimpong,2016 - 2017,
,,2017 - 2018,1.11
,,2018 - 2019,2.88
,,2019 - 2020,1.8
,,2020 - 2021,4.2
,,2021 - 2022,1.79
,,2022 - 2023,7.74
,Maldah,2000 - 2001,
,,2001 - 2002,
,,2002 - 2003,
,,2003 - 2004,
,,2004 - 2005,
,,2005 - 2006,
,,2006 - 2007,
,,2007 - 2008,0.76
,,2008 - 2009,0.75
,,2009 - 2010,0.76
,,2010 - 2011,0.75
,,2011 - 2012,0.75
,,2012 - 2013,0.76
,,2013 - 2014,1.77
,,2014 - 2015,1.12
,,2015 - 2016,1.37
,,2016 - 2017,5.21
,,2017 - 2018,6.09
,,2018 - 2019,7.34
,,2019 - 2020,7.85
,,2020 - 2021,7.8
,,2021 - 2022,7.79
,,2022 - 2023,8.37
,Medinipur east,2001 - 2002,
,,2011 - 2012,1.6
,,2012 - 2013,1.6
,,2013 - 2014,1.6
,,2014 - 2015,1.59
,,2015 - 2016,1.6
,,2016 - 2017,1.54
,,2017 - 2018,1.61
,,2018 - 2019,1.61
,,2019 - 2020,1.56
,,2020 - 2021,1.61
,,2021 - 2022,2.96
,,2022 - 2023,4.74
,Medinipur west,2000 - 2001,
,,2001 - 2002,
,,2002 - 2003,
,,2003 - 2004,
,,2004 - 2005,
,,2005 - 2006,
,,2006 - 2007,
,,2007 - 2008,2.45
,,2008 - 2009,2.95
,,2009 - 2010,3.0
,,2010 - 2011,2.95
,,2011 - 2012,2.97
,,2012 - 2013,2.97
,,2013 - 2014,3.8
,,2014 - 2015,2.26
,,2015 - 2016,3.03
,,2016 - 2017,2.52
,,2017 - 2018,3.2
,,2018 - 2019,3.29
,,2019 - 2020,3.32
,,2020 - 2021,3.57
,,2021 - 2022,2.85
,,2022 - 2023,4.74
,Murshidabad,2000 - 2001,
,,2001 - 2002,
,,2002 - 2003,
,,2003 - 2004,
,,2004 - 2005,
,,2005 - 2006,
,,2006 - 2007,
,,2007 - 2008,4.62
,,2008 - 2009,4.43
,,2009 - 2010,5.0
,,2010 - 2011,5.07
,,2011 - 2012,4.82
,,2012 - 2013,4.62
,,2013 - 2014,4.87
,,2014 - 2015,4.65
,,2015 - 2016,4.81
,,2016 - 2017,5.03
,,2017 - 2018,3.66
,,2018 - 2019,5.94
,,2019 - 2020,8.31
,,2020 - 2021,8.3
,,2021 - 2022,5.93
,,2022 - 2023,5.7
,Nadia,2000 - 2001,
,,2001 - 2002,
,,2002 - 2003,
,,2003 - 2004,
,,2004 - 2005,
,,2005 - 2006,
,,2006 - 2007,
,,2007 - 2008,2.61
,,2008 - 2009,2.6
,,2009 - 2010,2.6
,,2010 - 2011,2.64
,,2011 - 2012,2.72
,,2012 - 2013,2.64
,,2013 - 2014,2.67
,,2014 - 2015,2.59
,,2015 - 2016,2.66
,,2016 - 2017,2.66
,,2017 - 2018,4.16
,,2018 - 2019,4.07
,,2019 - 2020,3.98
,,2020 - 2021,6.48
,,2021 - 2022,6.3
,,2022 - 2023,7.61
,Paschim bardhaman,2016 - 2017,
,,2017 - 2018,2.25
,,2018 - 2019,2.25
,,2019 - 2020,2.4
,,2020 - 2021,2.55
,,2021 - 2022,2.45
,,2022 - 2023,6.6
,Purba bardhaman,2000 - 2001,
,,2001 - 2002,
,,2002 - 2003,
,,2003 - 2004,
,,2004 - 2005,
,,2005 - 2006,
,,2006 - 2007,
,,2007 - 2008,2.29
,,2008 - 2009,2.43
,,2009 - 2010,2.1
,,2010 - 2011,1.95
,,2011 - 2012,1.92
,,2012 - 2013,1.89
,,2013 - 2014,1.9
,,2014 - 2015,2.01
,,2015 - 2016,2.06
,,2016 - 2017,2.25
,,2017 - 2018,2.26
,,2018 - 2019,2.55
,,2019 - 2020,2.83
,,2020 - 2021,1.87
,,2021 - 2022,1.44
,,2022 - 2023,6.59
,Purulia,2000 - 2001,
,,2001 - 2002,
,,2002 - 2003,
,,2003 - 2004,
,,2004 - 2005,
,,2005 - 2006,
,,2006 - 2007,
,,2007 - 2008,1.89
,,2008 - 2009,1.89
,,2009 - 2010,1.89
,,2010 - 2011,1.52
,,2011 - 2012,1.63
,,2012 - 2013,1.64
,,2013 - 2014,1.61
,,2014 - 2015,6.27
,,2015 - 2016,6.27
,,2016 - 2017,6.27
,,2017 - 2018,2.11
,,2018 - 2019,2.24
,,2019 - 2020,3.02
,,2020 - 2021,2.41
,,2021 - 2022,2.81
,,2022 - 2023,1.98
