state,district,year,sesamum_kharif_yield_tonne_per_hectare
Andaman and Nicobar Islands,North and middle andaman,2011 - 2012,
,,2012 - 2013,
,,2013 - 2014,
,,2014 - 2015,
,,2015 - 2016,
,,2016 - 2017,
,,2017 - 2018,
,,2018 - 2019,
,,2019 - 2020,
,,2020 - 2021,
,,2021 - 2022,
,,2022 - 2023,
,South andamans,2011 - 2012,
Andhra Pradesh,Alluri sitharama raju,2022 - 2023,0.17
,Anakapalli,2022 - 2023,0.06
,Anantapur,2000 - 2001,0.2
,,2001 - 2002,
,,2017 - 2018,0.22
,,2018 - 2019,0.0
,,2019 - 2020,
,,2020 - 2021,0.25
,,2021 - 2022,0.17
,,2022 - 2023,0.36
,Annamayya,2022 - 2023,0.35
,Bapatla,2022 - 2023,0.05
,Chittoor,2000 - 2001,0.23
,,2001 - 2002,0.17
,,2002 - 2003,0.09
,,2003 - 2004,0.29
,,2004 - 2005,0.1
,,2005 - 2006,0.17
,,2006 - 2007,0.26
,,2008 - 2009,0.19
,,2009 - 2010,0.25
,,2010 - 2011,0.17
,,2011 - 2012,0.23
,,2013 - 2014,0.45
,,2014 - 2015,0.28
,,2015 - 2016,0.63
,,2016 - 2017,0.23
,,2017 - 2018,0.25
,,2018 - 2019,0.27
,,2019 - 2020,0.24
,,2020 - 2021,0.2
,,2021 - 2022,0.2
,,2022 - 2023,0.33
,East godavari,2000 - 2001,0.16
,,2001 - 2002,0.25
,,2002 - 2003,0.05
,,2003 - 2004,0.17
,,2004 - 2005,0.1
,,2005 - 2006,0.17
,,2006 - 2007,0.26
,,2007 - 2008,0.0
,,2008 - 2009,0.19
,,2009 - 2010,0.25
,,2010 - 2011,0.17
,,2011 - 2012,0.23
,,2012 - 2013,
,,2013 - 2014,0.45
,,2014 - 2015,0.27
,,2015 - 2016,0.21
,,2016 - 2017,0.17
,,2017 - 2018,0.19
,,2018 - 2019,0.24
,,2019 - 2020,0.24
,,2020 - 2021,0.23
,,2021 - 2022,0.22
,,2022 - 2023,
,Eluru,2022 - 2023,0.18
,Guntur,2000 - 2001,0.23
,,2001 - 2002,0.17
,,2002 - 2003,0.1
,,2003 - 2004,0.29
,,2004 - 2005,0.38
,,2005 - 2006,0.12
,,2006 - 2007,0.28
,,2007 - 2008,0.5
,,2008 - 2009,0.36
,,2009 - 2010,0.55
,,2010 - 2011,0.12
,,2011 - 2012,0.45
,,2012 - 2013,0.5
,,2013 - 2014,0.78
,,2014 - 2015,0.3
,,2015 - 2016,0.15
,,2016 - 2017,0.43
,,2017 - 2018,0.38
,,2018 - 2019,0.44
,,2019 - 2020,0.46
,,2020 - 2021,0.34
,,2021 - 2022,0.29
,,2022 - 2023,0.18
,Kadapa,2000 - 2001,0.23
,,2001 - 2002,0.16
,,2002 - 2003,0.1
,,2003 - 2004,0.29
,,2004 - 2005,0.09
,,2005 - 2006,0.17
,,2006 - 2007,0.25
,,2007 - 2008,
,,2008 - 2009,0.2
,,2009 - 2010,0.25
,,2010 - 2011,0.17
,,2011 - 2012,0.24
,,2012 - 2013,
,,2013 - 2014,0.47
,,2014 - 2015,0.27
,,2015 - 2016,0.63
,,2016 - 2017,0.21
,,2017 - 2018,0.33
,,2018 - 2019,0.29
,,2019 - 2020,0.21
,,2020 - 2021,0.2
,,2021 - 2022,0.13
,,2022 - 2023,0.33
,Kakinada,2022 - 2023,0.17
,Konaseema,2022 - 2023,
,Krishna,2000 - 2001,0.23
,,2001 - 2002,0.17
,,2002 - 2003,0.1
,,2003 - 2004,0.29
,,2004 - 2005,0.09
,,2005 - 2006,0.17
,,2006 - 2007,0.26
,,2008 - 2009,0.2
,,2009 - 2010,0.25
,,2010 - 2011,0.17
,,2011 - 2012,0.22
,,2012 - 2013,
,,2013 - 2014,0.45
,,2014 - 2015,0.27
,,2015 - 2016,0.18
,,2016 - 2017,0.23
,,2017 - 2018,0.21
,,2018 - 2019,0.27
,,2019 - 2020,
,,2020 - 2021,0.22
,,2021 - 2022,0.2
,,2022 - 2023,
,Kurnool,2000 - 2001,0.23
,,2001 - 2002,0.17
,,2002 - 2003,0.1
,,2003 - 2004,0.29
,,2004 - 2005,0.1
,,2005 - 2006,0.17
,,2006 - 2007,0.26
,,2008 - 2009,0.2
,,2009 - 2010,0.24
,,2010 - 2011,0.17
,,2011 - 2012,0.21
,,2013 - 2014,0.45
,,2014 - 2015,0.27
,,2015 - 2016,0.64
,,2016 - 2017,0.24
,,2017 - 2018,0.25
,,2018 - 2019,
,,2019 - 2020,0.25
,,2020 - 2021,0.0
,,2021 - 2022,0.2
,,2022 - 2023,0.35
,Nandyal,2022 - 2023,
,Ntr,2022 - 2023,0.25
,Palnadu,2022 - 2023,0.21
,Parvathipuram manyam,2022 - 2023,0.17
,Prakasam,2000 - 2001,0.18
,,2001 - 2002,0.08
,,2002 - 2003,0.04
,,2003 - 2004,0.35
,,2004 - 2005,0.02
,,2005 - 2006,0.37
,,2006 - 2007,0.36
,,2007 - 2008,0.53
,,2008 - 2009,0.52
,,2009 - 2010,0.2
,,2010 - 2011,0.11
,,2011 - 2012,0.59
,,2012 - 2013,0.33
,,2013 - 2014,0.63
,,2014 - 2015,0.19
,,2015 - 2016,0.14
,,2016 - 2017,0.17
,,2017 - 2018,0.25
,,2018 - 2019,0.26
,,2019 - 2020,0.42
,,2020 - 2021,0.14
,,2021 - 2022,0.2
,,2022 - 2023,0.19
,Spsr nellore,2000 - 2001,0.23
,,2001 - 2002,0.17
,,2002 - 2003,0.1
,,2003 - 2004,0.29
,,2004 - 2005,0.1
,,2005 - 2006,0.17
,,2006 - 2007,0.18
,,2007 - 2008,0.33
,,2008 - 2009,0.39
,,2009 - 2010,0.41
,,2010 - 2011,0.41
,,2011 - 2012,0.23
,,2012 - 2013,0.0
,,2013 - 2014,0.19
,,2014 - 2015,0.15
,,2015 - 2016,0.33
,,2016 - 2017,0.51
,,2017 - 2018,0.09
,,2018 - 2019,0.14
,,2019 - 2020,0.63
,,2020 - 2021,0.39
,,2021 - 2022,0.31
,,2022 - 2023,0.18
,Sri sathya sai,2022 - 2023,0.35
,Srikakulam,2000 - 2001,0.23
,,2001 - 2002,0.17
,,2002 - 2003,0.1
,,2003 - 2004,0.29
,,2004 - 2005,0.1
,,2005 - 2006,0.17
,,2006 - 2007,0.12
,,2007 - 2008,0.0
,,2008 - 2009,0.1
,,2009 - 2010,0.13
,,2010 - 2011,0.16
,,2011 - 2012,0.23
,,2012 - 2013,0.0
,,2013 - 2014,0.21
,,2014 - 2015,0.14
,,2015 - 2016,0.13
,,2016 - 2017,0.14
,,2017 - 2018,0.14
,,2018 - 2019,0.15
,,2019 - 2020,0.16
,,2020 - 2021,0.14
,,2021 - 2022,0.17
,,2022 - 2023,0.17
,Tirupati,2022 - 2023,0.35
,Visakhapatanam,2000 - 2001,0.27
,,2001 - 2002,0.15
,,2002 - 2003,0.12
,,2003 - 2004,0.15
,,2004 - 2005,0.26
,,2005 - 2006,0.15
,,2006 - 2007,0.17
,,2007 - 2008,0.2
,,2008 - 2009,0.23
,,2009 - 2010,0.17
,,2010 - 2011,0.17
,,2011 - 2012,0.19
,,2012 - 2013,0.25
,,2013 - 2014,0.25
,,2014 - 2015,0.26
,,2015 - 2016,0.16
,,2016 - 2017,0.18
,,2017 - 2018,0.18
,,2018 - 2019,0.18
,,2019 - 2020,0.11
,,2020 - 2021,0.22
,,2021 - 2022,0.1
,,2022 - 2023,0.19
,Vizianagaram,2000 - 2001,0.27
,,2001 - 2002,0.17
,,2002 - 2003,0.11
,,2003 - 2004,0.16
,,2004 - 2005,0.12
,,2005 - 2006,0.13
,,2006 - 2007,0.18
,,2007 - 2008,0.08
,,2008 - 2009,0.1
,,2009 - 2010,0.26
,,2010 - 2011,0.12
,,2011 - 2012,0.12
,,2012 - 2013,0.22
,,2013 - 2014,0.16
,,2014 - 2015,0.29
,,2015 - 2016,0.2
,,2016 - 2017,0.17
,,2017 - 2018,0.17
,,2018 - 2019,0.27
,,2019 - 2020,0.14
,,2020 - 2021,0.2
,,2021 - 2022,0.16
,,2022 - 2023,0.18
,West godavari,2000 - 2001,0.22
,,2001 - 2002,0.14
,,2002 - 2003,0.08
,,2003 - 2004,0.3
,,2004 - 2005,
,,2005 - 2006,0.17
,,2006 - 2007,0.26
,,2007 - 2008,
,,2008 - 2009,0.21
,,2009 - 2010,0.25
,,2010 - 2011,0.16
,,2011 - 2012,0.25
,,2012 - 2013,
,,2013 - 2014,0.42
,,2014 - 2015,0.28
,,2015 - 2016,0.17
,,2016 - 2017,0.25
,,2017 - 2018,0.23
,,2018 - 2019,0.3
,,2019 - 2020,
,,2020 - 2021,0.0
,,2021 - 2022,0.22
Arunachal Pradesh,Anjaw,2016 - 2017,0.18
,,2017 - 2018,0.28
,,2018 - 2019,0.28
,,2019 - 2020,0.28
,,2020 - 2021,0.32
,,2021 - 2022,0.35
,,2022 - 2023,0.37
,Changlang,2016 - 2017,0.43
,,2017 - 2018,0.87
,,2018 - 2019,0.55
,,2019 - 2020,0.55
,,2020 - 2021,0.56
,,2021 - 2022,0.74
,,2022 - 2023,0.76
,Dibang valley,2016 - 2017,0.43
,,2017 - 2018,0.79
,,2018 - 2019,0.79
,,2019 - 2020,0.79
,,2020 - 2021,0.85
,,2021 - 2022,0.88
,,2022 - 2023,0.93
,East kameng,2016 - 2017,0.69
,,2017 - 2018,0.81
,,2018 - 2019,0.81
,,2019 - 2020,0.81
,,2020 - 2021,0.81
,,2021 - 2022,0.82
,,2022 - 2023,0.82
,East siang,2016 - 2017,1.29
,,2017 - 2018,0.92
,,2018 - 2019,0.91
,,2019 - 2020,0.91
,,2020 - 2021,0.91
,,2021 - 2022,0.94
,,2022 - 2023,0.88
,Kamle,2018 - 2019,1.0
,,2019 - 2020,0.97
,,2020 - 2021,0.97
,,2021 - 2022,0.88
,,2022 - 2023,0.91
,Kra daadi,2016 - 2017,0.99
,,2017 - 2018,1.33
,,2018 - 2019,1.33
,,2019 - 2020,1.29
,,2020 - 2021,1.29
,,2021 - 2022,1.15
,,2022 - 2023,0.91
,Kurung kumey,2016 - 2017,0.98
,,2017 - 2018,0.24
,,2018 - 2019,0.24
,,2019 - 2020,0.27
,,2020 - 2021,0.33
,,2021 - 2022,0.59
,,2022 - 2023,0.69
,Leparada,2019 - 2020,0.89
,,2020 - 2021,0.89
,,2021 - 2022,0.79
,,2022 - 2023,0.79
,Lohit,2016 - 2017,0.31
,,2017 - 2018,0.32
,,2018 - 2019,0.32
,,2019 - 2020,0.32
,,2020 - 2021,0.35
,,2021 - 2022,0.67
,,2022 - 2023,0.7
,Lower dibang valley,2016 - 2017,0.97
,,2017 - 2018,1.1
,,2018 - 2019,1.1
,,2019 - 2020,1.1
,,2020 - 2021,1.09
,,2021 - 2022,1.12
,,2022 - 2023,1.1
,Lower siang,2018 - 2019,1.68
,,2019 - 2020,1.68
,,2020 - 2021,1.68
,,2021 - 2022,1.31
,,2022 - 2023,1.21
,Lower subansiri,2016 - 2017,2.02
,,2017 - 2018,0.29
,,2018 - 2019,0.38
,,2019 - 2020,0.41
,,2020 - 2021,0.41
,,2021 - 2022,0.51
,,2022 - 2023,0.6
,Namsai,2016 - 2017,1.04
,,2017 - 2018,1.06
,,2018 - 2019,1.06
,,2019 - 2020,1.06
,,2020 - 2021,1.07
,,2021 - 2022,1.09
,,2022 - 2023,1.04
,Pakke kessang,2019 - 2020,0.81
,,2020 - 2021,0.81
,,2021 - 2022,0.84
,,2022 - 2023,0.88
,Papum pare,2016 - 2017,0.87
,,2017 - 2018,0.64
,,2018 - 2019,0.64
,,2019 - 2020,0.65
,,2020 - 2021,0.65
,,2021 - 2022,0.69
,,2022 - 2023,0.75
,Shi yomi,2019 - 2020,0.36
,,2020 - 2021,0.36
,,2021 - 2022,0.4
,,2022 - 2023,0.73
,Siang,2016 - 2017,0.22
,,2017 - 2018,2.54
,,2018 - 2019,2.54
,,2019 - 2020,2.54
,,2020 - 2021,2.54
,,2021 - 2022,1.18
,,2022 - 2023,1.06
,Upper siang,2016 - 2017,1.4
,,2017 - 2018,0.26
,,2018 - 2019,0.26
,,2019 - 2020,0.26
,,2020 - 2021,0.29
,,2021 - 2022,0.36
,,2022 - 2023,0.42
,Upper subansiri,2016 - 2017,1.4
,,2017 - 2018,1.47
,,2018 - 2019,1.47
,,2019 - 2020,1.45
,,2020 - 2021,1.45
,,2021 - 2022,1.37
,,2022 - 2023,1.34
,West siang,2016 - 2017,0.35
,,2017 - 2018,0.38
,,2018 - 2019,0.38
,,2019 - 2020,0.4
,,2020 - 2021,0.45
,,2021 - 2022,0.5
,,2022 - 2023,0.58
Assam,Baksa,2005 - 2006,0.52
,,2006 - 2007,0.52
,,2007 - 2008,0.52
,,2008 - 2009,0.52
,,2009 - 2010,0.52
,,2010 - 2011,0.52
,,2011 - 2012,0.63
,,2012 - 2013,0.67
,,2013 - 2014,0.62
,,2014 - 2015,0.72
,,2015 - 2016,0.65
,,2016 - 2017,0.73
,,2017 - 2018,0.74
,,2018 - 2019,0.73
,,2019 - 2020,0.65
,,2020 - 2021,0.66
,,2021 - 2022,0.66
,,2022 - 2023,0.66
,Barpeta,2000 - 2001,0.6
,,2001 - 2002,0.6
,,2002 - 2003,0.6
,,2003 - 2004,0.6
,,2004 - 2005,0.6
,,2005 - 2006,0.6
,,2006 - 2007,0.6
,,2007 - 2008,0.6
,,2008 - 2009,0.6
,,2009 - 2010,0.6
,,2010 - 2011,0.6
,,2011 - 2012,0.73
,,2012 - 2013,0.78
,,2013 - 2014,0.72
,,2014 - 2015,0.84
,,2015 - 2016,0.74
,,2016 - 2017,0.72
,,2017 - 2018,0.72
,,2018 - 2019,0.73
,,2019 - 2020,0.73
,,2020 - 2021,0.73
,,2021 - 2022,0.75
,,2022 - 2023,0.74
,Biswanath,2020 - 2021,0.85
,,2021 - 2022,0.87
,,2022 - 2023,0.87
,Bongaigaon,2000 - 2001,0.52
,,2001 - 2002,0.53
,,2002 - 2003,0.52
,,2003 - 2004,0.52
,,2004 - 2005,0.52
,,2005 - 2006,0.45
,,2006 - 2007,0.5
,,2007 - 2008,0.5
,,2008 - 2009,0.47
,,2009 - 2010,0.47
,,2010 - 2011,0.46
,,2011 - 2012,0.6
,,2012 - 2013,0.55
,,2013 - 2014,0.63
,,2014 - 2015,0.59
,,2015 - 2016,0.55
,,2016 - 2017,0.6
,,2017 - 2018,0.47
,,2018 - 2019,0.64
,,2019 - 2020,0.64
,,2020 - 2021,0.51
,,2021 - 2022,0.51
,,2022 - 2023,0.47
,Cachar,2000 - 2001,0.35
,,2001 - 2002,0.35
,,2002 - 2003,0.35
,,2003 - 2004,0.35
,,2004 - 2005,0.51
,,2005 - 2006,0.51
,,2006 - 2007,0.46
,,2007 - 2008,0.48
,,2008 - 2009,0.5
,,2009 - 2010,0.5
,,2010 - 2011,0.51
,,2011 - 2012,0.55
,,2012 - 2013,0.6
,,2013 - 2014,0.66
,,2014 - 2015,0.64
,,2015 - 2016,0.52
,,2016 - 2017,0.51
,,2017 - 2018,0.51
,,2018 - 2019,0.55
,,2019 - 2020,0.53
,,2020 - 2021,0.52
,,2021 - 2022,0.53
,,2022 - 2023,0.59
,Charaideo,2020 - 2021,0.38
,,2021 - 2022,0.43
,,2022 - 2023,0.39
,Chirang,2005 - 2006,0.45
,,2006 - 2007,0.45
,,2007 - 2008,0.5
,,2008 - 2009,0.4
,,2009 - 2010,0.45
,,2010 - 2011,0.45
,,2011 - 2012,0.55
,,2012 - 2013,0.64
,,2013 - 2014,0.57
,,2014 - 2015,0.69
,,2015 - 2016,0.56
,,2016 - 2017,0.71
,,2017 - 2018,0.58
,,2018 - 2019,0.6
,,2019 - 2020,0.72
,,2020 - 2021,0.72
,,2021 - 2022,0.56
,,2022 - 2023,0.5
,Darrang,2000 - 2001,0.62
,,2001 - 2002,0.62
,,2002 - 2003,0.62
,,2003 - 2004,0.62
,,2004 - 2005,0.62
,,2005 - 2006,0.62
,,2006 - 2007,0.62
,,2007 - 2008,0.62
,,2008 - 2009,0.62
,,2009 - 2010,0.62
,,2010 - 2011,0.62
,,2011 - 2012,0.75
,,2012 - 2013,0.8
,,2013 - 2014,0.95
,,2014 - 2015,0.86
,,2015 - 2016,0.72
,,2016 - 2017,0.65
,,2017 - 2018,0.64
,,2018 - 2019,0.64
,,2019 - 2020,0.64
,,2020 - 2021,0.68
,,2021 - 2022,0.66
,,2022 - 2023,0.59
,Dhemaji,2000 - 2001,0.51
,,2001 - 2002,0.5
,,2002 - 2003,0.54
,,2003 - 2004,0.51
,,2004 - 2005,0.52
,,2005 - 2006,0.52
,,2006 - 2007,0.52
,,2007 - 2008,0.52
,,2008 - 2009,0.5
,,2009 - 2010,0.52
,,2010 - 2011,0.52
,,2011 - 2012,0.59
,,2012 - 2013,0.61
,,2013 - 2014,0.63
,,2014 - 2015,0.77
,,2015 - 2016,0.63
,,2016 - 2017,0.62
,,2017 - 2018,0.63
,,2018 - 2019,0.26
,,2019 - 2020,0.25
,,2020 - 2021,0.61
,,2021 - 2022,0.85
,,2022 - 2023,0.84
,Dhubri,2000 - 2001,0.5
,,2001 - 2002,0.5
,,2002 - 2003,0.5
,,2003 - 2004,0.5
,,2004 - 2005,0.5
,,2005 - 2006,0.5
,,2006 - 2007,0.5
,,2007 - 2008,0.5
,,2008 - 2009,0.5
,,2009 - 2010,0.5
,,2010 - 2011,0.5
,,2011 - 2012,0.61
,,2012 - 2013,0.71
,,2013 - 2014,0.73
,,2014 - 2015,0.77
,,2015 - 2016,0.75
,,2016 - 2017,0.74
,,2017 - 2018,0.74
,,2018 - 2019,0.74
,,2019 - 2020,0.74
,,2020 - 2021,0.74
,,2021 - 2022,0.74
,,2022 - 2023,0.74
,Dibrugarh,2000 - 2001,0.53
,,2001 - 2002,0.54
,,2002 - 2003,0.53
,,2003 - 2004,0.53
,,2004 - 2005,0.54
,,2005 - 2006,0.34
,,2006 - 2007,0.48
,,2007 - 2008,0.46
,,2008 - 2009,0.41
,,2009 - 2010,0.43
,,2010 - 2011,0.43
,,2011 - 2012,0.5
,,2012 - 2013,0.55
,,2013 - 2014,0.58
,,2014 - 2015,0.59
,,2015 - 2016,0.54
,,2016 - 2017,0.54
,,2017 - 2018,0.54
,,2018 - 2019,0.71
,,2019 - 2020,0.71
,,2020 - 2021,0.74
,,2021 - 2022,0.36
,,2022 - 2023,0.38
,Dima hasao,2000 - 2001,0.56
,,2001 - 2002,0.58
,,2002 - 2003,0.56
,,2003 - 2004,0.57
,,2004 - 2005,0.73
,,2005 - 2006,0.62
,,2006 - 2007,0.64
,,2007 - 2008,0.63
,,2008 - 2009,0.57
,,2009 - 2010,0.61
,,2010 - 2011,0.55
,,2011 - 2012,0.77
,,2012 - 2013,0.78
,,2013 - 2014,0.71
,,2014 - 2015,0.83
,,2015 - 2016,0.64
,,2016 - 2017,0.69
,,2017 - 2018,0.61
,,2018 - 2019,0.63
,,2019 - 2020,0.63
,,2020 - 2021,0.63
,,2021 - 2022,0.63
,,2022 - 2023,0.63
,Goalpara,2000 - 2001,0.38
,,2001 - 2002,0.38
,,2002 - 2003,0.37
,,2003 - 2004,0.37
,,2004 - 2005,0.38
,,2005 - 2006,0.38
,,2006 - 2007,0.45
,,2007 - 2008,0.37
,,2008 - 2009,0.37
,,2009 - 2010,0.38
,,2010 - 2011,0.38
,,2011 - 2012,0.49
,,2012 - 2013,0.51
,,2013 - 2014,1.3
,,2014 - 2015,0.54
,,2015 - 2016,0.58
,,2016 - 2017,0.6
,,2017 - 2018,0.8
,,2018 - 2019,0.8
,,2019 - 2020,0.8
,,2020 - 2021,0.8
,,2021 - 2022,0.81
,,2022 - 2023,0.81
,Golaghat,2000 - 2001,0.43
,,2001 - 2002,0.4
,,2002 - 2003,0.4
,,2003 - 2004,0.4
,,2004 - 2005,0.4
,,2005 - 2006,0.4
,,2006 - 2007,0.4
,,2007 - 2008,0.64
,,2008 - 2009,0.47
,,2009 - 2010,0.49
,,2010 - 2011,0.53
,,2011 - 2012,0.52
,,2012 - 2013,0.6
,,2013 - 2014,0.63
,,2014 - 2015,0.55
,,2015 - 2016,0.6
,,2016 - 2017,0.6
,,2017 - 2018,0.59
,,2018 - 2019,0.59
,,2019 - 2020,0.59
,,2020 - 2021,0.59
,,2021 - 2022,0.58
,,2022 - 2023,0.59
,Hailakandi,2000 - 2001,0.4
,,2001 - 2002,0.4
,,2002 - 2003,0.4
,,2003 - 2004,0.4
,,2004 - 2005,0.4
,,2005 - 2006,0.4
,,2006 - 2007,0.31
,,2007 - 2008,0.37
,,2008 - 2009,0.36
,,2009 - 2010,0.34
,,2010 - 2011,0.37
,,2011 - 2012,0.4
,,2012 - 2013,0.44
,,2013 - 2014,0.44
,,2014 - 2015,0.48
,,2015 - 2016,0.38
,,2016 - 2017,0.54
,,2017 - 2018,0.42
,,2018 - 2019,0.61
,,2019 - 2020,0.61
,,2020 - 2021,0.59
,,2021 - 2022,0.64
,,2022 - 2023,0.22
,Hojai,2020 - 2021,0.47
,,2021 - 2022,0.47
,,2022 - 2023,0.48
,Jorhat,2000 - 2001,0.47
,,2001 - 2002,0.47
,,2002 - 2003,0.46
,,2003 - 2004,0.46
,,2004 - 2005,0.45
,,2005 - 2006,0.47
,,2006 - 2007,0.47
,,2007 - 2008,0.45
,,2008 - 2009,0.43
,,2009 - 2010,0.45
,,2010 - 2011,0.54
,,2011 - 2012,0.57
,,2012 - 2013,0.61
,,2013 - 2014,0.67
,,2014 - 2015,0.65
,,2015 - 2016,0.65
,,2016 - 2017,0.65
,,2017 - 2018,0.66
,,2018 - 2019,0.68
,,2019 - 2020,0.67
,,2020 - 2021,0.57
,,2021 - 2022,0.6
,,2022 - 2023,0.57
,Kamrup,2000 - 2001,0.42
,,2001 - 2002,0.42
,,2002 - 2003,0.42
,,2003 - 2004,0.41
,,2004 - 2005,0.42
,,2005 - 2006,0.41
,,2006 - 2007,0.42
,,2007 - 2008,0.41
,,2008 - 2009,0.42
,,2009 - 2010,0.42
,,2010 - 2011,0.42
,,2011 - 2012,0.52
,,2012 - 2013,0.61
,,2013 - 2014,0.64
,,2014 - 2015,0.64
,,2015 - 2016,0.59
,,2016 - 2017,0.6
,,2017 - 2018,0.6
,,2018 - 2019,0.6
,,2019 - 2020,0.63
,,2020 - 2021,0.63
,,2021 - 2022,0.64
,,2022 - 2023,0.74
,Kamrup metro,2005 - 2006,0.4
,,2006 - 2007,0.4
,,2007 - 2008,0.42
,,2008 - 2009,0.4
,,2009 - 2010,0.41
,,2010 - 2011,0.41
,,2011 - 2012,0.5
,,2012 - 2013,0.53
,,2013 - 2014,0.54
,,2014 - 2015,0.57
,,2015 - 2016,0.54
,,2016 - 2017,0.61
,,2017 - 2018,0.6
,,2018 - 2019,0.59
,,2019 - 2020,0.63
,,2020 - 2021,0.63
,,2021 - 2022,0.64
,,2022 - 2023,0.82
,Karbi anglong,2000 - 2001,0.72
,,2001 - 2002,0.74
,,2002 - 2003,0.72
,,2003 - 2004,0.73
,,2004 - 2005,0.74
,,2005 - 2006,0.73
,,2006 - 2007,0.74
,,2007 - 2008,0.74
,,2008 - 2009,0.71
,,2009 - 2010,0.73
,,2010 - 2011,0.71
,,2011 - 2012,0.8
,,2012 - 2013,0.78
,,2013 - 2014,0.76
,,2014 - 2015,0.83
,,2015 - 2016,0.75
,,2016 - 2017,0.79
,,2017 - 2018,0.79
,,2018 - 2019,0.78
,,2019 - 2020,0.79
,,2020 - 2021,0.78
,,2021 - 2022,0.75
,,2022 - 2023,0.78
,Karimganj,2000 - 2001,0.41
,,2001 - 2002,0.43
,,2002 - 2003,0.46
,,2003 - 2004,0.46
,,2004 - 2005,0.44
,,2005 - 2006,0.44
,,2006 - 2007,0.5
,,2007 - 2008,0.5
,,2008 - 2009,0.42
,,2009 - 2010,0.42
,,2010 - 2011,0.42
,,2011 - 2012,0.54
,,2012 - 2013,0.57
,,2013 - 2014,0.67
,,2014 - 2015,0.63
,,2015 - 2016,0.44
,,2016 - 2017,0.6
,,2017 - 2018,0.81
,,2018 - 2019,0.6
,,2019 - 2020,0.5
,,2020 - 2021,0.58
,,2021 - 2022,0.6
,,2022 - 2023,0.6
,Kokrajhar,2000 - 2001,0.59
,,2001 - 2002,0.59
,,2002 - 2003,0.59
,,2003 - 2004,0.59
,,2004 - 2005,0.59
,,2005 - 2006,0.59
,,2006 - 2007,0.59
,,2007 - 2008,0.59
,,2008 - 2009,0.59
,,2009 - 2010,0.61
,,2010 - 2011,0.61
,,2011 - 2012,0.71
,,2012 - 2013,0.7
,,2013 - 2014,0.79
,,2014 - 2015,0.77
,,2015 - 2016,0.76
,,2016 - 2017,0.74
,,2017 - 2018,0.74
,,2018 - 2019,0.76
,,2019 - 2020,0.76
,,2020 - 2021,0.75
,,2021 - 2022,0.78
,,2022 - 2023,1.18
,Lakhimpur,2000 - 2001,0.37
,,2001 - 2002,0.36
,,2002 - 2003,0.36
,,2003 - 2004,0.36
,,2004 - 2005,0.36
,,2005 - 2006,0.36
,,2006 - 2007,0.36
,,2007 - 2008,0.36
,,2008 - 2009,0.35
,,2009 - 2010,0.36
,,2010 - 2011,0.36
,,2011 - 2012,0.44
,,2012 - 2013,0.42
,,2013 - 2014,0.47
,,2014 - 2015,0.7
,,2015 - 2016,0.65
,,2016 - 2017,0.63
,,2017 - 2018,0.72
,,2018 - 2019,0.53
,,2019 - 2020,0.53
,,2020 - 2021,0.53
,,2021 - 2022,0.53
,,2022 - 2023,0.53
,Majuli,2020 - 2021,0.69
,,2021 - 2022,0.7
,,2022 - 2023,0.7
,Marigaon,2000 - 2001,0.5
,,2001 - 2002,0.5
,,2002 - 2003,0.5
,,2003 - 2004,0.52
,,2004 - 2005,0.51
,,2005 - 2006,0.51
,,2006 - 2007,0.51
,,2007 - 2008,0.51
,,2008 - 2009,0.51
,,2009 - 2010,0.51
,,2010 - 2011,0.51
,,2011 - 2012,0.6
,,2012 - 2013,0.65
,,2013 - 2014,0.68
,,2014 - 2015,0.7
,,2015 - 2016,0.58
,,2016 - 2017,0.58
,,2017 - 2018,0.59
,,2018 - 2019,0.85
,,2019 - 2020,1.07
,,2020 - 2021,1.07
,,2021 - 2022,0.8
,,2022 - 2023,0.8
,Nagaon,2000 - 2001,0.44
,,2001 - 2002,0.43
,,2002 - 2003,0.44
,,2003 - 2004,0.44
,,2004 - 2005,0.43
,,2005 - 2006,0.44
,,2006 - 2007,0.44
,,2007 - 2008,0.44
,,2008 - 2009,0.48
,,2009 - 2010,0.44
,,2010 - 2011,0.46
,,2011 - 2012,0.54
,,2012 - 2013,0.63
,,2013 - 2014,0.63
,,2014 - 2015,0.67
,,2015 - 2016,0.6
,,2016 - 2017,0.66
,,2017 - 2018,0.45
,,2018 - 2019,0.45
,,2019 - 2020,0.45
,,2020 - 2021,0.47
,,2021 - 2022,0.47
,,2022 - 2023,0.48
,Nalbari,2000 - 2001,0.52
,,2001 - 2002,0.52
,,2002 - 2003,0.52
,,2003 - 2004,0.52
,,2004 - 2005,0.52
,,2005 - 2006,0.52
,,2006 - 2007,0.52
,,2007 - 2008,0.52
,,2008 - 2009,0.52
,,2009 - 2010,0.52
,,2010 - 2011,0.52
,,2011 - 2012,0.64
,,2012 - 2013,0.68
,,2013 - 2014,0.69
,,2014 - 2015,0.73
,,2015 - 2016,0.69
,,2016 - 2017,0.65
,,2017 - 2018,0.65
,,2018 - 2019,0.65
,,2019 - 2020,0.65
,,2020 - 2021,0.61
,,2021 - 2022,0.56
,,2022 - 2023,0.67
,Sivasagar,2000 - 2001,0.33
,,2001 - 2002,0.32
,,2002 - 2003,0.34
,,2003 - 2004,0.3
,,2004 - 2005,0.31
,,2005 - 2006,0.29
,,2006 - 2007,0.31
,,2007 - 2008,0.31
,,2008 - 2009,0.29
,,2009 - 2010,0.33
,,2010 - 2011,0.33
,,2011 - 2012,0.44
,,2012 - 2013,0.53
,,2013 - 2014,0.55
,,2014 - 2015,0.56
,,2015 - 2016,0.71
,,2016 - 2017,0.69
,,2017 - 2018,0.66
,,2018 - 2019,0.64
,,2019 - 2020,0.61
,,2020 - 2021,0.81
,,2021 - 2022,0.88
,,2022 - 2023,0.69
,Sonitpur,2000 - 2001,0.64
,,2001 - 2002,0.64
,,2002 - 2003,0.63
,,2003 - 2004,0.64
,,2004 - 2005,0.64
,,2005 - 2006,0.64
,,2006 - 2007,0.65
,,2007 - 2008,0.64
,,2008 - 2009,0.64
,,2009 - 2010,0.64
,,2010 - 2011,0.63
,,2011 - 2012,0.78
,,2012 - 2013,0.73
,,2013 - 2014,0.66
,,2014 - 2015,0.77
,,2015 - 2016,0.75
,,2016 - 2017,0.77
,,2017 - 2018,0.8
,,2018 - 2019,0.78
,,2019 - 2020,0.79
,,2020 - 2021,0.79
,,2021 - 2022,0.77
,,2022 - 2023,0.77
,South salmara mancachar,2020 - 2021,0.75
,,2021 - 2022,0.74
,,2022 - 2023,0.45
,Tinsukia,2000 - 2001,0.45
,,2001 - 2002,0.44
,,2002 - 2003,0.44
,,2003 - 2004,0.45
,,2004 - 2005,0.44
,,2005 - 2006,0.44
,,2006 - 2007,0.43
,,2007 - 2008,0.43
,,2008 - 2009,0.43
,,2009 - 2010,0.43
,,2010 - 2011,0.43
,,2011 - 2012,0.53
,,2012 - 2013,0.51
,,2013 - 2014,0.56
,,2014 - 2015,0.55
,,2015 - 2016,0.49
,,2016 - 2017,0.51
,,2017 - 2018,0.53
,,2018 - 2019,0.54
,,2019 - 2020,0.57
,,2020 - 2021,0.59
,,2021 - 2022,0.6
,,2022 - 2023,0.6
,Udalguri,2005 - 2006,0.62
,,2006 - 2007,0.62
,,2007 - 2008,0.62
,,2008 - 2009,1.0
,,2009 - 2010,0.62
,,2010 - 2011,0.62
,,2011 - 2012,0.75
,,2012 - 2013,0.8
,,2013 - 2014,0.82
,,2014 - 2015,0.86
,,2015 - 2016,0.61
,,2016 - 2017,0.64
,,2017 - 2018,0.64
,,2018 - 2019,0.94
,,2019 - 2020,0.97
,,2020 - 2021,0.91
,,2021 - 2022,0.92
,,2022 - 2023,0.97
,West karbi anglong,2020 - 2021,0.46
,,2021 - 2022,0.75
,,2022 - 2023,0.79
Bihar,Araria,2000 - 2001,0.5
,,2001 - 2002,0.5
,,2002 - 2003,0.52
,,2003 - 2004,0.73
,,2004 - 2005,0.78
,,2006 - 2007,0.75
,,2007 - 2008,0.78
,,2008 - 2009,0.74
,,2011 - 2012,0.89
,,2012 - 2013,0.87
,,2013 - 2014,0.9
,,2014 - 2015,0.88
,,2015 - 2016,0.92
,,2016 - 2017,0.88
,Arwal,2003 - 2004,0.78
,,2004 - 2005,0.7
,,2005 - 2006,0.94
,,2007 - 2008,0.81
,,2008 - 2009,0.81
,,2010 - 2011,0.79
,,2011 - 2012,0.88
,,2012 - 2013,0.88
,,2013 - 2014,0.88
,,2014 - 2015,0.88
,,2015 - 2016,1.06
,,2016 - 2017,0.88
,,2017 - 2018,0.86
,,2018 - 2019,0.89
,,2019 - 2020,0.92
,,2020 - 2021,0.82
,,2021 - 2022,1.0
,,2022 - 2023,1.0
,Aurangabad,2000 - 2001,0.55
,,2001 - 2002,0.72
,,2002 - 2003,0.88
,,2003 - 2004,0.48
,,2004 - 2005,0.63
,,2005 - 2006,0.8
,,2006 - 2007,0.75
,,2007 - 2008,0.81
,,2008 - 2009,0.8
,,2010 - 2011,0.82
,,2011 - 2012,0.86
,,2012 - 2013,0.92
,,2013 - 2014,0.89
,,2014 - 2015,0.85
,,2015 - 2016,1.0
,,2016 - 2017,1.67
,,2017 - 2018,0.89
,,2018 - 2019,1.0
,,2019 - 2020,0.89
,Banka,2000 - 2001,0.56
,,2001 - 2002,0.71
,,2005 - 2006,0.86
,,2007 - 2008,0.71
,,2008 - 2009,0.82
,,2010 - 2011,0.67
,,2017 - 2018,0.85
,,2018 - 2019,0.85
,,2019 - 2020,0.9
,,2020 - 2021,0.91
,,2021 - 2022,0.91
,,2022 - 2023,0.91
,Begusarai,2000 - 2001,0.19
,,2001 - 2002,0.64
,,2002 - 2003,0.61
,,2003 - 2004,0.76
,,2004 - 2005,0.76
,,2005 - 2006,0.79
,,2006 - 2007,0.76
,,2007 - 2008,0.83
,,2010 - 2011,0.76
,,2011 - 2012,0.89
,,2012 - 2013,0.91
,,2013 - 2014,0.88
,,2014 - 2015,0.88
,,2015 - 2016,0.88
,,2016 - 2017,0.9
,,2017 - 2018,0.87
,,2018 - 2019,0.85
,,2019 - 2020,0.86
,,2020 - 2021,0.75
,,2021 - 2022,0.88
,,2022 - 2023,0.92
,Bhagalpur,2000 - 2001,0.57
,,2001 - 2002,0.74
,,2002 - 2003,0.5
,,2003 - 2004,0.67
,,2004 - 2005,0.78
,,2005 - 2006,0.79
,,2006 - 2007,0.75
,,2007 - 2008,0.83
,,2008 - 2009,0.82
,,2010 - 2011,0.78
,,2011 - 2012,0.88
,,2012 - 2013,0.88
,,2013 - 2014,0.89
,,2014 - 2015,0.87
,,2015 - 2016,0.85
,,2016 - 2017,0.85
,,2017 - 2018,0.91
,,2018 - 2019,0.92
,,2019 - 2020,0.92
,,2020 - 2021,0.92
,,2021 - 2022,0.91
,,2022 - 2023,0.91
,Bhojpur,2000 - 2001,0.57
,,2001 - 2002,0.83
,,2002 - 2003,0.74
,,2003 - 2004,1.0
,,2004 - 2005,0.78
,,2005 - 2006,0.93
,,2006 - 2007,0.79
,,2007 - 2008,0.75
,,2008 - 2009,0.83
,,2010 - 2011,0.79
,,2011 - 2012,0.88
,,2012 - 2013,0.89
,,2013 - 2014,0.89
,,2014 - 2015,0.89
,,2015 - 2016,0.87
,Buxar,2004 - 2005,1.0
,Darbhanga,2002 - 2003,0.0
,,2003 - 2004,0.73
,,2004 - 2005,0.79
,,2005 - 2006,0.71
,,2006 - 2007,0.5
,,2008 - 2009,1.0
,,2010 - 2011,0.82
,,2011 - 2012,1.0
,,2012 - 2013,1.0
,,2013 - 2014,1.0
,,2014 - 2015,1.0
,Gaya,2000 - 2001,0.55
,,2001 - 2002,0.6
,,2002 - 2003,0.71
,,2003 - 2004,0.74
,,2004 - 2005,0.78
,,2005 - 2006,0.91
,,2006 - 2007,0.78
,,2007 - 2008,0.8
,,2008 - 2009,0.78
,,2010 - 2011,0.79
,,2011 - 2012,0.87
,,2012 - 2013,0.89
,,2013 - 2014,0.87
,,2014 - 2015,0.88
,,2015 - 2016,0.87
,,2016 - 2017,0.87
,,2017 - 2018,0.88
,,2018 - 2019,0.88
,,2019 - 2020,0.89
,Gopalganj,2000 - 2001,0.6
,,2001 - 2002,0.5
,,2002 - 2003,0.69
,,2003 - 2004,0.83
,,2006 - 2007,1.0
,,2008 - 2009,1.0
,,2010 - 2011,0.78
,,2018 - 2019,0.9
,,2022 - 2023,0.87
,Jamui,2013 - 2014,1.0
,,2014 - 2015,1.0
,Jehanabad,2000 - 2001,0.55
,,2001 - 2002,0.62
,,2002 - 2003,0.86
,,2003 - 2004,0.5
,,2004 - 2005,0.5
,,2005 - 2006,1.08
,,2006 - 2007,0.78
,,2007 - 2008,0.83
,,2008 - 2009,0.67
,,2010 - 2011,0.67
,,2011 - 2012,0.88
,,2012 - 2013,0.88
,,2013 - 2014,0.87
,Kaimur (bhabua),2000 - 2001,0.57
,,2001 - 2002,0.83
,,2002 - 2003,0.76
,,2003 - 2004,0.88
,,2004 - 2005,0.88
,,2005 - 2006,1.02
,,2006 - 2007,0.9
,,2007 - 2008,0.84
,,2008 - 2009,0.93
,,2010 - 2011,0.67
,,2011 - 2012,0.8
,,2019 - 2020,0.87
,,2020 - 2021,0.87
,,2021 - 2022,0.9
,,2022 - 2023,0.9
,Katihar,2000 - 2001,0.43
,,2001 - 2002,0.38
,,2002 - 2003,0.67
,,2004 - 2005,0.76
,,2005 - 2006,0.78
,,2006 - 2007,0.73
,,2007 - 2008,0.8
,,2008 - 2009,0.86
,,2011 - 2012,0.83
,,2012 - 2013,1.0
,,2013 - 2014,1.0
,,2016 - 2017,1.0
,,2018 - 2019,0.87
,,2019 - 2020,0.88
,,2020 - 2021,0.9
,,2021 - 2022,0.9
,,2022 - 2023,0.8
,Khagaria,2000 - 2001,1.0
,,2005 - 2006,1.0
,,2006 - 2007,1.0
,,2007 - 2008,0.82
,,2008 - 2009,0.86
,,2010 - 2011,0.78
,,2011 - 2012,1.0
,,2013 - 2014,0.87
,,2014 - 2015,0.85
,,2015 - 2016,0.88
,,2016 - 2017,0.88
,,2017 - 2018,0.88
,,2018 - 2019,0.88
,,2021 - 2022,1.0
,,2022 - 2023,0.85
,Kishanganj,2000 - 2001,0.46
,,2001 - 2002,0.6
,,2002 - 2003,0.78
,,2003 - 2004,0.76
,,2004 - 2005,0.78
,,2005 - 2006,0.75
,,2006 - 2007,0.76
,,2007 - 2008,0.8
,,2008 - 2009,0.77
,,2010 - 2011,0.79
,,2011 - 2012,0.88
,,2012 - 2013,0.88
,,2013 - 2014,0.87
,,2014 - 2015,0.87
,,2015 - 2016,0.87
,,2016 - 2017,0.87
,,2017 - 2018,0.87
,,2018 - 2019,0.87
,,2019 - 2020,0.87
,,2020 - 2021,0.88
,,2021 - 2022,0.87
,,2022 - 2023,0.88
,Madhepura,2000 - 2001,0.67
,,2001 - 2002,0.64
,,2002 - 2003,0.73
,,2003 - 2004,0.77
,,2004 - 2005,0.74
,,2005 - 2006,0.84
,,2006 - 2007,0.71
,,2007 - 2008,0.8
,,2008 - 2009,0.78
,,2010 - 2011,0.8
,,2011 - 2012,0.87
,,2012 - 2013,0.86
,,2013 - 2014,0.87
,,2014 - 2015,0.89
,,2015 - 2016,0.84
,,2016 - 2017,0.89
,,2017 - 2018,0.88
,,2018 - 2019,0.88
,,2019 - 2020,0.88
,,2020 - 2021,0.86
,,2021 - 2022,0.85
,,2022 - 2023,0.83
,Madhubani,2000 - 2001,0.53
,,2001 - 2002,0.68
,,2002 - 2003,0.71
,,2003 - 2004,0.69
,,2004 - 2005,0.72
,,2005 - 2006,0.67
,,2006 - 2007,0.67
,,2007 - 2008,0.82
,,2008 - 2009,0.77
,,2010 - 2011,0.79
,,2011 - 2012,0.89
,,2012 - 2013,0.89
,,2013 - 2014,0.89
,,2014 - 2015,0.9
,,2015 - 2016,0.87
,,2016 - 2017,0.86
,,2017 - 2018,0.89
,,2018 - 2019,0.89
,,2019 - 2020,0.87
,,2020 - 2021,0.88
,,2021 - 2022,0.88
,,2022 - 2023,0.88
,Muzaffarpur,2000 - 2001,1.0
,,2001 - 2002,0.67
,,2002 - 2003,0.5
,,2003 - 2004,0.75
,,2004 - 2005,0.76
,,2005 - 2006,0.8
,,2006 - 2007,0.79
,,2007 - 2008,0.82
,,2008 - 2009,0.76
,,2010 - 2011,0.77
,,2011 - 2012,0.91
,,2012 - 2013,0.89
,,2013 - 2014,0.88
,,2014 - 2015,0.87
,,2015 - 2016,0.82
,,2016 - 2017,0.87
,,2017 - 2018,0.86
,,2018 - 2019,0.86
,,2019 - 2020,0.87
,,2020 - 2021,0.86
,,2021 - 2022,0.88
,,2022 - 2023,0.88
,Nalanda,2000 - 2001,0.56
,,2001 - 2002,0.55
,,2002 - 2003,0.76
,,2003 - 2004,0.79
,,2004 - 2005,0.81
,,2005 - 2006,0.9
,,2006 - 2007,0.8
,,2007 - 2008,0.71
,,2008 - 2009,0.83
,,2017 - 2018,1.0
,,2018 - 2019,0.8
,,2019 - 2020,0.83
,,2020 - 2021,1.0
,,2021 - 2022,0.8
,Nawada,2000 - 2001,0.58
,,2001 - 2002,0.59
,,2002 - 2003,0.82
,,2003 - 2004,0.54
,,2004 - 2005,0.78
,,2005 - 2006,0.81
,,2006 - 2007,0.77
,,2007 - 2008,0.84
,,2008 - 2009,0.78
,,2010 - 2011,0.81
,,2011 - 2012,0.88
,,2012 - 2013,0.88
,,2013 - 2014,0.87
,,2014 - 2015,0.87
,,2015 - 2016,0.86
,,2016 - 2017,0.86
,,2017 - 2018,0.88
,,2018 - 2019,0.87
,,2019 - 2020,0.88
,,2020 - 2021,0.87
,,2021 - 2022,0.87
,,2022 - 2023,0.94
,Pashchim champaran,2000 - 2001,0.7
,,2001 - 2002,0.65
,,2002 - 2003,0.58
,,2003 - 2004,0.73
,,2004 - 2005,0.78
,,2005 - 2006,0.8
,,2006 - 2007,0.78
,,2007 - 2008,0.78
,,2008 - 2009,0.81
,,2010 - 2011,0.79
,,2011 - 2012,0.89
,,2012 - 2013,0.88
,,2013 - 2014,0.87
,,2014 - 2015,0.88
,,2015 - 2016,0.86
,,2016 - 2017,0.87
,,2017 - 2018,0.87
,,2018 - 2019,0.87
,,2019 - 2020,0.89
,,2020 - 2021,0.88
,,2021 - 2022,0.92
,,2022 - 2023,0.86
,Patna,2006 - 2007,0.79
,,2008 - 2009,0.89
,,2011 - 2012,1.0
,,2012 - 2013,0.9
,,2013 - 2014,1.0
,,2014 - 2015,1.0
,,2015 - 2016,0.86
,,2016 - 2017,0.8
,,2019 - 2020,1.0
,,2020 - 2021,1.0
,Purbi champaran,2000 - 2001,0.7
,,2001 - 2002,0.63
,,2002 - 2003,0.51
,,2003 - 2004,0.75
,,2004 - 2005,0.76
,,2005 - 2006,0.81
,,2006 - 2007,0.77
,,2007 - 2008,0.81
,,2008 - 2009,0.79
,,2010 - 2011,0.79
,,2011 - 2012,0.89
,,2012 - 2013,0.87
,,2014 - 2015,0.9
,,2015 - 2016,0.81
,,2016 - 2017,0.89
,Purnia,2000 - 2001,0.44
,,2002 - 2003,0.77
,,2003 - 2004,0.71
,,2004 - 2005,0.75
,,2005 - 2006,0.75
,,2006 - 2007,0.71
,,2007 - 2008,1.0
,,2008 - 2009,0.75
,,2010 - 2011,0.75
,,2011 - 2012,0.85
,,2012 - 2013,1.0
,,2013 - 2014,1.0
,,2014 - 2015,1.0
,,2015 - 2016,0.87
,,2016 - 2017,0.88
,,2017 - 2018,0.88
,,2018 - 2019,0.89
,,2019 - 2020,1.0
,,2020 - 2021,1.0
,,2021 - 2022,1.0
,,2022 - 2023,0.8
,Rohtas,2000 - 2001,0.57
,,2001 - 2002,0.76
,,2002 - 2003,0.92
,,2003 - 2004,0.89
,,2004 - 2005,0.94
,,2005 - 2006,1.0
,,2006 - 2007,0.87
,,2007 - 2008,0.91
,,2008 - 2009,0.94
,,2010 - 2011,0.75
,,2011 - 2012,0.87
,,2012 - 2013,0.9
,,2013 - 2014,0.83
,Saharsa,2000 - 2001,0.5
,,2001 - 2002,0.6
,,2002 - 2003,0.69
,,2003 - 2004,0.75
,,2004 - 2005,0.79
,,2005 - 2006,0.67
,,2006 - 2007,0.76
,,2007 - 2008,1.0
,,2008 - 2009,1.0
,,2010 - 2011,0.82
,,2011 - 2012,0.89
,,2012 - 2013,1.0
,,2013 - 2014,0.8
,,2014 - 2015,1.0
,,2015 - 2016,1.0
,,2016 - 2017,1.0
,,2017 - 2018,1.0
,,2018 - 2019,1.0
,,2019 - 2020,1.0
,,2020 - 2021,1.0
,,2021 - 2022,1.0
,,2022 - 2023,0.75
,Samastipur,2000 - 2001,0.54
,,2001 - 2002,0.52
,,2002 - 2003,0.64
,,2003 - 2004,0.63
,,2004 - 2005,0.63
,,2005 - 2006,0.6
,,2006 - 2007,0.7
,,2007 - 2008,0.77
,,2008 - 2009,0.72
,,2010 - 2011,0.79
,,2011 - 2012,0.87
,,2012 - 2013,0.88
,,2013 - 2014,0.87
,,2014 - 2015,0.87
,,2015 - 2016,0.87
,,2016 - 2017,0.87
,,2017 - 2018,0.87
,,2018 - 2019,0.87
,,2019 - 2020,0.87
,,2020 - 2021,0.87
,,2021 - 2022,0.87
,,2022 - 2023,0.88
,Saran,2002 - 2003,1.0
,,2003 - 2004,0.78
,,2004 - 2005,0.67
,,2006 - 2007,0.75
,,2011 - 2012,1.0
,,2012 - 2013,0.88
,,2013 - 2014,0.84
,,2014 - 2015,0.86
,,2015 - 2016,0.88
,Sheikhpura,2006 - 2007,0.79
,,2010 - 2011,1.0
,,2015 - 2016,0.88
,,2016 - 2017,1.0
,Sheohar,2010 - 2011,0.79
,,2011 - 2012,0.87
,,2012 - 2013,0.89
,,2013 - 2014,0.87
,,2014 - 2015,0.88
,,2015 - 2016,0.86
,,2016 - 2017,0.9
,,2017 - 2018,0.88
,,2018 - 2019,0.85
,,2019 - 2020,0.87
,,2020 - 2021,0.87
,,2021 - 2022,0.87
,,2022 - 2023,0.86
,Sitamarhi,2000 - 2001,0.8
,,2003 - 2004,0.67
,,2012 - 2013,0.89
,,2013 - 2014,0.87
,,2014 - 2015,0.87
,,2015 - 2016,0.86
,,2016 - 2017,0.86
,,2017 - 2018,0.86
,,2018 - 2019,0.86
,,2019 - 2020,0.86
,,2020 - 2021,0.85
,,2021 - 2022,0.87
,,2022 - 2023,0.87
,Siwan,2000 - 2001,0.56
,,2001 - 2002,0.61
,,2002 - 2003,0.57
,,2003 - 2004,0.72
,,2004 - 2005,0.77
,,2005 - 2006,0.8
,,2006 - 2007,0.77
,,2007 - 2008,0.72
,,2008 - 2009,0.8
,,2010 - 2011,0.8
,,2011 - 2012,0.9
,,2012 - 2013,1.0
,,2013 - 2014,0.9
,,2014 - 2015,0.89
,,2015 - 2016,0.89
,,2016 - 2017,0.86
,,2017 - 2018,0.86
,,2018 - 2019,0.86
,,2019 - 2020,0.86
,,2020 - 2021,0.86
,,2021 - 2022,0.86
,,2022 - 2023,0.86
,Supaul,2000 - 2001,0.62
,,2001 - 2002,0.6
,,2002 - 2003,0.77
,,2003 - 2004,0.77
,,2004 - 2005,0.77
,,2005 - 2006,0.8
,,2006 - 2007,0.77
,,2007 - 2008,0.81
,,2008 - 2009,0.82
,,2010 - 2011,0.79
,,2011 - 2012,0.89
,,2012 - 2013,0.88
,,2013 - 2014,0.87
,,2014 - 2015,0.87
,,2015 - 2016,0.86
,,2016 - 2017,0.87
,,2017 - 2018,0.88
,,2018 - 2019,0.88
,,2019 - 2020,0.89
,,2020 - 2021,0.87
,,2021 - 2022,0.88
,,2022 - 2023,0.87
,Vaishali,2000 - 2001,0.71
,,2001 - 2002,0.73
,,2002 - 2003,0.57
,,2003 - 2004,0.69
,,2004 - 2005,0.8
,,2005 - 2006,0.81
,,2006 - 2007,0.77
,,2007 - 2008,0.72
,,2008 - 2009,0.78
,,2010 - 2011,0.76
,,2011 - 2012,0.88
,,2012 - 2013,0.88
,,2013 - 2014,0.89
,,2014 - 2015,0.88
,,2015 - 2016,0.88
,,2016 - 2017,0.9
,,2017 - 2018,0.88
,,2018 - 2019,0.22
Chhattisgarh,Balod,2011 - 2012,0.38
,,2012 - 2013,0.27
,,2013 - 2014,0.25
,,2014 - 2015,0.35
,,2015 - 2016,0.35
,,2016 - 2017,0.39
,,2017 - 2018,0.3
,,2018 - 2019,0.32
,,2019 - 2020,0.3
,,2020 - 2021,0.38
,,2021 - 2022,0.53
,,2022 - 2023,0.42
,Baloda bazar,2011 - 2012,0.33
,,2012 - 2013,0.3
,,2013 - 2014,0.27
,,2014 - 2015,0.41
,,2015 - 2016,0.39
,,2016 - 2017,0.38
,,2017 - 2018,0.24
,,2018 - 2019,0.26
,,2019 - 2020,0.39
,,2020 - 2021,0.36
,,2021 - 2022,0.48
,,2022 - 2023,0.48
,Balrampur,2011 - 2012,0.36
,,2012 - 2013,0.3
,,2013 - 2014,0.31
,,2014 - 2015,0.44
,,2015 - 2016,0.4
,,2016 - 2017,0.37
,,2017 - 2018,0.29
,,2018 - 2019,0.31
,,2019 - 2020,0.38
,,2020 - 2021,0.4
,,2021 - 2022,0.57
,,2022 - 2023,0.44
,Bastar,2000 - 2001,0.22
,,2001 - 2002,0.32
,,2002 - 2003,0.32
,,2003 - 2004,0.38
,,2004 - 2005,0.43
,,2005 - 2006,0.37
,,2006 - 2007,0.43
,,2007 - 2008,0.43
,,2008 - 2009,0.36
,,2009 - 2010,0.52
,,2010 - 2011,0.45
,,2011 - 2012,0.54
,,2012 - 2013,0.34
,,2013 - 2014,0.35
,,2014 - 2015,0.56
,,2015 - 2016,0.52
,,2016 - 2017,0.52
,,2017 - 2018,0.41
,,2018 - 2019,0.46
,,2019 - 2020,0.51
,,2020 - 2021,0.48
,,2021 - 2022,0.66
,,2022 - 2023,0.66
,Bemetara,2011 - 2012,0.38
,,2012 - 2013,0.26
,,2013 - 2014,0.22
,,2014 - 2015,0.39
,,2015 - 2016,0.32
,,2016 - 2017,0.37
,,2017 - 2018,0.31
,,2018 - 2019,0.33
,,2019 - 2020,0.34
,,2020 - 2021,0.33
,,2021 - 2022,0.53
,,2022 - 2023,0.37
,Bijapur,2006 - 2007,0.0
,,2007 - 2008,0.35
,,2008 - 2009,0.21
,,2009 - 2010,0.33
,,2010 - 2011,0.27
,,2011 - 2012,0.19
,,2012 - 2013,0.28
,,2013 - 2014,0.24
,,2014 - 2015,0.34
,,2015 - 2016,0.29
,,2016 - 2017,0.23
,,2017 - 2018,0.17
,,2018 - 2019,0.25
,,2019 - 2020,0.29
,,2020 - 2021,0.25
,,2021 - 2022,0.36
,,2022 - 2023,0.5
,Bilaspur,2000 - 2001,0.13
,,2001 - 2002,0.21
,,2002 - 2003,0.22
,,2003 - 2004,0.27
,,2004 - 2005,0.26
,,2005 - 2006,0.27
,,2006 - 2007,0.27
,,2007 - 2008,0.28
,,2008 - 2009,0.26
,,2009 - 2010,0.48
,,2010 - 2011,0.34
,,2011 - 2012,0.4
,,2012 - 2013,0.28
,,2013 - 2014,0.27
,,2014 - 2015,0.45
,,2015 - 2016,0.41
,,2016 - 2017,0.41
,,2017 - 2018,0.31
,,2018 - 2019,0.38
,,2019 - 2020,0.44
,,2020 - 2021,0.4
,,2021 - 2022,0.54
,,2022 - 2023,0.44
,Dantewada,2000 - 2001,0.18
,,2001 - 2002,0.27
,,2002 - 2003,0.29
,,2003 - 2004,0.32
,,2004 - 2005,0.28
,,2005 - 2006,0.27
,,2006 - 2007,0.38
,,2007 - 2008,0.35
,,2008 - 2009,0.32
,,2009 - 2010,0.33
,,2010 - 2011,0.35
,,2011 - 2012,0.39
,,2012 - 2013,0.24
,,2013 - 2014,0.3
,,2014 - 2015,0.32
,,2015 - 2016,0.3
,,2016 - 2017,0.41
,,2017 - 2018,0.19
,,2018 - 2019,0.35
,,2019 - 2020,0.43
,,2020 - 2021,0.31
,,2021 - 2022,0.56
,,2022 - 2023,0.37
,Dhamtari,2000 - 2001,0.13
,,2001 - 2002,0.25
,,2002 - 2003,0.26
,,2003 - 2004,0.31
,,2004 - 2005,0.35
,,2005 - 2006,0.34
,,2006 - 2007,0.33
,,2007 - 2008,0.34
,,2008 - 2009,0.34
,,2009 - 2010,0.54
,,2010 - 2011,0.39
,,2011 - 2012,0.46
,,2012 - 2013,0.31
,,2013 - 2014,0.29
,,2014 - 2015,0.51
,,2015 - 2016,0.48
,,2016 - 2017,0.48
,,2017 - 2018,0.37
,,2018 - 2019,0.33
,,2019 - 2020,0.52
,,2020 - 2021,0.52
,,2021 - 2022,0.78
,,2022 - 2023,0.61
,Durg,2000 - 2001,0.15
,,2001 - 2002,0.23
,,2002 - 2003,0.24
,,2003 - 2004,0.29
,,2004 - 2005,0.27
,,2005 - 2006,0.3
,,2006 - 2007,0.29
,,2007 - 2008,0.3
,,2008 - 2009,0.28
,,2009 - 2010,0.41
,,2010 - 2011,0.33
,,2011 - 2012,0.38
,,2012 - 2013,0.26
,,2013 - 2014,0.27
,,2014 - 2015,0.47
,,2015 - 2016,0.39
,,2016 - 2017,0.42
,,2017 - 2018,0.28
,,2018 - 2019,0.32
,,2019 - 2020,0.35
,,2020 - 2021,0.44
,,2021 - 2022,0.64
,,2022 - 2023,0.7
,Gariyaband,2011 - 2012,0.33
,,2012 - 2013,0.26
,,2013 - 2014,0.25
,,2014 - 2015,0.37
,,2015 - 2016,0.34
,,2016 - 2017,0.34
,,2017 - 2018,0.24
,,2018 - 2019,0.3
,,2019 - 2020,0.42
,,2020 - 2021,0.52
,,2021 - 2022,0.62
,,2022 - 2023,0.5
,Gaurella-pendra-marwahi,2019 - 2020,0.43
,,2020 - 2021,0.4
,,2021 - 2022,0.6
,,2022 - 2023,0.49
,Janjgir-champa,2000 - 2001,0.17
,,2001 - 2002,0.22
,,2002 - 2003,0.26
,,2003 - 2004,0.29
,,2004 - 2005,0.3
,,2005 - 2006,0.29
,,2006 - 2007,0.3
,,2007 - 2008,0.32
,,2008 - 2009,0.26
,,2009 - 2010,0.5
,,2010 - 2011,0.43
,,2011 - 2012,0.43
,,2012 - 2013,0.29
,,2013 - 2014,0.32
,,2014 - 2015,0.46
,,2015 - 2016,0.46
,,2016 - 2017,0.48
,,2017 - 2018,0.34
,,2018 - 2019,0.38
,,2019 - 2020,0.47
,,2020 - 2021,0.51
,,2021 - 2022,0.92
,,2022 - 2023,0.61
,Jashpur,2000 - 2001,0.21
,,2001 - 2002,0.26
,,2002 - 2003,0.28
,,2003 - 2004,0.3
,,2004 - 2005,0.28
,,2005 - 2006,0.3
,,2006 - 2007,0.28
,,2007 - 2008,0.33
,,2008 - 2009,0.29
,,2009 - 2010,0.52
,,2010 - 2011,0.38
,,2011 - 2012,0.42
,,2012 - 2013,0.31
,,2013 - 2014,0.31
,,2014 - 2015,0.49
,,2015 - 2016,0.37
,,2016 - 2017,0.37
,,2017 - 2018,0.35
,,2018 - 2019,0.37
,,2019 - 2020,0.44
,,2020 - 2021,0.4
,,2021 - 2022,0.58
,,2022 - 2023,0.49
,Kabirdham,2000 - 2001,0.15
,,2001 - 2002,0.22
,,2002 - 2003,0.27
,,2003 - 2004,0.23
,,2004 - 2005,0.31
,,2005 - 2006,0.24
,,2006 - 2007,0.26
,,2007 - 2008,0.27
,,2008 - 2009,0.27
,,2009 - 2010,0.39
,,2010 - 2011,0.27
,,2011 - 2012,0.32
,,2012 - 2013,0.27
,,2013 - 2014,0.25
,,2014 - 2015,0.43
,,2015 - 2016,0.35
,,2016 - 2017,0.26
,,2017 - 2018,0.25
,,2018 - 2019,0.2
,,2019 - 2020,0.33
,,2020 - 2021,0.31
,,2021 - 2022,0.55
,,2022 - 2023,0.45
,Kanker,2000 - 2001,0.2
,,2001 - 2002,0.32
,,2002 - 2003,0.16
,,2003 - 2004,0.34
,,2004 - 2005,0.42
,,2005 - 2006,0.27
,,2006 - 2007,0.36
,,2007 - 2008,0.41
,,2008 - 2009,0.32
,,2009 - 2010,0.73
,,2010 - 2011,0.49
,,2011 - 2012,0.6
,,2012 - 2013,0.43
,,2013 - 2014,0.36
,,2014 - 2015,0.52
,,2015 - 2016,0.39
,,2016 - 2017,0.66
,,2017 - 2018,0.46
,,2018 - 2019,0.51
,,2019 - 2020,0.41
,,2020 - 2021,0.53
,,2021 - 2022,0.79
,,2022 - 2023,0.71
,Khairgarh chhuikhadan gandai,2022 - 2023,0.74
,Kondagaon,2011 - 2012,0.53
,,2012 - 2013,0.34
,,2013 - 2014,0.33
,,2014 - 2015,0.55
,,2015 - 2016,0.45
,,2016 - 2017,0.6
,,2017 - 2018,0.37
,,2018 - 2019,0.44
,,2019 - 2020,0.59
,,2020 - 2021,0.51
,,2021 - 2022,0.74
,,2022 - 2023,0.58
,Korba,2000 - 2001,0.15
,,2001 - 2002,0.21
,,2002 - 2003,0.25
,,2003 - 2004,0.25
,,2004 - 2005,0.22
,,2005 - 2006,0.25
,,2006 - 2007,0.21
,,2007 - 2008,0.24
,,2008 - 2009,0.26
,,2009 - 2010,0.35
,,2010 - 2011,0.29
,,2011 - 2012,0.32
,,2012 - 2013,0.27
,,2013 - 2014,0.21
,,2014 - 2015,0.43
,,2015 - 2016,0.29
,,2016 - 2017,0.35
,,2017 - 2018,0.27
,,2018 - 2019,0.28
,,2019 - 2020,0.36
,,2020 - 2021,0.39
,,2021 - 2022,0.62
,,2022 - 2023,0.48
,Korea,2000 - 2001,0.17
,,2001 - 2002,0.2
,,2002 - 2003,0.15
,,2003 - 2004,0.24
,,2004 - 2005,0.26
,,2005 - 2006,0.25
,,2006 - 2007,0.26
,,2007 - 2008,0.26
,,2008 - 2009,0.32
,,2009 - 2010,0.39
,,2010 - 2011,0.25
,,2011 - 2012,0.32
,,2012 - 2013,0.23
,,2013 - 2014,0.24
,,2014 - 2015,0.41
,,2015 - 2016,0.28
,,2016 - 2017,0.36
,,2017 - 2018,0.28
,,2018 - 2019,0.32
,,2019 - 2020,0.42
,,2020 - 2021,0.29
,,2021 - 2022,0.44
,,2022 - 2023,0.37
,Mahasamund,2000 - 2001,0.23
,,2001 - 2002,0.28
,,2002 - 2003,0.28
,,2003 - 2004,0.23
,,2004 - 2005,0.29
,,2005 - 2006,0.28
,,2006 - 2007,0.34
,,2007 - 2008,0.33
,,2008 - 2009,0.35
,,2009 - 2010,0.42
,,2010 - 2011,0.36
,,2011 - 2012,0.41
,,2012 - 2013,0.29
,,2013 - 2014,0.28
,,2014 - 2015,0.46
,,2015 - 2016,0.43
,,2016 - 2017,0.43
,,2017 - 2018,0.33
,,2018 - 2019,0.37
,,2019 - 2020,0.42
,,2020 - 2021,0.42
,,2021 - 2022,0.62
,,2022 - 2023,0.51
,Manendragarh chirimiri bharatpur,2022 - 2023,0.36
,Mohla manpur ambagarh chouki,2022 - 2023,0.73
,Mungeli,2011 - 2012,0.39
,,2012 - 2013,0.27
,,2013 - 2014,0.28
,,2014 - 2015,0.46
,,2015 - 2016,0.4
,,2016 - 2017,0.42
,,2017 - 2018,0.26
,,2018 - 2019,0.38
,,2019 - 2020,0.45
,,2020 - 2021,0.44
,,2021 - 2022,0.51
,,2022 - 2023,0.46
,Narayanpur,2006 - 2007,0.0
,,2007 - 2008,0.44
,,2008 - 2009,0.35
,,2009 - 2010,0.51
,,2010 - 2011,0.43
,,2011 - 2012,0.56
,,2012 - 2013,0.24
,,2013 - 2014,0.25
,,2014 - 2015,0.48
,,2015 - 2016,0.41
,,2016 - 2017,0.42
,,2017 - 2018,0.47
,,2018 - 2019,0.47
,,2019 - 2020,0.46
,,2020 - 2021,0.67
,,2021 - 2022,1.0
,,2022 - 2023,0.5
,Raigarh,2000 - 2001,0.16
,,2001 - 2002,0.24
,,2002 - 2003,0.28
,,2003 - 2004,0.28
,,2004 - 2005,0.28
,,2005 - 2006,0.32
,,2006 - 2007,0.31
,,2007 - 2008,0.36
,,2008 - 2009,0.34
,,2009 - 2010,0.54
,,2010 - 2011,0.4
,,2011 - 2012,0.48
,,2012 - 2013,0.34
,,2013 - 2014,0.32
,,2014 - 2015,0.56
,,2015 - 2016,0.54
,,2016 - 2017,0.53
,,2017 - 2018,0.4
,,2018 - 2019,0.43
,,2019 - 2020,0.55
,,2020 - 2021,0.57
,,2021 - 2022,0.83
,,2022 - 2023,0.67
,Raipur,2000 - 2001,0.15
,,2001 - 2002,0.24
,,2002 - 2003,0.27
,,2003 - 2004,0.29
,,2004 - 2005,0.32
,,2005 - 2006,0.31
,,2006 - 2007,0.29
,,2007 - 2008,0.3
,,2008 - 2009,0.34
,,2009 - 2010,0.43
,,2010 - 2011,0.35
,,2011 - 2012,0.33
,,2012 - 2013,0.3
,,2013 - 2014,0.31
,,2014 - 2015,0.52
,,2015 - 2016,0.48
,,2016 - 2017,0.48
,,2017 - 2018,0.32
,,2018 - 2019,0.44
,,2019 - 2020,0.32
,,2020 - 2021,0.5
,,2021 - 2022,0.69
,,2022 - 2023,0.64
,Rajnandgaon,2000 - 2001,0.16
,,2001 - 2002,0.23
,,2002 - 2003,0.26
,,2003 - 2004,0.29
,,2004 - 2005,0.33
,,2005 - 2006,0.32
,,2006 - 2007,0.3
,,2007 - 2008,0.32
,,2008 - 2009,0.21
,,2009 - 2010,0.43
,,2010 - 2011,0.28
,,2011 - 2012,0.34
,,2012 - 2013,0.28
,,2013 - 2014,0.28
,,2014 - 2015,0.48
,,2015 - 2016,0.38
,,2016 - 2017,0.4
,,2017 - 2018,0.27
,,2018 - 2019,0.36
,,2019 - 2020,0.43
,,2020 - 2021,0.6
,,2021 - 2022,0.87
,,2022 - 2023,0.73
,Sakti,2022 - 2023,0.53
,Sarangarh bilaigarh,2022 - 2023,0.5
,Sukma,2011 - 2012,0.38
,,2012 - 2013,0.25
,,2013 - 2014,0.22
,,2014 - 2015,0.35
,,2015 - 2016,0.36
,,2016 - 2017,0.38
,,2017 - 2018,0.25
,,2018 - 2019,0.32
,,2019 - 2020,0.23
,,2020 - 2021,0.23
,,2021 - 2022,0.46
,,2022 - 2023,0.39
,Surajpur,2011 - 2012,0.36
,,2012 - 2013,0.28
,,2013 - 2014,0.31
,,2014 - 2015,0.47
,,2015 - 2016,0.28
,,2016 - 2017,0.31
,,2017 - 2018,0.29
,,2018 - 2019,0.35
,,2019 - 2020,0.43
,,2020 - 2021,0.36
,,2021 - 2022,0.62
,,2022 - 2023,0.39
,Surguja,2000 - 2001,0.17
,,2001 - 2002,0.25
,,2002 - 2003,0.27
,,2003 - 2004,0.3
,,2004 - 2005,0.33
,,2005 - 2006,0.32
,,2006 - 2007,0.33
,,2007 - 2008,0.32
,,2008 - 2009,0.29
,,2009 - 2010,0.42
,,2010 - 2011,0.28
,,2011 - 2012,0.36
,,2012 - 2013,0.34
,,2013 - 2014,0.31
,,2014 - 2015,0.46
,,2015 - 2016,0.43
,,2016 - 2017,0.4
,,2017 - 2018,0.29
,,2018 - 2019,0.37
,,2019 - 2020,0.45
,,2020 - 2021,0.45
,,2021 - 2022,0.68
,,2022 - 2023,0.5
Dadra and Nagar Haveli,Dadra and Nagar Haveli,2005 - 2006,
,,2006 - 2007,
,,2010 - 2011,
,,2011 - 2012,
,,2012 - 2013,
,,2016 - 2017,0.25
,,2018 - 2019,0.25
,,2019 - 2020,0.25
Gujarat,Ahmadabad,2000 - 2001,0.16
,,2001 - 2002,0.56
,,2002 - 2003,0.44
,,2003 - 2004,0.52
,,2004 - 2005,0.19
,,2005 - 2006,0.26
,,2006 - 2007,0.25
,,2007 - 2008,0.27
,,2008 - 2009,0.34
,,2009 - 2010,0.28
,,2010 - 2011,0.4
,,2011 - 2012,0.44
,,2012 - 2013,0.5
,,2013 - 2014,0.4
,,2014 - 2015,0.59
,,2015 - 2016,0.34
,,2016 - 2017,0.53
,,2017 - 2018,0.45
,,2018 - 2019,0.54
,,2019 - 2020,0.38
,,2020 - 2021,0.19
,,2021 - 2022,0.33
,,2022 - 2023,0.25
,Amreli,2000 - 2001,0.17
,,2001 - 2002,0.75
,,2002 - 2003,0.57
,,2003 - 2004,0.58
,,2004 - 2005,0.18
,,2005 - 2006,0.47
,,2006 - 2007,0.33
,,2007 - 2008,0.49
,,2008 - 2009,0.42
,,2009 - 2010,0.25
,,2010 - 2011,0.44
,,2011 - 2012,0.3
,,2012 - 2013,0.12
,,2013 - 2014,0.46
,,2014 - 2015,0.64
,,2015 - 2016,0.48
,,2016 - 2017,0.59
,,2017 - 2018,0.68
,,2018 - 2019,0.41
,,2019 - 2020,0.5
,,2020 - 2021,0.14
,,2021 - 2022,0.35
,,2022 - 2023,0.6
,Anand,2003 - 2004,0.62
,,2004 - 2005,0.29
,,2005 - 2006,0.33
,,2006 - 2007,0.2
,,2007 - 2008,0.36
,,2008 - 2009,0.3
,,2009 - 2010,0.3
,,2010 - 2011,0.4
,,2011 - 2012,0.44
,,2012 - 2013,0.27
,,2013 - 2014,0.52
,,2014 - 2015,0.58
,,2015 - 2016,0.38
,,2016 - 2017,0.53
,,2017 - 2018,0.6
,,2018 - 2019,0.47
,,2019 - 2020,0.51
,,2020 - 2021,0.18
,,2021 - 2022,0.33
,,2022 - 2023,0.5
,Aravalli,2014 - 2015,0.58
,,2015 - 2016,0.38
,,2016 - 2017,0.53
,,2017 - 2018,0.58
,,2018 - 2019,0.56
,,2019 - 2020,0.73
,,2020 - 2021,0.19
,,2021 - 2022,0.33
,,2022 - 2023,0.51
,Banas kantha,2000 - 2001,0.25
,,2001 - 2002,0.29
,,2002 - 2003,0.14
,,2003 - 2004,0.51
,,2004 - 2005,0.32
,,2005 - 2006,0.35
,,2006 - 2007,0.07
,,2007 - 2008,0.41
,,2008 - 2009,0.29
,,2009 - 2010,0.28
,,2010 - 2011,0.46
,,2011 - 2012,0.46
,,2012 - 2013,0.49
,,2013 - 2014,0.56
,,2014 - 2015,0.57
,,2015 - 2016,0.11
,,2016 - 2017,0.39
,,2017 - 2018,0.43
,,2018 - 2019,0.28
,,2019 - 2020,0.52
,,2020 - 2021,0.42
,,2021 - 2022,0.46
,,2022 - 2023,0.45
,Bharuch,2000 - 2001,0.18
,,2001 - 2002,0.38
,,2002 - 2003,0.36
,,2003 - 2004,0.26
,,2004 - 2005,0.0
,,2005 - 2006,0.04
,,2006 - 2007,0.0
,,2007 - 2008,0.14
,,2008 - 2009,0.12
,,2009 - 2010,0.21
,,2010 - 2011,0.26
,,2011 - 2012,0.15
,,2012 - 2013,21.2
,,2013 - 2014,0.13
,,2014 - 2015,0.14
,,2015 - 2016,0.08
,,2016 - 2017,0.53
,,2017 - 2018,0.61
,,2018 - 2019,0.46
,,2019 - 2020,0.51
,,2020 - 2021,0.18
,,2021 - 2022,0.33
,,2022 - 2023,
,Bhavnagar,2000 - 2001,0.09
,,2001 - 2002,0.75
,,2002 - 2003,0.72
,,2003 - 2004,0.62
,,2004 - 2005,0.26
,,2005 - 2006,0.5
,,2006 - 2007,0.4
,,2007 - 2008,0.47
,,2008 - 2009,0.47
,,2009 - 2010,0.3
,,2010 - 2011,0.67
,,2011 - 2012,0.49
,,2012 - 2013,0.18
,,2013 - 2014,0.7
,,2014 - 2015,1.04
,,2015 - 2016,0.31
,,2016 - 2017,0.96
,,2017 - 2018,0.78
,,2018 - 2019,0.98
,,2019 - 2020,0.88
,,2020 - 2021,0.28
,,2021 - 2022,0.58
,,2022 - 2023,0.91
,Botad,2014 - 2015,0.57
,,2015 - 2016,0.75
,,2016 - 2017,0.54
,,2017 - 2018,0.67
,,2018 - 2019,0.48
,,2019 - 2020,0.28
,,2020 - 2021,0.13
,,2021 - 2022,0.21
,,2022 - 2023,0.73
,Chhotaudepur,2014 - 2015,0.58
,,2015 - 2016,0.38
,,2016 - 2017,
,,2017 - 2018,0.61
,,2018 - 2019,0.45
,,2019 - 2020,0.5
,,2020 - 2021,
,,2021 - 2022,
,,2022 - 2023,
,Devbhumi dwarka,2014 - 2015,0.46
,,2015 - 2016,0.26
,,2016 - 2017,0.61
,,2017 - 2018,0.59
,,2018 - 2019,0.33
,,2019 - 2020,0.42
,,2020 - 2021,0.4
,,2021 - 2022,0.26
,,2022 - 2023,0.19
,Dohad,2003 - 2004,0.6
,,2004 - 2005,0.3
,,2005 - 2006,0.4
,,2006 - 2007,0.18
,,2007 - 2008,0.38
,,2008 - 2009,0.38
,,2009 - 2010,0.33
,,2010 - 2011,0.33
,,2011 - 2012,1.0
,,2012 - 2013,0.33
,,2013 - 2014,0.52
,,2014 - 2015,0.58
,,2015 - 2016,0.38
,,2016 - 2017,0.54
,,2017 - 2018,0.61
,,2018 - 2019,0.46
,,2019 - 2020,0.5
,,2020 - 2021,0.18
,Gandhinagar,2000 - 2001,0.29
,,2001 - 2002,0.57
,,2002 - 2003,0.5
,,2003 - 2004,0.6
,,2004 - 2005,0.35
,,2005 - 2006,0.34
,,2006 - 2007,0.26
,,2007 - 2008,0.32
,,2008 - 2009,0.32
,,2009 - 2010,0.33
,,2010 - 2011,0.38
,,2011 - 2012,0.4
,,2012 - 2013,0.33
,,2013 - 2014,0.23
,,2014 - 2015,0.4
,,2015 - 2016,0.38
,,2016 - 2017,0.53
,,2017 - 2018,0.61
,,2018 - 2019,0.46
,,2019 - 2020,0.51
,,2020 - 2021,0.18
,,2021 - 2022,0.33
,,2022 - 2023,0.51
,Gir somnath,2014 - 2015,0.87
,,2015 - 2016,0.65
,,2016 - 2017,0.33
,,2017 - 2018,0.68
,,2018 - 2019,0.69
,,2019 - 2020,0.43
,,2020 - 2021,0.06
,,2021 - 2022,0.33
,,2022 - 2023,0.6
,Jamnagar,2000 - 2001,0.38
,,2001 - 2002,0.61
,,2002 - 2003,0.15
,,2003 - 2004,0.63
,,2004 - 2005,0.45
,,2005 - 2006,0.48
,,2006 - 2007,0.53
,,2007 - 2008,0.57
,,2008 - 2009,0.58
,,2009 - 2010,0.48
,,2010 - 2011,0.3
,,2011 - 2012,0.66
,,2012 - 2013,0.2
,,2013 - 2014,0.7
,,2014 - 2015,0.62
,,2015 - 2016,0.31
,,2016 - 2017,0.76
,,2017 - 2018,0.68
,,2018 - 2019,0.46
,,2019 - 2020,0.66
,,2020 - 2021,0.33
,,2021 - 2022,0.26
,,2022 - 2023,0.78
,Junagadh,2000 - 2001,0.64
,,2001 - 2002,0.86
,,2002 - 2003,0.28
,,2003 - 2004,1.06
,,2004 - 2005,0.71
,,2005 - 2006,0.42
,,2006 - 2007,0.2
,,2007 - 2008,0.6
,,2008 - 2009,0.32
,,2009 - 2010,0.33
,,2010 - 2011,0.42
,,2011 - 2012,0.5
,,2012 - 2013,0.2
,,2013 - 2014,0.52
,,2014 - 2015,0.58
,,2015 - 2016,0.38
,,2016 - 2017,0.53
,,2017 - 2018,0.6
,,2018 - 2019,0.46
,,2019 - 2020,0.51
,,2020 - 2021,0.18
,,2021 - 2022,0.33
,,2022 - 2023,0.51
,Kachchh,2000 - 2001,0.24
,,2001 - 2002,0.5
,,2002 - 2003,0.19
,,2003 - 2004,0.6
,,2004 - 2005,0.47
,,2005 - 2006,0.52
,,2006 - 2007,0.5
,,2007 - 2008,0.5
,,2008 - 2009,0.37
,,2009 - 2010,0.5
,,2010 - 2011,0.38
,,2011 - 2012,0.43
,,2012 - 2013,0.38
,,2013 - 2014,0.45
,,2014 - 2015,0.52
,,2015 - 2016,0.24
,,2016 - 2017,0.5
,,2017 - 2018,0.58
,,2018 - 2019,0.26
,,2019 - 2020,0.53
,,2020 - 2021,0.23
,,2021 - 2022,0.34
,,2022 - 2023,0.46
,Kheda,2000 - 2001,0.98
,,2001 - 2002,0.58
,,2002 - 2003,0.68
,,2003 - 2004,0.5
,,2004 - 2005,0.3
,,2005 - 2006,0.37
,,2006 - 2007,0.09
,,2007 - 2008,0.23
,,2008 - 2009,0.23
,,2009 - 2010,0.3
,,2010 - 2011,0.28
,,2011 - 2012,0.13
,,2012 - 2013,0.23
,,2013 - 2014,0.21
,,2014 - 2015,0.58
,,2015 - 2016,0.38
,,2016 - 2017,0.53
,,2017 - 2018,0.61
,,2018 - 2019,0.46
,,2019 - 2020,0.51
,,2020 - 2021,0.19
,,2021 - 2022,0.33
,,2022 - 2023,0.51
,Mahesana,2000 - 2001,0.36
,,2001 - 2002,0.31
,,2002 - 2003,0.53
,,2003 - 2004,0.5
,,2004 - 2005,0.4
,,2005 - 2006,0.36
,,2006 - 2007,0.16
,,2007 - 2008,0.4
,,2008 - 2009,0.45
,,2009 - 2010,0.42
,,2010 - 2011,0.35
,,2011 - 2012,0.35
,,2012 - 2013,0.34
,,2013 - 2014,0.35
,,2014 - 2015,0.33
,,2015 - 2016,0.18
,,2016 - 2017,0.37
,,2017 - 2018,0.71
,,2018 - 2019,0.42
,,2019 - 2020,0.43
,,2020 - 2021,0.23
,,2021 - 2022,0.33
,,2022 - 2023,0.52
,Mahisagar,2014 - 2015,0.58
,,2015 - 2016,0.38
,,2016 - 2017,0.53
,,2017 - 2018,0.61
,,2018 - 2019,0.46
,,2019 - 2020,0.52
,,2020 - 2021,0.19
,,2021 - 2022,0.33
,,2022 - 2023,0.5
,Morbi,2014 - 2015,0.6
,,2015 - 2016,0.38
,,2016 - 2017,0.53
,,2017 - 2018,0.6
,,2018 - 2019,0.45
,,2019 - 2020,0.5
,,2020 - 2021,0.18
,,2021 - 2022,0.43
,,2022 - 2023,0.55
,Narmada,2003 - 2004,0.57
,,2004 - 2005,0.25
,,2005 - 2006,0.5
,,2006 - 2007,0.5
,,2007 - 2008,1.0
,,2008 - 2009,0.25
,,2009 - 2010,1.0
,,2011 - 2012,1.0
,,2012 - 2013,0.5
,,2013 - 2014,0.53
,,2014 - 2015,0.58
,,2015 - 2016,
,,2016 - 2017,
,,2017 - 2018,
,,2018 - 2019,0.5
,,2019 - 2020,0.51
,,2020 - 2021,0.2
,,2021 - 2022,0.36
,,2022 - 2023,0.55
,Navsari,2010 - 2011,
,,2016 - 2017,
,Panch mahals,2000 - 2001,0.25
,,2001 - 2002,0.59
,,2002 - 2003,0.36
,,2003 - 2004,0.59
,,2004 - 2005,0.33
,,2005 - 2006,0.41
,,2006 - 2007,0.21
,,2007 - 2008,0.46
,,2008 - 2009,0.29
,,2009 - 2010,0.35
,,2010 - 2011,0.41
,,2011 - 2012,0.5
,,2012 - 2013,0.24
,,2013 - 2014,0.52
,,2014 - 2015,0.58
,,2015 - 2016,0.38
,,2016 - 2017,0.54
,,2017 - 2018,0.61
,,2018 - 2019,0.46
,,2019 - 2020,0.5
,,2020 - 2021,0.19
,,2021 - 2022,0.33
,,2022 - 2023,0.5
,Patan,2003 - 2004,0.6
,,2004 - 2005,0.3
,,2005 - 2006,0.38
,,2006 - 2007,0.2
,,2007 - 2008,0.43
,,2008 - 2009,0.32
,,2009 - 2010,0.19
,,2010 - 2011,0.42
,,2011 - 2012,0.66
,,2012 - 2013,0.42
,,2013 - 2014,0.61
,,2014 - 2015,0.3
,,2015 - 2016,0.23
,,2016 - 2017,0.6
,,2017 - 2018,0.61
,,2018 - 2019,0.46
,,2019 - 2020,0.32
,,2020 - 2021,0.04
,,2021 - 2022,0.33
,,2022 - 2023,0.51
,Porbandar,2003 - 2004,0.67
,,2004 - 2005,0.33
,,2005 - 2006,0.43
,,2006 - 2007,0.33
,,2007 - 2008,0.5
,,2008 - 2009,0.5
,,2010 - 2011,0.5
,,2011 - 2012,0.4
,,2012 - 2013,0.25
,,2013 - 2014,0.52
,,2014 - 2015,0.58
,,2015 - 2016,0.39
,,2016 - 2017,0.53
,,2017 - 2018,0.61
,,2019 - 2020,0.52
,,2020 - 2021,0.19
,,2021 - 2022,0.33
,,2022 - 2023,
,Rajkot,2000 - 2001,0.33
,,2001 - 2002,0.69
,,2002 - 2003,0.26
,,2003 - 2004,0.53
,,2004 - 2005,0.21
,,2005 - 2006,0.42
,,2006 - 2007,0.19
,,2007 - 2008,0.43
,,2008 - 2009,0.34
,,2009 - 2010,0.41
,,2010 - 2011,0.22
,,2011 - 2012,0.2
,,2012 - 2013,0.01
,,2013 - 2014,0.65
,,2014 - 2015,0.37
,,2015 - 2016,0.17
,,2016 - 2017,0.53
,,2017 - 2018,0.61
,,2018 - 2019,0.46
,,2019 - 2020,0.51
,,2020 - 2021,0.19
,,2021 - 2022,0.33
,,2022 - 2023,0.51
,Sabar kantha,2000 - 2001,0.35
,,2001 - 2002,0.32
,,2002 - 2003,0.52
,,2003 - 2004,0.44
,,2004 - 2005,0.31
,,2005 - 2006,0.38
,,2006 - 2007,0.05
,,2007 - 2008,0.22
,,2008 - 2009,0.24
,,2009 - 2010,0.33
,,2010 - 2011,0.57
,,2011 - 2012,0.29
,,2012 - 2013,0.24
,,2013 - 2014,0.09
,,2014 - 2015,0.58
,,2015 - 2016,0.38
,,2016 - 2017,0.53
,,2017 - 2018,0.61
,,2018 - 2019,0.47
,,2019 - 2020,0.51
,,2020 - 2021,0.18
,,2021 - 2022,0.33
,,2022 - 2023,0.51
,Surat,2000 - 2001,0.0
,,2001 - 2002,1.0
,,2002 - 2003,0.5
,,2003 - 2004,0.67
,,2004 - 2005,0.5
,,2005 - 2006,1.0
,,2007 - 2008,1.0
,,2010 - 2011,0.46
,,2011 - 2012,1.0
,,2013 - 2014,0.53
,,2014 - 2015,0.57
,,2015 - 2016,0.39
,,2016 - 2017,0.53
,,2017 - 2018,0.6
,,2018 - 2019,0.45
,,2019 - 2020,0.52
,,2020 - 2021,0.2
,,2021 - 2022,0.33
,,2022 - 2023,0.51
,Surendranagar,2000 - 2001,0.27
,,2001 - 2002,0.57
,,2002 - 2003,0.21
,,2003 - 2004,0.66
,,2004 - 2005,0.35
,,2005 - 2006,0.32
,,2006 - 2007,0.39
,,2007 - 2008,0.55
,,2008 - 2009,0.31
,,2009 - 2010,0.33
,,2010 - 2011,0.41
,,2011 - 2012,0.65
,,2012 - 2013,0.26
,,2013 - 2014,0.51
,,2014 - 2015,0.54
,,2015 - 2016,0.26
,,2016 - 2017,0.46
,,2017 - 2018,0.51
,,2018 - 2019,0.42
,,2019 - 2020,0.51
,,2020 - 2021,0.09
,,2021 - 2022,0.26
,,2022 - 2023,0.45
,Tapi,2010 - 2011,1.0
,,2011 - 2012,1.0
,,2013 - 2014,0.57
,,2015 - 2016,0.38
,,2016 - 2017,0.5
,,2017 - 2018,0.6
,,2020 - 2021,0.25
,,2021 - 2022,
,,2022 - 2023,
,Vadodara,2000 - 2001,0.29
,,2001 - 2002,0.58
,,2002 - 2003,0.33
,,2003 - 2004,0.61
,,2004 - 2005,0.33
,,2005 - 2006,0.4
,,2006 - 2007,0.18
,,2007 - 2008,0.4
,,2008 - 2009,0.36
,,2009 - 2010,0.36
,,2010 - 2011,0.41
,,2011 - 2012,0.5
,,2012 - 2013,0.29
,,2013 - 2014,0.52
,,2014 - 2015,0.58
,,2015 - 2016,0.4
,,2016 - 2017,0.53
,,2017 - 2018,0.6
,,2018 - 2019,0.47
,,2019 - 2020,0.5
,,2020 - 2021,0.17
,,2021 - 2022,0.34
,,2022 - 2023,
,Valsad,2013 - 2014,0.5
,,2014 - 2015,0.5
,,2015 - 2016,0.5
,,2016 - 2017,0.57
Haryana,Ambala,2000 - 2001,0.0
,,2001 - 2002,0.0
,,2002 - 2003,0.0
,,2003 - 2004,0.0
,,2004 - 2005,0.0
,,2005 - 2006,0.0
,,2006 - 2007,0.0
,,2007 - 2008,0.0
,,2008 - 2009,0.0
,,2011 - 2012,0.0
,,2018 - 2019,0.25
,,2019 - 2020,1.0
,,2021 - 2022,0.6
,Bhiwani,2000 - 2001,0.0
,,2001 - 2002,0.0
,,2002 - 2003,0.26
,,2003 - 2004,0.0
,,2004 - 2005,0.3
,,2005 - 2006,0.0
,,2006 - 2007,0.31
,,2007 - 2008,0.41
,,2008 - 2009,0.4
,,2009 - 2010,0.39
,,2010 - 2011,0.37
,,2011 - 2012,0.33
,,2012 - 2013,0.35
,,2013 - 2014,1.0
,,2014 - 2015,0.5
,,2015 - 2016,0.33
,,2016 - 2017,0.5
,,2017 - 2018,0.5
,,2018 - 2019,0.44
,,2021 - 2022,0.5
,Charki dadri,2014 - 2015,0.5
,,2018 - 2019,0.54
,,2021 - 2022,0.5
,Faridabad,2000 - 2001,0.22
,,2001 - 2002,0.18
,,2003 - 2004,0.21
,,2004 - 2005,0.36
,,2005 - 2006,0.32
,,2006 - 2007,0.45
,,2007 - 2008,0.52
,,2008 - 2009,0.0
,,2009 - 2010,0.0
,,2010 - 2011,0.59
,,2011 - 2012,0.0
,,2012 - 2013,0.39
,,2013 - 2014,0.0
,,2018 - 2019,0.5
,,2021 - 2022,0.5
,Fatehabad,2000 - 2001,0.51
,,2001 - 2002,0.79
,,2002 - 2003,0.59
,,2003 - 2004,0.61
,,2004 - 2005,0.62
,,2005 - 2006,0.56
,,2006 - 2007,0.72
,,2007 - 2008,0.0
,,2008 - 2009,0.0
,,2009 - 2010,0.0
,,2010 - 2011,6.25
,,2011 - 2012,0.0
,,2012 - 2013,0.55
,,2018 - 2019,0.67
,,2021 - 2022,0.8
,Gurgaon,2000 - 2001,0.19
,,2001 - 2002,0.22
,,2002 - 2003,0.13
,,2003 - 2004,0.14
,,2004 - 2005,0.25
,,2005 - 2006,0.3
,,2006 - 2007,0.21
,,2007 - 2008,0.44
,,2008 - 2009,0.46
,,2009 - 2010,0.46
,,2010 - 2011,0.28
,,2011 - 2012,0.53
,,2012 - 2013,0.42
,,2013 - 2014,0.67
,,2014 - 2015,0.75
,,2015 - 2016,0.5
,,2016 - 2017,0.75
,,2017 - 2018,0.4
,,2018 - 2019,0.5
,,2021 - 2022,0.5
,Hisar,2000 - 2001,0.81
,,2001 - 2002,0.53
,,2002 - 2003,0.67
,,2003 - 2004,0.57
,,2004 - 2005,0.65
,,2005 - 2006,0.45
,,2006 - 2007,0.46
,,2007 - 2008,0.62
,,2008 - 2009,0.48
,,2009 - 2010,0.88
,,2010 - 2011,0.66
,,2011 - 2012,0.71
,,2012 - 2013,0.56
,,2013 - 2014,0.0
,,2015 - 2016,0.5
,,2016 - 2017,0.5
,,2017 - 2018,1.0
,,2018 - 2019,0.6
,,2021 - 2022,0.8
,Jhajjar,2000 - 2001,0.0
,,2001 - 2002,0.0
,,2002 - 2003,0.0
,,2003 - 2004,0.0
,,2004 - 2005,0.0
,,2005 - 2006,0.0
,,2006 - 2007,0.0
,,2007 - 2008,0.0
,,2008 - 2009,0.0
,,2009 - 2010,0.0
,,2010 - 2011,0.0
,,2011 - 2012,0.0
,,2012 - 2013,0.41
,,2014 - 2015,0.5
,,2015 - 2016,0.33
,,2016 - 2017,0.2
,,2017 - 2018,0.0
,,2018 - 2019,0.5
,,2021 - 2022,0.5
,Jind,2000 - 2001,0.0
,,2001 - 2002,0.45
,,2002 - 2003,0.21
,,2003 - 2004,0.25
,,2004 - 2005,0.27
,,2005 - 2006,0.0
,,2006 - 2007,0.37
,,2007 - 2008,0.43
,,2008 - 2009,0.56
,,2009 - 2010,0.0
,,2010 - 2011,0.0
,,2011 - 2012,0.0
,,2012 - 2013,0.42
,,2013 - 2014,0.0
,,2018 - 2019,0.4
,,2021 - 2022,0.5
,Kaithal,2000 - 2001,0.0
,,2001 - 2002,0.0
,,2002 - 2003,0.0
,,2003 - 2004,0.0
,,2004 - 2005,0.0
,,2005 - 2006,0.79
,,2006 - 2007,0.62
,,2007 - 2008,0.74
,,2008 - 2009,0.0
,,2009 - 2010,0.0
,,2010 - 2011,0.0
,,2011 - 2012,0.0
,,2012 - 2013,0.43
,,2018 - 2019,0.5
,,2021 - 2022,0.5
,Karnal,2000 - 2001,0.0
,,2001 - 2002,0.0
,,2002 - 2003,0.0
,,2003 - 2004,0.0
,,2004 - 2005,0.0
,,2005 - 2006,0.0
,,2006 - 2007,0.0
,,2007 - 2008,0.0
,,2008 - 2009,0.0
,,2009 - 2010,0.95
,,2010 - 2011,0.76
,,2011 - 2012,0.0
,,2012 - 2013,0.5
,,2018 - 2019,0.5
,,2021 - 2022,0.6
,Kurukshetra,2001 - 2002,0.0
,,2002 - 2003,0.0
,,2005 - 2006,0.0
,,2006 - 2007,0.0
,,2007 - 2008,0.0
,,2009 - 2010,0.0
,Mahendragarh,2000 - 2001,0.0
,,2001 - 2002,0.0
,,2002 - 2003,0.0
,,2003 - 2004,0.0
,,2004 - 2005,0.0
,,2005 - 2006,0.0
,,2006 - 2007,0.0
,,2007 - 2008,0.0
,,2008 - 2009,0.0
,,2009 - 2010,0.0
,,2010 - 2011,0.0
,,2011 - 2012,0.0
,,2012 - 2013,0.33
,,2021 - 2022,0.0
,Mewat,2005 - 2006,0.0
,,2006 - 2007,0.35
,,2007 - 2008,0.23
,,2008 - 2009,0.31
,,2009 - 2010,0.23
,,2010 - 2011,0.0
,,2011 - 2012,0.23
,,2012 - 2013,0.32
,,2013 - 2014,0.5
,,2014 - 2015,0.0
,,2015 - 2016,0.4
,,2016 - 2017,0.67
,,2017 - 2018,0.5
,,2018 - 2019,0.5
,,2021 - 2022,0.5
,Palwal,2008 - 2009,0.37
,,2009 - 2010,0.0
,,2010 - 2011,0.0
,,2011 - 2012,1.08
,,2012 - 2013,0.39
,,2013 - 2014,1.0
,,2014 - 2015,0.33
,,2015 - 2016,0.5
,,2016 - 2017,1.0
,,2017 - 2018,1.0
,,2018 - 2019,0.32
,,2021 - 2022,0.5
,Panchkula,2000 - 2001,0.0
,,2001 - 2002,0.0
,,2002 - 2003,0.0
,,2003 - 2004,0.0
,,2004 - 2005,0.0
,,2005 - 2006,0.49
,,2006 - 2007,0.0
,,2007 - 2008,0.0
,,2008 - 2009,0.0
,,2009 - 2010,0.0
,,2010 - 2011,0.0
,,2011 - 2012,0.0
,,2012 - 2013,0.24
,,2018 - 2019,0.31
,,2019 - 2020,0.8
,,2021 - 2022,0.5
,Panipat,2002 - 2003,0.0
,,2003 - 2004,0.0
,,2004 - 2005,0.0
,,2005 - 2006,0.0
,,2006 - 2007,0.0
,,2008 - 2009,0.0
,,2009 - 2010,0.0
,,2010 - 2011,0.0
,,2011 - 2012,0.0
,,2012 - 2013,0.0
,,2021 - 2022,0.5
,Rewari,2000 - 2001,0.0
,,2001 - 2002,0.22
,,2002 - 2003,0.15
,,2003 - 2004,0.0
,,2004 - 2005,0.0
,,2005 - 2006,0.3
,,2006 - 2007,0.0
,,2007 - 2008,0.0
,,2008 - 2009,0.0
,,2009 - 2010,0.55
,,2010 - 2011,0.39
,,2011 - 2012,0.4
,,2012 - 2013,0.4
,,2013 - 2014,0.5
,,2014 - 2015,0.5
,,2015 - 2016,0.5
,,2016 - 2017,2.0
,,2017 - 2018,0.5
,,2018 - 2019,0.39
,,2021 - 2022,0.5
,Rohtak,2000 - 2001,0.0
,,2001 - 2002,0.0
,,2002 - 2003,0.0
,,2003 - 2004,0.0
,,2004 - 2005,0.0
,,2005 - 2006,0.0
,,2006 - 2007,0.0
,,2007 - 2008,0.0
,,2008 - 2009,0.0
,,2009 - 2010,0.0
,,2010 - 2011,0.0
,,2011 - 2012,0.0
,,2012 - 2013,0.3
,,2015 - 2016,0.2
,,2018 - 2019,0.51
,,2021 - 2022,0.5
,Sirsa,2000 - 2001,0.82
,,2001 - 2002,0.51
,,2002 - 2003,0.65
,,2003 - 2004,0.57
,,2004 - 2005,0.47
,,2005 - 2006,0.48
,,2006 - 2007,0.48
,,2007 - 2008,0.54
,,2008 - 2009,0.56
,,2009 - 2010,0.67
,,2010 - 2011,0.41
,,2011 - 2012,0.77
,,2012 - 2013,0.54
,,2013 - 2014,0.0
,,2014 - 2015,0.0
,,2015 - 2016,1.0
,,2016 - 2017,1.0
,,2017 - 2018,0.0
,,2018 - 2019,0.8
,,2021 - 2022,0.8
,Sonipat,2000 - 2001,0.0
,,2001 - 2002,0.0
,,2002 - 2003,0.32
,,2003 - 2004,0.0
,,2004 - 2005,0.0
,,2005 - 2006,0.8
,,2006 - 2007,0.0
,,2007 - 2008,0.0
,,2008 - 2009,0.0
,,2009 - 2010,0.0
,,2010 - 2011,0.0
,,2011 - 2012,0.0
,,2012 - 2013,0.0
,,2018 - 2019,1.0
,,2021 - 2022,0.6
,Yamunanagar,2000 - 2001,0.0
,,2001 - 2002,0.0
,,2002 - 2003,0.0
,,2003 - 2004,0.0
,,2004 - 2005,0.0
,,2005 - 2006,0.0
,,2006 - 2007,0.0
,,2007 - 2008,0.0
,,2008 - 2009,0.0
,,2009 - 2010,0.0
,,2010 - 2011,0.0
,,2011 - 2012,0.0
,,2012 - 2013,0.37
,,2015 - 2016,1.0
,,2018 - 2019,0.53
,,2019 - 2020,0.67
,,2021 - 2022,0.5
Himachal Pradesh,Bilaspur,2000 - 2001,0.0
,,2001 - 2002,0.11
,,2002 - 2003,0.46
,,2005 - 2006,0.5
,,2006 - 2007,0.56
,,2007 - 2008,0.48
,,2008 - 2009,0.48
,,2009 - 2010,0.12
,,2010 - 2011,0.43
,,2011 - 2012,0.42
,,2012 - 2013,0.52
,,2013 - 2014,0.43
,,2014 - 2015,0.43
,,2015 - 2016,0.29
,,2016 - 2017,0.43
,,2017 - 2018,0.43
,,2018 - 2019,0.44
,,2019 - 2020,0.56
,,2020 - 2021,0.29
,,2021 - 2022,0.31
,,2022 - 2023,0.28
,Chamba,2000 - 2001,0.22
,,2001 - 2002,0.35
,,2002 - 2003,0.14
,,2005 - 2006,0.04
,,2006 - 2007,0.56
,,2007 - 2008,0.36
,,2008 - 2009,0.36
,,2009 - 2010,0.13
,,2010 - 2011,0.44
,,2011 - 2012,0.44
,,2012 - 2013,0.56
,,2013 - 2014,0.47
,,2014 - 2015,0.47
,,2015 - 2016,0.2
,,2016 - 2017,0.47
,,2017 - 2018,0.4
,,2018 - 2019,0.4
,,2019 - 2020,0.47
,,2020 - 2021,0.25
,,2021 - 2022,0.3
,,2022 - 2023,0.33
,Hamirpur,2000 - 2001,0.47
,,2001 - 2002,0.5
,,2002 - 2003,0.52
,,2005 - 2006,0.5
,,2006 - 2007,0.6
,,2007 - 2008,0.33
,,2008 - 2009,0.29
,,2009 - 2010,0.0
,,2010 - 2011,0.25
,,2011 - 2012,0.25
,,2012 - 2013,0.5
,,2013 - 2014,0.25
,,2014 - 2015,0.25
,,2015 - 2016,0.25
,,2016 - 2017,0.25
,,2017 - 2018,0.43
,,2018 - 2019,0.43
,,2019 - 2020,0.4
,,2020 - 2021,0.29
,,2021 - 2022,0.29
,,2022 - 2023,0.33
,Kangra,2000 - 2001,0.46
,,2001 - 2002,0.65
,,2002 - 2003,0.5
,,2005 - 2006,0.43
,,2006 - 2007,0.48
,,2007 - 2008,0.36
,,2008 - 2009,0.36
,,2009 - 2010,0.08
,,2010 - 2011,0.32
,,2011 - 2012,0.32
,,2012 - 2013,0.34
,,2013 - 2014,0.33
,,2014 - 2015,0.33
,,2015 - 2016,0.42
,,2016 - 2017,0.32
,,2017 - 2018,0.55
,,2018 - 2019,0.51
,,2019 - 2020,0.56
,,2020 - 2021,0.29
,,2021 - 2022,0.29
,,2022 - 2023,0.29
,Kinnaur,2005 - 2006,0.0
,Mandi,2000 - 2001,0.32
,,2001 - 2002,0.31
,,2002 - 2003,0.19
,,2005 - 2006,0.17
,,2006 - 2007,0.18
,,2007 - 2008,0.17
,,2008 - 2009,0.19
,,2009 - 2010,0.07
,,2010 - 2011,0.2
,,2011 - 2012,0.2
,,2012 - 2013,0.4
,,2013 - 2014,0.21
,,2014 - 2015,0.36
,,2015 - 2016,0.45
,,2016 - 2017,0.21
,,2017 - 2018,0.55
,,2018 - 2019,0.55
,,2019 - 2020,0.56
,,2020 - 2021,0.29
,,2021 - 2022,0.27
,,2022 - 2023,0.29
,Shimla,2000 - 2001,0.21
,,2001 - 2002,0.25
,,2002 - 2003,0.19
,,2005 - 2006,0.17
,,2006 - 2007,0.2
,,2007 - 2008,0.19
,,2008 - 2009,0.2
,,2009 - 2010,0.1
,,2010 - 2011,0.2
,,2011 - 2012,0.2
,,2012 - 2013,0.5
,,2013 - 2014,0.2
,,2014 - 2015,0.3
,,2015 - 2016,0.33
,,2016 - 2017,0.22
,,2017 - 2018,0.44
,,2018 - 2019,0.38
,,2019 - 2020,0.42
,,2020 - 2021,0.33
,,2021 - 2022,0.3
,Sirmaur,2000 - 2001,0.28
,,2001 - 2002,0.42
,,2002 - 2003,0.02
,,2005 - 2006,0.51
,,2006 - 2007,0.5
,,2007 - 2008,0.52
,,2008 - 2009,0.53
,,2009 - 2010,0.12
,,2010 - 2011,0.5
,,2011 - 2012,0.5
,,2012 - 2013,0.53
,,2013 - 2014,0.53
,,2014 - 2015,0.47
,,2015 - 2016,0.29
,,2016 - 2017,0.47
,,2017 - 2018,0.43
,,2018 - 2019,0.41
,,2019 - 2020,0.49
,,2020 - 2021,0.25
,Solan,2000 - 2001,0.22
,,2001 - 2002,0.28
,,2002 - 2003,0.09
,,2005 - 2006,0.27
,,2006 - 2007,0.3
,,2007 - 2008,0.3
,,2008 - 2009,0.3
,,2009 - 2010,0.08
,,2010 - 2011,0.3
,,2011 - 2012,0.3
,,2012 - 2013,0.57
,,2013 - 2014,0.3
,,2014 - 2015,0.3
,,2015 - 2016,0.33
,,2016 - 2017,0.3
,,2017 - 2018,0.43
,,2018 - 2019,0.43
,,2019 - 2020,0.42
,,2020 - 2021,0.53
,,2021 - 2022,0.52
,,2022 - 2023,0.52
,Una,2000 - 2001,0.19
,,2001 - 2002,0.28
,,2002 - 2003,0.32
,,2005 - 2006,0.35
,,2006 - 2007,0.33
,,2007 - 2008,0.33
,,2008 - 2009,0.31
,,2009 - 2010,0.06
,,2010 - 2011,0.23
,,2011 - 2012,0.23
,,2012 - 2013,0.23
,,2013 - 2014,0.23
,,2014 - 2015,0.23
,,2015 - 2016,0.27
,,2016 - 2017,0.23
,,2017 - 2018,0.37
,,2018 - 2019,0.43
,,2019 - 2020,0.45
,,2020 - 2021,0.24
,,2021 - 2022,0.24
,,2022 - 2023,0.23
Jammu and Kashmir,Doda,2000 - 2001,0.36
,,2001 - 2002,0.38
,,2003 - 2004,0.35
,Ganderbal,2016 - 2017,0.5
,Jammu,2000 - 2001,0.45
,,2001 - 2002,0.45
,,2002 - 2003,0.45
,,2003 - 2004,0.58
,,2005 - 2006,0.45
,,2006 - 2007,0.45
,,2007 - 2008,0.45
,,2009 - 2010,0.45
,,2010 - 2011,0.45
,,2011 - 2012,0.45
,,2012 - 2013,0.45
,,2014 - 2015,0.45
,,2015 - 2016,0.44
,,2016 - 2017,0.41
,,2017 - 2018,0.41
,,2018 - 2019,0.41
,,2020 - 2021,0.44
,,2021 - 2022,
,,2022 - 2023,
,Kathua,2000 - 2001,0.4
,,2001 - 2002,0.4
,,2002 - 2003,0.4
,,2003 - 2004,0.4
,,2006 - 2007,0.4
,,2007 - 2008,0.4
,,2009 - 2010,0.4
,,2010 - 2011,0.4
,,2011 - 2012,0.4
,,2012 - 2013,0.4
,,2014 - 2015,0.4
,,2015 - 2016,0.28
,,2016 - 2017,0.4
,,2017 - 2018,0.4
,,2018 - 2019,0.4
,,2019 - 2020,0.4
,,2020 - 2021,0.4
,Leh ladakh,2015 - 2016,0.5
,Rajauri,2000 - 2001,0.36
,,2001 - 2002,0.37
,,2002 - 2003,0.36
,,2003 - 2004,0.36
,,2005 - 2006,0.36
,,2006 - 2007,0.36
,,2007 - 2008,0.36
,,2009 - 2010,0.36
,,2010 - 2011,0.36
,,2011 - 2012,0.37
,,2012 - 2013,0.37
,,2016 - 2017,0.5
,,2017 - 2018,0.5
,,2018 - 2019,0.5
,,2019 - 2020,0.5
,Reasi,2007 - 2008,0.5
,,2009 - 2010,0.5
,,2010 - 2011,0.5
,,2011 - 2012,0.5
,,2012 - 2013,0.5
,,2014 - 2015,0.5
,,2015 - 2016,0.5
,,2016 - 2017,0.5
,,2017 - 2018,0.5
,,2018 - 2019,0.5
,Samba,2007 - 2008,0.45
,,2009 - 2010,0.45
,,2010 - 2011,0.45
,,2011 - 2012,0.45
,,2012 - 2013,0.45
,,2014 - 2015,0.44
,,2015 - 2016,0.4
,,2016 - 2017,0.44
,,2017 - 2018,0.44
,,2018 - 2019,0.44
,,2019 - 2020,0.44
,,2020 - 2021,0.44
,Udhampur,2000 - 2001,0.5
,,2001 - 2002,1.25
,,2002 - 2003,0.5
,,2003 - 2004,0.5
,,2005 - 2006,0.5
,,2006 - 2007,0.5
,,2007 - 2008,0.5
,,2009 - 2010,0.5
,,2010 - 2011,0.5
,,2011 - 2012,0.5
,,2012 - 2013,0.5
,,2014 - 2015,0.28
,,2015 - 2016,0.5
,,2016 - 2017,0.28
,,2017 - 2018,0.28
,,2018 - 2019,0.28
,,2019 - 2020,0.28
,,2020 - 2021,0.28
Jharkhand,Bokaro,2017 - 2018,0.42
,,2018 - 2019,0.42
,,2019 - 2020,0.57
,,2021 - 2022,0.35
,Chatra,2017 - 2018,0.36
,,2018 - 2019,0.36
,,2019 - 2020,0.38
,,2020 - 2021,0.39
,,2021 - 2022,0.4
,Deoghar,2017 - 2018,0.34
,,2018 - 2019,0.33
,,2019 - 2020,0.34
,,2020 - 2021,0.35
,,2021 - 2022,0.6
,,2022 - 2023,0.58
,Dhanbad,2017 - 2018,0.44
,,2018 - 2019,0.45
,,2019 - 2020,0.4
,,2020 - 2021,0.4
,,2021 - 2022,0.41
,Dumka,2017 - 2018,0.52
,,2018 - 2019,0.56
,,2019 - 2020,0.63
,,2020 - 2021,0.6
,,2021 - 2022,0.6
,,2022 - 2023,0.67
,East singhbum,2017 - 2018,0.48
,,2018 - 2019,0.3
,,2019 - 2020,0.3
,,2020 - 2021,0.35
,,2021 - 2022,0.36
,,2022 - 2023,0.36
,Garhwa,2017 - 2018,0.21
,,2018 - 2019,0.25
,,2019 - 2020,0.25
,,2020 - 2021,0.28
,,2021 - 2022,0.4
,,2022 - 2023,0.35
,Giridih,2017 - 2018,0.62
,,2018 - 2019,0.6
,,2019 - 2020,0.63
,,2020 - 2021,0.45
,,2021 - 2022,0.63
,,2022 - 2023,0.64
,Godda,2017 - 2018,0.4
,,2018 - 2019,0.41
,,2019 - 2020,0.38
,,2020 - 2021,0.4
,,2021 - 2022,0.42
,Gumla,2019 - 2020,0.47
,,2020 - 2021,0.46
,,2021 - 2022,0.21
,,2022 - 2023,0.19
,Hazaribagh,2017 - 2018,0.44
,,2018 - 2019,0.44
,,2020 - 2021,0.44
,,2021 - 2022,0.41
,,2022 - 2023,0.4
,Jamtara,2018 - 2019,0.4
,,2019 - 2020,0.31
,,2021 - 2022,0.6
,,2022 - 2023,0.67
,Khunti,2017 - 2018,0.3
,,2018 - 2019,0.4
,,2020 - 2021,0.35
,,2021 - 2022,0.35
,,2022 - 2023,0.35
,Koderma,2017 - 2018,0.4
,,2018 - 2019,0.4
,,2019 - 2020,0.4
,,2020 - 2021,0.4
,,2021 - 2022,0.5
,,2022 - 2023,0.5
,Latehar,2017 - 2018,0.22
,,2018 - 2019,0.22
,,2019 - 2020,0.22
,,2020 - 2021,0.23
,,2021 - 2022,0.22
,,2022 - 2023,0.22
,Lohardaga,2020 - 2021,0.3
,,2021 - 2022,0.33
,,2022 - 2023,0.5
,Pakur,2017 - 2018,0.31
,,2018 - 2019,0.21
,,2019 - 2020,0.31
,,2020 - 2021,0.31
,,2021 - 2022,0.31
,Palamu,2017 - 2018,0.45
,,2018 - 2019,0.3
,,2019 - 2020,0.45
,,2020 - 2021,0.5
,,2021 - 2022,0.53
,,2022 - 2023,0.53
,Ramgarh,2017 - 2018,0.44
,,2018 - 2019,0.44
,,2020 - 2021,0.44
,,2021 - 2022,0.51
,,2022 - 2023,0.55
,Ranchi,2017 - 2018,0.4
,,2018 - 2019,0.4
,,2019 - 2020,0.45
,,2020 - 2021,0.45
,,2021 - 2022,0.45
,,2022 - 2023,0.45
,Sahebganj,2017 - 2018,0.36
,,2018 - 2019,0.36
,,2020 - 2021,0.83
,Saraikela kharsawan,2017 - 2018,0.5
,,2018 - 2019,0.4
,,2019 - 2020,0.4
,,2020 - 2021,0.41
,,2021 - 2022,0.4
,,2022 - 2023,0.4
,Simdega,2017 - 2018,0.7
,,2018 - 2019,0.0
,,2019 - 2020,0.62
,,2020 - 2021,0.62
,,2021 - 2022,0.65
,,2022 - 2023,0.65
,West singhbhum,2017 - 2018,0.49
,,2018 - 2019,0.42
,,2019 - 2020,0.41
,,2020 - 2021,0.41
,,2021 - 2022,0.41
,,2022 - 2023,0.42
Karnataka,Bagalkot,2000 - 2001,0.49
,,2001 - 2002,0.65
,,2002 - 2003,0.65
,,2003 - 2004,0.44
,,2004 - 2005,0.61
,,2005 - 2006,0.49
,,2006 - 2007,0.2
,,2007 - 2008,0.52
,,2008 - 2009,0.2
,,2009 - 2010,0.34
,,2010 - 2011,0.67
,,2011 - 2012,0.23
,,2012 - 2013,0.38
,,2013 - 2014,0.37
,,2014 - 2015,0.46
,,2015 - 2016,0.21
,,2016 - 2017,0.44
,,2017 - 2018,1.01
,,2018 - 2019,0.67
,,2019 - 2020,0.6
,,2020 - 2021,0.84
,,2021 - 2022,0.81
,,2022 - 2023,0.81
,Bangalore rural,2000 - 2001,0.67
,,2001 - 2002,0.37
,,2002 - 2003,0.33
,,2003 - 2004,0.51
,,2004 - 2005,0.54
,,2005 - 2006,0.87
,,2006 - 2007,0.51
,,2007 - 2008,0.58
,,2008 - 2009,0.5
,,2009 - 2010,0.4
,,2010 - 2011,0.58
,,2011 - 2012,0.5
,,2012 - 2013,0.3
,,2013 - 2014,0.6
,,2014 - 2015,0.5
,,2015 - 2016,0.5
,,2016 - 2017,0.67
,,2017 - 2018,1.0
,,2018 - 2019,1.0
,,2019 - 2020,1.0
,,2020 - 2021,1.0
,,2021 - 2022,0.8
,,2022 - 2023,0.75
,Belgaum,2000 - 2001,0.41
,,2001 - 2002,0.37
,,2002 - 2003,0.39
,,2003 - 2004,0.44
,,2004 - 2005,0.54
,,2005 - 2006,0.87
,,2006 - 2007,0.43
,,2007 - 2008,0.27
,,2008 - 2009,0.21
,,2009 - 2010,0.04
,,2010 - 2011,0.18
,,2011 - 2012,0.13
,,2012 - 2013,0.09
,,2013 - 2014,0.23
,,2014 - 2015,0.86
,,2015 - 2016,0.35
,,2016 - 2017,0.76
,,2017 - 2018,0.62
,,2018 - 2019,1.39
,,2019 - 2020,0.85
,,2020 - 2021,0.23
,,2021 - 2022,0.3
,,2022 - 2023,0.65
,Bellary,2000 - 2001,0.42
,,2001 - 2002,0.28
,,2002 - 2003,0.47
,,2003 - 2004,0.12
,,2004 - 2005,0.34
,,2005 - 2006,0.47
,,2006 - 2007,0.25
,,2007 - 2008,0.46
,,2008 - 2009,0.29
,,2009 - 2010,0.18
,,2010 - 2011,0.32
,,2011 - 2012,0.26
,,2012 - 2013,0.33
,,2013 - 2014,0.44
,,2014 - 2015,0.37
,,2015 - 2016,0.25
,,2016 - 2017,0.47
,,2017 - 2018,1.9
,,2018 - 2019,1.33
,,2019 - 2020,0.89
,,2020 - 2021,1.42
,,2021 - 2022,0.84
,,2022 - 2023,0.61
,Bengaluru urban,2000 - 2001,0.41
,,2001 - 2002,0.38
,,2002 - 2003,0.43
,,2004 - 2005,0.54
,,2005 - 2006,0.87
,,2006 - 2007,0.59
,,2007 - 2008,0.57
,,2008 - 2009,0.53
,,2009 - 2010,0.41
,,2010 - 2011,0.56
,,2011 - 2012,0.5
,,2012 - 2013,0.31
,,2013 - 2014,0.6
,,2014 - 2015,0.54
,,2015 - 2016,0.5
,,2016 - 2017,0.57
,,2017 - 2018,0.89
,,2018 - 2019,0.57
,,2019 - 2020,0.8
,,2020 - 2021,1.0
,,2021 - 2022,0.67
,,2022 - 2023,0.67
,Bidar,2000 - 2001,0.38
,,2001 - 2002,0.23
,,2002 - 2003,0.56
,,2003 - 2004,0.57
,,2004 - 2005,0.46
,,2005 - 2006,0.38
,,2006 - 2007,0.5
,,2007 - 2008,0.51
,,2008 - 2009,0.39
,,2009 - 2010,0.17
,,2010 - 2011,0.44
,,2011 - 2012,0.38
,,2012 - 2013,0.55
,,2013 - 2014,0.46
,,2014 - 2015,0.25
,,2015 - 2016,0.25
,,2016 - 2017,0.7
,,2017 - 2018,1.15
,,2018 - 2019,0.69
,,2019 - 2020,0.99
,,2020 - 2021,1.01
,,2021 - 2022,0.82
,,2022 - 2023,0.86
,Bijapur,2000 - 2001,0.49
,,2001 - 2002,0.19
,,2002 - 2003,0.39
,,2003 - 2004,0.44
,,2004 - 2005,0.54
,,2005 - 2006,0.87
,,2006 - 2007,0.59
,,2007 - 2008,0.56
,,2008 - 2009,0.51
,,2009 - 2010,0.41
,,2010 - 2011,0.35
,,2011 - 2012,0.12
,,2012 - 2013,0.1
,,2013 - 2014,0.17
,,2014 - 2015,0.11
,,2015 - 2016,0.49
,,2016 - 2017,0.72
,,2017 - 2018,0.75
,,2018 - 2019,0.64
,,2019 - 2020,0.53
,,2020 - 2021,0.92
,,2021 - 2022,2.76
,,2022 - 2023,0.66
,Chamarajanagar,2000 - 2001,0.41
,,2001 - 2002,0.1
,,2002 - 2003,0.39
,,2003 - 2004,0.44
,,2004 - 2005,0.54
,,2005 - 2006,1.23
,,2006 - 2007,0.34
,,2007 - 2008,0.44
,,2008 - 2009,0.35
,,2009 - 2010,0.29
,,2010 - 2011,0.3
,,2011 - 2012,0.46
,,2012 - 2013,0.23
,,2013 - 2014,0.38
,,2014 - 2015,0.25
,,2015 - 2016,0.21
,,2016 - 2017,0.23
,,2017 - 2018,0.51
,,2018 - 2019,0.63
,,2019 - 2020,0.43
,,2020 - 2021,0.56
,,2021 - 2022,0.58
,,2022 - 2023,0.54
,Chikballapur,2017 - 2018,0.88
,,2018 - 2019,0.67
,,2019 - 2020,1.0
,,2020 - 2021,0.86
,,2021 - 2022,0.67
,,2022 - 2023,0.75
,Chikmagalur,2000 - 2001,0.67
,,2001 - 2002,0.37
,,2002 - 2003,0.28
,,2003 - 2004,0.42
,,2004 - 2005,0.62
,,2005 - 2006,1.28
,,2006 - 2007,0.92
,,2007 - 2008,0.75
,,2008 - 2009,0.74
,,2009 - 2010,0.68
,,2010 - 2011,0.82
,,2011 - 2012,0.55
,,2012 - 2013,0.36
,,2013 - 2014,0.63
,,2014 - 2015,0.49
,,2015 - 2016,0.89
,,2016 - 2017,0.88
,,2017 - 2018,0.68
,,2018 - 2019,0.88
,,2019 - 2020,0.91
,,2020 - 2021,1.11
,,2021 - 2022,1.03
,,2022 - 2023,0.98
,Chitradurga,2000 - 2001,0.45
,,2001 - 2002,0.65
,,2002 - 2003,0.49
,,2003 - 2004,0.09
,,2004 - 2005,0.57
,,2005 - 2006,1.12
,,2006 - 2007,0.95
,,2007 - 2008,0.87
,,2008 - 2009,0.62
,,2009 - 2010,0.76
,,2010 - 2011,0.71
,,2011 - 2012,0.85
,,2012 - 2013,0.27
,,2013 - 2014,0.45
,,2014 - 2015,0.67
,,2015 - 2016,0.52
,,2016 - 2017,0.44
,,2017 - 2018,0.42
,,2018 - 2019,0.9
,,2019 - 2020,1.27
,,2020 - 2021,1.45
,,2021 - 2022,1.03
,,2022 - 2023,0.76
,Dakshin kannad,2000 - 2001,0.41
,,2001 - 2002,0.37
,,2002 - 2003,0.39
,,2003 - 2004,0.44
,,2004 - 2005,0.54
,,2005 - 2006,0.87
,,2006 - 2007,0.59
,,2007 - 2008,0.56
,,2008 - 2009,0.51
,,2009 - 2010,0.41
,,2010 - 2011,0.57
,,2011 - 2012,0.5
,,2017 - 2018,0.88
,Davangere,2000 - 2001,0.41
,,2001 - 2002,0.53
,,2002 - 2003,0.53
,,2003 - 2004,0.22
,,2004 - 2005,1.34
,,2005 - 2006,0.67
,,2006 - 2007,0.82
,,2007 - 2008,0.84
,,2008 - 2009,0.71
,,2009 - 2010,1.67
,,2010 - 2011,1.33
,,2011 - 2012,0.67
,,2012 - 2013,1.2
,,2013 - 2014,1.11
,,2014 - 2015,0.61
,,2015 - 2016,0.89
,,2016 - 2017,0.47
,,2017 - 2018,0.89
,,2018 - 2019,1.55
,,2019 - 2020,1.0
,,2020 - 2021,0.93
,,2021 - 2022,0.75
,,2022 - 2023,0.65
,Dharwad,2000 - 2001,0.41
,,2001 - 2002,0.37
,,2002 - 2003,0.39
,,2003 - 2004,0.44
,,2004 - 2005,0.54
,,2005 - 2006,0.87
,,2006 - 2007,0.59
,,2007 - 2008,0.56
,,2008 - 2009,0.51
,,2009 - 2010,0.41
,,2010 - 2011,0.57
,,2011 - 2012,0.5
,,2012 - 2013,0.33
,,2013 - 2014,0.57
,,2014 - 2015,0.51
,,2015 - 2016,0.5
,,2016 - 2017,0.63
,,2017 - 2018,0.88
,,2018 - 2019,0.63
,,2019 - 2020,0.84
,,2020 - 2021,0.9
,,2021 - 2022,0.77
,,2022 - 2023,0.67
,Gadag,2000 - 2001,0.41
,,2001 - 2002,0.19
,,2002 - 2003,0.34
,,2003 - 2004,0.44
,,2004 - 2005,0.61
,,2005 - 2006,0.73
,,2006 - 2007,0.39
,,2007 - 2008,0.36
,,2008 - 2009,0.35
,,2009 - 2010,0.21
,,2010 - 2011,0.76
,,2011 - 2012,0.48
,,2012 - 2013,0.13
,,2013 - 2014,0.4
,,2014 - 2015,0.72
,,2015 - 2016,0.2
,,2016 - 2017,0.74
,,2017 - 2018,1.07
,,2018 - 2019,0.57
,,2019 - 2020,1.08
,,2020 - 2021,0.78
,,2021 - 2022,0.81
,,2022 - 2023,0.57
,Gulbarga,2000 - 2001,0.31
,,2001 - 2002,0.3
,,2002 - 2003,0.36
,,2003 - 2004,0.57
,,2004 - 2005,0.33
,,2005 - 2006,0.77
,,2006 - 2007,0.38
,,2007 - 2008,0.52
,,2008 - 2009,0.3
,,2009 - 2010,0.11
,,2010 - 2011,0.27
,,2011 - 2012,0.48
,,2012 - 2013,0.47
,,2013 - 2014,0.59
,,2014 - 2015,0.51
,,2015 - 2016,0.3
,,2016 - 2017,0.89
,,2017 - 2018,1.61
,,2018 - 2019,1.17
,,2019 - 2020,1.19
,,2020 - 2021,1.09
,,2021 - 2022,1.11
,,2022 - 2023,1.11
,Hassan,2000 - 2001,0.45
,,2001 - 2002,0.46
,,2002 - 2003,0.42
,,2003 - 2004,0.34
,,2004 - 2005,0.62
,,2005 - 2006,1.21
,,2006 - 2007,0.86
,,2007 - 2008,0.54
,,2008 - 2009,0.43
,,2009 - 2010,0.62
,,2010 - 2011,1.02
,,2011 - 2012,0.58
,,2012 - 2013,0.17
,,2013 - 2014,0.25
,,2014 - 2015,0.49
,,2015 - 2016,0.47
,,2016 - 2017,0.25
,,2017 - 2018,0.14
,,2018 - 2019,0.47
,,2019 - 2020,0.53
,,2020 - 2021,0.73
,,2021 - 2022,0.75
,,2022 - 2023,0.65
,Haveri,2000 - 2001,0.41
,,2001 - 2002,0.65
,,2002 - 2003,0.39
,,2003 - 2004,0.22
,,2004 - 2005,0.54
,,2005 - 2006,1.0
,,2006 - 2007,0.97
,,2007 - 2008,0.88
,,2008 - 2009,0.71
,,2009 - 2010,0.67
,,2010 - 2011,0.34
,,2011 - 2012,0.33
,,2012 - 2013,0.07
,,2013 - 2014,0.51
,,2014 - 2015,0.72
,,2015 - 2016,0.18
,,2016 - 2017,0.12
,,2017 - 2018,0.86
,,2018 - 2019,0.67
,,2019 - 2020,0.86
,,2020 - 2021,0.9
,,2021 - 2022,1.17
,,2022 - 2023,0.6
,Kodagu,2005 - 2006,0.9
,,2006 - 2007,0.6
,,2007 - 2008,0.5
,,2008 - 2009,0.6
,Kolar,2010 - 2011,0.57
,,2011 - 2012,0.5
,,2012 - 2013,0.32
,,2013 - 2014,0.57
,,2014 - 2015,0.51
,,2015 - 2016,0.48
,,2016 - 2017,0.64
,,2017 - 2018,0.86
,,2018 - 2019,0.64
,,2019 - 2020,0.86
,,2020 - 2021,0.9
,,2021 - 2022,0.78
,,2022 - 2023,0.6
,Koppal,2000 - 2001,0.43
,,2001 - 2002,0.38
,,2002 - 2003,0.22
,,2003 - 2004,0.47
,,2004 - 2005,0.36
,,2005 - 2006,0.85
,,2006 - 2007,0.27
,,2007 - 2008,0.44
,,2008 - 2009,0.47
,,2009 - 2010,0.17
,,2010 - 2011,0.54
,,2011 - 2012,0.44
,,2012 - 2013,0.66
,,2013 - 2014,1.23
,,2014 - 2015,0.68
,,2015 - 2016,0.14
,,2016 - 2017,0.49
,,2017 - 2018,1.18
,,2018 - 2019,0.36
,,2019 - 2020,0.6
,,2020 - 2021,0.87
,,2021 - 2022,0.66
,,2022 - 2023,0.58
,Mandya,2000 - 2001,0.36
,,2001 - 2002,0.53
,,2002 - 2003,0.44
,,2003 - 2004,0.22
,,2004 - 2005,0.62
,,2005 - 2006,1.29
,,2006 - 2007,0.83
,,2007 - 2008,0.8
,,2008 - 2009,0.88
,,2009 - 2010,0.78
,,2010 - 2011,0.78
,,2011 - 2012,0.71
,,2012 - 2013,0.17
,,2013 - 2014,0.52
,,2014 - 2015,0.29
,,2015 - 2016,0.53
,,2016 - 2017,0.61
,,2017 - 2018,0.56
,,2018 - 2019,0.73
,,2019 - 2020,0.66
,,2020 - 2021,0.86
,,2021 - 2022,0.75
,,2022 - 2023,0.64
,Mysore,2000 - 2001,0.47
,,2001 - 2002,0.74
,,2002 - 2003,0.37
,,2003 - 2004,0.41
,,2004 - 2005,1.01
,,2005 - 2006,1.39
,,2006 - 2007,1.0
,,2007 - 2008,0.68
,,2008 - 2009,0.68
,,2009 - 2010,0.7
,,2010 - 2011,0.87
,,2011 - 2012,0.63
,,2012 - 2013,0.23
,,2013 - 2014,0.59
,,2014 - 2015,0.6
,,2015 - 2016,0.74
,,2016 - 2017,0.56
,,2017 - 2018,0.74
,,2018 - 2019,0.93
,,2019 - 2020,0.69
,,2020 - 2021,0.76
,,2021 - 2022,0.78
,,2022 - 2023,0.56
,Raichur,2000 - 2001,0.41
,,2001 - 2002,0.1
,,2002 - 2003,0.33
,,2003 - 2004,0.18
,,2004 - 2005,0.13
,,2005 - 2006,0.26
,,2006 - 2007,0.2
,,2007 - 2008,0.28
,,2008 - 2009,0.36
,,2009 - 2010,0.07
,,2010 - 2011,0.38
,,2011 - 2012,0.16
,,2012 - 2013,0.23
,,2013 - 2014,0.3
,,2014 - 2015,0.12
,,2015 - 2016,0.04
,,2016 - 2017,0.27
,,2017 - 2018,0.34
,,2018 - 2019,0.37
,,2019 - 2020,0.49
,,2020 - 2021,0.88
,,2021 - 2022,0.34
,,2022 - 2023,1.16
,Ramanagara,2007 - 2008,0.08
,,2008 - 2009,0.38
,,2009 - 2010,0.66
,,2010 - 2011,0.28
,,2011 - 2012,0.62
,,2012 - 2013,0.03
,,2013 - 2014,0.48
,,2014 - 2015,0.38
,,2015 - 2016,0.86
,,2016 - 2017,0.83
,,2017 - 2018,0.49
,,2018 - 2019,0.89
,,2019 - 2020,0.33
,,2020 - 2021,0.85
,,2021 - 2022,0.45
,,2022 - 2023,0.46
,Shimoga,2000 - 2001,0.41
,,2001 - 2002,0.37
,,2002 - 2003,0.39
,,2003 - 2004,0.44
,,2004 - 2005,0.54
,,2005 - 2006,0.87
,,2006 - 2007,0.58
,,2007 - 2008,0.57
,,2008 - 2009,0.51
,,2009 - 2010,0.4
,,2010 - 2011,0.56
,,2011 - 2012,0.5
,,2012 - 2013,0.33
,,2013 - 2014,0.58
,,2014 - 2015,0.67
,,2015 - 2016,0.0
,,2016 - 2017,1.0
,,2017 - 2018,0.8
,,2018 - 2019,0.63
,,2020 - 2021,0.9
,,2021 - 2022,0.67
,,2022 - 2023,0.75
,Tumkur,2000 - 2001,0.41
,,2001 - 2002,0.37
,,2002 - 2003,0.39
,,2003 - 2004,0.44
,,2004 - 2005,0.54
,,2005 - 2006,0.87
,,2006 - 2007,0.59
,,2007 - 2008,0.56
,,2008 - 2009,0.51
,,2009 - 2010,0.41
,,2010 - 2011,0.57
,,2011 - 2012,0.5
,,2012 - 2013,0.32
,,2013 - 2014,0.47
,,2014 - 2015,0.1
,,2015 - 2016,0.45
,,2016 - 2017,0.32
,,2017 - 2018,0.88
,,2018 - 2019,0.78
,,2019 - 2020,1.0
,,2020 - 2021,0.94
,,2021 - 2022,0.55
,,2022 - 2023,0.46
,Udupi,2000 - 2001,0.41
,,2001 - 2002,0.37
,,2002 - 2003,0.4
,,2003 - 2004,0.44
,,2004 - 2005,0.54
,,2005 - 2006,0.87
,,2006 - 2007,0.58
,,2007 - 2008,0.56
,,2008 - 2009,0.51
,,2009 - 2010,0.4
,,2010 - 2011,0.57
,,2011 - 2012,0.5
,,2013 - 2014,0.5
,,2014 - 2015,0.5
,,2016 - 2017,0.63
,,2017 - 2018,0.88
,,2018 - 2019,0.63
,,2019 - 2020,0.86
,,2020 - 2021,0.92
,,2021 - 2022,0.75
,,2022 - 2023,0.68
,Uttar kannad,2000 - 2001,0.42
,,2001 - 2002,0.33
,,2002 - 2003,0.33
,,2003 - 2004,0.5
,,2004 - 2005,0.6
,,2005 - 2006,1.0
,,2006 - 2007,1.0
,,2007 - 2008,1.0
,,2008 - 2009,1.0
,,2009 - 2010,0.0
,,2010 - 2011,0.5
,,2011 - 2012,0.5
,,2017 - 2018,1.0
,,2018 - 2019,0.5
,,2019 - 2020,1.0
,,2020 - 2021,0.9
,,2021 - 2022,0.75
,,2022 - 2023,1.0
,Vijayanagar,2022 - 2023,0.65
,Yadgir,2010 - 2011,0.27
,,2011 - 2012,0.11
,,2012 - 2013,0.1
,,2013 - 2014,0.18
,,2014 - 2015,0.24
,,2015 - 2016,0.07
,,2016 - 2017,0.21
,,2017 - 2018,2.69
,,2018 - 2019,0.63
,,2019 - 2020,0.85
,,2020 - 2021,0.23
,,2021 - 2022,0.8
,,2022 - 2023,0.67
Kerala,Alappuzha,2000 - 2001,0.33
,,2001 - 2002,0.26
,,2002 - 2003,0.36
,,2003 - 2004,0.23
,,2004 - 2005,0.27
,,2005 - 2006,0.27
,,2006 - 2007,0.38
,,2007 - 2008,0.2
,,2008 - 2009,0.84
,,2009 - 2010,0.21
,,2010 - 2011,0.13
,,2011 - 2012,0.33
,,2012 - 2013,
,,2013 - 2014,
,,2014 - 2015,
,,2015 - 2016,
,,2016 - 2017,
,,2017 - 2018,
,,2018 - 2019,
,,2019 - 2020,
,,2020 - 2021,
,,2021 - 2022,
,,2022 - 2023,
,Ernakulam,2000 - 2001,0.42
,,2001 - 2002,0.43
,,2002 - 2003,0.29
,,2003 - 2004,0.26
,,2004 - 2005,0.18
,,2005 - 2006,0.24
,,2006 - 2007,0.51
,,2007 - 2008,0.21
,,2008 - 2009,0.77
,,2009 - 2010,0.13
,,2010 - 2011,0.12
,,2011 - 2012,0.13
,,2012 - 2013,
,,2013 - 2014,
,,2014 - 2015,
,,2015 - 2016,
,,2016 - 2017,
,,2017 - 2018,
,,2018 - 2019,
,,2019 - 2020,
,,2020 - 2021,
,,2021 - 2022,
,,2022 - 2023,
,Idukki,2000 - 2001,0.73
,,2001 - 2002,0.29
,,2002 - 2003,0.17
,,2004 - 2005,0.75
,,2006 - 2007,0.43
,,2008 - 2009,0.2
,,2009 - 2010,0.4
,,2011 - 2012,0.13
,,2018 - 2019,
,,2020 - 2021,
,Kannur,2000 - 2001,0.6
,,2001 - 2002,0.0
,,2002 - 2003,0.0
,,2004 - 2005,0.0
,,2005 - 2006,0.15
,,2007 - 2008,0.33
,,2014 - 2015,
,,2015 - 2016,
,,2018 - 2019,
,,2020 - 2021,
,,2021 - 2022,
,,2022 - 2023,
,Kasaragod,2000 - 2001,0.0
,,2005 - 2006,0.67
,,2006 - 2007,1.0
,,2007 - 2008,1.0
,,2013 - 2014,
,Kollam,2000 - 2001,0.5
,,2001 - 2002,0.47
,,2002 - 2003,0.57
,,2003 - 2004,0.49
,,2004 - 2005,0.48
,,2005 - 2006,0.68
,,2006 - 2007,0.6
,,2007 - 2008,0.4
,,2008 - 2009,0.57
,,2009 - 2010,0.65
,,2010 - 2011,0.68
,,2011 - 2012,0.59
,,2012 - 2013,
,,2013 - 2014,
,,2014 - 2015,
,,2015 - 2016,
,,2016 - 2017,
,,2017 - 2018,
,,2018 - 2019,
,,2019 - 2020,
,,2020 - 2021,
,,2021 - 2022,
,,2022 - 2023,
,Kottayam,2000 - 2001,0.17
,,2002 - 2003,0.5
,,2003 - 2004,0.5
,,2004 - 2005,0.0
,,2005 - 2006,0.25
,,2019 - 2020,
,Kozhikode,2001 - 2002,0.25
,,2004 - 2005,0.0
,,2012 - 2013,
,,2016 - 2017,
,,2017 - 2018,
,,2018 - 2019,
,,2020 - 2021,
,,2021 - 2022,
,,2022 - 2023,
,Malappuram,2000 - 2001,0.41
,,2001 - 2002,0.24
,,2002 - 2003,0.26
,,2003 - 2004,0.25
,,2004 - 2005,0.3
,,2005 - 2006,0.31
,,2006 - 2007,0.45
,,2007 - 2008,0.38
,,2008 - 2009,0.47
,,2009 - 2010,0.41
,,2010 - 2011,0.45
,,2011 - 2012,0.34
,,2012 - 2013,
,,2013 - 2014,
,,2014 - 2015,
,,2015 - 2016,
,,2016 - 2017,
,,2017 - 2018,
,,2018 - 2019,
,,2019 - 2020,
,,2020 - 2021,
,,2021 - 2022,
,,2022 - 2023,
,Palakkad,2000 - 2001,0.29
,,2001 - 2002,0.37
,,2002 - 2003,0.25
,,2003 - 2004,0.11
,,2004 - 2005,0.12
,,2005 - 2006,0.17
,,2006 - 2007,0.13
,,2007 - 2008,0.2
,,2008 - 2009,0.27
,,2009 - 2010,0.11
,,2010 - 2011,0.14
,,2011 - 2012,0.19
,,2012 - 2013,
,,2013 - 2014,
,,2014 - 2015,
,,2015 - 2016,
,,2016 - 2017,
,,2017 - 2018,
,,2018 - 2019,
,,2019 - 2020,
,,2020 - 2021,
,,2021 - 2022,
,,2022 - 2023,
,Pathanamthitta,2000 - 2001,0.0
,,2001 - 2002,0.0
,,2002 - 2003,0.0
,,2003 - 2004,0.17
,,2004 - 2005,0.33
,,2005 - 2006,0.3
,,2006 - 2007,0.0
,,2007 - 2008,0.0
,,2016 - 2017,
,,2017 - 2018,
,,2018 - 2019,
,,2019 - 2020,
,,2020 - 2021,
,,2021 - 2022,
,,2022 - 2023,
,Thiruvananthapuram,2001 - 2002,1.0
,,2015 - 2016,
,,2016 - 2017,
,,2017 - 2018,
,,2018 - 2019,
,,2019 - 2020,
,,2020 - 2021,
,,2021 - 2022,
,,2022 - 2023,
,Thrissur,2000 - 2001,0.41
,,2001 - 2002,0.26
,,2002 - 2003,0.35
,,2003 - 2004,0.09
,,2004 - 2005,0.21
,,2005 - 2006,0.34
,,2006 - 2007,0.14
,,2007 - 2008,0.33
,,2008 - 2009,0.14
,,2009 - 2010,0.33
,,2010 - 2011,0.17
,,2011 - 2012,0.25
,,2012 - 2013,
,,2013 - 2014,
,,2014 - 2015,
,,2015 - 2016,
,,2016 - 2017,
,,2017 - 2018,
,,2018 - 2019,
,,2019 - 2020,
,,2020 - 2021,
,,2021 - 2022,
,,2022 - 2023,
,Wayanad,2000 - 2001,0.29
,,2001 - 2002,0.33
,,2002 - 2003,0.3
,,2003 - 2004,0.11
,,2004 - 2005,0.1
,,2005 - 2006,0.08
,,2006 - 2007,0.33
,,2007 - 2008,0.0
,,2009 - 2010,0.0
,,2010 - 2011,0.12
,,2011 - 2012,0.07
,,2012 - 2013,
,,2014 - 2015,
,,2015 - 2016,
,,2016 - 2017,
,,2017 - 2018,
,,2018 - 2019,
,,2019 - 2020,
,,2020 - 2021,
,,2022 - 2023,
Madhya Pradesh,Agar malwa,2013 - 2014,
,,2014 - 2015,
,,2015 - 2016,
,,2016 - 2017,
,,2017 - 2018,
,,2018 - 2019,
,,2019 - 2020,0.22
,,2020 - 2021,0.69
,,2021 - 2022,0.36
,,2022 - 2023,0.46
,Alirajpur,2008 - 2009,
,,2009 - 2010,
,,2010 - 2011,
,,2011 - 2012,
,,2012 - 2013,
,,2013 - 2014,
,,2015 - 2016,
,,2017 - 2018,
,,2018 - 2019,
,,2019 - 2020,0.62
,,2020 - 2021,0.65
,,2021 - 2022,0.0
,,2022 - 2023,0.4
,Anuppur,2003 - 2004,0.23
,,2004 - 2005,0.25
,,2005 - 2006,0.17
,,2006 - 2007,
,,2007 - 2008,
,,2008 - 2009,
,,2009 - 2010,
,,2010 - 2011,
,,2011 - 2012,
,,2012 - 2013,
,,2013 - 2014,
,,2014 - 2015,
,,2015 - 2016,
,,2016 - 2017,
,,2017 - 2018,
,,2018 - 2019,
,,2019 - 2020,0.23
,,2020 - 2021,0.31
,,2021 - 2022,0.31
,,2022 - 2023,0.31
,Ashoknagar,2003 - 2004,0.62
,,2004 - 2005,0.66
,,2005 - 2006,0.59
,,2006 - 2007,
,,2007 - 2008,
,,2008 - 2009,
,,2009 - 2010,
,,2010 - 2011,
,,2011 - 2012,
,,2012 - 2013,
,,2013 - 2014,
,,2014 - 2015,
,,2015 - 2016,
,,2017 - 2018,
,,2018 - 2019,
,,2019 - 2020,0.76
,,2020 - 2021,0.85
,,2021 - 2022,0.93
,,2022 - 2023,0.66
,Balaghat,2000 - 2001,0.61
,,2001 - 2002,0.62
,,2002 - 2003,0.65
,,2003 - 2004,0.79
,,2004 - 2005,0.86
,,2005 - 2006,0.82
,,2006 - 2007,
,,2007 - 2008,
,,2008 - 2009,
,,2009 - 2010,
,,2010 - 2011,
,,2011 - 2012,
,,2012 - 2013,
,,2013 - 2014,
,,2014 - 2015,
,,2015 - 2016,
,,2016 - 2017,
,,2017 - 2018,
,,2018 - 2019,
,,2019 - 2020,0.95
,,2020 - 2021,0.89
,,2021 - 2022,0.96
,,2022 - 2023,0.71
,Barwani,2000 - 2001,0.17
,,2001 - 2002,0.22
,,2002 - 2003,0.23
,,2003 - 2004,0.33
,,2004 - 2005,0.32
,,2005 - 2006,0.32
,,2006 - 2007,
,,2007 - 2008,
,,2008 - 2009,
,,2009 - 2010,
,,2010 - 2011,
,,2011 - 2012,
,,2012 - 2013,
,,2013 - 2014,
,,2014 - 2015,
,,2017 - 2018,
,,2018 - 2019,
,,2019 - 2020,0.53
,,2020 - 2021,0.37
,Betul,2000 - 2001,0.24
,,2001 - 2002,0.26
,,2002 - 2003,0.24
,,2003 - 2004,0.35
,,2004 - 2005,0.3
,,2005 - 2006,0.28
,,2006 - 2007,
,,2007 - 2008,
,,2008 - 2009,
,,2009 - 2010,
,,2010 - 2011,
,,2011 - 2012,
,,2012 - 2013,
,,2013 - 2014,
,,2014 - 2015,
,,2015 - 2016,
,,2016 - 2017,
,,2017 - 2018,
,,2018 - 2019,
,,2019 - 2020,0.44
,,2020 - 2021,0.45
,,2021 - 2022,0.29
,,2022 - 2023,0.42
,Bhind,2000 - 2001,0.58
,,2001 - 2002,0.57
,,2002 - 2003,0.56
,,2003 - 2004,0.68
,,2004 - 2005,0.74
,,2005 - 2006,0.63
,,2006 - 2007,
,,2007 - 2008,
,,2008 - 2009,
,,2009 - 2010,
,,2010 - 2011,
,,2011 - 2012,
,,2012 - 2013,
,,2013 - 2014,
,,2014 - 2015,
,,2015 - 2016,
,,2016 - 2017,
,,2017 - 2018,
,,2018 - 2019,
,,2019 - 2020,0.8
,,2020 - 2021,0.85
,,2021 - 2022,0.37
,,2022 - 2023,0.73
,Bhopal,2000 - 2001,0.36
,,2001 - 2002,0.34
,,2002 - 2003,0.29
,,2003 - 2004,0.36
,,2004 - 2005,0.41
,,2005 - 2006,0.38
,,2006 - 2007,
,,2007 - 2008,
,,2008 - 2009,
,,2009 - 2010,
,,2010 - 2011,
,,2011 - 2012,
,,2012 - 2013,
,,2013 - 2014,
,,2017 - 2018,
,,2018 - 2019,
,,2019 - 2020,0.58
,,2020 - 2021,0.6
,,2021 - 2022,0.43
,,2022 - 2023,0.43
,Burhanpur,2003 - 2004,0.4
,,2004 - 2005,0.59
,,2005 - 2006,0.49
,,2006 - 2007,
,,2007 - 2008,
,,2008 - 2009,
,,2009 - 2010,
,,2010 - 2011,
,,2011 - 2012,
,,2012 - 2013,
,,2013 - 2014,
,,2018 - 2019,
,,2019 - 2020,0.9
,,2020 - 2021,1.02
,,2021 - 2022,0.73
,Chhatarpur,2000 - 2001,0.22
,,2001 - 2002,0.25
,,2002 - 2003,0.23
,,2003 - 2004,0.28
,,2004 - 2005,0.42
,,2005 - 2006,0.34
,,2006 - 2007,
,,2007 - 2008,
,,2008 - 2009,
,,2009 - 2010,
,,2010 - 2011,
,,2011 - 2012,
,,2012 - 2013,
,,2013 - 2014,
,,2014 - 2015,
,,2015 - 2016,
,,2016 - 2017,
,,2017 - 2018,
,,2018 - 2019,
,,2019 - 2020,0.14
,,2020 - 2021,0.28
,,2021 - 2022,0.42
,,2022 - 2023,0.42
,Chhindwara,2000 - 2001,0.21
,,2001 - 2002,0.19
,,2002 - 2003,0.21
,,2003 - 2004,0.44
,,2004 - 2005,0.43
,,2005 - 2006,0.27
,,2006 - 2007,
,,2007 - 2008,
,,2008 - 2009,
,,2009 - 2010,
,,2010 - 2011,
,,2011 - 2012,
,,2012 - 2013,
,,2013 - 2014,
,,2014 - 2015,
,,2015 - 2016,
,,2016 - 2017,
,,2017 - 2018,
,,2018 - 2019,
,,2019 - 2020,0.88
,,2020 - 2021,0.42
,,2021 - 2022,0.46
,,2022 - 2023,0.46
,Damoh,2000 - 2001,0.18
,,2001 - 2002,0.25
,,2002 - 2003,0.15
,,2003 - 2004,0.35
,,2004 - 2005,0.38
,,2005 - 2006,0.28
,,2006 - 2007,
,,2007 - 2008,
,,2008 - 2009,
,,2009 - 2010,
,,2010 - 2011,
,,2011 - 2012,
,,2012 - 2013,
,,2013 - 2014,
,,2014 - 2015,
,,2015 - 2016,
,,2016 - 2017,
,,2017 - 2018,
,,2018 - 2019,
,,2019 - 2020,0.28
,,2020 - 2021,0.6
,,2021 - 2022,0.51
,,2022 - 2023,0.76
,Datia,2000 - 2001,0.61
,,2001 - 2002,0.6
,,2002 - 2003,0.29
,,2003 - 2004,0.65
,,2004 - 2005,0.49
,,2005 - 2006,0.64
,,2006 - 2007,
,,2007 - 2008,
,,2008 - 2009,
,,2009 - 2010,
,,2010 - 2011,
,,2011 - 2012,
,,2012 - 2013,
,,2013 - 2014,
,,2014 - 2015,
,,2015 - 2016,
,,2016 - 2017,
,,2017 - 2018,
,,2018 - 2019,
,,2019 - 2020,0.91
,,2020 - 2021,0.42
,,2021 - 2022,0.61
,,2022 - 2023,0.58
,Dewas,2000 - 2001,0.37
,,2001 - 2002,0.42
,,2002 - 2003,0.47
,,2003 - 2004,0.53
,,2004 - 2005,0.59
,,2005 - 2006,0.41
,,2006 - 2007,
,,2007 - 2008,
,,2008 - 2009,
,,2009 - 2010,
,,2010 - 2011,
,,2011 - 2012,
,,2012 - 2013,
,,2013 - 2014,
,,2018 - 2019,
,,2019 - 2020,1.0
,,2020 - 2021,0.62
,,2021 - 2022,0.98
,Dhar,2000 - 2001,0.17
,,2001 - 2002,0.23
,,2002 - 2003,0.3
,,2003 - 2004,0.38
,,2004 - 2005,0.39
,,2005 - 2006,0.28
,,2006 - 2007,
,,2007 - 2008,
,,2008 - 2009,
,,2009 - 2010,
,,2010 - 2011,
,,2011 - 2012,
,,2012 - 2013,
,,2013 - 2014,
,,2018 - 2019,
,,2019 - 2020,0.83
,,2020 - 2021,0.59
,,2021 - 2022,0.0
,Dindori,2000 - 2001,0.13
,,2001 - 2002,0.2
,,2002 - 2003,0.19
,,2003 - 2004,0.21
,,2004 - 2005,0.3
,,2005 - 2006,0.32
,,2006 - 2007,
,,2007 - 2008,
,,2008 - 2009,
,,2009 - 2010,
,,2010 - 2011,
,,2011 - 2012,
,,2012 - 2013,
,,2013 - 2014,
,,2014 - 2015,
,,2015 - 2016,
,,2018 - 2019,
,,2019 - 2020,0.47
,,2020 - 2021,0.24
,,2021 - 2022,0.0
,,2022 - 2023,0.42
,Guna,2000 - 2001,0.61
,,2001 - 2002,0.57
,,2002 - 2003,0.19
,,2003 - 2004,0.71
,,2004 - 2005,0.78
,,2005 - 2006,0.7
,,2006 - 2007,
,,2007 - 2008,
,,2008 - 2009,
,,2009 - 2010,
,,2010 - 2011,
,,2011 - 2012,
,,2012 - 2013,
,,2013 - 2014,
,,2014 - 2015,
,,2015 - 2016,
,,2017 - 2018,
,,2018 - 2019,
,,2019 - 2020,0.98
,,2020 - 2021,0.48
,,2021 - 2022,0.97
,,2022 - 2023,0.96
,Gwalior,2000 - 2001,0.5
,,2001 - 2002,0.55
,,2002 - 2003,0.38
,,2003 - 2004,0.64
,,2004 - 2005,0.68
,,2005 - 2006,0.6
,,2006 - 2007,
,,2007 - 2008,
,,2008 - 2009,
,,2009 - 2010,
,,2010 - 2011,
,,2011 - 2012,
,,2012 - 2013,
,,2013 - 2014,
,,2014 - 2015,
,,2015 - 2016,
,,2016 - 2017,
,,2017 - 2018,
,,2018 - 2019,
,,2019 - 2020,0.66
,,2020 - 2021,0.47
,,2021 - 2022,0.47
,,2022 - 2023,0.47
,Harda,2000 - 2001,0.37
,,2001 - 2002,0.42
,,2002 - 2003,0.4
,,2003 - 2004,0.45
,,2004 - 2005,0.52
,,2005 - 2006,0.47
,,2006 - 2007,
,,2007 - 2008,
,,2008 - 2009,
,,2009 - 2010,
,,2010 - 2011,
,,2011 - 2012,
,,2012 - 2013,
,,2013 - 2014,
,,2018 - 2019,
,,2019 - 2020,0.5
,,2020 - 2021,0.48
,,2021 - 2022,0.53
,,2022 - 2023,0.57
,Hoshangabad,2000 - 2001,0.37
,,2001 - 2002,0.4
,,2002 - 2003,0.42
,,2003 - 2004,0.53
,,2004 - 2005,0.59
,,2005 - 2006,0.48
,,2006 - 2007,
,,2007 - 2008,
,,2008 - 2009,
,,2009 - 2010,
,,2010 - 2011,
,,2011 - 2012,
,,2012 - 2013,
,,2013 - 2014,
,,2016 - 2017,
,,2017 - 2018,
,,2018 - 2019,
,,2019 - 2020,0.65
,,2020 - 2021,1.1
,,2021 - 2022,0.72
,,2022 - 2023,0.98
,Indore,2000 - 2001,0.5
,,2002 - 2003,0.5
,,2003 - 2004,0.65
,,2004 - 2005,1.0
,,2005 - 2006,0.5
,,2006 - 2007,
,,2007 - 2008,
,,2008 - 2009,
,,2009 - 2010,
,,2010 - 2011,
,,2011 - 2012,
,,2012 - 2013,
,,2013 - 2014,
,,2018 - 2019,
,,2020 - 2021,0.33
,Jabalpur,2000 - 2001,0.15
,,2001 - 2002,0.28
,,2002 - 2003,0.25
,,2003 - 2004,0.35
,,2004 - 2005,0.41
,,2005 - 2006,0.28
,,2006 - 2007,
,,2007 - 2008,
,,2008 - 2009,
,,2009 - 2010,
,,2010 - 2011,
,,2011 - 2012,
,,2012 - 2013,
,,2013 - 2014,
,,2014 - 2015,
,,2015 - 2016,
,,2017 - 2018,
,,2018 - 2019,
,,2019 - 2020,0.61
,,2020 - 2021,0.8
,,2021 - 2022,0.54
,,2022 - 2023,0.62
,Jhabua,2000 - 2001,0.23
,,2001 - 2002,0.26
,,2002 - 2003,0.33
,,2003 - 2004,0.45
,,2004 - 2005,0.44
,,2005 - 2006,0.4
,,2006 - 2007,
,,2007 - 2008,
,,2008 - 2009,
,,2009 - 2010,
,,2010 - 2011,
,,2011 - 2012,
,,2012 - 2013,
,,2013 - 2014,
,,2017 - 2018,
,,2018 - 2019,
,,2019 - 2020,0.65
,,2020 - 2021,0.64
,Katni,2000 - 2001,0.12
,,2001 - 2002,0.17
,,2002 - 2003,0.14
,,2003 - 2004,0.2
,,2004 - 2005,0.26
,,2005 - 2006,0.18
,,2006 - 2007,
,,2007 - 2008,
,,2008 - 2009,
,,2009 - 2010,
,,2010 - 2011,
,,2011 - 2012,
,,2012 - 2013,
,,2013 - 2014,
,,2014 - 2015,
,,2015 - 2016,
,,2016 - 2017,
,,2017 - 2018,
,,2018 - 2019,
,,2019 - 2020,0.57
,,2020 - 2021,0.67
,,2021 - 2022,0.64
,,2022 - 2023,0.63
,Khandwa,2000 - 2001,0.26
,,2001 - 2002,0.33
,,2002 - 2003,0.33
,,2003 - 2004,0.4
,,2004 - 2005,0.43
,,2005 - 2006,0.37
,,2006 - 2007,
,,2007 - 2008,
,,2008 - 2009,
,,2009 - 2010,
,,2010 - 2011,
,,2011 - 2012,
,,2012 - 2013,
,,2013 - 2014,
,,2015 - 2016,
,,2017 - 2018,
,,2018 - 2019,
,,2019 - 2020,0.48
,,2020 - 2021,0.23
,,2021 - 2022,0.33
,,2022 - 2023,0.32
,Khargone,2000 - 2001,0.18
,,2001 - 2002,0.28
,,2002 - 2003,0.26
,,2003 - 2004,0.35
,,2004 - 2005,0.34
,,2005 - 2006,0.3
,,2006 - 2007,
,,2007 - 2008,
,,2008 - 2009,
,,2009 - 2010,
,,2010 - 2011,
,,2011 - 2012,
,,2012 - 2013,
,,2013 - 2014,
,,2014 - 2015,
,,2015 - 2016,
,,2018 - 2019,
,,2019 - 2020,0.45
,,2020 - 2021,0.57
,,2021 - 2022,0.44
,Mandla,2000 - 2001,0.11
,,2001 - 2002,0.2
,,2002 - 2003,0.2
,,2003 - 2004,0.27
,,2004 - 2005,0.29
,,2005 - 2006,0.39
,,2006 - 2007,
,,2007 - 2008,
,,2008 - 2009,
,,2009 - 2010,
,,2010 - 2011,
,,2011 - 2012,
,,2012 - 2013,
,,2013 - 2014,
,,2014 - 2015,
,,2015 - 2016,
,,2016 - 2017,
,,2017 - 2018,
,,2018 - 2019,
,,2019 - 2020,0.56
,,2020 - 2021,0.4
,,2021 - 2022,0.5
,,2022 - 2023,0.59
,Mandsaur,2000 - 2001,0.3
,,2001 - 2002,0.35
,,2002 - 2003,0.29
,,2003 - 2004,0.45
,,2004 - 2005,0.5
,,2005 - 2006,0.32
,,2006 - 2007,
,,2007 - 2008,
,,2008 - 2009,
,,2009 - 2010,
,,2010 - 2011,
,,2011 - 2012,
,,2012 - 2013,
,,2013 - 2014,
,,2014 - 2015,
,,2015 - 2016,
,,2018 - 2019,
,,2019 - 2020,0.52
,,2020 - 2021,0.45
,,2021 - 2022,0.38
,,2022 - 2023,0.47
,Morena,2000 - 2001,0.4
,,2001 - 2002,0.37
,,2002 - 2003,0.27
,,2003 - 2004,0.45
,,2004 - 2005,0.51
,,2005 - 2006,0.42
,,2006 - 2007,
,,2007 - 2008,
,,2008 - 2009,
,,2009 - 2010,
,,2010 - 2011,
,,2011 - 2012,
,,2012 - 2013,
,,2013 - 2014,
,,2014 - 2015,
,,2015 - 2016,
,,2016 - 2017,
,,2017 - 2018,
,,2018 - 2019,
,,2019 - 2020,0.47
,,2020 - 2021,0.65
,,2021 - 2022,0.49
,,2022 - 2023,0.58
,Narsinghpur,2000 - 2001,0.41
,,2001 - 2002,0.54
,,2002 - 2003,0.4
,,2003 - 2004,0.67
,,2004 - 2005,0.74
,,2005 - 2006,0.63
,,2006 - 2007,
,,2007 - 2008,
,,2008 - 2009,
,,2009 - 2010,
,,2010 - 2011,
,,2011 - 2012,
,,2012 - 2013,
,,2013 - 2014,
,,2015 - 2016,
,,2016 - 2017,
,,2017 - 2018,
,,2018 - 2019,
,,2019 - 2020,0.7
,,2020 - 2021,0.84
,,2021 - 2022,0.69
,,2022 - 2023,0.89
,Neemuch,2000 - 2001,0.32
,,2001 - 2002,0.38
,,2002 - 2003,0.28
,,2003 - 2004,0.56
,,2004 - 2005,0.49
,,2005 - 2006,0.42
,,2006 - 2007,
,,2007 - 2008,
,,2008 - 2009,
,,2009 - 2010,
,,2010 - 2011,
,,2011 - 2012,
,,2012 - 2013,
,,2013 - 2014,
,,2014 - 2015,
,,2015 - 2016,
,,2017 - 2018,
,,2018 - 2019,
,,2019 - 2020,0.19
,,2020 - 2021,0.85
,Niwari,2020 - 2021,0.36
,,2021 - 2022,0.34
,,2022 - 2023,0.59
,Panna,2000 - 2001,0.21
,,2001 - 2002,0.29
,,2002 - 2003,0.2
,,2003 - 2004,0.21
,,2004 - 2005,0.28
,,2005 - 2006,0.51
,,2006 - 2007,
,,2007 - 2008,
,,2008 - 2009,
,,2009 - 2010,
,,2010 - 2011,
,,2011 - 2012,
,,2012 - 2013,
,,2013 - 2014,
,,2014 - 2015,
,,2015 - 2016,
,,2016 - 2017,
,,2017 - 2018,
,,2018 - 2019,
,,2019 - 2020,0.59
,,2020 - 2021,0.53
,,2021 - 2022,0.63
,,2022 - 2023,0.57
,Raisen,2000 - 2001,0.35
,,2001 - 2002,0.33
,,2002 - 2003,0.35
,,2003 - 2004,0.42
,,2004 - 2005,0.51
,,2005 - 2006,0.45
,,2006 - 2007,
,,2007 - 2008,
,,2008 - 2009,
,,2009 - 2010,
,,2010 - 2011,
,,2011 - 2012,
,,2012 - 2013,
,,2013 - 2014,
,,2015 - 2016,
,,2018 - 2019,
,,2019 - 2020,0.4
,,2020 - 2021,0.65
,,2021 - 2022,0.36
,,2022 - 2023,0.52
,Rajgarh,2000 - 2001,0.19
,,2001 - 2002,0.27
,,2002 - 2003,0.2
,,2003 - 2004,0.65
,,2004 - 2005,0.64
,,2005 - 2006,0.41
,,2006 - 2007,
,,2007 - 2008,
,,2008 - 2009,
,,2009 - 2010,
,,2010 - 2011,
,,2011 - 2012,
,,2012 - 2013,
,,2013 - 2014,
,,2014 - 2015,
,,2015 - 2016,
,,2017 - 2018,
,,2018 - 2019,
,,2019 - 2020,0.51
,,2020 - 2021,0.24
,,2021 - 2022,0.64
,,2022 - 2023,0.65
,Ratlam,2000 - 2001,0.37
,,2001 - 2002,0.26
,,2002 - 2003,0.22
,,2003 - 2004,0.62
,,2004 - 2005,0.55
,,2005 - 2006,0.59
,,2006 - 2007,
,,2007 - 2008,
,,2008 - 2009,
,,2009 - 2010,
,,2010 - 2011,
,,2011 - 2012,
,,2012 - 2013,
,,2013 - 2014,
,,2017 - 2018,
,,2018 - 2019,
,,2019 - 2020,0.46
,,2021 - 2022,0.78
,Rewa,2000 - 2001,0.19
,,2001 - 2002,0.17
,,2002 - 2003,0.17
,,2003 - 2004,0.22
,,2004 - 2005,0.24
,,2005 - 2006,0.23
,,2006 - 2007,
,,2007 - 2008,
,,2008 - 2009,
,,2009 - 2010,
,,2010 - 2011,
,,2011 - 2012,
,,2012 - 2013,
,,2013 - 2014,
,,2014 - 2015,
,,2015 - 2016,
,,2016 - 2017,
,,2017 - 2018,
,,2018 - 2019,
,,2019 - 2020,0.33
,,2020 - 2021,0.5
,,2021 - 2022,0.31
,,2022 - 2023,0.45
,Sagar,2000 - 2001,0.21
,,2001 - 2002,0.18
,,2002 - 2003,0.14
,,2003 - 2004,0.25
,,2004 - 2005,0.28
,,2005 - 2006,0.22
,,2006 - 2007,
,,2007 - 2008,
,,2008 - 2009,
,,2009 - 2010,
,,2010 - 2011,
,,2011 - 2012,
,,2012 - 2013,
,,2013 - 2014,
,,2014 - 2015,
,,2015 - 2016,
,,2016 - 2017,
,,2017 - 2018,
,,2018 - 2019,
,,2019 - 2020,0.4
,,2020 - 2021,0.55
,,2021 - 2022,0.51
,,2022 - 2023,0.35
,Satna,2000 - 2001,0.15
,,2001 - 2002,0.17
,,2002 - 2003,0.13
,,2003 - 2004,0.23
,,2004 - 2005,0.23
,,2005 - 2006,0.2
,,2006 - 2007,
,,2007 - 2008,
,,2008 - 2009,
,,2009 - 2010,
,,2010 - 2011,
,,2011 - 2012,
,,2012 - 2013,
,,2013 - 2014,
,,2014 - 2015,
,,2015 - 2016,
,,2016 - 2017,
,,2017 - 2018,
,,2018 - 2019,
,,2019 - 2020,0.11
,,2020 - 2021,0.68
,,2021 - 2022,0.14
,,2022 - 2023,0.82
,Sehore,2000 - 2001,0.27
,,2001 - 2002,0.25
,,2002 - 2003,0.36
,,2003 - 2004,0.45
,,2004 - 2005,0.5
,,2005 - 2006,0.39
,,2006 - 2007,
,,2007 - 2008,
,,2008 - 2009,
,,2009 - 2010,
,,2010 - 2011,
,,2011 - 2012,
,,2012 - 2013,
,,2013 - 2014,
,,2017 - 2018,
,,2018 - 2019,
,,2019 - 2020,0.6
,,2020 - 2021,0.46
,,2021 - 2022,0.58
,,2022 - 2023,0.62
,Seoni,2000 - 2001,0.09
,,2001 - 2002,0.28
,,2002 - 2003,0.31
,,2003 - 2004,0.38
,,2004 - 2005,0.37
,,2005 - 2006,0.3
,,2006 - 2007,
,,2007 - 2008,
,,2008 - 2009,
,,2009 - 2010,
,,2010 - 2011,
,,2011 - 2012,
,,2012 - 2013,
,,2013 - 2014,
,,2014 - 2015,
,,2015 - 2016,
,,2018 - 2019,
,,2019 - 2020,0.4
,,2020 - 2021,0.61
,,2021 - 2022,0.45
,,2022 - 2023,0.52
,Shahdol,2000 - 2001,0.18
,,2001 - 2002,0.19
,,2002 - 2003,0.19
,,2003 - 2004,0.23
,,2004 - 2005,0.23
,,2005 - 2006,0.18
,,2006 - 2007,
,,2007 - 2008,
,,2008 - 2009,
,,2009 - 2010,
,,2010 - 2011,
,,2011 - 2012,
,,2012 - 2013,
,,2013 - 2014,
,,2014 - 2015,
,,2015 - 2016,
,,2016 - 2017,
,,2017 - 2018,
,,2018 - 2019,
,,2019 - 2020,0.45
,,2020 - 2021,0.54
,,2021 - 2022,0.43
,,2022 - 2023,0.43
,Shajapur,2000 - 2001,0.34
,,2001 - 2002,0.28
,,2002 - 2003,0.36
,,2003 - 2004,0.56
,,2004 - 2005,0.57
,,2005 - 2006,0.4
,,2006 - 2007,
,,2007 - 2008,
,,2008 - 2009,
,,2009 - 2010,
,,2010 - 2011,
,,2011 - 2012,
,,2012 - 2013,
,,2013 - 2014,
,,2017 - 2018,
,,2018 - 2019,
,,2019 - 2020,0.64
,,2020 - 2021,0.85
,,2021 - 2022,0.0
,Sheopur,2000 - 2001,0.4
,,2001 - 2002,0.36
,,2002 - 2003,0.15
,,2003 - 2004,0.47
,,2004 - 2005,0.49
,,2005 - 2006,0.41
,,2006 - 2007,
,,2007 - 2008,
,,2008 - 2009,
,,2009 - 2010,
,,2010 - 2011,
,,2011 - 2012,
,,2012 - 2013,
,,2013 - 2014,
,,2014 - 2015,
,,2015 - 2016,
,,2016 - 2017,
,,2017 - 2018,
,,2018 - 2019,
,,2019 - 2020,0.44
,,2020 - 2021,0.56
,,2021 - 2022,0.09
,,2022 - 2023,0.56
,Shivpuri,2000 - 2001,0.48
,,2001 - 2002,0.48
,,2002 - 2003,0.19
,,2003 - 2004,0.62
,,2004 - 2005,0.67
,,2005 - 2006,0.6
,,2006 - 2007,
,,2007 - 2008,
,,2008 - 2009,
,,2009 - 2010,
,,2010 - 2011,
,,2011 - 2012,
,,2012 - 2013,
,,2013 - 2014,
,,2014 - 2015,
,,2015 - 2016,
,,2016 - 2017,
,,2017 - 2018,
,,2018 - 2019,
,,2019 - 2020,0.52
,,2020 - 2021,0.41
,,2021 - 2022,0.51
,,2022 - 2023,0.66
,Sidhi,2000 - 2001,0.17
,,2001 - 2002,0.16
,,2002 - 2003,0.16
,,2003 - 2004,0.2
,,2004 - 2005,0.23
,,2005 - 2006,0.34
,,2006 - 2007,
,,2007 - 2008,
,,2008 - 2009,
,,2009 - 2010,
,,2010 - 2011,
,,2011 - 2012,
,,2012 - 2013,
,,2013 - 2014,
,,2014 - 2015,
,,2015 - 2016,
,,2016 - 2017,
,,2017 - 2018,
,,2018 - 2019,
,,2019 - 2020,0.5
,,2020 - 2021,0.53
,,2021 - 2022,0.41
,,2022 - 2023,0.48
,Singrauli,2008 - 2009,
,,2009 - 2010,
,,2010 - 2011,
,,2011 - 2012,
,,2012 - 2013,
,,2013 - 2014,
,,2014 - 2015,
,,2015 - 2016,
,,2016 - 2017,
,,2017 - 2018,
,,2018 - 2019,
,,2019 - 2020,0.57
,,2020 - 2021,0.82
,,2021 - 2022,0.62
,,2022 - 2023,0.78
,Tikamgarh,2000 - 2001,0.43
,,2001 - 2002,0.42
,,2002 - 2003,0.21
,,2003 - 2004,0.35
,,2004 - 2005,0.38
,,2005 - 2006,0.33
,,2006 - 2007,
,,2007 - 2008,
,,2008 - 2009,
,,2009 - 2010,
,,2010 - 2011,
,,2011 - 2012,
,,2012 - 2013,
,,2013 - 2014,
,,2014 - 2015,
,,2015 - 2016,
,,2016 - 2017,
,,2017 - 2018,
,,2018 - 2019,
,,2019 - 2020,0.12
,,2020 - 2021,0.32
,,2021 - 2022,0.46
,,2022 - 2023,0.35
,Ujjain,2000 - 2001,0.3
,,2001 - 2002,0.26
,,2002 - 2003,0.26
,,2003 - 2004,0.52
,,2004 - 2005,0.41
,,2005 - 2006,0.32
,,2006 - 2007,
,,2007 - 2008,
,,2008 - 2009,
,,2009 - 2010,
,,2010 - 2011,
,,2011 - 2012,
,,2012 - 2013,
,,2013 - 2014,
,,2017 - 2018,
,,2018 - 2019,
,,2019 - 2020,0.73
,,2021 - 2022,0.61
,Umaria,2000 - 2001,0.15
,,2001 - 2002,0.18
,,2002 - 2003,0.17
,,2003 - 2004,0.23
,,2004 - 2005,0.24
,,2005 - 2006,0.19
,,2006 - 2007,
,,2007 - 2008,
,,2008 - 2009,
,,2009 - 2010,
,,2010 - 2011,
,,2011 - 2012,
,,2012 - 2013,
,,2013 - 2014,
,,2014 - 2015,
,,2015 - 2016,
,,2016 - 2017,
,,2017 - 2018,
,,2018 - 2019,
,,2019 - 2020,0.58
,,2020 - 2021,0.47
,,2021 - 2022,0.37
,,2022 - 2023,0.44
,Vidisha,2000 - 2001,0.34
,,2001 - 2002,0.35
,,2002 - 2003,0.34
,,2003 - 2004,0.44
,,2004 - 2005,0.47
,,2005 - 2006,0.44
,,2006 - 2007,
,,2007 - 2008,
,,2008 - 2009,
,,2009 - 2010,
,,2010 - 2011,
,,2011 - 2012,
,,2012 - 2013,
,,2013 - 2014,
,,2017 - 2018,
,,2018 - 2019,
,,2019 - 2020,0.41
,,2020 - 2021,0.6
,,2021 - 2022,0.49
,,2022 - 2023,0.56
Maharashtra,Ahilyanagar,2000 - 2001,0.18
,,2001 - 2002,0.38
,,2002 - 2003,0.15
,,2003 - 2004,0.29
,,2004 - 2005,0.36
,,2005 - 2006,0.2
,,2006 - 2007,0.22
,,2007 - 2008,0.38
,,2008 - 2009,1.0
,,2009 - 2010,0.0
,,2010 - 2011,0.2
,,2011 - 2012,0.2
,,2012 - 2013,0.33
,,2013 - 2014,0.5
,,2015 - 2016,0.0
,,2016 - 2017,0.26
,,2017 - 2018,0.31
,,2018 - 2019,0.13
,,2019 - 2020,0.13
,,2020 - 2021,0.3
,,2021 - 2022,0.19
,,2022 - 2023,0.34
,Akola,2000 - 2001,0.22
,,2001 - 2002,0.32
,,2002 - 2003,0.22
,,2003 - 2004,0.27
,,2004 - 2005,0.14
,,2005 - 2006,0.16
,,2006 - 2007,0.14
,,2007 - 2008,0.25
,,2008 - 2009,0.53
,,2009 - 2010,0.47
,,2010 - 2011,0.44
,,2011 - 2012,0.36
,,2012 - 2013,0.27
,,2013 - 2014,0.11
,,2014 - 2015,0.1
,,2015 - 2016,0.1
,,2016 - 2017,0.24
,,2017 - 2018,0.17
,,2018 - 2019,0.22
,,2019 - 2020,0.03
,,2020 - 2021,0.2
,,2021 - 2022,0.05
,,2022 - 2023,0.22
,Amravati,2000 - 2001,0.22
,,2001 - 2002,0.2
,,2002 - 2003,0.21
,,2003 - 2004,0.13
,,2004 - 2005,0.2
,,2005 - 2006,0.5
,,2006 - 2007,0.5
,,2007 - 2008,0.5
,,2008 - 2009,1.0
,,2009 - 2010,0.5
,,2010 - 2011,0.33
,,2011 - 2012,0.33
,,2012 - 2013,0.25
,,2013 - 2014,0.0
,,2015 - 2016,0.25
,,2016 - 2017,0.28
,,2017 - 2018,0.18
,,2018 - 2019,0.25
,,2019 - 2020,0.15
,,2020 - 2021,0.2
,,2021 - 2022,0.14
,,2022 - 2023,
,Beed,2000 - 2001,0.24
,,2001 - 2002,0.22
,,2002 - 2003,0.32
,,2003 - 2004,0.26
,,2004 - 2005,0.21
,,2005 - 2006,0.25
,,2006 - 2007,0.2
,,2007 - 2008,0.18
,,2008 - 2009,0.15
,,2009 - 2010,0.15
,,2010 - 2011,0.25
,,2011 - 2012,0.26
,,2012 - 2013,0.26
,,2013 - 2014,0.33
,,2014 - 2015,0.17
,,2015 - 2016,0.06
,,2016 - 2017,0.18
,,2017 - 2018,0.15
,,2018 - 2019,0.06
,,2019 - 2020,0.1
,,2020 - 2021,0.3
,,2021 - 2022,0.19
,,2022 - 2023,0.25
,Bhandara,2000 - 2001,0.25
,,2001 - 2002,0.33
,,2002 - 2003,0.13
,,2003 - 2004,0.22
,,2004 - 2005,0.13
,,2005 - 2006,0.14
,,2006 - 2007,0.14
,,2007 - 2008,0.29
,,2008 - 2009,0.25
,,2009 - 2010,0.33
,,2010 - 2011,0.5
,,2011 - 2012,0.25
,,2012 - 2013,0.5
,,2013 - 2014,0.2
,,2015 - 2016,0.17
,,2016 - 2017,0.27
,,2017 - 2018,0.19
,,2018 - 2019,0.26
,,2019 - 2020,0.3
,,2020 - 2021,0.2
,,2021 - 2022,0.14
,,2022 - 2023,0.22
,Buldhana,2000 - 2001,0.24
,,2001 - 2002,0.39
,,2002 - 2003,0.24
,,2003 - 2004,0.32
,,2004 - 2005,0.19
,,2005 - 2006,0.27
,,2006 - 2007,0.22
,,2007 - 2008,0.35
,,2008 - 2009,0.23
,,2009 - 2010,0.25
,,2010 - 2011,0.37
,,2011 - 2012,0.26
,,2012 - 2013,0.22
,,2013 - 2014,0.25
,,2014 - 2015,0.25
,,2015 - 2016,0.17
,,2016 - 2017,0.3
,,2017 - 2018,0.21
,,2018 - 2019,0.29
,,2019 - 2020,0.09
,,2020 - 2021,0.2
,,2021 - 2022,0.21
,,2022 - 2023,0.22
,Chandrapur,2000 - 2001,0.25
,,2001 - 2002,0.31
,,2002 - 2003,0.17
,,2003 - 2004,0.17
,,2004 - 2005,0.14
,,2005 - 2006,0.17
,,2006 - 2007,0.14
,,2007 - 2008,0.4
,,2008 - 2009,0.4
,,2009 - 2010,0.33
,,2010 - 2011,0.5
,,2011 - 2012,0.2
,,2012 - 2013,0.4
,,2013 - 2014,0.2
,,2015 - 2016,0.2
,,2016 - 2017,0.27
,,2017 - 2018,0.19
,,2018 - 2019,0.26
,,2019 - 2020,0.45
,,2020 - 2021,0.2
,,2021 - 2022,0.14
,,2022 - 2023,0.22
,Chhatrapati Sambhajinagar,2000 - 2001,0.24
,,2001 - 2002,0.22
,,2002 - 2003,0.31
,,2003 - 2004,0.25
,,2004 - 2005,0.22
,,2005 - 2006,0.24
,,2006 - 2007,0.21
,,2007 - 2008,0.19
,,2008 - 2009,0.14
,,2009 - 2010,0.17
,,2010 - 2011,0.27
,,2011 - 2012,0.33
,,2012 - 2013,0.22
,,2013 - 2014,0.33
,,2015 - 2016,0.06
,,2016 - 2017,0.18
,,2017 - 2018,0.15
,,2018 - 2019,0.06
,,2019 - 2020,0.23
,,2020 - 2021,0.3
,,2021 - 2022,0.19
,,2022 - 2023,0.25
,Dharashiv,2000 - 2001,0.22
,,2001 - 2002,0.23
,,2002 - 2003,0.29
,,2003 - 2004,0.16
,,2004 - 2005,0.26
,,2005 - 2006,0.29
,,2006 - 2007,0.2
,,2007 - 2008,0.24
,,2008 - 2009,0.21
,,2009 - 2010,0.26
,,2010 - 2011,0.21
,,2011 - 2012,0.27
,,2012 - 2013,0.16
,,2013 - 2014,0.28
,,2014 - 2015,0.11
,,2015 - 2016,0.08
,,2016 - 2017,0.17
,,2017 - 2018,0.14
,,2018 - 2019,0.04
,,2019 - 2020,0.22
,,2020 - 2021,0.06
,,2021 - 2022,0.16
,,2022 - 2023,0.25
,Dhule,2000 - 2001,0.15
,,2001 - 2002,0.33
,,2002 - 2003,0.28
,,2003 - 2004,0.42
,,2004 - 2005,0.31
,,2005 - 2006,0.25
,,2006 - 2007,0.28
,,2007 - 2008,0.42
,,2008 - 2009,0.15
,,2009 - 2010,0.26
,,2010 - 2011,0.47
,,2011 - 2012,0.37
,,2012 - 2013,0.55
,,2013 - 2014,0.22
,,2014 - 2015,0.32
,,2015 - 2016,0.28
,,2016 - 2017,0.21
,,2017 - 2018,0.24
,,2018 - 2019,0.16
,,2019 - 2020,0.12
,,2020 - 2021,0.3
,,2021 - 2022,0.16
,,2022 - 2023,0.26
,Gadchiroli,2000 - 2001,0.17
,,2001 - 2002,0.33
,,2002 - 2003,0.17
,,2003 - 2004,0.14
,,2004 - 2005,0.17
,,2005 - 2006,0.17
,,2006 - 2007,0.14
,,2007 - 2008,0.29
,,2008 - 2009,0.29
,,2009 - 2010,0.33
,,2010 - 2011,0.43
,,2011 - 2012,0.33
,,2012 - 2013,0.4
,,2013 - 2014,0.0
,,2014 - 2015,
,,2015 - 2016,0.17
,,2016 - 2017,0.27
,,2017 - 2018,0.19
,,2018 - 2019,0.26
,,2019 - 2020,0.12
,,2020 - 2021,0.2
,,2021 - 2022,0.14
,,2022 - 2023,0.22
,Gondia,2000 - 2001,0.2
,,2001 - 2002,0.3
,,2002 - 2003,0.22
,,2003 - 2004,0.2
,,2004 - 2005,0.18
,,2005 - 2006,0.18
,,2006 - 2007,0.17
,,2007 - 2008,0.33
,,2008 - 2009,0.36
,,2009 - 2010,0.27
,,2010 - 2011,0.18
,,2011 - 2012,0.25
,,2012 - 2013,0.46
,,2013 - 2014,0.21
,,2015 - 2016,0.17
,,2016 - 2017,0.27
,,2017 - 2018,0.19
,,2018 - 2019,0.26
,,2019 - 2020,0.13
,,2020 - 2021,0.2
,,2021 - 2022,0.14
,,2022 - 2023,0.22
,Hingoli,2000 - 2001,0.2
,,2001 - 2002,0.3
,,2002 - 2003,0.29
,,2003 - 2004,0.27
,,2004 - 2005,0.18
,,2005 - 2006,0.25
,,2006 - 2007,0.18
,,2007 - 2008,0.18
,,2008 - 2009,0.2
,,2009 - 2010,0.22
,,2010 - 2011,0.27
,,2011 - 2012,0.25
,,2012 - 2013,0.21
,,2013 - 2014,0.25
,,2015 - 2016,0.06
,,2016 - 2017,0.17
,,2017 - 2018,0.14
,,2018 - 2019,0.13
,,2019 - 2020,0.0
,,2020 - 2021,0.2
,,2021 - 2022,0.18
,,2022 - 2023,
,Jalgaon,2000 - 2001,0.22
,,2001 - 2002,0.41
,,2002 - 2003,0.46
,,2003 - 2004,0.4
,,2004 - 2005,0.29
,,2005 - 2006,0.34
,,2006 - 2007,0.37
,,2007 - 2008,0.44
,,2008 - 2009,0.33
,,2009 - 2010,0.38
,,2010 - 2011,0.5
,,2011 - 2012,0.55
,,2012 - 2013,0.37
,,2013 - 2014,0.37
,,2014 - 2015,0.35
,,2015 - 2016,0.19
,,2016 - 2017,0.43
,,2017 - 2018,0.34
,,2018 - 2019,0.3
,,2019 - 2020,0.32
,,2020 - 2021,0.3
,,2021 - 2022,0.19
,,2022 - 2023,0.38
,Jalna,2000 - 2001,0.24
,,2001 - 2002,0.23
,,2002 - 2003,0.31
,,2003 - 2004,0.26
,,2004 - 2005,0.23
,,2005 - 2006,0.26
,,2006 - 2007,0.2
,,2007 - 2008,0.19
,,2008 - 2009,0.13
,,2009 - 2010,0.18
,,2010 - 2011,0.22
,,2011 - 2012,0.4
,,2012 - 2013,0.33
,,2013 - 2014,0.33
,,2015 - 2016,0.1
,,2016 - 2017,0.18
,,2017 - 2018,0.15
,,2019 - 2020,0.09
,,2020 - 2021,0.3
,,2021 - 2022,0.19
,,2022 - 2023,0.25
,Kolhapur,2005 - 2006,1.0
,,2006 - 2007,1.0
,,2007 - 2008,1.0
,,2016 - 2017,0.27
,,2017 - 2018,0.33
,,2019 - 2020,0.13
,Latur,2000 - 2001,0.19
,,2001 - 2002,0.17
,,2002 - 2003,0.17
,,2003 - 2004,0.27
,,2004 - 2005,0.1
,,2005 - 2006,0.22
,,2006 - 2007,0.12
,,2007 - 2008,0.17
,,2008 - 2009,0.14
,,2009 - 2010,0.12
,,2010 - 2011,0.22
,,2011 - 2012,0.24
,,2012 - 2013,0.3
,,2013 - 2014,0.23
,,2014 - 2015,0.14
,,2015 - 2016,0.07
,,2016 - 2017,0.2
,,2017 - 2018,0.12
,,2018 - 2019,0.1
,,2019 - 2020,0.21
,,2020 - 2021,0.26
,,2021 - 2022,0.19
,,2022 - 2023,0.25
,Nagpur,2000 - 2001,0.33
,,2001 - 2002,0.25
,,2002 - 2003,0.33
,,2003 - 2004,0.5
,,2004 - 2005,0.5
,,2005 - 2006,0.5
,,2006 - 2007,1.0
,,2007 - 2008,1.0
,,2008 - 2009,1.0
,,2009 - 2010,0.0
,,2010 - 2011,0.4
,,2011 - 2012,0.3
,,2012 - 2013,0.5
,,2013 - 2014,0.0
,,2015 - 2016,0.2
,,2016 - 2017,0.28
,,2019 - 2020,0.2
,,2020 - 2021,0.2
,,2021 - 2022,0.14
,,2022 - 2023,0.22
,Nanded,2000 - 2001,0.19
,,2001 - 2002,0.36
,,2002 - 2003,0.29
,,2003 - 2004,0.32
,,2004 - 2005,0.18
,,2005 - 2006,0.29
,,2006 - 2007,0.16
,,2007 - 2008,0.25
,,2008 - 2009,0.19
,,2009 - 2010,0.17
,,2010 - 2011,0.28
,,2011 - 2012,0.22
,,2012 - 2013,0.27
,,2013 - 2014,0.14
,,2014 - 2015,0.08
,,2015 - 2016,0.07
,,2016 - 2017,0.06
,,2017 - 2018,0.35
,,2018 - 2019,0.15
,,2019 - 2020,0.15
,,2020 - 2021,0.2
,,2021 - 2022,0.11
,,2022 - 2023,0.25
,Nandurbar,2000 - 2001,0.18
,,2001 - 2002,0.33
,,2002 - 2003,0.4
,,2003 - 2004,0.4
,,2004 - 2005,0.29
,,2005 - 2006,0.29
,,2006 - 2007,0.25
,,2007 - 2008,0.4
,,2008 - 2009,0.2
,,2009 - 2010,0.25
,,2010 - 2011,0.5
,,2013 - 2014,0.0
,,2015 - 2016,0.1
,,2016 - 2017,0.36
,,2017 - 2018,0.3
,,2018 - 2019,0.21
,,2019 - 2020,0.33
,,2020 - 2021,0.3
,,2021 - 2022,0.19
,,2022 - 2023,0.34
,Nashik,2000 - 2001,0.17
,,2001 - 2002,0.33
,,2002 - 2003,0.43
,,2003 - 2004,0.43
,,2004 - 2005,0.29
,,2005 - 2006,0.33
,,2006 - 2007,0.5
,,2007 - 2008,1.0
,,2008 - 2009,1.0
,,2009 - 2010,0.0
,,2011 - 2012,1.0
,,2012 - 2013,1.0
,,2013 - 2014,0.0
,,2015 - 2016,0.0
,,2016 - 2017,0.38
,,2017 - 2018,0.3
,,2018 - 2019,0.19
,,2019 - 2020,0.14
,,2020 - 2021,0.3
,,2021 - 2022,0.19
,,2022 - 2023,0.34
,Palghar,2015 - 2016,0.2
,,2016 - 2017,0.36
,,2017 - 2018,
,,2018 - 2019,
,,2019 - 2020,
,,2020 - 2021,0.3
,,2021 - 2022,0.19
,,2022 - 2023,0.34
,Parbhani,2000 - 2001,0.19
,,2001 - 2002,0.45
,,2002 - 2003,0.42
,,2003 - 2004,0.32
,,2004 - 2005,0.18
,,2005 - 2006,0.25
,,2006 - 2007,0.16
,,2007 - 2008,0.21
,,2008 - 2009,0.16
,,2009 - 2010,0.18
,,2010 - 2011,0.22
,,2011 - 2012,0.26
,,2012 - 2013,0.24
,,2013 - 2014,0.24
,,2015 - 2016,0.11
,,2016 - 2017,0.17
,,2017 - 2018,0.14
,,2018 - 2019,0.07
,,2019 - 2020,0.21
,,2020 - 2021,0.2
,,2021 - 2022,0.18
,,2022 - 2023,0.25
,Pune,2000 - 2001,0.2
,,2001 - 2002,0.38
,,2002 - 2003,0.13
,,2003 - 2004,0.26
,,2004 - 2005,0.33
,,2005 - 2006,0.21
,,2006 - 2007,0.21
,,2007 - 2008,0.35
,,2008 - 2009,0.33
,,2009 - 2010,0.07
,,2010 - 2011,0.24
,,2011 - 2012,0.29
,,2012 - 2013,0.18
,,2013 - 2014,0.33
,,2014 - 2015,
,,2015 - 2016,0.07
,,2016 - 2017,0.26
,,2017 - 2018,0.31
,,2018 - 2019,0.13
,,2019 - 2020,0.22
,,2020 - 2021,0.3
,,2021 - 2022,0.19
,,2022 - 2023,0.34
,Raigad,2000 - 2001,0.5
,,2001 - 2002,0.33
,,2002 - 2003,0.5
,,2003 - 2004,0.5
,,2004 - 2005,0.5
,,2005 - 2006,0.5
,,2006 - 2007,0.5
,,2007 - 2008,0.5
,,2008 - 2009,0.5
,,2009 - 2010,0.5
,,2010 - 2011,0.5
,,2011 - 2012,1.0
,,2012 - 2013,0.4
,,2015 - 2016,0.3
,,2016 - 2017,0.36
,Ratnagiri,2000 - 2001,0.1
,,2001 - 2002,1.0
,,2002 - 2003,1.0
,,2003 - 2004,1.0
,,2004 - 2005,1.0
,,2005 - 2006,1.0
,,2006 - 2007,1.0
,,2007 - 2008,1.0
,,2008 - 2009,1.0
,,2009 - 2010,0.0
,,2010 - 2011,0.5
,,2011 - 2012,0.5
,,2012 - 2013,0.4
,,2013 - 2014,0.0
,,2015 - 2016,0.1
,,2016 - 2017,0.37
,,2017 - 2018,0.3
,,2018 - 2019,0.43
,,2019 - 2020,0.38
,,2020 - 2021,0.3
,,2021 - 2022,0.19
,,2022 - 2023,0.34
,Sangli,2000 - 2001,0.22
,,2001 - 2002,0.5
,,2002 - 2003,0.05
,,2003 - 2004,1.0
,,2004 - 2005,0.33
,,2005 - 2006,0.25
,,2006 - 2007,0.2
,,2007 - 2008,0.25
,,2008 - 2009,1.0
,,2009 - 2010,0.0
,,2010 - 2011,0.2
,,2011 - 2012,0.3
,,2012 - 2013,
,,2013 - 2014,
,,2016 - 2017,0.25
,,2017 - 2018,0.33
,,2018 - 2019,
,,2020 - 2021,0.3
,,2021 - 2022,0.19
,,2022 - 2023,0.34
,Satara,2000 - 2001,0.33
,,2001 - 2002,0.33
,,2002 - 2003,0.33
,,2003 - 2004,0.33
,,2004 - 2005,0.25
,,2005 - 2006,0.33
,,2006 - 2007,0.25
,,2007 - 2008,0.5
,,2008 - 2009,1.0
,,2009 - 2010,0.0
,,2010 - 2011,0.2
,,2011 - 2012,0.33
,,2012 - 2013,0.2
,,2013 - 2014,0.0
,,2015 - 2016,0.05
,,2016 - 2017,0.25
,,2017 - 2018,0.3
,,2018 - 2019,0.13
,,2019 - 2020,0.21
,,2020 - 2021,0.3
,,2021 - 2022,0.19
,Sindhudurg,2000 - 2001,0.5
,,2001 - 2002,0.5
,,2002 - 2003,0.5
,,2003 - 2004,0.5
,,2004 - 2005,0.5
,,2005 - 2006,0.5
,,2006 - 2007,0.5
,,2007 - 2008,0.5
,,2008 - 2009,0.5
,,2009 - 2010,0.0
,,2010 - 2011,0.0
,,2011 - 2012,1.0
,,2012 - 2013,0.4
,,2013 - 2014,0.0
,,2015 - 2016,0.24
,,2016 - 2017,0.35
,,2019 - 2020,
,,2020 - 2021,
,,2021 - 2022,
,,2022 - 2023,
,Solapur,2000 - 2001,0.22
,,2001 - 2002,0.33
,,2002 - 2003,0.33
,,2003 - 2004,1.0
,,2004 - 2005,0.25
,,2005 - 2006,0.25
,,2006 - 2007,0.33
,,2007 - 2008,0.33
,,2008 - 2009,1.0
,,2009 - 2010,0.0
,,2010 - 2011,0.33
,,2011 - 2012,0.33
,,2012 - 2013,0.33
,,2013 - 2014,0.33
,,2014 - 2015,0.5
,,2015 - 2016,0.07
,,2016 - 2017,0.26
,,2017 - 2018,0.3
,,2018 - 2019,0.13
,,2019 - 2020,0.09
,,2020 - 2021,0.3
,,2021 - 2022,0.19
,,2022 - 2023,0.34
,Thane,2000 - 2001,0.18
,,2001 - 2002,0.33
,,2002 - 2003,0.33
,,2003 - 2004,0.33
,,2004 - 2005,0.33
,,2005 - 2006,0.29
,,2006 - 2007,0.33
,,2007 - 2008,0.4
,,2008 - 2009,0.33
,,2009 - 2010,0.33
,,2010 - 2011,0.5
,,2011 - 2012,0.57
,,2012 - 2013,0.43
,,2013 - 2014,0.29
,,2014 - 2015,
,,2015 - 2016,0.25
,,2016 - 2017,
,,2021 - 2022,0.19
,,2022 - 2023,
,Wardha,2000 - 2001,0.13
,,2001 - 2002,0.29
,,2002 - 2003,0.13
,,2003 - 2004,0.17
,,2004 - 2005,0.2
,,2005 - 2006,0.25
,,2006 - 2007,0.25
,,2007 - 2008,0.5
,,2008 - 2009,1.0
,,2009 - 2010,0.0
,,2011 - 2012,0.5
,,2016 - 2017,
,,2017 - 2018,
,,2018 - 2019,
,,2019 - 2020,0.18
,,2020 - 2021,0.2
,,2021 - 2022,0.14
,,2022 - 2023,
,Washim,2000 - 2001,0.25
,,2001 - 2002,0.33
,,2002 - 2003,0.21
,,2003 - 2004,0.29
,,2004 - 2005,0.19
,,2005 - 2006,0.21
,,2006 - 2007,0.17
,,2007 - 2008,0.33
,,2008 - 2009,0.17
,,2009 - 2010,0.4
,,2010 - 2011,0.33
,,2011 - 2012,0.2
,,2012 - 2013,0.14
,,2013 - 2014,0.2
,,2015 - 2016,0.15
,,2016 - 2017,0.27
,,2017 - 2018,0.19
,,2018 - 2019,0.26
,,2019 - 2020,0.37
,,2020 - 2021,0.2
,,2021 - 2022,0.14
,,2022 - 2023,0.22
,Yavatmal,2000 - 2001,0.23
,,2001 - 2002,0.32
,,2002 - 2003,0.24
,,2003 - 2004,0.28
,,2004 - 2005,0.16
,,2005 - 2006,0.2
,,2006 - 2007,0.16
,,2007 - 2008,0.3
,,2008 - 2009,0.19
,,2009 - 2010,0.36
,,2010 - 2011,0.33
,,2011 - 2012,0.33
,,2012 - 2013,0.14
,,2013 - 2014,0.2
,,2016 - 2017,0.27
,,2017 - 2018,0.19
,,2018 - 2019,0.26
,,2019 - 2020,0.04
,,2020 - 2021,0.2
,,2021 - 2022,0.14
,,2022 - 2023,0.22
Manipur,Chandel,2000 - 2001,0.5
,,2001 - 2002,0.49
,,2002 - 2003,0.67
,,2003 - 2004,0.67
,,2004 - 2005,0.43
,,2005 - 2006,0.53
,,2006 - 2007,0.5
,,2007 - 2008,0.5
,Churachandpur,2000 - 2001,0.49
,,2003 - 2004,0.49
,,2004 - 2005,0.49
,,2005 - 2006,0.49
,,2006 - 2007,0.49
,,2007 - 2008,0.49
,Senapati,2000 - 2001,0.5
,,2001 - 2002,0.4
,Tamenglong,2001 - 2002,1.0
,,2003 - 2004,0.33
,,2005 - 2006,0.47
Meghalaya,East garo hills,2000 - 2001,0.52
,,2001 - 2002,0.51
,,2002 - 2003,0.5
,,2003 - 2004,0.5
,,2004 - 2005,0.5
,,2005 - 2006,0.5
,,2006 - 2007,
,,2007 - 2008,0.5
,,2008 - 2009,0.5
,,2009 - 2010,0.51
,,2010 - 2011,0.5
,,2011 - 2012,0.51
,,2012 - 2013,0.79
,,2013 - 2014,0.82
,,2014 - 2015,0.85
,,2015 - 2016,
,,2016 - 2017,
,,2017 - 2018,
,,2018 - 2019,
,,2019 - 2020,
,,2020 - 2021,
,,2022 - 2023,0.91
,East jaintia hills,2000 - 2001,0.5
,,2001 - 2002,0.45
,,2002 - 2003,0.47
,,2003 - 2004,0.45
,,2004 - 2005,0.48
,,2005 - 2006,0.56
,,2006 - 2007,
,,2007 - 2008,0.5
,,2008 - 2009,0.5
,,2009 - 2010,0.48
,,2010 - 2011,0.46
,,2011 - 2012,0.5
,,2012 - 2013,0.75
,,2013 - 2014,0.7
,,2014 - 2015,0.8
,,2015 - 2016,
,,2016 - 2017,
,,2017 - 2018,
,,2018 - 2019,
,,2019 - 2020,
,,2020 - 2021,
,,2022 - 2023,0.83
,East khasi hills,2000 - 2001,0.46
,,2001 - 2002,0.5
,,2002 - 2003,0.49
,,2003 - 2004,0.41
,,2004 - 2005,0.61
,,2005 - 2006,0.62
,,2006 - 2007,
,,2007 - 2008,0.74
,,2008 - 2009,1.12
,,2009 - 2010,0.71
,,2010 - 2011,0.78
,,2011 - 2012,0.81
,,2012 - 2013,1.31
,,2013 - 2014,1.39
,,2014 - 2015,1.44
,,2015 - 2016,
,,2016 - 2017,
,,2017 - 2018,
,,2018 - 2019,
,,2019 - 2020,
,,2020 - 2021,
,,2022 - 2023,1.48
,North garo hills,2013 - 2014,0.92
,,2014 - 2015,0.99
,,2015 - 2016,
,,2016 - 2017,
,,2017 - 2018,
,,2018 - 2019,
,,2019 - 2020,
,,2020 - 2021,
,,2022 - 2023,1.03
,Ri bhoi,2000 - 2001,0.78
,,2001 - 2002,1.0
,,2002 - 2003,1.17
,,2003 - 2004,1.0
,,2015 - 2016,
,,2016 - 2017,
,,2017 - 2018,
,,2018 - 2019,
,,2019 - 2020,
,,2020 - 2021,
,,2022 - 2023,1.0
,South garo hills,2000 - 2001,0.51
,,2001 - 2002,0.52
,,2002 - 2003,0.52
,,2003 - 2004,0.52
,,2004 - 2005,0.52
,,2005 - 2006,0.51
,,2006 - 2007,
,,2007 - 2008,0.5
,,2008 - 2009,0.5
,,2009 - 2010,0.51
,,2010 - 2011,0.51
,,2011 - 2012,0.52
,,2012 - 2013,0.8
,,2013 - 2014,0.86
,,2014 - 2015,0.87
,,2015 - 2016,
,,2016 - 2017,
,,2017 - 2018,
,,2018 - 2019,
,,2019 - 2020,
,,2020 - 2021,
,,2022 - 2023,0.91
,South west garo hills,2013 - 2014,0.96
,,2014 - 2015,0.98
,,2015 - 2016,
,,2016 - 2017,
,,2017 - 2018,
,,2018 - 2019,
,,2019 - 2020,
,,2020 - 2021,
,,2022 - 2023,0.86
,South west khasi hills,2013 - 2014,1.33
,,2014 - 2015,1.5
,,2015 - 2016,
,,2016 - 2017,
,,2017 - 2018,
,,2018 - 2019,
,,2019 - 2020,
,,2020 - 2021,
,,2022 - 2023,1.43
,West garo hills,2000 - 2001,0.53
,,2001 - 2002,0.53
,,2002 - 2003,0.53
,,2003 - 2004,0.53
,,2004 - 2005,0.53
,,2005 - 2006,0.54
,,2006 - 2007,
,,2007 - 2008,0.54
,,2008 - 2009,0.54
,,2009 - 2010,0.54
,,2010 - 2011,0.54
,,2011 - 2012,0.54
,,2012 - 2013,0.84
,,2013 - 2014,0.87
,,2014 - 2015,0.9
,,2015 - 2016,
,,2016 - 2017,
,,2017 - 2018,
,,2018 - 2019,
,,2019 - 2020,
,,2020 - 2021,
,,2022 - 2023,0.94
,West jaintia hills,2013 - 2014,0.81
,,2014 - 2015,0.82
,,2015 - 2016,
,,2016 - 2017,
,,2017 - 2018,
,,2018 - 2019,
,,2019 - 2020,
,,2020 - 2021,
,,2022 - 2023,0.97
,West khasi hills,2000 - 2001,1.0
,,2001 - 2002,0.47
,,2002 - 2003,0.5
,,2003 - 2004,0.56
,,2004 - 2005,0.65
,,2005 - 2006,0.74
,,2006 - 2007,
,,2007 - 2008,0.75
,,2008 - 2009,0.79
,,2009 - 2010,0.82
,,2010 - 2011,0.71
,,2011 - 2012,0.71
,,2012 - 2013,1.1
,,2013 - 2014,1.12
,,2014 - 2015,1.17
,,2015 - 2016,
,,2016 - 2017,
,,2017 - 2018,
,,2018 - 2019,
,,2019 - 2020,
,,2020 - 2021,
,,2022 - 2023,1.22
Mizoram,Aizawl,2000 - 2001,0.61
,,2001 - 2002,0.48
,,2002 - 2003,0.55
,,2003 - 2004,0.83
,,2004 - 2005,0.84
,,2005 - 2006,0.52
,,2010 - 2011,0.79
,,2011 - 2012,0.59
,,2012 - 2013,1.11
,,2013 - 2014,1.08
,,2014 - 2015,0.89
,,2015 - 2016,1.04
,,2016 - 2017,0.81
,,2017 - 2018,0.93
,,2018 - 2019,0.89
,,2019 - 2020,0.7
,,2020 - 2021,1.03
,,2021 - 2022,1.16
,,2022 - 2023,1.22
,Champhai,2000 - 2001,0.78
,,2001 - 2002,0.38
,,2002 - 2003,0.4
,,2003 - 2004,0.55
,,2004 - 2005,0.49
,,2005 - 2006,0.56
,,2010 - 2011,0.66
,,2011 - 2012,0.8
,,2012 - 2013,0.79
,,2013 - 2014,0.8
,,2014 - 2015,0.81
,,2015 - 2016,0.81
,,2016 - 2017,0.78
,,2017 - 2018,0.49
,,2018 - 2019,0.74
,,2019 - 2020,0.76
,,2021 - 2022,1.0
,,2022 - 2023,0.86
,Hnahthial,2020 - 2021,1.11
,,2021 - 2022,0.7
,,2022 - 2023,1.11
,Khawzawl,2020 - 2021,1.4
,Kolasib,2000 - 2001,0.31
,,2001 - 2002,0.31
,,2002 - 2003,0.6
,,2003 - 2004,0.6
,,2004 - 2005,0.44
,,2005 - 2006,0.57
,,2010 - 2011,0.64
,,2011 - 2012,0.72
,,2012 - 2013,0.86
,,2013 - 2014,0.89
,,2014 - 2015,0.89
,,2015 - 2016,0.9
,,2016 - 2017,0.91
,,2017 - 2018,0.9
,,2018 - 2019,0.91
,,2019 - 2020,0.74
,,2020 - 2021,0.77
,,2021 - 2022,0.77
,,2022 - 2023,0.66
,Lawngtlai,2004 - 2005,0.43
,,2005 - 2006,0.43
,,2010 - 2011,0.44
,,2011 - 2012,0.39
,,2012 - 2013,0.4
,,2013 - 2014,0.4
,,2014 - 2015,0.4
,,2015 - 2016,0.44
,,2016 - 2017,0.44
,,2017 - 2018,0.44
,,2018 - 2019,0.85
,,2019 - 2020,0.69
,,2020 - 2021,0.67
,,2021 - 2022,0.44
,,2022 - 2023,0.58
,Lunglei,2000 - 2001,1.24
,,2001 - 2002,0.84
,,2002 - 2003,0.85
,,2003 - 2004,0.7
,,2004 - 2005,0.72
,,2005 - 2006,0.57
,,2010 - 2011,0.48
,,2011 - 2012,0.66
,,2012 - 2013,0.74
,,2013 - 2014,0.94
,,2014 - 2015,0.93
,,2015 - 2016,0.88
,,2016 - 2017,0.66
,,2017 - 2018,0.7
,,2018 - 2019,0.86
,,2019 - 2020,1.0
,,2020 - 2021,1.02
,,2021 - 2022,1.13
,,2022 - 2023,1.13
,Mamit,2003 - 2004,0.6
,,2004 - 2005,0.55
,,2005 - 2006,0.64
,,2010 - 2011,0.5
,,2011 - 2012,0.44
,,2012 - 2013,0.5
,,2013 - 2014,0.53
,,2014 - 2015,0.6
,,2015 - 2016,0.54
,,2016 - 2017,0.58
,,2017 - 2018,0.57
,,2018 - 2019,0.53
,,2019 - 2020,0.56
,,2020 - 2021,0.65
,,2021 - 2022,0.4
,,2022 - 2023,0.32
,Saiha,2003 - 2004,0.41
,,2004 - 2005,0.55
,,2005 - 2006,0.71
,,2010 - 2011,0.06
,,2011 - 2012,0.18
,,2012 - 2013,0.2
,,2013 - 2014,0.3
,,2014 - 2015,2.0
,,2015 - 2016,0.75
,,2016 - 2017,0.86
,,2017 - 2018,0.73
,,2018 - 2019,0.86
,,2019 - 2020,0.9
,,2020 - 2021,0.8
,,2021 - 2022,1.0
,,2022 - 2023,0.67
,Saitual,2020 - 2021,0.89
,,2021 - 2022,1.06
,,2022 - 2023,0.8
,Serchhip,2004 - 2005,0.56
,,2010 - 2011,0.33
,,2011 - 2012,0.32
,,2012 - 2013,0.4
,,2013 - 2014,0.31
,,2014 - 2015,0.74
,,2015 - 2016,0.74
,,2016 - 2017,0.74
,,2017 - 2018,0.65
,,2018 - 2019,0.64
,,2019 - 2020,0.65
,,2020 - 2021,0.65
,,2021 - 2022,0.6
,,2022 - 2023,0.6
Nagaland,Chumoukedima,2022 - 2023,0.6
,Dimapur,2000 - 2001,1.13
,,2001 - 2002,
,,2002 - 2003,0.9
,,2003 - 2004,0.98
,,2004 - 2005,0.92
,,2005 - 2006,0.81
,,2006 - 2007,0.65
,,2007 - 2008,0.79
,,2008 - 2009,0.73
,,2009 - 2010,0.49
,,2010 - 2011,0.63
,,2011 - 2012,0.63
,,2012 - 2013,0.63
,,2013 - 2014,0.63
,,2014 - 2015,0.63
,,2015 - 2016,0.64
,,2016 - 2017,0.63
,,2017 - 2018,0.62
,,2018 - 2019,0.62
,,2019 - 2020,0.62
,,2020 - 2021,0.63
,,2021 - 2022,0.45
,,2022 - 2023,0.6
,Kiphire,2008 - 2009,0.5
,,2009 - 2010,0.53
,,2010 - 2011,0.59
,,2011 - 2012,0.59
,,2012 - 2013,0.59
,,2013 - 2014,0.59
,,2014 - 2015,0.59
,,2015 - 2016,0.59
,,2016 - 2017,0.59
,,2017 - 2018,0.61
,,2018 - 2019,0.63
,,2019 - 2020,0.63
,,2020 - 2021,0.63
,,2021 - 2022,1.0
,,2022 - 2023,0.59
,Kohima,2000 - 2001,0.6
,,2001 - 2002,0.71
,,2002 - 2003,0.88
,,2003 - 2004,1.0
,,2004 - 2005,0.43
,,2005 - 2006,0.65
,,2006 - 2007,0.64
,,2007 - 2008,0.6
,,2008 - 2009,0.59
,,2009 - 2010,0.53
,,2010 - 2011,0.65
,,2011 - 2012,0.65
,,2012 - 2013,0.65
,,2013 - 2014,0.65
,,2014 - 2015,0.65
,,2015 - 2016,0.65
,,2016 - 2017,0.62
,,2017 - 2018,0.62
,,2018 - 2019,0.62
,,2019 - 2020,0.62
,,2020 - 2021,0.62
,,2021 - 2022,0.6
,,2022 - 2023,0.63
,Longleng,2008 - 2009,0.45
,,2009 - 2010,0.58
,,2010 - 2011,0.6
,,2011 - 2012,0.6
,,2012 - 2013,0.6
,,2013 - 2014,0.6
,,2014 - 2015,0.6
,,2015 - 2016,0.6
,,2016 - 2017,0.6
,,2017 - 2018,0.6
,,2018 - 2019,0.63
,,2019 - 2020,0.62
,,2020 - 2021,0.63
,,2021 - 2022,0.57
,,2022 - 2023,0.59
,Mokokchung,2000 - 2001,0.68
,,2001 - 2002,
,,2002 - 2003,0.79
,,2003 - 2004,1.27
,,2004 - 2005,0.4
,,2005 - 2006,0.69
,,2006 - 2007,0.64
,,2007 - 2008,0.6
,,2008 - 2009,0.58
,,2009 - 2010,0.51
,,2010 - 2011,0.58
,,2011 - 2012,0.58
,,2012 - 2013,0.58
,,2013 - 2014,0.58
,,2014 - 2015,0.58
,,2015 - 2016,0.58
,,2016 - 2017,0.6
,,2017 - 2018,0.61
,,2018 - 2019,0.61
,,2019 - 2020,0.61
,,2020 - 2021,0.62
,,2021 - 2022,0.48
,,2022 - 2023,0.59
,Mon,2000 - 2001,1.03
,,2001 - 2002,
,,2002 - 2003,1.12
,,2003 - 2004,0.93
,,2004 - 2005,0.25
,,2005 - 2006,0.67
,,2006 - 2007,0.64
,,2007 - 2008,0.54
,,2008 - 2009,0.52
,,2009 - 2010,0.5
,,2010 - 2011,0.63
,,2011 - 2012,0.63
,,2012 - 2013,0.63
,,2013 - 2014,0.63
,,2014 - 2015,0.63
,,2015 - 2016,0.63
,,2016 - 2017,0.63
,,2017 - 2018,0.59
,,2018 - 2019,0.61
,,2019 - 2020,0.61
,,2020 - 2021,0.61
,,2021 - 2022,0.56
,,2022 - 2023,0.6
,Nuiland,2022 - 2023,0.61
,Peren,2008 - 2009,0.66
,,2009 - 2010,0.45
,,2010 - 2011,0.55
,,2011 - 2012,0.56
,,2012 - 2013,0.56
,,2013 - 2014,0.57
,,2014 - 2015,0.57
,,2015 - 2016,0.57
,,2016 - 2017,0.61
,,2017 - 2018,0.61
,,2018 - 2019,0.61
,,2019 - 2020,0.62
,,2020 - 2021,0.62
,,2021 - 2022,0.54
,,2022 - 2023,0.6
,Phek,2000 - 2001,0.8
,,2001 - 2002,0.79
,,2002 - 2003,0.84
,,2003 - 2004,0.91
,,2004 - 2005,0.33
,,2005 - 2006,0.61
,,2006 - 2007,0.66
,,2007 - 2008,0.57
,,2008 - 2009,0.56
,,2009 - 2010,0.52
,,2010 - 2011,0.63
,,2011 - 2012,0.63
,,2012 - 2013,0.63
,,2013 - 2014,0.63
,,2014 - 2015,0.63
,,2015 - 2016,0.63
,,2016 - 2017,0.61
,,2017 - 2018,0.61
,,2018 - 2019,0.59
,,2019 - 2020,0.6
,,2020 - 2021,0.61
,,2021 - 2022,0.5
,,2022 - 2023,0.62
,Shamator,2022 - 2023,0.59
,Tseminyu,2022 - 2023,0.54
,Tuensang,2000 - 2001,0.76
,,2001 - 2002,
,,2002 - 2003,0.96
,,2003 - 2004,0.97
,,2004 - 2005,0.2
,,2005 - 2006,0.67
,,2006 - 2007,0.67
,,2007 - 2008,0.57
,,2008 - 2009,0.62
,,2009 - 2010,0.5
,,2010 - 2011,0.6
,,2011 - 2012,0.6
,,2012 - 2013,0.61
,,2013 - 2014,0.61
,,2014 - 2015,0.61
,,2015 - 2016,0.61
,,2016 - 2017,0.62
,,2017 - 2018,0.62
,,2018 - 2019,0.62
,,2019 - 2020,0.62
,,2020 - 2021,0.63
,,2021 - 2022,0.56
,,2022 - 2023,0.6
,Wokha,2000 - 2001,0.71
,,2001 - 2002,0.76
,,2002 - 2003,0.82
,,2003 - 2004,1.06
,,2004 - 2005,0.43
,,2005 - 2006,0.67
,,2006 - 2007,0.66
,,2007 - 2008,0.6
,,2008 - 2009,0.62
,,2009 - 2010,0.51
,,2010 - 2011,0.54
,,2011 - 2012,0.53
,,2012 - 2013,0.54
,,2013 - 2014,0.55
,,2014 - 2015,0.55
,,2015 - 2016,0.55
,,2016 - 2017,0.56
,,2017 - 2018,0.59
,,2018 - 2019,0.59
,,2019 - 2020,0.59
,,2020 - 2021,0.6
,,2021 - 2022,0.6
,,2022 - 2023,0.61
,Zunheboto,2000 - 2001,0.81
,,2001 - 2002,0.86
,,2002 - 2003,0.94
,,2003 - 2004,1.18
,,2004 - 2005,0.5
,,2005 - 2006,0.66
,,2006 - 2007,0.65
,,2007 - 2008,0.62
,,2008 - 2009,0.5
,,2009 - 2010,0.55
,,2010 - 2011,0.64
,,2011 - 2012,0.64
,,2012 - 2013,0.64
,,2013 - 2014,0.6
,,2014 - 2015,0.6
,,2015 - 2016,0.6
,,2016 - 2017,0.6
,,2017 - 2018,0.6
,,2018 - 2019,0.6
,,2019 - 2020,0.61
,,2020 - 2021,0.61
,,2021 - 2022,0.4
,,2022 - 2023,0.53
Odisha,Anugul,2000 - 2001,0.15
,,2001 - 2002,0.19
,,2002 - 2003,0.14
,,2003 - 2004,0.16
,,2004 - 2005,
,,2005 - 2006,
,,2006 - 2007,
,,2007 - 2008,
,,2008 - 2009,
,,2009 - 2010,
,,2010 - 2011,
,,2011 - 2012,
,,2012 - 2013,
,,2013 - 2014,
,,2014 - 2015,
,,2015 - 2016,
,,2016 - 2017,
,,2017 - 2018,
,,2018 - 2019,
,,2019 - 2020,
,,2020 - 2021,
,,2021 - 2022,
,,2022 - 2023,
,Balangir,2000 - 2001,0.09
,,2001 - 2002,0.18
,,2002 - 2003,0.09
,,2003 - 2004,0.12
,,2004 - 2005,
,,2005 - 2006,
,,2006 - 2007,
,,2007 - 2008,
,,2008 - 2009,
,,2009 - 2010,
,,2010 - 2011,
,,2011 - 2012,
,,2012 - 2013,
,,2013 - 2014,
,,2014 - 2015,
,,2015 - 2016,
,,2016 - 2017,
,,2017 - 2018,
,,2018 - 2019,
,,2019 - 2020,
,,2020 - 2021,
,,2021 - 2022,
,,2022 - 2023,
,Baleshwar,2000 - 2001,0.28
,,2001 - 2002,0.28
,,2002 - 2003,0.29
,,2003 - 2004,0.33
,,2004 - 2005,
,,2005 - 2006,
,,2006 - 2007,
,,2007 - 2008,
,,2008 - 2009,
,,2009 - 2010,
,,2010 - 2011,
,,2011 - 2012,
,,2012 - 2013,
,,2013 - 2014,
,,2014 - 2015,
,,2015 - 2016,
,,2016 - 2017,
,,2017 - 2018,
,,2018 - 2019,
,,2019 - 2020,
,,2020 - 2021,
,,2021 - 2022,
,,2022 - 2023,
,Bargarh,2000 - 2001,0.15
,,2001 - 2002,0.17
,,2002 - 2003,0.2
,,2003 - 2004,0.17
,,2004 - 2005,
,,2005 - 2006,
,,2006 - 2007,
,,2007 - 2008,
,,2008 - 2009,
,,2009 - 2010,
,,2010 - 2011,
,,2011 - 2012,
,,2012 - 2013,
,,2013 - 2014,
,,2014 - 2015,
,,2015 - 2016,
,,2016 - 2017,
,,2017 - 2018,
,,2018 - 2019,
,,2019 - 2020,
,,2020 - 2021,
,,2021 - 2022,
,,2022 - 2023,
,Bhadrak,2000 - 2001,0.13
,,2001 - 2002,0.1
,,2002 - 2003,0.32
,,2003 - 2004,0.19
,,2004 - 2005,
,,2005 - 2006,
,,2006 - 2007,
,,2007 - 2008,
,,2008 - 2009,
,,2009 - 2010,
,,2010 - 2011,
,,2011 - 2012,
,,2012 - 2013,
,,2013 - 2014,
,,2014 - 2015,
,,2015 - 2016,
,,2016 - 2017,
,,2017 - 2018,
,,2018 - 2019,
,,2019 - 2020,
,,2020 - 2021,
,,2021 - 2022,
,,2022 - 2023,
,Boudh,2000 - 2001,0.12
,,2001 - 2002,0.14
,,2002 - 2003,0.08
,,2003 - 2004,0.17
,,2004 - 2005,
,,2005 - 2006,
,,2006 - 2007,
,,2007 - 2008,
,,2008 - 2009,
,,2009 - 2010,
,,2010 - 2011,
,,2011 - 2012,
,,2012 - 2013,
,,2013 - 2014,
,,2014 - 2015,
,,2015 - 2016,
,,2016 - 2017,
,,2017 - 2018,
,,2018 - 2019,
,,2019 - 2020,
,,2020 - 2021,
,,2021 - 2022,
,,2022 - 2023,
,Cuttack,2000 - 2001,0.35
,,2001 - 2002,0.36
,,2002 - 2003,0.43
,,2003 - 2004,0.27
,,2004 - 2005,
,,2005 - 2006,
,,2006 - 2007,
,,2007 - 2008,
,,2008 - 2009,
,,2009 - 2010,
,,2010 - 2011,
,,2011 - 2012,
,,2012 - 2013,
,,2013 - 2014,
,,2014 - 2015,
,,2016 - 2017,
,,2020 - 2021,
,,2021 - 2022,
,,2022 - 2023,
,Deogarh,2000 - 2001,0.18
,,2001 - 2002,0.3
,,2002 - 2003,0.16
,,2003 - 2004,0.26
,,2004 - 2005,
,,2005 - 2006,
,,2006 - 2007,
,,2007 - 2008,
,,2008 - 2009,
,,2009 - 2010,
,,2010 - 2011,
,,2011 - 2012,
,,2012 - 2013,
,,2013 - 2014,
,,2014 - 2015,
,,2015 - 2016,
,,2016 - 2017,
,,2017 - 2018,
,,2018 - 2019,
,,2019 - 2020,
,,2020 - 2021,
,,2021 - 2022,
,,2022 - 2023,
,Dhenkanal,2000 - 2001,0.09
,,2001 - 2002,0.17
,,2002 - 2003,0.1
,,2003 - 2004,0.2
,,2004 - 2005,
,,2005 - 2006,
,,2006 - 2007,
,,2007 - 2008,
,,2008 - 2009,
,,2009 - 2010,
,,2010 - 2011,
,,2011 - 2012,
,,2012 - 2013,
,,2013 - 2014,
,,2014 - 2015,
,,2015 - 2016,
,,2016 - 2017,
,,2017 - 2018,
,,2018 - 2019,
,,2019 - 2020,
,,2020 - 2021,
,,2021 - 2022,
,,2022 - 2023,
,Gajapati,2000 - 2001,0.23
,,2001 - 2002,0.32
,,2002 - 2003,0.23
,,2003 - 2004,0.22
,,2004 - 2005,
,,2005 - 2006,
,,2006 - 2007,
,,2007 - 2008,
,,2008 - 2009,
,,2009 - 2010,
,,2010 - 2011,
,,2011 - 2012,
,,2012 - 2013,
,,2013 - 2014,
,,2014 - 2015,
,,2015 - 2016,
,,2016 - 2017,
,,2017 - 2018,
,,2018 - 2019,
,,2019 - 2020,
,,2020 - 2021,
,,2021 - 2022,
,,2022 - 2023,
,Ganjam,2000 - 2001,0.14
,,2001 - 2002,0.22
,,2002 - 2003,0.15
,,2003 - 2004,0.16
,,2004 - 2005,
,,2005 - 2006,
,,2006 - 2007,
,,2007 - 2008,
,,2008 - 2009,
,,2009 - 2010,
,,2010 - 2011,
,,2011 - 2012,
,,2012 - 2013,
,,2013 - 2014,
,,2014 - 2015,
,,2015 - 2016,
,,2016 - 2017,
,,2017 - 2018,
,,2018 - 2019,
,,2019 - 2020,
,,2020 - 2021,
,,2021 - 2022,
,,2022 - 2023,
,Jagatsinghapur,2000 - 2001,0.53
,,2001 - 2002,0.24
,,2002 - 2003,0.21
,,2003 - 2004,0.19
,,2004 - 2005,
,,2005 - 2006,
,,2006 - 2007,
,,2007 - 2008,
,,2008 - 2009,
,,2009 - 2010,
,,2010 - 2011,
,,2011 - 2012,
,,2012 - 2013,
,,2013 - 2014,
,,2014 - 2015,
,,2015 - 2016,
,,2021 - 2022,
,Jajapur,2000 - 2001,0.1
,,2001 - 2002,0.06
,,2002 - 2003,0.46
,,2003 - 2004,0.07
,,2004 - 2005,
,,2005 - 2006,
,,2006 - 2007,
,,2007 - 2008,
,,2008 - 2009,
,,2009 - 2010,
,,2010 - 2011,
,,2011 - 2012,
,,2012 - 2013,
,,2020 - 2021,
,Jharsuguda,2000 - 2001,0.07
,,2001 - 2002,0.31
,,2002 - 2003,0.13
,,2003 - 2004,0.37
,,2004 - 2005,
,,2005 - 2006,
,,2006 - 2007,
,,2007 - 2008,
,,2008 - 2009,
,,2009 - 2010,
,,2010 - 2011,
,,2011 - 2012,
,,2012 - 2013,
,,2013 - 2014,
,,2014 - 2015,
,,2015 - 2016,
,,2016 - 2017,
,,2017 - 2018,
,,2018 - 2019,
,,2019 - 2020,
,,2020 - 2021,
,,2021 - 2022,
,,2022 - 2023,
,Kalahandi,2000 - 2001,0.1
,,2001 - 2002,0.14
,,2002 - 2003,0.11
,,2003 - 2004,0.13
,,2004 - 2005,
,,2005 - 2006,
,,2006 - 2007,
,,2007 - 2008,
,,2008 - 2009,
,,2009 - 2010,
,,2010 - 2011,
,,2011 - 2012,
,,2012 - 2013,
,,2013 - 2014,
,,2014 - 2015,
,,2015 - 2016,
,,2016 - 2017,
,,2017 - 2018,
,,2018 - 2019,
,,2019 - 2020,
,,2020 - 2021,
,,2021 - 2022,
,,2022 - 2023,
,Kandhamal,2000 - 2001,0.12
,,2001 - 2002,0.23
,,2002 - 2003,0.11
,,2003 - 2004,0.18
,,2004 - 2005,
,,2005 - 2006,
,,2006 - 2007,
,,2007 - 2008,
,,2008 - 2009,
,,2009 - 2010,
,,2010 - 2011,
,,2011 - 2012,
,,2012 - 2013,
,,2013 - 2014,
,,2014 - 2015,
,,2015 - 2016,
,,2016 - 2017,
,,2020 - 2021,
,,2021 - 2022,
,,2022 - 2023,
,Kendrapara,2000 - 2001,0.45
,,2001 - 2002,0.6
,,2002 - 2003,0.48
,,2003 - 2004,0.47
,,2004 - 2005,
,,2005 - 2006,
,,2006 - 2007,
,,2007 - 2008,
,,2008 - 2009,
,,2009 - 2010,
,,2010 - 2011,
,,2011 - 2012,
,,2012 - 2013,
,,2013 - 2014,
,,2014 - 2015,
,,2015 - 2016,
,,2017 - 2018,
,,2018 - 2019,
,,2019 - 2020,
,,2020 - 2021,
,,2021 - 2022,
,,2022 - 2023,
,Kendujhar,2000 - 2001,0.11
,,2001 - 2002,0.1
,,2002 - 2003,0.07
,,2003 - 2004,0.18
,,2004 - 2005,
,,2005 - 2006,
,,2006 - 2007,
,,2007 - 2008,
,,2008 - 2009,
,,2009 - 2010,
,,2010 - 2011,
,,2011 - 2012,
,,2012 - 2013,
,,2013 - 2014,
,,2014 - 2015,
,,2015 - 2016,
,,2016 - 2017,
,,2017 - 2018,
,,2018 - 2019,
,,2019 - 2020,
,,2020 - 2021,
,,2021 - 2022,
,,2022 - 2023,
,Khordha,2000 - 2001,0.39
,,2001 - 2002,0.31
,,2002 - 2003,0.31
,,2003 - 2004,0.27
,,2004 - 2005,
,,2005 - 2006,
,,2006 - 2007,
,,2007 - 2008,
,,2008 - 2009,
,,2009 - 2010,
,,2010 - 2011,
,,2011 - 2012,
,,2012 - 2013,
,,2013 - 2014,
,,2014 - 2015,
,,2015 - 2016,
,,2016 - 2017,
,,2017 - 2018,
,,2020 - 2021,
,,2021 - 2022,
,,2022 - 2023,
,Koraput,2000 - 2001,0.25
,,2001 - 2002,0.35
,,2002 - 2003,0.31
,,2003 - 2004,0.42
,,2004 - 2005,
,,2005 - 2006,
,,2006 - 2007,
,,2007 - 2008,
,,2008 - 2009,
,,2009 - 2010,
,,2010 - 2011,
,,2011 - 2012,
,,2012 - 2013,
,,2013 - 2014,
,,2014 - 2015,
,,2015 - 2016,
,,2016 - 2017,
,,2017 - 2018,
,,2018 - 2019,
,,2019 - 2020,
,,2020 - 2021,
,,2021 - 2022,
,,2022 - 2023,
,Malkangiri,2000 - 2001,0.1
,,2001 - 2002,0.26
,,2002 - 2003,0.12
,,2003 - 2004,0.21
,,2004 - 2005,
,,2005 - 2006,
,,2006 - 2007,
,,2007 - 2008,
,,2008 - 2009,
,,2009 - 2010,
,,2010 - 2011,
,,2011 - 2012,
,,2012 - 2013,
,,2013 - 2014,
,,2014 - 2015,
,,2015 - 2016,
,,2016 - 2017,
,,2017 - 2018,
,,2018 - 2019,
,,2019 - 2020,
,,2020 - 2021,
,,2021 - 2022,
,,2022 - 2023,
,Mayurbhanj,2000 - 2001,0.19
,,2001 - 2002,0.2
,,2002 - 2003,0.18
,,2003 - 2004,0.2
,,2004 - 2005,
,,2005 - 2006,
,,2006 - 2007,
,,2007 - 2008,
,,2008 - 2009,
,,2009 - 2010,
,,2010 - 2011,
,,2011 - 2012,
,,2012 - 2013,
,,2013 - 2014,
,,2014 - 2015,
,,2015 - 2016,
,,2016 - 2017,
,,2017 - 2018,
,,2018 - 2019,
,,2019 - 2020,
,,2020 - 2021,
,,2021 - 2022,
,,2022 - 2023,
,Nabarangpur,2000 - 2001,0.11
,,2001 - 2002,0.18
,,2003 - 2004,0.2
,,2004 - 2005,
,,2005 - 2006,
,,2006 - 2007,
,,2007 - 2008,
,,2008 - 2009,
,Nayagarh,2000 - 2001,0.17
,,2001 - 2002,0.22
,,2002 - 2003,0.14
,,2003 - 2004,0.18
,,2004 - 2005,
,,2005 - 2006,
,,2006 - 2007,
,,2007 - 2008,
,,2008 - 2009,
,,2009 - 2010,
,,2010 - 2011,
,,2011 - 2012,
,,2012 - 2013,
,,2013 - 2014,
,,2014 - 2015,
,,2015 - 2016,
,,2016 - 2017,
,,2017 - 2018,
,,2018 - 2019,
,,2020 - 2021,
,,2021 - 2022,
,,2022 - 2023,
,Nuapada,2000 - 2001,0.05
,,2001 - 2002,0.09
,,2002 - 2003,0.03
,,2003 - 2004,0.07
,,2004 - 2005,
,,2005 - 2006,
,,2006 - 2007,
,,2007 - 2008,
,,2008 - 2009,
,,2009 - 2010,
,,2010 - 2011,
,,2011 - 2012,
,,2012 - 2013,
,,2013 - 2014,
,,2014 - 2015,
,,2015 - 2016,
,,2016 - 2017,
,,2017 - 2018,
,,2018 - 2019,
,,2019 - 2020,
,,2020 - 2021,
,,2021 - 2022,
,,2022 - 2023,
,Puri,2000 - 2001,0.28
,,2001 - 2002,0.2
,,2002 - 2003,0.24
,,2003 - 2004,0.22
,,2004 - 2005,
,,2005 - 2006,
,,2006 - 2007,
,,2007 - 2008,
,,2008 - 2009,
,,2009 - 2010,
,,2010 - 2011,
,,2011 - 2012,
,,2012 - 2013,
,,2013 - 2014,
,,2014 - 2015,
,,2015 - 2016,
,,2016 - 2017,
,,2017 - 2018,
,,2018 - 2019,
,,2019 - 2020,
,,2020 - 2021,
,,2021 - 2022,
,,2022 - 2023,
,Rayagada,2000 - 2001,0.19
,,2001 - 2002,0.28
,,2002 - 2003,0.2
,,2003 - 2004,0.28
,,2004 - 2005,
,,2005 - 2006,
,,2006 - 2007,
,,2007 - 2008,
,,2008 - 2009,
,,2009 - 2010,
,,2010 - 2011,
,,2011 - 2012,
,,2012 - 2013,
,,2013 - 2014,
,,2014 - 2015,
,,2015 - 2016,
,,2016 - 2017,
,,2017 - 2018,
,,2018 - 2019,
,,2019 - 2020,
,,2020 - 2021,
,,2021 - 2022,
,,2022 - 2023,
,Sambalpur,2000 - 2001,0.14
,,2001 - 2002,0.26
,,2002 - 2003,0.34
,,2003 - 2004,0.22
,,2004 - 2005,
,,2005 - 2006,
,,2006 - 2007,
,,2007 - 2008,
,,2008 - 2009,
,,2009 - 2010,
,,2010 - 2011,
,,2011 - 2012,
,,2012 - 2013,
,,2013 - 2014,
,,2014 - 2015,
,,2015 - 2016,
,,2016 - 2017,
,,2017 - 2018,
,,2018 - 2019,
,,2019 - 2020,
,,2020 - 2021,
,,2021 - 2022,
,,2022 - 2023,
,Sonepur,2000 - 2001,0.06
,,2001 - 2002,0.1
,,2002 - 2003,0.13
,,2003 - 2004,0.25
,,2004 - 2005,
,,2005 - 2006,
,,2006 - 2007,
,,2007 - 2008,
,,2008 - 2009,
,,2009 - 2010,
,,2010 - 2011,
,,2011 - 2012,
,,2012 - 2013,
,,2013 - 2014,
,,2014 - 2015,
,,2015 - 2016,
,,2016 - 2017,
,,2017 - 2018,
,,2018 - 2019,
,,2019 - 2020,
,Sundargarh,2000 - 2001,0.14
,,2001 - 2002,0.19
,,2002 - 2003,0.14
,,2003 - 2004,0.22
,,2004 - 2005,
,,2005 - 2006,
,,2006 - 2007,
,,2007 - 2008,
,,2008 - 2009,
,,2009 - 2010,
,,2010 - 2011,
,,2011 - 2012,
,,2012 - 2013,
,,2013 - 2014,
,,2014 - 2015,
,,2015 - 2016,
,,2016 - 2017,
,,2017 - 2018,
,,2018 - 2019,
,,2019 - 2020,
,,2020 - 2021,
,,2021 - 2022,
,,2022 - 2023,
Puducherry,Karaikal,2004 - 2005,0.06
,,2005 - 2006,0.27
,,2006 - 2007,
,,2007 - 2008,
,,2008 - 2009,
,,2009 - 2010,
,,2010 - 2011,
,,2011 - 2012,
,,2012 - 2013,
,,2016 - 2017,
,,2017 - 2018,
,,2018 - 2019,
,,2019 - 2020,
,,2020 - 2021,
,,2021 - 2022,
,,2022 - 2023,
,Pondicherry,2004 - 2005,0.83
,,2005 - 2006,0.8
,,2006 - 2007,
,,2007 - 2008,0.79
,,2008 - 2009,0.64
,,2009 - 2010,0.6
,,2010 - 2011,0.8
,,2011 - 2012,0.67
,,2012 - 2013,0.75
,,2013 - 2014,0.73
,,2014 - 2015,0.67
,,2015 - 2016,0.67
,,2016 - 2017,1.33
,,2017 - 2018,1.5
,,2018 - 2019,1.0
,,2019 - 2020,1.0
,,2020 - 2021,1.0
,,2021 - 2022,1.0
,,2022 - 2023,1.0
,Yanam,2005 - 2006,0.0
Punjab,Amritsar,2000 - 2001,0.39
,,2001 - 2002,0.39
,,2002 - 2003,0.29
,,2003 - 2004,0.34
,,2004 - 2005,0.47
,,2005 - 2006,0.35
,,2006 - 2007,0.38
,,2007 - 2008,0.32
,,2008 - 2009,0.35
,,2009 - 2010,0.38
,,2010 - 2011,0.33
,,2011 - 2012,0.23
,,2012 - 2013,0.33
,,2013 - 2014,0.23
,,2014 - 2015,0.18
,,2015 - 2016,0.26
,,2016 - 2017,0.33
,,2017 - 2018,0.43
,,2018 - 2019,0.17
,,2019 - 2020,0.29
,,2020 - 2021,0.2
,,2021 - 2022,0.27
,,2022 - 2023,0.33
,Bathinda,2000 - 2001,0.1
,,2001 - 2002,0.5
,,2002 - 2003,0.25
,,2003 - 2004,0.5
,,2004 - 2005,0.5
,,2005 - 2006,0.5
,Faridkot,2000 - 2001,0.1
,,2001 - 2002,0.33
,,2002 - 2003,0.0
,,2003 - 2004,0.0
,,2004 - 2005,0.0
,,2005 - 2006,1.0
,Fazilka,2015 - 2016,0.3
,,2016 - 2017,0.0
,Firozepur,2000 - 2001,0.63
,,2001 - 2002,0.41
,,2002 - 2003,0.27
,,2003 - 2004,0.44
,,2004 - 2005,0.41
,,2005 - 2006,0.41
,,2006 - 2007,0.4
,,2007 - 2008,0.33
,,2008 - 2009,0.29
,,2009 - 2010,0.42
,,2010 - 2011,0.63
,,2011 - 2012,0.46
,,2012 - 2013,0.43
,,2013 - 2014,0.6
,,2014 - 2015,0.25
,,2015 - 2016,0.35
,,2016 - 2017,0.67
,,2017 - 2018,0.5
,,2018 - 2019,0.2
,,2019 - 2020,0.5
,,2020 - 2021,0.5
,,2021 - 2022,0.5
,,2022 - 2023,0.5
,Gurdaspur,2000 - 2001,0.24
,,2001 - 2002,0.31
,,2002 - 2003,0.33
,,2003 - 2004,0.28
,,2004 - 2005,0.25
,,2005 - 2006,0.21
,,2006 - 2007,0.27
,,2007 - 2008,0.22
,,2008 - 2009,0.25
,,2009 - 2010,0.33
,,2010 - 2011,0.38
,,2011 - 2012,0.13
,,2012 - 2013,0.25
,,2013 - 2014,0.0
,,2015 - 2016,0.4
,,2016 - 2017,0.0
,,2017 - 2018,0.0
,,2018 - 2019,0.0
,,2019 - 2020,0.0
,,2020 - 2021,0.0
,Hoshiarpur,2000 - 2001,0.38
,,2001 - 2002,0.29
,,2002 - 2003,0.25
,,2003 - 2004,0.29
,,2004 - 2005,0.43
,,2005 - 2006,0.29
,,2006 - 2007,0.13
,,2007 - 2008,0.14
,,2008 - 2009,0.2
,,2009 - 2010,0.2
,,2010 - 2011,0.17
,,2011 - 2012,0.4
,,2012 - 2013,0.33
,,2013 - 2014,0.33
,,2014 - 2015,0.33
,,2015 - 2016,0.18
,,2016 - 2017,0.0
,,2018 - 2019,0.33
,,2019 - 2020,0.67
,,2020 - 2021,0.33
,,2021 - 2022,0.33
,,2022 - 2023,0.25
,Jalandhar,2000 - 2001,0.43
,,2001 - 2002,0.35
,,2002 - 2003,0.33
,,2003 - 2004,0.43
,,2004 - 2005,0.43
,,2005 - 2006,0.38
,,2006 - 2007,0.5
,,2007 - 2008,0.5
,,2008 - 2009,0.5
,,2009 - 2010,0.4
,,2010 - 2011,0.5
,,2011 - 2012,0.5
,,2012 - 2013,0.33
,,2013 - 2014,0.33
,,2014 - 2015,0.5
,,2015 - 2016,0.5
,,2016 - 2017,1.0
,,2017 - 2018,0.0
,,2018 - 2019,1.0
,,2019 - 2020,1.0
,,2020 - 2021,1.0
,,2021 - 2022,1.0
,,2022 - 2023,1.0
,Kapurthala,2000 - 2001,0.5
,,2001 - 2002,0.5
,,2002 - 2003,0.5
,,2003 - 2004,0.0
,,2004 - 2005,0.5
,,2005 - 2006,0.5
,,2006 - 2007,0.0
,,2007 - 2008,0.0
,,2008 - 2009,0.0
,,2017 - 2018,0.0
,Ludhiana,2000 - 2001,0.1
,,2001 - 2002,1.0
,Mansa,2000 - 2001,0.1
,,2001 - 2002,0.33
,,2002 - 2003,0.25
,,2003 - 2004,0.33
,,2004 - 2005,0.5
,,2005 - 2006,0.4
,,2006 - 2007,0.25
,,2007 - 2008,0.5
,,2008 - 2009,0.5
,,2009 - 2010,0.0
,,2015 - 2016,0.3
,Moga,2000 - 2001,0.1
,,2001 - 2002,1.0
,,2002 - 2003,0.0
,,2008 - 2009,0.0
,Muktsar,2000 - 2001,0.45
,,2001 - 2002,0.47
,,2002 - 2003,0.29
,,2003 - 2004,0.29
,,2004 - 2005,0.43
,,2005 - 2006,0.33
,,2006 - 2007,0.25
,,2007 - 2008,0.67
,,2008 - 2009,0.33
,,2009 - 2010,0.5
,,2010 - 2011,0.5
,,2011 - 2012,1.0
,,2012 - 2013,0.0
,,2013 - 2014,0.0
,,2014 - 2015,0.0
,,2015 - 2016,0.5
,,2016 - 2017,0.0
,,2017 - 2018,1.0
,Nawanshahr,2000 - 2001,0.1
,,2001 - 2002,1.0
,,2002 - 2003,0.5
,,2003 - 2004,0.0
,,2005 - 2006,1.0
,Pathankot,2012 - 2013,0.4
,,2013 - 2014,0.5
,,2014 - 2015,0.5
,,2015 - 2016,0.4
,,2016 - 2017,0.25
,,2017 - 2018,0.5
,,2018 - 2019,0.2
,,2019 - 2020,0.4
,,2020 - 2021,0.2
,,2021 - 2022,0.2
,,2022 - 2023,0.25
,Rupnagar,2000 - 2001,0.33
,,2001 - 2002,0.25
,,2002 - 2003,0.25
,,2003 - 2004,0.33
,,2004 - 2005,0.25
,,2005 - 2006,0.25
,,2006 - 2007,0.33
,,2007 - 2008,0.33
,,2008 - 2009,0.5
,,2009 - 2010,0.0
,,2011 - 2012,0.0
,,2012 - 2013,0.5
,,2013 - 2014,0.0
,,2014 - 2015,0.0
,,2015 - 2016,0.3
,,2016 - 2017,0.5
,,2017 - 2018,0.0
,,2018 - 2019,0.5
,,2019 - 2020,0.0
,,2020 - 2021,0.0
,,2021 - 2022,1.0
,S.a.s nagar,2006 - 2007,0.0
,,2007 - 2008,1.0
,,2008 - 2009,0.0
,,2009 - 2010,0.0
,Sangrur,2002 - 2003,0.0
,Tarn taran,2006 - 2007,0.38
,,2007 - 2008,0.31
,,2008 - 2009,0.41
,,2009 - 2010,0.47
,,2010 - 2011,0.43
,,2011 - 2012,0.4
,,2012 - 2013,0.36
,,2013 - 2014,0.4
,,2014 - 2015,0.4
,,2015 - 2016,0.39
,,2016 - 2017,0.33
,,2017 - 2018,0.2
,,2018 - 2019,0.33
,,2019 - 2020,0.33
,,2020 - 2021,0.67
,,2021 - 2022,0.4
,,2022 - 2023,0.33
Rajasthan,Ajmer,2000 - 2001,0.17
,,2001 - 2002,0.25
,,2002 - 2003,0.05
,,2003 - 2004,0.39
,,2004 - 2005,0.26
,,2005 - 2006,0.06
,,2006 - 2007,0.26
,,2007 - 2008,0.32
,,2008 - 2009,0.24
,,2009 - 2010,0.02
,,2010 - 2011,0.38
,,2011 - 2012,0.16
,,2012 - 2013,0.16
,,2013 - 2014,0.24
,,2014 - 2015,0.22
,,2015 - 2016,0.26
,,2016 - 2017,0.5
,,2017 - 2018,0.37
,,2018 - 2019,0.38
,,2019 - 2020,0.41
,,2020 - 2021,0.34
,,2021 - 2022,0.31
,,2022 - 2023,0.36
,Alwar,2000 - 2001,0.45
,,2001 - 2002,0.29
,,2002 - 2003,0.08
,,2003 - 2004,0.31
,,2004 - 2005,0.32
,,2005 - 2006,0.23
,,2006 - 2007,0.37
,,2007 - 2008,0.53
,,2008 - 2009,0.29
,,2009 - 2010,0.35
,,2010 - 2011,0.37
,,2011 - 2012,0.41
,,2012 - 2013,0.5
,,2013 - 2014,0.28
,,2014 - 2015,0.42
,,2015 - 2016,0.32
,,2016 - 2017,0.35
,,2017 - 2018,0.27
,,2018 - 2019,0.35
,,2019 - 2020,0.33
,,2020 - 2021,0.67
,,2021 - 2022,0.68
,,2022 - 2023,0.39
,Banswara,2000 - 2001,0.14
,,2001 - 2002,0.33
,,2002 - 2003,0.06
,,2003 - 2004,0.45
,,2004 - 2005,0.33
,,2005 - 2006,0.15
,,2006 - 2007,0.33
,,2007 - 2008,0.4
,,2008 - 2009,0.29
,,2009 - 2010,0.16
,,2010 - 2011,0.41
,,2011 - 2012,0.32
,,2012 - 2013,0.29
,,2013 - 2014,0.2
,,2014 - 2015,0.34
,,2015 - 2016,0.31
,,2016 - 2017,0.35
,,2017 - 2018,0.27
,,2018 - 2019,0.35
,,2019 - 2020,0.33
,,2020 - 2021,0.41
,,2021 - 2022,0.27
,,2022 - 2023,0.36
,Baran,2000 - 2001,0.14
,,2001 - 2002,0.33
,,2002 - 2003,0.06
,,2003 - 2004,0.45
,,2004 - 2005,0.33
,,2005 - 2006,0.15
,,2006 - 2007,0.37
,,2007 - 2008,0.58
,,2008 - 2009,0.41
,,2009 - 2010,0.58
,,2010 - 2011,0.49
,,2011 - 2012,0.4
,,2012 - 2013,0.36
,,2013 - 2014,0.18
,,2014 - 2015,0.35
,,2015 - 2016,0.29
,,2016 - 2017,0.25
,,2017 - 2018,0.5
,,2018 - 2019,0.41
,,2019 - 2020,0.33
,,2020 - 2021,0.41
,,2021 - 2022,0.27
,,2022 - 2023,0.36
,Barmer,2000 - 2001,0.09
,,2001 - 2002,0.37
,,2002 - 2003,0.0
,,2003 - 2004,0.57
,,2004 - 2005,0.06
,,2005 - 2006,0.05
,,2006 - 2007,0.06
,,2007 - 2008,0.1
,,2008 - 2009,0.03
,,2009 - 2010,0.01
,,2010 - 2011,0.26
,,2011 - 2012,0.18
,,2012 - 2013,0.23
,,2013 - 2014,0.13
,,2014 - 2015,0.23
,,2015 - 2016,0.04
,,2016 - 2017,0.1
,,2017 - 2018,0.1
,,2018 - 2019,0.14
,,2019 - 2020,0.26
,,2020 - 2021,0.46
,,2021 - 2022,0.04
,,2022 - 2023,0.28
,Bharatpur,2000 - 2001,0.37
,,2001 - 2002,0.52
,,2002 - 2003,0.19
,,2003 - 2004,0.56
,,2004 - 2005,0.44
,,2005 - 2006,0.47
,,2006 - 2007,0.37
,,2007 - 2008,0.4
,,2008 - 2009,0.29
,,2009 - 2010,0.16
,,2010 - 2011,0.41
,,2011 - 2012,0.55
,,2012 - 2013,0.5
,,2013 - 2014,0.58
,,2014 - 2015,0.34
,,2015 - 2016,0.49
,,2016 - 2017,0.4
,,2017 - 2018,0.29
,,2018 - 2019,0.11
,,2019 - 2020,0.47
,,2020 - 2021,0.65
,,2021 - 2022,0.56
,,2022 - 2023,0.55
,Bhilwara,2000 - 2001,0.14
,,2001 - 2002,0.33
,,2002 - 2003,0.05
,,2003 - 2004,0.45
,,2004 - 2005,0.51
,,2005 - 2006,0.1
,,2006 - 2007,0.24
,,2007 - 2008,0.3
,,2008 - 2009,0.22
,,2009 - 2010,0.1
,,2010 - 2011,0.47
,,2011 - 2012,0.14
,,2012 - 2013,0.16
,,2013 - 2014,0.11
,,2014 - 2015,0.17
,,2015 - 2016,0.12
,,2016 - 2017,0.28
,,2017 - 2018,0.24
,,2018 - 2019,0.31
,,2019 - 2020,0.12
,,2020 - 2021,0.16
,,2021 - 2022,0.22
,,2022 - 2023,0.26
,Bikaner,2000 - 2001,0.27
,,2001 - 2002,0.38
,,2002 - 2003,0.0
,,2003 - 2004,0.17
,,2004 - 2005,0.03
,,2005 - 2006,0.05
,,2006 - 2007,0.06
,,2007 - 2008,0.13
,,2008 - 2009,0.02
,,2009 - 2010,0.01
,,2010 - 2011,0.16
,,2011 - 2012,0.32
,,2012 - 2013,0.09
,,2013 - 2014,0.2
,,2014 - 2015,0.16
,,2015 - 2016,0.11
,,2016 - 2017,0.29
,,2017 - 2018,0.36
,,2018 - 2019,0.17
,,2019 - 2020,0.15
,,2020 - 2021,0.18
,,2021 - 2022,0.15
,,2022 - 2023,0.25
,Bundi,2000 - 2001,0.24
,,2001 - 2002,0.28
,,2002 - 2003,0.05
,,2003 - 2004,0.43
,,2004 - 2005,0.41
,,2005 - 2006,0.32
,,2006 - 2007,0.46
,,2007 - 2008,0.41
,,2008 - 2009,0.34
,,2009 - 2010,0.23
,,2010 - 2011,0.42
,,2011 - 2012,0.34
,,2012 - 2013,0.3
,,2013 - 2014,0.12
,,2014 - 2015,0.28
,,2015 - 2016,0.19
,,2016 - 2017,0.33
,,2017 - 2018,0.29
,,2018 - 2019,0.21
,,2019 - 2020,0.04
,,2020 - 2021,0.32
,,2021 - 2022,0.14
,,2022 - 2023,0.31
,Chittorgarh,2000 - 2001,0.23
,,2001 - 2002,0.32
,,2002 - 2003,0.2
,,2003 - 2004,0.33
,,2004 - 2005,0.48
,,2005 - 2006,0.32
,,2006 - 2007,0.19
,,2007 - 2008,0.34
,,2008 - 2009,0.21
,,2009 - 2010,0.27
,,2010 - 2011,0.41
,,2011 - 2012,0.19
,,2012 - 2013,0.3
,,2013 - 2014,0.16
,,2014 - 2015,0.5
,,2015 - 2016,0.16
,,2016 - 2017,0.1
,,2017 - 2018,0.39
,,2018 - 2019,0.35
,,2019 - 2020,0.33
,,2020 - 2021,0.41
,,2021 - 2022,0.26
,,2022 - 2023,0.36
,Churu,2000 - 2001,0.14
,,2001 - 2002,0.33
,,2002 - 2003,0.06
,,2003 - 2004,0.45
,,2004 - 2005,0.33
,,2005 - 2006,0.15
,,2006 - 2007,0.32
,,2007 - 2008,0.4
,,2008 - 2009,0.19
,,2009 - 2010,0.03
,,2010 - 2011,0.41
,,2011 - 2012,0.2
,,2012 - 2013,0.08
,,2013 - 2014,0.12
,,2014 - 2015,0.44
,,2015 - 2016,0.11
,,2016 - 2017,0.22
,,2017 - 2018,0.16
,,2018 - 2019,0.11
,,2019 - 2020,0.27
,,2020 - 2021,0.27
,,2021 - 2022,0.19
,,2022 - 2023,0.21
,Dausa,2000 - 2001,0.15
,,2001 - 2002,0.33
,,2002 - 2003,0.14
,,2003 - 2004,0.42
,,2004 - 2005,0.42
,,2005 - 2006,0.24
,,2006 - 2007,0.35
,,2007 - 2008,0.58
,,2008 - 2009,0.51
,,2009 - 2010,0.35
,,2010 - 2011,0.29
,,2011 - 2012,0.26
,,2012 - 2013,0.37
,,2013 - 2014,0.35
,,2014 - 2015,0.34
,,2015 - 2016,0.29
,,2016 - 2017,0.34
,,2017 - 2018,0.38
,,2018 - 2019,0.42
,,2019 - 2020,0.41
,,2020 - 2021,0.43
,,2021 - 2022,0.53
,,2022 - 2023,0.53
,Dholpur,2000 - 2001,0.14
,,2001 - 2002,0.33
,,2002 - 2003,0.06
,,2003 - 2004,0.45
,,2004 - 2005,0.33
,,2005 - 2006,0.15
,,2006 - 2007,0.77
,,2007 - 2008,0.5
,,2008 - 2009,0.53
,,2009 - 2010,0.65
,,2010 - 2011,1.33
,,2011 - 2012,0.42
,,2012 - 2013,0.26
,,2013 - 2014,0.21
,,2014 - 2015,0.57
,,2015 - 2016,0.61
,,2016 - 2017,0.7
,,2017 - 2018,0.59
,,2018 - 2019,0.52
,,2019 - 2020,0.44
,,2020 - 2021,0.51
,,2021 - 2022,0.48
,,2022 - 2023,0.46
,Dungarpur,2000 - 2001,0.14
,,2001 - 2002,0.33
,,2002 - 2003,0.06
,,2003 - 2004,0.45
,,2004 - 2005,0.33
,,2005 - 2006,0.15
,,2006 - 2007,0.32
,,2007 - 2008,0.4
,,2008 - 2009,0.17
,,2009 - 2010,0.21
,,2010 - 2011,0.41
,,2011 - 2012,0.22
,,2012 - 2013,0.13
,,2013 - 2014,0.15
,,2014 - 2015,0.37
,,2015 - 2016,0.15
,,2016 - 2017,0.35
,,2017 - 2018,0.27
,,2018 - 2019,0.35
,,2019 - 2020,0.33
,,2020 - 2021,0.41
,,2021 - 2022,0.27
,,2022 - 2023,0.36
,Ganganagar,2000 - 2001,0.14
,,2001 - 2002,0.33
,,2002 - 2003,0.06
,,2003 - 2004,0.45
,,2004 - 2005,0.33
,,2005 - 2006,0.15
,,2006 - 2007,0.32
,,2007 - 2008,0.4
,,2008 - 2009,0.29
,,2009 - 2010,0.16
,,2010 - 2011,0.41
,,2011 - 2012,0.57
,,2012 - 2013,0.43
,,2013 - 2014,0.3
,,2014 - 2015,0.47
,,2015 - 2016,0.31
,,2016 - 2017,0.44
,,2017 - 2018,0.37
,,2018 - 2019,0.36
,,2019 - 2020,0.36
,,2020 - 2021,0.3
,,2021 - 2022,0.24
,,2022 - 2023,0.58
,Hanumangarh,2000 - 2001,0.79
,,2001 - 2002,0.6
,,2002 - 2003,0.1
,,2003 - 2004,0.55
,,2004 - 2005,0.45
,,2005 - 2006,0.75
,,2006 - 2007,0.81
,,2007 - 2008,0.57
,,2008 - 2009,0.59
,,2009 - 2010,0.61
,,2010 - 2011,0.53
,,2011 - 2012,0.51
,,2012 - 2013,0.57
,,2013 - 2014,0.2
,,2014 - 2015,0.34
,,2015 - 2016,0.31
,,2016 - 2017,0.35
,,2017 - 2018,0.27
,,2018 - 2019,0.35
,,2019 - 2020,0.33
,,2020 - 2021,0.41
,,2021 - 2022,0.36
,,2022 - 2023,0.32
,Jaipur,2000 - 2001,0.23
,,2001 - 2002,0.29
,,2002 - 2003,0.07
,,2003 - 2004,0.46
,,2004 - 2005,0.28
,,2005 - 2006,0.14
,,2006 - 2007,0.22
,,2007 - 2008,0.42
,,2008 - 2009,0.48
,,2009 - 2010,0.18
,,2010 - 2011,0.35
,,2011 - 2012,0.26
,,2012 - 2013,0.19
,,2013 - 2014,0.29
,,2014 - 2015,0.26
,,2015 - 2016,0.15
,,2016 - 2017,0.33
,,2017 - 2018,0.34
,,2018 - 2019,0.41
,,2019 - 2020,0.43
,,2020 - 2021,0.32
,,2021 - 2022,0.26
,,2022 - 2023,0.36
,Jaisalmer,2000 - 2001,0.14
,,2001 - 2002,0.33
,,2002 - 2003,0.04
,,2003 - 2004,0.45
,,2004 - 2005,0.33
,,2005 - 2006,0.15
,,2006 - 2007,0.33
,,2007 - 2008,0.4
,,2008 - 2009,0.29
,,2009 - 2010,0.16
,,2010 - 2011,0.41
,,2011 - 2012,0.32
,,2012 - 2013,0.3
,,2013 - 2014,0.2
,,2014 - 2015,0.34
,,2015 - 2016,0.31
,,2016 - 2017,0.35
,,2017 - 2018,0.15
,,2018 - 2019,0.23
,,2019 - 2020,0.2
,,2020 - 2021,0.25
,,2021 - 2022,0.21
,,2022 - 2023,0.18
,Jalore,2000 - 2001,0.01
,,2001 - 2002,0.26
,,2002 - 2003,0.0
,,2003 - 2004,0.54
,,2004 - 2005,0.2
,,2005 - 2006,0.04
,,2006 - 2007,0.21
,,2007 - 2008,0.25
,,2008 - 2009,0.16
,,2009 - 2010,0.0
,,2010 - 2011,0.32
,,2011 - 2012,0.38
,,2012 - 2013,0.52
,,2013 - 2014,0.2
,,2014 - 2015,0.44
,,2015 - 2016,0.15
,,2016 - 2017,0.27
,,2017 - 2018,0.2
,,2018 - 2019,0.13
,,2019 - 2020,0.42
,,2020 - 2021,0.39
,,2021 - 2022,0.05
,,2022 - 2023,0.35
,Jhalawar,2000 - 2001,0.14
,,2001 - 2002,0.33
,,2002 - 2003,0.06
,,2003 - 2004,0.45
,,2004 - 2005,0.33
,,2005 - 2006,0.15
,,2006 - 2007,0.32
,,2007 - 2008,0.4
,,2008 - 2009,0.55
,,2009 - 2010,0.5
,,2010 - 2011,0.41
,,2011 - 2012,0.57
,,2012 - 2013,0.54
,,2013 - 2014,0.2
,,2014 - 2015,0.34
,,2015 - 2016,0.31
,,2016 - 2017,0.35
,,2017 - 2018,0.27
,,2018 - 2019,0.35
,,2019 - 2020,0.33
,,2020 - 2021,0.41
,,2021 - 2022,0.27
,,2022 - 2023,0.37
,Jhunjhunu,2000 - 2001,0.12
,,2001 - 2002,0.33
,,2002 - 2003,0.07
,,2003 - 2004,0.45
,,2004 - 2005,0.3
,,2005 - 2006,0.15
,,2006 - 2007,0.32
,,2007 - 2008,0.4
,,2008 - 2009,0.29
,,2009 - 2010,0.16
,,2010 - 2011,0.41
,,2011 - 2012,0.33
,,2012 - 2013,0.29
,,2013 - 2014,0.2
,,2014 - 2015,0.34
,,2015 - 2016,0.31
,,2016 - 2017,0.35
,,2017 - 2018,0.27
,,2018 - 2019,0.35
,,2019 - 2020,0.33
,,2020 - 2021,0.41
,,2021 - 2022,0.27
,,2022 - 2023,0.36
,Jodhpur,2000 - 2001,0.03
,,2001 - 2002,0.39
,,2002 - 2003,0.07
,,2003 - 2004,0.43
,,2004 - 2005,0.32
,,2005 - 2006,0.05
,,2006 - 2007,0.18
,,2007 - 2008,0.44
,,2008 - 2009,0.24
,,2009 - 2010,0.01
,,2010 - 2011,0.43
,,2011 - 2012,0.43
,,2012 - 2013,0.15
,,2013 - 2014,0.13
,,2014 - 2015,0.41
,,2015 - 2016,0.43
,,2016 - 2017,0.35
,,2017 - 2018,0.43
,,2018 - 2019,0.39
,,2019 - 2020,0.44
,,2020 - 2021,0.47
,,2021 - 2022,0.28
,,2022 - 2023,0.37
,Karauli,2000 - 2001,0.34
,,2001 - 2002,0.13
,,2002 - 2003,0.22
,,2003 - 2004,0.47
,,2004 - 2005,0.64
,,2005 - 2006,0.61
,,2006 - 2007,0.68
,,2007 - 2008,0.71
,,2008 - 2009,0.7
,,2009 - 2010,0.6
,,2010 - 2011,0.47
,,2011 - 2012,0.5
,,2012 - 2013,0.38
,,2013 - 2014,0.36
,,2014 - 2015,0.53
,,2015 - 2016,0.45
,,2016 - 2017,0.55
,,2017 - 2018,0.48
,,2018 - 2019,0.44
,,2019 - 2020,0.4
,,2020 - 2021,0.55
,,2021 - 2022,0.42
,,2022 - 2023,0.46
,Kota,2000 - 2001,0.14
,,2001 - 2002,0.33
,,2002 - 2003,0.06
,,2003 - 2004,0.45
,,2004 - 2005,0.33
,,2005 - 2006,0.15
,,2006 - 2007,0.37
,,2007 - 2008,0.66
,,2008 - 2009,0.38
,,2009 - 2010,0.57
,,2010 - 2011,0.32
,,2011 - 2012,0.27
,,2012 - 2013,0.21
,,2013 - 2014,0.21
,,2014 - 2015,0.18
,,2015 - 2016,0.23
,,2016 - 2017,0.36
,,2017 - 2018,0.31
,,2018 - 2019,0.51
,,2019 - 2020,0.17
,,2020 - 2021,0.49
,,2021 - 2022,0.16
,,2022 - 2023,0.25
,Nagaur,2000 - 2001,0.19
,,2001 - 2002,0.25
,,2002 - 2003,0.0
,,2003 - 2004,0.38
,,2004 - 2005,0.18
,,2005 - 2006,0.17
,,2006 - 2007,0.17
,,2007 - 2008,0.36
,,2008 - 2009,0.31
,,2009 - 2010,0.02
,,2010 - 2011,0.39
,,2011 - 2012,0.38
,,2012 - 2013,0.04
,,2013 - 2014,0.25
,,2014 - 2015,0.24
,,2015 - 2016,0.26
,,2016 - 2017,0.39
,,2017 - 2018,0.24
,,2018 - 2019,0.34
,,2019 - 2020,0.21
,,2020 - 2021,0.32
,,2021 - 2022,0.31
,,2022 - 2023,0.54
,Pali,2000 - 2001,0.07
,,2001 - 2002,0.32
,,2002 - 2003,0.02
,,2003 - 2004,0.48
,,2004 - 2005,0.33
,,2005 - 2006,0.09
,,2006 - 2007,0.37
,,2007 - 2008,0.31
,,2008 - 2009,0.22
,,2009 - 2010,0.01
,,2010 - 2011,0.44
,,2011 - 2012,0.32
,,2012 - 2013,0.31
,,2013 - 2014,0.17
,,2014 - 2015,0.34
,,2015 - 2016,0.28
,,2016 - 2017,0.33
,,2017 - 2018,0.19
,,2018 - 2019,0.42
,,2019 - 2020,0.29
,,2020 - 2021,0.41
,,2021 - 2022,0.26
,,2022 - 2023,0.36
,Pratapgarh,2008 - 2009,0.29
,,2009 - 2010,0.27
,,2010 - 2011,0.41
,,2011 - 2012,0.13
,,2012 - 2013,0.23
,,2013 - 2014,0.19
,,2014 - 2015,0.34
,,2015 - 2016,0.31
,,2016 - 2017,0.35
,,2017 - 2018,0.27
,,2018 - 2019,0.35
,,2019 - 2020,0.33
,,2020 - 2021,0.41
,,2021 - 2022,0.26
,,2022 - 2023,0.36
,Rajsamand,2000 - 2001,0.14
,,2001 - 2002,0.79
,,2002 - 2003,0.06
,,2003 - 2004,0.45
,,2004 - 2005,0.33
,,2005 - 2006,0.15
,,2006 - 2007,0.18
,,2007 - 2008,0.26
,,2008 - 2009,0.19
,,2009 - 2010,0.15
,,2010 - 2011,0.4
,,2011 - 2012,0.04
,,2012 - 2013,0.22
,,2013 - 2014,0.3
,,2014 - 2015,0.34
,,2015 - 2016,0.31
,,2016 - 2017,0.35
,,2017 - 2018,0.27
,,2018 - 2019,0.35
,,2019 - 2020,0.33
,,2020 - 2021,0.41
,,2021 - 2022,0.27
,,2022 - 2023,0.36
,Sawai madhopur,2000 - 2001,0.14
,,2001 - 2002,0.34
,,2002 - 2003,0.01
,,2003 - 2004,0.6
,,2004 - 2005,0.4
,,2005 - 2006,0.42
,,2006 - 2007,0.39
,,2007 - 2008,0.57
,,2008 - 2009,0.4
,,2009 - 2010,0.34
,,2010 - 2011,0.34
,,2011 - 2012,0.36
,,2012 - 2013,0.46
,,2013 - 2014,0.47
,,2014 - 2015,0.5
,,2015 - 2016,0.52
,,2016 - 2017,0.46
,,2017 - 2018,0.39
,,2018 - 2019,0.4
,,2019 - 2020,0.38
,,2020 - 2021,0.61
,,2021 - 2022,0.47
,,2022 - 2023,0.41
,Sikar,2000 - 2001,0.14
,,2001 - 2002,0.33
,,2002 - 2003,0.06
,,2003 - 2004,0.45
,,2004 - 2005,0.33
,,2005 - 2006,0.15
,,2006 - 2007,0.32
,,2007 - 2008,0.4
,,2008 - 2009,0.29
,,2009 - 2010,0.16
,,2010 - 2011,0.41
,,2011 - 2012,0.33
,,2012 - 2013,0.29
,,2013 - 2014,0.2
,,2014 - 2015,0.34
,,2015 - 2016,0.32
,,2016 - 2017,0.35
,,2017 - 2018,0.27
,,2018 - 2019,0.35
,,2019 - 2020,0.33
,,2020 - 2021,0.41
,,2021 - 2022,0.27
,,2022 - 2023,0.37
,Sirohi,2000 - 2001,0.08
,,2001 - 2002,0.28
,,2002 - 2003,0.11
,,2003 - 2004,0.43
,,2004 - 2005,0.15
,,2005 - 2006,0.41
,,2006 - 2007,0.15
,,2007 - 2008,0.3
,,2008 - 2009,0.14
,,2009 - 2010,0.05
,,2010 - 2011,0.49
,,2011 - 2012,0.39
,,2012 - 2013,0.44
,,2013 - 2014,0.11
,,2014 - 2015,0.26
,,2015 - 2016,0.37
,,2016 - 2017,0.24
,,2017 - 2018,0.0
,,2018 - 2019,0.23
,,2019 - 2020,0.43
,,2020 - 2021,0.4
,,2021 - 2022,0.14
,,2022 - 2023,0.36
,Tonk,2000 - 2001,0.12
,,2001 - 2002,0.31
,,2002 - 2003,0.02
,,2003 - 2004,0.61
,,2004 - 2005,0.46
,,2005 - 2006,0.2
,,2006 - 2007,0.18
,,2007 - 2008,0.41
,,2008 - 2009,0.38
,,2009 - 2010,0.09
,,2010 - 2011,0.38
,,2011 - 2012,0.3
,,2012 - 2013,0.24
,,2013 - 2014,0.18
,,2014 - 2015,0.19
,,2015 - 2016,0.36
,,2016 - 2017,0.35
,,2017 - 2018,0.44
,,2018 - 2019,0.5
,,2019 - 2020,0.28
,,2020 - 2021,0.3
,,2021 - 2022,0.43
,,2022 - 2023,0.23
,Udaipur,2000 - 2001,0.14
,,2001 - 2002,0.2
,,2002 - 2003,0.34
,,2003 - 2004,0.4
,,2004 - 2005,0.31
,,2005 - 2006,0.24
,,2006 - 2007,0.08
,,2007 - 2008,0.23
,,2008 - 2009,0.25
,,2009 - 2010,0.16
,,2010 - 2011,0.23
,,2011 - 2012,0.23
,,2012 - 2013,0.23
,,2013 - 2014,0.19
,,2014 - 2015,0.34
,,2015 - 2016,0.09
,,2016 - 2017,0.35
,,2017 - 2018,0.27
,,2018 - 2019,0.35
,,2019 - 2020,0.33
,,2020 - 2021,0.41
,,2021 - 2022,0.27
,,2022 - 2023,0.36
Tamil Nadu,Ariyalur,2009 - 2010,
,,2010 - 2011,
,,2011 - 2012,
,,2012 - 2013,
,,2013 - 2014,0.46
,,2014 - 2015,0.43
,,2015 - 2016,0.44
,,2016 - 2017,0.39
,,2017 - 2018,0.43
,,2018 - 2019,0.23
,,2019 - 2020,0.55
,,2020 - 2021,0.6
,,2021 - 2022,0.68
,,2022 - 2023,0.46
,Chengalpattu,2020 - 2021,0.82
,,2021 - 2022,0.9
,,2022 - 2023,0.65
,Chennai,2018 - 2019,0.0
,,2020 - 2021,
,,2022 - 2023,
,Coimbatore,2000 - 2001,0.48
,,2001 - 2002,0.5
,,2002 - 2003,0.34
,,2003 - 2004,0.32
,,2004 - 2005,0.35
,,2005 - 2006,0.48
,,2006 - 2007,
,,2007 - 2008,
,,2008 - 2009,
,,2009 - 2010,
,,2010 - 2011,
,,2011 - 2012,
,,2012 - 2013,
,,2013 - 2014,0.43
,,2014 - 2015,0.54
,,2015 - 2016,0.67
,,2016 - 2017,0.4
,,2017 - 2018,0.43
,,2018 - 2019,0.51
,,2019 - 2020,0.55
,,2020 - 2021,0.6
,,2021 - 2022,0.68
,,2022 - 2023,0.46
,Cuddalore,2000 - 2001,0.5
,,2001 - 2002,0.46
,,2002 - 2003,0.29
,,2003 - 2004,0.33
,,2004 - 2005,0.34
,,2005 - 2006,0.35
,,2006 - 2007,
,,2007 - 2008,
,,2008 - 2009,
,,2009 - 2010,
,,2010 - 2011,
,,2011 - 2012,
,,2012 - 2013,
,,2013 - 2014,0.41
,,2014 - 2015,0.54
,,2015 - 2016,0.46
,,2016 - 2017,0.43
,,2017 - 2018,0.44
,,2018 - 2019,0.57
,,2019 - 2020,0.64
,,2020 - 2021,0.5
,,2021 - 2022,0.49
,,2022 - 2023,0.48
,Dharmapuri,2000 - 2001,0.62
,,2001 - 2002,0.29
,,2002 - 2003,0.23
,,2003 - 2004,0.16
,,2004 - 2005,0.45
,,2005 - 2006,0.31
,,2006 - 2007,
,,2007 - 2008,
,,2008 - 2009,
,,2009 - 2010,
,,2010 - 2011,
,,2011 - 2012,
,,2012 - 2013,
,,2013 - 2014,0.22
,,2014 - 2015,0.21
,,2015 - 2016,0.69
,,2016 - 2017,0.39
,,2017 - 2018,0.43
,,2018 - 2019,0.48
,,2019 - 2020,0.34
,,2020 - 2021,0.85
,,2021 - 2022,0.85
,,2022 - 2023,0.73
,Dindigul,2000 - 2001,0.59
,,2001 - 2002,0.5
,,2002 - 2003,0.39
,,2003 - 2004,0.47
,,2004 - 2005,0.45
,,2005 - 2006,0.34
,,2006 - 2007,
,,2007 - 2008,
,,2008 - 2009,
,,2009 - 2010,
,,2010 - 2011,
,,2011 - 2012,
,,2012 - 2013,
,,2013 - 2014,0.23
,,2014 - 2015,0.63
,,2015 - 2016,0.67
,,2016 - 2017,0.4
,,2017 - 2018,0.43
,,2018 - 2019,0.48
,,2019 - 2020,0.51
,,2020 - 2021,0.39
,,2021 - 2022,0.68
,,2022 - 2023,0.3
,Erode,2000 - 2001,0.78
,,2001 - 2002,0.71
,,2002 - 2003,0.66
,,2003 - 2004,0.63
,,2004 - 2005,0.8
,,2005 - 2006,0.78
,,2006 - 2007,
,,2007 - 2008,
,,2008 - 2009,
,,2009 - 2010,
,,2010 - 2011,
,,2011 - 2012,
,,2012 - 2013,
,,2013 - 2014,0.66
,,2014 - 2015,0.59
,,2015 - 2016,0.8
,,2016 - 2017,0.07
,,2017 - 2018,0.5
,,2018 - 2019,0.48
,,2019 - 2020,0.6
,,2020 - 2021,0.67
,,2021 - 2022,0.53
,,2022 - 2023,0.45
,Kallakurichi,2020 - 2021,0.6
,,2021 - 2022,0.5
,,2022 - 2023,0.46
,Kanchipuram,2000 - 2001,0.54
,,2001 - 2002,0.74
,,2002 - 2003,0.6
,,2003 - 2004,0.39
,,2004 - 2005,0.36
,,2005 - 2006,0.48
,,2006 - 2007,
,,2007 - 2008,
,,2008 - 2009,
,,2009 - 2010,
,,2010 - 2011,
,,2011 - 2012,
,,2012 - 2013,
,,2013 - 2014,0.56
,,2014 - 2015,0.63
,,2015 - 2016,0.67
,,2016 - 2017,0.39
,,2017 - 2018,0.43
,,2018 - 2019,0.65
,,2019 - 2020,0.43
,,2020 - 2021,0.71
,,2021 - 2022,0.39
,,2022 - 2023,0.45
,Kanniyakumari,2001 - 2002,0.11
,,2002 - 2003,0.33
,,2003 - 2004,0.25
,,2014 - 2015,0.0
,,2021 - 2022,0.0
,Karur,2000 - 2001,0.46
,,2001 - 2002,0.29
,,2002 - 2003,0.27
,,2003 - 2004,0.28
,,2004 - 2005,0.28
,,2005 - 2006,0.27
,,2006 - 2007,
,,2007 - 2008,
,,2008 - 2009,
,,2009 - 2010,
,,2010 - 2011,
,,2011 - 2012,
,,2012 - 2013,
,,2013 - 2014,0.62
,,2014 - 2015,0.8
,,2015 - 2016,0.55
,,2016 - 2017,0.11
,,2017 - 2018,0.44
,,2018 - 2019,0.43
,,2019 - 2020,0.51
,,2020 - 2021,0.54
,,2021 - 2022,0.79
,,2022 - 2023,0.29
,Krishnagiri,2004 - 2005,0.13
,,2005 - 2006,0.14
,,2006 - 2007,
,,2007 - 2008,
,,2008 - 2009,
,,2009 - 2010,
,,2010 - 2011,
,,2011 - 2012,
,,2012 - 2013,
,,2013 - 2014,0.38
,,2014 - 2015,0.42
,,2015 - 2016,0.52
,,2016 - 2017,0.43
,,2017 - 2018,0.33
,,2018 - 2019,0.49
,,2019 - 2020,0.3
,,2020 - 2021,0.79
,,2021 - 2022,0.99
,,2022 - 2023,0.77
,Madurai,2000 - 2001,0.42
,,2001 - 2002,0.36
,,2002 - 2003,0.23
,,2003 - 2004,0.38
,,2004 - 2005,0.34
,,2005 - 2006,0.31
,,2006 - 2007,
,,2007 - 2008,
,,2008 - 2009,
,,2009 - 2010,
,,2010 - 2011,
,,2011 - 2012,
,,2012 - 2013,
,,2013 - 2014,0.28
,,2014 - 2015,0.39
,,2015 - 2016,0.67
,,2016 - 2017,0.39
,,2017 - 2018,0.43
,,2018 - 2019,0.48
,,2019 - 2020,0.56
,,2020 - 2021,0.6
,,2021 - 2022,0.67
,,2022 - 2023,0.47
,Mayiladuthurai,2020 - 2021,0.63
,,2021 - 2022,0.64
,,2022 - 2023,0.45
,Nagapattinam,2000 - 2001,0.4
,,2001 - 2002,0.39
,,2002 - 2003,0.31
,,2003 - 2004,0.32
,,2004 - 2005,0.28
,,2005 - 2006,0.47
,,2006 - 2007,
,,2007 - 2008,
,,2008 - 2009,
,,2009 - 2010,
,,2010 - 2011,
,,2011 - 2012,
,,2012 - 2013,
,,2013 - 2014,
,,2014 - 2015,
,,2015 - 2016,
,,2016 - 2017,0.33
,,2017 - 2018,0.0
,,2018 - 2019,0.67
,,2019 - 2020,0.5
,,2020 - 2021,0.6
,,2021 - 2022,0.71
,,2022 - 2023,
,Namakkal,2000 - 2001,0.83
,,2001 - 2002,1.02
,,2002 - 2003,0.61
,,2003 - 2004,0.61
,,2004 - 2005,0.63
,,2005 - 2006,0.59
,,2006 - 2007,
,,2007 - 2008,
,,2008 - 2009,
,,2009 - 2010,
,,2010 - 2011,
,,2011 - 2012,
,,2012 - 2013,
,,2013 - 2014,0.56
,,2014 - 2015,0.63
,,2015 - 2016,0.67
,,2016 - 2017,0.4
,,2017 - 2018,0.43
,,2018 - 2019,0.48
,,2019 - 2020,0.55
,,2020 - 2021,0.6
,,2021 - 2022,0.68
,,2022 - 2023,0.46
,Perambalur,2000 - 2001,0.49
,,2001 - 2002,0.51
,,2002 - 2003,0.37
,,2003 - 2004,0.28
,,2004 - 2005,0.28
,,2005 - 2006,0.36
,,2006 - 2007,
,,2007 - 2008,
,,2008 - 2009,
,,2009 - 2010,
,,2010 - 2011,
,,2011 - 2012,
,,2012 - 2013,
,,2013 - 2014,0.56
,,2014 - 2015,0.63
,,2015 - 2016,0.66
,,2016 - 2017,0.39
,,2017 - 2018,0.43
,,2018 - 2019,0.47
,,2019 - 2020,0.55
,,2020 - 2021,0.6
,,2021 - 2022,0.66
,,2022 - 2023,0.46
,Pudukkottai,2000 - 2001,0.41
,,2001 - 2002,0.51
,,2002 - 2003,0.44
,,2003 - 2004,0.37
,,2004 - 2005,0.38
,,2005 - 2006,0.42
,,2006 - 2007,
,,2007 - 2008,
,,2008 - 2009,
,,2009 - 2010,
,,2010 - 2011,
,,2011 - 2012,
,,2012 - 2013,
,,2013 - 2014,0.56
,,2014 - 2015,0.24
,,2015 - 2016,0.29
,,2016 - 2017,0.4
,,2017 - 2018,0.42
,,2018 - 2019,0.31
,,2019 - 2020,0.55
,,2020 - 2021,0.6
,,2021 - 2022,0.68
,,2022 - 2023,0.46
,Ramanathapuram,2000 - 2001,0.44
,,2001 - 2002,0.42
,,2002 - 2003,0.33
,,2003 - 2004,0.32
,,2004 - 2005,0.18
,,2005 - 2006,0.18
,,2006 - 2007,
,,2007 - 2008,
,,2008 - 2009,
,,2009 - 2010,
,,2010 - 2011,
,,2011 - 2012,
,,2012 - 2013,
,,2013 - 2014,
,,2014 - 2015,0.7
,,2015 - 2016,
,,2016 - 2017,0.33
,,2017 - 2018,0.33
,,2018 - 2019,0.46
,,2019 - 2020,
,,2020 - 2021,0.0
,,2021 - 2022,
,,2022 - 2023,
,Ranipet,2020 - 2021,0.61
,,2021 - 2022,0.71
,,2022 - 2023,0.47
,Salem,2000 - 2001,0.85
,,2001 - 2002,0.94
,,2002 - 2003,0.65
,,2003 - 2004,0.6
,,2004 - 2005,0.66
,,2005 - 2006,0.71
,,2006 - 2007,
,,2007 - 2008,
,,2008 - 2009,
,,2009 - 2010,
,,2010 - 2011,
,,2011 - 2012,
,,2012 - 2013,
,,2013 - 2014,0.87
,,2014 - 2015,0.98
,,2015 - 2016,0.8
,,2016 - 2017,0.39
,,2017 - 2018,0.62
,,2018 - 2019,0.47
,,2019 - 2020,0.8
,,2020 - 2021,0.62
,,2021 - 2022,0.7
,,2022 - 2023,0.42
,Sivaganga,2000 - 2001,0.49
,,2001 - 2002,0.42
,,2002 - 2003,0.34
,,2003 - 2004,0.32
,,2004 - 2005,0.32
,,2005 - 2006,0.38
,,2006 - 2007,
,,2007 - 2008,
,,2008 - 2009,
,,2009 - 2010,
,,2010 - 2011,
,,2011 - 2012,
,,2012 - 2013,
,,2013 - 2014,0.57
,,2014 - 2015,0.63
,,2015 - 2016,0.66
,,2016 - 2017,0.39
,,2017 - 2018,0.43
,,2018 - 2019,0.48
,,2019 - 2020,0.56
,,2020 - 2021,0.6
,,2021 - 2022,0.67
,,2022 - 2023,0.47
,Thanjavur,2000 - 2001,0.36
,,2001 - 2002,0.33
,,2002 - 2003,0.39
,,2003 - 2004,0.2
,,2004 - 2005,0.18
,,2005 - 2006,0.45
,,2006 - 2007,
,,2007 - 2008,
,,2008 - 2009,
,,2009 - 2010,
,,2010 - 2011,
,,2011 - 2012,
,,2012 - 2013,
,,2013 - 2014,0.7
,,2014 - 2015,0.63
,,2015 - 2016,0.67
,,2016 - 2017,0.76
,,2017 - 2018,0.28
,,2018 - 2019,0.49
,,2019 - 2020,0.6
,,2020 - 2021,0.55
,,2021 - 2022,0.57
,,2022 - 2023,0.49
,The nilgiris,2000 - 2001,0.18
,,2002 - 2003,0.5
,,2003 - 2004,0.29
,,2004 - 2005,0.4
,Theni,2000 - 2001,0.45
,,2001 - 2002,0.32
,,2002 - 2003,0.32
,,2003 - 2004,0.33
,,2004 - 2005,0.35
,,2005 - 2006,0.51
,,2006 - 2007,
,,2007 - 2008,
,,2008 - 2009,
,,2009 - 2010,
,,2010 - 2011,
,,2011 - 2012,
,,2012 - 2013,
,,2013 - 2014,0.45
,,2014 - 2015,0.65
,,2015 - 2016,1.24
,,2016 - 2017,0.35
,,2017 - 2018,0.22
,,2018 - 2019,0.44
,,2019 - 2020,0.33
,,2020 - 2021,0.38
,,2021 - 2022,0.68
,,2022 - 2023,0.65
,Thenkasi,2020 - 2021,0.6
,,2021 - 2022,0.68
,,2022 - 2023,0.46
,Thiruvallur,2000 - 2001,0.38
,,2001 - 2002,0.59
,,2002 - 2003,0.5
,,2003 - 2004,0.28
,,2004 - 2005,0.51
,,2005 - 2006,0.43
,,2006 - 2007,
,,2007 - 2008,
,,2008 - 2009,
,,2009 - 2010,
,,2010 - 2011,
,,2011 - 2012,
,,2012 - 2013,
,,2013 - 2014,0.56
,,2014 - 2015,0.63
,,2015 - 2016,0.65
,,2016 - 2017,0.42
,,2017 - 2018,0.42
,,2018 - 2019,0.48
,,2019 - 2020,0.55
,,2020 - 2021,0.61
,,2021 - 2022,0.67
,,2022 - 2023,0.47
,Thiruvarur,2000 - 2001,0.45
,,2001 - 2002,0.52
,,2002 - 2003,0.5
,,2003 - 2004,0.48
,,2004 - 2005,0.28
,,2005 - 2006,0.39
,,2006 - 2007,
,,2007 - 2008,
,,2008 - 2009,
,,2009 - 2010,
,,2010 - 2011,
,,2011 - 2012,
,,2012 - 2013,
,,2013 - 2014,0.57
,,2014 - 2015,
,,2015 - 2016,
,,2016 - 2017,
,,2017 - 2018,0.43
,,2018 - 2019,0.5
,,2019 - 2020,0.55
,,2020 - 2021,0.6
,,2021 - 2022,0.67
,,2022 - 2023,0.46
,Thoothukudi,2000 - 2001,0.3
,,2001 - 2002,0.37
,,2002 - 2003,0.21
,,2003 - 2004,0.19
,,2004 - 2005,0.53
,,2005 - 2006,0.3
,,2006 - 2007,
,,2007 - 2008,
,,2008 - 2009,
,,2009 - 2010,
,,2010 - 2011,
,,2011 - 2012,
,,2012 - 2013,
,,2013 - 2014,0.58
,,2014 - 2015,0.67
,,2015 - 2016,0.5
,,2016 - 2017,0.43
,,2017 - 2018,0.5
,,2018 - 2019,0.6
,,2019 - 2020,0.62
,,2020 - 2021,0.6
,,2021 - 2022,0.68
,,2022 - 2023,0.46
,Tiruchirappalli,2000 - 2001,0.71
,,2001 - 2002,0.75
,,2002 - 2003,0.63
,,2003 - 2004,0.38
,,2004 - 2005,0.57
,,2005 - 2006,0.62
,,2006 - 2007,
,,2007 - 2008,
,,2008 - 2009,
,,2009 - 2010,
,,2010 - 2011,
,,2011 - 2012,
,,2012 - 2013,
,,2013 - 2014,0.56
,,2014 - 2015,0.63
,,2015 - 2016,0.67
,,2016 - 2017,0.39
,,2017 - 2018,0.42
,,2018 - 2019,0.47
,,2019 - 2020,0.57
,,2020 - 2021,0.59
,,2021 - 2022,0.65
,,2022 - 2023,0.45
,Tirunelveli,2000 - 2001,0.4
,,2001 - 2002,0.42
,,2002 - 2003,0.32
,,2003 - 2004,0.32
,,2004 - 2005,0.44
,,2005 - 2006,0.31
,,2006 - 2007,
,,2007 - 2008,
,,2008 - 2009,
,,2009 - 2010,
,,2010 - 2011,
,,2011 - 2012,
,,2012 - 2013,
,,2013 - 2014,0.46
,,2014 - 2015,0.45
,,2015 - 2016,0.39
,,2016 - 2017,0.4
,,2017 - 2018,0.43
,,2018 - 2019,0.48
,,2019 - 2020,0.55
,,2020 - 2021,0.6
,,2021 - 2022,0.69
,,2022 - 2023,0.5
,Tirupathur,2020 - 2021,0.61
,,2021 - 2022,0.68
,,2022 - 2023,0.44
,Tiruppur,2009 - 2010,
,,2010 - 2011,
,,2011 - 2012,
,,2012 - 2013,
,,2013 - 2014,0.42
,,2014 - 2015,0.63
,,2015 - 2016,0.68
,,2016 - 2017,
,,2017 - 2018,0.44
,,2018 - 2019,0.48
,,2019 - 2020,0.5
,,2020 - 2021,0.58
,,2021 - 2022,0.6
,,2022 - 2023,0.5
,Tiruvannamalai,2000 - 2001,0.51
,,2001 - 2002,0.68
,,2002 - 2003,0.21
,,2003 - 2004,0.17
,,2004 - 2005,0.3
,,2005 - 2006,0.48
,,2006 - 2007,
,,2007 - 2008,
,,2008 - 2009,
,,2009 - 2010,
,,2010 - 2011,
,,2011 - 2012,
,,2012 - 2013,
,,2013 - 2014,0.56
,,2014 - 2015,0.63
,,2015 - 2016,0.55
,,2016 - 2017,
,,2017 - 2018,0.43
,,2018 - 2019,0.47
,,2019 - 2020,0.55
,,2020 - 2021,0.82
,,2021 - 2022,0.74
,,2022 - 2023,0.64
,Vellore,2000 - 2001,0.64
,,2001 - 2002,0.85
,,2002 - 2003,0.5
,,2003 - 2004,0.42
,,2004 - 2005,0.63
,,2005 - 2006,0.35
,,2006 - 2007,
,,2007 - 2008,
,,2008 - 2009,
,,2009 - 2010,
,,2010 - 2011,
,,2011 - 2012,
,,2012 - 2013,
,,2013 - 2014,0.55
,,2014 - 2015,0.51
,,2015 - 2016,0.66
,,2016 - 2017,0.39
,,2017 - 2018,0.44
,,2018 - 2019,0.48
,,2019 - 2020,0.55
,,2020 - 2021,0.5
,,2021 - 2022,0.5
,,2022 - 2023,0.4
,Villupuram,2000 - 2001,0.49
,,2001 - 2002,0.47
,,2002 - 2003,0.43
,,2003 - 2004,0.36
,,2004 - 2005,0.4
,,2005 - 2006,0.47
,,2006 - 2007,
,,2007 - 2008,
,,2008 - 2009,
,,2009 - 2010,
,,2010 - 2011,
,,2011 - 2012,
,,2012 - 2013,
,,2013 - 2014,0.8
,,2014 - 2015,0.86
,,2015 - 2016,0.71
,,2016 - 2017,0.57
,,2017 - 2018,0.43
,,2018 - 2019,0.66
,,2019 - 2020,0.55
,,2020 - 2021,0.6
,,2021 - 2022,0.68
,,2022 - 2023,0.47
,Virudhunagar,2000 - 2001,0.5
,,2001 - 2002,0.52
,,2002 - 2003,0.35
,,2003 - 2004,0.27
,,2004 - 2005,0.32
,,2005 - 2006,0.31
,,2006 - 2007,
,,2007 - 2008,
,,2008 - 2009,
,,2009 - 2010,
,,2010 - 2011,
,,2011 - 2012,
,,2012 - 2013,
,,2013 - 2014,0.18
,,2014 - 2015,0.39
,,2015 - 2016,0.33
,,2016 - 2017,0.39
,,2017 - 2018,0.43
,,2018 - 2019,0.47
,,2019 - 2020,0.55
,,2020 - 2021,0.6
,,2021 - 2022,0.68
,,2022 - 2023,0.46
Telangana,Adilabad,2000 - 2001,0.09
,,2001 - 2002,0.13
,,2002 - 2003,0.23
,,2003 - 2004,0.17
,,2004 - 2005,0.26
,,2005 - 2006,0.3
,,2006 - 2007,0.19
,,2007 - 2008,0.0
,,2008 - 2009,0.25
,,2009 - 2010,0.1
,,2010 - 2011,0.18
,,2011 - 2012,0.3
,,2012 - 2013,
,,2013 - 2014,0.23
,,2014 - 2015,0.2
,,2015 - 2016,0.04
,,2016 - 2017,0.14
,,2017 - 2018,0.24
,,2018 - 2019,0.17
,,2019 - 2020,0.0
,,2020 - 2021,0.11
,,2021 - 2022,0.22
,,2022 - 2023,
,Bhadradri,2016 - 2017,0.3
,,2017 - 2018,0.24
,,2018 - 2019,0.19
,,2019 - 2020,0.15
,,2020 - 2021,0.1
,,2021 - 2022,0.22
,,2022 - 2023,0.5
,Jagitial,2016 - 2017,
,,2017 - 2018,
,,2018 - 2019,
,,2019 - 2020,
,,2020 - 2021,
,,2021 - 2022,
,,2022 - 2023,
,Jangoan,2016 - 2017,0.11
,,2017 - 2018,0.18
,,2018 - 2019,0.23
,,2019 - 2020,0.0
,,2020 - 2021,0.09
,,2021 - 2022,0.23
,,2022 - 2023,0.4
,Jayashankar,2016 - 2017,0.11
,,2017 - 2018,
,,2019 - 2020,
,,2020 - 2021,0.1
,,2021 - 2022,0.25
,,2022 - 2023,
,Jogulamba,2017 - 2018,
,,2019 - 2020,0.0
,,2020 - 2021,0.0
,,2021 - 2022,
,,2022 - 2023,0.25
,Kamareddy,2016 - 2017,
,,2017 - 2018,
,,2018 - 2019,
,,2019 - 2020,0.0
,,2020 - 2021,0.13
,,2021 - 2022,0.21
,,2022 - 2023,0.0
,Karimnagar,2000 - 2001,0.15
,,2001 - 2002,0.19
,,2002 - 2003,0.19
,,2003 - 2004,0.29
,,2004 - 2005,0.27
,,2005 - 2006,0.24
,,2006 - 2007,0.19
,,2007 - 2008,
,,2008 - 2009,
,,2009 - 2010,0.1
,,2010 - 2011,0.19
,,2011 - 2012,
,,2012 - 2013,
,,2013 - 2014,
,,2014 - 2015,0.2
,,2015 - 2016,
,,2016 - 2017,0.33
,,2017 - 2018,
,,2019 - 2020,0.0
,,2020 - 2021,0.1
,,2021 - 2022,0.0
,,2022 - 2023,
,Khammam,2000 - 2001,0.16
,,2001 - 2002,0.15
,,2002 - 2003,0.14
,,2003 - 2004,0.14
,,2004 - 2005,0.17
,,2005 - 2006,0.18
,,2006 - 2007,0.13
,,2007 - 2008,0.5
,,2008 - 2009,0.4
,,2009 - 2010,0.16
,,2010 - 2011,0.21
,,2011 - 2012,0.2
,,2012 - 2013,
,,2013 - 2014,0.36
,,2014 - 2015,0.31
,,2015 - 2016,0.24
,,2016 - 2017,0.3
,,2017 - 2018,
,,2018 - 2019,
,,2019 - 2020,0.2
,,2020 - 2021,0.09
,,2021 - 2022,0.24
,,2022 - 2023,0.33
,Komaram bheem asifabad,2016 - 2017,0.14
,,2017 - 2018,0.24
,,2018 - 2019,0.16
,,2019 - 2020,0.11
,,2020 - 2021,0.09
,,2021 - 2022,0.25
,,2022 - 2023,0.33
,Mahabubabad,2016 - 2017,0.11
,,2017 - 2018,0.23
,,2018 - 2019,0.19
,,2019 - 2020,0.15
,,2020 - 2021,0.09
,,2021 - 2022,0.21
,,2022 - 2023,0.33
,Mahbubnagar,2000 - 2001,0.15
,,2001 - 2002,0.19
,,2002 - 2003,0.19
,,2003 - 2004,0.29
,,2004 - 2005,0.27
,,2005 - 2006,0.24
,,2006 - 2007,0.19
,,2007 - 2008,0.0
,,2008 - 2009,0.24
,,2009 - 2010,0.1
,,2010 - 2011,0.18
,,2011 - 2012,0.3
,,2012 - 2013,0.0
,,2013 - 2014,0.23
,,2014 - 2015,0.2
,,2015 - 2016,0.04
,,2016 - 2017,0.14
,,2017 - 2018,0.29
,,2018 - 2019,0.15
,,2019 - 2020,0.12
,,2020 - 2021,0.1
,,2021 - 2022,0.06
,,2022 - 2023,0.02
,Mancherial,2016 - 2017,0.14
,,2017 - 2018,0.23
,,2018 - 2019,0.2
,,2019 - 2020,0.0
,,2020 - 2021,0.09
,,2021 - 2022,0.24
,,2022 - 2023,0.33
,Medak,2000 - 2001,0.15
,,2001 - 2002,0.2
,,2002 - 2003,0.19
,,2003 - 2004,0.29
,,2004 - 2005,0.27
,,2005 - 2006,0.24
,,2006 - 2007,0.19
,,2007 - 2008,0.0
,,2008 - 2009,0.24
,,2009 - 2010,0.1
,,2010 - 2011,0.18
,,2011 - 2012,0.3
,,2013 - 2014,0.23
,,2014 - 2015,0.2
,,2015 - 2016,0.03
,,2016 - 2017,
,,2017 - 2018,
,,2018 - 2019,0.0
,,2019 - 2020,0.0
,,2020 - 2021,0.13
,,2021 - 2022,0.25
,,2022 - 2023,
,Medchal,2018 - 2019,
,,2019 - 2020,0.0
,,2020 - 2021,0.17
,,2021 - 2022,0.2
,Mulugu,2018 - 2019,
,,2019 - 2020,
,,2020 - 2021,0.0
,,2021 - 2022,0.0
,,2022 - 2023,
,Nagarkurnool,2016 - 2017,
,,2017 - 2018,
,,2018 - 2019,
,,2019 - 2020,0.16
,,2020 - 2021,0.1
,,2021 - 2022,0.22
,,2022 - 2023,0.14
,Nalgonda,2000 - 2001,0.13
,,2001 - 2002,0.06
,,2002 - 2003,0.06
,,2003 - 2004,0.24
,,2004 - 2005,0.14
,,2005 - 2006,0.27
,,2006 - 2007,0.18
,,2007 - 2008,0.14
,,2008 - 2009,0.16
,,2009 - 2010,0.17
,,2010 - 2011,0.15
,,2011 - 2012,0.15
,,2012 - 2013,0.0
,,2013 - 2014,0.21
,,2014 - 2015,0.09
,,2015 - 2016,0.08
,,2016 - 2017,
,,2018 - 2019,
,,2019 - 2020,
,,2020 - 2021,0.0
,,2021 - 2022,0.25
,,2022 - 2023,
,Narayanapet,2018 - 2019,0.16
,,2019 - 2020,0.19
,,2020 - 2021,0.1
,,2021 - 2022,0.29
,,2022 - 2023,0.55
,Nirmal,2016 - 2017,
,,2017 - 2018,
,,2018 - 2019,
,,2019 - 2020,
,,2020 - 2021,
,,2021 - 2022,0.0
,,2022 - 2023,
,Nizamabad,2000 - 2001,0.15
,,2001 - 2002,0.19
,,2002 - 2003,0.17
,,2003 - 2004,0.26
,,2004 - 2005,0.28
,,2005 - 2006,0.24
,,2006 - 2007,0.19
,,2007 - 2008,
,,2008 - 2009,0.33
,,2009 - 2010,0.1
,,2010 - 2011,
,,2011 - 2012,
,,2012 - 2013,
,,2013 - 2014,
,,2014 - 2015,
,,2015 - 2016,
,,2016 - 2017,
,,2017 - 2018,
,,2018 - 2019,
,,2019 - 2020,
,,2020 - 2021,
,,2021 - 2022,
,,2022 - 2023,
,Peddapalli,2016 - 2017,0.15
,,2017 - 2018,
,,2018 - 2019,
,,2019 - 2020,0.0
,,2020 - 2021,0.1
,,2021 - 2022,0.2
,,2022 - 2023,0.0
,Rajanna,2016 - 2017,
,,2017 - 2018,
,,2018 - 2019,
,,2019 - 2020,
,,2020 - 2021,
,,2021 - 2022,0.0
,,2022 - 2023,
,Rangareddi,2000 - 2001,0.17
,,2001 - 2002,0.19
,,2002 - 2003,0.19
,,2003 - 2004,0.29
,,2004 - 2005,0.27
,,2005 - 2006,0.24
,,2006 - 2007,0.19
,,2007 - 2008,0.0
,,2008 - 2009,0.24
,,2009 - 2010,0.1
,,2010 - 2011,0.18
,,2011 - 2012,0.3
,,2013 - 2014,0.23
,,2014 - 2015,0.2
,,2015 - 2016,0.03
,,2016 - 2017,0.13
,,2017 - 2018,0.0
,,2019 - 2020,0.13
,,2020 - 2021,0.09
,,2021 - 2022,0.23
,,2022 - 2023,0.25
,Sangareddy,2016 - 2017,0.14
,,2017 - 2018,0.24
,,2018 - 2019,0.17
,,2019 - 2020,0.15
,,2020 - 2021,0.09
,,2021 - 2022,0.22
,,2022 - 2023,0.31
,Siddipet,2016 - 2017,
,,2017 - 2018,
,,2018 - 2019,
,,2019 - 2020,
,,2020 - 2021,0.12
,,2021 - 2022,0.2
,,2022 - 2023,0.5
,Suryapet,2016 - 2017,0.05
,,2017 - 2018,0.25
,,2018 - 2019,0.14
,,2020 - 2021,0.1
,,2021 - 2022,0.25
,,2022 - 2023,
,Vikarabad,2016 - 2017,0.15
,,2017 - 2018,0.23
,,2018 - 2019,0.17
,,2019 - 2020,0.14
,,2020 - 2021,0.09
,,2021 - 2022,0.36
,,2022 - 2023,0.27
,Wanaparthy,2019 - 2020,0.17
,,2020 - 2021,0.0
,,2021 - 2022,0.0
,,2022 - 2023,
,Warangal,2000 - 2001,0.17
,,2001 - 2002,0.26
,,2002 - 2003,0.25
,,2003 - 2004,0.38
,,2004 - 2005,0.38
,,2005 - 2006,0.24
,,2006 - 2007,0.2
,,2007 - 2008,0.21
,,2008 - 2009,0.24
,,2009 - 2010,0.08
,,2010 - 2011,0.19
,,2011 - 2012,0.4
,,2012 - 2013,0.5
,,2013 - 2014,0.21
,,2014 - 2015,0.21
,,2015 - 2016,0.02
,,2016 - 2017,0.11
,,2017 - 2018,0.29
,,2018 - 2019,0.22
,,2019 - 2020,0.25
,,2020 - 2021,0.09
,,2021 - 2022,0.21
,,2022 - 2023,
,Warangal urban,2016 - 2017,0.1
,,2017 - 2018,0.25
,,2019 - 2020,
,,2020 - 2021,0.11
,,2021 - 2022,0.29
,,2022 - 2023,0.5
,Yadadri,2016 - 2017,0.06
,,2017 - 2018,0.14
,,2018 - 2019,0.2
,,2019 - 2020,0.17
,,2020 - 2021,0.09
,,2021 - 2022,0.22
,,2022 - 2023,0.29
Tripura,Dhalai,2004 - 2005,0.44
,,2005 - 2006,0.44
,,2006 - 2007,0.42
,,2007 - 2008,0.41
,,2008 - 2009,0.46
,,2009 - 2010,0.52
,,2010 - 2011,0.54
,,2011 - 2012,0.45
,,2012 - 2013,0.56
,,2013 - 2014,0.59
,,2014 - 2015,0.63
,,2015 - 2016,0.55
,,2016 - 2017,0.56
,,2017 - 2018,0.58
,,2018 - 2019,0.6
,,2019 - 2020,0.6
,,2020 - 2021,0.64
,,2021 - 2022,0.61
,,2022 - 2023,0.62
,Gomati,2012 - 2013,0.5
,,2013 - 2014,0.58
,,2014 - 2015,0.63
,,2015 - 2016,0.58
,,2016 - 2017,0.59
,,2017 - 2018,0.54
,,2018 - 2019,0.55
,,2019 - 2020,0.55
,,2020 - 2021,0.56
,,2021 - 2022,0.56
,,2022 - 2023,0.65
,Khowai,2012 - 2013,0.4
,,2013 - 2014,0.54
,,2014 - 2015,0.53
,,2015 - 2016,0.55
,,2016 - 2017,0.52
,,2017 - 2018,0.51
,,2018 - 2019,0.57
,,2019 - 2020,0.56
,,2020 - 2021,0.61
,,2021 - 2022,0.59
,,2022 - 2023,0.67
,North tripura,2004 - 2005,0.48
,,2005 - 2006,0.52
,,2006 - 2007,0.58
,,2007 - 2008,0.52
,,2008 - 2009,0.61
,,2009 - 2010,0.55
,,2010 - 2011,0.56
,,2011 - 2012,0.51
,,2012 - 2013,0.5
,,2013 - 2014,0.54
,,2014 - 2015,0.55
,,2015 - 2016,0.57
,,2016 - 2017,0.53
,,2017 - 2018,0.54
,,2018 - 2019,0.55
,,2019 - 2020,0.55
,,2020 - 2021,0.59
,,2021 - 2022,0.56
,,2022 - 2023,0.65
,Sepahijala,2012 - 2013,0.54
,,2013 - 2014,0.6
,,2014 - 2015,0.7
,,2015 - 2016,0.59
,,2016 - 2017,0.65
,,2017 - 2018,0.64
,,2018 - 2019,0.66
,,2019 - 2020,0.68
,,2020 - 2021,0.73
,,2021 - 2022,0.68
,,2022 - 2023,0.69
,South tripura,2004 - 2005,0.45
,,2005 - 2006,0.46
,,2006 - 2007,0.58
,,2007 - 2008,0.59
,,2008 - 2009,0.63
,,2009 - 2010,0.63
,,2010 - 2011,0.61
,,2011 - 2012,0.6
,,2012 - 2013,0.73
,,2013 - 2014,0.7
,,2014 - 2015,0.71
,,2015 - 2016,0.63
,,2016 - 2017,0.69
,,2017 - 2018,0.72
,,2018 - 2019,0.74
,,2019 - 2020,0.79
,,2020 - 2021,0.84
,,2021 - 2022,0.8
,,2022 - 2023,0.81
,Unakoti,2012 - 2013,0.63
,,2013 - 2014,0.65
,,2014 - 2015,0.68
,,2015 - 2016,0.61
,,2016 - 2017,0.62
,,2017 - 2018,0.63
,,2018 - 2019,0.63
,,2019 - 2020,0.66
,,2020 - 2021,0.71
,,2021 - 2022,0.67
,,2022 - 2023,0.68
,West tripura,2004 - 2005,0.45
,,2005 - 2006,0.44
,,2006 - 2007,0.47
,,2007 - 2008,0.48
,,2008 - 2009,0.53
,,2009 - 2010,0.56
,,2010 - 2011,0.57
,,2011 - 2012,0.67
,,2012 - 2013,0.57
,,2013 - 2014,0.56
,,2014 - 2015,0.61
,,2015 - 2016,0.59
,,2016 - 2017,0.57
,,2017 - 2018,0.61
,,2018 - 2019,0.77
,,2019 - 2020,0.86
,,2020 - 2021,0.92
,,2021 - 2022,0.84
,,2022 - 2023,0.88
Uttar Pradesh,Agra,2000 - 2001,0.23
,,2001 - 2002,0.29
,,2002 - 2003,0.16
,,2003 - 2004,0.13
,,2004 - 2005,0.16
,,2005 - 2006,0.18
,,2006 - 2007,0.17
,,2007 - 2008,0.15
,,2008 - 2009,0.16
,,2009 - 2010,0.1
,,2010 - 2011,0.2
,,2011 - 2012,0.22
,,2012 - 2013,0.19
,,2013 - 2014,0.11
,,2014 - 2015,0.1
,,2015 - 2016,0.3
,,2016 - 2017,0.13
,,2017 - 2018,0.11
,,2018 - 2019,0.11
,,2019 - 2020,0.12
,,2020 - 2021,0.26
,,2021 - 2022,0.04
,,2022 - 2023,0.13
,Aligarh,2000 - 2001,0.23
,,2001 - 2002,0.29
,,2002 - 2003,0.15
,,2003 - 2004,0.11
,,2004 - 2005,0.15
,,2005 - 2006,0.18
,,2006 - 2007,0.13
,,2007 - 2008,0.14
,,2008 - 2009,0.17
,,2009 - 2010,0.1
,,2010 - 2011,0.2
,,2011 - 2012,0.22
,,2012 - 2013,0.19
,,2013 - 2014,0.15
,,2014 - 2015,0.2
,,2015 - 2016,0.3
,,2016 - 2017,0.23
,,2017 - 2018,0.28
,,2018 - 2019,0.23
,,2019 - 2020,0.17
,,2020 - 2021,0.31
,,2021 - 2022,0.22
,,2022 - 2023,0.25
,Allahabad,2000 - 2001,0.28
,,2001 - 2002,0.26
,,2002 - 2003,0.33
,,2003 - 2004,0.26
,,2004 - 2005,0.25
,,2005 - 2006,0.25
,,2006 - 2007,0.16
,,2007 - 2008,0.23
,,2008 - 2009,0.11
,,2009 - 2010,0.15
,,2010 - 2011,0.2
,,2011 - 2012,0.25
,,2012 - 2013,0.2
,,2013 - 2014,0.17
,,2014 - 2015,0.15
,,2015 - 2016,0.1
,,2016 - 2017,0.12
,,2017 - 2018,0.29
,,2018 - 2019,0.21
,,2019 - 2020,0.17
,,2020 - 2021,0.31
,,2021 - 2022,0.15
,,2022 - 2023,0.22
,Ambedkar nagar,2000 - 2001,0.19
,,2001 - 2002,0.21
,,2002 - 2003,0.19
,,2003 - 2004,0.15
,,2004 - 2005,0.22
,,2005 - 2006,0.17
,,2006 - 2007,0.13
,,2007 - 2008,0.14
,,2008 - 2009,0.0
,,2010 - 2011,0.17
,,2011 - 2012,0.17
,,2012 - 2013,0.2
,,2013 - 2014,0.14
,,2014 - 2015,0.27
,,2015 - 2016,0.19
,,2016 - 2017,0.22
,,2017 - 2018,0.3
,,2018 - 2019,0.22
,,2019 - 2020,0.16
,,2020 - 2021,0.3
,,2021 - 2022,0.24
,Amethi,2010 - 2011,0.17
,,2011 - 2012,0.22
,,2012 - 2013,0.19
,,2013 - 2014,0.15
,,2014 - 2015,0.27
,,2015 - 2016,0.2
,,2016 - 2017,0.21
,,2017 - 2018,0.29
,,2018 - 2019,0.23
,,2019 - 2020,0.18
,,2020 - 2021,0.31
,,2021 - 2022,0.23
,,2022 - 2023,0.23
,Amroha,2000 - 2001,0.18
,,2001 - 2002,0.5
,,2003 - 2004,0.14
,,2004 - 2005,0.17
,,2005 - 2006,0.25
,,2008 - 2009,0.13
,,2010 - 2011,0.18
,,2011 - 2012,0.29
,,2012 - 2013,0.17
,,2014 - 2015,0.18
,,2015 - 2016,0.3
,,2018 - 2019,0.22
,,2019 - 2020,0.17
,Auraiya,2000 - 2001,0.22
,,2001 - 2002,0.18
,,2002 - 2003,0.19
,,2003 - 2004,0.12
,,2004 - 2005,0.16
,,2005 - 2006,0.18
,,2006 - 2007,0.17
,,2007 - 2008,0.15
,,2008 - 2009,0.16
,,2009 - 2010,0.1
,,2010 - 2011,0.2
,,2011 - 2012,0.26
,,2012 - 2013,0.2
,,2013 - 2014,0.03
,,2014 - 2015,0.04
,,2015 - 2016,0.06
,,2016 - 2017,0.19
,,2017 - 2018,0.21
,,2018 - 2019,0.19
,,2019 - 2020,0.16
,,2020 - 2021,0.19
,,2021 - 2022,0.16
,,2022 - 2023,0.17
,Azamgarh,2000 - 2001,0.16
,,2001 - 2002,0.26
,,2002 - 2003,0.16
,,2003 - 2004,0.13
,,2004 - 2005,0.15
,,2005 - 2006,0.17
,,2006 - 2007,0.16
,,2007 - 2008,0.15
,,2008 - 2009,0.16
,,2009 - 2010,0.11
,,2010 - 2011,0.2
,,2011 - 2012,0.22
,,2012 - 2013,0.19
,,2013 - 2014,0.15
,,2014 - 2015,0.2
,,2015 - 2016,0.3
,,2016 - 2017,0.21
,,2017 - 2018,0.3
,,2018 - 2019,0.23
,,2019 - 2020,0.18
,,2020 - 2021,0.31
,,2021 - 2022,0.21
,,2022 - 2023,0.23
,Baghpat,2001 - 2002,0.1
,,2002 - 2003,0.0
,,2003 - 2004,0.0
,,2014 - 2015,0.5
,,2018 - 2019,0.23
,Bahraich,2000 - 2001,0.16
,,2001 - 2002,0.25
,,2002 - 2003,0.16
,,2003 - 2004,0.13
,,2004 - 2005,0.16
,,2005 - 2006,0.18
,,2006 - 2007,0.17
,,2007 - 2008,0.15
,,2008 - 2009,0.17
,,2009 - 2010,0.1
,,2010 - 2011,0.2
,,2011 - 2012,0.22
,,2012 - 2013,0.19
,,2013 - 2014,0.15
,,2014 - 2015,0.2
,,2015 - 2016,0.3
,,2016 - 2017,0.21
,,2017 - 2018,0.3
,,2018 - 2019,0.23
,,2019 - 2020,0.18
,,2020 - 2021,0.31
,,2021 - 2022,0.23
,,2022 - 2023,0.23
,Ballia,2000 - 2001,0.03
,,2002 - 2003,0.0
,,2003 - 2004,0.0
,,2004 - 2005,0.25
,,2005 - 2006,0.0
,,2006 - 2007,0.0
,,2014 - 2015,0.0
,,2015 - 2016,0.0
,Balrampur,2000 - 2001,0.14
,,2001 - 2002,0.29
,,2002 - 2003,0.33
,,2003 - 2004,0.12
,,2004 - 2005,0.15
,,2005 - 2006,0.2
,,2006 - 2007,0.17
,,2007 - 2008,0.14
,,2008 - 2009,0.15
,,2009 - 2010,0.11
,,2010 - 2011,0.18
,,2011 - 2012,0.21
,,2012 - 2013,0.21
,,2013 - 2014,0.15
,,2014 - 2015,0.18
,,2015 - 2016,0.28
,,2016 - 2017,0.24
,,2017 - 2018,0.27
,,2018 - 2019,0.24
,,2019 - 2020,0.18
,,2020 - 2021,0.29
,,2021 - 2022,0.21
,,2022 - 2023,0.23
,Banda,2000 - 2001,0.12
,,2001 - 2002,0.09
,,2002 - 2003,0.14
,,2003 - 2004,0.08
,,2004 - 2005,0.1
,,2005 - 2006,0.12
,,2006 - 2007,0.16
,,2007 - 2008,0.23
,,2008 - 2009,0.18
,,2009 - 2010,0.05
,,2010 - 2011,0.18
,,2011 - 2012,0.1
,,2012 - 2013,0.19
,,2013 - 2014,0.15
,,2014 - 2015,0.17
,,2015 - 2016,0.28
,,2016 - 2017,0.09
,,2017 - 2018,0.41
,,2018 - 2019,0.26
,,2019 - 2020,0.43
,,2020 - 2021,0.47
,,2021 - 2022,0.15
,,2022 - 2023,0.41
,Barabanki,2000 - 2001,0.16
,,2001 - 2002,0.25
,,2002 - 2003,0.16
,,2003 - 2004,0.13
,,2004 - 2005,0.16
,,2005 - 2006,0.18
,,2006 - 2007,0.17
,,2007 - 2008,0.16
,,2008 - 2009,0.17
,,2009 - 2010,0.1
,,2010 - 2011,0.2
,,2011 - 2012,0.22
,,2012 - 2013,0.19
,,2013 - 2014,0.15
,,2014 - 2015,0.27
,,2015 - 2016,0.2
,,2016 - 2017,0.22
,,2017 - 2018,0.3
,,2018 - 2019,0.23
,,2019 - 2020,0.19
,,2020 - 2021,0.31
,,2021 - 2022,0.23
,,2022 - 2023,0.23
,Bareilly,2000 - 2001,0.1
,,2001 - 2002,0.25
,,2002 - 2003,0.07
,,2003 - 2004,0.44
,,2004 - 2005,0.1
,,2005 - 2006,0.24
,,2006 - 2007,0.11
,,2007 - 2008,0.19
,,2008 - 2009,0.17
,,2009 - 2010,0.1
,,2010 - 2011,0.09
,,2011 - 2012,0.16
,,2012 - 2013,0.11
,,2013 - 2014,0.15
,,2014 - 2015,0.13
,,2015 - 2016,0.11
,,2016 - 2017,0.12
,,2017 - 2018,0.1
,,2018 - 2019,0.07
,,2019 - 2020,0.07
,,2020 - 2021,0.21
,,2021 - 2022,0.21
,,2022 - 2023,0.18
,Basti,2000 - 2001,0.16
,,2001 - 2002,0.25
,,2002 - 2003,0.16
,,2003 - 2004,0.13
,,2004 - 2005,0.16
,,2005 - 2006,0.18
,,2006 - 2007,0.17
,,2007 - 2008,0.15
,,2008 - 2009,0.16
,,2009 - 2010,0.1
,,2010 - 2011,0.2
,,2011 - 2012,0.22
,,2012 - 2013,0.19
,,2013 - 2014,0.15
,,2014 - 2015,0.19
,,2015 - 2016,0.31
,,2016 - 2017,0.22
,,2017 - 2018,0.29
,,2018 - 2019,0.23
,,2019 - 2020,0.18
,,2020 - 2021,0.31
,,2021 - 2022,0.21
,,2022 - 2023,0.23
,Bijnor,2000 - 2001,0.16
,,2001 - 2002,0.25
,,2002 - 2003,0.16
,,2003 - 2004,0.13
,,2004 - 2005,0.16
,,2005 - 2006,0.17
,,2006 - 2007,0.17
,,2007 - 2008,0.15
,,2008 - 2009,0.2
,,2009 - 2010,0.11
,,2010 - 2011,0.2
,,2011 - 2012,0.22
,,2012 - 2013,0.2
,,2013 - 2014,0.13
,,2014 - 2015,0.21
,,2015 - 2016,0.3
,,2016 - 2017,0.18
,,2017 - 2018,0.31
,,2018 - 2019,0.23
,,2019 - 2020,0.19
,,2020 - 2021,0.29
,,2021 - 2022,0.27
,,2022 - 2023,0.17
,Budaun,2000 - 2001,0.1
,,2001 - 2002,0.25
,,2002 - 2003,0.07
,,2003 - 2004,0.12
,,2004 - 2005,0.15
,,2005 - 2006,0.1
,,2006 - 2007,0.12
,,2007 - 2008,0.11
,,2008 - 2009,0.1
,,2009 - 2010,0.15
,,2010 - 2011,0.23
,,2011 - 2012,0.15
,,2012 - 2013,0.2
,,2013 - 2014,0.17
,,2014 - 2015,0.13
,,2015 - 2016,0.19
,,2016 - 2017,0.17
,,2017 - 2018,0.14
,,2018 - 2019,0.07
,,2019 - 2020,0.06
,,2020 - 2021,0.14
,,2021 - 2022,0.14
,,2022 - 2023,0.12
,Bulandshahr,2000 - 2001,0.13
,,2001 - 2002,0.26
,,2002 - 2003,0.33
,,2003 - 2004,0.33
,,2004 - 2005,0.17
,,2006 - 2007,0.2
,,2008 - 2009,0.18
,,2009 - 2010,0.11
,,2010 - 2011,0.17
,,2011 - 2012,0.17
,,2012 - 2013,0.33
,,2013 - 2014,0.13
,,2014 - 2015,0.19
,,2015 - 2016,0.3
,,2016 - 2017,0.14
,,2017 - 2018,0.25
,,2018 - 2019,0.23
,,2019 - 2020,0.18
,,2020 - 2021,0.33
,,2021 - 2022,0.18
,,2022 - 2023,0.29
,Chandauli,2000 - 2001,0.16
,,2001 - 2002,0.24
,,2002 - 2003,0.17
,,2003 - 2004,0.25
,,2004 - 2005,0.17
,,2005 - 2006,0.33
,,2007 - 2008,0.16
,,2009 - 2010,0.11
,,2010 - 2011,0.25
,,2011 - 2012,0.24
,,2012 - 2013,0.2
,,2013 - 2014,0.17
,,2014 - 2015,0.5
,,2015 - 2016,0.14
,,2016 - 2017,0.39
,,2017 - 2018,0.3
,,2018 - 2019,0.38
,,2019 - 2020,0.18
,,2020 - 2021,0.12
,Chitrakoot,2000 - 2001,0.12
,,2001 - 2002,0.09
,,2002 - 2003,0.14
,,2003 - 2004,0.08
,,2004 - 2005,0.1
,,2005 - 2006,0.1
,,2006 - 2007,0.16
,,2007 - 2008,0.1
,,2008 - 2009,0.11
,,2009 - 2010,0.05
,,2010 - 2011,0.12
,,2011 - 2012,0.14
,,2012 - 2013,0.17
,,2013 - 2014,0.12
,,2014 - 2015,0.09
,,2015 - 2016,0.21
,,2016 - 2017,0.05
,,2017 - 2018,0.15
,,2018 - 2019,0.19
,,2019 - 2020,0.16
,,2020 - 2021,0.42
,,2021 - 2022,0.07
,,2022 - 2023,0.1
,Deoria,2000 - 2001,0.16
,,2001 - 2002,0.25
,,2002 - 2003,0.16
,,2003 - 2004,0.13
,,2004 - 2005,0.16
,,2005 - 2006,0.18
,,2006 - 2007,0.17
,,2007 - 2008,0.16
,,2008 - 2009,0.16
,,2009 - 2010,0.1
,,2010 - 2011,0.2
,,2011 - 2012,0.22
,,2012 - 2013,0.18
,,2013 - 2014,0.15
,,2014 - 2015,0.19
,,2015 - 2016,0.31
,,2016 - 2017,0.21
,,2017 - 2018,0.29
,,2018 - 2019,0.23
,,2019 - 2020,0.19
,,2020 - 2021,0.31
,,2021 - 2022,0.22
,,2022 - 2023,0.23
,Etah,2000 - 2001,0.23
,,2001 - 2002,0.29
,,2002 - 2003,0.16
,,2003 - 2004,0.13
,,2004 - 2005,0.16
,,2005 - 2006,0.18
,,2006 - 2007,0.17
,,2007 - 2008,0.15
,,2008 - 2009,0.17
,,2009 - 2010,0.1
,,2010 - 2011,0.2
,,2011 - 2012,0.22
,,2012 - 2013,0.19
,,2013 - 2014,0.15
,,2014 - 2015,0.19
,,2015 - 2016,0.3
,,2016 - 2017,0.21
,,2017 - 2018,0.3
,,2018 - 2019,0.23
,,2019 - 2020,0.19
,,2020 - 2021,0.31
,,2021 - 2022,0.23
,,2022 - 2023,0.23
,Etawah,2000 - 2001,0.21
,,2001 - 2002,0.16
,,2002 - 2003,0.17
,,2003 - 2004,0.13
,,2004 - 2005,0.16
,,2005 - 2006,0.18
,,2006 - 2007,0.17
,,2007 - 2008,0.15
,,2008 - 2009,0.16
,,2009 - 2010,0.1
,,2010 - 2011,0.2
,,2011 - 2012,0.26
,,2012 - 2013,0.2
,,2013 - 2014,0.04
,,2014 - 2015,0.04
,,2015 - 2016,0.06
,,2016 - 2017,0.19
,,2017 - 2018,0.21
,,2018 - 2019,0.19
,,2019 - 2020,0.16
,,2020 - 2021,0.17
,,2021 - 2022,0.16
,,2022 - 2023,0.17
,Faizabad,2000 - 2001,0.17
,,2001 - 2002,0.26
,,2002 - 2003,0.17
,,2003 - 2004,0.0
,,2004 - 2005,0.0
,,2006 - 2007,0.2
,,2008 - 2009,0.2
,,2010 - 2011,0.22
,,2011 - 2012,0.21
,,2012 - 2013,0.2
,,2013 - 2014,0.15
,,2014 - 2015,0.27
,,2015 - 2016,0.21
,,2016 - 2017,0.22
,,2017 - 2018,0.29
,,2018 - 2019,0.23
,,2019 - 2020,0.19
,,2020 - 2021,0.31
,,2021 - 2022,0.22
,Farrukhabad,2000 - 2001,0.21
,,2001 - 2002,0.16
,,2002 - 2003,0.16
,,2003 - 2004,0.13
,,2004 - 2005,0.16
,,2005 - 2006,0.18
,,2006 - 2007,0.17
,,2007 - 2008,0.15
,,2008 - 2009,0.17
,,2009 - 2010,0.1
,,2010 - 2011,0.2
,,2011 - 2012,0.26
,,2012 - 2013,0.2
,,2013 - 2014,0.03
,,2014 - 2015,0.04
,,2015 - 2016,0.06
,,2016 - 2017,0.14
,,2017 - 2018,0.22
,,2018 - 2019,0.15
,,2019 - 2020,0.11
,,2020 - 2021,0.22
,,2021 - 2022,0.19
,,2022 - 2023,0.11
,Fatehpur,2000 - 2001,0.23
,,2001 - 2002,0.25
,,2002 - 2003,0.33
,,2003 - 2004,0.26
,,2004 - 2005,0.25
,,2005 - 2006,0.25
,,2006 - 2007,0.16
,,2007 - 2008,0.23
,,2008 - 2009,0.11
,,2009 - 2010,0.11
,,2010 - 2011,0.2
,,2011 - 2012,0.26
,,2012 - 2013,0.2
,,2013 - 2014,0.17
,,2014 - 2015,0.18
,,2015 - 2016,0.1
,,2016 - 2017,0.11
,,2017 - 2018,0.31
,,2018 - 2019,0.23
,,2019 - 2020,0.18
,,2020 - 2021,0.32
,,2021 - 2022,0.24
,,2022 - 2023,0.23
,Firozabad,2000 - 2001,0.23
,,2001 - 2002,0.29
,,2002 - 2003,0.16
,,2003 - 2004,0.13
,,2004 - 2005,0.16
,,2005 - 2006,0.18
,,2006 - 2007,0.17
,,2007 - 2008,0.15
,,2008 - 2009,0.17
,,2009 - 2010,0.1
,,2010 - 2011,0.2
,,2011 - 2012,0.22
,,2012 - 2013,0.19
,,2013 - 2014,0.11
,,2014 - 2015,0.1
,,2015 - 2016,0.3
,,2016 - 2017,0.13
,,2017 - 2018,0.11
,,2018 - 2019,0.11
,,2019 - 2020,0.12
,,2020 - 2021,0.26
,,2021 - 2022,0.04
,,2022 - 2023,0.13
,Gautam buddha nagar,2000 - 2001,0.03
,,2001 - 2002,0.25
,,2003 - 2004,0.0
,,2004 - 2005,0.0
,,2006 - 2007,0.0
,,2010 - 2011,0.5
,,2012 - 2013,0.0
,,2015 - 2016,0.3
,Ghaziabad,2001 - 2002,0.1
,,2004 - 2005,0.0
,Ghazipur,2000 - 2001,0.16
,,2001 - 2002,0.24
,,2002 - 2003,0.16
,,2003 - 2004,0.12
,,2004 - 2005,0.15
,,2005 - 2006,0.16
,,2006 - 2007,0.18
,,2007 - 2008,0.16
,,2009 - 2010,0.1
,,2010 - 2011,0.19
,,2011 - 2012,0.21
,,2012 - 2013,0.19
,,2013 - 2014,0.15
,,2014 - 2015,0.21
,,2015 - 2016,0.15
,,2016 - 2017,0.4
,,2017 - 2018,0.3
,,2018 - 2019,0.39
,,2019 - 2020,0.16
,,2020 - 2021,0.11
,,2021 - 2022,0.22
,,2022 - 2023,0.24
,Gonda,2000 - 2001,0.16
,,2001 - 2002,0.25
,,2002 - 2003,0.16
,,2003 - 2004,0.13
,,2004 - 2005,0.16
,,2005 - 2006,0.17
,,2006 - 2007,0.17
,,2007 - 2008,0.16
,,2008 - 2009,0.17
,,2009 - 2010,0.11
,,2010 - 2011,0.2
,,2011 - 2012,0.22
,,2012 - 2013,0.19
,,2013 - 2014,0.15
,,2014 - 2015,0.2
,,2015 - 2016,0.3
,,2016 - 2017,0.21
,,2017 - 2018,0.29
,,2018 - 2019,0.23
,,2019 - 2020,0.18
,,2020 - 2021,0.31
,,2021 - 2022,0.23
,,2022 - 2023,0.23
,Gorakhpur,2000 - 2001,0.16
,,2001 - 2002,0.25
,,2002 - 2003,0.16
,,2003 - 2004,0.13
,,2004 - 2005,0.16
,,2005 - 2006,0.18
,,2006 - 2007,0.17
,,2007 - 2008,0.15
,,2008 - 2009,0.14
,,2009 - 2010,0.1
,,2010 - 2011,0.2
,,2011 - 2012,0.22
,,2012 - 2013,0.18
,,2013 - 2014,0.15
,,2014 - 2015,0.2
,,2015 - 2016,0.3
,,2016 - 2017,0.21
,,2017 - 2018,0.29
,,2018 - 2019,0.23
,,2019 - 2020,0.18
,,2020 - 2021,0.31
,,2021 - 2022,0.22
,,2022 - 2023,0.23
,Hamirpur,2000 - 2001,0.12
,,2001 - 2002,0.21
,,2002 - 2003,0.16
,,2003 - 2004,0.1
,,2004 - 2005,0.1
,,2005 - 2006,0.1
,,2006 - 2007,0.16
,,2007 - 2008,0.1
,,2008 - 2009,0.11
,,2009 - 2010,0.05
,,2010 - 2011,0.09
,,2011 - 2012,0.16
,,2012 - 2013,0.2
,,2013 - 2014,0.19
,,2014 - 2015,0.2
,,2015 - 2016,0.27
,,2016 - 2017,0.17
,,2017 - 2018,0.21
,,2018 - 2019,0.22
,,2019 - 2020,0.16
,,2020 - 2021,0.25
,,2021 - 2022,0.22
,,2022 - 2023,0.29
,Hapur,2015 - 2016,0.5
,Hardoi,2000 - 2001,0.13
,,2001 - 2002,0.36
,,2002 - 2003,0.27
,,2003 - 2004,0.18
,,2004 - 2005,0.23
,,2005 - 2006,0.19
,,2006 - 2007,0.28
,,2007 - 2008,0.27
,,2008 - 2009,0.22
,,2009 - 2010,0.16
,,2010 - 2011,0.21
,,2011 - 2012,0.18
,,2012 - 2013,0.2
,,2013 - 2014,0.21
,,2014 - 2015,0.18
,,2015 - 2016,0.71
,,2016 - 2017,0.76
,,2017 - 2018,0.71
,,2018 - 2019,0.5
,,2019 - 2020,0.6
,,2020 - 2021,0.62
,,2021 - 2022,0.64
,,2022 - 2023,0.59
,Hathras,2000 - 2001,0.23
,,2001 - 2002,0.28
,,2002 - 2003,0.17
,,2003 - 2004,0.17
,,2004 - 2005,0.17
,,2005 - 2006,0.19
,,2006 - 2007,0.17
,,2007 - 2008,0.13
,,2008 - 2009,0.17
,,2009 - 2010,0.11
,,2010 - 2011,0.2
,,2011 - 2012,0.21
,,2012 - 2013,0.18
,,2013 - 2014,0.14
,,2014 - 2015,0.2
,,2015 - 2016,0.3
,,2016 - 2017,0.21
,,2017 - 2018,0.29
,,2018 - 2019,0.22
,,2019 - 2020,0.19
,,2020 - 2021,0.31
,,2021 - 2022,0.23
,,2022 - 2023,0.24
,Jalaun,2000 - 2001,0.21
,,2001 - 2002,0.26
,,2002 - 2003,0.14
,,2003 - 2004,0.05
,,2004 - 2005,0.16
,,2005 - 2006,0.34
,,2006 - 2007,0.15
,,2007 - 2008,0.13
,,2008 - 2009,0.21
,,2009 - 2010,0.13
,,2010 - 2011,0.17
,,2011 - 2012,0.14
,,2012 - 2013,0.14
,,2013 - 2014,0.05
,,2014 - 2015,0.13
,,2015 - 2016,0.23
,,2016 - 2017,0.19
,,2017 - 2018,0.46
,,2018 - 2019,0.27
,,2019 - 2020,0.42
,,2020 - 2021,0.36
,,2021 - 2022,0.21
,,2022 - 2023,0.17
,Jaunpur,2000 - 2001,0.16
,,2001 - 2002,0.25
,,2002 - 2003,0.16
,,2003 - 2004,0.13
,,2004 - 2005,0.16
,,2005 - 2006,0.18
,,2006 - 2007,0.17
,,2007 - 2008,0.15
,,2008 - 2009,0.16
,,2009 - 2010,0.1
,,2010 - 2011,0.2
,,2011 - 2012,0.22
,,2012 - 2013,0.19
,,2013 - 2014,0.15
,,2014 - 2015,0.19
,,2015 - 2016,0.13
,,2016 - 2017,0.41
,,2017 - 2018,0.29
,,2018 - 2019,0.39
,,2019 - 2020,0.16
,,2020 - 2021,0.12
,,2021 - 2022,0.23
,,2022 - 2023,0.23
,Jhansi,2000 - 2001,0.21
,,2001 - 2002,0.13
,,2002 - 2003,0.09
,,2003 - 2004,0.09
,,2004 - 2005,0.1
,,2005 - 2006,0.18
,,2006 - 2007,0.21
,,2007 - 2008,0.15
,,2008 - 2009,0.14
,,2009 - 2010,0.04
,,2010 - 2011,0.32
,,2011 - 2012,0.35
,,2012 - 2013,0.22
,,2013 - 2014,0.17
,,2014 - 2015,0.3
,,2015 - 2016,0.45
,,2016 - 2017,0.18
,,2017 - 2018,0.27
,,2018 - 2019,0.08
,,2019 - 2020,0.03
,,2020 - 2021,0.3
,,2021 - 2022,0.21
,,2022 - 2023,0.15
,Kannauj,2000 - 2001,0.21
,,2001 - 2002,0.16
,,2002 - 2003,0.16
,,2003 - 2004,0.13
,,2004 - 2005,0.16
,,2005 - 2006,0.18
,,2006 - 2007,0.17
,,2007 - 2008,0.15
,,2008 - 2009,0.16
,,2009 - 2010,0.1
,,2010 - 2011,0.2
,,2011 - 2012,0.26
,,2012 - 2013,0.2
,,2013 - 2014,0.04
,,2014 - 2015,0.04
,,2015 - 2016,0.06
,,2016 - 2017,0.17
,,2017 - 2018,0.18
,,2018 - 2019,0.52
,,2019 - 2020,0.35
,,2020 - 2021,0.28
,,2021 - 2022,0.41
,,2022 - 2023,0.11
,Kanpur dehat,2003 - 2004,0.13
,,2004 - 2005,0.16
,,2005 - 2006,0.18
,,2006 - 2007,0.17
,,2007 - 2008,0.15
,,2008 - 2009,0.17
,,2009 - 2010,0.1
,,2010 - 2011,0.2
,,2011 - 2012,0.26
,,2012 - 2013,0.2
,,2013 - 2014,0.03
,,2014 - 2015,0.04
,,2015 - 2016,0.06
,,2016 - 2017,0.19
,,2017 - 2018,0.21
,,2018 - 2019,0.19
,,2019 - 2020,0.13
,,2020 - 2021,0.16
,,2021 - 2022,0.16
,,2022 - 2023,0.18
,Kanpur nagar,2000 - 2001,0.21
,,2001 - 2002,0.16
,,2002 - 2003,0.16
,,2003 - 2004,0.13
,,2004 - 2005,0.16
,,2005 - 2006,0.18
,,2006 - 2007,0.17
,,2007 - 2008,0.15
,,2008 - 2009,0.16
,,2009 - 2010,0.1
,,2010 - 2011,0.2
,,2011 - 2012,0.26
,,2012 - 2013,0.2
,,2013 - 2014,0.04
,,2014 - 2015,0.04
,,2015 - 2016,0.06
,,2016 - 2017,0.28
,,2017 - 2018,0.22
,,2018 - 2019,0.19
,,2019 - 2020,0.08
,,2020 - 2021,0.04
,,2021 - 2022,0.14
,,2022 - 2023,0.25
,Kasganj,2009 - 2010,0.1
,,2010 - 2011,0.2
,,2011 - 2012,0.22
,,2012 - 2013,0.19
,,2013 - 2014,0.15
,,2014 - 2015,0.2
,,2015 - 2016,0.3
,,2016 - 2017,0.21
,,2017 - 2018,0.29
,,2018 - 2019,0.23
,,2019 - 2020,0.18
,,2020 - 2021,0.31
,,2021 - 2022,0.23
,,2022 - 2023,0.23
,Kaushambi,2000 - 2001,0.28
,,2001 - 2002,0.26
,,2002 - 2003,0.33
,,2003 - 2004,0.26
,,2004 - 2005,0.25
,,2005 - 2006,0.25
,,2006 - 2007,0.16
,,2007 - 2008,0.23
,,2008 - 2009,0.11
,,2009 - 2010,0.29
,,2010 - 2011,0.2
,,2011 - 2012,0.25
,,2012 - 2013,0.2
,,2013 - 2014,0.17
,,2014 - 2015,0.15
,,2015 - 2016,0.16
,,2016 - 2017,0.18
,,2017 - 2018,0.15
,,2018 - 2019,0.12
,,2019 - 2020,0.12
,,2020 - 2021,0.29
,,2021 - 2022,0.27
,,2022 - 2023,0.13
,Kheri,2000 - 2001,0.19
,,2001 - 2002,0.25
,,2002 - 2003,0.14
,,2003 - 2004,0.06
,,2004 - 2005,0.12
,,2005 - 2006,0.13
,,2006 - 2007,0.09
,,2007 - 2008,0.12
,,2008 - 2009,0.07
,,2009 - 2010,0.1
,,2010 - 2011,0.25
,,2011 - 2012,0.25
,,2012 - 2013,0.23
,,2013 - 2014,0.25
,,2014 - 2015,0.22
,,2015 - 2016,0.84
,,2016 - 2017,0.02
,,2017 - 2018,0.19
,,2018 - 2019,0.14
,,2019 - 2020,0.11
,,2020 - 2021,0.32
,,2021 - 2022,0.18
,,2022 - 2023,0.39
,Kushi nagar,2000 - 2001,0.17
,,2001 - 2002,0.27
,,2002 - 2003,0.16
,,2003 - 2004,0.16
,,2004 - 2005,0.16
,,2005 - 2006,0.18
,,2006 - 2007,0.17
,,2007 - 2008,0.15
,,2008 - 2009,0.17
,,2009 - 2010,0.11
,,2010 - 2011,0.19
,,2011 - 2012,0.22
,,2012 - 2013,0.19
,,2013 - 2014,0.14
,,2014 - 2015,0.21
,,2015 - 2016,0.31
,,2016 - 2017,0.21
,,2017 - 2018,0.29
,,2018 - 2019,0.23
,,2019 - 2020,0.19
,,2020 - 2021,0.31
,,2021 - 2022,0.23
,,2022 - 2023,0.23
,Lalitpur,2000 - 2001,0.21
,,2001 - 2002,0.13
,,2002 - 2003,0.04
,,2003 - 2004,0.17
,,2004 - 2005,0.15
,,2005 - 2006,0.12
,,2006 - 2007,0.16
,,2007 - 2008,0.15
,,2008 - 2009,0.17
,,2009 - 2010,0.3
,,2010 - 2011,0.27
,,2011 - 2012,0.22
,,2012 - 2013,0.18
,,2013 - 2014,0.08
,,2014 - 2015,0.17
,,2015 - 2016,0.13
,,2016 - 2017,0.15
,,2017 - 2018,0.11
,,2018 - 2019,0.12
,,2019 - 2020,0.03
,,2020 - 2021,0.1
,,2021 - 2022,0.11
,,2022 - 2023,0.1
,Lucknow,2000 - 2001,0.13
,,2001 - 2002,0.21
,,2002 - 2003,0.19
,,2003 - 2004,0.13
,,2004 - 2005,0.16
,,2005 - 2006,0.16
,,2006 - 2007,0.21
,,2007 - 2008,0.21
,,2008 - 2009,0.23
,,2009 - 2010,0.21
,,2010 - 2011,0.17
,,2011 - 2012,0.17
,,2012 - 2013,0.18
,,2013 - 2014,0.2
,,2014 - 2015,0.2
,,2015 - 2016,0.58
,,2016 - 2017,0.63
,,2017 - 2018,0.43
,,2018 - 2019,0.27
,,2019 - 2020,0.35
,,2020 - 2021,0.41
,,2021 - 2022,0.37
,,2022 - 2023,0.39
,Maharajganj,2000 - 2001,0.15
,,2001 - 2002,0.25
,,2002 - 2003,0.16
,,2003 - 2004,0.13
,,2004 - 2005,0.17
,,2005 - 2006,0.0
,,2006 - 2007,0.17
,,2007 - 2008,0.15
,,2008 - 2009,0.33
,,2009 - 2010,0.1
,,2010 - 2011,0.2
,,2011 - 2012,0.21
,,2012 - 2013,0.19
,,2013 - 2014,0.14
,,2014 - 2015,0.2
,,2015 - 2016,0.3
,,2016 - 2017,0.22
,,2017 - 2018,0.29
,,2018 - 2019,0.22
,,2019 - 2020,0.18
,,2020 - 2021,0.3
,,2021 - 2022,0.23
,,2022 - 2023,0.23
,Mahoba,2000 - 2001,0.12
,,2001 - 2002,0.09
,,2002 - 2003,0.11
,,2003 - 2004,0.07
,,2004 - 2005,0.1
,,2005 - 2006,0.09
,,2006 - 2007,0.16
,,2007 - 2008,0.08
,,2008 - 2009,0.11
,,2009 - 2010,0.05
,,2010 - 2011,0.13
,,2011 - 2012,0.12
,,2012 - 2013,0.13
,,2013 - 2014,0.11
,,2014 - 2015,0.09
,,2015 - 2016,0.11
,,2016 - 2017,0.07
,,2017 - 2018,0.26
,,2018 - 2019,0.59
,,2019 - 2020,0.09
,,2020 - 2021,0.34
,,2021 - 2022,0.13
,,2022 - 2023,0.19
,Mainpuri,2000 - 2001,0.23
,,2001 - 2002,0.29
,,2002 - 2003,0.14
,,2003 - 2004,0.13
,,2004 - 2005,0.17
,,2005 - 2006,0.18
,,2006 - 2007,0.17
,,2007 - 2008,0.15
,,2008 - 2009,0.16
,,2009 - 2010,0.1
,,2010 - 2011,0.19
,,2011 - 2012,0.22
,,2012 - 2013,0.19
,,2013 - 2014,0.11
,,2014 - 2015,0.09
,,2015 - 2016,0.3
,,2016 - 2017,0.13
,,2017 - 2018,0.11
,,2018 - 2019,0.11
,,2019 - 2020,0.12
,,2020 - 2021,0.26
,,2021 - 2022,0.04
,,2022 - 2023,0.13
,Mathura,2000 - 2001,0.23
,,2001 - 2002,0.29
,,2002 - 2003,0.16
,,2003 - 2004,0.13
,,2004 - 2005,0.16
,,2005 - 2006,0.18
,,2006 - 2007,0.17
,,2007 - 2008,0.15
,,2008 - 2009,0.16
,,2009 - 2010,0.1
,,2010 - 2011,0.2
,,2011 - 2012,0.22
,,2012 - 2013,0.19
,,2013 - 2014,0.11
,,2014 - 2015,0.1
,,2015 - 2016,0.3
,,2016 - 2017,0.13
,,2017 - 2018,0.11
,,2018 - 2019,0.11
,,2019 - 2020,0.12
,,2020 - 2021,0.26
,,2021 - 2022,0.04
,,2022 - 2023,0.13
,Mau,2000 - 2001,0.18
,,2001 - 2002,0.22
,,2002 - 2003,0.18
,,2003 - 2004,0.15
,,2004 - 2005,0.17
,,2005 - 2006,0.19
,,2006 - 2007,0.18
,,2008 - 2009,0.15
,,2009 - 2010,0.1
,,2010 - 2011,0.18
,,2011 - 2012,0.22
,,2012 - 2013,0.17
,,2013 - 2014,0.16
,,2014 - 2015,0.19
,,2015 - 2016,0.29
,,2016 - 2017,0.21
,,2017 - 2018,0.29
,,2018 - 2019,0.23
,,2019 - 2020,0.2
,,2020 - 2021,0.29
,,2021 - 2022,0.23
,,2022 - 2023,0.25
,Meerut,2000 - 2001,0.25
,,2001 - 2002,0.1
,,2011 - 2012,0.5
,,2014 - 2015,0.0
,,2015 - 2016,0.25
,,2017 - 2018,0.0
,,2018 - 2019,0.25
,,2019 - 2020,0.0
,,2022 - 2023,0.0
,Mirzapur,2000 - 2001,0.14
,,2001 - 2002,0.13
,,2002 - 2003,0.09
,,2003 - 2004,0.21
,,2004 - 2005,0.14
,,2005 - 2006,0.13
,,2006 - 2007,0.1
,,2007 - 2008,0.13
,,2008 - 2009,0.19
,,2009 - 2010,0.13
,,2010 - 2011,0.09
,,2011 - 2012,0.08
,,2012 - 2013,0.09
,,2013 - 2014,0.11
,,2014 - 2015,0.23
,,2015 - 2016,0.15
,,2016 - 2017,0.05
,,2017 - 2018,0.11
,,2018 - 2019,0.13
,,2019 - 2020,0.15
,,2020 - 2021,0.12
,,2021 - 2022,0.17
,,2022 - 2023,0.15
,Moradabad,2000 - 2001,0.16
,,2001 - 2002,0.25
,,2002 - 2003,0.16
,,2003 - 2004,0.13
,,2004 - 2005,0.16
,,2005 - 2006,0.18
,,2006 - 2007,0.17
,,2007 - 2008,0.15
,,2008 - 2009,0.16
,,2009 - 2010,0.1
,,2010 - 2011,0.2
,,2011 - 2012,0.22
,,2012 - 2013,0.18
,,2013 - 2014,0.15
,,2014 - 2015,0.19
,,2015 - 2016,0.31
,,2016 - 2017,0.25
,,2017 - 2018,0.32
,,2018 - 2019,0.21
,,2019 - 2020,0.19
,,2020 - 2021,0.31
,,2021 - 2022,0.23
,Muzaffarnagar,2000 - 2001,0.03
,,2001 - 2002,0.5
,,2003 - 2004,0.17
,,2004 - 2005,0.18
,,2006 - 2007,0.33
,,2007 - 2008,0.25
,,2008 - 2009,0.16
,,2010 - 2011,0.17
,,2011 - 2012,0.25
,,2015 - 2016,0.0
,,2017 - 2018,0.0
,,2018 - 2019,0.0
,,2019 - 2020,0.0
,Pilibhit,2000 - 2001,0.1
,,2001 - 2002,0.25
,,2002 - 2003,0.07
,,2003 - 2004,0.1
,,2004 - 2005,0.21
,,2005 - 2006,0.14
,,2006 - 2007,0.12
,,2007 - 2008,0.11
,,2008 - 2009,0.09
,,2009 - 2010,0.1
,,2010 - 2011,0.14
,,2011 - 2012,0.13
,,2012 - 2013,0.13
,,2013 - 2014,0.11
,,2014 - 2015,0.16
,,2015 - 2016,0.19
,,2016 - 2017,0.17
,,2017 - 2018,0.1
,,2018 - 2019,0.07
,,2019 - 2020,0.09
,,2020 - 2021,0.17
,,2021 - 2022,0.17
,,2022 - 2023,0.16
,Pratapgarh,2000 - 2001,0.28
,,2001 - 2002,0.26
,,2002 - 2003,0.33
,,2003 - 2004,0.26
,,2004 - 2005,0.25
,,2005 - 2006,0.25
,,2006 - 2007,0.16
,,2007 - 2008,0.23
,,2008 - 2009,0.11
,,2009 - 2010,0.15
,,2010 - 2011,0.2
,,2011 - 2012,0.25
,,2012 - 2013,0.2
,,2013 - 2014,0.17
,,2014 - 2015,0.15
,,2015 - 2016,0.1
,,2016 - 2017,0.12
,,2017 - 2018,0.29
,,2018 - 2019,0.21
,,2019 - 2020,0.17
,,2020 - 2021,0.31
,,2021 - 2022,0.05
,,2022 - 2023,0.22
,Rae bareli,2000 - 2001,0.13
,,2001 - 2002,0.21
,,2002 - 2003,0.19
,,2003 - 2004,0.13
,,2004 - 2005,0.16
,,2005 - 2006,0.16
,,2006 - 2007,0.21
,,2007 - 2008,0.21
,,2008 - 2009,0.23
,,2009 - 2010,0.21
,,2010 - 2011,0.17
,,2011 - 2012,0.17
,,2012 - 2013,0.18
,,2013 - 2014,0.2
,,2014 - 2015,0.2
,,2015 - 2016,0.58
,,2016 - 2017,0.63
,,2017 - 2018,0.42
,,2018 - 2019,0.27
,,2019 - 2020,0.34
,,2020 - 2021,0.41
,,2021 - 2022,0.37
,,2022 - 2023,0.39
,Rampur,2000 - 2001,0.16
,,2001 - 2002,0.24
,,2002 - 2003,0.16
,,2003 - 2004,0.14
,,2004 - 2005,0.25
,,2005 - 2006,0.17
,,2006 - 2007,0.25
,,2007 - 2008,0.16
,,2008 - 2009,0.17
,,2009 - 2010,0.09
,,2010 - 2011,0.33
,,2011 - 2012,0.2
,,2012 - 2013,0.18
,,2013 - 2014,0.15
,,2014 - 2015,0.21
,,2015 - 2016,0.29
,,2016 - 2017,0.21
,,2017 - 2018,0.29
,,2018 - 2019,0.23
,,2019 - 2020,0.18
,,2020 - 2021,0.3
,,2021 - 2022,0.22
,,2022 - 2023,0.23
,Saharanpur,2000 - 2001,0.16
,,2001 - 2002,0.24
,,2002 - 2003,0.16
,,2003 - 2004,0.13
,,2004 - 2005,0.16
,,2005 - 2006,0.18
,,2006 - 2007,0.17
,,2007 - 2008,0.15
,,2008 - 2009,0.16
,,2009 - 2010,0.1
,,2010 - 2011,0.19
,,2011 - 2012,0.21
,,2012 - 2013,0.19
,,2013 - 2014,0.15
,,2014 - 2015,0.2
,,2015 - 2016,0.3
,,2016 - 2017,0.21
,,2017 - 2018,0.29
,,2018 - 2019,0.23
,,2019 - 2020,0.18
,,2020 - 2021,0.31
,,2021 - 2022,0.23
,,2022 - 2023,0.24
,Sambhal,2012 - 2013,0.19
,,2013 - 2014,0.15
,,2014 - 2015,0.2
,,2015 - 2016,0.3
,,2016 - 2017,0.21
,,2017 - 2018,0.29
,,2018 - 2019,0.23
,,2019 - 2020,0.18
,,2020 - 2021,0.31
,,2021 - 2022,0.23
,,2022 - 2023,0.23
,Sant kabeer nagar,2000 - 2001,0.16
,,2002 - 2003,0.16
,,2003 - 2004,0.13
,,2004 - 2005,0.16
,,2005 - 2006,0.17
,,2006 - 2007,0.17
,,2007 - 2008,0.15
,,2008 - 2009,0.17
,,2009 - 2010,0.11
,,2010 - 2011,0.2
,,2011 - 2012,0.22
,,2012 - 2013,0.19
,,2013 - 2014,0.15
,,2014 - 2015,0.2
,,2015 - 2016,0.3
,,2016 - 2017,0.21
,,2017 - 2018,0.3
,,2018 - 2019,0.23
,,2019 - 2020,0.18
,,2020 - 2021,0.31
,,2021 - 2022,0.22
,,2022 - 2023,0.23
,Sant ravidas nagar,2000 - 2001,0.14
,,2001 - 2002,0.14
,,2002 - 2003,0.09
,,2003 - 2004,0.21
,,2004 - 2005,0.14
,,2005 - 2006,0.12
,,2006 - 2007,0.11
,,2007 - 2008,0.13
,,2008 - 2009,0.13
,,2009 - 2010,0.13
,,2010 - 2011,0.17
,,2011 - 2012,0.16
,,2012 - 2013,0.2
,,2013 - 2014,0.22
,,2014 - 2015,0.25
,,2015 - 2016,0.15
,,2016 - 2017,0.12
,,2017 - 2018,0.17
,,2018 - 2019,0.19
,,2019 - 2020,0.2
,,2021 - 2022,0.2
,,2022 - 2023,0.19
,Shahjahanpur,2000 - 2001,0.09
,,2001 - 2002,0.33
,,2002 - 2003,0.12
,,2003 - 2004,0.03
,,2004 - 2005,0.28
,,2005 - 2006,0.15
,,2006 - 2007,0.12
,,2007 - 2008,0.09
,,2008 - 2009,0.05
,,2009 - 2010,0.07
,,2010 - 2011,0.1
,,2011 - 2012,0.11
,,2012 - 2013,0.11
,,2013 - 2014,0.09
,,2014 - 2015,0.17
,,2015 - 2016,0.09
,,2016 - 2017,0.14
,,2017 - 2018,0.09
,,2018 - 2019,0.06
,,2019 - 2020,0.1
,,2020 - 2021,0.17
,,2021 - 2022,0.16
,,2022 - 2023,0.17
,Shamli,2012 - 2013,0.19
,,2013 - 2014,0.13
,,2014 - 2015,0.18
,,2015 - 2016,0.31
,,2016 - 2017,0.22
,,2017 - 2018,0.3
,,2018 - 2019,0.22
,,2019 - 2020,0.17
,,2020 - 2021,0.3
,,2022 - 2023,0.22
,Shravasti,2000 - 2001,0.16
,,2001 - 2002,0.25
,,2002 - 2003,0.16
,,2003 - 2004,0.13
,,2004 - 2005,0.16
,,2005 - 2006,0.18
,,2006 - 2007,0.17
,,2007 - 2008,0.15
,,2008 - 2009,0.16
,,2009 - 2010,0.1
,,2010 - 2011,0.2
,,2011 - 2012,0.22
,,2012 - 2013,0.19
,,2013 - 2014,0.15
,,2014 - 2015,0.2
,,2015 - 2016,0.3
,,2016 - 2017,0.21
,,2017 - 2018,0.29
,,2018 - 2019,0.22
,,2019 - 2020,0.18
,,2020 - 2021,0.31
,,2021 - 2022,0.23
,,2022 - 2023,0.23
,Siddharth nagar,2000 - 2001,0.05
,,2001 - 2002,0.25
,,2013 - 2014,0.13
,,2015 - 2016,0.25
,,2018 - 2019,0.22
,Sitapur,2000 - 2001,0.12
,,2001 - 2002,0.22
,,2002 - 2003,0.11
,,2003 - 2004,0.08
,,2004 - 2005,0.11
,,2005 - 2006,0.12
,,2006 - 2007,0.12
,,2007 - 2008,0.11
,,2008 - 2009,0.19
,,2009 - 2010,0.42
,,2010 - 2011,0.2
,,2011 - 2012,0.24
,,2012 - 2013,0.24
,,2013 - 2014,0.25
,,2014 - 2015,0.31
,,2015 - 2016,0.88
,,2016 - 2017,0.4
,,2017 - 2018,0.31
,,2018 - 2019,0.07
,,2019 - 2020,0.23
,,2020 - 2021,0.29
,,2021 - 2022,0.51
,,2022 - 2023,0.24
,Sonbhadra,2000 - 2001,0.14
,,2001 - 2002,0.08
,,2002 - 2003,0.09
,,2003 - 2004,0.2
,,2004 - 2005,0.14
,,2005 - 2006,0.08
,,2006 - 2007,0.1
,,2007 - 2008,0.13
,,2008 - 2009,0.13
,,2009 - 2010,0.13
,,2010 - 2011,0.21
,,2011 - 2012,0.19
,,2012 - 2013,0.24
,,2013 - 2014,0.25
,,2014 - 2015,0.25
,,2015 - 2016,0.15
,,2016 - 2017,0.14
,,2017 - 2018,0.19
,,2018 - 2019,0.21
,,2019 - 2020,0.21
,,2020 - 2021,0.27
,,2021 - 2022,0.26
,,2022 - 2023,0.2
,Sultanpur,2000 - 2001,0.16
,,2001 - 2002,0.25
,,2002 - 2003,0.16
,,2003 - 2004,0.13
,,2004 - 2005,0.16
,,2005 - 2006,0.18
,,2006 - 2007,0.17
,,2007 - 2008,0.15
,,2008 - 2009,0.16
,,2009 - 2010,0.1
,,2010 - 2011,0.2
,,2011 - 2012,0.24
,,2012 - 2013,0.19
,,2013 - 2014,0.15
,,2014 - 2015,0.27
,,2015 - 2016,0.2
,,2016 - 2017,0.21
,,2017 - 2018,0.3
,,2018 - 2019,0.23
,,2019 - 2020,0.18
,,2020 - 2021,0.31
,,2021 - 2022,0.23
,,2022 - 2023,0.23
,Unnao,2000 - 2001,0.13
,,2001 - 2002,0.51
,,2002 - 2003,0.18
,,2003 - 2004,0.15
,,2004 - 2005,0.16
,,2005 - 2006,0.16
,,2006 - 2007,0.38
,,2007 - 2008,0.41
,,2008 - 2009,0.42
,,2009 - 2010,0.15
,,2010 - 2011,0.05
,,2011 - 2012,0.07
,,2012 - 2013,0.09
,,2013 - 2014,0.13
,,2014 - 2015,0.16
,,2015 - 2016,0.1
,,2016 - 2017,0.13
,,2017 - 2018,0.12
,,2018 - 2019,0.13
,,2019 - 2020,0.16
,,2020 - 2021,0.16
,,2021 - 2022,0.13
,,2022 - 2023,0.18
,Varanasi,2000 - 2001,0.15
,,2001 - 2002,0.25
,,2002 - 2003,0.15
,,2003 - 2004,0.13
,,2004 - 2005,0.16
,,2005 - 2006,0.18
,,2006 - 2007,0.16
,,2007 - 2008,0.15
,,2008 - 2009,0.16
,,2009 - 2010,0.11
,,2010 - 2011,0.2
,,2011 - 2012,0.22
,,2012 - 2013,0.19
,,2013 - 2014,0.15
,,2014 - 2015,0.2
,,2015 - 2016,0.13
,,2016 - 2017,0.41
,,2017 - 2018,0.29
,,2018 - 2019,0.39
,,2019 - 2020,0.16
,,2020 - 2021,0.12
,,2021 - 2022,0.23
,,2022 - 2023,0.23
Uttarakhand,Almora,2000 - 2001,0.15
,,2001 - 2002,0.16
,,2002 - 2003,0.1
,,2003 - 2004,0.13
,,2004 - 2005,0.23
,,2005 - 2006,0.22
,,2006 - 2007,0.23
,,2007 - 2008,0.2
,,2008 - 2009,0.2
,,2009 - 2010,0.2
,,2010 - 2011,0.26
,,2011 - 2012,0.26
,,2012 - 2013,0.25
,,2013 - 2014,0.26
,,2014 - 2015,0.27
,,2015 - 2016,0.27
,,2016 - 2017,0.27
,,2017 - 2018,0.26
,,2018 - 2019,0.27
,,2019 - 2020,0.27
,,2020 - 2021,0.28
,,2021 - 2022,0.28
,,2022 - 2023,0.28
,Bageshwar,2000 - 2001,0.2
,,2001 - 2002,0.2
,,2003 - 2004,0.14
,,2004 - 2005,0.22
,,2005 - 2006,0.25
,,2006 - 2007,0.25
,,2007 - 2008,0.21
,,2008 - 2009,0.22
,,2009 - 2010,0.2
,,2010 - 2011,0.29
,,2011 - 2012,0.29
,,2012 - 2013,0.33
,,2013 - 2014,0.33
,,2014 - 2015,0.25
,,2015 - 2016,0.0
,,2016 - 2017,0.2
,,2017 - 2018,0.22
,,2018 - 2019,0.5
,,2019 - 2020,0.5
,,2021 - 2022,1.0
,,2022 - 2023,0.2
,Chamoli,2000 - 2001,0.15
,,2001 - 2002,0.16
,,2002 - 2003,0.11
,,2003 - 2004,0.13
,,2004 - 2005,0.22
,,2005 - 2006,0.26
,,2006 - 2007,0.25
,,2007 - 2008,0.21
,,2008 - 2009,0.19
,,2009 - 2010,0.18
,,2010 - 2011,0.17
,,2011 - 2012,0.19
,,2012 - 2013,0.25
,,2013 - 2014,0.22
,,2014 - 2015,0.19
,,2015 - 2016,0.18
,,2016 - 2017,0.17
,,2017 - 2018,0.16
,,2018 - 2019,0.15
,,2019 - 2020,0.13
,,2020 - 2021,0.2
,,2021 - 2022,0.17
,,2022 - 2023,1.0
,Champawat,2000 - 2001,0.13
,,2001 - 2002,0.18
,,2002 - 2003,0.14
,,2003 - 2004,0.14
,,2004 - 2005,0.21
,,2005 - 2006,0.22
,,2006 - 2007,0.14
,,2007 - 2008,0.23
,,2008 - 2009,0.23
,,2009 - 2010,0.18
,,2010 - 2011,0.19
,,2011 - 2012,0.17
,,2012 - 2013,0.26
,,2013 - 2014,0.17
,,2014 - 2015,0.18
,,2015 - 2016,0.2
,,2016 - 2017,0.21
,,2017 - 2018,0.21
,,2018 - 2019,0.18
,,2019 - 2020,0.2
,,2020 - 2021,0.21
,,2021 - 2022,0.2
,,2022 - 2023,0.21
,Dehradun,2000 - 2001,0.2
,,2001 - 2002,0.19
,,2002 - 2003,0.14
,,2003 - 2004,0.18
,,2004 - 2005,0.24
,,2005 - 2006,0.3
,,2006 - 2007,0.25
,,2007 - 2008,0.22
,,2008 - 2009,0.24
,,2009 - 2010,0.19
,,2010 - 2011,0.22
,,2011 - 2012,0.24
,,2012 - 2013,0.25
,,2013 - 2014,0.22
,,2014 - 2015,0.27
,,2015 - 2016,0.28
,,2016 - 2017,0.27
,,2017 - 2018,0.27
,,2018 - 2019,0.23
,,2019 - 2020,0.24
,,2020 - 2021,0.15
,,2021 - 2022,0.17
,,2022 - 2023,0.17
,Haridwar,2000 - 2001,0.2
,,2001 - 2002,0.2
,,2002 - 2003,0.17
,,2003 - 2004,0.22
,,2004 - 2005,0.25
,,2005 - 2006,0.25
,,2006 - 2007,0.38
,,2007 - 2008,0.35
,,2008 - 2009,0.25
,,2009 - 2010,0.22
,,2010 - 2011,0.21
,,2011 - 2012,0.22
,,2012 - 2013,0.26
,,2013 - 2014,0.25
,,2014 - 2015,0.25
,,2015 - 2016,0.24
,,2016 - 2017,0.24
,,2017 - 2018,0.25
,,2018 - 2019,0.25
,,2019 - 2020,0.25
,,2020 - 2021,0.28
,,2021 - 2022,0.29
,,2022 - 2023,0.28
,Nainital,2000 - 2001,0.21
,,2001 - 2002,0.18
,,2002 - 2003,0.12
,,2003 - 2004,0.2
,,2004 - 2005,0.24
,,2005 - 2006,0.26
,,2006 - 2007,0.27
,,2007 - 2008,0.24
,,2008 - 2009,0.25
,,2009 - 2010,0.2
,,2010 - 2011,0.2
,,2011 - 2012,0.09
,,2012 - 2013,0.27
,,2013 - 2014,0.16
,,2014 - 2015,0.09
,,2015 - 2016,0.11
,,2016 - 2017,0.11
,,2017 - 2018,0.13
,,2018 - 2019,0.16
,,2019 - 2020,0.22
,,2020 - 2021,0.13
,,2021 - 2022,0.2
,,2022 - 2023,0.22
,Pauri garhwal,2000 - 2001,0.15
,,2001 - 2002,0.16
,,2002 - 2003,0.11
,,2003 - 2004,0.12
,,2004 - 2005,0.22
,,2005 - 2006,0.24
,,2006 - 2007,0.17
,,2007 - 2008,0.2
,,2008 - 2009,0.18
,,2009 - 2010,0.18
,,2010 - 2011,0.2
,,2011 - 2012,0.19
,,2012 - 2013,0.33
,,2013 - 2014,0.31
,,2014 - 2015,0.34
,,2015 - 2016,0.3
,,2016 - 2017,0.2
,,2017 - 2018,0.2
,,2018 - 2019,0.22
,,2019 - 2020,0.21
,,2020 - 2021,0.25
,,2021 - 2022,0.26
,,2022 - 2023,0.24
,Pithoragarh,2000 - 2001,0.15
,,2001 - 2002,0.2
,,2002 - 2003,0.15
,,2003 - 2004,0.13
,,2004 - 2005,0.24
,,2005 - 2006,0.24
,,2006 - 2007,0.19
,,2007 - 2008,0.18
,,2008 - 2009,0.22
,,2009 - 2010,0.21
,,2010 - 2011,0.25
,,2011 - 2012,0.26
,,2012 - 2013,0.29
,,2013 - 2014,0.28
,,2014 - 2015,0.28
,,2015 - 2016,0.29
,,2016 - 2017,0.29
,,2017 - 2018,0.29
,,2018 - 2019,0.28
,,2019 - 2020,0.29
,,2020 - 2021,0.27
,,2021 - 2022,0.28
,,2022 - 2023,0.25
,Rudra prayag,2000 - 2001,0.18
,,2001 - 2002,0.18
,,2002 - 2003,0.0
,,2003 - 2004,0.13
,,2004 - 2005,0.24
,,2005 - 2006,0.21
,,2006 - 2007,0.22
,,2007 - 2008,0.24
,,2008 - 2009,0.16
,,2009 - 2010,0.17
,,2010 - 2011,0.14
,,2011 - 2012,0.25
,,2012 - 2013,0.35
,,2013 - 2014,0.33
,,2014 - 2015,0.33
,,2015 - 2016,0.4
,,2016 - 2017,0.5
,,2017 - 2018,0.2
,,2018 - 2019,0.23
,,2019 - 2020,0.26
,,2020 - 2021,0.25
,,2021 - 2022,0.22
,,2022 - 2023,0.25
,Tehri garhwal,2000 - 2001,0.1
,,2001 - 2002,0.12
,,2002 - 2003,0.11
,,2003 - 2004,0.17
,,2004 - 2005,0.22
,,2005 - 2006,0.2
,,2006 - 2007,0.21
,,2007 - 2008,0.17
,,2008 - 2009,0.18
,,2009 - 2010,0.18
,,2010 - 2011,0.18
,,2011 - 2012,0.2
,,2012 - 2013,0.24
,,2013 - 2014,0.24
,,2014 - 2015,0.25
,,2015 - 2016,0.26
,,2016 - 2017,0.3
,,2017 - 2018,0.31
,,2018 - 2019,0.32
,,2019 - 2020,0.32
,,2020 - 2021,0.27
,,2021 - 2022,0.27
,,2022 - 2023,0.27
,Udam singh nagar,2001 - 2002,0.25
,,2002 - 2003,0.2
,,2003 - 2004,0.2
,,2004 - 2005,0.29
,,2005 - 2006,0.3
,,2006 - 2007,0.25
,,2007 - 2008,0.5
,,2009 - 2010,0.21
,,2010 - 2011,0.2
,,2011 - 2012,0.33
,,2013 - 2014,0.5
,,2014 - 2015,0.33
,,2019 - 2020,1.0
,,2020 - 2021,0.33
,,2021 - 2022,1.0
,Uttar kashi,2000 - 2001,0.18
,,2001 - 2002,0.17
,,2002 - 2003,0.13
,,2003 - 2004,0.13
,,2004 - 2005,0.22
,,2005 - 2006,0.28
,,2006 - 2007,0.22
,,2007 - 2008,0.22
,,2008 - 2009,0.23
,,2009 - 2010,0.22
,,2010 - 2011,0.23
,,2011 - 2012,0.25
,,2012 - 2013,0.3
,,2013 - 2014,0.3
,,2014 - 2015,0.3
,,2015 - 2016,0.3
,,2016 - 2017,0.34
,,2017 - 2018,0.34
,,2018 - 2019,0.34
,,2019 - 2020,0.35
,,2020 - 2021,0.27
,,2021 - 2022,0.27
,,2022 - 2023,0.25
West Bengal,paraganas north,2000 - 2001,
,,2001 - 2002,
,,2002 - 2003,
,,2003 - 2004,
,,2004 - 2005,
,,2005 - 2006,
,,2006 - 2007,
,,2007 - 2008,
,,2008 - 2009,
,,2009 - 2010,
,,2010 - 2011,
,,2011 - 2012,
,,2012 - 2013,
,,2013 - 2014,
,,2014 - 2015,
,,2015 - 2016,
,,2016 - 2017,
,,2017 - 2018,
,,2018 - 2019,
,,2019 - 2020,
,,2020 - 2021,
,,2021 - 2022,
,,2022 - 2023,
,paraganas south,2000 - 2001,
,,2001 - 2002,
,,2002 - 2003,
,,2003 - 2004,
,,2004 - 2005,
,,2005 - 2006,
,,2006 - 2007,
,,2007 - 2008,
,,2008 - 2009,
,,2009 - 2010,
,,2010 - 2011,
,,2011 - 2012,
,,2012 - 2013,
,,2013 - 2014,
,,2014 - 2015,
,,2015 - 2016,
,,2016 - 2017,
,,2017 - 2018,
,,2018 - 2019,
,,2019 - 2020,
,,2020 - 2021,
,,2021 - 2022,
,,2022 - 2023,
,Alipurduar,2016 - 2017,
,,2017 - 2018,
,,2018 - 2019,
,,2019 - 2020,
,,2020 - 2021,
,,2021 - 2022,
,,2022 - 2023,
,Bankura,2000 - 2001,
,,2001 - 2002,
,,2002 - 2003,
,,2003 - 2004,
,,2004 - 2005,
,,2005 - 2006,
,,2006 - 2007,
,,2007 - 2008,
,,2008 - 2009,
,,2009 - 2010,
,,2010 - 2011,
,,2011 - 2012,
,,2012 - 2013,
,,2013 - 2014,
,,2014 - 2015,
,,2015 - 2016,
,,2016 - 2017,
,,2017 - 2018,
,,2018 - 2019,
,,2019 - 2020,
,,2020 - 2021,
,,2021 - 2022,
,,2022 - 2023,
,Birbhum,2000 - 2001,
,,2001 - 2002,
,,2002 - 2003,
,,2003 - 2004,
,,2004 - 2005,
,,2005 - 2006,
,,2006 - 2007,
,,2007 - 2008,
,,2008 - 2009,
,,2009 - 2010,
,,2010 - 2011,
,,2011 - 2012,
,,2012 - 2013,
,,2013 - 2014,
,,2014 - 2015,
,,2015 - 2016,
,,2016 - 2017,
,,2017 - 2018,
,,2018 - 2019,
,,2019 - 2020,
,,2020 - 2021,
,,2021 - 2022,
,,2022 - 2023,
,Coochbehar,2000 - 2001,
,,2001 - 2002,
,,2002 - 2003,
,,2003 - 2004,
,,2004 - 2005,
,,2005 - 2006,
,,2006 - 2007,
,,2007 - 2008,
,,2008 - 2009,
,,2009 - 2010,
,,2010 - 2011,
,,2011 - 2012,
,,2012 - 2013,
,,2013 - 2014,
,,2014 - 2015,
,,2015 - 2016,
,,2016 - 2017,
,,2017 - 2018,
,,2018 - 2019,
,,2019 - 2020,
,,2020 - 2021,
,,2021 - 2022,
,,2022 - 2023,
,Darjeeling,2000 - 2001,
,,2001 - 2002,
,,2002 - 2003,
,,2003 - 2004,
,,2004 - 2005,
,,2005 - 2006,
,,2006 - 2007,
,,2007 - 2008,
,,2008 - 2009,
,,2009 - 2010,
,,2010 - 2011,
,,2011 - 2012,
,,2012 - 2013,
,,2013 - 2014,
,,2014 - 2015,
,,2015 - 2016,
,,2016 - 2017,
,,2017 - 2018,
,,2018 - 2019,
,,2019 - 2020,
,,2020 - 2021,
,,2021 - 2022,
,,2022 - 2023,
,Dinajpur dakshin,2000 - 2001,
,,2001 - 2002,
,,2002 - 2003,
,,2003 - 2004,
,,2006 - 2007,
,,2016 - 2017,
,,2017 - 2018,
,,2018 - 2019,
,,2019 - 2020,
,,2020 - 2021,
,,2021 - 2022,
,,2022 - 2023,
,Dinajpur uttar,2000 - 2001,
,,2001 - 2002,
,,2002 - 2003,
,,2003 - 2004,
,,2004 - 2005,
,,2005 - 2006,
,,2006 - 2007,
,,2007 - 2008,
,,2008 - 2009,
,,2009 - 2010,
,,2010 - 2011,
,,2011 - 2012,
,,2012 - 2013,
,,2013 - 2014,
,,2014 - 2015,
,,2015 - 2016,
,,2016 - 2017,
,,2017 - 2018,
,,2018 - 2019,
,,2019 - 2020,
,,2020 - 2021,
,,2021 - 2022,
,,2022 - 2023,
,Hooghly,2000 - 2001,
,,2001 - 2002,
,,2002 - 2003,
,,2003 - 2004,
,,2004 - 2005,
,,2005 - 2006,
,,2006 - 2007,
,,2007 - 2008,
,,2008 - 2009,
,,2009 - 2010,
,,2010 - 2011,
,,2011 - 2012,
,,2012 - 2013,
,,2013 - 2014,
,,2014 - 2015,
,,2015 - 2016,
,,2016 - 2017,
,,2017 - 2018,
,,2018 - 2019,
,,2019 - 2020,
,,2020 - 2021,
,,2021 - 2022,
,,2022 - 2023,
,Howrah,2000 - 2001,
,,2001 - 2002,
,,2002 - 2003,
,,2003 - 2004,
,,2004 - 2005,
,,2005 - 2006,
,,2006 - 2007,
,,2007 - 2008,
,,2008 - 2009,
,,2009 - 2010,
,,2010 - 2011,
,,2011 - 2012,
,,2012 - 2013,
,,2013 - 2014,
,,2014 - 2015,
,,2015 - 2016,
,,2016 - 2017,
,,2017 - 2018,
,,2018 - 2019,
,,2019 - 2020,
,,2020 - 2021,
,,2021 - 2022,
,,2022 - 2023,
,Jalpaiguri,2000 - 2001,
,,2001 - 2002,
,,2002 - 2003,
,,2003 - 2004,
,,2004 - 2005,
,,2005 - 2006,
,,2006 - 2007,
,,2007 - 2008,
,,2008 - 2009,
,,2009 - 2010,
,,2010 - 2011,
,,2011 - 2012,
,,2012 - 2013,
,,2013 - 2014,
,,2014 - 2015,
,,2015 - 2016,
,,2016 - 2017,
,,2017 - 2018,
,,2018 - 2019,
,,2019 - 2020,
,,2020 - 2021,
,,2021 - 2022,
,,2022 - 2023,
,Jhargram,2016 - 2017,
,,2017 - 2018,
,,2018 - 2019,
,,2019 - 2020,
,,2020 - 2021,
,,2021 - 2022,
,,2022 - 2023,
,Maldah,2000 - 2001,
,,2001 - 2002,
,,2002 - 2003,
,,2003 - 2004,
,,2004 - 2005,
,,2005 - 2006,
,,2006 - 2007,
,,2007 - 2008,
,,2008 - 2009,
,,2009 - 2010,
,,2010 - 2011,
,,2011 - 2012,
,,2012 - 2013,
,,2013 - 2014,
,,2014 - 2015,
,,2015 - 2016,
,,2016 - 2017,
,,2017 - 2018,
,,2018 - 2019,
,,2019 - 2020,
,,2020 - 2021,
,,2021 - 2022,
,,2022 - 2023,
,Medinipur east,2000 - 2001,
,,2001 - 2002,
,,2002 - 2003,
,,2003 - 2004,
,,2004 - 2005,
,,2005 - 2006,
,,2006 - 2007,
,,2007 - 2008,
,,2008 - 2009,
,,2009 - 2010,
,,2010 - 2011,
,,2011 - 2012,
,,2012 - 2013,
,,2013 - 2014,
,,2014 - 2015,
,,2015 - 2016,
,,2016 - 2017,
,,2017 - 2018,
,,2018 - 2019,
,,2019 - 2020,
,,2020 - 2021,
,,2021 - 2022,
,,2022 - 2023,
,Medinipur west,2000 - 2001,
,,2001 - 2002,
,,2002 - 2003,
,,2003 - 2004,
,,2004 - 2005,
,,2005 - 2006,
,,2006 - 2007,
,,2007 - 2008,
,,2008 - 2009,
,,2009 - 2010,
,,2010 - 2011,
,,2011 - 2012,
,,2012 - 2013,
,,2013 - 2014,
,,2014 - 2015,
,,2015 - 2016,
,,2016 - 2017,
,,2017 - 2018,
,,2018 - 2019,
,,2019 - 2020,
,,2020 - 2021,
,,2021 - 2022,
,,2022 - 2023,
,Murshidabad,2000 - 2001,
,,2001 - 2002,
,,2002 - 2003,
,,2003 - 2004,
,,2004 - 2005,
,,2005 - 2006,
,,2006 - 2007,
,,2007 - 2008,
,,2008 - 2009,
,,2009 - 2010,
,,2010 - 2011,
,,2011 - 2012,
,,2012 - 2013,
,,2013 - 2014,
,,2014 - 2015,
,,2015 - 2016,
,,2016 - 2017,
,,2017 - 2018,
,,2018 - 2019,
,,2019 - 2020,
,,2020 - 2021,
,,2021 - 2022,
,,2022 - 2023,
,Nadia,2000 - 2001,
,,2001 - 2002,
,,2002 - 2003,
,,2003 - 2004,
,,2004 - 2005,
,,2005 - 2006,
,,2006 - 2007,
,,2007 - 2008,
,,2008 - 2009,
,,2009 - 2010,
,,2010 - 2011,
,,2011 - 2012,
,,2012 - 2013,
,,2013 - 2014,
,,2014 - 2015,
,,2015 - 2016,
,,2016 - 2017,
,,2017 - 2018,
,,2018 - 2019,
,,2019 - 2020,
,,2020 - 2021,
,,2021 - 2022,
,,2022 - 2023,
,Paschim bardhaman,2016 - 2017,
,,2017 - 2018,
,,2018 - 2019,
,,2019 - 2020,
,,2020 - 2021,
,,2021 - 2022,
,,2022 - 2023,
,Purba bardhaman,2000 - 2001,
,,2001 - 2002,
,,2002 - 2003,
,,2003 - 2004,
,,2004 - 2005,
,,2005 - 2006,
,,2006 - 2007,
,,2007 - 2008,
,,2008 - 2009,
,,2009 - 2010,
,,2010 - 2011,
,,2011 - 2012,
,,2012 - 2013,
,,2013 - 2014,
,,2014 - 2015,
,,2015 - 2016,
,,2016 - 2017,
,,2017 - 2018,
,,2018 - 2019,
,,2019 - 2020,
,,2020 - 2021,
,,2021 - 2022,
,,2022 - 2023,
,Purulia,2000 - 2001,
,,2001 - 2002,
,,2002 - 2003,
,,2003 - 2004,
,,2004 - 2005,
,,2005 - 2006,
,,2006 - 2007,
,,2007 - 2008,
,,2008 - 2009,
,,2009 - 2010,
,,2010 - 2011,
,,2011 - 2012,
,,2012 - 2013,
,,2013 - 2014,
,,2014 - 2015,
,,2015 - 2016,
,,2016 - 2017,
,,2017 - 2018,
,,2018 - 2019,
,,2019 - 2020,
,,2020 - 2021,
,,2021 - 2022,
,,2022 - 2023,
